symbol,group,start,end,net_total_return,net_cagr,net_max_drawdown,gross_total_return,gross_cagr,gross_max_drawdown,buy_hold_total_return,buy_hold_cagr,buy_hold_max_drawdown,long_total_return,long_cagr,long_max_drawdown,short_total_return,short_cagr,short_max_drawdown,closed_trades,win_rate,median_fill_cost_bps,cost_drag_pp
A,Other equities,2016-01-04,2026-09-04,-0.3972642546172245,-0.04635463703434595,-0.5464995546220659,-0.1771764518489296,-0.018116404479198822,-0.4249095021990582,3.0326116011761366,0.13965585108709777,-0.43194821707218434,0.2611620554107359,0.02199147110705857,-0.43209485860575325,-0.5220790676369683,-0.06687541929030916,-0.5908725168396673,93,0.34408602150537637,16.56611912685981,22.008780276829487
AAL,Other equities,2016-01-04,2026-09-04,-0.9681904716255573,-0.27620639718084017,-0.9776041298230486,-0.9426258160090497,-0.23505594465787816,-0.9663731793367443,-0.6641943734015323,-0.09724324440430876,-0.8413756799438501,-0.7574505575707698,-0.12436114117462349,-0.7945616965199461,-0.8688534261062093,-0.17341082396675378,-0.9325940862544149,105,0.3047619047619048,23.40795918269345,2.556465561650756
AAPL,Other equities,2016-01-04,2026-09-04,0.5333323393495399,0.040886564229928535,-0.4468040563015816,1.1104443783028204,0.07253149493410183,-0.3624571721399652,12.506542845082372,0.27640506477252336,-0.38507843852608525,2.3344207108239377,0.11952336516452489,-0.15606085880113874,-0.5401503072566218,-0.0702413217816491,-0.6040840058907448,99,0.3838383838383838,15.046125639955907,57.71120389532805
ABBV,Other equities,2016-01-04,2026-09-04,0.08661583667056472,0.007818039661140253,-0.4294474671967152,0.43948931049219153,0.03474191484721989,-0.40310825591603994,5.9070832211150295,0.1986265053537566,-0.45093485077226747,0.7660125704734946,0.054764896995391554,-0.2890580097308747,-0.3847066239289406,-0.04450930957977861,-0.43007329779745274,87,0.39080459770114945,15.465964081061404,35.28734738216268
ABNB,Other equities,2020-12-10,2026-09-04,-0.7368871920771252,-0.20775930871178205,-0.8117318244528421,-0.6553749545613008,-0.16957421229438452,-0.7542665685624306,0.25727316702370406,0.040742304898938375,-0.6195812580704668,0.0064376193786608304,0.0011199219105655356,-0.31094944130749436,-0.7385701777668925,-0.20864556388381172,-0.7726833794090061,54,0.3148148148148148,21.772151197434628,8.151223751582437
ABT,Other equities,2016-01-04,2026-09-04,-0.48516570739353315,-0.06034414316465475,-0.643539230644823,-0.308285784211758,-0.03396440653884847,-0.5496596154835529,2.1031223145230746,0.11200347994040061,-0.39636256534864844,0.1834523512751005,0.015916199074344384,-0.34747094927599853,-0.5649725212411264,-0.0750655834688766,-0.6824183408270514,96,0.34375,14.604255010783476,17.687992318177514
ACGL,Other equities,2016-01-04,2026-09-04,-0.5216810447140018,-0.06680259116956333,-0.7481478855882391,-0.34412562329357854,-0.03877083969528239,-0.6857119690206492,3.495875343721381,0.1513340185457972,-0.5383104125736737,0.20990080344564355,0.018023469839576256,-0.46366404260898286,-0.6046626682751124,-0.08332426856770492,-0.6849006820175116,98,0.2857142857142857,15.078633191894992,17.755542142042323
ACHR,Other equities,2020-12-18,2026-09-04,0.8932935114068654,0.11825209258456382,-0.6613956409080113,1.7181061193454843,0.19134695116701006,-0.6381205163646109,-0.42728184553661097,-0.09298084622097413,-0.9049008168028008,0.39117329573136383,0.0595109822466513,-0.44563970980548673,0.36093290261981803,0.05544171917251295,-0.5834738296427958,47,0.48936170212765956,38.87345664042807,82.48126079386189
ACN,Other equities,2016-01-04,2026-09-04,-0.31760566153866865,-0.035192168257078604,-0.6350753889948191,-0.07569703976397635,-0.00735240491703093,-0.5638307362480718,1.1780006998716983,0.0757043847959813,-0.6804839503614091,0.4656089407923245,0.036487806732796724,-0.4420494461663016,-0.534395349626878,-0.06915660225258591,-0.5381437605293171,94,0.3617021276595745,14.884765958463086,24.19086217746923
ACWI,Broad-index ETFs,2016-01-04,2026-09-04,-0.17678722140669978,-0.01807286950450815,-0.3429005898704973,0.0380481620453903,0.0035069646757013295,-0.26286049341339834,2.6007562277579948,0.12761777012069042,-0.33515507583003135,0.4374495334824924,0.03460436611816009,-0.13810396436668204,-0.4273101354738299,-0.05091534247077856,-0.4393718638616224,106,0.3867924528301887,10.161269406497487,21.48353834520901
ADBE,Other equities,2016-01-04,2026-09-04,-0.625912110113092,-0.08805997010465394,-0.6938430650716341,-0.46157748050224645,-0.056389420359693854,-0.6105702755290231,1.89779275850819,0.10488941123933126,-0.7190319159754207,-0.08655801140706076,-0.008451775876366696,-0.5395637108425022,-0.5904634398697262,-0.08028675992904699,-0.6442892168974338,96,0.375,17.637624551408475,16.433462961084555
ADI,Other equities,2016-01-04,2026-09-04,-0.7390951759526435,-0.11835205872902099,-0.8254298961418439,-0.6244114202569329,-0.08771762296431229,-0.7615893037103846,7.180894308943071,0.2177974863844765,-0.33625045110068574,0.12482458678429209,0.011088568133105658,-0.4152476654762547,-0.7680484342956575,-0.12802105665295815,-0.7741072480499793,99,0.30303030303030304,17.306662819406572,11.468375569571066
ADM,Other equities,2016-01-04,2026-09-04,-0.5822612438241641,-0.07857535895341028,-0.6228889745620598,-0.42761751416319604,-0.05096311036895407,-0.4978038665546748,2.2467382962394358,0.11672999896731717,-0.5413213627992631,-0.3546458673420898,-0.04022690473855883,-0.46698451345078273,-0.3526984100103835,-0.03995575037910959,-0.3857482824969889,96,0.3125,15.35881183744964,15.464372966096807
ADP,Other equities,2016-01-04,2026-09-04,0.3362407044687976,0.027546987502421905,-0.28644106044768314,0.722563530811227,0.05230450470653891,-0.23793628272582712,3.261897451642634,0.1455796251739938,-0.40778785675906337,1.400004174342199,0.08553760980809089,-0.17006964571690897,-0.4432340081929076,-0.05342110838142322,-0.5364760481807063,88,0.36363636363636365,13.44278213381794,38.63228263424294
ADSK,Other equities,2016-01-04,2026-09-04,-0.8474293494481888,-0.1616016671158177,-0.8937020361618102,-0.7721381464049637,-0.12947406372111336,-0.8436926870461852,2.6129995025700543,0.12797666632883598,-0.5199403979314574,-0.10623097969142625,-0.010473631488047364,-0.4934492045764346,-0.8292952126499799,-0.1527276487386955,-0.8292952126499799,99,0.2828282828282828,18.251782050131183,7.529120304322512
AEE,Other equities,2016-01-04,2026-09-04,-0.6323761821875371,-0.08954897048052424,-0.6596165655511865,-0.5126667628134554,-0.0651677410068151,-0.5661378960730366,2.395089285714306,0.12141742490046692,-0.2908713692946059,0.01631491950621,0.0015183322452714254,-0.24137216147118634,-0.6382776531598318,-0.0909292419257417,-0.6560778144022774,97,0.32989690721649484,13.4846635011512,11.970941937408174
AEP,Other equities,2016-01-04,2026-09-04,-0.3373615910585237,-0.037845796034482126,-0.4748887500171145,-0.13357691579090314,-0.01335211586077778,-0.35825351598489386,2.108614232209733,0.11218783477040595,-0.3289855072463769,0.343468319054387,0.028066769438827466,-0.21106643558435445,-0.5067703498896938,-0.06411311738953307,-0.5516315785753623,92,0.358695652173913,13.582044946939646,20.378467526762055
AES,Other equities,2016-01-04,2026-09-04,-0.39907676753814125,-0.04662385549987469,-0.7148171242925283,-0.14450003102405207,-0.014524969459864145,-0.6825799886038958,1.3626198083067105,0.08394107191579048,-0.6344242424242429,-0.39197571842804757,-0.04557328599109345,-0.5954851776160794,-0.011678890671493747,-0.0011007335538297802,-0.42492743434744307,92,0.29347826086956524,17.691090815140626,25.457673651408918
AFL,Other equities,2016-01-04,2026-09-04,-0.4329531409247288,-0.05179601434968839,-0.6227373984795898,-0.2550246848861666,-0.027222982646320837,-0.5423854005038966,4.0872395833333375,0.16474996326850233,-0.548823651884239,0.01729241911655488,0.0016085992999350651,-0.3092710167674676,-0.4425920724272061,-0.0533188449928943,-0.5838927765427255,93,0.3548387096774194,13.729695577105929,17.79284560385622
AGG,Bond ETFs,2016-01-04,2026-09-04,0.09452042860993926,0.008503101097963262,-0.06743626934329838,0.15411687606043212,0.01352838932442113,-0.05400807836271715,0.2093255205086697,0.01797808044579763,-0.1843003412969283,0.09102233752996236,0.00820048953440855,-0.03445466505833206,0.0032062506510135425,0.0003001501851029875,-0.05464582788492589,38,0.5263157894736842,6.616116797995458,5.959644745049286
AIG,Other equities,2016-01-04,2026-09-04,-0.37192137286569193,-0.04266527118165997,-0.6198958677391402,-0.14390545142244482,-0.014460779045798344,-0.5365380215576834,0.6406889128094748,0.047511284817618016,-0.6957591821279819,0.2943355662961775,0.024482148995161213,-0.2921561191447488,-0.5147482279795565,-0.0655427917828354,-0.5855274987596728,91,0.2967032967032967,15.227447312034677,22.80159214432471
AIR,Other equities,2016-01-04,2026-09-04,-0.5773136522524538,-0.07755770376546056,-0.7503939078902719,-0.3493845596634554,-0.03949604097741466,-0.6458928480521533,4.110662358642975,0.16525167676115204,-0.8177325581395349,1.548728674289627,0.09167367566088869,-0.38437684984918385,-0.8341579658865195,-0.15502011562557672,-0.8419538881093227,97,0.32989690721649484,19.344203884828392,22.79290925889984
AIZ,Other equities,2016-01-04,2026-09-04,-0.6111300253329205,-0.08474067230693183,-0.7329285957349987,-0.4655821603672048,-0.05704962233522004,-0.6451807260597238,3.4892380204242013,0.15117456212069014,-0.4463428252372972,0.003134328021204391,0.0002934267526124579,-0.3774452015769669,-0.6123450630643172,-0.08500915509922136,-0.6141753221088359,100,0.28,14.741790060191136,14.55478649657157
AJG,Other equities,2016-01-04,2026-09-04,0.14454831208108887,0.012737635553443871,-0.3199464155561951,0.4650886420423712,0.03645330507033151,-0.2396585360886364,6.808858501783615,0.21249535391111807,-0.44404416037187755,1.1986546597119863,0.0766566338915502,-0.19135134510668683,-0.4794324306341905,-0.05936804392972839,-0.4794324306341905,84,0.38095238095238093,13.928518422635022,32.054032996128235
AKAM,Other equities,2016-01-04,2026-09-04,-0.830397315326413,-0.15324198192283067,-0.8536986693061166,-0.7524907396989178,-0.12269783997005312,-0.7911524590720572,1.0114700822022575,0.06771267388417712,-0.4684382793017451,-0.09657001906379503,-0.009475757141748642,-0.4847202301771508,-0.8122680359823448,-0.14514155086828695,-0.8295092299954017,103,0.30097087378640774,16.702431644393283,7.790657562749526
ALAB,Other equities,2024-03-20,2026-09-04,1.3639368445820166,0.4189647444216327,-0.5889187436900576,1.7988507604640134,0.5198589519930827,-0.5553682642718611,4.004030307915537,0.9250385301508834,-0.6369247651052743,3.3905171516868533,0.8253032364581225,-0.3256033649059784,-0.4615812299756571,-0.22261423960709248,-0.6271206594175044,18,0.4444444444444444,43.622257446531485,43.491391588199676
ALB,Other equities,2016-01-04,2026-09-04,-0.7648911415722677,-0.12691511827596436,-0.8886626341355247,-0.6081003189779086,-0.0840745051327243,-0.8212511183836191,1.6210045662100505,0.09453928587141847,-0.8390321224080477,-0.2552266376694122,-0.027247708192347786,-0.6604330213932517,-0.6843216066535771,-0.10245918814378296,-0.7398145039185322,104,0.27884615384615385,24.254728045843574,15.679082259435905
ALGN,Other equities,2016-01-04,2026-09-04,-0.2773799681722712,-0.029997592481847524,-0.7923542894147159,0.10579613191137471,0.009472604752591929,-0.7254838289120177,1.4682589077330057,0.08839522892830831,-0.8289127575624726,-0.06024424385456317,-0.005808248216084055,-0.7612288150669672,-0.23105548744742643,-0.024330662794535995,-0.3773781813683531,90,0.35555555555555557,22.58146026315782,38.31761000836459
ALK,Other equities,2016-01-04,2026-09-04,-0.854059846973175,-0.1650866847840735,-0.9198796374716758,-0.7632956994093858,-0.1263613754693148,-0.8940597367005695,-0.420057939026076,-0.04979500961292749,-0.7506086588334924,-0.8035741100456716,-0.14150576939269843,-0.8458643174831559,-0.2570218057265371,-0.027467762217451286,-0.6636006688570054,102,0.28431372549019607,21.219690894199328,9.076414756378925
ALL,Other equities,2016-01-04,2026-09-04,-0.6157977375162391,-0.08577626479833467,-0.7299398274130142,-0.4890868563197741,-0.061017413493710704,-0.6702056470258662,4.413347236704883,0.1715543118654579,-0.41395739910313933,0.04436846176483633,0.004078202068227954,-0.4353750447559903,-0.6321200069231191,-0.08948951055951426,-0.634341627283602,91,0.31868131868131866,15.166469250027728,12.671088119646502
ALLE,Other equities,2016-01-04,2026-09-04,-0.20099059718695678,-0.02081615495329292,-0.693013370369022,0.06499459083272563,0.005920870733244987,-0.6360439472315724,1.7310968190509395,0.09876951811567491,-0.43251246882793004,0.8513104886124654,0.059439548057484304,-0.35676138151106285,-0.5684087527576775,-0.07575298010908504,-0.61662187974478,86,0.4069767441860465,15.631761950320488,26.59851880196824
ALNY,Other equities,2016-01-04,2026-09-04,-0.9000137954552164,-0.19416823503989522,-0.9494143637391558,-0.8317503352973179,-0.15387757203167818,-0.9242927820713471,1.8604751155541406,0.10354762088694791,-0.6685660018993348,-0.4190603701862957,-0.04964189783939521,-0.7297094242157635,-0.8278888211209707,-0.15207566166050945,-0.8925150634562659,97,0.24742268041237114,24.75299582023705,6.826346015789852
AMAT,Other equities,2016-01-04,2026-09-04,-0.6552150164168423,-0.09500713102322467,-0.8758346789696171,-0.4531521673919906,-0.05501484979743332,-0.8253190161718227,26.760073260073103,0.3655911135627874,-0.5513739173780289,0.4533842030781887,0.035674219773188964,-0.7035457328135586,-0.7627709294948142,-0.1261799785119999,-0.7751489940932127,104,0.3557692307692308,20.04763799176087,20.206284902485173
AMCR,Other equities,2019-06-11,2026-09-04,-0.6289715894546253,-0.12809011764153888,-0.7529355692228863,-0.5398671557930299,-0.10175576918376084,-0.7026336193326673,0.14245951417004088,0.018582829483938967,-0.4589488980382672,-0.485122362247402,-0.08768715118705495,-0.5886083518336893,-0.27938526877009795,-0.04428630650884069,-0.4579266256231169,66,0.2878787878787879,15.569925170287817,8.910443366159537
AMD,Other equities,2016-01-04,2026-09-04,-0.6871022023647357,-0.10320333411391736,-0.8767961696739199,-0.4266385084456684,-0.05081104969630679,-0.8282424276381569,171.40794223826663,0.6206052590623674,-0.654499413254277,2.6319409838830006,0.12852974631948721,-0.38794626463813153,-0.9138483254480809,-0.20534069322422688,-0.919884652437815,105,0.34285714285714286,26.455537873793762,26.046369391906733
AME,Other equities,2016-01-04,2026-09-04,-0.08805118926016686,-0.008603843790142673,-0.3769692845558865,0.18558721768366726,0.016087869053813098,-0.3179287243422224,3.8445078459343778,0.15942365285770466,-0.4272093500102522,0.4180612339889498,0.03328804530345919,-0.19371122393968498,-0.3569044912295116,-0.04054231468563951,-0.39276729891720075,88,0.375,14.144325010051741,27.363840694383413
AMGN,Other equities,2016-01-04,2026-09-04,-0.40480733775530175,-0.04747990405821745,-0.6341663414692114,-0.18505530968806416,-0.019001682313605217,-0.5303333964321557,2.793094473844019,0.133132394677002,-0.24857861148714044,0.883594157927585,0.06115802468289222,-0.23661572157490918,-0.6840122593608197,-0.1023767678462163,-0.6916732180604199,98,0.3673469387755102,15.20688494148817,21.975202806723757
AMP,Other equities,2016-01-04,2026-09-04,-0.2696696957277992,-0.029031957044289958,-0.5632300135212969,0.015207963675579528,0.0014160155258864382,-0.48992176671229903,5.7140974967062,0.19544635337467198,-0.5388523980666751,0.9302968263341462,0.06359738052205044,-0.20714841848271737,-0.6216487048475428,-0.0870906033266785,-0.6697329400327622,95,0.4,16.45395250358595,28.487765940337873
AMT,Other equities,2016-01-04,2026-09-04,-0.3360875011641872,-0.037672510885995214,-0.498038137511966,-0.10476991136589342,-0.010322093193922743,-0.46491901562338445,1.3696267349413729,0.0842420450681034,-0.4534529907945938,0.06878006295061856,0.006255534950864394,-0.4184401768788265,-0.3788127961491663,-0.043654960704394785,-0.5393299943254306,90,0.3333333333333333,16.09019670599082,23.131758979829375
AMZN,Other equities,2016-01-04,2026-09-04,-0.3002806626410267,-0.032921755655419105,-0.5355467813700234,-0.010636073833570903,-0.001001970301520494,-0.4396448752233547,7.11648351648358,0.2168953782288554,-0.5614514659377179,0.8897442681455061,0.06148236820065711,-0.23637110614548007,-0.6297280276734794,-0.08893612054630995,-0.6425477141030395,96,0.375,16.674596146335244,28.964458880745582
ANET,Other equities,2016-01-04,2026-09-04,-0.6930046383966708,-0.10480302178103762,-0.7673347766024848,-0.5330733559349246,-0.06890914403851278,-0.6578199446481194,39.0537412153785,0.4133437067912291,-0.5219191427179737,0.635759266490767,0.04721581609756309,-0.46977188176387163,-0.8123224071583992,-0.1451647650291389,-0.8184170992726303,93,0.34408602150537637,21.108166433153855,15.993128246174626
AON,Other equities,2016-01-04,2026-09-04,-0.41822786614030283,-0.04951430330639017,-0.5514355772070565,-0.23770104339780507,-0.0251242908880992,-0.45954097766986646,2.917667030435329,0.13657037056751276,-0.3872590108968986,0.1579820884205605,0.013846129844221178,-0.2849131995653579,-0.4975983310301362,-0.06249511763717697,-0.5276386295485376,91,0.34065934065934067,13.926348789083665,18.052682274249776
AOS,Other equities,2016-01-04,2026-09-04,-0.46013612844328466,-0.05615289119052236,-0.6762052922569952,-0.2665478259959688,-0.02864359932894711,-0.5954164465694183,0.9298021697511174,0.06357182535839856,-0.468096143869964,-0.2026524358983931,-0.02100726439487266,-0.36028587783913535,-0.3229252889673112,-0.0358997830294685,-0.5236371991737285,92,0.29347826086956524,15.829101513948673,19.358830244731585
APA,Other equities,2016-01-04,2026-09-04,-0.3810717839714606,-0.04398154400926091,-0.8011017297206876,-0.0008594720139012413,-8.060689843980562e-05,-0.7471466645464231,0.2657591003255386,0.022340137549458516,-0.9348699311400155,-0.30014289501335845,-0.03290390650905339,-0.6960064821105815,-0.11563630401330027,-0.011454536498250678,-0.5521979179929392,90,0.37777777777777777,24.311278604519423,38.02123119575593
APD,Other equities,2016-01-04,2026-09-04,-0.4103346200232796,-0.04831269112471204,-0.5190339922733713,-0.21252514939561473,-0.02215011292354696,-0.40419973207101123,2.2597922527591474,0.11715016836199177,-0.31764546776211255,0.12990401412280295,0.011515740755644988,-0.28647088639275886,-0.47812790059471977,-0.059147306828525203,-0.5336344584091962,97,0.27835051546391754,14.44337246955936,19.780947062766487
APH,Other equities,2016-01-04,2026-09-04,-0.542045204495043,-0.07060117348088668,-0.713674611370517,-0.3646764373103315,-0.04163536835347981,-0.6375132642994596,13.354083578983838,0.2837085990369499,-0.3753869969040251,0.7902297350502516,0.056112533902612505,-0.28371118413084995,-0.7441921634196842,-0.11998125513694924,-0.760607315673989,98,0.32653061224489793,15.068728002154916,17.73687671847115
APO,Other equities,2016-01-04,2026-09-04,-0.4076600224714467,-0.04790883430506521,-0.584425111116887,-0.11664652459962543,-0.011560456537422437,-0.4912728450152253,12.432820822027967,0.2757502938717922,-0.5347826086956522,1.6501881481532457,0.09567610717320041,-0.27771740706206316,-0.7764913491363561,-0.13104688560628486,-0.798276200196719,94,0.39361702127659576,19.6016052062297,29.10134978718213
APP,Other equities,2021-04-15,2026-09-04,3.05444259376298,0.29666768085106154,-0.5639871787152324,4.641579574633622,0.37865579215697576,-0.5050156219461297,3.916564417177902,0.34390516194697507,-0.9190248149760557,8.794684201175112,0.5272930902977746,-0.42341095939516593,-0.5860568334325102,-0.1510027190666774,-0.7541982447792338,43,0.4418604651162791,34.09250197915442,158.71369808706416
APTV,Other equities,2017-11-17,2026-09-04,0.07325950523088176,0.00806950823441177,-0.5715436425903436,0.49709515147878536,0.04694084313506397,-0.5186995394990443,-0.8044054660411996,-0.16930369600344064,-0.8906796938108243,0.07582298791780318,0.008342932071002451,-0.34972780617249677,-0.002382810848727712,-0.0002711615541638457,-0.5362060957799908,76,0.40789473684210525,20.182502968520666,42.38356462479036
ARE,Other equities,2016-01-04,2026-09-04,-0.22209498495141333,-0.023270362313193127,-0.6036109360248274,0.04236934139727011,0.003897858358516748,-0.5484305776939173,-0.13603544469970896,-0.013614923401154333,-0.7791862717962915,-0.07491861354943796,-0.007274061266263621,-0.3550776366068723,-0.15909559262312345,-0.016113511718383267,-0.4760211733359362,88,0.3068181818181818,15.870896601605043,26.446432634868344
ARES,Other equities,2016-01-04,2026-09-04,-0.29409105862565676,-0.032122956913042344,-0.5665690572841013,0.021154637052005487,0.0019644881002489623,-0.45878239073482674,15.914071928554144,0.3036117498261166,-0.49973460721868435,1.078121526127037,0.07098071523783411,-0.26942281046005423,-0.6603139265440674,-0.09627033492193182,-0.6804871713100907,85,0.38823529411764707,20.099730837918127,31.524569567766225
ARKK,Factor ETFs,2016-01-04,2026-09-04,0.6006440222426408,0.04508745230082778,-0.47719826794948794,1.3406512022335058,0.08299216756980599,-0.4439831465116171,3.583732057416282,0.15342484550000912,-0.809143593045718,1.194728851607914,0.07647626062169488,-0.441083000719816,-0.2706871187891964,-0.0291588486147748,-0.5081212877528022,95,0.42105263157894735,19.329046468328706,74.00071799908649
ARKX,Other equities,2021-03-30,2026-09-04,-0.25950132854771735,-0.053807045311558,-0.4865427831849183,-0.11346042216483565,-0.021926839591959513,-0.4346737799587985,0.5887573964496988,0.08896583771431876,-0.43610261237938397,-0.007708519210199882,-0.001423604936883649,-0.3440529849370697,-0.25374883712304563,-0.05245812001330474,-0.4340864235354758,55,0.3090909090909091,15.373041037726258,14.60409063828817
ARM,Other equities,2023-09-14,2026-09-04,1.6378151228283335,0.38571977476942565,-0.4597334382606779,2.04692095533088,0.45457152598893136,-0.43935543592973403,2.964302563296112,0.5892017151160021,-0.5397404269012123,0.8863389327569688,0.2379356549188083,-0.40092405823814314,0.398378137153248,0.11937948411406762,-0.3547065827262448,23,0.43478260869565216,30.880949557826558,40.91058325025463
ASML,Other equities,2016-01-04,2026-09-04,-0.7185048168546752,-0.1120512438114677,-0.7585986066154305,-0.5664423154037834,-0.07535900220539027,-0.648109980116507,20.49241759618998,0.3332197669410173,-0.5693871814092966,0.7346594181427579,0.0529950581240628,-0.3846959260756644,-0.8377230825825677,-0.15673986374595616,-0.8400506329743567,114,0.2807017543859649,17.544994044962074,15.206250145089173
ASTS,Other equities,2019-11-01,2026-09-04,-0.41102470465396745,-0.07445456677418871,-0.8955467923809945,0.022637610735907643,0.0032771420045281108,-0.8643845418243792,5.3776867963152215,0.31101703560824956,-0.910666666666667,0.8720060700664436,0.0959733897810442,-0.562010714612333,-0.6853774649752453,-0.15550373589753053,-0.8630009896178858,69,0.37681159420289856,42.857560038733695,43.366231538987506
ASX,Other equities,2016-01-04,2026-09-04,-0.6795483672221199,-0.10119550991729498,-0.8085679801258958,-0.5119358112471888,-0.06503637816002728,-0.7336519937348428,8.3169398907104,0.23273399110091364,-0.5556690500510718,-0.11884114457088313,-0.01179093778609952,-0.4917627034881473,-0.6363293283572304,-0.09047131376320383,-0.6687712336864331,110,0.3090909090909091,18.283251933779283,16.761255597493108
ATO,Other equities,2016-01-04,2026-09-04,-0.7274286150601637,-0.11472892506232413,-0.7570175984801202,-0.6414609427862863,-0.09168226427176296,-0.6844570623939592,2.4648469809760334,0.12355770045365855,-0.3291238374938815,-0.4308744971652889,-0.05147069202323595,-0.49461685112231124,-0.5210698104685039,-0.06669085763308624,-0.5567814464131918,93,0.2903225806451613,13.277985002151961,8.596767227387737
AVAV,Other equities,2016-01-04,2026-09-04,2.1160573262692868,0.11243721692415165,-0.6366354672750578,3.852015800496372,0.15959199025779536,-0.6123452998967385,4.066549912434333,0.1643050482707058,-0.6664958641387898,6.3797430375356,0.20608763837908795,-0.3977862460104795,-0.5777553079531241,-0.07764810655119281,-0.698042661502559,86,0.45348837209302323,23.60865294935421,173.59584742270852
AVGO,Other equities,2016-01-04,2026-09-04,-0.5945225013200475,-0.08114521004892672,-0.7225302462657098,-0.38848191127393306,-0.04506046743529213,-0.6097618643678402,31.565514103730777,0.38618455870917057,-0.4829320876751706,0.5119939315223663,0.039519922419811726,-0.4536780522774587,-0.7318259748095057,-0.11607774883991828,-0.7517628184655456,102,0.30392156862745096,18.68749249839046,20.604059004611443
AVY,Other equities,2016-01-04,2026-09-04,-0.5639987574866377,-0.07487168291914648,-0.6967068214762435,-0.40589487464017626,-0.047643206129675986,-0.6351885837625613,2.494211576846296,0.12444699285663852,-0.43519188993482993,-0.051330394349902164,-0.004927944920634197,-0.46174953145911257,-0.5404077036761612,-0.07029012385734656,-0.5404077036761612,96,0.2916666666666667,15.336853207647499,15.810388284646148
AWK,Other equities,2016-01-04,2026-09-04,-0.47691564552080634,-0.05894263119103349,-0.5725377968553782,-0.30563083666290414,-0.033617398520167985,-0.45555733822211797,1.8873383952390834,0.10451510130001962,-0.37100376116596046,-0.050259342601674084,-0.004822676234992107,-0.37922189663576145,-0.44923453533924984,-0.05438222280959093,-0.5110734176427355,93,0.34408602150537637,14.449477448371956,17.12848088579022
AXON,Other equities,2016-01-04,2026-09-04,-0.43657646600053257,-0.052365682777687605,-0.8011222169700679,-0.07200950083458091,-0.006981805425326337,-0.7097274631324524,29.639928698752037,0.37828641823118825,-0.6028106593797717,2.9973215873270385,0.13871712526227253,-0.49287396714392073,-0.8590497357566311,-0.1678053344424315,-0.8870387298845287,103,0.3592233009708738,22.29154014729753,36.456696516595166
AXP,Other equities,2016-01-04,2026-09-04,-0.7962098897365073,-0.13853841455081162,-0.8547336170253615,-0.7073555109659772,-0.10881184035251268,-0.8107671065284258,4.616669536765987,0.17561100878791192,-0.49634572608833794,-0.026814534146487046,-0.002544937632602773,-0.5043891974909065,-0.7905947864883472,-0.13634045487266055,-0.8107133889500086,104,0.3173076923076923,15.698903859172155,8.885437877053015
AZN,Other equities,2026-02-02,2026-09-04,-0.16506731328269397,-0.2650181377403307,-0.21220806726938235,-0.15028897373019612,-0.24267569527189115,-0.20092650027850623,-0.12158514199330528,-0.19849179965263897,-0.25342862661773224,-0.13191935079031492,-0.21451873766287033,-0.13191935079031492,-0.038185348933371444,-0.0642910308607546,-0.09248992769527076,5,0.4,16.90820474688212,1.4778339552497854
AZO,Other equities,2016-01-04,2026-09-04,-0.5585105831748949,-0.07378613504673992,-0.5951207835843566,-0.39197161936906844,-0.045572682771026884,-0.5249821814275364,3.056248980257795,0.14028045857596294,-0.42142400000000046,0.174822961929753,0.015219415862215424,-0.32328795403525923,-0.6242077052189028,-0.0876712457605664,-0.6455471591180197,98,0.32653061224489793,15.466712896757773,16.653896380582644
BA,Other equities,2016-01-04,2026-09-04,-0.6613876665389987,-0.09653853200868756,-0.7987434490797848,-0.49709004393983725,-0.062406237685904586,-0.7115815411641612,0.6843901277676294,0.050095994584156145,-0.7792005577504063,0.7936699114058681,0.056302631028811057,-0.3818167012103887,-0.8112181448170702,-0.14469448295195042,-0.8152026733470997,96,0.2916666666666667,18.3861729270729,16.429762259916146
BABA,Other equities,2016-01-04,2026-09-04,-0.7264100056559637,-0.11441929673813789,-0.8795578570030235,-0.5652085694089685,-0.07511264574878318,-0.8304706685646283,0.5673356401384155,0.043029131630103024,-0.8008769580934527,-0.12872220607742224,-0.012835144374629515,-0.6677678105337698,-0.6859899377071151,-0.10290495228292407,-0.7407119488063478,107,0.27102803738317754,19.93897076043316,16.120143624699523
BAC,Other equities,2016-01-04,2026-09-04,-0.25363289693690805,-0.027052747825255907,-0.5938102524892759,0.05726871605813222,0.005234486660300464,-0.5118110433726354,3.8252501924557576,0.1589907896436864,-0.48926329699372306,0.9153370981636375,0.06282188711767911,-0.2453017023743781,-0.6103207608839814,-0.08456227335200162,-0.6378717402474343,98,0.3877551020408163,16.018152903044616,31.090161299504025
BALL,Other equities,2016-01-04,2026-09-04,-0.5375401674121267,-0.06974783561406928,-0.7419985920075376,-0.3611992982672946,-0.0411448508409441,-0.6945299994737739,0.9486940298507378,0.06454363503314653,-0.5508798775822497,0.203281399893811,0.01750001741131646,-0.47114902952081184,-0.6156677626458078,-0.0857472742333295,-0.6525508038763373,95,0.37894736842105264,15.79679358820983,17.634086914483216
BAX,Other equities,2016-01-04,2026-09-04,-0.10875384713360159,-0.010735826188339015,-0.5721602558966874,0.20351299990171134,0.017518375995877244,-0.5072859526697912,-0.1825949367088585,-0.01872440204632131,-0.8114401719608308,0.6206450993911012,0.04630485986180455,-0.33298612681277073,-0.450067042314661,-0.05451631569185045,-0.6275398694025875,90,0.35555555555555557,15.804104664133753,31.226684703531294
BBY,Other equities,2016-01-04,2026-09-04,-0.7159329512878738,-0.11129380911108178,-0.8017564731694387,-0.5714897652224931,-0.07637354772430649,-0.7509963432846698,3.3566602316602214,0.14794388401188452,-0.5259057971014494,0.5277222010209763,0.04052893496947663,-0.39835230894401186,-0.8140584403877321,-0.14590919961780002,-0.814935202125577,100,0.33,18.920321082323845,14.444318606538076
BDX,Other equities,2016-01-04,2026-09-04,-0.6839149927109948,-0.10235086792058512,-0.7828894099620148,-0.58176218743818,-0.07847221566720275,-0.7154994175206884,0.8719221805653985,0.06053982186706497,-0.4005807587946879,-0.26632193692757844,-0.028615557089263777,-0.48662690438621814,-0.5691775136831313,-0.07590744464712118,-0.6313249536717618,94,0.2872340425531915,14.154819161558825,10.215280527281479
BEN,Other equities,2016-01-04,2026-09-04,-0.6348173144908907,-0.09011746443252666,-0.7939194809090748,-0.47880436633353307,-0.059261707837613864,-0.7376516537475878,0.5938503900871965,0.044670805673428626,-0.6209952283571916,-0.1815315547732721,-0.01860479456148545,-0.501044213559078,-0.5538219125748349,-0.07286837094245557,-0.6081922190857009,97,0.31958762886597936,17.628687214487485,15.601294815735766
BF.B,Other equities,2016-01-04,2026-09-04,-0.5425105619595814,-0.07068975385771936,-0.6142105630183098,-0.37660197585918465,-0.04333638146988461,-0.5225777184627152,-0.15704824976347787,-0.015889184703957282,-0.6895691924089198,-0.16315604773167325,-0.01655988323343094,-0.46647007380240635,-0.4533157145960587,-0.05504134893567336,-0.5750483066171066,91,0.3516483516483517,15.479088868736481,16.59085861003967
BG,Other equities,2016-01-04,2026-09-04,-0.8289809701436979,-0.15258154828949588,-0.8512422014950856,-0.7516894085802535,-0.1224319482885885,-0.7843368184624222,1.4623522090852563,0.08815078266746057,-0.6049402390438254,-0.4568246757490174,-0.05561163465753838,-0.54565839143658,-0.6851494863244548,-0.10268012312582153,-0.6925892484334234,100,0.3,17.654882360507372,7.729156156344441
BIDU,Other equities,2016-01-04,2026-09-04,-0.5591292225248106,-0.07390788693583539,-0.8540108196128599,-0.30574498488962476,-0.03363229321037864,-0.8151571090964851,-0.4594903004944868,-0.05604709495942384,-0.7747344885410843,-0.14017864404196845,-0.014059353277718345,-0.7623761339677583,-0.4872530503921223,-0.06070196401485317,-0.6267512371278666,98,0.29591836734693877,21.889954752369864,25.33842376351858
BIIB,Other equities,2016-01-04,2026-09-04,-0.8467709446663232,-0.1612631380776096,-0.854324940660709,-0.7822950630345914,-0.13318752885896723,-0.797388584083746,-0.2504582173647404,-0.026665514802963086,-0.7266041330086086,-0.7407465338988259,-0.11887671440026748,-0.7765744453630474,-0.4089604369112725,-0.04810498640776728,-0.5716798043160777,90,0.25555555555555554,18.75402434071597,6.4475881631731795
BIL,Bond ETFs,2016-01-04,2026-09-04,0.24668220199076285,0.020885657551338754,-0.002729642338957672,0.2524206097961288,0.021325280055980222,-0.0005469711472718686,0.25291135772024065,0.02136279173693767,-0.002085505735140214,0.2486621526071533,0.021037549461537797,-0.0013972770066185136,-0.0015856575874141354,-0.00014876231562677145,-0.001640594215390534,4,0.5,5.085114460765348,0.5738407805365942
BKNG,Other equities,2016-01-04,2026-09-04,-0.7754873230368773,-0.13068168128848057,-0.8550259622697755,-0.6731177240401872,-0.09951975157732307,-0.802883702843076,2.9624846248462373,0.13778305509803768,-0.4777224858234005,-0.3396805748013225,-0.0381619704566607,-0.6385949204132282,-0.6599938326885189,-0.09619053103540354,-0.7059979384383013,101,0.31683168316831684,16.88523479446598,10.236959899669007
BKR,Other equities,2017-07-05,2026-09-04,0.3772850447559588,0.03553981711966547,-0.44710281586115896,0.8801457682925955,0.07130447524857808,-0.42677854538787197,1.1806318681318664,0.0887737357042484,-0.7350320620992236,1.6709448846272892,0.11313285758947966,-0.30536314253991126,-0.4843453892729248,-0.06970689971172361,-0.6679659053431728,70,0.37142857142857144,20.776285192576893,50.28607235366367
BLDR,Other equities,2016-01-04,2026-09-04,-0.19836509422875637,-0.020514958145745887,-0.5923088012009381,0.2518664378271862,0.02128290436446134,-0.5143611153872397,4.932371505861133,0.18165353056107247,-0.702586206896552,0.0863832511427105,0.007797814025102046,-0.5697266879021684,-0.2621067151688451,-0.028093702701901924,-0.6018226138025784,88,0.32954545454545453,24.28185290867443,45.023153205594255
BLK,Other equities,2016-01-04,2026-09-04,0.5395474789276893,0.04128137858099201,-0.4448525614054807,1.0630264709318342,0.0702489860218416,-0.37469843699740435,3.3706285536256857,0.1482884340949322,-0.4390131107360036,0.8077768732930117,0.057078713435744,-0.2813625147677842,-0.14837527702006736,-0.014944331632038232,-0.3332833457551959,90,0.4,15.396688468866799,52.347899200414496
BMY,Other equities,2016-01-04,2026-09-04,-0.3706192544373115,-0.04247937780079647,-0.5477496193618613,-0.162370689887942,-0.016473394868120272,-0.45258777794029514,0.4345212537569747,0.03440659322845652,-0.4766341534430053,-0.08781068634627653,-0.008579335303461666,-0.31526292022854974,-0.31003275729931656,-0.03419339913366759,-0.4874428248245519,90,0.2777777777777778,15.23723748636058,20.824856454936945
BND,Bond ETFs,2016-01-04,2026-09-04,0.059513214450480856,0.005434360136530536,-0.07598755168849236,0.12118787706590806,0.010781650808973753,-0.058957487366929295,0.20357979257276404,0.01752366995571175,-0.18579530110721132,0.05769349982702954,0.0052723433064614245,-0.041056835668465186,0.0017204555230301288,0.00016116710177871418,-0.05556092516973188,41,0.5121951219512195,6.593425153379872,6.16746626154272
BNDX,Bond ETFs,2016-01-04,2026-09-04,0.09103997644511641,0.008202017639517223,-0.053872751821825604,0.14639290888090684,0.012890539467540929,-0.04804936568250795,0.22609819121447083,0.019293470923723133,-0.16247139588100412,0.06327597763846571,0.0057685764469190826,-0.029466324883303474,0.02611175216081918,0.00241948421295346,-0.058823174509306186,39,0.48717948717948717,6.083816435463442,5.5352932435790425
BNO,Commodity ETFs,2016-01-04,2026-09-04,-0.68506787705788,-0.10265832080978654,-0.7343286782193723,-0.5256886041725939,-0.06753839432703279,-0.6877450852723317,3.5766721044045564,0.1532581797133601,-0.7517554729450643,0.1370661624881071,0.012115119736555657,-0.4691671788958397,-0.7230309604385803,-0.11339959092421881,-0.7895978995589634,106,0.3113207547169811,17.384183885248017,15.93792728852861
BNY,Other equities,2016-01-04,2026-09-04,-0.08361382402320305,-0.008152593408999653,-0.5288548422037165,0.21696865056128756,0.018579527212173597,-0.4337053524115977,7.744827586206883,0.2254318951197114,-0.4639724310776939,1.3554880322527225,0.08363390420081762,-0.2466526059933799,-0.6109569807067137,-0.08470249708319122,-0.616311164611488,87,0.3448275862068966,15.582882051278961,30.05824745844906
BR,Other equities,2016-01-04,2026-09-04,-0.16493807508521074,-0.016756404023821614,-0.5519706851459338,0.11134995129867398,0.00994684253854361,-0.5067208869212764,2.989845372720973,0.13851729183466088,-0.48208995421492085,0.2611492589504971,0.021990498943135206,-0.47028528605961084,-0.33785638853746325,-0.03791317336807576,-0.5294867288636909,95,0.3157894736842105,13.959259901230126,27.62880263838847
BRK.B,Other equities,2016-01-04,2026-09-04,-0.35597894386046314,-0.0404129436002284,-0.44332588982409293,-0.17090814606407445,-0.017417560482413053,-0.3177342497202501,2.870210325047824,0.13527249404853592,-0.2956993918331886,0.39139538805720475,0.03145073566481282,-0.171850586025045,-0.5371401532106705,-0.0696724300833641,-0.5400728642703211,99,0.3333333333333333,11.942367020499994,18.507079779638868
BRO,Other equities,2016-01-04,2026-09-04,-0.19353403276768066,-0.019963068832893893,-0.5310230000609109,0.060482418263682725,0.005520549522569418,-0.44542592319891183,3.9770034843205675,0.16236023697820734,-0.5585123697916663,0.6551485575998457,0.04837333638693786,-0.19684574758190632,-0.5127531220509969,-0.06518327283612801,-0.5785487937537608,93,0.34408602150537637,13.776702593658163,25.40164510313634
BSX,Other equities,2016-01-04,2026-09-04,-0.26220344424514197,-0.028105647668870137,-0.7110054155217505,-0.012907183014112089,-0.001217184048974418,-0.6502022720119182,1.6570316842690311,0.09594104849140983,-0.6057887923062695,0.44455126111218335,0.035082496902427485,-0.4358903932361293,-0.48925553864608695,-0.061046481570689815,-0.6106742335978057,88,0.3068181818181818,15.738722832206943,24.929626123102988
BTC/USD,Crypto,2021-01-01,2026-09-05,0.2162918033325103,0.03510198151977084,-0.5249646135057919,0.7117226355498771,0.0993337093511133,-0.46731921864828707,1.7141741497930885,0.19235157242301604,-0.7667059828725821,0.4144502994910255,0.06299846166798018,-0.48325588031065647,-0.14009576457357376,-0.026243198983031735,-0.6163196802772519,67,0.373134328358209,23.942255919918114,49.54308322173668
BWXT,Other equities,2016-01-04,2026-09-04,0.042679397005500386,0.003925849476033916,-0.5441213724064476,0.42411628920583544,0.03370088075532496,-0.4806235395726436,4.650412334169952,0.17627133386269933,-0.4774746687451279,0.8716966232893373,0.060527840923541465,-0.3132646741149595,-0.4429228625881222,-0.053371528085690345,-0.5376343944741078,89,0.34831460674157305,15.847087892114446,38.14368922003351
BX,Other equities,2016-01-04,2026-09-04,-0.22942389100845983,-0.024136764280755174,-0.5944292779218936,0.1169614863909807,0.010423832277218104,-0.5626156825419113,6.679075014100417,0.2105917510710753,-0.49285714285714355,0.6895828159219017,0.05039906526670768,-0.38734735563766276,-0.5439252212262345,-0.07095953529674726,-0.6651954875190734,92,0.40217391304347827,18.41074794593144,34.638537739944056
BXP,Other equities,2016-01-04,2026-09-04,-0.09398201972399434,-0.009210086860155342,-0.5543046414241375,0.2269931181537912,0.019363196041241926,-0.47178428389696325,-0.1654543212920765,-0.016813406311159906,-0.6359723002058767,0.6187187999121644,0.04618820591855011,-0.21021356947800152,-0.44028698478996653,-0.052952511283632764,-0.6427139887022255,85,0.36470588235294116,16.88997859457924,32.09751378777855
C,Other equities,2016-01-04,2026-09-04,-0.5002375436922828,-0.06295792912309695,-0.5608573626484681,-0.28353527974232395,-0.03077521040918174,-0.4301516275608007,2.6608187134502725,0.12936794877389057,-0.5650431565967944,0.15590258602076124,0.013675303611842882,-0.3517436270253167,-0.567643102150876,-0.07559938814913103,-0.5707789788667276,100,0.34,16.833207984543776,21.670226394995883
CAH,Other equities,2016-01-04,2026-09-04,-0.5284718251346107,-0.06805272673339158,-0.7578645032790228,-0.35292974678382016,-0.03998792184629918,-0.7159213152557354,2.7531126632250342,0.1320072612602261,-0.48436569386539474,0.017017000543567695,0.001583173769582169,-0.5835321371017328,-0.5363615607080607,-0.06952582903413851,-0.5764723194311775,93,0.3548387096774194,16.181688293249955,17.55420783507905
CARR,Other equities,2020-04-03,2026-09-04,-0.3270561719851798,-0.059829742029409716,-0.5491747016948216,-0.15753233692194968,-0.026346562990838374,-0.47723342363060006,2.842342342342335,0.23326068495511798,-0.40824590465672705,0.5404493748742423,0.06961476077561657,-0.2332714937080549,-0.5631509616667816,-0.12101974238945745,-0.6050799666881514,57,0.3157894736842105,18.70292911550921,16.95238350632301
CASY,Other equities,2016-01-04,2026-09-04,-0.8809499615070033,-0.18087601203406156,-0.8893013257230641,-0.8330619872209439,-0.15449816655000592,-0.8454394011275759,6.054394476581433,0.2010002581702799,-0.3340988689211689,-0.4228567397249544,-0.050225861040090525,-0.467484308760296,-0.7937253249110773,-0.13755917921396044,-0.809320585674252,96,0.23958333333333334,16.10881910017861,4.78879742860594
CAT,Other equities,2016-01-04,2026-09-04,0.08722593298613135,0.007871074995491112,-0.5204813382604441,0.521217701765196,0.040112799974638236,-0.43978551303074165,14.389298544148335,0.2921167751415481,-0.4335869337614294,1.3940462992493123,0.08528468899816666,-0.43864623189677954,-0.5458626120442827,-0.07133023692993967,-0.5616686104004425,92,0.41304347826086957,16.957405502765077,43.39917687790646
CB,Other equities,2016-01-04,2026-09-04,-0.7039238216831489,-0.10783727351275718,-0.7250161299931057,-0.6049731386183823,-0.08339178257709634,-0.634761077656925,2.640908121935621,0.12879067029264246,-0.4259421560035057,-0.29757611192087396,-0.032571935592876744,-0.38969850530143757,-0.5784935800994602,-0.07779941546972402,-0.5868252160542875,100,0.28,13.669852536553602,9.895068306476663
CBOE,Other equities,2016-01-04,2026-09-04,-0.541677516841579,-0.07053124213554474,-0.6674630136202702,-0.38366138857812093,-0.04435725639538979,-0.5716629370048449,4.37427953890491,0.17075905017614268,-0.4344336145466464,0.07672743666893145,0.00695466177509152,-0.32261868781254266,-0.5743375086861977,-0.07695073755757942,-0.5743375086861977,87,0.26436781609195403,15.973625682444638,15.801612826345812
CBRE,Other equities,2016-01-04,2026-09-04,-0.6674695325641233,-0.09807235693773197,-0.7342434448885522,-0.5124452030859804,-0.0651279045865224,-0.6594639274509493,3.3370489879729757,0.14745844927396656,-0.5357198443579767,-0.026555733835045725,-0.0025200730330784404,-0.40848316501439896,-0.658398041886942,-0.09579369100208679,-0.7304190443515992,102,0.35294117647058826,16.929335440111537,15.502432947814293
CCEP,Other equities,2016-01-04,2026-09-04,-0.20128090310915103,-0.020849513800339503,-0.6810791434204655,0.05784036991981378,0.005285429134846309,-0.6154247888864676,1.8935704514363878,0.10473838253784051,-0.48775425487754276,0.7003795713571501,0.051026523948446645,-0.2547384804537375,-0.530270117128403,-0.06838651176829058,-0.6842429151787528,89,0.3146067415730337,14.165069235724332,25.912127302896483
CCI,Other equities,2016-01-04,2026-09-04,-0.5713468768209233,-0.07634467832109892,-0.6298286471033594,-0.42107318558781814,-0.049951079907465834,-0.5153446104646384,0.3774750227066266,0.030478891244376305,-0.5579775415840996,-0.3976831035940741,-0.046416784794231836,-0.5468678342129176,-0.28832625194995154,-0.03138466895142322,-0.5440413673161686,92,0.30434782608695654,15.710566802318993,15.02736912331052
CCL,Other equities,2016-01-04,2026-09-04,-0.7671954900059372,-0.12772094830780067,-0.8516392344885163,-0.6161795360510331,-0.08586147542241884,-0.8133872226601152,-0.4950601374570448,-0.06205209458628924,-0.9036519871106337,-0.5142630785333346,-0.06545524454729579,-0.7171073746029095,-0.5207189330160067,-0.06662677565435848,-0.6574465951105772,99,0.32323232323232326,22.840368462356075,15.101595395490408
CDNS,Other equities,2016-01-04,2026-09-04,-0.6506795064311364,-0.0938976513674985,-0.7724119913214704,-0.4945506754390707,-0.06196341499597702,-0.7129818918950888,13.2571846078909,0.28289368170339,-0.31917020744813784,0.6949189816895041,0.05070963184477906,-0.44067151534997884,-0.7939013620458367,-0.13762820747953353,-0.8064083948214058,97,0.27835051546391754,18.180202710278373,15.612883099206565
CDW,Other equities,2016-01-04,2026-09-04,-0.6287658288285412,-0.08871442689499531,-0.6641568665673202,-0.47141146350666874,-0.058018685261498115,-0.5772511466212713,3.250488145048849,0.1452917659134545,-0.6036388575116984,0.045670196246135664,0.0041954654232876365,-0.4410003404603916,-0.6449796766665463,-0.09252172063844133,-0.6594105249480897,102,0.3235294117647059,16.38893488414476,15.735436532187242
CEG,Other equities,2022-02-02,2026-09-04,0.09841751171218172,0.020680311668903162,-0.46157278749565733,0.3267806265892954,0.0635980679560928,-0.4389275253982069,4.858514599255358,0.470359448482927,-0.5070352927495784,1.1547996502389064,0.18223172202682036,-0.25105684675561524,-0.49024610636520227,-0.13664953100814514,-0.49024610636520227,38,0.34210526315789475,24.833461260690207,22.83631148771137
CF,Other equities,2016-01-04,2026-09-04,-0.9344343004310391,-0.22542506264310602,-0.9382043074698063,-0.8931750217505647,-0.18915456459242674,-0.8993033388379901,3.4405594405594195,0.14999852476273534,-0.6048981361074977,-0.5681878915551963,-0.07570864932062438,-0.6311503194183736,-0.8481615075475771,-0.1619796757942572,-0.8566622963035215,101,0.27722772277227725,21.996073201008752,4.125927868047441
CFG,Other equities,2016-01-04,2026-09-04,0.1407435688849552,0.012421542820697073,-0.444807975508297,0.6027510733559978,0.04521635004404634,-0.426678698935964,3.0538373424971352,0.14021688341653138,-0.6560642092746736,1.0804453278568515,0.07109293287052165,-0.27174323209000806,-0.4516829865170833,-0.05477712367365317,-0.5173676446137538,87,0.367816091954023,18.280270058975834,46.200750447104255
CHD,Other equities,2016-01-04,2026-09-04,-0.1750441678489978,-0.017878139512381153,-0.41273899775310996,0.051248320308016515,0.004696462832452841,-0.3415663631051953,1.7156241388812243,0.09818442658828164,-0.31721901287118603,0.6596420822367737,0.04863984038142766,-0.20377835094847818,-0.5029314808412348,-0.0634326270396266,-0.5438162884381261,84,0.36904761904761907,14.072044698230286,22.62924881570143
CHRW,Other equities,2016-01-04,2026-09-04,-0.705460527536641,-0.10827241068989679,-0.7541775228238402,-0.5989363834508086,-0.0820875853835108,-0.6754427872407553,2.058628547752232,0.11049889735015661,-0.40547768351161884,-0.24461726245221338,-0.025956928531240986,-0.4458276998707724,-0.6100791587857468,-0.08450907826337961,-0.661078984659675,91,0.3076923076923077,16.227725193350935,10.652414408583244
CHTR,Other equities,2016-01-04,2026-09-04,-0.331423150234192,-0.03704068714582176,-0.6604718595278576,-0.05681109398534134,-0.005468308934528432,-0.5849779185807508,-0.1438630090688927,-0.014456198542924348,-0.8498069451042009,0.3865991828942603,0.03111688960079384,-0.3689111453630358,-0.5178297679576858,-0.06610072770023512,-0.6472574923487268,88,0.3977272727272727,19.01452163045354,27.461205624885064
CI,Other equities,2016-01-04,2026-09-04,-0.781734556541243,-0.13297854984650548,-0.7890797790346176,-0.6915772073695111,-0.1044136182119223,-0.7024773654760346,1.1338368580060467,0.07364044567549399,-0.42469437652811615,-0.4322746901115857,-0.051689713402461535,-0.48773037805359376,-0.6155439265132341,-0.08571966116248908,-0.6195351893531718,98,0.2755102040816326,16.945533872571367,9.01573491717319
CIBR,Theme ETFs,2016-01-04,2026-09-04,-0.6326136177715822,-0.08960411434098248,-0.7050925815420993,-0.49886741822162306,-0.06271738864310616,-0.6029258439350725,4.715407854984877,0.17753324571495543,-0.3388625592417065,-0.1160494890403947,-0.011497845039232568,-0.39798779985285504,-0.5843812773753713,-0.07901476887002801,-0.5843812773753713,107,0.2523364485981308,13.44666820682753,13.374619954995914
CIEN,Other equities,2016-01-04,2026-09-04,-0.7559628985606665,-0.12385903514131735,-0.8818135073137169,-0.6199526538895839,-0.08670772385625414,-0.8300433258141133,14.859683794466385,0.29576907752140325,-0.49536082474226883,-0.5568839705010658,-0.0734667442104806,-0.6854229459865324,-0.44927042762301983,-0.054388000232000744,-0.6384334034761103,103,0.3106796116504854,19.18238176976642,13.601024467108259
CINF,Other equities,2016-01-04,2026-09-04,-0.5455123167610685,-0.071263105195289,-0.6714540382815668,-0.3810540912848769,-0.04397898197206984,-0.5996144928244149,2.9306225591546293,0.1369222106636716,-0.5812069663831507,-0.04832581501812272,-0.004632910940338464,-0.3727968900030658,-0.5224335277649821,-0.06694032280884143,-0.6014610040157173,98,0.336734693877551,14.36880494564252,16.44582254761916
CL,Other equities,2016-01-04,2026-09-04,-0.4271983353054559,-0.050897974032257265,-0.524185027047118,-0.26952321415759517,-0.029013701263540415,-0.4599882713285228,0.7665671641791072,0.05479594590110848,-0.29049041333461645,-0.0312851887919281,-0.002975410561652181,-0.26098151733792785,-0.4086993838979165,-0.04806557829993019,-0.46156724180035125,90,0.34444444444444444,12.678354411414539,15.767512114786076
CLX,Other equities,2016-01-04,2026-09-04,-0.4189451400337495,-0.04962422710249004,-0.6725464828048716,-0.23050138478654136,-0.02426477159690066,-0.6108938759180553,0.022300340547065423,0.002069825753630905,-0.5634135083850482,-0.1158481167786285,-0.011476735645168712,-0.4909546254108843,-0.3428110362111103,-0.038590383082404256,-0.4853432452758515,91,0.32967032967032966,14.860630295172994,18.844375524720814
CMCSA,Other equities,2016-01-04,2026-09-04,-0.745951231902835,-0.12055035587790719,-0.8115371142629892,-0.6494610573928357,-0.09360181851538718,-0.7540144716596755,0.3298192771084343,0.027083041541518416,-0.5540183112919626,-0.26665985221257993,-0.028657509350750843,-0.45227266617488704,-0.6535730808361413,-0.09460396040714225,-0.6966459221888377,97,0.26804123711340205,16.11916833146224,9.649017450999931
CME,Other equities,2016-01-04,2026-09-04,-0.5916542157850111,-0.0805377947401571,-0.6600494759959908,-0.4564699407553243,-0.055553830720361685,-0.5750906750737995,3.7243869667450724,0.15669774024080163,-0.37357840321654223,0.002235575557788305,0.0002093732008381366,-0.4020350779894384,-0.5925650673618077,-0.0807302651869688,-0.613465632203799,95,0.30526315789473685,14.062568508745413,13.518427502968677
CMG,Other equities,2016-01-04,2026-09-04,0.17300159712037866,0.015071756499669853,-0.3890314318540844,0.6815225135016973,0.04992826348840862,-0.3594160436340613,3.1176470588235343,0.14188759470717294,-0.5889132020423051,1.0726711849427426,0.0707170685285432,-0.25333251590463834,-0.43406286262778015,-0.05197013633615166,-0.5719299878742721,95,0.3894736842105263,18.286394728147606,50.85209163813187
CMI,Other equities,2016-01-04,2026-09-04,-0.33686018815821794,-0.03777756572608426,-0.7066119933129087,-0.08589928336876518,-0.00838476143175848,-0.651813225204049,7.2499632190672365,0.2187577101251177,-0.4404942965779465,0.39983550908497434,0.032035696940177605,-0.3324001722704525,-0.5262730459843441,-0.067646170450545,-0.615870277792658,93,0.3225806451612903,16.1175567775885,25.09609047894528
CMS,Other equities,2016-01-04,2026-09-04,-0.5864774016371583,-0.07945122480375644,-0.6316970110679112,-0.4604872713975632,-0.05621046177674571,-0.5388153957449547,1.6473317865429236,0.09556534227813751,-0.2954907161803707,0.23921447591496037,0.020310796768723494,-0.1374854673862892,-0.6663026405840506,-0.09777611085604654,-0.6792542893586375,92,0.29347826086956524,13.395361247503816,12.599013023959515
CNC,Other equities,2016-01-04,2026-09-04,-0.6387818548995143,-0.0910481119700024,-0.788468378949304,-0.4796605496241797,-0.0594066950056501,-0.743519729118716,1.0302846759539608,0.06864501157266822,-0.7406912157992189,-0.11305437345416669,-0.011184322573267513,-0.6468247351614196,-0.5927392454628435,-0.08076711486267085,-0.6019577247386532,91,0.25274725274725274,18.588149065023558,15.912130527533463
CNP,Other equities,2016-01-04,2026-09-04,-0.15837320043445502,-0.016034302871770767,-0.4421330507796454,0.07695312758007433,0.006974447330143407,-0.39609428155511417,2.0728117738187732,0.11098065307430671,-0.5982704402515723,0.4432678746694856,0.03499624957852787,-0.2832995563214751,-0.41686029715150175,-0.049305060256091826,-0.48212348055162824,83,0.3493975903614458,13.888676259508554,23.532632801452934
COF,Other equities,2016-01-04,2026-09-04,-0.7297812850389551,-0.11544809726761474,-0.7472623805659089,-0.5975255883185124,-0.08178535928399244,-0.6349943413281278,2.7628512679917585,0.13228231372291566,-0.6024792520222715,-0.3061285632341364,-0.03368236089309551,-0.5214010445937867,-0.6105637144821312,-0.08461579615796855,-0.6423463417163511,103,0.30097087378640774,17.928257560440358,13.22556967204427
COHR,Other equities,2016-01-04,2026-09-04,-0.8680708628161964,-0.17294966346248253,-0.8914265613235897,-0.7578616716035497,-0.12450039018171588,-0.8166402661846951,14.942307692307693,0.29640045197913967,-0.7222333801968264,-0.019292224005153957,-0.0018246533788599528,-0.5874333921159536,-0.8654755877203357,-0.17143782468970714,-0.8738149096465306,105,0.3523809523809524,25.743276078319894,11.020919121264672
COIN,Other equities,2021-04-14,2026-09-04,-0.5340628377948811,-0.13209010602686067,-0.7500128452606014,-0.29201797748084035,-0.0620513004902431,-0.6810464191986103,-0.4375533081515788,-0.10124766840518051,-0.9089789865413135,0.42188885055727554,0.06747230590056486,-0.45134506441038325,-0.6723111219118798,-0.18694856140465932,-0.809228176522479,48,0.3333333333333333,38.693736283000135,24.20448603140407
COO,Other equities,2016-01-04,2026-09-04,-0.5835642519376514,-0.0788451876022247,-0.7176553014952126,-0.42671887069040737,-0.05082352281548308,-0.628652466041175,1.1151975683890631,0.07275772472598563,-0.48235913638757255,-0.13834282361221217,-0.013862190823462184,-0.41327740605146057,-0.5167036734863404,-0.065896466167366,-0.6084292107175528,95,0.3684210526315789,16.08063492894686,15.684538124724401
COP,Other equities,2016-01-04,2026-09-04,-0.7162453948282623,-0.11138549377938234,-0.7581689127593144,-0.5776362911789306,-0.07762373650041121,-0.698315933203236,2.9780740740740663,0.1382019653030333,-0.7019954203467453,0.2237074774200738,0.019106980355569236,-0.48806519521590397,-0.7681189251454325,-0.1280459035708129,-0.7789372520432326,100,0.28,18.211486415559758,13.860910364933176
COPX,Theme ETFs,2016-01-04,2026-09-04,0.09265358447121308,0.008341714083584417,-0.6418440607523068,0.6202002458237523,0.046277931328516875,-0.5788776399788502,8.622160900021205,0.236464943417662,-0.6540728612361849,1.8868324705466843,0.10449695593917951,-0.38496371460327206,-0.6215043319558151,-0.08705795098713709,-0.6692491424322681,107,0.3364485981308411,17.362302560114564,52.75466613525393
COR,Other equities,2016-01-04,2026-09-04,-0.6075809766652782,-0.08396078179990318,-0.7634054839401408,-0.4585911841068254,-0.05589999691608105,-0.6912457302176209,3.733266590389004,0.15690138379662355,-0.32443024722841063,0.0038863149689598586,0.00036370200688651266,-0.36606865331132454,-0.609100136655558,-0.08429382597311519,-0.7082829880789003,95,0.3157894736842105,15.99377472323508,14.89897925584528
COST,Other equities,2016-01-04,2026-09-04,1.0099900030893587,0.06763899519817462,-0.29256105978472813,1.5389704148904224,0.09128115050544094,-0.2605481758334087,5.851777029554816,0.1977234484231558,-0.3140267109542588,1.9192072309903803,0.10565233345142921,-0.13336601284962957,-0.3114603232852914,-0.03438091441872271,-0.4065913477408305,84,0.38095238095238093,13.654233053667296,52.89804118010637
CPAY,Other equities,2016-01-04,2026-09-04,-0.8254710772516805,-0.15096602468903897,-0.8758256139033311,-0.7449113036855628,-0.12021348433539347,-0.8244354429800862,1.9607480622911182,0.1071179350336664,-0.5012923825452336,-0.3877693132770724,-0.04495619891036673,-0.6876145823710103,-0.7149294758769504,-0.11099996215641939,-0.7162601964363124,102,0.23529411764705882,17.19247880396107,8.055977356611766
CPER,Commodity ETFs,2016-01-04,2026-09-04,-0.6166524718277488,-0.08596713282583779,-0.6527630906774413,-0.4825767149699348,-0.05990214971932284,-0.5629324474944312,1.8823953823953854,0.10433769292425721,-0.38422714126386925,-0.07050791007510593,-0.006831277067916752,-0.3862050864035431,-0.5875731140399201,-0.07968017309716746,-0.6053353363680136,113,0.3274336283185841,12.919123636230307,13.407575685781403
CPRT,Other equities,2016-01-04,2026-09-04,0.5154734431511967,0.039743959495981196,-0.37215558886656763,1.0382755800392265,0.06903862547426987,-0.32902571793019697,6.160755999150574,0.2026863850212659,-0.5744047619047621,1.6788223154555952,0.09678055300779298,-0.32354232270232286,-0.4342762360879264,-0.05200365137346352,-0.5167683437795086,89,0.3707865168539326,14.9989566309156,52.28021368880298
CPT,Other equities,2016-01-04,2026-09-04,-0.5616861039950869,-0.07441274438077561,-0.6354049572290879,-0.41559706522756357,-0.049112175893804344,-0.5666518320436691,1.0999403934035472,0.07202991176140827,-0.502174772637406,-0.3248343527728399,-0.03615495490868614,-0.4271409225043955,-0.35080539449092685,-0.039692883899677844,-0.48215117578440736,93,0.26881720430107525,14.767920732067426,14.608903876752333
CRDO,Other equities,2022-01-27,2026-09-04,-0.7546167732142032,-0.26307268919395266,-0.8680153040305337,-0.6434665707626394,-0.20075537267958776,-0.8386555503861958,13.641201716738236,0.7916704018323708,-0.6203512396694213,-0.05552397999852565,-0.012335481243323954,-0.5112573961948179,-0.7401911519305553,-0.25386880179341653,-0.8454324982312981,46,0.391304347826087,34.532322335546866,11.115020245156382
CRH,Other equities,2016-01-04,2026-09-04,-0.7768230434882486,-0.13116786282051152,-0.8133614645025117,-0.6877076158188229,-0.10336614966560975,-0.7425306491827868,3.221227048813237,0.14455028878225096,-0.5326917633739028,-0.20504244716661202,-0.02128274664031371,-0.4576487192060298,-0.7192592790441399,-0.11227462865601912,-0.7439495458352431,101,0.2871287128712871,15.237466551525062,8.91154276694257
CRL,Other equities,2016-01-04,2026-09-04,-0.32106907209284086,-0.035652299283840616,-0.7025917578198384,-0.039089992825795616,-0.003731257685142042,-0.6588765510934268,2.686900958466468,0.13011987543053238,-0.782347807113244,0.17607337066254125,0.015320667347703987,-0.4779363032940651,-0.4227137992890002,-0.05020381074749536,-0.6183408316193055,89,0.42696629213483145,18.679468823739715,28.197907926704524
CRM,Other equities,2016-01-04,2026-09-04,-0.7783820660968408,-0.13173866924182343,-0.8731442141288854,-0.6747859301799163,-0.09995157898702711,-0.8180040344578534,2.437607744330986,0.12272664575797587,-0.5866967677991302,-0.249402189110277,-0.02653703466899593,-0.6290534458754591,-0.7047447638563391,-0.10806947805873213,-0.7095015876648927,99,0.29292929292929293,17.558492918305905,10.359613591692451
CRWD,Other equities,2019-06-12,2026-09-04,-0.12254258653688022,-0.017917055573924312,-0.6068139632157834,0.2512711590216701,0.031486841987562686,-0.5183667066797631,13.696551724138,0.4501928641521322,-0.6769440654843113,0.22177545909770346,0.028089444903674377,-0.4874669526117522,-0.2818177784393131,-0.04474951153876461,-0.5429454933798865,61,0.4098360655737705,27.66016035474151,37.38137455585503
CRWV,Other equities,2025-03-28,2026-09-04,-0.2295311920739468,-0.165908148822822,-0.7578012775603892,-0.10472100323140099,-0.07407295406906189,-0.7196481613511786,1.2339999999999947,0.7492913451728205,-0.6687002941496899,0.9910532390249549,0.6146419334564157,-0.4250046881270808,-0.6130345523541287,-0.4834199249417096,-0.6829209840674026,13,0.38461538461538464,50.435680321684686,12.48101888425458
CSCO,Other equities,2016-01-04,2026-09-04,-0.18666331626063948,-0.019183312418133425,-0.42983362399772307,0.07708212678238224,0.00698575456411743,-0.3701028441130253,4.666839647119845,0.17659151352037505,-0.4194637956512559,0.6625645194714653,0.04881281489166556,-0.23904550926084356,-0.5107939125286262,-0.06483151840285473,-0.5342731556036131,95,0.30526315789473685,13.917402995910052,26.374544304302173
CSGP,Other equities,2016-01-04,2026-09-04,-0.7648364522995982,-0.12689608054751256,-0.8372703345549911,-0.6624259565680233,-0.09679860844040977,-0.7926340290903138,0.5650632911392366,0.042887269584785725,-0.7278925205534397,-0.3857631181836486,-0.044663238694984564,-0.5906720030728866,-0.6171451850872198,-0.08607733438436471,-0.7071955969847976,92,0.32608695652173914,18.08978249517879,10.24104957315749
CSX,Other equities,2016-01-04,2026-09-04,-0.42429468342549803,-0.05044795700557514,-0.6326542428097205,-0.21620793183823717,-0.022579753141577896,-0.582026412632018,5.730690641601964,0.19572301987529217,-0.40538336052202273,-0.0719895081480253,-0.006979799790464036,-0.451857189406503,-0.3796349053925009,-0.04377368879901833,-0.3869384598974426,95,0.3368421052631579,15.583712931504499,20.808675158726086
CTAS,Other equities,2016-01-04,2026-09-04,0.7666764538658539,0.05480206343778127,-0.32219632335063464,1.2674349574655421,0.07977033330921501,-0.2920936695071743,9.124747474747458,0.2423809077383554,-0.4837443946188338,1.391643219786686,0.08518251317327463,-0.22329386544048546,-0.261312707827959,-0.027995705207832344,-0.3634516956555376,83,0.39759036144578314,14.175425419603938,50.07585035996882
CTSH,Other equities,2016-01-04,2026-09-04,-0.6079698513770208,-0.08404592306222225,-0.7981233972369839,-0.4632296560718473,-0.056661253045199866,-0.7361876195974343,0.23093638877913736,0.01966987436130374,-0.5608531994981181,-0.3713296991560343,-0.04258075924857785,-0.6057260676199077,-0.3764137607634799,-0.04330930698771063,-0.5359425171034328,95,0.3157894736842105,15.33454367575781,14.474019530517346
CTVA,Other equities,2019-06-03,2026-09-04,-0.8174720083793606,-0.20897738094003226,-0.8720962181028494,-0.7633187594162201,-0.18013776228392298,-0.8411012408625994,2.8773168578993698,0.20536167623291113,-0.34766470770182434,-0.2745868567477875,-0.04328086078436921,-0.48250921962838245,-0.7483806389248485,-0.17319243795154982,-0.7743264618747717,67,0.23880597014925373,17.080916657881307,5.415324896314056
CVNA,Other equities,2017-04-28,2026-09-04,3.327859599867306,0.1695867178420305,-0.7237274966587846,7.356479251742835,0.25483256271685795,-0.7020600078178829,32.59909909909892,0.4561294670545397,-0.9899486625236422,27.449661548751607,0.43045673054902767,-0.44759296718929276,-0.8478765874788681,-0.18236833532662766,-0.8978742029411022,81,0.4074074074074074,35.06608104850508,402.86196518755287
CVS,Other equities,2016-01-04,2026-09-04,-0.8019735024158959,-0.14085234317585793,-0.8504086572837103,-0.7214092229720581,-0.11291419177056605,-0.7942759036471714,0.38338338338337397,0.03089246315600991,-0.5678323151464086,-0.47770818545444493,-0.05907639392799058,-0.5670339680166865,-0.6208508499096306,-0.08691029613897161,-0.7056732149192901,100,0.29,16.720061923550755,8.056427944383781
CVX,Other equities,2016-01-04,2026-09-04,-0.4481133973659749,-0.054201929747552,-0.634116920529542,-0.25130409131212594,-0.026768545199845506,-0.5818426236534331,2.7018633540372226,0.13054905411966766,-0.5577818693815664,-0.008987137151070912,-0.0008459949196972794,-0.49732002369346806,-0.4431085374134496,-0.05340111189722607,-0.46672525417557387,96,0.2916666666666667,14.79566510052627,19.680930605384894
D,Other equities,2016-01-04,2026-09-04,-0.6270676491278206,-0.08832442838081733,-0.6777536724772844,-0.508871036791506,-0.06448752648233247,-0.5960175631360458,0.5495410684867001,0.04191319915848912,-0.5220721348001658,-0.2651339033320219,-0.028468201314401642,-0.41082758702819544,-0.4925165923926471,-0.06161015743117837,-0.5051045010668108,93,0.2903225806451613,14.039418734912894,11.819661233631463
DAL,Other equities,2016-01-04,2026-09-04,-0.6338350760005785,-0.08988830663029201,-0.8675313712299689,-0.44011342638443185,-0.05292498406924251,-0.8383985903917548,0.8779573670648952,0.06085990849770173,-0.6918469217970049,-0.01696587660935933,-0.0016029120167960764,-0.6036541725269439,-0.6275155507964871,-0.08842713553165049,-0.7517129366350339,96,0.3125,20.30519833835884,19.37216496161467
DASH,Other equities,2020-12-09,2026-09-04,0.5411945718227718,0.07833018400152092,-0.44047600636111617,0.9945428582420948,0.12791350232832577,-0.40926970300122123,0.11724974935360244,0.019517522288237332,-0.8249380005691749,1.0864393648043058,0.13680604823320452,-0.34317125586169805,-0.26132788816159647,-0.05143873427007628,-0.6149830217014196,44,0.4318181818181818,26.338355830317333,45.334828641932305
DBA,Commodity ETFs,2016-01-04,2026-09-04,-0.27843677660945076,-0.030130674180240624,-0.41262171691254645,-0.10500433654903296,-0.010346392075376132,-0.36783997465549345,0.66186635944701,0.04877151695217141,-0.4055299539170477,0.05914870602889155,0.005401926630340448,-0.25869372128739065,-0.31873284715992733,-0.03534168760713485,-0.4102832474192659,103,0.34951456310679613,9.95186598107654,17.34324400604178
DBC,Commodity ETFs,2016-01-04,2026-09-04,-0.3436003600410238,-0.03869869622676925,-0.5492769876393265,-0.14573758817585358,-0.01465870505348077,-0.4925915071578013,1.8842676311030893,0.10440492172560645,-0.40943762120232796,-0.051718121733448696,-0.004966079392581313,-0.4046801642554293,-0.307801134870504,-0.033900971751391284,-0.41420653801379037,110,0.37272727272727274,11.451241170042676,19.78627718651702
DD,Other equities,2016-01-04,2026-09-04,-0.6995316913566072,-0.10660477788788392,-0.733581020023748,-0.5788220157350852,-0.07786680557497916,-0.6272358908826441,0.9379970544918959,0.06399442968762381,-0.7273670557717253,-0.2969027279990033,-0.03248502657378605,-0.47245389312701336,-0.5726504416831719,-0.07660837645914798,-0.5922339220396116,97,0.27835051546391754,16.54603574627759,12.070967562152202
DDOG,Other equities,2019-09-19,2026-09-04,-0.758148943636916,-0.18449912622282205,-0.9089152370674092,-0.6398926698065279,-0.1364938200959861,-0.8696158617849716,4.6705725699068115,0.2831744168349819,-0.6810643060643056,1.0462465826163103,0.10835868688882133,-0.407809854632311,-0.8818074720721804,-0.26422656904841846,-0.9241831847701218,62,0.3225806451612903,29.306873766626094,11.825627383038807
DE,Other equities,2016-01-04,2026-09-04,-0.6522126062535379,-0.09427121116064363,-0.7034062279141751,-0.5048272040712308,-0.06376807153111497,-0.6335912915315187,9.82625663440518,0.2502081977411268,-0.3790937366591448,0.48744470101129456,0.0379258483850855,-0.30247373669244704,-0.7661846564715942,-0.12736657416463337,-0.767367375452001,100,0.28,16.849420653234894,14.73854021823071
DECK,Other equities,2016-01-04,2026-09-04,-0.6291677310207477,-0.08880696302703783,-0.7099466504631233,-0.4328359921065156,-0.051777651022882565,-0.5728946834682701,9.920081445660516,0.2512199951241476,-0.643494240509165,-0.11966138049707364,-0.011877213376383478,-0.45848745793903434,-0.5787617846543656,-0.07785444348826409,-0.651128471792859,98,0.3163265306122449,20.498890075078705,19.633173891423215
DELL,Other equities,2018-12-28,2026-09-04,-0.12582406184886485,-0.01734566046937014,-0.589303976444332,0.2176828317420425,0.025958524196623145,-0.5141362197916302,24.054493307839277,0.5206335641862019,-0.5958896201362429,0.08971423661935463,0.01124214399384127,-0.46198711096024403,-0.19779341337862466,-0.02826998917421142,-0.38689607502074974,75,0.36,20.32245666706077,34.35068935909074
DG,Other equities,2016-01-04,2026-09-04,-0.5208115267112827,-0.06664368223494632,-0.6455679749797566,-0.33137277283491196,-0.03703388495524851,-0.5965867128623601,1.1198281349458994,0.07297767560125767,-0.7260822868473236,0.018489938056200916,0.0017190769330990285,-0.2677504496339057,-0.5295108420970225,-0.06824544000634114,-0.602079218855528,97,0.3402061855670103,15.963595259368379,18.94387538763708
DGX,Other equities,2016-01-04,2026-09-04,-0.4953430861714009,-0.06210138112961883,-0.6128556208034421,-0.33120027258796847,-0.03701059668776541,-0.5137100413693518,3.1501575078753907,0.1427298034410598,-0.36596874078442954,0.09539916750574928,0.0085789809632697,-0.28050297923381085,-0.53929405024315,-0.07007915436169754,-0.5533858558485172,90,0.32222222222222224,14.46087381709108,16.414281358343242
DHI,Other equities,2016-01-04,2026-09-04,-0.2690484742989703,-0.028954557930593205,-0.4887165089674169,0.042965142932886335,0.003951639292189002,-0.4384389274763616,4.298812175204175,0.1692078883450958,-0.5361269184342131,0.8048817724025128,0.05691989063877423,-0.3381586262174954,-0.5950141793896875,-0.08124972320983337,-0.6450013380414614,88,0.3522727272727273,19.389602329495165,31.201361723185663
DHR,Other equities,2016-01-04,2026-09-04,-0.6271232942050974,-0.08833718212348929,-0.7063635729659734,-0.49239213341122967,-0.06158858442279391,-0.6507983929759666,2.616509926854765,0.1280793666907205,-0.42902074424850756,-0.05873716335002377,-0.005658883676045168,-0.5737908959516154,-0.6038548519327536,-0.0831488279928555,-0.6736173833151506,96,0.3125,15.61336477739065,13.47311607938677
DIA,Broad-index ETFs,2016-01-04,2026-09-04,0.16478337353224481,0.014402904432936792,-0.2780923896047176,0.4413415465781001,0.034866664151571136,-0.1791087176097088,2.834577828833997,0.13428847898720164,-0.368188736681887,0.7959214447243936,0.056426867353847276,-0.11049425614440933,-0.3514285510906644,-0.03977933941245981,-0.41434844515894653,96,0.3958333333333333,10.404509305570226,27.65581730458553
DIS,Other equities,2016-01-04,2026-09-04,-0.06786755400981759,-0.006567125770146953,-0.47901248053028533,0.2378012349289489,0.020201653228916205,-0.41820491314340735,0.11794055201698495,0.010506831882903134,-0.6071209644462618,0.475102121424124,0.037115370426682226,-0.304468188725482,-0.36808954956266693,-0.04211922553886893,-0.41853409455804447,89,0.3258426966292135,15.11354719211474,30.56687889387665
DLR,Other equities,2016-01-04,2026-09-04,-0.4384946053437211,-0.0526686028963852,-0.6720963867998707,-0.22837039294508477,-0.024011764416073444,-0.6249936754815412,2.549839834181259,0.1261132568420278,-0.485158987241358,0.4716877614185748,0.03689008064039978,-0.269073700493241,-0.6184615994122034,-0.08637239878066172,-0.6411167965736924,91,0.3516483516483517,16.166921952500733,21.01242123986363
DLTR,Other equities,2016-01-04,2026-09-04,-0.2552970446953101,-0.027256329715672822,-0.6094320908266968,0.041357518606113475,0.003806460771281328,-0.5062991763014418,0.6675548788224794,0.04910755050290527,-0.6483800551470589,0.16275545947443804,0.014237201955034307,-0.4776192351361459,-0.3595360492727361,-0.04091107246975767,-0.5158196775433532,88,0.3522727272727273,17.76267636254974,29.66545633014236
DOC,Other equities,2016-01-04,2026-09-04,-0.6161617488604256,-0.08585750393307512,-0.6916933799392587,-0.47440967062013484,-0.05852088474594952,-0.6188858647122074,0.6480446927374348,0.04795067647526641,-0.4870235198702352,-0.19724916527656167,-0.020387209818619745,-0.3804320012221467,-0.5218463381955729,-0.06683282902250953,-0.6108965259034529,90,0.37777777777777777,16.00268251555339,14.17520782402908
DOV,Other equities,2016-01-04,2026-09-04,-0.37072371729081754,-0.042494278289401555,-0.5154030883578813,-0.14028772073999507,-0.014071079841456391,-0.4778394098436711,3.632084534101832,0.15456009965274964,-0.4524309039496488,0.4259750665902886,0.033827293649004275,-0.333723226657907,-0.5587045682265184,-0.07382429580575378,-0.5671368163679252,97,0.32989690721649484,15.128057626604168,23.043599655082247
DOW,Other equities,2016-01-04,2026-09-04,-0.5188090209901604,-0.06627870550339443,-0.605149186990763,-0.35353182311113296,-0.040071700092705664,-0.4849287922705069,-0.05912432086928754,-0.005697233592077189,-0.6493888637392476,-0.5667047830009222,-0.07541149411731785,-0.6158004370349978,0.11053840460663245,0.009877679157610286,-0.26428975771851304,80,0.3875,17.27179581751252,16.52771978790274
DPZ,Other equities,2016-01-04,2026-09-04,-0.002625838429016536,-0.0002464657463636666,-0.5119527534161037,0.35535604367767615,0.028916201934325203,-0.45996685482926547,2.5268327990900676,0.12542700415242192,-0.47813162677976306,0.5785469361555475,0.04372633257945435,-0.4140626173372629,-0.36816946096006964,-0.04213058246517898,-0.37988995468903475,87,0.367816091954023,16.98684155919141,35.79818821066927
DRI,Other equities,2016-01-04,2026-09-04,-0.7593535186488239,-0.12500750173511932,-0.847799964467724,-0.666193032696859,-0.09774833227837643,-0.8100476465556636,3.715807784300943,0.1565006572122596,-0.7279862174578866,-0.4006192974514131,-0.046853552770215634,-0.6723175258684337,-0.5985081262577532,-0.08199574073013582,-0.655168997340795,93,0.26881720430107525,15.73507732954925,9.316048595196492
DTE,Other equities,2016-01-04,2026-09-04,-0.4043576467523833,-0.047412458490083575,-0.5915570886065347,-0.22191515134888906,-0.02324919603857012,-0.5071818686059502,1.8576228475430332,0.10344441349167588,-0.43758127438231476,-0.23282032174548206,-0.024540815482957612,-0.3337007993005776,-0.2235947195540693,-0.023447052803597934,-0.45540863906611506,94,0.2872340425531915,13.255899113700773,18.244249540349422
DUK,Other equities,2016-01-04,2026-09-04,-0.4330589002740697,-0.05181259530618343,-0.5178182462477571,-0.2734126686814067,-0.0294995675450217,-0.4431333527821698,1.6140465318547546,0.09426654865027428,-0.3736457545981353,0.04415465667414065,0.004058929331048233,-0.22616259254931448,-0.4570334039099534,-0.055645662824248765,-0.4570334039099534,89,0.29213483146067415,13.222510519754529,15.9646231592663
DVA,Other equities,2016-01-04,2026-09-04,-0.5545614396532117,-0.07301254426635873,-0.7454121149289468,-0.3523021472037223,-0.039900667234605613,-0.6528557373116839,1.6793359545653144,0.09680026667698827,-0.5109881895649572,0.023418959506127157,0.0021725700440464735,-0.41385431655674865,-0.5647544378484601,-0.07502212349226511,-0.6428049758849521,101,0.297029702970297,17.634414160785287,20.225929244948937
DVN,Other equities,2016-01-04,2026-09-04,-0.585139999299908,-0.07917251945765902,-0.8225516613148629,-0.3305787558970851,-0.03692673440386329,-0.7777346542684247,1.153225806451617,0.07455128479772966,-0.8851280558789287,-0.1983551640448138,-0.020513820656444692,-0.7152653118699548,-0.48248902494859447,-0.05988721437654887,-0.6953473827928012,98,0.3469387755102041,22.70238979973335,25.456124340282294
DXCM,Other equities,2016-01-04,2026-09-04,0.27817872582431824,0.023276407168956625,-0.5829784137367773,0.9113521437637875,0.06261438636289363,-0.5422657063814607,3.480122324159021,0.15095521618027208,-0.6631863407443803,0.2533151783048875,0.021393648900163154,-0.6514854995016148,0.019838224215122935,0.0018433228665761803,-0.454402707966295,84,0.3333333333333333,22.97184805333374,63.31734179394692
EBAY,Other equities,2016-01-04,2026-09-04,-0.41859808414177546,-0.049571024680217124,-0.5778508787539212,-0.17921215110417088,-0.01834439959592249,-0.4766335011003239,3.4362934362934308,0.14989490531207506,-0.5358352526757888,0.5116849312144005,0.03950000407812837,-0.2949927440004543,-0.6153947797897545,-0.08568641501578189,-0.626343968608565,96,0.3229166666666667,17.084675551994486,23.93859330376046
ECHO,Other equities,2016-01-04,2026-09-04,-1.0004344268731196,,-1.0003818440573238,-0.997947885205106,-0.44021803174397856,-0.9991345100744436,1.312644862219948,0.08177069849590235,-0.8444979919678708,-0.0004818627703735423,-4.5184501357153906e-05,-0.6657068312176737,-1.000434636308175,,-1.0003837426643871,91,0.31868131868131866,22.162175559411377,0.24865416680135422
ECL,Other equities,2016-01-04,2026-09-04,-0.5237333409310916,-0.06717869962132361,-0.6412836166182103,-0.373195738155797,-0.04284754094314547,-0.5991441689091357,1.7838915470494392,0.10074356258574912,-0.4369946844150622,0.05732139304193673,0.005239181971364193,-0.40840481564091324,-0.5495535584514368,-0.07204044857331326,-0.5796178415522322,91,0.32967032967032966,13.841055409425977,15.05376027752946
ED,Other equities,2016-01-04,2026-09-04,-0.4491980262291745,-0.054376346449416246,-0.5193475191625264,-0.28769833369851494,-0.03130458025802274,-0.40764604557994044,1.4467502850627088,0.08750253870744595,-0.3091103393000266,-0.08623591556086474,-0.008419002597839675,-0.25885751863649487,-0.39721643348577607,-0.04634754394444818,-0.4249535641042561,90,0.3111111111111111,13.410763729082388,16.149969253065954
EEM,Broad-index ETFs,2016-01-04,2026-09-04,-0.2826379582894746,-0.030661473167514885,-0.4037016863015779,-0.053996680730707736,-0.0051904703266003605,-0.3083354595743132,1.753507014028059,0.09961164404238576,-0.39816799844085105,0.6148449330560817,0.04595322868422835,-0.2586569808840228,-0.5557703238087865,-0.07324868813505359,-0.5669834737664299,112,0.32142857142857145,11.629432692491589,22.864127755876684
EFA,Broad-index ETFs,2016-01-04,2026-09-04,-0.4725450007382912,-0.05820824844418826,-0.5124905319492902,-0.3267038418921856,-0.03640547157040408,-0.4067312420486404,1.5675355450237078,0.09242635382145648,-0.3420464316423032,-0.16282964327041238,-0.01652392866695107,-0.3224790842517671,-0.3699549977829897,-0.04238468122639372,-0.3704217761814903,113,0.2831858407079646,10.185526847550344,14.58411588461056
EFX,Other equities,2016-01-04,2026-09-04,0.0869997551876307,0.007851416631611263,-0.5733633607839437,0.49510791970297996,0.0384259937820266,-0.5366612415828265,0.7943650552346093,0.0563410031256677,-0.49694494255163746,0.4577511526325566,0.03596556078056046,-0.5115252453100257,-0.2543310610836311,-0.027138106915220228,-0.502732141212087,90,0.35555555555555557,17.2442650404879,40.810816451534926
EG,Other equities,2016-01-04,2026-09-04,-0.7582914321057598,-0.12464618420433038,-0.8496234750448232,-0.6681766036132171,-0.09825232415099705,-0.8011032046813351,1.6769046949676611,0.09670692370589062,-0.44207135186731883,-0.2192679738114558,-0.022938137174660533,-0.4944229844605791,-0.6904077714420949,-0.10409581102220478,-0.7398767616145178,96,0.25,15.644625421153949,9.011482849254271
EIX,Other equities,2016-01-04,2026-09-04,-0.21662671422668656,-0.022628724857439164,-0.43032777152449064,0.051063800148855476,0.004679928784255383,-0.37621107922555586,0.4904174323969597,0.038120142421499414,-0.4387996513510146,0.18887860564816217,0.016351989735356565,-0.2778872908973202,-0.3410821911912312,-0.038353557612403555,-0.36727602514801794,91,0.38461538461538464,14.884229023819195,26.769051437554204
EL,Other equities,2016-01-04,2026-09-04,-0.35575162348553735,-0.040381195005752435,-0.6792176962094638,-0.08812605658160066,-0.008611474351650883,-0.6396172587773559,0.3672985781990681,0.02976277923581705,-0.8581617860249343,-0.1172916783910618,-0.011628157350916157,-0.523047979091569,-0.2701457993052866,-0.029091316055474437,-0.5199456147273304,91,0.2967032967032967,17.63168105254757,26.76255669039367
ELV,Other equities,2016-01-04,2026-09-04,-0.20379197075600453,-0.021138518258464356,-0.7283473177082544,0.08692566135517832,0.007844975920589192,-0.6818406609825083,2.395833333333318,0.12144046291162147,-0.5038180610889772,0.49839371962895784,0.03863973255110453,-0.4874388840999976,-0.46862562301638366,-0.05755436551877424,-0.5782366917676056,89,0.30337078651685395,16.693923884408054,29.071763211118284
EMB,Bond ETFs,2016-01-04,2026-09-04,-0.051293858727808894,-0.0049243522306133825,-0.2640438715818555,0.03999144914453434,0.0036829364491588468,-0.22886300926155378,0.48467703913247284,0.03774464085155871,-0.28746038931643336,0.09096881256413925,0.008195852390315617,-0.11563631756547599,-0.1304003099388158,-0.013013547506491085,-0.22143802692050796,56,0.30357142857142855,7.666613149287602,9.128530787234324
EME,Other equities,2016-01-04,2026-09-04,-0.36354777672834526,-0.04147588289049131,-0.627289619660869,-0.082989044121494,-0.008089216576674052,-0.537059360403759,16.035464196973138,0.3044860371145004,-0.4799603611539308,1.2656647514964714,0.07969127540180043,-0.3082552415531299,-0.7190880853615805,-0.11222389311907732,-0.7281377301139211,99,0.32323232323232326,16.813985828842196,28.055873260685125
EMR,Other equities,2016-01-04,2026-09-04,0.37295548792290223,0.03016144739468296,-0.4633020346547787,0.8164870734911849,0.05755516154572904,-0.4196882575106363,3.241465445462124,0.14506362498723813,-0.5077220077220076,1.0246469483387117,0.06836646426697657,-0.2688580926284915,-0.3218790619028884,-0.03576021725701273,-0.44443962009294413,86,0.46511627906976744,15.4127519425752,44.35315855682826
ENPH,Other equities,2016-01-04,2026-09-04,-0.6003154808146209,-0.08238395372989171,-0.9685602321120261,-0.15932977636603418,-0.016139202729516966,-0.956405584533316,9.42120343839539,0.2457468586356455,-0.9222619047619048,6.1281483441952895,0.20217188884831305,-0.8172032877981477,-0.9439287035165512,-0.23670146109539358,-0.9687468237723176,92,0.34782608695652173,36.642134452526584,44.09857044485867
ENTG,Other equities,2016-01-04,2026-09-04,-0.8271734463506403,-0.15174587251750016,-0.8405427897366655,-0.7220928368843453,-0.11311848992288664,-0.7662569415086591,10.3535188216039,0.2557942289180075,-0.5931924418987424,-0.09766193976151905,-0.009588054864753559,-0.4693861268606261,-0.8084680661661526,-0.14353402980548113,-0.8084680661661526,98,0.336734693877551,21.27534430587245,10.508060946629493
EOG,Other equities,2016-01-04,2026-09-04,-0.8322465354047865,-0.15411182667117107,-0.845235082690204,-0.7420616020004205,-0.11929669760487294,-0.769008990742962,1.89684756584198,0.10485561975219393,-0.7713373828889122,-0.34918642604862127,-0.03946862243828886,-0.47868648583881124,-0.7422403721902935,-0.11935393982016718,-0.7422403721902935,102,0.30392156862745096,18.90863513572419,9.018493340436606
EPD,Other equities,2016-01-04,2026-09-04,0.0906282235219329,0.008166340572444364,-0.44418430356597716,0.3928815603298963,0.03155397097303503,-0.34881829618829996,2.1352657004830835,0.11307831124112577,-0.5803021824286514,0.6976523785182003,0.050868373380979826,-0.2319051036695453,-0.3575668156080972,-0.040634996627740616,-0.45991811758775103,79,0.3670886075949367,14.308998204329221,30.22533368079634
EQIX,Other equities,2016-01-04,2026-09-04,-0.27488835172388315,-0.02968452518825071,-0.4999720113242123,-0.027997914979430716,-0.002658708991266967,-0.4300848125087725,3.3111943404078144,0.14681542326451624,-0.41768128636676527,0.5273369679996203,0.04050433388893393,-0.2378424436143285,-0.5252444853568823,-0.06745657542323769,-0.52805677439649,88,0.3068181818181818,15.935393525232765,24.689043674445244
EQT,Other equities,2016-01-04,2026-09-04,-0.9366528728469907,-0.22792071730758312,-0.953896990294802,-0.8897849580442531,-0.18677619761324216,-0.9206443277341992,-0.0891530460624097,-0.008716203624544172,-0.9489556857111283,-0.6217662415233342,-0.08711719454733913,-0.775968766265046,-0.8325185794939629,-0.15424052454402992,-0.8807910039601093,99,0.2828282828282828,23.835329230740093,4.686791480273767
ERIE,Other equities,2016-01-04,2026-09-04,0.04827826187144857,0.004430008702548172,-0.627406089556779,0.42358902432633805,0.0336649949725738,-0.5934827759422328,2.3837505019408463,0.12106577380113581,-0.608660146234925,1.7067920388652111,0.09784908937390613,-0.31262388407431696,-0.6127230142471816,-0.08509282521210115,-0.6272974507569513,86,0.3023255813953488,16.843101408476052,37.53107624548895
ES,Other equities,2016-01-04,2026-09-04,-0.6531531197271427,-0.09450111879733558,-0.6618357105880353,-0.5308092085325631,-0.06848679936310031,-0.5471157039018468,1.0116081540204043,0.06771954462605079,-0.41683493185260045,-0.2681051462747466,-0.028837140882598256,-0.33068040162112455,-0.5260973915755107,-0.06761376559891608,-0.5405193060286682,96,0.3541666666666667,14.705597563755097,12.234391119457966
ESLT,Other equities,2016-01-04,2026-09-04,-0.6565383249191943,-0.09533333231305707,-0.7170472625648829,-0.5171508308656594,-0.065977524066414,-0.6147835786072109,7.92600583830435,0.22779004950771542,-0.3288969380448963,-0.07633015671405163,-0.0074161682192009915,-0.4790680349851568,-0.628155365710607,-0.08857404410479242,-0.6524600915673846,108,0.32407407407407407,14.536837899149239,13.93874940535349
ESS,Other equities,2016-01-04,2026-09-04,-0.6013403579058254,-0.08260480091852318,-0.6415004414728365,-0.46746990230343544,-0.057362387174868745,-0.5260987129357251,0.6607653791130215,0.048706359209056194,-0.44843785807043,-0.3008654911818748,-0.032997561398016684,-0.3964455786718708,-0.4297811979441529,-0.05130001491229419,-0.4550865300006417,92,0.2608695652173913,14.776858623249545,13.387045560238997
ET,Other equities,2016-01-04,2026-09-04,-0.4386219965208893,-0.05268875420600849,-0.6527234023769015,-0.1961169948090089,-0.02025776657278444,-0.5186419475661197,2.816116435924742,0.13377539198769828,-0.760033977489913,0.000701201799704565,6.571679105848993e-05,-0.5194426165628938,-0.4390153599600909,-0.05275100437033464,-0.47771301475476124,88,0.32954545454545453,18.821863989916665,24.250500171188037
ETH/USD,Crypto,2021-01-01,2026-09-05,-0.4858547888003403,-0.11060420222537304,-0.833594819974059,-0.1830198058140471,-0.034989131021786246,-0.7905020057087699,2.3934937550445166,0.2402144457762152,-0.7935036056443401,0.69785657571068,0.0977593858181689,-0.6243916634436977,-0.6971798333528539,-0.18980806790209903,-0.8570179896968848,67,0.3283582089552239,30.132301888375387,30.28349829862932
ETN,Other equities,2016-01-04,2026-09-04,-0.6759139968120886,-0.10024472645672655,-0.7175220274944529,-0.5367713898463227,-0.06960296785740339,-0.5969549990008081,9.111986217081006,0.24223402069642797,-0.4454865181711607,0.9302552940341118,0.063595235090536,-0.2580576450823291,-0.8321020000879824,-0.1540435272195595,-0.8321272276453282,100,0.33,16.293135337146488,13.914260696576598
ETR,Other equities,2016-01-04,2026-09-04,-0.07763551583531692,-0.007547760370451462,-0.3541545813069096,0.18517697226892227,0.01605490194402681,-0.30371518561969646,3.7110232762407014,0.1563906051727859,-0.41998132586367887,0.4408853775360766,0.03483595436014619,-0.199697662605966,-0.35986269376823743,-0.04095694061654864,-0.4620740476387508,86,0.3488372093023256,14.081867788383507,26.281248810423918
EVRG,Other equities,2018-06-05,2026-09-04,-0.3626322552071578,-0.05313677880984602,-0.4853970119641329,-0.21661549869710284,-0.029161146061382093,-0.41348336422040366,1.0456598093326557,0.09063815001157782,-0.38803088803088837,-0.07061052487343622,-0.00883768353101888,-0.2300172606728319,-0.31420813141224135,-0.04469408747968018,-0.378105302037288,66,0.3484848484848485,13.76563880678503,14.601675651005497
EW,Other equities,2016-01-04,2026-09-04,-0.7607443197190551,-0.1254828382049339,-0.819952610753141,-0.655435374225304,-0.09506137135529802,-0.7492366072551886,2.420852359208532,0.12221247840285665,-0.5431588613406801,-0.34494162777102644,-0.03888301959591833,-0.5507548748075846,-0.634756701961039,-0.09010330727130322,-0.6942250774812522,100,0.27,17.192343374985555,10.530894549375114
EWG,Theme ETFs,2016-01-04,2026-09-04,-0.6380571944916038,-0.09087731400935894,-0.6601781459567041,-0.5117009664969085,-0.06499421091461932,-0.5436049503146735,1.2324516785350945,0.07819749580960411,-0.46778126088470806,-0.2615528071745937,-0.028025328531433247,-0.39994172553199814,-0.5098595958858588,-0.0646642215305483,-0.5170299878866866,124,0.27419354838709675,11.063511821225225,12.635622799469527
EWJ,Theme ETFs,2016-01-04,2026-09-04,-0.6537690914288798,-0.0946519988750415,-0.658422810348994,-0.5515459775334781,-0.072426024468075,-0.5663797326780079,1.532989690721644,0.09103990009431273,-0.3314086005166381,-0.18041013974718634,-0.018478812079361973,-0.29415227967687363,-0.5775558906203158,-0.07760727708492288,-0.587018962117587,115,0.20869565217391303,10.945171304190502,10.222311389540174
EWZ,Theme ETFs,2016-01-04,2026-09-04,-0.5231816025785048,-0.0670774426673888,-0.6450865380694877,-0.3137834030501485,-0.03468681277196273,-0.5600626123834742,2.2003381234150416,0.11522401367197554,-0.57025576255131,0.5376580648953031,0.04116150732388646,-0.39218074223408816,-0.6899060927086158,-0.10395980760898849,-0.6956921884720186,100,0.36,16.607181404758197,20.939819952835627
EXC,Other equities,2016-01-04,2026-09-04,-0.7021658950176329,-0.10734199778633235,-0.729691963969258,-0.5980670893402419,-0.08190124806861343,-0.6450123633663982,2.2041116005873733,0.1153472240614557,-0.40035523978685617,-0.3466552590867955,-0.039119013219008236,-0.445369866585574,-0.5441394315563444,-0.07100045219530815,-0.5607834382631187,98,0.30612244897959184,14.066489755824636,10.409880567739105
EXE,Other equities,2016-01-04,2026-09-04,-0.9954419420370088,-0.396731553674741,-0.9963042362360014,-0.9884947372104896,-0.34202551794307956,-0.9914436890320938,-0.8743986761253572,-0.17675195538570643,-0.9945902880762313,-0.7218703190752336,-0.11305194048443445,-0.8469703786592302,-0.9836117528059718,-0.3198379094997367,-0.9862972884005508,86,0.29069767441860467,25.62733776615481,0.6947204826519116
EXPD,Other equities,2016-01-04,2026-09-04,-0.7602031720727744,-0.12529759237416171,-0.7868195139794794,-0.6742479776991386,-0.09981210717621747,-0.711581162457086,3.863472436888145,0.1598484074807589,-0.35622083981337516,-0.4296827737437481,-0.051284664269459546,-0.5481766261615755,-0.579537813540492,-0.07801384178923376,-0.579537813540492,96,0.21875,15.158939473754367,8.595519437363585
EXPE,Other equities,2016-01-04,2026-09-04,-0.764071428507765,-0.1266301900511495,-0.849070100018898,-0.6410620719764499,-0.09158757821587438,-0.7775796812336601,1.6120946538124237,0.09418992183968045,-0.7050307873706283,-0.25938015357199196,-0.027757585009045904,-0.5736898365149615,-0.6814444378852229,-0.10169542443077206,-0.7222913888356838,98,0.25510204081632654,20.25046652521216,12.300935653131507
EXR,Other equities,2016-01-04,2026-09-04,-0.42972885887561996,-0.05129185159712779,-0.5450432912340477,-0.21958316877679718,-0.022975124257154755,-0.4744252110793282,1.3537863421230414,0.08356048736739563,-0.5136658513240454,0.1475583487439016,0.012987031219706013,-0.3186632860306031,-0.5030569541421686,-0.06345479343347349,-0.5831099949602916,93,0.2903225806451613,16.22859562524637,21.01456900988228
F,Other equities,2016-01-04,2026-09-04,-0.27720519194524706,-0.02997560027254509,-0.5468012824172969,0.03726866800009043,0.003436294725595923,-0.4900206967283257,0.7912276402842562,0.056167710172644325,-0.6515976331360941,-0.026039801808597773,-0.002470522017493315,-0.43155842905129105,-0.2578805485101445,-0.02757319844891226,-0.48260915303255614,94,0.39361702127659576,18.584073088622535,31.44738599453375
FANG,Other equities,2016-01-04,2026-09-04,-0.7184936300834242,-0.1120479356618046,-0.7818672573876831,-0.5685217054113845,-0.07577565967057676,-0.7187610951620267,2.961423742294678,0.13775449345763024,-0.8872011251758087,-0.4002814450642247,-0.046803197579337374,-0.6503890211838994,-0.5306025341391645,-0.0684483392273002,-0.6958575563433148,92,0.29347826086956524,21.23486330017348,14.997192467203968
FAST,Other equities,2016-01-04,2026-09-04,-0.528659576760503,-0.06808752174990462,-0.6820061228110177,-0.3610128200761834,-0.04111861291484076,-0.6157588682271418,5.545262602269751,0.19259549186065072,-0.306968641114982,0.36872564515478534,0.029863491915179008,-0.24739994725952896,-0.6556355724698975,-0.09511067673923401,-0.6556355724698975,91,0.34065934065934067,16.029325229754285,16.764675668431963
FCX,Other equities,2016-01-04,2026-09-04,-0.6745569443316315,-0.09989218562001867,-0.8312304507228594,-0.45824104733722837,-0.05584277341312538,-0.774690089721966,11.310426540284363,0.2653570910574674,-0.7259012756516914,0.96178420006513,0.06521200677963179,-0.494463395025039,-0.8341086365882829,-0.15499655594269568,-0.841113761548409,98,0.2755102040816326,24.261405955525017,21.631589699440312
FDS,Other equities,2016-01-04,2026-09-04,-0.45817561204310364,-0.05583208291867725,-0.5844390571348728,-0.26121800117559413,-0.02798402275357592,-0.504182181499458,1.1686297041080218,0.0752696342499688,-0.611312695681023,0.043327232735395294,0.003984310279508296,-0.4273813450508177,-0.4806764637626284,-0.05957901192851578,-0.5499540361628978,92,0.33695652173913043,15.262938252644538,19.695761086750952
FDX,Other equities,2016-01-04,2026-09-04,-0.5858180699234599,-0.07931372273380732,-0.7032585982596626,-0.4027119079262266,-0.04716602007432358,-0.6510920657397388,2.285656071719662,0.11797816625978386,-0.6596713418463467,0.09517112510726222,0.008559294606352408,-0.4022754025635171,-0.6218107649286537,-0.08712726937334592,-0.6498161819961223,105,0.3333333333333333,16.956034936951006,18.310616199723327
FDXF,Other equities,2026-06-01,2026-09-04,0.04860791060027325,0.20019567954300155,-0.11636317920430783,0.05255068432994214,0.21763900231959266,-0.11242040547463972,-0.13428743395974008,-0.4255946984789212,-0.32823941419929925,0.0,0.0,0.0,0.04860791060027325,0.20019567954300155,-0.11636317920430783,0,,39.42773729668343,0.39427737296688914
FE,Other equities,2016-01-04,2026-09-04,-0.7026009114557537,-0.1074643115197631,-0.755567447884868,-0.5979691065799855,-0.08188026790809477,-0.6763061437234835,1.3233979135618386,0.08224125956039696,-0.47675295300326703,-0.38525908639367,-0.04458977235962769,-0.5200748952643977,-0.5162204402508748,-0.06580894503863566,-0.5399831307715388,99,0.35353535353535354,13.962498831451603,10.463180487576818
FER,Other equities,2024-05-09,2026-09-04,-0.480237915518954,-0.24561760793437126,-0.49556088741100257,-0.43917735417476733,-0.22050325985548647,-0.4576441872186898,0.5121125293045075,0.19495169634593323,-0.21783923003931216,-0.13945600092229926,-0.06264196978237269,-0.18939667332607102,-0.3960075428588107,-0.19520357457173232,-0.41381368863226453,24,0.16666666666666666,14.603606459596005,4.106056134418667
FERG,Other equities,2021-03-08,2026-09-04,-0.2335652034886796,-0.04727976421765656,-0.4161153087816817,-0.08906366704000868,-0.01684129341078,-0.3787201103175799,1.1670777988614782,0.15121281194093772,-0.43311947706088827,0.26571411165123404,0.043838097703324364,-0.27644475336315566,-0.39446452444822644,-0.08729118253248314,-0.43675701266635425,52,0.36538461538461536,16.093797693958614,14.450153644867092
FFIV,Other equities,2016-01-04,2026-09-04,-0.653994189413431,-0.09470719652259396,-0.7317351888505499,-0.5139492037838667,-0.0653986467517973,-0.674007613705317,3.0283709893737774,0.13954344388124507,-0.5459332062982645,-0.4175062046142203,-0.049403830976241236,-0.5454977070903777,-0.40599228124410647,-0.04765784570000764,-0.5397249402850628,100,0.3,16.534073515858168,14.004498562956435
FICO,Other equities,2016-01-04,2026-09-04,0.5353213023818488,0.04101306989212561,-0.47386225849467856,1.1856413742323406,0.07605760742500167,-0.39903090260808594,9.026457302645673,0.24124519111024134,-0.612839993284084,0.07689201616440222,0.0069690902710604075,-0.48847386039673424,0.4256966152003332,0.03380836606603399,-0.3199031727104721,89,0.4157303370786517,18.614405722815203,65.03200718504918
FIS,Other equities,2016-01-04,2026-09-04,-0.6619834751311495,-0.0966876848095487,-0.7451824512466602,-0.5413858073334505,-0.07047579740502163,-0.6607301123091025,-0.1528816986855459,-0.015434177219609602,-0.7245911214953269,-0.5182570523740846,-0.06617834569608705,-0.6303023271243438,-0.29834670847879463,-0.03267148386723129,-0.38890832257277697,91,0.2967032967032967,15.736171159724613,12.059766779769898
FISV,Other equities,2016-01-04,2026-09-04,-0.7315395149123377,-0.11598927347802723,-0.7456451223117777,-0.6294106015789551,-0.08886292692293263,-0.6494133955738229,0.1843575418994463,0.015989021972696804,-0.8015896379158082,-0.08197815642683848,-0.007986756320863875,-0.3090855149439048,-0.7075663428195247,-0.10887205170427805,-0.7163285731525884,97,0.32989690721649484,15.19412780526982,10.21289133333826
FITB,Other equities,2016-01-04,2026-09-04,-0.558058992661459,-0.0736973569441075,-0.6513128731564168,-0.35372946565356167,-0.04009921724731502,-0.5921444258752286,3.0434782608695636,0.13994340876470712,-0.640564163686929,-0.05806813768175678,-0.005592646972502835,-0.5418010714995802,-0.5308142499279579,-0.06848773771056527,-0.5343260784278785,98,0.35714285714285715,17.17951532163118,20.43295270078973
FIX,Other equities,2016-01-04,2026-09-04,-0.3564604266137694,-0.040480223214832134,-0.5526150479081474,-0.03559645415278534,-0.0033922447872027917,-0.511502689082314,62.39921259842506,0.47552088919427105,-0.496913035808784,2.4055218538076715,0.12174003254881605,-0.4480746775916914,-0.8110305553709197,-0.14461484038779593,-0.8255315877305304,94,0.39361702127659576,19.3593109513698,32.08639724609841
FLEX,Other equities,2016-01-04,2026-09-04,-0.6712702977908489,-0.09904385609917155,-0.8388922444264879,-0.49750617665034036,-0.062478997318322405,-0.7709334771624947,12.55657340925976,0.27684757483777256,-0.7000701262272091,1.050042832500266,0.0696157153045236,-0.4158464675299778,-0.839647398094494,-0.15768239844501275,-0.8857631671658887,97,0.26804123711340205,20.17548352073623,17.376412114050854
FLOT,Bond ETFs,2016-01-04,2026-09-04,0.2501361265921962,0.021150483711945167,-0.0740787098965825,0.2846258524781884,0.02375918607850891,-0.0647270302723959,0.366809881847451,0.029728268473904196,-0.13546012269938634,0.25942106178368407,0.02185912333070772,-0.006247594873026174,-0.007372383608018174,-0.0006934807377878549,-0.07387765859501016,22,0.5909090909090909,5.4625377568250775,3.4489725885992195
FOX,Other equities,2016-01-04,2026-09-04,-0.3702492555448934,-0.04242661950924009,-0.6920153689137651,-0.13613227609613165,-0.013625288181326689,-0.623641752150587,1.5488656195462385,0.09167917457492036,-0.6071118820468353,0.046131786744118886,0.004237014828321284,-0.47822144954025214,-0.39801968314615255,-0.04646675401178946,-0.5763033631498243,91,0.3626373626373626,16.274521897256545,23.411697944876174
FOXA,Other equities,2016-01-04,2026-09-04,-0.6820609004545749,-0.10185854079513068,-0.830784799550793,-0.5528111108019231,-0.07267166158356031,-0.7891677114437463,1.8369470945359843,0.10269347178611765,-0.6016277575497962,-0.11268559833104452,-0.011145786324895046,-0.5295591093160241,-0.641683828249139,-0.09173521558157594,-0.7334668583613914,93,0.3225806451612903,16.98603963029138,12.924978965265177
FRT,Other equities,2016-01-04,2026-09-04,-0.714970435851503,-0.11101193807119913,-0.75107122354124,-0.6089342836315892,-0.0842574091703463,-0.6842939559071297,0.26160974032970796,0.022025476693668722,-0.5647687154883676,-0.4539876235573602,-0.055150292081891816,-0.5206257536088617,-0.4779796641140064,-0.05912225565735063,-0.5459787417768021,100,0.28,14.259073956204498,10.60361522199138
FSLR,Other equities,2016-01-04,2026-09-04,-0.7505060618530692,-0.12204071765479518,-0.8661025894438159,-0.5857471949574635,-0.07929895373722207,-0.7850357493289285,2.064298561151083,0.11069173073636307,-0.6403496790056002,-0.5555377370600152,-0.07320320934788582,-0.6535782134316516,-0.43866114415067947,-0.05269494758667237,-0.6726951217256554,93,0.3010752688172043,26.262577308709513,16.47588668956057
FTNT,Other equities,2016-01-04,2026-09-04,-0.18953833638515316,-0.01950886884992331,-0.6938042643432241,0.1743118735842455,0.015178002511682998,-0.6598173126555691,24.850148858749524,0.35649566678430133,-0.38315894369705983,1.0035983958816819,0.06732025379860995,-0.5279541154518945,-0.5954969492485527,-0.0813524547477733,-0.6135604433967345,88,0.3181818181818182,19.54036406975267,36.385020996939865
FTV,Other equities,2016-07-05,2026-09-04,-0.7451382960286602,-0.12582610829742968,-0.7898525235553353,-0.6507840125926656,-0.09831696437552018,-0.7368300286367921,1.1824453813721876,0.07979686085165527,-0.5265660533388467,-0.4664836455554693,-0.059931799927568474,-0.5788948339072666,-0.5222982353808272,-0.07009524241409704,-0.5822680617014091,97,0.26804123711340205,15.40575743532569,9.435428343599462
FXI,Theme ETFs,2016-01-04,2026-09-04,-0.053914651857361995,-0.0051823836842394,-0.38767212029345377,0.26712761535970864,0.022443711974501346,-0.32059760416966687,0.33980582524272185,0.02780369470196331,-0.6079967023907668,0.45102499186169265,0.03551649479252417,-0.2581383973210196,-0.3479882473086887,-0.03930297458459897,-0.38018537104799766,103,0.39805825242718446,13.41144998216416,32.104226721707064
GD,Other equities,2016-01-04,2026-09-04,-0.5927841653986456,-0.08077662058449309,-0.6478416451187516,-0.45127743865978687,-0.05471160420244814,-0.5356974987037882,2.335715611657698,0.11956411671567957,-0.5162869020680945,-0.2594817946320731,-0.02777009470311198,-0.3883300396311522,-0.45009341883900233,-0.05452056719567233,-0.5189555945034133,102,0.3137254901960784,13.649534609718906,14.150672673885879
GDDY,Other equities,2016-01-04,2026-09-04,-0.7961001854335606,-0.13849494933523987,-0.8068317047706329,-0.700885466616143,-0.10698291655258252,-0.7237138406723788,2.0877781164279274,0.11148682834351198,-0.6501516211803119,-0.31171041880034,-0.03441380151574325,-0.41404566849577884,-0.7037586792886645,-0.10779063327839566,-0.7650469248158085,98,0.29591836734693877,17.636562032499064,9.52147188174176
GDX,Theme ETFs,2016-01-04,2026-09-04,-0.5073321025292679,-0.06421309777711381,-0.7230656434943815,-0.2619213825866057,-0.02807082014928375,-0.6084559751453295,6.754687500000066,0.21170431159714242,-0.4974570113829003,0.5572499728590883,0.04239805803204888,-0.3854138506434347,-0.6836295353621342,-0.10227489871809092,-0.7139036061012314,102,0.3333333333333333,18.404343708660022,24.54107199426622
GDXJ,Theme ETFs,2016-05-02,2026-09-04,-0.8265060167768267,-0.15581824166976577,-0.858468863918678,-0.7270120321501423,-0.11799109065581048,-0.7789128075923499,2.976271186440652,0.14280351300229532,-0.588687782805432,-0.02898455586811277,-0.0028402964608238435,-0.39915127698805664,-0.8213272669640377,-0.1534136855570717,-0.8303628601739376,103,0.32038834951456313,20.165256830029218,9.949398462668436
GE,Other equities,2016-01-04,2026-09-04,-0.4094199764416885,-0.04817439603409501,-0.736720155263926,-0.13936178294825685,-0.013971577406885483,-0.6904749288201756,1.61151134867147,0.09416701238089464,-0.8118642862223486,0.6066474217508835,0.045454303079372815,-0.43688891022515086,-0.6324146694769444,-0.08955790687138154,-0.7270773429949527,96,0.34375,18.180518955845205,27.005819349343163
GEHC,Other equities,2022-12-15,2026-09-04,-0.3693111190327162,-0.11651828367026451,-0.48512436555804783,-0.2915987413381218,-0.08849196217918676,-0.4573336687869307,0.15459423205902034,0.03939053615331001,-0.3735429365843228,-0.24470382556637704,-0.07265285609480099,-0.3742475505821462,-0.1649780545489712,-0.04730205712473512,-0.29918036182372165,32,0.25,17.251501981787833,7.771237769459438
GEN,Other equities,2016-01-04,2026-09-04,-0.3788525469534516,-0.04366069819382434,-0.7182509339761701,-0.1078957347169055,-0.010646569519048188,-0.6135140139534156,2.852922690132002,0.1347961145683192,-0.4838478104809768,0.5526176961093294,0.04210696813669634,-0.42319467329689064,-0.5999353513726747,-0.08230217142091945,-0.62229325549117,99,0.36363636363636365,17.23241516610013,27.095681223654612
GEV,Other equities,2024-04-02,2026-09-04,-0.1983779161197936,-0.08721783712671871,-0.47923262583314685,-0.09981296054286037,-0.04246956575038774,-0.4231779613177561,5.756688903235055,1.2000929755984697,-0.38285190279688197,0.8591422732723213,0.2916609082614554,-0.2703684388861798,-0.5688215499133091,-0.29332678798658984,-0.5728415800942592,19,0.2631578947368421,27.499448879504417,9.856495557693323
GILD,Other equities,2016-01-04,2026-09-04,-0.7276267467360523,-0.11478927325825072,-0.7933962465524882,-0.6321600787968518,-0.08949880902207863,-0.7384433326098059,1.2182312325547322,0.07755175601954001,-0.36004483048472913,-0.40092514767973786,-0.04689916038928588,-0.5892025594905481,-0.5453435372741396,-0.07123077647974163,-0.5759225774630627,94,0.2765957446808511,15.230431268044342,9.546666793920055
GIS,Other equities,2016-01-04,2026-09-04,-0.637343383412367,-0.09070937587726835,-0.7689160493514622,-0.5164160058476936,-0.06584435549207956,-0.7081347588893812,-0.005970924195225047,-0.0005612944253814423,-0.5961685823754793,-0.38640176584718333,-0.04475640479180143,-0.4960317954155983,-0.4089673072668655,-0.048106023757689464,-0.5855198184393096,97,0.24742268041237114,14.33639383803459,12.092737756467331
GL,Other equities,2016-01-04,2026-09-04,-0.44846445693453874,-0.05425834881135905,-0.62500574640115,-0.2692720509616797,-0.028982406886817746,-0.5850133605569703,2.3773255813953362,0.1208660426778625,-0.6162540794396243,-0.13030119612822677,-0.01300300182046843,-0.35820127348952446,-0.36583154925578343,-0.04179885761251978,-0.4875868095443382,90,0.36666666666666664,14.523491001792028,17.919240597285903
GLD,Commodity ETFs,2016-01-04,2026-09-04,-0.012710269255333362,-0.0011985064453449157,-0.23109247822720946,0.23184349477001742,0.019740296354721076,-0.21732552312540687,2.9534454271552133,0.13753947468230598,-0.2640451703972573,0.5128198030642954,0.03957314048503702,-0.19283658837655593,-0.3473844480718288,-0.039219604030321986,-0.4085176162372347,101,0.3465346534653465,10.421398660609238,24.45537640253508
GLW,Other equities,2016-01-04,2026-09-04,-0.20738977064596387,-0.021554040085232207,-0.6242932685789739,0.12110249824749242,0.010774434496028329,-0.5556138548134315,10.30402930402933,0.2552800292094568,-0.5148309235531523,0.8373445604078422,0.058687705087347775,-0.3293755858335369,-0.5686110017502124,-0.07579359313137546,-0.5937767311764955,94,0.3829787234042553,16.065052162837013,32.84922688934563
GM,Other equities,2016-01-04,2026-09-04,-0.8122426584498225,-0.14513071783559617,-0.8272558507557317,-0.7167841809472781,-0.11154381243903322,-0.7404294793086357,2.2967693463561165,0.1183321308748213,-0.599602089032579,-0.14322364748303162,-0.014387221659566851,-0.39620920660420766,-0.780856064714439,-0.13265198975623482,-0.7826376375630167,104,0.34615384615384615,18.40494835513484,9.545847750254433
GNRC,Other equities,2016-01-04,2026-09-04,0.2517170959235613,0.021271481776728773,-0.537846169249206,0.888802045901965,0.0614327395444596,-0.464891387127947,5.480456589415393,0.19148348092844825,-0.8374851720047449,1.300050855937552,0.08121704824120002,-0.4125070382845617,-0.4557872089252859,-0.05544267597517438,-0.593337563196694,90,0.4,20.715181810370797,63.70849499784037
GOOG,Other equities,2016-01-04,2026-09-04,-0.5320031228818987,-0.06870927643488323,-0.6200769436602571,-0.33921040475382247,-0.03809778538569286,-0.504658472344413,8.126565051714746,0.23035039893182607,-0.4459776274365329,0.2741911197208229,0.022976698279028263,-0.3599718876896959,-0.6327106115598728,-0.08962665021418026,-0.6484875173107765,103,0.2912621359223301,16.295771669090588,19.279271812807618
GOOGL,Other equities,2016-01-04,2026-09-04,-0.6194442901690198,-0.08659326357254526,-0.6848655871497361,-0.45989424906827536,-0.056113254321088046,-0.587536177221014,7.99920233980319,0.22873046587780266,-0.4432392373509412,0.0639138579578773,0.00582512799667545,-0.4098608218929587,-0.6423059000646573,-0.09188316039915634,-0.6599374817801626,103,0.3106796116504854,16.440661331303996,15.955004110074444
GOVT,Bond ETFs,2016-01-04,2026-09-04,-0.016452250193785933,-0.0015540185827768171,-0.09450891285569007,0.03997853471458157,0.0036817679840908113,-0.07206165281390453,0.12449698189134861,0.01106095705420107,-0.19106699751861123,1.3849884837879856e-05,1.2984185551179195e-06,-0.05829905265277868,-0.016465872028187944,-0.0015553149818815504,-0.0680335726707143,40,0.35,6.7905280918020114,5.64307849083675
GPC,Other equities,2016-01-04,2026-09-04,0.29457284728409494,0.0244997547907575,-0.4804910080533875,0.7085228011236469,0.051497387597639,-0.4284670219510326,1.2536314672759925,0.07915237705514877,-0.5489154013015192,0.4063482025555889,0.03248489286364853,-0.37005206612683894,-0.07947914682038082,-0.007733903060551217,-0.38427396630273625,90,0.3888888888888889,14.529488656582382,41.39499538395519
GPN,Other equities,2016-01-04,2026-09-04,-0.5157727301045064,-0.06572792837505881,-0.7074517415423529,-0.32326516464822963,-0.0359451642068056,-0.6355561466699682,0.5666158794650438,0.04298421737440461,-0.7016921528210545,0.3264538570864679,0.026839079632281715,-0.394379741449435,-0.634946012400997,-0.09014753123779584,-0.6441292740360136,88,0.36363636363636365,17.978608105854036,19.250756545627677
GRMN,Other equities,2016-01-04,2026-09-04,-0.3664185218434074,-0.04188203846387295,-0.6517161115742774,-0.13443526467368327,-0.013443793269960813,-0.6097232371756535,9.140190336749654,0.2425584368857867,-0.5463338533541335,0.6522104654811105,0.04819872793929503,-0.27323307167508226,-0.616524957689274,-0.08593863358359732,-0.629723376768246,99,0.3333333333333333,14.589355391603222,23.198325716972413
GS,Other equities,2016-01-04,2026-09-04,-0.4792335352755326,-0.05933435684965249,-0.7155331001723717,-0.2587013656349275,-0.02767408157860307,-0.6355279025771561,6.299761034579717,0.2048561126022621,-0.487502208090443,1.2827398750359587,0.080451532570742,-0.36776674419562283,-0.7718678021882507,-0.12937728829704953,-0.7955396882417494,99,0.32323232323232326,16.3029135747901,22.053216964060507
GWW,Other equities,2016-01-04,2026-09-04,-0.05326669617962032,-0.005118528672821476,-0.5413088522079894,0.27709256002446203,0.023194854897472306,-0.4528027740522612,6.72702876144914,0.21129848648680105,-0.41594329138257413,0.5073963379108948,0.039223177181226365,-0.4711405224709365,-0.37194135343829493,-0.04266812637331563,-0.5200379208282047,90,0.3333333333333333,16.02633963994753,33.035925620408236
HACK,Theme ETFs,2016-06-27,2026-09-04,-0.7120228374426508,-0.11502485350482283,-0.7539030423763512,-0.60731001016579,-0.08766928152658493,-0.6723348524413822,4.14637546468399,0.17446571024052981,-0.38689501116902403,-0.1866638839149617,-0.020076461505492138,-0.46158740366400974,-0.6459309295847869,-0.09689367411788397,-0.6553560153989727,108,0.3055555555555556,13.040297182749173,10.471282727686082
HAL,Other equities,2016-01-04,2026-09-04,0.3078968182581938,0.025483705621204722,-0.638679044532861,0.9505535098296936,0.06463882581390012,-0.5520304156384237,0.32251159471993973,0.026552587552954865,-0.9109472372247612,-0.2096940619311266,-0.02182106920056126,-0.4882860669320753,0.6549247010013111,0.04836004265917371,-0.43178140837531254,88,0.4318181818181818,21.232479669889784,64.26566915714997
HAS,Other equities,2016-01-04,2026-09-04,-0.567537071820163,-0.07557813756026721,-0.7211244173944115,-0.40520915423159054,-0.04754020838671491,-0.6719717736435213,0.9729211087419893,0.06577747236515408,-0.6383905423623355,-0.33284159988883555,-0.03723240372713832,-0.6620139182900471,-0.35178373215749414,-0.03982865021795079,-0.4671572182491931,88,0.3409090909090909,17.402642048862777,16.232791758857246
HBAN,Other equities,2016-01-04,2026-09-04,-0.5752454662963619,-0.07713550118264179,-0.716151019925104,-0.3887162270368574,-0.045094776964785255,-0.6691219066208738,1.4454336588167624,0.0874476629744041,-0.5496937882764654,-0.30949603520425895,-0.034122989932936054,-0.6178837654968603,-0.38486300534235895,-0.04453207893075273,-0.5298162450599524,96,0.3541666666666667,17.08017666833091,18.65292392595045
HCA,Other equities,2016-01-04,2026-09-04,-0.6824285890734272,-0.10195596793608419,-0.7167908562264655,-0.5377556888314838,-0.06978848744534216,-0.5940986874115217,5.591796875000017,0.1933878385482506,-0.547413192023428,-0.1768364516603972,-0.018078374820803766,-0.4939682048433264,-0.6142061786298196,-0.08542188191442801,-0.6277679413844279,103,0.30097087378640774,16.745379867923223,14.467290024194334
HD,Other equities,2016-01-04,2026-09-04,0.19159552036501482,0.016569512449542856,-0.3505187870085925,0.575457709106296,0.043534670730491776,-0.3094693731681756,2.1755687438180193,0.114411967785915,-0.379943570369662,0.9990525864285138,0.06709299878409802,-0.26581149030913354,-0.4039198726163048,-0.047346844550685274,-0.4650699327307418,92,0.43478260869565216,14.423534460606446,38.38621887412812
HEI,Other equities,2016-01-04,2026-09-04,-0.5102591844162454,-0.06473573565402957,-0.8248283822344802,-0.31507068851506437,-0.034856724207029455,-0.7823864151913729,10.91797876235812,0.2615195766553382,-0.5772391409433046,0.07990856634540133,0.0072331944076464705,-0.4622014378658996,-0.5464978880192417,-0.07145210310905348,-0.7302886754169697,97,0.28865979381443296,16.577198619343932,19.518849590118105
HIG,Other equities,2016-01-04,2026-09-04,-0.38757845285574755,-0.04492829057004666,-0.47618787726665035,-0.1908146279193983,-0.019653726840436314,-0.43665573932739843,3.0709032068255366,0.14066603578047854,-0.5758364312267659,0.41092964792858155,0.03279975787619427,-0.3424685782887149,-0.5659446606403316,-0.0752595533194903,-0.574272950797919,89,0.23595505617977527,14.31035983538143,19.676382493634925
HII,Other equities,2016-01-04,2026-09-04,-0.15289783657141487,-0.015435935638564713,-0.5794487864017013,0.1503897264245262,0.013221083640716502,-0.5303249575497475,1.8184327254805375,0.10201681026537202,-0.4970239334027051,0.45736468554016296,0.03593980955531029,-0.3217583245510328,-0.41874386566831623,-0.04959336895830735,-0.5680953198688081,87,0.3563218390804598,16.5312394346502,30.328756299594104
HLT,Other equities,2016-01-04,2026-09-04,-0.6933430830413032,-0.10489559018242356,-0.8492506626662896,-0.5719578373292755,-0.07646817890424717,-0.8197658212002303,6.57128953771288,0.2089885112263956,-0.5760385095382422,-0.015459336542309798,-0.0014595661168577134,-0.529072916408747,-0.6885279315110026,-0.10358721645684577,-0.7276087979972765,91,0.2857142857142857,16.33716376510386,12.138524571202769
HON,Other equities,2016-01-04,2026-09-04,-0.7303747516682112,-0.11563040624863008,-0.7467473829867354,-0.6292000483935556,-0.08881440790098727,-0.6540059384296355,1.7077896912543538,0.09788701788182963,-0.43012185833967953,0.009627196073551003,0.0008986363365053318,-0.32263340587764766,-0.7329457354354525,-0.11642441937143189,-0.7456703778490748,110,0.2727272727272727,13.359591902371248,10.117470327465561
HONA,Other equities,2026-06-15,2026-09-04,-0.036854333525980665,-0.15576590595330697,-0.09676216762736312,-0.03052995391705049,-0.13047895720998803,-0.09043778801843316,-0.19494999999999996,-0.6238761837406912,-0.43489535099092413,0.0,0.0,0.0,-0.036854333525980665,-0.15576590595330697,-0.09676216762736312,0,,63.24379608930416,0.6324379608930175
HOOD,Other equities,2021-07-29,2026-09-04,-0.02618370424668892,-0.0051883363491534995,-0.6572006494585043,0.306334632448757,0.053787455639696,-0.6306238234588994,2.506892590465238,0.2788942588533414,-0.9021167779514137,1.111591854105837,0.15782074907593135,-0.43955667303608426,-0.5388236160033497,-0.14078957002211612,-0.8238193576944478,40,0.4,32.13596925699932,33.251833669544595
HPE,Other equities,2016-01-04,2026-09-04,-0.6853534414697269,-0.10273463314505105,-0.8733491256142324,-0.5266995366831735,-0.06772489510017421,-0.8226657467502707,6.864488808227469,0.21330254692585648,-0.5689081225033283,0.4249538229919432,0.03375785877338178,-0.5407542885263465,-0.7791882421357237,-0.13203526411919142,-0.7911715532102582,102,0.3235294117647059,18.638419615992596,15.865390478655339
HPQ,Other equities,2016-01-04,2026-09-04,-0.3283072873230617,-0.036620840355715556,-0.6517992288597183,-0.0392381969130956,-0.003745664089465861,-0.5684877011039073,3.029132205900506,0.1395636295772693,-0.5124035281146622,0.6857095004040756,0.05017307977799157,-0.38847186895519703,-0.6015370901594068,-0.08264725291954278,-0.6689618983251899,94,0.30851063829787234,17.46440779341132,28.90690904099661
HRL,Other equities,2016-01-04,2026-09-04,-0.6388588436168519,-0.09106627597635841,-0.7378438313435072,-0.5259374124784331,-0.06758426200995382,-0.6595338580506687,-0.26983050847457235,-0.029052002719829995,-0.5845400340715495,-0.5016108642030228,-0.06319963099920145,-0.5786347536337786,-0.27538316860449785,-0.02974662041057885,-0.40584559995198743,92,0.31521739130434784,14.273496497977561,11.29214311384188
HSIC,Other equities,2016-01-04,2026-09-04,-0.7592210836152443,-0.1249623690989532,-0.7866571674307752,-0.6654318001776309,-0.09755563634350406,-0.7050333976457386,0.47495483659058313,0.03710566188638742,-0.4141907475240806,-0.4062443817831676,-0.04769574485298467,-0.47390117313323776,-0.5944814516317949,-0.08113648954980268,-0.5946189777760607,97,0.29896907216494845,16.0748995368469,9.37892834376134
HST,Other equities,2016-01-04,2026-09-04,-0.9353304440619796,-0.22642377515282208,-0.953753722035269,-0.9030924080060416,-0.1965274501410007,-0.9327212700443489,1.2422208663819445,0.07863895074372573,-0.5505037783375311,-0.7224565608513746,-0.113227374595821,-0.824987284845553,-0.7669930295005485,-0.1276498589538756,-0.7917601781833059,99,0.21212121212121213,17.875044436722607,3.2238036055938
HSY,Other equities,2016-01-04,2026-09-04,-0.5743982607188176,-0.07696308905678007,-0.648345482085922,-0.4350013487402058,-0.05211763208611153,-0.5483166742353489,1.553081686818052,0.0918483361052973,-0.4525159744408941,-0.17479204973613993,-0.017850004321198876,-0.34352359017801304,-0.48424910454983483,-0.060187430632452577,-0.5514619256409876,93,0.3333333333333333,14.130433424198984,13.939691197861181
HUBB,Other equities,2016-01-04,2026-09-04,-0.664307900623773,-0.09727186117379871,-0.786772618264961,-0.5165906914000361,-0.06587599623595275,-0.7230828953615481,4.634340222575521,0.17595725985885213,-0.4162715436140586,0.2607129764160092,0.021957348635710083,-0.3743321289136935,-0.7337283698542214,-0.11666750081955668,-0.7498444893329368,102,0.24509803921568626,17.144995410240867,14.771720922373689
HUBS,Other equities,2016-01-04,2026-09-04,-0.7676386528677628,-0.12787675050769476,-0.7937279234653879,-0.6150013386347808,-0.08559876947315848,-0.7219500370112368,3.5108398615412604,0.15169274793272436,-0.8001596094263448,-0.3347689708553099,-0.03749349856096096,-0.6242030946246706,-0.6507057894894163,-0.09390404304968547,-0.730631208207869,93,0.3118279569892473,23.89238120678986,15.2637314232982
HUM,Other equities,2016-01-04,2026-09-04,-0.5423804461163543,-0.07066497820257389,-0.7806872376958524,-0.34035744233186427,-0.03825444551941326,-0.6887258616781522,1.4394896719319723,0.08719958945956052,-0.6991702781790565,-0.06466608370444782,-0.006247746505619323,-0.6013941043245332,-0.5107420506078981,-0.06482222452370912,-0.6455668188887254,100,0.27,17.172990862406195,20.202300378449
HWM,Other equities,2020-04-01,2026-09-04,-0.6900810238591839,-0.16665294942487452,-0.764051852152505,-0.6067671116650625,-0.13519597127656624,-0.7028671950234426,18.94384615384617,0.5932419177279054,-0.26746849942726225,-0.2937604301842073,-0.05268746723499251,-0.6026787084715914,-0.5611701901358328,-0.1203039949838316,-0.5770743020899392,56,0.26785714285714285,20.16127673147955,8.331391219412144
HYG,Bond ETFs,2016-01-04,2026-09-04,-0.05618016554027083,-0.005405958465588001,-0.180171258312393,0.02832171784751858,0.0026216874883031593,-0.1534820006761386,0.7363456898442733,0.05309098045385974,-0.22035812227778684,0.014296115466184922,0.00133165677079905,-0.0720058831711311,-0.06948294480460082,-0.006728654977428139,-0.1492848561696466,56,0.32142857142857145,7.081459938673457,8.450188338778942
IBB,Theme ETFs,2016-01-04,2026-09-04,-0.5804914111914077,-0.07821007867093033,-0.7089031250353481,-0.4465303914322333,-0.053947926897461196,-0.6235567263859112,0.9949166902005042,0.06688582898241946,-0.3981827592155961,-0.004491637801989579,-0.00042195053337079624,-0.3371518390965794,-0.5785986288629981,-0.07782096473513689,-0.606406859473728,91,0.2857142857142857,14.389537025370158,13.396101975917441
IBIT,Theme ETFs,2024-01-11,2026-09-04,-0.057440830393005404,-0.022096518677873433,-0.5258133020907743,0.060626790445095446,0.022481276510936565,-0.5011197111505983,0.6984603830266642,0.2215051071365386,-0.5330340861270864,0.09215829569941092,0.033858315418641594,-0.39384369863449065,-0.13697568079782108,-0.05412234274466954,-0.41205532338185336,24,0.4166666666666667,24.147948323952786,11.806762083810085
IBKR,Other equities,2016-01-04,2026-09-04,-0.3734367217738732,-0.04288204607140378,-0.7210384871152765,-0.10598696148787257,-0.010448306931189144,-0.6632484204210382,8.396368063305259,0.23371544540610456,-0.5507928118393239,0.13889989981740736,0.012268029574246553,-0.5432765534529236,-0.4498521965568886,-0.05448169262922009,-0.5160152996866632,91,0.32967032967032966,18.880248658398585,26.744976028600064
IBM,Other equities,2016-01-04,2026-09-04,-0.31214835996607426,-0.03447141606191717,-0.5666220825217791,-0.07454576774477273,-0.007236557864462534,-0.5494481145461673,1.6955473949965545,0.09742071484547066,-0.4058351089985248,0.1500331236159249,0.013191634253061801,-0.4473087678333463,-0.4018853666830141,-0.04704248308378178,-0.4450542622051613,96,0.375,14.189825010175763,23.760259222130152
ICE,Other equities,2016-01-04,2026-09-04,0.06142532746744567,0.005604332100785259,-0.5121428984057215,0.36548552409649604,0.029634688725667102,-0.43835079003422095,2.668334849863536,0.12958512859426907,-0.34317484662576625,0.9487480274232596,0.06454640044533666,-0.16026172541525618,-0.45532962059188187,-0.05536824728343781,-0.5500454972903995,87,0.39080459770114945,13.325219775421276,30.406019662905038
ICLN,Theme ETFs,2016-01-04,2026-09-04,0.8268216842168796,0.05811778665327183,-0.537840650453312,1.4060727486655442,0.08579464568538397,-0.4884974845808704,1.1873461349088932,0.07613626451421474,-0.6675241157556286,1.1144774244589115,0.07272347884827135,-0.3401181321920541,-0.13604105530501753,-0.013615523928571682,-0.44693460592837464,92,0.40217391304347827,14.29861205547181,57.92510644486646
IDXX,Other equities,2016-01-04,2026-09-04,-0.5949003221463063,-0.08122551100789932,-0.7930046953503878,-0.41805788443101655,-0.04948827123970978,-0.7522338964078147,6.527840269966215,0.20833637544359984,-0.5400136023577418,0.034252560068188664,0.0031623962621862844,-0.5779350431445678,-0.6083164852625683,-0.08412188054946768,-0.6083164852625683,97,0.23711340206185566,17.56946861545296,17.684243771528973
IEF,Bond ETFs,2016-01-04,2026-09-04,-0.08157035083336261,-0.007945451427301298,-0.1571921479727706,-0.011419334154154637,-0.00107614261206479,-0.12910645681803712,0.11117802939051291,0.00993219446119098,-0.2392795883361919,-0.037522141355731176,-0.003578975497206427,-0.09684876010180887,-0.0457654262713898,-0.004382159571827082,-0.08875152648101581,50,0.26,7.095726569153311,7.015101667920797
IEX,Other equities,2016-01-04,2026-09-04,-0.03203696174424231,-0.0030479744705963485,-0.4315477919686498,0.2506261618271801,0.02118800294049028,-0.35072508306446837,2.393084622383976,0.12135533155676792,-0.3552284575283654,0.5412406308553475,0.04138868504748561,-0.21714960834106034,-0.37195852556874165,-0.04267058030888449,-0.4412686066134448,84,0.36904761904761907,14.662701352863523,28.266312357142244
IFF,Other equities,2016-01-04,2026-09-04,-0.8738994369165398,-0.1764457339957307,-0.8875771810704463,-0.8172210721939586,-0.1472817179181467,-0.8373882440649074,-0.05649038461538347,-0.005436610635113803,-0.5741483696841493,-0.6239283348147767,-0.08760768209823777,-0.6647196833556437,-0.6646900717145156,-0.09736825941476013,-0.6685170659779817,107,0.27102803738317754,16.52299047879124,5.667836472258125
IGV,Theme ETFs,2016-01-04,2026-09-04,-0.6839848932674192,-0.10236948013945046,-0.737490878006724,-0.5541365280681079,-0.07292967981717369,-0.6392278373055889,4.23897795591184,0.16796375595973068,-0.45849669541839466,0.315913662562082,0.02607136650287778,-0.20467225754305396,-0.7598511849802518,-0.12517730329040233,-0.7648134654486808,109,0.3119266055045872,14.129873803584683,12.98483651993113
IJR,Broad-index ETFs,2016-01-04,2026-09-04,-0.341526287643133,-0.038414338275267856,-0.5097366862976747,-0.1400424807869618,-0.01404471659756068,-0.4312891803988711,2.1554494138080753,0.11374813442491405,-0.44355444305381764,0.06665409406402723,0.006067715795573747,-0.3410020970879575,-0.3826736183535968,-0.04421377743511645,-0.40899561915869254,97,0.35051546391752575,12.970555599258402,20.148380685617116
INCY,Other equities,2016-01-04,2026-09-04,-0.6868327625979982,-0.10313096470079819,-0.7494897956869535,-0.5434525481595738,-0.0708693103069139,-0.674681668453714,0.22677119628338782,0.019345910069518357,-0.6647451853792761,0.12308024425710462,0.010941468085355677,-0.35811872414216384,-0.7211532844572858,-0.11283782136486875,-0.7287955786640066,89,0.34831460674157305,20.123781794636812,14.338021443842441
INDA,Theme ETFs,2016-01-04,2026-09-04,-0.32958160901865663,-0.03679233501488155,-0.37215227410050333,-0.13317455780311405,-0.013309169664133313,-0.28392844157025854,1.0804501875781711,0.07109316743002236,-0.4445086705202316,0.013277227696489202,0.0012373140120607307,-0.30225217567991836,-0.33836627069432135,-0.03798265255871547,-0.34607941482070537,114,0.3157894736842105,10.664628272213417,19.64070512155426
INTC,Other equities,2016-01-04,2026-09-04,-0.8203204459883788,-0.1486478258267082,-0.9054914290170987,-0.718729930759259,-0.11211783978291945,-0.8620705598942785,2.566641846612031,0.12661188436660065,-0.7080045095828646,-0.444585976977688,-0.0536368333362609,-0.8059383196119296,-0.676494386955004,-0.10039591124979486,-0.6883616651849518,105,0.29523809523809524,19.754880595549604,10.159051522911987
INTU,Other equities,2016-01-04,2026-09-04,-0.7175913496356746,-0.11178150500533846,-0.7891584010349774,-0.5883391812889889,-0.07984056993007482,-0.7114560806778896,2.8484673221515373,0.13467302816865812,-0.6819343202825583,0.3127243819921699,0.02583797147848199,-0.39584688921428957,-0.7848682829096644,-0.13415322917465944,-0.7903118021852129,100,0.31,16.996962060706345,12.925216834668573
INVH,Other equities,2017-02-01,2026-09-04,-0.5997013433018363,-0.09107166683885615,-0.6535344489455581,-0.48193462339863746,-0.06629214612603396,-0.5861846203583926,0.8163787587971916,0.0642277828803508,-0.505388331475288,-0.3314528084064281,-0.04112564371122529,-0.38400333789711305,-0.4012409868269764,-0.052088183191113746,-0.5265201267590506,82,0.3048780487804878,14.558463008547461,11.776671990319887
IP,Other equities,2016-01-04,2026-09-04,-0.843082835565307,-0.15939086574531702,-0.8846132502480312,-0.7687301304063059,-0.12826163128753854,-0.8403396258675726,0.5752961082910291,0.04352463531996342,-0.5528639347973742,-0.39145149139946456,-0.04549617030264763,-0.6440390827487272,-0.7421451828128673,-0.11932345570450165,-0.7576909523135157,102,0.3137254901960784,17.312709355891005,7.4352705159001165
IQV,Other equities,2016-01-04,2026-09-04,-0.31889508460615645,-0.03536322659576541,-0.5668080362720898,-0.056607471023734535,-0.005448182099438648,-0.4281720560236809,2.994182577565642,0.1386332632478846,-0.5152330066168933,0.17383051317999487,0.015138983068696321,-0.30141232819581265,-0.4197587234730522,-0.04974905949508224,-0.46132695273956714,92,0.34782608695652173,16.502570061749733,26.228761358242192
IR,Other equities,2017-05-12,2026-09-04,-0.6327823809274715,-0.1019743416251121,-0.780124432472636,-0.4877544869095921,-0.06930236078193597,-0.7177303462115698,2.4661824784384954,0.1427737047799862,-0.550986842105263,0.04009853156724552,0.0042299582548643855,-0.32017338133382023,-0.6469395851187336,-0.10575695238622129,-0.714103557577813,84,0.2857142857142857,18.51669612023743,14.502789401787942
IRDM,Other equities,2016-01-04,2026-09-04,-0.7511029101202162,-0.1222378331741879,-0.8039776518927695,-0.5995304721450783,-0.0822151417735828,-0.7104903114083623,5.0806285419886414,0.184391193126916,-0.7533660700142564,-0.6123542675027297,-0.08501119188181383,-0.6931165738994626,-0.35792640286182575,-0.040685351516961066,-0.5961360424111455,97,0.31958762886597936,22.930871478910152,15.157243797513797
IRM,Other equities,2016-01-04,2026-09-04,-0.6117951928669039,-0.08488755780459967,-0.7790016744027017,-0.43643731171069244,-0.05234374336114134,-0.7229593133361136,6.739072847682141,0.21147536587954407,-0.39027009168249693,1.2963373974150199,0.08105327489252967,-0.27374591059630815,-0.8309460937360089,-0.15349921835593716,-0.8557244822925077,104,0.33653846153846156,16.518539415120305,17.53578811562114
ISRG,Other equities,2016-01-04,2026-09-04,-0.28889913780916676,-0.03145779434831342,-0.5931164830660478,-0.0010938786747926033,-0.00010260199199896292,-0.5525526641910399,5.02926668858932,0.1834496793666902,-0.4990421980187182,1.106223551524414,0.07233021575854304,-0.4223898892521568,-0.6623811078001837,-0.09678735951074435,-0.6804967074573471,93,0.3333333333333333,17.499331382477315,28.780525913437415
IT,Other equities,2016-01-04,2026-09-04,0.0036707968369680266,0.000343566121389971,-0.4937353998829169,0.39365023924166165,0.03160732723951565,-0.46283838436284186,1.1152842391920985,0.07276184557540732,-0.7721457049655678,0.49102406869877857,0.038159748266457294,-0.3414419210224535,-0.3268580850523266,-0.036426168716532925,-0.6272112352486997,94,0.3617021276595745,15.882824363586682,38.997944240469366
ITB,Theme ETFs,2016-01-04,2026-09-04,-0.13955610988352207,-0.013992451976132969,-0.51054689385499,0.1778142638100133,0.015461473320920849,-0.3965349271930496,2.828373420301664,0.13411629361782507,-0.5210767946577628,0.3496000342074712,0.028505755413395395,-0.32529213873634444,-0.36244526651797226,-0.041320339887107815,-0.46789135842613694,93,0.3655913978494624,16.132135024981782,31.737037369353537
ITW,Other equities,2016-01-04,2026-09-04,-0.5204472459547571,-0.06657718569296245,-0.6865536418866931,-0.36159326102982536,-0.04120030517139317,-0.602523101044514,2.7970199606409603,0.13324228215877865,-0.378497790868925,0.1183888564447253,0.010544814592863494,-0.3494045543325788,-0.5712110762890596,-0.07631724904441506,-0.6021546591610647,95,0.37894736842105264,13.837496568994565,15.885398492493174
IVZ,Other equities,2016-01-04,2026-09-04,0.2265786833563539,0.019330912528052746,-0.5513027179103078,0.7711278817806022,0.05505094300201696,-0.49082108806199864,0.6068999028182793,0.04546970424686503,-0.7972666926981649,0.185647794818099,0.016092736125076224,-0.42632001562395905,0.034521962354367774,0.00318689061327726,-0.4522158994918075,91,0.3956043956043956,18.910975792627013,54.45491984242483
IWD,Factor ETFs,2016-01-04,2026-09-04,-0.08367965180393466,-0.00815927317055487,-0.4001047051458594,0.14281893803193424,0.012594079813863956,-0.31723207924999497,2.337608498510172,0.11962366157033766,-0.38518396846254976,0.6441410725197749,0.047717718669070264,-0.11009963370337505,-0.44267534975466927,-0.05333210543638245,-0.46892298825426637,98,0.3469387755102041,10.341034640433563,22.64985898358689
IWF,Factor ETFs,2016-01-04,2026-09-04,0.15754861888415062,0.013810544289554638,-0.31237760380564195,0.4828639354652049,0.03762576521332539,-0.25277671930689605,4.524171888988356,0.17378227879556518,-0.32727272727272694,1.3195539516938268,0.08207327218695415,-0.13142563208113933,-0.5009606833939517,-0.06308512524242982,-0.507181311267116,97,0.422680412371134,11.877752948358783,32.53153165810543
IWM,Broad-index ETFs,2016-01-04,2026-09-04,-0.43577656225411265,-0.052239634887917163,-0.5576320085055216,-0.2547815217787085,-0.027193219683925074,-0.479036490683758,2.075748129675853,0.11108013920118465,-0.4127328400102058,0.08587117273215461,0.007753269855213629,-0.2752121855435118,-0.4803956013251135,-0.059531342182348346,-0.5083405616539938,98,0.3163265306122449,13.402801322179887,18.099504047540414
IWN,Broad-index ETFs,2016-01-04,2026-09-04,-0.31685992277348196,-0.03509337019185366,-0.5114200760762623,-0.10073949928025261,-0.009905228039513436,-0.4512809870694017,2.0362260070288927,0.10973381947631622,-0.4608076009501201,0.16677400863775427,0.014565306732391425,-0.29190381686503886,-0.4145052322307867,-0.04894576681729923,-0.47605466964217547,99,0.3434343434343434,13.085442925243814,21.612042349322934
IWO,Broad-index ETFs,2016-01-04,2026-09-04,-0.1912170216167548,-0.019699441112125515,-0.49273449557163407,0.06002845504790466,0.005480188359464178,-0.40017838313915366,1.9937356276266884,0.10826855349120823,-0.4201241625176707,0.24346495089736608,0.02063837927850143,-0.27023780594341673,-0.3495731602249268,-0.039522147324248746,-0.45298930096482637,92,0.34782608695652173,13.857171133304483,25.124547666465947
IYR,Theme ETFs,2016-01-04,2026-09-04,-0.3458397275286045,-0.039006632001587715,-0.4778583114447933,-0.16483129846457822,-0.016744618070116846,-0.3850382339591344,0.8786095273128547,0.060894441121557064,-0.4232854112656139,0.028374900628725053,0.002626548651828209,-0.24056414858327213,-0.36388930528015007,-0.04152411554371638,-0.448756756920068,96,0.3020833333333333,12.119408273440978,18.100842906402626
IYT,Theme ETFs,2016-01-04,2026-09-04,-0.19370703517257482,-0.019982780439915637,-0.29938117254493246,0.059339783921009914,0.0054189297648949974,-0.24239979891608576,1.879575778309961,0.1042363717231225,-0.41285563751317145,0.2744273849307517,0.02299447967009205,-0.19981518152278155,-0.367329222236359,-0.042011233651884416,-0.40498140549264405,98,0.3469387755102041,13.293463188602743,25.30468190935847
J,Other equities,2016-01-04,2026-09-04,-0.5055272043473358,-0.06389222947469408,-0.6795746058832575,-0.32024033940857,-0.03554200482102643,-0.5615897266337451,3.8038764783180117,0.1585085258094392,-0.39323385644455855,0.5136193895086312,0.03962463969415353,-0.2913668214040682,-0.6733176126838694,-0.0995713887651809,-0.698110271656492,96,0.3125,15.46875250350181,18.528686493876577
JBHT,Other equities,2016-01-04,2026-09-04,-0.7547649147290303,-0.12345671085464915,-0.7994004598660588,-0.649462508059436,-0.09360217017496963,-0.7325095964298903,3.2412083656080464,0.14505711822504508,-0.424161513959154,-0.3239914175214961,-0.03604220484112519,-0.5569562855510297,-0.6372308109286924,-0.0906829183316229,-0.6547663224873275,98,0.2857142857142857,17.18168806782607,10.530240666959434
JBL,Other equities,2016-01-04,2026-09-04,-0.5890576492531105,-0.07999124657208578,-0.8001356470359993,-0.37986516448890917,-0.043806968120338685,-0.7332478569459897,13.580751173709043,0.2855955648537478,-0.5734945471787578,0.49764888174722555,0.03859131867402832,-0.5180294439715696,-0.7256083480211564,-0.11417634936281662,-0.7894191153989534,103,0.32038834951456313,18.581684978321192,20.919248476420137
JBLU,Other equities,2016-01-04,2026-09-04,-0.9375828307659607,-0.2289904517567216,-0.9453673100728632,-0.8958852645936103,-0.19110571187529424,-0.9113646913768013,-0.7883912248628887,-0.13549246706229245,-0.8557894736842109,-0.877049719577682,-0.17839676075469202,-0.8813817288806041,-0.49233813034305995,-0.06157922533083393,-0.6891940616146085,95,0.3157894736842105,25.200815011431413,4.169756617235043
JCI,Other equities,2016-01-04,2026-09-04,-0.33842721818101607,-0.0379909608262432,-0.5217616364125134,-0.10370683829111327,-0.010211974759483544,-0.48059925283665406,3.452841781874045,0.15029635469232172,-0.47155085599194313,0.281180378540443,0.023501453222927626,-0.35445102796369365,-0.48362245246632407,-0.06008043648158612,-0.5366582577045259,92,0.3804347826086957,15.51839931819092,23.47203798899028
JD,Other equities,2016-01-04,2026-09-04,-0.7469722706057266,-0.12088232644360175,-0.8847822319445845,-0.5982923871454766,-0.08194950663311851,-0.8408298949576724,0.08985730813729376,0.008099510398370313,-0.791453537936914,-0.335724983682269,-0.0376232610432059,-0.6724937004978657,-0.6190919074498993,-0.08651400437072876,-0.7375768356318045,94,0.3404255319148936,22.852156223464064,14.867988346024996
JETS,Theme ETFs,2016-01-04,2026-09-04,-0.399097305194255,-0.04662691023927035,-0.7078930728339365,-0.1332970963840303,-0.013322247063480619,-0.6696981166600096,0.2576419213973795,0.0217237042915146,-0.6472694717994634,0.23101973706552048,0.019676346958864332,-0.4858632206789809,-0.5118659135082877,-0.06502382584030797,-0.7173488877293139,103,0.3883495145631068,16.157295619014768,26.58002088102247
JKHY,Other equities,2016-01-04,2026-09-04,-0.240376961309964,-0.025445627179016994,-0.6308208256099894,-0.014347678736400749,-0.0013539203012367107,-0.5476780579612939,1.4689223431211715,0.08842265180036768,-0.3835472227792269,0.4394472685036346,0.03473908160391592,-0.20411624577225684,-0.4722814407229431,-0.058164139977822105,-0.6067814007912085,85,0.3764705882352941,14.207402848966165,22.602928257356325
JNJ,Other equities,2016-01-04,2026-09-04,-0.3451691593159837,-0.03891432198636846,-0.5202790067040934,-0.15508893197736207,-0.015674964479232334,-0.4416492670357316,2.671201814058935,0.12966786369297623,-0.2737286149519571,0.2722541086932717,0.022830805471954818,-0.2500113359974576,-0.48529870235075123,-0.060366902451508664,-0.5163500774448508,97,0.32989690721649484,12.65717410148482,19.008022733862163
JNK,Bond ETFs,2019-05-06,2026-09-04,-0.010983158096670054,-0.0015051361788769313,-0.14868118986543333,0.051502813332777286,0.0068730254119691025,-0.1213853812607184,0.35577059911769027,0.0423864514886898,-0.22898200376040834,-0.013852340495653426,-0.0019007073506285277,-0.07056793274100448,0.0029094855839577605,0.0003963244685820655,-0.10960509163245424,39,0.358974358974359,7.074988063548082,6.248597142944734
JOBY,Other equities,2020-11-09,2026-09-04,-0.813633201927991,-0.2508147324959882,-0.851850397761284,-0.7219047735773239,-0.19746001985527406,-0.7896331115989051,-0.35809523809524113,-0.07336736123796783,-0.7974522292993635,-0.6799157852565717,-0.17782615589197215,-0.722283033285445,-0.4177569855439588,-0.08877511383641912,-0.6459304146089475,53,0.33962264150943394,35.412359674815676,9.172842835066719
JPM,Other equities,2016-01-04,2026-09-04,-0.6486541000107882,-0.09340640615299933,-0.7417009773425194,-0.5225437301679208,-0.06696051034641459,-0.67952062700438,6.443752594437513,0.20706454455284584,-0.4363019508057675,0.5634921971648288,0.04278907748902272,-0.3411034098630996,-0.7752813217575837,-0.13060693344618945,-0.7790615610827814,93,0.2903225806451613,14.717072588830781,12.611036984286738
KBE,Theme ETFs,2016-01-04,2026-09-04,-0.42340607205168757,-0.05031064828526688,-0.4772144240877657,-0.1956928715127363,-0.02020931826817951,-0.3736551427555692,1.7064793130366733,0.09783719763074661,-0.5314382076608049,0.1870514586330554,0.016205450463691484,-0.3844801238783859,-0.5142637467357261,-0.06545536507269023,-0.5637517492861605,103,0.32038834951456313,15.171647629685605,22.771320053895128
KDP,Other equities,2016-01-04,2026-09-04,-0.4278088717194284,-0.050992859853775885,-0.4959492341594681,-0.24925447913588572,-0.02651907681168375,-0.43863055370086834,1.8167675021607699,0.10195575254228761,-0.36870026525198973,0.29503060510379653,0.024533711284441928,-0.20188706723268168,-0.5581640109310677,-0.07371799512924859,-0.5639601387635207,94,0.2978723404255319,14.048283854874231,17.855439258354266
KEY,Other equities,2016-01-04,2026-09-04,-0.06773527107621846,-0.006553909525467527,-0.5343356432436229,0.3244597421973159,0.026694259907166673,-0.4981731999166582,1.6553334131449877,0.09587535920027346,-0.6522716627634664,0.2677695845228958,0.022492263716497263,-0.38826352889087923,-0.26464182426759897,-0.028407230326016886,-0.43982212208502725,89,0.42696629213483145,18.078603802648065,39.219501327353434
KEYS,Other equities,2016-01-04,2026-09-04,-0.7838211126649346,-0.1337589814645519,-0.8237416884112281,-0.6822773107998561,-0.10191587107794065,-0.756029395991155,10.765911542610512,0.2600017492064626,-0.42620112537873334,0.2472461441322893,0.02092894262554701,-0.4685483180797766,-0.8266750405667026,-0.15151683690373619,-0.8308247628869277,106,0.25471698113207547,16.887858022600028,10.15438018650785
KHC,Other equities,2016-01-04,2026-09-04,-0.4694635188708485,-0.0576937863038155,-0.5849450585429612,-0.29089245132442443,-0.031712645438019216,-0.5150805022766662,-0.4424500785281573,-0.05329623911241088,-0.7607482769937646,-0.32851073953080157,-0.03664820059604512,-0.4196003295012968,-0.20991069796344397,-0.021846209993889643,-0.3653386327254229,93,0.3225806451612903,15.028022677376505,17.857106754642405
KIM,Other equities,2016-01-04,2026-09-04,-0.8111877829177052,-0.1446815877072154,-0.830493983416629,-0.7275599841360854,-0.11476893384143783,-0.7715245411957934,0.5485564304462012,0.041851112052689654,-0.6935433884297516,-0.3189450264803835,-0.03536985792121161,-0.4031729089350121,-0.7227650858982291,-0.11331983629542808,-0.7837570113021572,95,0.2736842105263158,16.4586822880137,8.362779878161986
KKR,Other equities,2016-01-04,2026-09-04,-0.7070535762070319,-0.10872567939930067,-0.7732190843056008,-0.5595044582256776,-0.07398181100269174,-0.6762359168631943,7.299691833590135,0.21944455666725315,-0.4941582420243359,0.35872674931186954,0.029155825652654288,-0.26541451577543496,-0.7843963667151381,-0.13397534330091854,-0.8231578094513355,100,0.34,18.77654340718212,14.754911798135428
KLAC,Other equities,2016-01-04,2026-09-04,-0.8893156751682482,-0.18645220228935588,-0.9338326201144685,-0.8197045921730968,-0.14837468542393362,-0.9045433694443085,31.390924956369986,0.38548615107049433,-0.43590934731393316,0.5499917155805589,0.041941603130433824,-0.49583414036052076,-0.9285903765038551,-0.21920019772086885,-0.9307931842651448,109,0.28440366972477066,19.95254899614979,6.961108299515139
KMB,Other equities,2016-01-04,2026-09-04,-0.5992508559444841,-0.08215508421746298,-0.6801823857339069,-0.4753704973064654,-0.05868237253049369,-0.5900779212139643,0.21144967682363602,0.01814557764481317,-0.3406513521372495,0.05950031924341026,0.0054332129095897574,-0.25098690348995345,-0.6217564669148081,-0.08711498287746411,-0.6489066644988628,94,0.3191489361702128,13.319287957726667,12.388035863801871
KMI,Other equities,2016-01-04,2026-09-04,-0.6059894250201001,-0.0836131182033828,-0.6278173609878896,-0.4617311204761786,-0.05641466686368202,-0.49345053659097515,2.4997770842621443,0.12461477764817275,-0.5391874180865007,-0.2980524987555707,-0.03263346517096111,-0.42458799980530304,-0.4386893973105005,-0.05269941764259123,-0.5452850237275343,94,0.2978723404255319,15.504186173366971,14.425830454392152
KO,Other equities,2016-01-04,2026-09-04,-0.6677124205936209,-0.0981341388612681,-0.6919414342431112,-0.5685659689670206,-0.07578454873821405,-0.6004865138349922,1.8818717277486994,0.10431888242448428,-0.3699351701782819,-0.031260104621852136,-0.002972990224613725,-0.2436922218891152,-0.6569898886257066,-0.09544490540741968,-0.6612107488689488,101,0.24752475247524752,12.004116562535149,9.91464516266003
KR,Other equities,2016-01-04,2026-09-04,-0.9084123530940604,-0.20076920457675573,-0.9151049618005518,-0.8670433914455313,-0.17234792956771317,-0.8769643953316909,0.7711608222490924,0.055052782591415106,-0.5136014192785332,-0.7166804769774573,-0.11151331852861102,-0.7166804769774573,-0.6767337247752883,-0.10045832752420292,-0.7478943477723365,107,0.24299065420560748,16.453765176096866,4.13689616485291
KRE,Theme ETFs,2016-01-04,2026-09-04,-0.6239708262254102,-0.08761734718302339,-0.6361254304691254,-0.45954028561978477,-0.05605527917567854,-0.4780082557594103,1.3744479495268003,0.08444866584408506,-0.5501901140684412,-0.3227418344135472,-0.035875296228809805,-0.53719643564123,-0.44477720183856695,-0.05366738426245454,-0.5296705222433407,105,0.3142857142857143,16.099396281208534,16.443054060562545
KTOS,Other equities,2016-01-04,2026-09-04,-0.48763318409493095,-0.06076727014040795,-0.8719153523259985,-0.13134478360828206,-0.013114093964272877,-0.8037550071560714,10.749385749385779,0.25983573099937285,-0.7274368231046925,1.068479399319012,0.07051387354830796,-0.6458691952275102,-0.7522978396237584,-0.12263376209555643,-0.7909555122805193,101,0.31683168316831684,24.23658039996346,35.62884004866489
KVUE,Other equities,2023-05-04,2026-09-04,0.011809935993432719,0.0035240837614742837,-0.2656377339320056,0.09536594914584295,0.027668790087929773,-0.24036851747351284,-0.20424628450106064,-0.06616482070294827,-0.4407976734524298,0.01999014239964958,0.005948202927649415,-0.14712781980689993,-0.008019887708886397,-0.002409785274350873,-0.22408012770344476,24,0.375,15.876697117327309,8.355601315241024
KWEB,Theme ETFs,2016-01-04,2026-09-04,-0.09072330134568252,-0.008876540579609071,-0.5530652573586905,0.3291394995844057,0.027033809071186576,-0.5134357899886007,-0.10141428078647241,-0.00997490246693089,-0.8092759657645151,0.9465256813314282,0.06443252858905502,-0.2927224861043899,-0.5328719742179987,-0.06887150401711073,-0.5721297809550077,102,0.39215686274509803,17.017945799010942,41.98628009300882
L,Other equities,2016-01-04,2026-09-04,-0.7772254997849288,-0.13131486767033773,-0.7930202629071641,-0.6983454583015651,-0.10627470444199716,-0.7205767255211908,2.0352679811163563,0.10970098762598157,-0.4852428964252985,-0.44992401184880937,-0.054493264523448826,-0.5174110889519977,-0.5950114074896855,-0.08124913368086117,-0.6176871991662424,103,0.27184466019417475,13.136878765204,7.888004148336369
LDOS,Other equities,2016-01-04,2026-09-04,0.9006058695499044,0.062052856123507416,-0.41161737676669286,1.5427113889388187,0.09143179220459507,-0.35847763997089266,2.96808827915299,0.13793380476061756,-0.4947198221413769,1.079479945572551,0.07104632784172749,-0.26981328320619047,-0.08601865884953508,-0.008396902621703894,-0.3666558279233154,91,0.4065934065934066,15.149705286860096,64.21055193889143
LEN,Other equities,2016-01-04,2026-09-04,-0.5612882386363347,-0.07433401062520262,-0.7399214328776078,-0.3746949325197366,-0.043062397959100496,-0.6717508725229582,1.182245430809398,0.0759007538945653,-0.5880566801619447,0.0961406829522431,0.008642968561312747,-0.4671606688172175,-0.5997669202623878,-0.08226595710558526,-0.6211844503934444,89,0.2808988764044944,18.74293393286602,18.659330611659808
LH,Other equities,2016-01-04,2026-09-04,-0.4245913598140063,-0.05049384237417698,-0.6232672379471715,-0.24316409190330202,-0.025781410923058634,-0.5424946827261733,2.352374115475357,0.12008709837481102,-0.4658276863504356,0.053097010115858545,0.004861970859830089,-0.3963567538778431,-0.45360338633694663,-0.0550879770946463,-0.45360338633694663,83,0.3253012048192771,15.286637463275785,18.14272679107043
LHX,Other equities,2016-01-04,2026-09-04,-0.4421762040932292,-0.05325265216358854,-0.5920034789767435,-0.2446473983162445,-0.02596057165463128,-0.5188997210675454,2.5922398094971566,0.1273674692603204,-0.3815752061415968,0.2722937241877077,0.02283379126819618,-0.3459217153355346,-0.5615605223055604,-0.07438788597064849,-0.5888263619300309,97,0.3402061855670103,14.739424087004469,19.752880577698473
LII,Other equities,2016-01-04,2026-09-04,-0.49500488507875084,-0.062042473152824185,-0.6287761179928129,-0.29587101134620253,-0.032352016233301195,-0.5595318588095683,2.556091786559811,0.12629904324014962,-0.4687640584230577,-0.25158856591111944,-0.02680321890334325,-0.42189946498057207,-0.32524398757211503,-0.03620979326480256,-0.4638934698339082,92,0.29347826086956524,17.52277340674708,19.91338737325483
LIN,Other equities,2018-10-31,2026-09-04,-0.13476961242176988,-0.018285687253772553,-0.40086972915869334,0.06680646377420807,0.008278603693395281,-0.3516306641622019,2.266105867870342,0.1628725788232923,-0.32582270975392846,0.20010445339171756,0.02352720756553417,-0.19074080070003918,-0.27903743283934246,-0.04085176682186986,-0.3966129961707563,72,0.3611111111111111,13.39222789728164,20.157607619597794
LIT,Theme ETFs,2016-01-04,2026-09-04,0.05055250689414459,0.004634100274507613,-0.5422466190767233,0.4739426122513144,0.03703891555123362,-0.47868555716956285,3.320326150262086,0.14704293698314053,-0.659088448630508,0.7848225411835024,0.05581307325126361,-0.32886473823571694,-0.41139666120670326,-0.04847351702054192,-0.46714264224429913,108,0.35185185185185186,15.482185585590992,42.33901053571698
LITE,Other equities,2016-01-04,2026-09-04,-0.7960416236982328,-0.13847175565326675,-0.8971554793254712,-0.6371479781206026,-0.09066345515667351,-0.8359243205723805,38.465069413345375,0.4113832423419501,-0.6688699164601115,0.4276009451703251,0.03393774503630609,-0.47333656112216327,-0.8571320809279558,-0.16675036917577524,-0.8727154790866383,100,0.41,25.866656792712526,15.88936455776302
LLY,Other equities,2016-01-04,2026-09-04,-0.35089378999484244,-0.039705143138165644,-0.5288126973816261,-0.08978781532986513,-0.008780988995112149,-0.47824851115817135,15.544695552036952,0.3009160164533977,-0.34474418015125174,1.59500911861711,0.0935169540041656,-0.2887800486579136,-0.7498636111340276,-0.12182901842948857,-0.7703135463379306,96,0.3333333333333333,16.878303542294,26.11059746649773
LMT,Other equities,2016-01-04,2026-09-04,-0.1462130710444708,-0.014710134410578002,-0.6014782158931444,0.12331029599105992,0.010960880148885188,-0.5499233051189719,2.3249778452968592,0.11922575634938726,-0.3667348518354707,0.5214423966053132,0.040127202026843056,-0.2897820359803015,-0.43883059203520935,-0.052721759733387885,-0.5499022361742758,90,0.36666666666666664,14.164621905342573,26.95233670355307
LNG,Other equities,2016-01-04,2026-09-04,-0.7698530239248769,-0.1286593118278503,-0.852700680512446,-0.662568407956105,-0.09683434696101667,-0.7890544997572994,7.18156346315493,0.21780682442357135,-0.5742929821936258,-0.052006499295922604,-0.004994451593722138,-0.447247018050706,-0.7572272637901081,-0.12428559864033417,-0.7572272637901081,91,0.2857142857142857,19.135634177340048,10.728461596877182
LNT,Other equities,2016-01-04,2026-09-04,-0.5587116583099521,-0.07382569085563517,-0.5900058405753155,-0.41787145447583485,-0.04945972810755761,-0.46506231626111405,2.0630914826498374,0.1106507059069537,-0.3352412101390029,-0.09036967435675813,-0.008840410255948616,-0.2925500691902432,-0.5148706796049363,-0.06556490122490577,-0.5519156076489504,95,0.30526315789473685,13.672681764996534,14.084020383411723
LOW,Other equities,2016-01-04,2026-09-04,0.12302106878207453,0.010936474199379376,-0.4622541262547891,0.5287316728606117,0.040593373445227066,-0.3865255725906199,2.3157638663639424,0.11893462204465122,-0.48805704099821745,1.2131259423637668,0.07731901315592049,-0.2542329757181476,-0.49256341571658935,-0.061618274759747016,-0.5682943192433321,93,0.3333333333333333,15.681868363184686,40.57106040785372
LQD,Bond ETFs,2016-01-04,2026-09-04,0.08759263443060195,0.007902939172896417,-0.07906308961462549,0.16895930293304762,0.014743301066036496,-0.07226407736234097,0.34643860097013457,0.028279646148402282,-0.2495738763792944,0.08859216394061709,0.0079897429380833,-0.0475843285702412,-0.000918185472134847,-8.611572269923151e-05,-0.0886487515925879,46,0.3695652173913043,7.388296954008896,8.136666850244566
LRCX,Other equities,2016-01-04,2026-09-04,-0.40150831007640375,-0.04698617860825649,-0.7384725101272251,-0.05434990136598894,-0.00522529909435232,-0.6790227738863475,44.66572658453325,0.4308252558431902,-0.5639367816091956,1.0435154123533366,0.06929596932842208,-0.4646572349202118,-0.7071264125018915,-0.10874645680158146,-0.7233290850136878,98,0.40816326530612246,21.05929796950729,34.71584087104148
LULU,Other equities,2016-01-04,2026-09-04,-0.43225804391546274,-0.051687106692455465,-0.5784926527485195,-0.15352881059927137,-0.015504711743264177,-0.5354507414483887,0.801109917651273,0.056712623165458664,-0.803223219699192,0.5479588826359025,0.04181341577158526,-0.2981361425850012,-0.633231888486744,-0.08974785796436702,-0.7585577798141953,96,0.3645833333333333,19.41845592692091,27.872923331619138
LUNR,Other equities,2021-11-17,2026-09-04,-0.44821457561637346,-0.11658395632425411,-0.7538792825731961,-0.21343257001081306,-0.048818385880646464,-0.7219185489208892,0.5347150259067357,0.09340819684515389,-0.9742651542871082,-0.4382718905697036,-0.11328877103981172,-0.6545773410251524,-0.017700173588883206,-0.00371618761195458,-0.5298843766354218,41,0.34146341463414637,45.522853516827965,23.47820056055604
LUV,Other equities,2016-01-04,2026-09-04,-0.7305739762954184,-0.11569168825762322,-0.8511855278312717,-0.5884288470785664,-0.079859361560772,-0.805657328758634,0.07633795164357382,0.006920508105412004,-0.6476254858881199,-0.23346058667059966,-0.024617165175076505,-0.536179037174908,-0.6485164115249448,-0.09337310421183931,-0.7463105667597993,101,0.297029702970297,19.879737629986803,14.214512921685207
LVS,Other equities,2016-01-04,2026-09-04,-0.31190126456903766,-0.03443890466666133,-0.6712702656701272,-0.00482204913994666,-0.00045305790659566636,-0.6082873583606294,0.35150776728602096,0.02864196651958162,-0.5877551020408155,-0.05823607575368095,-0.005609269626564384,-0.5644509716148632,-0.26935114234532087,-0.028992260446022433,-0.41674709135149846,90,0.4111111111111111,18.798388016326964,30.7079215429091
LYB,Other equities,2016-01-04,2026-09-04,-0.3367026630629386,-0.03775613955037016,-0.697309852592074,-0.06588928955961448,-0.006369656627584042,-0.6413804357455944,0.32581924441661525,0.02679301321632055,-0.6816360370319193,-0.42897045123994315,-0.051173639032431995,-0.5997754372552204,0.16158145997410478,0.014141153781161098,-0.4420082868629782,88,0.3977272727272727,18.654081452354976,27.08133735033241
LYV,Other equities,2016-01-04,2026-09-04,-0.7082796553901536,-0.10907605836983969,-0.7851070121596547,-0.5683322664660511,-0.07573762561754627,-0.7101092824244519,6.2382144347100565,0.20390009293125932,-0.6122502628811777,0.583844601727892,0.04405422050704044,-0.30038882283164614,-0.8158150463173008,-0.14666889503354863,-0.8345073118197748,98,0.29591836734693877,17.267382533836138,13.994738892410252
MA,Other equities,2016-01-04,2026-09-04,-0.611760683208401,-0.08487993160801288,-0.6985807368110781,-0.4801574733712973,-0.059490943891164494,-0.615654444211569,5.519698334083739,0.19215802961909634,-0.40995903120857957,0.036053652404950176,0.0033260437866635684,-0.35037707282908304,-0.6252710311957346,-0.08791357100806152,-0.6304186444747022,91,0.32967032967032966,14.594318184751186,13.160320983710372
MAA,Other equities,2016-01-04,2026-09-04,-0.47928699031141697,-0.0593434094297266,-0.5453807360550844,-0.3076617965043057,-0.033882741479640544,-0.4538956138235165,1.1036065573770402,0.07220523511884447,-0.4539793836010676,-0.21627919675238194,-0.022588085067555275,-0.433157437979818,-0.3355886336934919,-0.03760474350746135,-0.3837973173854836,93,0.3225806451612903,14.714918541641584,17.162519380711128
MAR,Other equities,2016-01-04,2026-09-04,-0.6115325523298292,-0.08482953302708107,-0.8448889360802552,-0.4348732569859777,-0.0520974876612198,-0.8129436453921393,4.696800406297639,0.1771733094611494,-0.6126384899466555,0.527300331014307,0.04050199394874188,-0.47012299837379745,-0.7456509110999909,-0.12045294262261363,-0.754367662256924,99,0.3333333333333333,16.408373902643735,17.66592953438515
MAS,Other equities,2016-01-04,2026-09-04,-0.7138586516005931,-0.11068742556444189,-0.7626138054573025,-0.5937813340142286,-0.08098788125479328,-0.6810239599767471,2.079203727234248,0.11119710746926526,-0.4484304932735427,-0.09361818153445811,-0.00917279231587409,-0.4380664076731091,-0.6843037420103707,-0.10245442642399705,-0.6891904713487907,100,0.24,16.45481505652208,12.007731758636453
MBB,Bond ETFs,2016-01-04,2026-09-04,-0.045435046577034344,-0.004349848302307335,-0.10705657490554288,0.018406581878238626,0.0017113906853694072,-0.0875534657492556,0.15806894828876938,0.013853259127764472,-0.176432432432433,-0.004633778392541421,-0.00043533155552200054,-0.05792717706639494,-0.040991212378701625,-0.003916221601627412,-0.07719593965241289,48,0.2916666666666667,6.316676655218654,6.384162845527297
MCD,Other equities,2016-01-04,2026-09-04,-0.06708308075036606,-0.006488774730512015,-0.3564191854903165,0.16813173779110357,0.014675930588639696,-0.3170913299038871,1.8284292035398315,0.10238265926520085,-0.36896533247602115,0.24314004928197241,0.020613375081157903,-0.1626867591539286,-0.24954801368640533,-0.026554766450630263,-0.33616164487770894,85,0.36470588235294116,12.576756672025457,23.521481854146963
MCHP,Other equities,2016-01-04,2026-09-04,-0.06861954894828382,-0.006642289081998487,-0.7389329917653021,0.3964451048141058,0.03180110257634938,-0.6853245435137518,2.983351235230936,0.13834343296850515,-0.6376641400661895,1.3415213884199844,0.0830299073117644,-0.42445667735730863,-0.6022327809355634,-0.08279752552387232,-0.7064401660261075,96,0.3958333333333333,20.20775681223328,46.50646537623896
MCK,Other equities,2016-01-04,2026-09-04,-0.5999440488044876,-0.08230404182789863,-0.7285721351746199,-0.4454898491968241,-0.0537813239942605,-0.6797072285003045,4.057031467557803,0.16409980840560734,-0.4423024560257032,-0.28049307371956533,-0.030390126428067266,-0.46190700970067844,-0.4439859623539083,-0.05354103419820411,-0.6129832196020613,95,0.3473684210526316,16.52393451901436,15.44541996076635
MCO,Other equities,2016-01-04,2026-09-04,-0.2849600747695481,-0.03095607145351531,-0.4715941577112226,-0.0313854209625678,-0.0029850823927555226,-0.38254961102055063,4.64250600205781,0.17611693317972588,-0.420156533996068,1.2352550961523554,0.07832435686869665,-0.1984096956170005,-0.6801081333127105,-0.10134281733146322,-0.6801669875989338,94,0.3404255319148936,14.96534001666285,25.35746538069803
MDB,Other equities,2017-10-19,2026-09-04,-0.7118289788504473,-0.13079311700174334,-0.8158430031358765,-0.5140161655244366,-0.07807793880070302,-0.7301425925278751,10.497973183660733,0.31671459411291614,-0.7652257149206025,-0.07165549514037639,-0.008341696662041098,-0.6055546517922166,-0.6895861184710439,-0.12348146526633841,-0.7739869749553222,83,0.3493975903614458,29.05990942489248,19.781281332601065
MDLZ,Other equities,2016-01-04,2026-09-04,-0.7348589375819962,-0.11701979395420037,-0.7367744629339101,-0.644872530359526,-0.09249604790434707,-0.6721508719702469,0.7886748394629133,0.05602650489374317,-0.2973507315144328,-0.3825845928481958,-0.04420085622241898,-0.3870451424676171,-0.5705629316230949,-0.07618644377937067,-0.5860021552392076,102,0.2549019607843137,13.549337800381906,8.99864072224702
MDT,Other equities,2016-01-04,2026-09-04,-0.39242156990420607,-0.04563891978267265,-0.5757123970535671,-0.1982226776088094,-0.02049864573379534,-0.5274140806315427,0.5982688391038764,0.04494196722444643,-0.45323315887219284,-0.18705265081504352,-0.019227338083833034,-0.3582709580240757,-0.25262265667642525,-0.026929361639463245,-0.43920332316659416,94,0.35106382978723405,14.02774487478623,19.419889229539667
MDY,Broad-index ETFs,2016-01-04,2026-09-04,-0.14865218668538482,-0.01497436374580452,-0.4001050700111163,0.08214198206397283,0.007428303379825918,-0.33056997147047673,2.1510070172241074,0.11360104156904716,-0.4222379003809793,0.45192460190450934,0.03557666558408523,-0.22523154832819503,-0.41364185702350453,-0.048814376578655394,-0.4873508253887725,93,0.3655913978494624,11.940783744598793,23.079416874935767
MELI,Other equities,2016-01-04,2026-09-04,-0.6243810265370022,-0.08771070216722299,-0.8406169053000426,-0.3895885378170457,-0.04522260935318512,-0.7953605052892561,17.1118740272818,0.31200070289051673,-0.6912323492949797,0.7339606811903034,0.052955286219911635,-0.5138784692088417,-0.7833751494266014,-0.1335916066218943,-0.8009936659373348,94,0.35106382978723405,23.595036792654447,23.47924887199565
MET,Other equities,2016-01-04,2026-09-04,-0.7676500704425416,-0.12788076812706806,-0.8117262790839767,-0.6772744091026413,-0.1005994854651645,-0.7409534727060235,2.3226684819605166,0.11915285606842674,-0.5514393581878241,-0.3952119126884438,-0.046050680278397316,-0.5788614891181749,-0.6158159619341781,-0.08578033041896993,-0.6240602491225614,97,0.24742268041237114,15.636621176661308,9.037566133990039
META,Other equities,2016-01-04,2026-09-04,-0.2272747830487677,-0.02388193184128351,-0.6147594854559774,0.12324311415486355,0.010955211630927275,-0.529409049750805,5.086746274548496,0.18450285645061193,-0.7673485548370068,0.9038776076473898,0.06222411983574383,-0.42287951099006116,-0.594130833911072,-0.08106203772735143,-0.6109082099611929,98,0.3163265306122449,18.390506121041447,35.051789720363125
MGM,Other equities,2016-01-04,2026-09-04,-0.8962145068765667,-0.191345865731389,-0.9269068510290535,-0.8362400554629988,-0.15602035937083147,-0.8986639118086934,0.9609895337773537,0.0651715472701051,-0.8042261251372115,-0.4407095968906919,-0.0530195719998916,-0.6097366890840046,-0.8144336242022919,-0.14607091090955615,-0.8332368516624482,98,0.29591836734693877,20.136324988628783,5.997445141356783
MKC,Other equities,2016-01-04,2026-09-04,-0.2555301318501402,-0.027284877115326567,-0.48278270283534186,-0.009101595424458764,-0.0008568140994995588,-0.4277064171679793,0.5170404893678953,0.039844705483152776,-0.5200722175021254,0.3370077666490465,0.027602272322506893,-0.2577700479886691,-0.44318209159268274,-0.05341283385232465,-0.5481233457003749,94,0.3617021276595745,14.337920376181511,24.64285364256814
MLM,Other equities,2016-01-04,2026-09-04,-0.2838015167511079,-0.030808981302037353,-0.6044342234087203,-0.011529865211055035,-0.0010866138463302422,-0.5061979082066229,3.107972228872411,0.14163579705564278,-0.4834013248998835,0.4584542062888999,0.03601239106352638,-0.4332588413249905,-0.5089331703658432,-0.06449862274037854,-0.5562840187294035,85,0.3411764705882353,17.34321672491637,27.227165154005284
MMM,Other equities,2016-01-04,2026-09-04,-0.6453865884915608,-0.09261928254306917,-0.7313419502327143,-0.5200474471406913,-0.0665042582822728,-0.6528971373912992,1.0186826347305344,0.06807101487243261,-0.5909943714821765,-0.38149168794654564,-0.044042368825190414,-0.5710900130260976,-0.42666346660545307,-0.05081492331221904,-0.48173443285842865,98,0.3469387755102041,15.405316508070857,12.533914135086954
MNST,Other equities,2016-01-04,2026-09-04,-0.4122885034416802,-0.0486087727989275,-0.63529224220259,-0.21747593647095664,-0.02272810437349626,-0.5835096585905897,2.642560266001673,0.12883868050220193,-0.3041207196749852,0.7155525790204662,0.051902235561956056,-0.3485110099940477,-0.6574214607319769,-0.09555166341783428,-0.6632640124233765,89,0.34831460674157305,15.423367158365826,19.481256697072357
MO,Other equities,2016-01-04,2026-09-04,-0.6549327418819837,-0.09493769597620394,-0.7119776796830716,-0.532149324189221,-0.0687365553025494,-0.6348434135691778,1.415147265077135,0.08617790494543343,-0.5369869746866558,-0.10956593291463579,-0.010820367148060228,-0.2561052363286499,-0.6124729827021147,-0.08503746542538693,-0.6475863314259362,101,0.3069306930693069,13.853012728281461,12.278341769276269
MOAT,Factor ETFs,2016-05-02,2026-09-04,0.021482372062673116,0.002057539906431094,-0.28744677641565164,0.27803958665765216,0.024007723162455585,-0.22473429775354792,2.887613082811439,0.1403142481572095,-0.3330163560289081,0.4740901899831924,0.03823796442369942,-0.15338405128218735,-0.30704214775737937,-0.03484791132382781,-0.3637507051309804,95,0.3368421052631579,11.042553022999506,25.655721459497904
MOS,Other equities,2016-01-04,2026-09-04,-0.7996472603926038,-0.13991116902664036,-0.8410441863062845,-0.6762849002266528,-0.10034131409725755,-0.7520772282846094,0.12391304347826448,0.011011723682396557,-0.7879450343535294,-0.6243330365146075,-0.08769977564013742,-0.7019534248661532,-0.46667458392255534,-0.05723049495371757,-0.6797213074875248,96,0.3020833333333333,23.060964195822446,12.336236016595103
MPC,Other equities,2016-01-04,2026-09-04,2.072053891349548,0.11095496141128591,-0.3854702336302934,3.3767560418867015,0.14843926318845813,-0.34497081286501696,9.522186147186186,0.24687361706402955,-0.7967503692762183,2.244023970996332,0.11664244040201344,-0.284595837204889,-0.05301134676695385,-0.005093375269419664,-0.4813427718858335,85,0.4588235294117647,19.840698032443036,130.47021505371538
MPWR,Other equities,2016-01-04,2026-09-04,-0.8709644956226112,-0.17466741904036065,-0.883457087936422,-0.7907272780232406,-0.1363916984023732,-0.8208772389888992,20.92511644571842,0.3357134647579487,-0.5164654932144161,-0.12974370109797828,-0.012943704765757458,-0.5387715037265906,-0.8517270089970168,-0.16384446870502323,-0.8531186613712396,96,0.2916666666666667,23.379986873256872,8.023721759937064
MRK,Other equities,2016-01-04,2026-09-04,-0.8019512993801223,-0.14084331279482964,-0.8401340068421642,-0.7295571152220066,-0.11537932820389374,-0.7823391929153336,2.958135860979474,0.13766593132752503,-0.4344367668327175,-0.42440201813033496,-0.05046455542243555,-0.5782929107460861,-0.6559253040176178,-0.09518207865594985,-0.6568818119702553,102,0.2647058823529412,14.55264059898121,7.2394184158115715
MRNA,Other equities,2018-12-07,2026-09-04,-0.698753626730782,-0.14355355456139962,-0.8398947418219253,-0.4972028522028503,-0.08497402278856969,-0.7836278877915498,6.8252688172042975,0.3043669622676475,-0.9538464714017378,0.11758056420262553,0.014461215315146436,-0.5964182153703483,-0.7304477342229445,-0.15576225832099289,-0.7927750133257434,70,0.44285714285714284,33.53397958396426,20.15507745279317
MRSH,Other equities,2016-01-04,2026-09-04,-0.44116478230287237,-0.0530918528847647,-0.5755520605829472,-0.2732621766395025,-0.029480724461757202,-0.5204767259197888,3.11475409836065,0.14181235860103758,-0.3580178173719374,0.047442620906519295,0.0043549171608490145,-0.32782540419575845,-0.46647653385205945,-0.0571976788922447,-0.46647653385205945,98,0.37755102040816324,12.56415266956123,16.79026056633699
MRVL,Other equities,2016-01-04,2026-09-04,-0.8688399335098747,-0.17340285174586623,-0.9175543711648679,-0.7728269992457523,-0.12972112431092042,-0.8628978055103883,26.687639336140577,0.36525666649549193,-0.6187298409520631,0.25801174546756034,0.021751867689537185,-0.3585293588795171,-0.8957401892608103,-0.19100011030731168,-0.9038055218288973,107,0.2523364485981308,23.072115603240928,9.601293426412239
MS,Other equities,2016-01-04,2026-09-04,-0.33203341078717885,-0.037123124276937536,-0.7104008274692508,-0.06609041731003973,-0.006389715759836934,-0.6626296119208372,8.332190312901847,0.23292301961536577,-0.513346145633141,1.1476533748037738,0.07429027102817254,-0.39093969317115806,-0.688978399843571,-0.1037088376482076,-0.6915549913418142,94,0.3723404255319149,16.606839098613825,26.594299347713914
MSCI,Other equities,2016-01-04,2026-09-04,-0.6762782071349182,-0.10033957024854645,-0.7893122016304286,-0.5415419464400282,-0.07050547052318834,-0.7294522299304756,8.149129809995157,0.23063526279907132,-0.43744127779517705,0.25087665361018385,0.021207176535183114,-0.42605158266708665,-0.7412040652203549,-0.11902261321362917,-0.7418936867390167,97,0.26804123711340205,16.531687838682757,13.473626069488997
MSFT,Other equities,2016-01-04,2026-09-04,-0.31850473488671716,-0.035311410797751464,-0.6021261461598493,-0.07462533561728169,-0.007244560200283079,-0.5088437095783551,9.480285234899405,0.2464072840794851,-0.3714874655188092,0.9802255735464009,0.06614678061398616,-0.2847396824303279,-0.6558496798459232,-0.09516343645788472,-0.7193557371377481,94,0.35106382978723405,14.86880883853761,24.387939926943545
MSI,Other equities,2016-01-04,2026-09-04,-0.09983974591198552,-0.009812397860066602,-0.47588896012854565,0.2086669636472409,0.017926096773904998,-0.40449790153071563,7.195587462791119,0.21800237008629209,-0.32809579439252334,0.5696411483069643,0.04317287342793841,-0.250912324037889,-0.42651844018045937,-0.05079241671027335,-0.5600562027293083,98,0.37755102040816324,13.616134295187472,30.850670955922645
MSTR,Other equities,2016-01-04,2026-09-04,-0.9151030269482887,-0.20643291838682887,-0.9536611370233478,-0.8297286215085435,-0.15292955349505188,-0.9096120934146681,7.350877192982416,0.2201476395826989,-0.8926802421574026,-0.3873223886308559,-0.044890860259135246,-0.6682714957664506,-0.8614328784399472,-0.16913465844492148,-0.9238471871892919,101,0.2871287128712871,31.639209553562868,8.537440543974517
MTB,Other equities,2016-01-04,2026-09-04,-0.4493321981729579,-0.05439794396363551,-0.7818995948393787,-0.22941156851590983,-0.02413530129495567,-0.7345631616188532,1.7669589293954662,0.10011415908748589,-0.5297908720242017,0.07141264822618543,0.006487642584529496,-0.6319345345785696,-0.48603574660172466,-0.060493128750015224,-0.6158754608195482,89,0.39325842696629215,16.78325635792315,21.992062965704807
MTD,Other equities,2016-01-04,2026-09-04,-0.15284629318598675,-0.015430319466146591,-0.49324488899913377,0.164603868384946,0.014388247475275229,-0.4066331425797909,3.0847148843140566,0.14102829437624798,-0.4347412380398581,0.730938732310376,0.05278311035087402,-0.36295425395660674,-0.5105813446769003,-0.06479343099860913,-0.5911331640040405,89,0.33707865168539325,17.309557347251744,31.745016157093275
MTSI,Other equities,2016-01-04,2026-09-04,-0.911788798747989,-0.20357872985762815,-0.9382710541939202,-0.8446129029027349,-0.1601627141740719,-0.899133214554556,5.808860759493649,0.1970181346877351,-0.8078389507396678,-0.36347668331248106,-0.04146584561339961,-0.6209150141936223,-0.8614171720981658,-0.16912582979160518,-0.8857129461290815,105,0.29523809523809524,24.6284741429903,6.717589584525408
MTUM,Factor ETFs,2016-01-04,2026-09-04,-0.4867001623602605,-0.060607057354326255,-0.5989170838132163,-0.3245333721778567,-0.03611468144852226,-0.5137619957126318,3.795658329400677,0.15832257863831956,-0.3407847428482099,0.09045312378173764,0.008151165043547293,-0.2760889310563186,-0.5292784013863954,-0.0682022942411653,-0.5442386920474482,104,0.3269230769230769,12.041970462714968,16.216679018240377
MU,Other equities,2016-01-04,2026-09-04,-0.8583589328604543,-0.16742381039898813,-0.9217577207682288,-0.7570930199144517,-0.12424021288741038,-0.8950555276126387,71.76950608446687,0.494712817810278,-0.5762667366762924,1.1372256728234151,0.07380018227676244,-0.587919241690489,-0.9337266677353597,-0.22464514036893435,-0.9366745051907109,101,0.31683168316831684,23.82071944082341,10.126591294600262
MUB,Bond ETFs,2016-01-04,2026-09-04,0.11036900584971665,0.009863236513604212,-0.052007962519385775,0.17440901286258792,0.015185874938240085,-0.041505122548665896,0.22402635604188603,0.019131873947636935,-0.13681567051732768,0.10416706609630189,0.009333090214874051,-0.02331959106963144,0.0056168490655506,0.0005252441477148206,-0.05126308953840264,43,0.4186046511627907,6.148720308083929,6.404000701287127
NBIS,Other equities,2016-01-04,2026-09-04,-0.6921179881760224,-0.10456095081267536,-0.8260582420404243,-0.516052452780797,-0.0657785384266587,-0.7946090360079396,13.874507227332446,0.28800186696125096,-0.8015496704059211,0.0485707663592021,0.004456280634156151,-0.6105821680193824,-0.7063793673239704,-0.10853357537672437,-0.7099264639977318,77,0.2727272727272727,21.434540637418273,17.60655353952254
NCLH,Other equities,2016-01-04,2026-09-04,-0.7814739153281994,-0.13288153809554726,-0.8835937587503068,-0.6277568771915107,-0.08848251985763589,-0.8573358230433332,-0.7315054319710296,-0.11597875239313804,-0.8724766125061547,-0.3138940071107885,-0.034701400279384065,-0.556225999330241,-0.6814980674464293,-0.10170960347873637,-0.8290722738989367,92,0.358695652173913,24.081358747544733,15.37170381366887
NDAQ,Other equities,2016-01-04,2026-09-04,-0.33337357995315353,-0.03730440101022814,-0.4389306781201213,-0.11218442346210289,-0.011093437833029074,-0.36617003717329366,5.07779171894606,0.1843393797325199,-0.38299639988922674,0.33336763422530846,0.02733965947935113,-0.24877354031368215,-0.5000430466919508,-0.06292374668212497,-0.5125330042140894,97,0.3402061855670103,13.94377562741591,22.118915649105062
NDSN,Other equities,2016-01-04,2026-09-04,-0.1775398291544139,-0.01815706465866107,-0.459427873233216,0.07864094966523916,0.007122293941464575,-0.38748453525294957,4.621755253399276,0.17571076273427244,-0.4423434779998795,0.570546942044708,0.043229294711947475,-0.256867577901875,-0.4763224524987336,-0.05884263381192567,-0.48378725722093086,84,0.39285714285714285,15.691830667163876,25.618077881965306
NEE,Other equities,2016-01-04,2026-09-04,-0.45530685545669336,-0.0553645459171328,-0.5024756134518773,-0.265195268507054,-0.02847580735248445,-0.4328809658482883,3.2522935779816518,0.145337363976215,-0.4496889864617637,-0.05432229314741144,-0.00522257640448287,-0.2392267888322006,-0.4240182034573303,-0.050405214597067594,-0.44457473353379906,97,0.30927835051546393,14.910799472543824,19.011158694963935
NEM,Other equities,2016-01-04,2026-09-04,-0.36416361409721054,-0.04156287203147657,-0.6697628379133018,-0.0882837683525679,-0.008627550370429615,-0.5972354087195983,7.90751043115432,0.2275513177336561,-0.6240919297318723,0.8531252943608181,0.059536868821500555,-0.38701973050084515,-0.6568842981973838,-0.09541880403409453,-0.6700508309904389,89,0.3595505617977528,18.861431859773703,27.587984574464265
NET,Other equities,2019-09-13,2026-09-04,-0.6729297199192183,-0.14802881980402893,-0.8832735012330634,-0.5120320027012333,-0.09774019988896876,-0.8489543635345898,14.495555555555473,0.4811992582559965,-0.8258227848101268,1.2441792242644798,0.12285402185315708,-0.5300802823535072,-0.8542583958783516,-0.24124493156298377,-0.8542583958783516,58,0.29310344827586204,29.971071362158696,16.089771721798506
NFLX,Other equities,2016-01-04,2026-09-04,-0.8317442834504046,-0.15387471883880033,-0.8847850025389453,-0.7367060747802099,-0.11759831516548613,-0.8343701734494533,6.11363636363636,0.20194222704242937,-0.7594332803238395,-0.08893357649515887,-0.008693813795962124,-0.5327330785144687,-0.8153200335247538,-0.14645415015392182,-0.8692579623404035,102,0.29411764705882354,19.85392952064651,9.503820867019474
NI,Other equities,2016-01-04,2026-09-04,-0.7017001629934826,-0.10721122706366115,-0.7714351087770968,-0.5989512464724178,-0.08209077452403779,-0.7054465053887979,1.975557153127255,0.1076359112380354,-0.3093967993434551,-0.42313905969965815,-0.050269426858509436,-0.4847165274977281,-0.4828912547776115,-0.05995574093903433,-0.5833443427198763,98,0.336734693877551,14.104884349221097,10.274891652106477
NKE,Other equities,2016-01-04,2026-09-04,-0.3451101368741759,-0.03890620109515963,-0.5547818305318,-0.10965298871350382,-0.010829434106403357,-0.4857674323170895,-0.27203791469194305,-0.029327566088371504,-0.7651416929060939,-0.1942469568438362,-0.02004432287628133,-0.3947540214172891,-0.18723252901335874,-0.019247685032286133,-0.3869850629960486,90,0.3888888888888889,16.120307045813536,23.54571481606721
NOBL,Factor ETFs,2016-01-04,2026-09-04,-0.06492431511655927,-0.006273470957338212,-0.34379517201739596,0.16227635063727042,0.014198015343923842,-0.2508487234014881,1.9696345856922335,0.10742903908583279,-0.3544798556825014,0.381368437309316,0.030751601653798755,-0.10169822257466077,-0.32308017207573037,-0.03592046090613099,-0.42218314671520063,99,0.3939393939393939,10.355495999011616,22.72006657538297
NOC,Other equities,2016-01-04,2026-09-04,-0.5036412930522878,-0.06355809091192255,-0.7152426552233805,-0.3317902454568966,-0.03709026807799154,-0.6362068858567114,2.266188875499453,0.1173555009113294,-0.36384534337984054,-0.08665400494265829,-0.008461545252156588,-0.48904900799471185,-0.4565490957054569,-0.05556672602655388,-0.593500453938522,93,0.3118279569892473,15.121697313282423,17.185104759539115
NOW,Other equities,2016-01-04,2026-09-04,-0.7674482098713591,-0.12780976373935693,-0.8519861929623695,-0.6437788311428743,-0.09223439344738737,-0.8012732715071594,7.403331350386686,0.22086411047478105,-0.6454203691045798,0.6401800273759839,0.047480820966220305,-0.5129595290546862,-0.8582156920294381,-0.16734491094919068,-0.8733610238811069,97,0.28865979381443296,19.439905396712533,12.366937872848482
NRG,Other equities,2016-01-04,2026-09-04,-0.7386635009794733,-0.11821540677027187,-0.8239318559644715,-0.5918865719414184,-0.0805868565165857,-0.7410343025698025,11.941176470588127,0.2712985157470855,-0.5191715645116144,0.22087270832975636,0.018885422357978632,-0.4229024680894564,-0.7859428773880499,-0.13455961398580218,-0.828493347445755,103,0.30097087378640774,19.592180069477873,14.677692903805495
NSC,Other equities,2016-01-04,2026-09-04,0.8761102460970283,0.06076204233520088,-0.30356837485893684,1.462473179247822,0.0881557942948985,-0.2858217413104511,4.037614678899075,0.16368004940534653,-0.44420154625433195,1.0353053649623036,0.06889248294912953,-0.18312872603871577,-0.07821682269688701,-0.007606415746789108,-0.26152609437260743,85,0.4588235294117647,15.296725157014448,58.63629331507938
NTAP,Other equities,2016-01-04,2026-09-04,-0.058488649473262155,-0.005634274648321447,-0.7684704920371922,0.3703176648130715,0.029975733599644228,-0.7048454205593861,8.321446509291842,0.23278987966973141,-0.5807854137447401,1.599166035906011,0.09368105615121403,-0.35123081947858603,-0.6377640606562665,-0.0908083122048734,-0.679630135350535,100,0.36,17.54772786994529,42.880631428633365
NTES,Other equities,2016-01-04,2026-09-04,-0.9077306054764042,-0.2002133389541607,-0.9396432122010631,-0.8521475995666359,-0.16406711459741052,-0.9062745318374411,3.204793796263669,0.14413182459331364,-0.5734721516844418,-0.45491817413912494,-0.055301372133171545,-0.6703285339763078,-0.8307237736685307,-0.1533949161630589,-0.8405031282071611,106,0.27358490566037735,20.797519954516506,5.5583005909768275
NTRS,Other equities,2016-01-04,2026-09-04,-0.8513689836968206,-0.16365539318409184,-0.900662604998558,-0.7826126737079608,-0.1333061632231256,-0.8623311089649232,2.519328681878196,0.1252022941397044,-0.5002588438308891,-0.3002134936453835,-0.03291305285591828,-0.6596390899918798,-0.787605198223327,-0.1351919191074501,-0.7968326597137974,105,0.2761904761904762,16.63151695086044,6.875630998885973
NUE,Other equities,2016-01-04,2026-09-04,-0.3323412674019388,-0.03716473703460599,-0.6009931574736589,0.011847040006953913,0.0011047422664933748,-0.5446744370320908,7.335568326947675,0.2199377670456566,-0.571987746766508,0.6979910820389039,0.05088802739602194,-0.455658693587625,-0.6067949121403179,-0.08378891198219474,-0.613566355340134,103,0.36893203883495146,19.147622705024688,34.41883074088927
NVDA,Other equities,2016-01-04,2026-09-04,0.5147839658558286,0.039699602832681924,-0.625737554794177,1.4130172608638865,0.08608806226424104,-0.5809186626473344,291.1126046157746,0.7027282455960595,-0.6633603847309889,8.9276220362974,0.24009295630040106,-0.3625396060297291,-0.8474172404713369,-0.16159542915682523,-0.8478240749269322,95,0.35789473684210527,21.867776729963868,89.82332950080578
NVMI,Other equities,2016-01-04,2026-09-04,-0.6420219417788408,-0.09181559884952617,-0.7421897186383102,-0.4380727364246477,-0.052601899338609925,-0.6034163273362319,36.47230614300101,0.4045440102536073,-0.5275965198477431,0.14042945790133565,0.01239540424366048,-0.39337786208874304,-0.6861024101570254,-0.10293508115146033,-0.7450373071348702,97,0.30927835051546393,21.71038618956897,20.394920535419303
NVO,Other equities,2016-01-04,2026-09-04,-0.6461920481886239,-0.09281270053885149,-0.6837866713198415,-0.49912079000034437,-0.0627618258705046,-0.5674378011327181,0.9604543542280306,0.06514429085217888,-0.7491542503418986,0.33901976939519396,0.027747147844421782,-0.26640293022043504,-0.7357709274365802,-0.1173049700367772,-0.7712419114593305,105,0.29523809523809524,14.541858353088365,14.707125818827949
NVR,Other equities,2016-01-04,2026-09-04,-0.646499941328478,-0.09288674148734843,-0.7558357806220909,-0.5166044767347231,-0.0658784936107577,-0.680241213297144,3.048988853605528,0.140088964636087,-0.4613363316880357,-0.2976036079197161,-0.03257548591607129,-0.4913701178188544,-0.496722843885113,-0.062342079090673796,-0.5724774691910927,84,0.3333333333333333,17.443559062507596,12.98954645937549
NWS,Other equities,2016-01-04,2026-09-04,-0.3611812311121143,-0.04114230844547606,-0.5101579835261214,-0.1134605297870257,-0.011226781888391324,-0.42620557556365946,1.8039702233250638,0.10148542783486847,-0.5185393258426955,0.2874383914581693,0.023969109316969384,-0.3260804430687262,-0.5038063389081071,-0.06358728712614925,-0.5725451841490751,95,0.3263157894736842,16.534938972065312,24.772070132508862
NWSA,Other equities,2016-01-04,2026-09-04,-0.14434457351352092,-0.014508182468974007,-0.582915799190117,0.17484085438654628,0.015220865387332916,-0.5040964058451005,1.6108247422680337,0.09414003979590468,-0.506190172303765,0.28408765622132504,0.023718968532921325,-0.38014321289318753,-0.33364718339835797,-0.03734145031685587,-0.4414137187825832,91,0.3516483516483517,16.313018891758453,31.918542790006722
NXPI,Other equities,2016-01-04,2026-09-04,-0.6951976933046975,-0.10540449665177654,-0.8560734259822647,-0.5531568344147579,-0.07273889652536392,-0.8111741832656576,2.0373950139981387,0.10977386899916608,-0.5326208326686872,-0.5953737739169034,-0.0813262329648875,-0.7637498210842166,-0.24670649837534997,-0.026209808694764414,-0.5766905717206245,92,0.33695652173913043,20.249110370782077,14.204085888993955
O,Other equities,2016-01-04,2026-09-04,-0.30115172890977215,-0.03303468461168524,-0.5297812059676577,-0.06843239952011204,-0.006623578004790853,-0.4892088793574857,0.9745325596389505,0.06585905251310487,-0.48288652841004887,0.10526075786584999,0.009426775438680979,-0.2663637567756191,-0.3677073341139572,-0.04206492346303503,-0.45308071321296783,99,0.31313131313131315,13.589797044071489,23.27193293896601
ODFL,Other equities,2016-01-04,2026-09-04,-0.5136229534664285,-0.06533985249408991,-0.6833533543609042,-0.29494929409621873,-0.03223333646218973,-0.5847621801557157,8.97156652360516,0.2406065446578891,-0.4517777583646375,0.44363709308042676,0.03502106925515003,-0.4001173156201946,-0.6630891178504275,-0.09696510025777982,-0.7324362915185608,94,0.3723404255319149,18.781587118708075,21.867365937020978
OIH,Theme ETFs,2016-05-02,2026-09-04,-0.18338748712659636,-0.01940060339596561,-0.6670404684153298,0.2155027922029369,0.0190516999925896,-0.6076834820381626,-0.1476164842394856,-0.015326727851041722,-0.8960850652489123,-0.30873723191980673,-0.03507647316741069,-0.5116556141403036,0.1813344368905223,0.01624571205440639,-0.4502585774267359,92,0.3695652173913043,19.26630143056516,39.889027932953326
OKE,Other equities,2016-01-04,2026-09-04,-0.3549056745048945,-0.04026313505351242,-0.7290754748662708,-0.07264476934730923,-0.00704555496235737,-0.6611079966100527,6.29029793735684,0.2047095961596701,-0.8056246299585553,0.6607276863940432,0.048704127801866504,-0.4536737798775773,-0.6115592394947024,-0.08483542735915273,-0.64834629134778,98,0.2857142857142857,17.232765900719482,28.22609051575853
OKTA,Other equities,2017-04-07,2026-09-04,-0.8839722868058579,-0.20459013566533835,-0.940036344727316,-0.8149668929347628,-0.1641456710976661,-0.9176260745406009,6.256486601446183,0.23443832555946753,-0.845705668654466,-0.39813847176164985,-0.052526436041093416,-0.7885969270216385,-0.8072185914029834,-0.1604938706562582,-0.8160736315348768,85,0.24705882352941178,24.82413786465071,6.900539387109516
OMC,Other equities,2016-01-04,2026-09-04,-0.9056401162068265,-0.1985317574575094,-0.915124742654274,-0.8656078973336413,-0.17151425758380734,-0.8793053380398199,0.6095850379894923,0.045633360063525474,-0.43214013709063126,-0.7014015075988642,-0.10712746634386827,-0.7314152702737249,-0.6839907561676146,-0.10237104140650322,-0.7004316497541454,103,0.24271844660194175,15.77165128305256,4.00322188731852
ON,Other equities,2016-01-04,2026-09-04,-0.5338676004237246,-0.06905773892500211,-0.7868850595870922,-0.24732322622838543,-0.026284578660436875,-0.7205634017018052,6.66804123711339,0.2104285709674858,-0.7044129891756876,0.5415787448934901,0.04141010081860386,-0.42325500672921534,-0.6976266044661373,-0.10607525282957442,-0.7911974064319656,94,0.2978723404255319,23.816122789068494,28.654437419533917
ORCL,Other equities,2016-01-04,2026-09-04,-0.35926896015411847,-0.04087358297336785,-0.7385556600205443,-0.09175492091014648,-0.008982014699813301,-0.6929227905968177,4.1956806282722585,0.1670554188729283,-0.6457267853841893,0.07508339059732871,0.0068104203310530576,-0.4224669966295568,-0.40401735767688884,-0.0473614519094282,-0.5823719223152279,103,0.3300970873786408,15.074030084554908,26.7514039243972
ORLY,Other equities,2016-01-04,2026-09-04,-0.48728272935183614,-0.060707061214806624,-0.6174792556157914,-0.31547302630667684,-0.034909888955836355,-0.5418036539139951,4.355880560633738,0.1703827045148283,-0.42014004668222715,0.26516666986961157,0.02229526867965692,-0.2689510002251366,-0.5947432991567771,-0.08119212955144028,-0.6364021050370866,90,0.2777777777777778,14.986212629265966,17.18097030451593
OTIS,Other equities,2020-04-03,2026-09-04,-0.5090796861118521,-0.10489739186319591,-0.5656075981886901,-0.417841177265875,-0.08081361510387075,-0.52048219725009,0.6661207299953154,0.08276028749006481,-0.32444618702215455,-0.16173595227432846,-0.027104857800276494,-0.4104306781709033,-0.41436076708755043,-0.07995983399303441,-0.43418592229054875,55,0.2727272727272727,14.467787103324945,9.123850884597706
OXY,Other equities,2016-01-04,2026-09-04,-0.773627373615517,-0.13000903680087028,-0.8573506127078341,-0.6456510917521247,-0.09268275473908405,-0.797478324386761,0.20031987205118296,0.01726497883545619,-0.8838845291479822,-0.5286829751731223,-0.06809185893423886,-0.7436477941866947,-0.5197019957689136,-0.06644128872596922,-0.5758488368630847,96,0.3020833333333333,18.320461296637514,12.797628186339239
PANW,Other equities,2016-01-04,2026-09-04,-0.8425682767343127,-0.15913282664359463,-0.9014553899428193,-0.7574207065517757,-0.12435103862564056,-0.8504092665331748,10.65652325988108,0.2588988795026397,-0.4797551789077207,-0.15538074542806746,-0.015706841086433054,-0.4894435610561644,-0.8136062818678278,-0.14571470324498792,-0.823984267858472,102,0.27450980392156865,19.54012094170674,8.514757018253693
PAVE,Theme ETFs,2017-03-08,2026-09-04,-0.1712131317137704,-0.019589578646661554,-0.43644561768780754,0.06796358740736852,0.00695122435896578,-0.3619507280877229,2.974063400576388,0.15645743653443245,-0.4408852649970878,0.3695496336679822,0.03368575113050798,-0.17229889924727848,-0.39484714689270817,-0.051539193336954336,-0.4876096896315564,86,0.3372093023255814,13.646588950608711,23.917671912113892
PAYX,Other equities,2016-01-04,2026-09-04,-0.38020863010449046,-0.04385662998327333,-0.4882006119771768,-0.16752942481997524,-0.017042855590293948,-0.39753292097422144,2.301953336950607,0.11849687444688461,-0.4495358483112788,0.29035916599032485,0.024186671632051127,-0.24219774125718097,-0.5196753072856034,-0.06643642560481378,-0.5454304590757283,97,0.3711340206185567,14.554579520389712,21.267920528451523
PCAR,Other equities,2016-01-04,2026-09-04,-0.5377001563700087,-0.06977801122329064,-0.6620878146028907,-0.36155374400254203,-0.04119474134222778,-0.5564250124851259,4.770476631189263,0.1785922896611447,-0.3787598334104586,0.5643332433756221,0.04284165330902434,-0.36298932385104143,-0.7044748325923127,-0.10799306316060864,-0.712994642019033,96,0.3125,16.126680197829284,17.614641236746664
PCG,Other equities,2016-01-04,2026-09-04,0.7760413966802489,0.05532500053394118,-0.3651137119767127,1.5768018426345178,0.09279536884848483,-0.34273511395171874,-0.7097625329815308,-0.10950161062898989,-0.9464746345657781,-0.05402921227240287,-0.005193677555567766,-0.31588093640628245,0.8774801713979365,0.06083463356043306,-0.33248572312102376,91,0.3516483516483517,17.32103536366337,80.0760445954269
PDBC,Commodity ETFs,2016-01-04,2026-09-04,-0.4388213505364079,-0.052720297239630565,-0.6140043444672201,-0.2654869680464983,-0.028511970550453847,-0.567414411002743,1.761074800290491,0.09989462227102064,-0.4073610676676044,-0.21314469081355925,-0.022222262201972542,-0.4718245551192346,-0.2868083332324266,-0.03119117347296141,-0.4460965621734517,112,0.375,11.559932336161582,17.333438248990962
PDD,Other equities,2018-07-26,2026-09-04,-0.6217015671729873,-0.11296255447983361,-0.8048891687649916,-0.40524536344175355,-0.06206410168969201,-0.7100405168625057,2.079026217228471,0.1487544528119984,-0.8741248397593926,0.34307186605374684,0.03704157764814342,-0.4806221010614813,-0.7183334396404719,-0.14464620836916142,-0.7924026478602111,71,0.38028169014084506,29.573432732959482,21.645620373123375
PEG,Other equities,2016-01-04,2026-09-04,-0.6595562172664271,-0.09608153747581716,-0.6911570806138931,-0.5484911515627029,-0.0718354813838128,-0.6079379489858814,1.7346938775510248,0.09890510860762913,-0.4077014688368392,-0.12716436798618447,-0.012669805478527696,-0.35915468874126477,-0.6099565940633094,-0.08448210381909427,-0.638688669336067,94,0.30851063829787234,13.960587574048322,11.10650657037242
PEP,Other equities,2016-01-04,2026-09-04,-0.17394655489456456,-0.017755707921546793,-0.43477213381256186,0.03943053739768154,0.003632174446859038,-0.36294397021036295,0.9409110139613504,0.06414431025034673,-0.30319792566983583,0.2472204843131276,0.020926973505188684,-0.2611864894297299,-0.3376845108823202,-0.03788976335293037,-0.3633589485846681,88,0.38636363636363635,12.631538656799552,21.33770922922461
PFE,Other equities,2016-01-04,2026-09-04,-0.2952795221028881,-0.032275840253901955,-0.500261411090545,-0.05909871104752462,-0.005694696367666285,-0.4299875904864313,0.44123606889564804,0.03485956406328605,-0.5896246309574017,0.06191327371620492,0.0056476622814916055,-0.37656445718723097,-0.3363672012207597,-0.03771052621885229,-0.45759672686488995,93,0.3548387096774194,15.225943335574328,23.618081105536348
PFG,Other equities,2016-01-04,2026-09-04,-0.8608369327088736,-0.1688003067154089,-0.8681276224626395,-0.7987317303210193,-0.13954346842541754,-0.8096826710254589,2.9418918918919057,0.13722740420541157,-0.6473106272101248,-0.5160575962268945,-0.06577946927538247,-0.5728646791186782,-0.7124387815448134,-0.11027464506706974,-0.7200007106014941,106,0.24528301886792453,16.03374666332608,6.210520238785433
PG,Other equities,2016-01-04,2026-09-04,-0.5479443871829954,-0.07173016595562243,-0.5604623023466034,-0.41949308431720056,-0.0497082836490198,-0.46911194561455294,1.5144230769230833,0.09028765738746736,-0.23768809849521078,0.010610480024489943,0.0009899819517680264,-0.25578640552400933,-0.5526905551127383,-0.07264822747336408,-0.5644937425551788,96,0.28125,12.16980502114119,12.845130286579487
PGR,Other equities,2016-01-04,2026-09-04,-0.5471926063735246,-0.071585549458139,-0.7159800866630981,-0.39690000799752023,-0.0463006228447258,-0.652646706027093,8.544463818657357,0.23552548084216007,-0.30352045670789707,0.5221345398688686,0.040171553566922036,-0.37553266509302674,-0.7025181534442515,-0.10744102993571314,-0.7052219504543362,91,0.27472527472527475,15.19904504822637,15.029259837600438
PH,Other equities,2016-01-04,2026-09-04,-0.1518322243749175,-0.01531988935831785,-0.41362699566311334,0.1796800713442277,0.015612173310426192,-0.2983378206390721,10.758978744197421,0.2599321280232971,-0.5468409586056644,1.7165771725451906,0.09822055227286564,-0.2517467147060789,-0.6877807175157757,-0.10338582846241717,-0.6911137071174369,95,0.3473684210526316,16.248992269559913,33.15122957191452
PHM,Other equities,2016-01-04,2026-09-04,-0.5250631507155079,-0.06742318853468665,-0.7305208997904324,-0.3173932925262918,-0.03516402291098031,-0.6617177028835886,7.187500000000043,0.21788963843002107,-0.6210502386906116,0.3838156824851513,0.030922660234756538,-0.37503575508752873,-0.6567918290739658,-0.09539595215323782,-0.7154019045280686,89,0.2696629213483146,19.206412660843785,20.76698581892161
PINS,Other equities,2019-04-18,2026-09-04,-0.7450979626050936,-0.16904720308371723,-0.9064700284866933,-0.6327671750373347,-0.12691016502553598,-0.8846033170580443,-0.16393442622950793,-0.023965342468391992,-0.8270330902972518,-0.5764782924705758,-0.10987770067806113,-0.6818578223667262,-0.3981370190400527,-0.06647345252526438,-0.8023755029026022,61,0.3114754098360656,27.630827255042817,11.233078756775894
PKG,Other equities,2016-01-04,2026-09-04,-0.6629354773967341,-0.09692650120664359,-0.7516216067613988,-0.5348407475846897,-0.06924011776193773,-0.6621154707962249,4.181262284341563,0.16675141269205263,-0.38181276680234333,0.01311718213207791,0.0012224869622201595,-0.4189232883964348,-0.6672995695385183,-0.09802914881252289,-0.6677298601936541,97,0.25773195876288657,15.850120513214161,12.80947298120444
PL,Other equities,2021-04-26,2026-09-04,-0.5402983972130495,-0.1350215320075966,-0.8411494280340357,-0.3463600074793911,-0.07629090010112427,-0.8052030587040523,0.8303030303030299,0.11942935554032941,-0.8572635135135136,-0.09101593776280859,-0.017652742942813493,-0.6490549269918164,-0.49426879756776676,-0.11947790175175343,-0.6909305200329874,48,0.3125,32.93272668989015,19.39383897336584
PLD,Other equities,2016-01-04,2026-09-04,-0.20711675775091898,-0.021522449051753267,-0.5638218405566009,0.07579065306956534,0.006872496944167805,-0.4977452668467689,3.434614142718739,0.1498540912057753,-0.4329734000526726,0.230608580856986,0.019644413850542497,-0.3317811209001611,-0.3556982662213154,-0.04037374435940344,-0.4487564601367048,96,0.34375,15.352375951960578,28.29074108204843
PLTR,Other equities,2020-09-30,2026-09-04,-0.7846355369791801,-0.22820493916537166,-0.8689435407654064,-0.6754988107707489,-0.17293638568139036,-0.8229348837651052,17.350526315789477,0.6337513873395162,-0.8461538461538461,0.5958342952567874,0.08204519385552178,-0.5493872194892337,-0.8650458486442258,-0.2867256698543399,-0.903985678214295,59,0.3050847457627119,30.802058270117342,10.913672620843117
PM,Other equities,2016-01-04,2026-09-04,0.0500406545646479,0.0045882014025855344,-0.38150967101727884,0.39129080561969953,0.031443467198893016,-0.3354977891028377,2.47147204260176,0.12375893221858636,-0.4286083473316965,0.7044545869963024,0.05126240725239484,-0.2382744363781214,-0.3839433079791865,-0.04439824493657907,-0.4532120432258283,95,0.3894736842105263,14.032271734064757,34.12501510550516
PNC,Other equities,2016-01-04,2026-09-04,-0.08491878722871338,-0.008285093529760812,-0.6136375476913527,0.24248242687994193,0.020562746798347575,-0.5545812322785304,2.726293430435453,0.13124643482179033,-0.4958396069419131,0.409527566676791,0.03270349676701434,-0.311718871191913,-0.35078870792945605,-0.039690569873244375,-0.5240591734727633,90,0.37777777777777777,15.854899407497925,32.74012141086553
PNR,Other equities,2016-01-04,2026-09-04,0.10550207924112032,0.009447435622189637,-0.38330595115120336,0.4611944942396573,0.03619472611571939,-0.3347019834054892,0.4575163398692834,0.03594991538308001,-0.6798958014097458,0.3490296960945336,0.028464999700540616,-0.34948412481166147,-0.18052057531307963,-0.018491211741662017,-0.4573028371552573,81,0.35802469135802467,16.476098162818204,35.569241499853696
PNW,Other equities,2016-01-04,2026-09-04,-0.6336949660391744,-0.08985566416459567,-0.6503423789427392,-0.5038190452378477,-0.06358953521010702,-0.5286984820753962,1.320247442303109,0.08210359749521334,-0.3926748340990299,-0.4377823603795986,-0.052556013064132934,-0.46099157142158276,-0.3484639965972155,-0.039368713733773486,-0.3804908282710252,104,0.23076923076923078,13.934095327275216,12.987592080132671
PODD,Other equities,2016-01-04,2026-09-04,-0.42624791964426134,-0.05075044850027599,-0.7263567849876149,-0.14017288270444717,-0.01405873392817747,-0.6903604023719001,2.9794927145169825,0.13824001225854854,-0.6223003231109347,-0.39154455294017865,-0.04550985559512044,-0.6060344359026806,-0.05703518124749518,-0.005490463087414077,-0.5667252957414861,88,0.38636363636363635,21.944194644039953,28.607503693981418
PPG,Other equities,2016-01-04,2026-09-04,-0.6591170426988198,-0.09597228316490025,-0.7486298219571017,-0.5285017524168285,-0.06805827215716453,-0.6902934431336523,0.40416770651359757,0.03233470918705317,-0.4602105778648403,-0.11635793749418677,-0.011530187437545747,-0.44477764153856714,-0.6142295938985609,-0.08542708604165805,-0.6240647152048523,97,0.32989690721649484,15.398510337282795,13.061529028199125
PPL,Other equities,2016-01-04,2026-09-04,-0.2500613984816076,-0.026617217185286646,-0.5500513681017669,-0.023739954324122015,-0.0022499295882620896,-0.5104710876741971,0.6491310474401086,0.04801541832418588,-0.48724309000708743,0.06461410119283051,0.005887172987693479,-0.3313182632994035,-0.2955770539971836,-0.03231415117506187,-0.5057928029187214,91,0.3516483516483517,13.3631449747476,22.632144415748556
PPLT,Commodity ETFs,2016-01-04,2026-09-04,-0.6937280789793607,-0.10500100351518926,-0.7345786226618028,-0.565680984473921,-0.07520690343916636,-0.6302997030785296,0.9345761519521592,0.06381821348482886,-0.5113857016769645,-0.3218986501683845,-0.03576282852133039,-0.5716512838612153,-0.5483390187960944,-0.07180616661736972,-0.5904402031879148,112,0.3482142857142857,14.493268964485015,12.804709450543971
PRU,Other equities,2016-01-04,2026-09-04,-0.7301472005136467,-0.11556046110924523,-0.8272955336598846,-0.6196507520786942,-0.08663973264156266,-0.7608600903830081,1.4846263490124145,0.08906982927914964,-0.6589231699939504,-0.19107934415579186,-0.01968379783008445,-0.5284043503614579,-0.6664038709646639,-0.09780177361849085,-0.6718801797026333,100,0.26,15.883515671452447,11.049644843495244
PSA,Other equities,2016-01-04,2026-09-04,-0.5940255987271756,-0.08103970296397878,-0.6336621697882543,-0.4505562664570455,-0.054595201445160724,-0.511458814532089,0.8710736633417984,0.06049474431254209,-0.37928623452294286,-0.2062155216273659,-0.021418234607726516,-0.3290726033245416,-0.48855840302505427,-0.06092640437904806,-0.5316563863136772,97,0.30927835051546393,15.045268862213323,14.346933227013015
PSKY,Other equities,2025-08-07,2026-09-04,-0.14962242607499687,-0.13983462255978563,-0.3962758006658922,-0.10493967606074028,-0.09790547299667096,-0.37764329832471233,-0.05974025974026109,-0.055641639882397564,-0.5986639260020556,-0.19965278902456152,-0.18696730228141256,-0.29825246133210226,0.06251082313211209,0.05797144426525991,-0.2759630897838522,8,0.25,28.720547654913737,4.468275001425659
PSX,Other equities,2016-01-04,2026-09-04,-0.2177681959582627,-0.02276232840061576,-0.7576413841745917,0.13888189615236302,0.012266529387661373,-0.6767323227743105,3.7379271916790593,0.15700813060811503,-0.6421180096873624,0.8676601697999313,0.06031321478471097,-0.3217522308397809,-0.5811701632393171,-0.07835000264727898,-0.741949931050037,95,0.4,18.37332469007411,35.66500921106257
PTC,Other equities,2016-01-04,2026-09-04,-0.8488279193948931,-0.1623251788624539,-0.8855935487846787,-0.7792059833949544,-0.13204180221703388,-0.8448836909821911,3.1808479098725204,0.1435193940055659,-0.5437423486203974,-0.45508260470824335,-0.05532809264607619,-0.660104234570412,-0.7225779872118652,-0.1132637536730422,-0.7466751741615971,100,0.26,17.519170220447187,6.962193599993871
PWR,Other equities,2016-01-04,2026-09-04,-0.6150807803785591,-0.085616459896945,-0.7825445770085218,-0.42873384782639945,-0.05113678891150397,-0.706489543115908,30.361627322953545,0.3812979516317869,-0.45532606173125967,0.1340121591468748,0.011859958855756858,-0.48267826961058735,-0.6605687015639946,-0.09633390263108255,-0.6824415506418544,103,0.3106796116504854,18.01323172611349,18.63469325521596
PYPL,Other equities,2016-01-04,2026-09-04,-0.6940671479147782,-0.10509394136198558,-0.8245228490053723,-0.5337494090693371,-0.06903561202623809,-0.745880140754259,0.599068955484434,0.04499099794571726,-0.8730377216268477,-0.04462343406593017,-0.004270515274928277,-0.547255559123107,-0.6797777305892865,-0.10125584070144833,-0.767337467238149,102,0.3137254901960784,19.102814953808203,16.03177388454411
Q,Other equities,2025-11-03,2026-09-04,0.012843931319612256,0.015400580022814525,-0.3058824834162014,0.04871273688752398,0.05861259412344033,-0.29086360366051955,0.24516795865633112,0.3002874082054392,-0.3420123062898812,0.17855410866437738,0.2174299505612376,-0.192318751419161,-0.14060464099739944,-0.16594742920961247,-0.16475977814887532,5,0.6,29.44889865274146,3.586880556791172
QCOM,Other equities,2016-01-04,2026-09-04,0.35646025181576246,0.028994759597853914,-0.6821037484554962,0.9917600668212139,0.06672744953751475,-0.6224011398896715,3.5716607965321288,0.15313973527279168,-0.4429057622344794,1.6154752039481672,0.09432260258693281,-0.331869646343376,-0.4813713967663973,-0.059697060843527106,-0.6859836352525792,97,0.3711340206185567,18.730664121948124,63.52998150054514
QQQ,Broad-index ETFs,2016-01-04,2026-09-04,0.08054574579904838,0.007288895023801922,-0.33918793524477275,0.4025241552802463,0.032221368322643995,-0.26311670978353174,6.098736176935218,0.20170597940891377,-0.35002552322613567,0.9578807017673909,0.06501312180405949,-0.14768457473932894,-0.44810439940307323,-0.054200484105282,-0.5207501202204567,97,0.36082474226804123,12.62630412544284,32.19784094811979
QUAL,Factor ETFs,2016-01-04,2026-09-04,0.15696994045164847,0.013763019025975654,-0.25953045825577437,0.453805552365373,0.03570236464182086,-0.2021139492167222,3.09832443380592,0.14138416727389513,-0.34054221854304656,1.2186301664203487,0.07756992238789895,-0.10205400531278652,-0.4785205943907421,-0.05921370115873936,-0.48724837584213154,100,0.4,10.618437395675832,29.683561191372455
RBLX,Other equities,2021-03-10,2026-09-04,-0.7686455614003929,-0.2341689440736946,-0.7887315944318647,-0.6760247219546872,-0.18569770429409083,-0.737044336846334,-0.37683453237410025,-0.08258821765385438,-0.8278652019002374,-0.09624614105742824,-0.018275381221673492,-0.496238093544609,-0.74400724676263,-0.21991254851149877,-0.7990352569360317,47,0.2553191489361702,31.003593861924177,9.262083944570564
RCL,Other equities,2016-01-04,2026-09-04,-0.40798321722011865,-0.04795754793135032,-0.8368340392350826,-0.075936068892683,-0.007376473678989748,-0.7842965990077575,2.0679083757519923,0.11081432973518845,-0.8329744693940326,0.3354914347753726,0.02749295727353518,-0.6034823657806285,-0.556704919729076,-0.07343165193569257,-0.6398896154955851,91,0.32967032967032966,20.74460431725904,33.20471483274356
RDDT,Other equities,2024-03-21,2026-09-04,-0.1868639798427556,-0.08078035715721954,-0.6985382718240005,-0.04149307261777124,-0.017108089764479528,-0.6607619548473971,2.0622521808088883,0.5772891808011251,-0.6141277804910535,0.21736638081226434,0.08338484226966991,-0.4748637101300447,-0.33205316577356636,-0.15152990241488629,-0.5374880903217378,21,0.3333333333333333,34.91469633798904,14.537090722498435
RDW,Other equities,2021-01-14,2026-09-04,-0.07381077758217369,-0.013509745256988337,-0.7589224759772832,0.3875600839687363,0.05982539611023041,-0.7196357929081347,0.011527377521617366,0.002035235963097959,-0.8726307808946171,-0.3582762188776688,-0.07567412171128196,-0.6053142260554978,0.44328330921129866,0.06725374450121802,-0.623559639772842,50,0.38,42.029931313333634,46.137086155091
REG,Other equities,2016-01-04,2026-09-04,-0.5597890088128943,-0.0740379075224028,-0.6606255616905135,-0.41210301742722344,-0.04858062688845166,-0.5892989963313214,0.668366215916637,0.04915539332159047,-0.5701420159334969,0.11305453591541403,0.010091965414342985,-0.19664914970314085,-0.6045018667256392,-0.0832893199999224,-0.7000420989976976,88,0.29545454545454547,14.68142544644682,14.768599138567085
REGN,Other equities,2016-01-04,2026-09-04,-0.6497535078426575,-0.09367273881450588,-0.6849806210757614,-0.5045022798778308,-0.06371049428339537,-0.5796198130747561,0.6175252090987242,0.04611586062167472,-0.5969190192603295,-0.1520361488985258,-0.015342086724625892,-0.42459888505501553,-0.5869558688116421,-0.07955113246317214,-0.6342675121512642,89,0.34831460674157305,18.62313875606394,14.52512279648267
RF,Other equities,2016-01-04,2026-09-04,-0.35551439072037083,-0.04034807282588837,-0.6346829060084831,-0.071219229878417,-0.006902556488058154,-0.5591557302525453,3.7442295695570786,0.15715232956437353,-0.6073713490959667,0.24238076773239436,0.02055491821286326,-0.46901228632023195,-0.4812495283101075,-0.05967634857455917,-0.5069730996232328,91,0.38461538461538464,18.038310017228117,28.429516084195384
RIO,Other equities,2016-01-04,2026-09-04,-0.5323192074623382,-0.06876826255851753,-0.6864007527919972,-0.3255445675690928,-0.036250051504097325,-0.6070295292604645,6.6496296296296356,0.2101558046858094,-0.39310716208939145,0.6333432038892362,0.04707070951889092,-0.3309490209643978,-0.7136665512648885,-0.1106314702763812,-0.7290536485635756,108,0.3055555555555556,15.970674400414428,20.67746398932454
RIVN,Other equities,2021-11-10,2026-09-04,-0.53796656100379,-0.14813525758323753,-0.8724277426541398,-0.384823175233481,-0.09596216892393727,-0.8477763485395269,-0.8437406929415265,-0.3198495180628006,-0.951165629905238,-0.475753410411331,-0.1254944245140256,-0.6840890062548548,-0.11867154088932041,-0.02588986703330054,-0.6556974841445115,39,0.3076923076923077,34.46287239293473,15.314338577030906
RJF,Other equities,2016-01-04,2026-09-04,-0.6831862307807139,-0.10215704444200724,-0.7622113680565308,-0.5467577062011226,-0.0715019890976083,-0.6787843083494798,4.542119987566062,0.17413928154697,-0.45595685569537514,0.14017854857787504,0.012374520271086764,-0.3727408264129488,-0.722136704278078,-0.11313161524692039,-0.724751691103499,98,0.35714285714285715,16.630766680134183,13.642852457959131
RKLB,Other equities,2020-11-24,2026-09-04,0.32813107773376293,0.05034877250783354,-0.604456068980085,0.9615375190319186,0.12369829749672334,-0.5442269734192569,5.594759905994363,0.38613917974215184,-0.8296332046332052,1.0514122374556667,0.1324465036958824,-0.40551946373817893,-0.3525771887853102,-0.07249590238489168,-0.5616701589492087,52,0.40384615384615385,37.035518932639654,63.34064412981557
RL,Other equities,2016-01-04,2026-09-04,-0.8531025220657666,-0.16457475571564184,-0.858964384178203,-0.7722025664029759,-0.12949713957149023,-0.8065292341912065,2.844974819356272,0.13457645207810454,-0.5514477343366584,-0.4425724556682291,-0.05331572163178788,-0.6272414800653637,-0.736472516602441,-0.11752496225629727,-0.8271534666676705,103,0.2621359223300971,19.466635439822955,8.089995566279073
RMBS,Other equities,2016-01-04,2026-09-04,-0.7158150911437982,-0.11125924750184168,-0.8225003733615062,-0.5508325098475066,-0.07228777504202477,-0.7737790734617724,6.373597929249317,0.2059934489064308,-0.5295262816353024,-0.2356956192858013,-0.024884139952700557,-0.42016197605064254,-0.6281783592674843,-0.08857932794258017,-0.8127039351459698,102,0.35294117647058826,20.9243176420508,16.49825812962915
RMD,Other equities,2016-01-04,2026-09-04,-0.6321167079312755,-0.08948874508711258,-0.6964520211457448,-0.48433335282943957,-0.060201824109641144,-0.599469909444956,3.9608950684336417,0.16200702560594493,-0.5399422860360363,0.05741642607107611,0.005247652110618395,-0.37902838561960184,-0.6520923233284486,-0.09424184876117114,-0.7062037856265128,97,0.35051546391752575,16.014227932446317,14.778335510183593
ROK,Other equities,2016-01-04,2026-09-04,-0.4310952772549449,-0.051505194497581175,-0.640586910338813,-0.20379372574391974,-0.02113872053268051,-0.6029464401009184,4.236721390632558,0.16791658369247808,-0.4509205291886387,0.14496773572059185,0.012772422386885252,-0.43074824284891366,-0.5031259790154614,-0.06346698968459097,-0.5504312078748685,97,0.29896907216494845,16.8910200092349,22.730155151102515
ROL,Other equities,2016-01-04,2026-09-04,-0.5951848911700104,-0.08128603731935735,-0.7273246655232998,-0.43804294442075575,-0.05259719050911171,-0.6587256590528682,2.6707953731190535,0.12965613814829058,-0.4495144134422694,-0.06207737848619088,-0.005990220386127176,-0.47066221478106185,-0.5683917846265221,-0.07574957357308809,-0.6381729262917583,105,0.29523809523809524,14.506461595964677,15.714194674925464
ROP,Other equities,2016-01-04,2026-09-04,-0.32987328573466546,-0.036831629597528504,-0.5783804519060812,-0.12524342090885587,-0.01246629633801255,-0.5111745741766167,1.3330469152775288,0.08266182954508605,-0.4651242034960992,0.1337581289441181,0.011838706679094146,-0.34023329469155583,-0.40893326613725556,-0.04810088401970802,-0.5278808381051676,91,0.34065934065934067,13.68972746111185,20.46298648258096
ROST,Other equities,2016-01-04,2026-09-04,-0.5444187434101749,-0.07105383049361946,-0.769135592102762,-0.369252760318012,-0.04228466843530476,-0.7225646089468203,3.7002852485737696,0.156143242554589,-0.5141923275417167,0.6570329652170359,0.04848517742030256,-0.43553759207345555,-0.7250620439345623,-0.11401115675095819,-0.7548004998632183,91,0.2857142857142857,16.16676366094324,17.516598309216292
RSG,Other equities,2016-01-04,2026-09-04,0.13627062275551172,0.012048712554714625,-0.3173286722183922,0.4168408678516258,0.033204646991701336,-0.27239528948758507,5.14372413793104,0.18553798245358344,-0.34023539668700964,0.826865624171921,0.05812017261793945,-0.21047593031054723,-0.37802178347377724,-0.04354085788690443,-0.39827687169428616,85,0.3411764705882353,12.45093710612922,28.057024509611406
RSP,Broad-index ETFs,2016-01-04,2026-09-04,-0.053794369836116185,-0.005170527085387011,-0.3721954570920204,0.17996215832183138,0.015634938481429828,-0.3006488510554055,2.4657382497230396,0.12358479242828424,-0.39034508768621534,0.5548633763859292,0.042248183680904994,-0.13137511088760334,-0.3914541659838885,-0.04549656359085574,-0.41236055498312796,96,0.3541666666666667,10.49921860822675,23.375652815794755
RTX,Other equities,2016-01-04,2026-09-04,-0.6760263255173491,-0.10027396760161189,-0.7350997302989666,-0.5487801950518287,-0.07189120241902991,-0.6811886837046961,0.3460481330026173,0.02825168606582995,-0.8400505651397978,0.16051815027946414,0.014054085495506685,-0.33260429162367433,-0.7208370464480576,-0.11274354566724432,-0.728701594691447,94,0.3404255319148936,14.489356948549508,12.724613046552037
RUN,Other equities,2016-01-04,2026-09-04,-0.9828741328998053,-0.31702480880769546,-0.9918016507507609,-0.9615478715965682,-0.26322261662885427,-0.9863071775819788,-0.20695807314897563,-0.021504091772742262,-0.9412953367875647,-0.713488636471644,-0.11057967731241858,-0.8857186102656502,-0.9402262203868933,-0.23211200174902347,-0.9596390655643082,99,0.31313131313131315,37.697107404127195,2.1326261303237115
RVTY,Other equities,2016-01-04,2026-09-04,-0.7799834763571893,-0.13232879648137497,-0.8417992241466058,-0.6792130540391642,-0.10110738092159399,-0.79860437789901,1.5689485105543577,0.09248270075349985,-0.5900880503144647,-0.012475536163698675,-0.0011762460242558115,-0.5869469898503162,-0.7772039765089995,-0.1313069997935835,-0.7900973836677693,102,0.27450980392156865,17.830823480076344,10.077042231802514
S,Other equities,2021-06-30,2026-09-04,-0.9073627564780015,-0.36826012178611933,-0.9261033251016697,-0.8761647126518469,-0.3318501084776899,-0.9020949858089771,-0.5322352941176489,-0.1364273014374653,-0.8435124508519011,-0.6655521716262323,-0.19058407513242348,-0.7318061119486095,-0.7230143667774989,-0.21951142940851387,-0.7578749977601416,41,0.24390243902439024,29.29302012122458,3.1198043826154542
SBAC,Other equities,2016-01-04,2026-09-04,-0.2437279822095071,-0.025849482726026163,-0.5238844450857019,0.022264441320121175,0.0020665267502322227,-0.4664919605297707,0.9778659427855472,0.06602761463950624,-0.5450410224926048,-0.11838963504265532,-0.0117434773195213,-0.44022519699691587,-0.14216977493557537,-0.014273627426455215,-0.47075359256263105,86,0.3953488372093023,16.69373717056054,26.599242352962825
SBUX,Other equities,2016-01-04,2026-09-04,-0.5432469367640833,-0.07083008912028621,-0.6220338136563233,-0.38146385576393815,-0.04403833606134977,-0.562123029240498,1.2356088166060513,0.0783403532825655,-0.43679397525551344,0.0382739900149216,0.003527429550185923,-0.38756256457149263,-0.5600842671313067,-0.07409614972238632,-0.5863043659661773,96,0.3229166666666667,15.018319919573711,16.178308100014515
SCCO,Other equities,2016-01-04,2026-09-04,-0.5208422314912557,-0.06664928924048075,-0.677289829356826,-0.2819958770983848,-0.030580167235593314,-0.6166841921471533,11.149144254278763,0.2637936192181676,-0.5482584419037481,0.8030961961472665,0.05682182028225102,-0.4163235434934428,-0.7342583443231834,-0.11683247559153886,-0.7425284345420742,96,0.375,19.876148525796758,23.884635439287095
SCHD,Factor ETFs,2016-01-04,2026-09-04,0.1959031967593321,0.016913475831559444,-0.33289056332703837,0.46698606507827467,0.0365790720290009,-0.2612344229689799,2.8843620939837287,0.13566102806556746,-0.33397068196303314,0.88091010404843,0.06101617256787839,-0.15854896567062549,-0.36418907305282744,-0.041566469839551146,-0.3908723569871676,93,0.3763440860215054,10.322019221550532,27.108286831894258
SCHW,Other equities,2016-01-04,2026-09-04,-0.27956002139717995,-0.030272315856132548,-0.6500385455371609,0.027918836706804173,0.0025848548004465677,-0.597068236200542,2.912996777658423,0.13644327945550705,-0.5095972901768908,0.8244390570814513,0.05798833070324405,-0.3939534359885618,-0.6051169942857366,-0.08342308133087806,-0.6315889649048019,93,0.34408602150537637,17.92002594444272,30.74788581039841
SEDG,Other equities,2016-01-04,2026-09-04,-0.9895376181240209,-0.3478607108862233,-0.9946182908688379,-0.9786165108979976,-0.30265953677174795,-0.9892394056520899,0.2214285714285673,0.01892890385641266,-0.9715879781717482,-0.7293177884542114,-0.11530596640180679,-0.8877508305451329,-0.961348099617513,-0.26286460137928,-0.9795725766672305,93,0.25806451612903225,32.54647740915114,1.0921107226023241
SHOP,Other equities,2016-01-04,2026-09-04,-0.8404106865312402,-0.15805910084215447,-0.9058707198081256,-0.7112788976123996,-0.10993881543678319,-0.8626432992097632,55.41135303265923,0.4594546712551628,-0.8481604164202059,0.15513681987591488,0.013612327553612191,-0.7782468879269178,-0.8618438000392861,-0.16936596342518961,-0.8685202761883439,102,0.3333333333333333,26.266533843243096,12.913178891884058
SHV,Bond ETFs,2016-01-04,2026-09-04,0.17705277295999688,0.01539990605456909,-0.03175662268122359,0.2137662428445828,0.01832794388588921,-0.013246686202908031,0.2603570611123778,0.021930297216842476,-0.004421915444353108,0.17981712538056382,0.015623234552577081,-0.03175662268122359,-0.002343034662830812,-0.0002198930571989388,-0.0037768036505089198,29,0.13793103448275862,5.218117345706971,3.6713469884585903
SHW,Other equities,2016-01-04,2026-09-04,0.3044535812872575,0.025230302413995487,-0.5643341723626365,0.7008149289862162,0.051051749162098314,-0.4979605688577097,3.3446165863819886,0.14764600436877506,-0.4245921091664199,1.1629393516944297,0.07500480903188222,-0.29090693497154774,-0.3969070005289972,-0.04630165948998133,-0.5212435330068425,82,0.4146341463414634,15.331201192979021,39.63613476989587
SHY,Bond ETFs,2016-01-04,2026-09-04,0.06500366499355192,0.005921674245470188,-0.02072448155197748,0.11822536814255002,0.01053096460235703,-0.014144516254369521,0.19377466023674428,0.016743655035963645,-0.057058665952316234,0.06575561939875829,0.0059882378670610414,-0.01627441810246144,-0.0007055598783800576,-6.616739548748196e-05,-0.015135072713694964,44,0.4318181818181818,5.480925610982462,5.32217031489981
SIL,Theme ETFs,2016-01-04,2026-09-04,-0.7013452896217872,-0.10711170797377023,-0.8611557858148247,-0.5363264283187608,-0.06951921922470827,-0.7990005567698095,5.098894348894363,0.18472428682473363,-0.6787564766839371,0.7278982703441024,0.052609604556969725,-0.5749678370866786,-0.8271572374924965,-0.15173841454540504,-0.8342814597777085,102,0.28431372549019607,20.026678488948775,16.501886130302644
SJM,Other equities,2016-01-04,2026-09-04,-0.7158629307551236,-0.11127327454495572,-0.8149941119037026,-0.6183261690825614,-0.08634200054857333,-0.7642414493542848,0.43648171356956333,0.03453904102113858,-0.3810934744268072,-0.36645542048533464,-0.04188726976389856,-0.5466076262734678,-0.5515121138554406,-0.07241945816121131,-0.6259174286602822,93,0.24731182795698925,15.03757620478115,9.75367616725622
SKHY,Other equities,2026-07-10,2026-09-04,0.0,0.0,0.0,0.0,0.0,0.0,0.05350871971906446,0.40492515977974675,-0.34617367986798686,0.0,0.0,0.0,0.0,0.0,0.0,0,,,0.0
SKYY,Theme ETFs,2016-01-04,2026-09-04,-0.4725190458072418,-0.058203903832742654,-0.5739786530901607,-0.2599722406877786,-0.02783047929390592,-0.4789443276768701,4.668771929824567,0.17662911973660256,-0.5320404721753802,0.8448077309698931,0.05909011982986123,-0.1852894808739569,-0.7140726671199281,-0.1107498044467139,-0.7149546682177795,109,0.3302752293577982,14.514304069391317,21.254680511946322
SLB,Other equities,2016-01-04,2026-09-04,-0.7775706860979364,-0.13144114543067054,-0.8708125371290151,-0.660226480287953,-0.09624852658046457,-0.8233171482901496,0.12302284710017419,0.01093662427715203,-0.842913030394222,-0.33860437850667957,-0.03801511498815591,-0.5372519826946942,-0.6636970269022116,-0.09711798168363583,-0.7853480598463438,96,0.3333333333333333,19.85172114331487,11.73442058099834
SLV,Commodity ETFs,2016-01-04,2026-09-04,-0.32821153206603426,-0.0366079657937749,-0.6156945052482251,-0.06190768550666592,-0.00597336172050611,-0.5475402830703868,3.5352539802881084,0.15227569458384238,-0.52282196969697,0.8703647112375721,0.060457066959688444,-0.36552961040313114,-0.6408248808921003,-0.09153131774749435,-0.6914674439969077,103,0.34951456310679613,14.633606837822619,26.630384655936833
SMCI,Other equities,2016-01-04,2026-09-04,-0.9350410685789222,-0.2260999151758375,-0.9350410685789222,-0.8881322596343141,-0.18564066104258725,-0.8881322596343141,15.739957716701976,0.3023477706154345,-0.8484134332126925,-0.17637329786718248,-0.018026593097780652,-0.5928589597088892,-0.9211306150555055,-0.211893031537845,-0.9270208964949661,85,0.2823529411764706,28.31947962778084,4.690880894460814
SMH,Theme ETFs,2016-01-04,2026-09-04,-0.2699578610811152,-0.029067880351662745,-0.5689525974624468,0.05803703067578225,0.00530294863252001,-0.4891120071877243,22.6155768429822,0.3450467047736572,-0.4530440414507768,0.7337974556672595,0.05294599337787953,-0.3495247867841432,-0.5789345886207189,-0.07788991481551633,-0.5892516415814844,108,0.3425925925925926,16.344767583138207,32.79948917568974
SNA,Other equities,2016-01-04,2026-09-04,-0.7518396231393059,-0.12248173207676938,-0.7698285213936407,-0.6586507700421627,-0.09585642713146247,-0.6856544720582693,1.9407248157248276,0.10641383758896428,-0.4738355000979938,-0.3856672802127594,-0.044649265401412674,-0.46782685488300135,-0.5960489017309074,-0.0814700443058326,-0.6320681664871001,101,0.24752475247524752,14.687287868635677,9.31888530971432
SNAP,Other equities,2017-03-02,2026-09-04,-0.8825575188619937,-0.20168375452271903,-0.9229920857002888,-0.7921323874814856,-0.1522794652737397,-0.8869251320435295,-0.7765522875816986,-0.14581125538102357,-0.9527132715678017,-0.4102945673778957,-0.05402849674430288,-0.8039833760610215,-0.8008455160133051,-0.15608848392392327,-0.8529938539825422,87,0.28735632183908044,28.914923541059352,9.042513138050811
SNDK,Other equities,2025-02-13,2026-09-04,4.54203651395155,2.0075541427405357,-0.41711769329312687,5.215755233450586,2.2378214985207077,-0.3916871531134114,47.33333333333338,11.107312566594493,-0.5649293361884368,8.371614322314898,3.216199461304771,-0.3405533367585597,-0.40863587389044254,-0.28666701603111455,-0.533004799275252,13,0.5384615384615384,39.96458069826552,67.37187194990355
SNOW,Other equities,2020-09-16,2026-09-04,-0.3916536976959798,-0.07993444319502907,-0.8266831812179435,-0.16314874511967137,-0.02941385035554611,-0.7926693340139286,0.3278462568424323,0.04867852222490665,-0.7298763343203367,0.5793099225240914,0.0796118625860005,-0.6317777947258046,-0.6148024566756682,-0.1477811714655184,-0.7217304645971787,53,0.32075471698113206,26.78909423650809,22.850495257630843
SNPS,Other equities,2016-01-04,2026-09-04,0.12592703428555896,0.01118143072383071,-0.6029064392733099,0.5845382520399316,0.04409707892913106,-0.5629903769735511,7.767586821015147,0.225730540115471,-0.42305725575269215,0.5073076281733255,0.039217443473907876,-0.461380288708919,-0.253021073309336,-0.026978004387953503,-0.5184164033052773,95,0.3473684210526316,17.62073387527719,45.86112177543726
SO,Other equities,2016-01-04,2026-09-04,-0.4229257227568243,-0.05023650427845494,-0.5859309409531575,-0.24504929257973596,-0.026009169231843265,-0.5251336464287879,1.920450778919467,0.1056964807008518,-0.38432087511394675,0.2577809633463948,0.02173429370316904,-0.28423467319348694,-0.5411965246255295,-0.0704398378572314,-0.5898377372990388,93,0.34408602150537637,13.319167980506528,17.78764301770883
SOLV,Other equities,2024-04-01,2026-09-04,-0.0018959048346274265,-0.0007820151829797117,-0.34397502458950324,0.08193710977319157,0.0329983942578822,-0.29710536072392457,0.32691751085383536,0.12367811608775048,-0.31458749643162953,0.3794434828590545,0.1418061706394933,-0.13997422979147278,-0.27644437226475627,-0.12487950187080599,-0.39436108470389375,21,0.42857142857142855,18.63859074077269,8.383301460781901
SOXX,Theme ETFs,2016-01-04,2026-09-04,-0.47493315933726943,-0.05860883518452942,-0.6249881417888496,-0.22954714889635652,-0.024151399219010328,-0.5544250747232544,18.485007496251928,0.3210201104478929,-0.4575009792401108,0.6944860643497004,0.05068446896765133,-0.3354914862524502,-0.690132098628832,-0.10402105235225045,-0.6972162931899665,108,0.32407407407407407,16.792318764623506,24.53860104409129
SPCX,Other equities,2026-06-12,2026-09-04,0.024450093142485807,0.11074987666900515,-0.0840291671581207,0.02921739130434764,0.13340107716370042,-0.08363536893934198,-0.08077042559801217,-0.3066385940758477,-0.463478691774034,0.024450093142485807,0.11074987666900515,-0.0840291671581207,0.0,0.0,0.0,0,,47.67298161862069,0.47672981618618326
SPG,Other equities,2016-01-04,2026-09-04,-0.42137095864281005,-0.04999690255908895,-0.6499659722802142,-0.20858358554563483,-0.021692295460808864,-0.6160610857819575,0.8547644349982224,0.059624695160602315,-0.7700345867981464,-0.06900990655477046,-0.006681327747565691,-0.4771359510367622,-0.3784799157036035,-0.043606926982759364,-0.47461473549926236,91,0.31868131868131866,15.039410797704845,21.27873730971752
SPGI,Other equities,2016-01-04,2026-09-04,1.351272428914176,0.08345194033699332,-0.35663525877705315,2.036159894684958,0.10973155408703206,-0.3056775030975426,4.457912872261871,0.17245516349456524,-0.3976183360537021,2.1742847260846325,0.11436971589688638,-0.21116551288472574,-0.2592748818048244,-0.02774463009792849,-0.3206095839462677,83,0.40963855421686746,14.7268868506814,68.48874657707822
SPLV,Factor ETFs,2016-01-04,2026-09-04,-0.016629780003327488,-0.0015709154896633715,-0.3642560074151925,0.19151358138133023,0.016562958794160032,-0.31873598692500815,1.4601711652402884,0.08806038672257466,-0.36259259259259236,0.35445555163627906,0.028852094477852086,-0.16554989316264623,-0.2739737979524757,-0.02956985764115616,-0.3798857665082792,90,0.4111111111111111,9.789169093028711,20.814336138465773
SPOT,Other equities,2018-04-03,2026-09-04,-0.42211271768098624,-0.06304052336295318,-0.5397993174998496,-0.15234405293512854,-0.019434379396323642,-0.5100017762577751,2.6402254882222804,0.16581442168934846,-0.8051235634548399,0.6632145046049336,0.062272186728738355,-0.4829545447614022,-0.6525479541460119,-0.1179666677309813,-0.6774690159589274,73,0.3835616438356164,24.319870088348473,26.97686647458577
SPY,Broad-index ETFs,2016-01-04,2026-09-04,0.08673729252213169,0.007828599901962496,-0.30789772812562677,0.36103366794924807,0.029319514344166908,-0.26438809702382127,3.501402688486264,0.15146664589506464,-0.3379381911340269,0.954729998800059,0.06485232983188438,-0.13372091477878212,-0.44404736552401436,-0.05355083360612478,-0.4488979284164084,98,0.3877551020408163,10.769656286982295,27.42963754271164
SRE,Other equities,2016-01-04,2026-09-04,-0.6786584405107752,-0.10096179718218556,-0.7217204595777844,-0.5702618186937124,-0.07612573555420266,-0.6283641557189066,1.495990495990498,0.08953584907322276,-0.44993876301285995,-0.28483510835357173,-0.03094019537004211,-0.39491513643646514,-0.5506748677924579,-0.07225725541147787,-0.5824902620008394,95,0.3473684210526316,14.430045389080092,10.839662181706277
STE,Other equities,2016-01-04,2026-09-04,-0.6795457117345454,-0.10119481165809929,-0.7794245093522917,-0.5665811628798154,-0.07538676726139903,-0.7246658389932925,2.364140203714796,0.12045506886778612,-0.36182161010001646,-0.27860168754887626,-0.03015145700405908,-0.5435553484676519,-0.555787305383854,-0.07325200946797483,-0.5753853311044567,94,0.30851063829787234,15.194567223651628,11.296454885472995
STLD,Other equities,2016-01-04,2026-09-04,-0.4018978626067229,-0.047044349604715596,-0.6766086955100694,-0.0822073504823948,-0.00800997771109102,-0.5901008781384789,15.82140375260602,0.3029405024965821,-0.6846100759144238,1.209563542182003,0.07715632004963746,-0.4223767701029242,-0.7293120899330942,-0.11530422032767695,-0.7420778700466621,96,0.3333333333333333,21.238731811003383,31.96905121243281
STM,Other equities,2016-01-04,2026-09-04,0.6994147929369625,0.050970602509615714,-0.7328388829216765,1.5242736765686073,0.09068738759399353,-0.6630434295637839,7.866259334691094,0.22701724161005066,-0.6673604541154217,1.1085242665854453,0.07243997556314152,-0.650766621711462,-0.19402644784875578,-0.02001918386364887,-0.38044780127319666,98,0.41836734693877553,19.23312873542678,82.48588836316448
STT,Other equities,2016-01-04,2026-09-04,-0.38733320939733484,-0.0448924417029507,-0.8194948917776949,-0.13917235901043246,-0.013951233627633952,-0.770609747326218,3.0186181216384167,0.1392845141342045,-0.5959816303099869,0.5247284198539899,0.04033760321857205,-0.4706624141097394,-0.5981797265500339,-0.08192537178108339,-0.7069267719321097,91,0.37362637362637363,17.07453919460057,24.81608503869024
STX,Other equities,2016-01-04,2026-09-04,-0.21119864720567827,-0.02199580668650125,-0.7760666113689456,0.26872473994777035,0.022564460326726765,-0.7008365966178818,35.84511930585666,0.40232320925481835,-0.5699009123908566,1.5808844399289281,0.09295757004672511,-0.5341550406617965,-0.694367814152872,-0.10517643125735643,-0.7606704995790666,104,0.3173076923076923,20.325441056405914,47.992338715344864
STZ,Other equities,2016-01-04,2026-09-04,-0.4398386026033333,-0.0528814114830396,-0.5001246435466673,-0.25163470936865184,-0.026808844308316426,-0.35363946237886645,0.07868383404863422,0.007126047713792882,-0.5353066165933694,-0.2509047347451848,-0.026719889039014566,-0.35536452460102674,-0.2522160753397381,-0.02687974628207923,-0.35342838978292734,90,0.3333333333333333,15.698164571910098,18.820389323468145
SW,Other equities,2016-01-04,2026-09-04,-0.8925060297738405,-0.18867985479377336,-0.9056128995648244,-0.8295719638963421,-0.15285652040615305,-0.8507335016707895,-0.7668633635161244,-0.12760435912390555,-0.9034998473903751,-0.6899161266807639,-0.10396252583017196,-0.7277250283645358,-0.6533390496077395,-0.09454663605681357,-0.6875423762157504,102,0.27450980392156865,19.106177094728046,6.293406587749839
SWK,Other equities,2016-01-04,2026-09-04,-0.3277888735913861,-0.03655115804419151,-0.4914376681465725,-0.04750746685124496,-0.004552699702627172,-0.4198131229903531,0.22851735015772867,0.019481845247489415,-0.713073282193569,-0.21937456525050258,-0.022950643811458837,-0.44893581018442397,-0.13888134246570327,-0.013919986893792369,-0.3730866240131877,93,0.3655913978494624,17.817787995859085,28.02814067401411
SWKS,Other equities,2016-01-04,2026-09-04,-0.15297377905750864,-0.015444210903733935,-0.5412384230939034,0.26704911159380296,0.022437773252281357,-0.5018993164250058,0.19425621168118634,0.016782098606066054,-0.7287919229430196,-0.04045040332560279,-0.003863574124913449,-0.45031798047878646,-0.11726686783245688,-0.011625552964441455,-0.3882292928719341,98,0.3469387755102041,19.41072723204444,42.00228906513116
SYF,Other equities,2016-01-04,2026-09-04,-0.49650262064683826,-0.062303621193500525,-0.7460329326728468,-0.24947217995834725,-0.026545544932810583,-0.7000696452044313,2.3864406779660934,0.12114930107983835,-0.6636977886977884,0.6911115935694965,0.05048813136936037,-0.3661358983994716,-0.7022683888705372,-0.10737080143478828,-0.7332483866990274,100,0.3,18.77941175824335,24.7030440688491
SYK,Other equities,2016-01-04,2026-09-04,-0.7494504504467532,-0.12169313464074372,-0.775505998949513,-0.6522257100730772,-0.09427441050458352,-0.6911524730788485,2.7777916251246064,0.1327030305095307,-0.4380594172538561,-0.3876905440559074,-0.04494468001836516,-0.5052238091638555,-0.590812215749739,-0.08036021894925904,-0.6149255532005953,106,0.29245283018867924,14.303720501192904,9.7224740373676
SYY,Other equities,2016-01-04,2026-09-04,-0.6630539830270302,-0.09695627193860579,-0.7971812240017854,-0.5467840305685634,-0.07150704491290205,-0.7529807733553746,1.6049463065408416,0.09390884836404023,-0.6614481409001958,-0.4200758538833973,-0.04979776145438075,-0.5731660553462579,-0.4189826044849304,-0.04962997199039021,-0.5441211990918177,94,0.3191489361702128,13.882568239486888,11.626995245846683
T,Other equities,2016-01-04,2026-09-04,-0.3457217996310654,-0.03899039190590203,-0.5687871999467766,-0.14494900310127046,-0.014573466980186911,-0.5252478901659139,0.827758007117438,0.05816861827162989,-0.42999006951340635,-0.08585914776929726,-0.008380679727516327,-0.3470710890316958,-0.28426981600007084,-0.030868410439980898,-0.43935705052012053,92,0.32608695652173914,14.116301461600173,20.077279652979495
TAN,Theme ETFs,2016-01-04,2026-09-04,0.5219380011205159,0.040158961506327584,-0.7368986719713371,1.1568461509011785,0.07472053457025574,-0.6870205051270977,0.6963276836158314,0.05079147090849356,-0.7852841705848385,0.7931628413105463,0.056274632142803815,-0.5218732633950111,-0.15125499700395706,-0.015257083854966158,-0.5845695073852621,87,0.3563218390804598,19.986738050500165,63.490814978066254
TAP,Other equities,2016-01-04,2026-09-04,-0.7172826346453277,-0.11169052294095749,-0.74160429066074,-0.6007255273273999,-0.08247225156338012,-0.654528100074969,-0.41918829771977273,-0.049661519462045556,-0.6773549447968039,-0.27516394047734805,-0.029719104444423716,-0.33966242450051165,-0.609956814868098,-0.0844821524076258,-0.6463414874825248,98,0.35714285714285715,16.309240031182625,11.655710731792778
TDG,Other equities,2016-01-04,2026-09-04,-0.5051213749272693,-0.06382022876225801,-0.655171408190564,-0.3188201027278441,-0.03535327126422516,-0.586587976244082,7.6455620861543085,0.22412104872622463,-0.6264243134955536,0.45492323366449927,0.035776986603498706,-0.4051239061628621,-0.6598592876778225,-0.09615700740016886,-0.6749328391680147,90,0.3111111111111111,16.142289102473395,18.630127219942516
TDY,Other equities,2016-01-04,2026-09-04,-0.33760618397338404,-0.037879096927131206,-0.6936953304602309,-0.11059442956290955,-0.010927537576034596,-0.6356299758320013,5.969299246747326,0.19963458913253707,-0.4894686088412932,0.4537244259384918,0.03569694621451647,-0.4301664128306637,-0.5443470549110518,-0.07104012753013245,-0.5603803137219039,90,0.34444444444444444,14.930070710663449,22.70117544104745
TEAM,Other equities,2016-01-04,2026-09-04,-0.7522684528009831,-0.12262400430058551,-0.8968423055733574,-0.57472336361967,-0.07702921291152309,-0.8230625573396596,5.916453848960235,0.1987788623228306,-0.8752537489358915,0.05382445293498184,0.004927024600082319,-0.6418262992502812,-0.7649214283184772,-0.126925663036505,-0.8175413992022933,102,0.29411764705882354,23.825363142162104,17.754508918131307
TECH,Other equities,2016-01-04,2026-09-04,-0.5941974283706437,-0.08107617422418656,-0.7495278018660252,-0.41639525697930235,-0.0492340087261004,-0.6645446855680083,2.5177270519669643,0.12515427727467432,-0.6721597812879705,0.012728587240089961,0.0011864776545640332,-0.5499039790110911,-0.5992978012645438,-0.08216516474679492,-0.6433767255152647,89,0.29213483146067415,19.72518449005799,17.780217139134137
TEL,Other equities,2016-01-04,2026-09-04,-0.7646114478343552,-0.12681779706580742,-0.7843404646046006,-0.6707779000238796,-0.09891742396497016,-0.6988640791743848,2.96748431260695,0.13791756611559736,-0.4770871884184186,-0.19755170364887675,-0.02042182762944622,-0.3562856235892392,-0.7066620326368708,-0.10861406719474553,-0.7145433198186607,100,0.27,15.22216830410309,9.38335478104756
TER,Other equities,2016-01-04,2026-09-04,0.5837610019923314,0.04404905399968473,-0.6414856177004192,1.386312947084679,0.08495554441298236,-0.59979277812986,17.68288854003136,0.31582422325385817,-0.5911535440207862,1.6425956199868779,0.09538144280914862,-0.4737873955488304,-0.40067977483433626,-0.04686256933276123,-0.4759760688486301,89,0.4044943820224719,20.731322405587015,80.25519450923476
TFC,Other equities,2016-01-04,2026-09-04,-0.7786005965207421,-0.13181897059592684,-0.7874834576437885,-0.6762986582697244,-0.10034489878329755,-0.6898396655195598,1.1692566148677028,0.07529877173731525,-0.5911219329462458,-0.5420385074422351,-0.07059989929840227,-0.5932928970099638,-0.5165545420801245,-0.0658694476698578,-0.5193927639869427,106,0.29245283018867924,16.20473758745048,10.230193825101775
TGT,Other equities,2016-01-04,2026-09-04,0.0063522049266482306,0.0005938119902801908,-0.6128638139747593,0.3948452576891286,0.031690224051235116,-0.5585249762998874,2.0909774436090256,0.11159474397465718,-0.6439625775990206,0.18206661022053816,0.015804617879879856,-0.496833065126114,-0.14865017231229227,-0.014974145245910342,-0.43418660721374824,93,0.3978494623655914,16.780964788063375,38.84930527624804
TIP,Bond ETFs,2016-01-04,2026-09-04,-0.056756149806883816,-0.0054628776639438215,-0.08375940383087832,0.00160153087350845,0.00015003467194008024,-0.047718701146329034,0.3304726368159143,0.02713033922739272,-0.14507772020725285,-0.029554835277253777,-0.0028085841575455905,-0.06571399451052662,-0.02802972853948349,-0.0026617693095122297,-0.053682417520076076,43,0.37209302325581395,6.727521304164683,5.8357680680392265
TJX,Other equities,2016-01-04,2026-09-04,-0.7374752963889561,-0.11784031989699117,-0.7964694715269611,-0.6397195680298652,-0.09126958661574469,-0.7471421082561014,3.3304918032786928,0.1472956962584917,-0.42551384406319026,-0.12885992711219107,-0.012849774084105148,-0.40943480004620314,-0.6986423747666894,-0.10635721195877179,-0.7395904169041947,97,0.25773195876288657,14.262107423470932,9.775572835909097
TKO,Other equities,2016-01-04,2026-09-04,-0.6270528389515351,-0.08832103420801929,-0.8374680568127586,-0.4393069631254327,-0.052797176404431934,-0.7733314500839004,11.28599735799207,0.2651214716597339,-0.6907741721120828,0.25365680837163884,0.021419746861347067,-0.45593769907128967,-0.702512554825206,-0.10743945513740205,-0.7391457452894249,99,0.2828282828282828,19.005274329828744,18.774587582610238
TLT,Bond ETFs,2016-01-04,2026-09-04,-0.03928453665832676,-0.0037501690283754385,-0.21332700127683135,0.0474312861739401,0.004353898237175136,-0.19572804396642596,-0.08767062479191878,-0.008565065007157258,-0.48350872236739884,-0.070423858114536,-0.006822857715939934,-0.14127349885981566,0.03349840863283049,0.0030937972258382462,-0.13325433560391653,42,0.30952380952380953,9.880240469980786,8.671582283226687
TMO,Other equities,2016-01-04,2026-09-04,-0.5533360599411825,-0.07277377014348652,-0.7117515869149906,-0.3871873699667753,-0.04487112954929362,-0.6335016004110479,3.5613852556480596,0.1528964999581066,-0.4095423208916684,0.6441055459366425,0.047715596235145874,-0.32935652491080514,-0.7283240475876179,-0.11500197841055171,-0.7913810430835853,95,0.28421052631578947,15.894731436270634,16.614868997440723
TMUS,Other equities,2016-01-04,2026-09-04,-0.792665486115412,-0.13714471647330373,-0.8042795265780016,-0.7144506563512791,-0.11086008001179648,-0.7326568929608626,3.974513565360361,0.16230570794977583,-0.37131978738643623,-0.31901142715292075,-0.03537867534269712,-0.4631213346559254,-0.6955389236301529,-0.10549843604873732,-0.6955389236301529,98,0.25510204081632654,15.567492920133994,7.821482976413286
TPL,Other equities,2016-01-04,2026-09-04,4.846912840633721,0.1800471779301669,-0.4993950394520824,7.7599386057236135,0.2256302592578956,-0.45798029150702146,29.15141430948403,0.3762112248650107,-0.6492848293726776,11.504806177093895,0.26721692702350763,-0.3481918603441936,-0.5324267519360654,-0.06878834020792968,-0.6971988820631773,86,0.45348837209302323,22.501528092828153,291.3025765089892
TPR,Other equities,2016-01-04,2026-09-04,-0.6881031209380256,-0.10347266851776404,-0.7639318063074827,-0.5261484693688396,-0.06762318734439687,-0.6913474757474485,3.8758483033931928,0.1601247841777209,-0.788703788224555,0.007810711159264017,0.0007296753461323302,-0.6080077591003925,-0.6905203768838644,-0.10412636542216569,-0.7635070941097989,93,0.27956989247311825,20.598338030916462,16.195465156918598
TRGP,Other equities,2016-01-04,2026-09-04,0.48291284276513924,0.03762897353508898,-0.7673979369729504,1.2654119490988887,0.07967998060641923,-0.7211274929955789,16.904320987654256,0.3105838107118586,-0.9198662207357858,3.9097904010329607,0.16087952606072964,-0.4289195887684556,-0.6979681978983961,-0.10616997695176245,-0.7027147425108122,97,0.31958762886597936,19.39853669035106,78.24991063337494
TRI,Other equities,2016-01-04,2026-09-04,-0.5602606592605951,-0.07413096146745501,-0.6021683023563433,-0.4023962910295409,-0.047118828883407904,-0.506366070327728,2.098211668132503,0.11183838688346337,-0.6409978308026031,-0.12239282733816981,-0.012165043702139444,-0.3728285391876819,-0.49893374343596897,-0.06272901902312389,-0.504001762210577,101,0.2871287128712871,13.245147365121266,15.78643682310542
TRMB,Other equities,2016-01-04,2026-09-04,-0.008668238062611966,-0.000815856923097158,-0.45399868884087924,0.40260903200315146,0.03222722444936932,-0.38283508151840606,1.7545159796201966,0.0996494124501921,-0.5735478478896783,0.1277722137503059,0.011336671727850689,-0.3746042654063907,-0.12098227829110886,-0.01201630375984064,-0.39644627465367266,96,0.375,17.186363317166826,41.12772700657634
TROW,Other equities,2016-01-04,2026-09-04,-0.08792710387704183,-0.008591198118612864,-0.526431129360559,0.23347178258584989,0.019866588550577324,-0.48056183890747006,1.3033990767939652,0.0813645083399337,-0.5816099621970197,0.2587370078187621,0.021807077178710887,-0.38147001959293747,-0.2754063077056339,-0.02974952510727924,-0.5021931381012991,88,0.36363636363636365,15.739942719634955,32.13988864628917
TRV,Other equities,2016-01-04,2026-09-04,-0.533680796864647,-0.06902276929580964,-0.6612274625098724,-0.38309842054364207,-0.0442754567310758,-0.597694228442331,3.2143998174349413,0.14437661648268407,-0.4628272251308898,0.09127049582757252,0.008221986075367393,-0.3730660260053562,-0.5726822956193649,-0.07661482931141139,-0.642923287119179,96,0.3020833333333333,13.99237881566354,15.058237632100491
TSCO,Other equities,2016-01-04,2026-09-04,-0.05574936300253586,-0.005363406808687632,-0.686830874868965,0.2740530118743134,0.02296630285693868,-0.6222273987948735,1.479801559177889,0.0888713904031615,-0.5269695979078125,0.5106006356360713,0.039430080544336166,-0.3796119444547057,-0.374917092762994,-0.04309427655736686,-0.703662210184077,83,0.3253012048192771,17.21717131647034,32.980237487684924
TSLA,Other equities,2016-01-04,2026-09-04,0.6615090725841024,0.048750376443954746,-0.6393835712297864,1.8509674492991626,0.10320322885793498,-0.5829032199993807,22.779717931497544,0.3459204070513524,-0.7363221699148724,5.6875200493163565,0.19500191941306477,-0.4467659640749645,-0.7515507900789096,-0.12238603184917285,-0.7759415102441366,98,0.35714285714285715,25.729997218981357,118.94583767150601
TSM,Other equities,2016-01-04,2026-09-04,-0.5038540997482748,-0.06359573754559622,-0.7260126782777887,-0.27394742199611777,-0.02956655254327356,-0.6484786117470048,22.94807370184257,0.3468108841305979,-0.566202484004516,0.5223543963264474,0.04018563782620688,-0.4332638572238596,-0.6740930354660115,-0.09977197492236756,-0.6889422261160669,102,0.35294117647058826,18.392118982244376,22.9906677752157
TSN,Other equities,2016-01-04,2026-09-04,-0.18573679062826898,-0.019078618337174724,-0.5397612299180852,0.07568126984473178,0.006862898767912462,-0.4864116128658189,0.26931621821773155,0.02260914325540342,-0.5244526025960403,0.2745330356425073,0.02300243000795832,-0.3664819255494912,-0.36112820413379887,-0.04113484690823843,-0.44023340171326675,86,0.36046511627906974,15.287539737777976,26.141806047300076
TT,Other equities,2016-01-04,2026-09-04,-0.2154733046878078,-0.022493904318987568,-0.4890995925460284,0.07031814922928059,0.00639120652943137,-0.39734754851071097,9.852919796462345,0.2504965363389908,-0.4441543126684637,1.4605665740418026,0.08807678029700972,-0.2104946785103331,-0.6811601427131856,-0.10162029612084433,-0.6938164287471478,91,0.3626373626373626,15.88630448502056,28.57914539170884
TTD,Other equities,2016-09-21,2026-09-04,-0.8703504520914188,-0.18557712840293206,-0.8914769946000831,-0.7627350977013694,-0.13458868679790004,-0.8064401687918993,3.7940199335548295,0.17057081843835653,-0.9066016772991186,0.02923273831172213,0.0028994280255763005,-0.5669322478047419,-0.8740328177655434,-0.1879316621005207,-0.8807097164504454,94,0.3404255319148936,29.08817657672823,10.761535439004943
TTWO,Other equities,2016-01-04,2026-09-04,-0.935693134669797,-0.22683154680279072,-0.9362780635403005,-0.902138596021419,-0.19578934515003743,-0.9031737414973243,5.28299678080187,0.18803200637880169,-0.561404331114653,-0.4861319004257928,-0.06050960816166184,-0.650508216019018,-0.8748572534790782,-0.17703420927560554,-0.8792137948133064,104,0.2403846153846154,18.804565241080983,3.3554538648377985
TXN,Other equities,2016-01-04,2026-09-04,-0.6076836229037106,-0.08398324800971946,-0.8126086988140042,-0.45327378661716755,-0.055034554766956956,-0.7735999630402131,5.371794871794854,0.18959612938170012,-0.3341276271267206,0.3554683233210849,0.028924192593526188,-0.5388731480912012,-0.710567653742685,-0.10973348806062067,-0.7456225785218689,96,0.28125,16.571616853827926,15.440983628654303
TXT,Other equities,2016-01-04,2026-09-04,-0.8022208079254929,-0.14095298893000618,-0.8533208172602392,-0.715120619603509,-0.1110558622811384,-0.8109623846494239,0.9332518337408391,0.06374991989058465,-0.6996367700475001,-0.07074170799946211,-0.006854699865632918,-0.3334377172109364,-0.787164458173709,-0.1350238369413116,-0.8466428091056063,102,0.2549019607843137,16.097109442995567,8.710018832198385
TYL,Other equities,2016-01-04,2026-09-04,-0.3845707387658499,-0.04448952876937606,-0.6104928140029022,-0.15128930799991702,-0.015260815997242494,-0.550454155728243,1.1794288451176507,0.0757704921197182,-0.5743730092463745,0.06859509745428172,0.006239207589823659,-0.3877469021822696,-0.42407628230721617,-0.05041419175138928,-0.576218690475728,90,0.3111111111111111,16.11400242271554,23.32814307659329
UAL,Other equities,2016-01-04,2026-09-04,-0.832290608904985,-0.15413266399691827,-0.94122106307263,-0.7219141205053523,-0.11306503656718947,-0.9245909325099194,1.002877180363234,0.06728422985437565,-0.7940020682523269,0.36714700840613634,0.029752076875273037,-0.6042566311399877,-0.8773289265427747,-0.1785718572476005,-0.9284711813587706,96,0.34375,22.247162272429197,11.037648839963266
UBER,Other equities,2019-05-10,2026-09-04,-0.8924608006258867,-0.26257358774843753,-0.9245220584459116,-0.8403018066306016,-0.2216476112840544,-0.8930467502492588,0.8224681260524556,0.08543633221129276,-0.6764769297110818,-0.3606025142054947,-0.05925992579205852,-0.5355939993494166,-0.8318116636938495,-0.2161209748904971,-0.8713030906338249,73,0.2602739726027397,23.65862506657167,5.215899399528512
UDR,Other equities,2016-01-04,2026-09-04,-0.7125251353609738,-0.11029969678803175,-0.7677368084722932,-0.6127426950780199,-0.0850971841436553,-0.6935529614072877,0.4511368169126406,0.03552397609724456,-0.44428969359331516,-0.3341884360206089,-0.037414783278031494,-0.42279644347836065,-0.5682338965084063,-0.07571788164190396,-0.61847852857604,94,0.26595744680851063,14.913334050390246,9.978244028295391
UHS,Other equities,2016-01-04,2026-09-04,0.005715414126469698,0.0005344374278286601,-0.5093267253034826,0.3889660532350967,0.03128176923929127,-0.4049809818430784,0.5061257102272789,0.0391410216336463,-0.5630196208846028,0.8240855380740455,0.057969109804231644,-0.18518879336945426,-0.44864679142824027,-0.05428766477598845,-0.5716861328621738,88,0.3977272727272727,17.197005337852787,38.3250639108627
ULTA,Other equities,2016-01-04,2026-09-04,-0.8120727141564222,-0.1450582070529146,-0.905867386791603,-0.7160268892130933,-0.11132136501562073,-0.8784094224807474,2.102799625983171,0.1119926386111263,-0.6492262343404569,-0.5131165885322577,-0.06524867014762603,-0.730319689266746,-0.6140199451916857,-0.08538050105571149,-0.7322102720619679,102,0.28431372549019607,18.94830968619458,9.604582494332892
UMC,Other equities,2016-01-04,2026-09-04,-0.3468720268650194,-0.03914890546194305,-0.6705882854061294,-0.02856944509576065,-0.0027137013994555925,-0.6018642869654637,16.366220735785916,0.30683986304103694,-0.5444444444444443,1.2472494682569222,0.07886550660627911,-0.3894390578308061,-0.7093656123360537,-0.10938751062628094,-0.7475889227471096,103,0.3106796116504854,17.189074232908325,31.830258176925874
UNG,Commodity ETFs,2016-01-04,2026-09-04,-0.900449832771492,-0.19449834525470244,-0.9156523392177578,-0.8229467151837773,-0.1498222224715693,-0.8516283500976656,-0.9226260257913244,-0.2133061188229356,-0.9387716174974566,-0.7792620664915801,-0.13206247337291055,-0.810490199192027,-0.5490119634344104,-0.07193590548437889,-0.6313408609571154,111,0.3333333333333333,23.955844231886744,7.750311758771478
UNH,Other equities,2016-01-04,2026-09-04,-0.4520781329423519,-0.054841004966218576,-0.6802934660888986,-0.2523583456029399,-0.02689710482396035,-0.593536685712709,3.0570027581979815,0.14030032250749636,-0.6139084330921337,-0.09362891811056573,-0.009173892653978943,-0.49408362302138653,-0.3954773293125783,-0.046089936441583435,-0.6075107572332361,94,0.3829787234042553,15.694821844046475,19.9719787339412
UNP,Other equities,2016-01-04,2026-09-04,-0.7288919631978719,-0.1151755816834229,-0.746690483561694,-0.6282395744493401,-0.0885933964178971,-0.6618765004981677,3.657767770987456,0.15515874889845915,-0.387188700284971,-0.1983525867690359,-0.020513525435035485,-0.33087817305236744,-0.6618113745175672,-0.09664457724179543,-0.6639809326983279,101,0.26732673267326734,14.544232386158253,10.065238874853177
UPS,Other equities,2016-01-04,2026-09-04,-0.5747906594215438,-0.07704290617049903,-0.6999101746850758,-0.41596828219717297,-0.049168818213434995,-0.6407103661964069,0.6285623308390269,0.04678300031685301,-0.5791788856304995,-0.41602764360287947,-0.04917787892776171,-0.5928233733317969,-0.27186734796518286,-0.02930624627381817,-0.3520024701569361,103,0.32038834951456313,15.25739630802124,15.882237722437086
URA,Theme ETFs,2016-01-04,2026-09-04,-0.7306559240767052,-0.11571690752718966,-0.7980477804714876,-0.5813028021346549,-0.07837737000793743,-0.7058652296865238,3.6119955942725595,0.15408974728007552,-0.6146143437077127,-0.3060272221674445,-0.03366913061707133,-0.6974997500764655,-0.6118809202220854,-0.08490650512128595,-0.6558052606321905,108,0.3148148148148148,19.20438598478924,14.93531219420503
URI,Other equities,2016-01-04,2026-09-04,0.053902926241212734,0.004934039877136032,-0.6407304841901705,0.6012024501968138,0.04512162880655857,-0.5941381441725548,13.824721080446249,0.2875970923431286,-0.6325892612296391,2.831634214746673,0.13420681901529075,-0.33465120319154085,-0.7249468850170792,-0.11397637271338956,-0.734809715828554,93,0.3763440860215054,21.121340795028704,54.72995239556011
USB,Other equities,2016-01-04,2026-09-04,-0.554754523391418,-0.07305022230952574,-0.7346672108396493,-0.3809267031690624,-0.043960537151473855,-0.6970896064748802,1.2360621030345884,0.07836084904787155,-0.5212930700735579,0.19235552784221444,0.01663028002085465,-0.3433177125462211,-0.6265832914664848,-0.08821348733439327,-0.6467519939749347,95,0.3473684210526316,15.632096522261007,17.382782022235553
USMV,Factor ETFs,2016-01-04,2026-09-04,-0.09116423093866333,-0.008921608515165436,-0.2941501413265716,0.10890057140210474,0.009737956595137653,-0.22319273255086125,1.9525483304041908,0.10683012297607575,-0.3307174887892377,0.3682469762380236,0.029829721329517556,-0.12844973484252165,-0.3357662871946069,-0.03762887110565716,-0.3960834684493961,97,0.38144329896907214,9.534034499155855,20.006480234076808
USO,Commodity ETFs,2016-01-04,2026-09-04,-0.549760389413092,-0.0720804028331935,-0.7193873071681951,-0.3350534713945619,-0.03753209699805471,-0.6790188405771131,0.6161202185792458,0.04603064006000812,-0.8675373134328356,-0.11434505428514541,-0.011319310529369853,-0.42387109510587273,-0.49163089669928084,-0.06145674023061698,-0.7188209831850175,99,0.35353535353535354,17.88458779868228,21.470691801853015
V,Other equities,2016-01-04,2026-09-04,-0.5000246271869593,-0.06292051011736877,-0.6115528057349313,-0.353485195955651,-0.04006520945080083,-0.539824218823407,4.345923603192672,0.1701785490247374,-0.36363189701763876,0.209902050542373,0.018023568213329177,-0.40872602097794,-0.5867637610921363,-0.0795110062852058,-0.608568318319866,84,0.3333333333333333,14.249964418729826,14.65394312313083
VEA,Broad-index ETFs,2016-01-04,2026-09-04,-0.3938385144499337,-0.04584779834893715,-0.49733401320891046,-0.2310698161686071,-0.02433236726715815,-0.41174648914063516,1.791824375473122,0.10103724170591688,-0.35729671513193484,-0.0384175562450203,-0.003665917746304981,-0.2568793970960723,-0.36962088951727956,-0.0423370848733966,-0.38313160252759637,109,0.3211009174311927,10.233317504677595,16.276869828132657
VEEV,Other equities,2016-01-04,2026-09-04,-0.2330108021003502,-0.024563523663840958,-0.6979150686470748,0.14925971521929138,0.013127735293831488,-0.6286898211413302,8.588358313001013,0.2360570725144815,-0.5568914956011728,0.8145472878534028,0.05744923471649366,-0.599869960146902,-0.5773109893393884,-0.07755715895176996,-0.6295108183729405,97,0.36082474226804123,19.473547724870308,38.22705173196416
VICI,Other equities,2018-02-01,2026-09-04,-0.4351350508713937,-0.06433971866877763,-0.6842054301164822,-0.28235213681296467,-0.037893062322875926,-0.6162241692151239,0.9199395770392691,0.07890695226576327,-0.6022255943348507,0.27999465520335476,0.02915918951653884,-0.19347518336246328,-0.5586974157803293,-0.09084980160283929,-0.6777258583509804,73,0.3013698630136986,14.433178533702124,15.278291405842904
VLO,Other equities,2016-01-04,2026-09-04,2.5519845139890873,0.12617702269718833,-0.45867467414584295,4.065270398864046,0.16427747931405734,-0.4165293462318771,7.025979649274733,0.2156167975347385,-0.7187983211840071,6.467991880637421,0.20743249531455854,-0.24398688296910287,-0.5243722046352965,-0.06729607902113144,-0.680751480098143,84,0.39285714285714285,19.886454156212572,151.32858848749584
VLTO,Other equities,2023-10-02,2026-09-04,-0.3447727754853023,-0.13461956358141758,-0.44499811430263203,-0.29240387606458795,-0.1115613036444214,-0.4061964103293717,0.14559295824907603,0.047582037402344346,-0.27097576134244905,-0.11583090588618872,-0.04122790973279189,-0.29300871329007705,-0.2589344856354411,-0.09740756410900286,-0.2596285003660327,24,0.20833333333333334,15.3280617653728,5.236889942071432
VLUE,Factor ETFs,2016-01-04,2026-09-04,-0.37452106137295516,-0.04303745570185158,-0.5797396583627487,-0.17863646733785365,-0.018279871997061825,-0.5117139415912806,3.3987585616438434,0.14897928602788602,-0.3946753246753244,0.2703580828395129,0.022687804522440347,-0.3024789882691934,-0.5076357232844384,-0.06426717902926737,-0.5194306524802129,111,0.2972972972972973,11.43060315428871,19.58845940351015
VMC,Other equities,2016-01-04,2026-09-04,-0.5707941211387231,-0.0762330807335192,-0.6713069887623011,-0.4012930751414763,-0.046954052778508504,-0.5941426910092747,2.114312818688495,0.11237881536988348,-0.492302309307208,-0.09285637870357866,-0.009094749082447118,-0.5069576193364864,-0.5268600596585946,-0.06775454221168387,-0.5361283516350094,91,0.2967032967032967,17.026373756750065,16.950104599724682
VMRK,Other equities,2016-01-04,2026-09-04,-0.7513270817368969,-0.12231197892125167,-0.773996529711573,-0.6634817622828378,-0.09706381673962106,-0.697821476579048,0.40115780445968774,0.03212705179910924,-0.45900920648838295,-0.4259466742917689,-0.050703734779756426,-0.5068130213294316,-0.5668121633886456,-0.07543297784373149,-0.5992151935257337,97,0.23711340206185566,14.600632050468889,8.784531945405904
VNQ,Theme ETFs,2016-01-04,2026-09-04,-0.3285662368356861,-0.03665566517431207,-0.4248513807164003,-0.14537125071260737,-0.01461909881288792,-0.3265253310773625,0.8483156881616893,0.05927875968623253,-0.4243319630010277,-0.01043701281295939,-0.0009831283243937339,-0.22420920399087962,-0.3214845625209284,-0.03570764204420962,-0.3888706347261217,94,0.3191489361702128,12.127025670961089,18.31949861230787
VRSK,Other equities,2016-01-04,2026-09-04,0.22866677213664444,0.019493469365980287,-0.4315523024162814,0.5871964570113068,0.04426116359197607,-0.3852411200177185,1.5951948596172612,0.09352429156311914,-0.5081137178438897,0.4149291303637346,0.03307387025911068,-0.2695443058860507,-0.13164076859397922,-0.013145624223100727,-0.32356010690188275,86,0.37209302325581395,14.070665533309375,35.85296848746624
VRSN,Other equities,2016-01-04,2026-09-04,-0.25155681618726533,-0.02679934843846976,-0.456268379288744,-0.007887326592784016,-0.0007420928955947925,-0.4054141879012134,2.542510612492429,0.12589507977719072,-0.38847117794486163,0.40821281404976784,0.03261315241130158,-0.23577889648466877,-0.4685155706967724,-0.05753606828562541,-0.527508291196374,87,0.3563218390804598,14.961808994763377,24.36694895944813
VRT,Other equities,2018-07-30,2026-09-04,0.19393530558312633,0.022128478166003385,-0.5107791259238217,0.6972992193761112,0.06750586651322199,-0.48933871333315504,27.631353337415728,0.5131742551665133,-0.7123374340949032,2.7115936450889135,0.17578680355814535,-0.3529416097330673,-0.6783227314868074,-0.13068553323369825,-0.7612125689826652,62,0.4032258064516129,27.03844567492751,50.33639137929848
VRTX,Other equities,2016-01-04,2026-09-04,-0.9080463867790955,-0.20047034811786912,-0.9193664259744017,-0.8680369601602961,-0.1729297408790751,-0.8851059090159452,3.443974285946787,0.15008140493226274,-0.4166059133252332,-0.41040033294548206,-0.0483226344726273,-0.5042037500419634,-0.8440405950697358,-0.15987320824944595,-0.8489591664627687,93,0.1935483870967742,18.030583437212076,4.000942661879947
VST,Other equities,2017-05-10,2026-09-04,-0.526264676258162,-0.07703568135109873,-0.735075382256167,-0.3243383229541149,-0.041195833812770144,-0.6973815219618396,10.555727554179553,0.3002845414491282,-0.5333333333333332,2.0646885029102533,0.12768906322735551,-0.4687080824588783,-0.8454213786190756,-0.181543610960054,-0.8524388398489233,75,0.25333333333333335,19.632194637134802,20.192635330404705
VTI,Broad-index ETFs,2016-01-04,2026-09-04,0.018161351075976162,0.0016887747215115212,-0.2756904309598287,0.28945817847845934,0.024119606620567113,-0.1993022818825959,3.383354496132962,0.14860147134101376,-0.3499680918953413,0.8536019287826493,0.05956241449511013,-0.13548785536658414,-0.45071197042579103,-0.05462032154205476,-0.4584491164069059,103,0.3883495145631068,10.783054976304536,27.129682740248317
VTR,Other equities,2016-01-04,2026-09-04,0.5151397771622874,0.03972249579426235,-0.5723248701072601,1.0516109828271043,0.069692393754474,-0.5341661268686786,1.4819906516359644,0.08896146895224111,-0.769297484822203,0.7076379981182475,0.051446324492722795,-0.3359201329637449,-0.11272776851304867,-0.011150192287862848,-0.4286264966604184,88,0.4090909090909091,15.67993874025263,53.64712056648169
VTRS,Other equities,2020-11-12,2026-09-04,-0.04447122739694653,-0.007799476717109344,-0.31956595381727004,0.14944813385889755,0.024263639335638798,-0.2974206212722943,0.3601933924254612,0.05437733316835569,-0.5434201736806957,0.011825431939227915,0.0020255643107984778,-0.23813134857140061,-0.05563870758642531,-0.009805180005228453,-0.2739641862717399,48,0.3333333333333333,18.42022307787749,19.391936125584408
VTV,Factor ETFs,2016-01-04,2026-09-04,0.029135752737571963,0.0026960692826758503,-0.3436698843978826,0.27569794849329243,0.023090051467717032,-0.30638826434589905,2.6608470740381396,0.12936876901629257,-0.36877237109412797,0.8202031122126185,0.057757799122244435,-0.11489622348246176,-0.43460389347067485,-0.052055139546368756,-0.44877649316791735,97,0.3711340206185567,10.231899846442868,24.656219575572045
VUG,Factor ETFs,2016-01-04,2026-09-04,0.6779340508293352,0.04971800333500531,-0.2601348026907401,1.1084113011344932,0.07243458887478305,-0.2199219008388359,4.538509705698196,0.17406755427582143,-0.35615661055419034,1.6406176064046902,0.09530455056104725,-0.11905590207020456,-0.36456757435852083,-0.04161997428267006,-0.38773183698211133,89,0.4157303370786517,11.945747007101048,43.04772503051579
VWO,Broad-index ETFs,2016-01-04,2026-09-04,-0.41962285606193395,-0.049728201613877476,-0.5407299006018182,-0.24164554162439755,-0.025598322615108304,-0.41778757761143615,1.595690747781993,0.09354387892209504,-0.3650714106740164,0.38290856850141086,0.030859286396736296,-0.23889185102146393,-0.5803213913360927,-0.07817506140173491,-0.590024254496037,114,0.30701754385964913,11.111395704472653,17.79773144375364
VXX,Theme ETFs,2018-01-18,2026-09-04,-0.9305695370752859,-0.26596359310491857,-0.9465267115237511,-0.8756294137407271,-0.214649231848281,-0.9054189615793937,-0.9898431768158474,-0.4125753317523343,-0.996245055919258,-0.9067591039110662,-0.24044132140373764,-0.9253819781451651,-0.25536469685479,-0.03360144834148737,-0.6433478571426247,87,0.2988505747126437,31.348795797453747,5.494012333455878
VZ,Other equities,2016-01-04,2026-09-04,-0.5718458147583105,-0.076445522518503,-0.6682574010681064,-0.44444319712006786,-0.05361402841243512,-0.593580095696898,0.9351601698186034,0.06384831716568473,-0.4121699196326062,-0.24916980951465384,-0.02650878453634742,-0.457758564612183,-0.4297589645870191,-0.05129654709659792,-0.481832249586284,93,0.25806451612903225,13.29335218598379,12.740261763824268
WAB,Other equities,2016-01-04,2026-09-04,-0.7751260740462551,-0.13055064262698624,-0.8074963106499486,-0.6763522191839084,-0.10035885550338541,-0.7592944814710051,3.2877065332727007,0.14622822576383232,-0.6408237986270024,-0.45360303920041367,-0.05508792081454783,-0.6529561898822985,-0.5884422094429875,-0.07986216228444254,-0.6411885447591137,100,0.29,16.90426110379657,9.877385486234669
WAT,Other equities,2016-01-04,2026-09-04,-0.6288119412808468,-0.08872503946310417,-0.681499943153252,-0.4899489381074288,-0.06116606266386593,-0.5934805953930998,2.140621403912536,0.11325642736736063,-0.4426654108782666,0.2076993423420639,0.017849670288080155,-0.39545123224520673,-0.6926486206415292,-0.10470574669540467,-0.6926486206415292,88,0.2840909090909091,17.509040262950922,13.886300317341805
WBD,Other equities,2022-04-04,2026-09-04,-0.4520056840021758,-0.12726030472844108,-0.7363788266356179,-0.32521319752703504,-0.08517040325359604,-0.699389183668817,0.10784313725490247,0.023447295023633297,-0.7419230769230769,0.5092212217396479,0.09761992307164258,-0.5355491270202428,-0.6369025904855997,-0.20487987059378987,-0.6889184703796372,37,0.2972972972972973,27.22740500752998,12.679248647514074
WDAY,Other equities,2016-01-04,2026-09-04,-0.7445905440408831,-0.1201098294531967,-0.8144152511723873,-0.6113247173908314,-0.08478364156044993,-0.72636251196276,1.5178755144032903,0.09042791608114076,-0.6338009830409178,-0.13911480840537882,-0.013945053603020896,-0.529875411139707,-0.7033176334628064,-0.10766618659345428,-0.7493975570245379,99,0.2828282828282828,19.708390405527595,13.326582665005171
WDC,Other equities,2016-01-04,2026-09-04,-0.26901309529967443,-0.02895015179078342,-0.7820342450641705,0.17396735073548464,0.015150076700698456,-0.7264480628373755,8.008672191173678,0.22885162609871856,-0.7049382716049382,0.0072977041582618085,0.0006819078397923839,-0.6954592680252816,-0.27430897371976937,-0.029611867066272057,-0.4974335177196205,92,0.391304347826087,24.048033919298312,44.298044603515905
WEC,Other equities,2016-01-04,2026-09-04,-0.6783240080722637,-0.10087412007706764,-0.6872318830634979,-0.5706356125608009,-0.07620110296715077,-0.5846336116942853,1.926519337016594,0.10591167673030566,-0.3230114643659141,-0.15697762935489978,-0.01588145565062138,-0.3485159981377297,-0.6184253192693063,-0.08636425450415286,-0.6373399399343715,99,0.35353535353535354,13.641488666647673,10.76883955114628
WELL,Other equities,2016-01-04,2026-09-04,-0.3860023309817955,-0.04469812483653235,-0.7112258785306382,-0.14662152444634302,-0.01475433443110119,-0.6585620547312343,4.111904761904757,0.16527823067679281,-0.6332363059010322,0.21039266926383582,0.01806226217765361,-0.3873376667111895,-0.4927285296666253,-0.061646904463328545,-0.639504615840357,92,0.358695652173913,15.596896326255917,23.938080653545246
WFC,Other equities,2016-01-04,2026-09-04,-0.5099348483686645,-0.06467768538375185,-0.5808462527341343,-0.30808746123752206,-0.033938443572231525,-0.482651296428911,1.2922292993630529,0.08087181703220492,-0.6445771527644009,-0.07177915142253288,-0.006958699507868538,-0.4335174332006728,-0.47203819825596627,-0.0581234494952817,-0.6359838298445204,97,0.3917525773195876,16.306726982697057,20.184738713114246
WM,Other equities,2016-01-04,2026-09-04,-0.04443875990551971,-0.004252472382656802,-0.37227144763573616,0.20342001664588927,0.017511005737632646,-0.3323419455784625,4.070386663579538,0.1643876787717009,-0.3006253853606974,0.7633043862253235,0.05461315236636266,-0.24948887880741166,-0.45808491854316835,-0.055817267798088044,-0.48620642693769156,89,0.29213483146067415,12.605408469724397,24.785877655140897
WMB,Other equities,2016-01-04,2026-09-04,-0.6277401388179892,-0.08847867735652859,-0.6762337512379332,-0.47691086902687985,-0.0589418255843166,-0.5637629888115859,4.0203114421124075,0.16330474457319588,-0.6808914177335229,0.260852589244819,0.02196795804879592,-0.29167836863307395,-0.7047554453570397,-0.1080725031890396,-0.7177841928816564,91,0.32967032967032966,16.287858163062808,15.082926979110933
WMT,Other equities,2016-01-04,2026-09-04,-0.43023896019030217,-0.0513714409633097,-0.5859292794261706,-0.264035044534213,-0.028332098253987525,-0.48719507779290494,5.313494401885646,0.18857144895283984,-0.25743162901308025,0.35927997394592204,0.029195102958050834,-0.2626616350372326,-0.5808361406548853,-0.07828111860404374,-0.6032472276528777,90,0.35555555555555557,13.169379542882897,16.620391565608916
WRB,Other equities,2016-01-04,2026-09-04,-0.7005067201322206,-0.1068769684735289,-0.7775302573137008,-0.5919322596907812,-0.08059650641842975,-0.7237573073483121,4.557877813504785,0.17445185521511997,-0.45357142857142874,-0.2326715541366413,-0.024523083654815148,-0.47861681447713533,-0.6096935002444663,-0.08442422720495346,-0.6128379192178273,103,0.23300970873786409,13.99022388053416,10.857446044143938
WSM,Other equities,2016-01-04,2026-09-04,-0.6787609026980486,-0.10098867592207883,-0.7221886697563177,-0.5090724889439697,-0.06452350787407424,-0.6587452535156648,9.18450515002236,0.2430665172780384,-0.5970193740685547,0.49367554232677957,0.03833268546742974,-0.3595969469199456,-0.7849338171517891,-0.13417795985762482,-0.8151988823082364,94,0.2872340425531915,21.13516833325771,16.968841375407884
WST,Other equities,2016-01-04,2026-09-04,-0.4995136194415497,-0.06283076196206816,-0.6511569237440884,-0.29944421289416345,-0.03281343438654394,-0.590633504777266,5.154417089065868,0.1857312728877356,-0.5929220653645331,1.5102144115683833,0.09011643993648488,-0.400568042277487,-0.8006200672532406,-0.14030354583723592,-0.8027163554084191,91,0.32967032967032966,17.115417395957472,20.006940654738624
WTW,Other equities,2016-01-05,2026-09-04,-0.692935013726327,-0.10480943050049485,-0.7823448991433929,-0.5884412443819838,-0.07988162206637639,-0.7086829847844179,2.1737934957807625,0.11438452496324136,-0.32942017149857095,-0.17745133762691234,-0.018151777929296786,-0.41695758203861555,-0.6266907961557234,-0.0882597234717587,-0.6301310173384523,94,0.24468085106382978,14.656179060572542,10.44937693443433
WY,Other equities,2016-01-04,2026-09-04,-0.7338419688789589,-0.1167028377776963,-0.7848594309564294,-0.6241153740494184,-0.08765023340414935,-0.7351803639245654,0.17031011692932885,0.014853175419569098,-0.6169601149838309,-0.5182140175344736,-0.06617052541323887,-0.6080177650468418,-0.4475596202301595,-0.05411299786486068,-0.5573696579504217,98,0.30612244897959184,16.45666462302229,10.97265948295405
WYNN,Other equities,2016-01-04,2026-09-04,-0.8127931088541946,-0.1453659896378653,-0.881457118918603,-0.7001122526481989,-0.10676675171405559,-0.8356742905492885,0.5231281198003299,0.040235188793959376,-0.7740214491806845,-0.5359134482909815,-0.06944155514881623,-0.7388507462264753,-0.5966121180275358,-0.08159018373229743,-0.623915286291709,97,0.31958762886597936,22.06029741470861,11.268085620599578
XBI,Theme ETFs,2016-01-04,2026-09-04,-0.6530671829256168,-0.09448008818902986,-0.7276632012020336,-0.49923979898478776,-0.06278270511360529,-0.6301980609611055,1.4518784613081968,0.08771602143838386,-0.6389354932021978,0.0569234663112228,0.005203707914917199,-0.3561564205067459,-0.6717521862910124,-0.09916775606679762,-0.6859240418520183,93,0.3333333333333333,18.131372727376068,15.382738394082907
XE,Other equities,2016-12-30,2026-09-04,0.14351805285093322,0.01395316863408147,-0.19570776507481202,0.18632430899998598,0.017810643358113554,-0.1902283869338519,0.1838235294117645,0.017588746789793053,-0.6156197887715398,-0.03235468212425319,-0.0033925210388787708,-0.1957077650748119,0.1817533053963174,0.01740473560467537,-0.1671377978734686,9,0.5555555555555556,12.902595973221668,4.280625614905276
XEL,Other equities,2016-01-04,2026-09-04,-0.5151358041538312,-0.06561278853122876,-0.5911537406157723,-0.368646515618974,-0.04219840808030928,-0.4860362159651308,1.9601250977325892,0.10709609423787603,-0.34415004465614873,-0.17197442499196613,-0.017536099595571786,-0.3615998827569966,-0.414433309210931,-0.04893481472028238,-0.4455346063080735,88,0.3522727272727273,13.985802572753936,14.648928853485721
XHB,Theme ETFs,2016-01-04,2026-09-04,-0.41467457080246317,-0.04897155770890038,-0.6235753152564127,-0.2001214180536588,-0.020716343830593842,-0.5361412460873591,2.3599088838268796,0.12032287383465112,-0.4956055734190782,0.14089622043028438,0.012434243282062774,-0.3318862336010209,-0.4869599717169838,-0.060651643697767765,-0.5919689347884343,101,0.33663366336633666,14.855854019092801,21.455315274880437
XLB,Sector ETFs,2016-01-04,2026-09-04,-0.4367423695986794,-0.05239184597586488,-0.5353998280534944,-0.26810838561199746,-0.0288375438516415,-0.41472199824725753,2.0120620333141854,0.10890282978061006,-0.3727810650887562,-0.06953648661887346,-0.006734013181526222,-0.22451531760099452,-0.3946483421423468,-0.045967377721837566,-0.45530791259002545,100,0.31,12.296493546202969,16.863398398668195
XLC,Sector ETFs,2018-06-19,2026-09-04,-0.36903416411527845,-0.05454123484741813,-0.5061716161049394,-0.21600141341369739,-0.029202621662482775,-0.4467809701131673,1.4243670201255059,0.1138852798612422,-0.4666014191338397,0.19555070764314353,0.0219909572892234,-0.3914429614801217,-0.4722383317989244,-0.07488539070799516,-0.4911728112731424,79,0.3037974683544304,12.692338691416797,15.303275070158106
XLE,Sector ETFs,2016-01-04,2026-09-04,-0.5678059954630017,-0.07563204441443938,-0.6993666887074884,-0.3926885484151539,-0.045678242583473194,-0.6004101941461327,2.2110275689223093,0.11557270110895335,-0.6681489515545921,0.11099647578861993,0.009916723515124515,-0.3568241542387256,-0.6109852605696051,-0.08470873482696906,-0.6518283187318028,103,0.32038834951456313,14.849472331966819,17.511744704784782
XLF,Sector ETFs,2016-01-04,2026-09-04,-0.36509426357388197,-0.041694474450462704,-0.6050648170721427,-0.1771377134520804,-0.01811207079812105,-0.5508670514213574,2.041884816753933,0.10992755738292681,-0.42851972493666335,0.43843166512662,0.03467061648126979,-0.2534896718784325,-0.5586125140187106,-0.0738061849977304,-0.6129472345250842,94,0.35106382978723405,12.582738991574159,18.795655012180156
XLI,Sector ETFs,2016-01-04,2026-09-04,-0.24694278271849868,-0.026238448438708817,-0.38774363708082493,-0.03335576268635765,-0.00317539349532614,-0.34244905389983415,3.0025119890385747,0.13885566157394602,-0.42328179810315747,0.6488169579762217,0.04799670397917821,-0.14978934991528914,-0.5432742163170039,-0.07083529188214088,-0.5448268677834472,96,0.3645833333333333,11.716166253006033,21.358702003214102
XLK,Sector ETFs,2016-01-04,2026-09-04,-0.008780223718023672,-0.0008264392802797005,-0.37560858599751956,0.32433355903926064,0.026685089390808825,-0.29282928666378205,8.893291072371976,0.23969028769755463,-0.3355586788475039,0.9341767194570783,0.06379761966561115,-0.21299989192928215,-0.48752367541668595,-0.060748452291333965,-0.5088518046458791,103,0.3592233009708738,13.221965244616497,33.31137827572843
XLP,Sector ETFs,2016-01-04,2026-09-04,-0.3151966209684578,-0.03487336182556389,-0.3879328673310677,-0.16404986139249444,-0.016658404952494155,-0.327389125395939,1.232251253628927,0.07818842059539444,-0.24518966465090708,0.36316186697233555,0.029470299065415206,-0.1326886137650779,-0.49763605069695227,-0.06250171661037007,-0.49763605069695227,88,0.32954545454545453,10.430561659484791,15.114675957596335
XLRE,Sector ETFs,2016-01-04,2026-09-04,-0.3153508492599061,-0.03489374153820368,-0.4536873218326902,-0.13061883055466594,-0.013036801897123085,-0.39509978865447437,1.0461108523521205,0.06942321776990013,-0.38837829825081516,0.040376688016425355,0.0037177858460322177,-0.21851822423389988,-0.3419218648147142,-0.038468509703343035,-0.40706569212528354,91,0.3516483516483517,12.272676736177164,18.473201870524015
XLU,Sector ETFs,2016-01-04,2026-09-04,-0.45466049931793384,-0.055259513809438277,-0.5050879215509402,-0.2994408252452626,-0.032812995920214805,-0.42755345376752196,1.7597693786034592,0.09984585953501313,-0.3606613847743716,-0.10764376083044125,-0.0106203752018309,-0.2727659891448665,-0.3888769117706067,-0.045118312009622685,-0.4466315934321514,96,0.34375,12.437086852191529,15.521967407267123
XLV,Sector ETFs,2016-01-04,2026-09-04,-0.31914542583545036,-0.03539647155444414,-0.408493882679259,-0.14365528117666404,-0.014433782909455739,-0.3163845776951951,1.8771605974156582,0.10414951177079113,-0.2840619694397277,0.2806915535571981,0.02346483662841825,-0.11360153664235273,-0.46836959119982025,-0.05751180311848125,-0.48206752638396566,96,0.3854166666666667,11.319156924547208,17.54901446587863
XLY,Sector ETFs,2016-01-04,2026-09-04,0.04628132833235754,0.004250472036252173,-0.3433027231301151,0.3550070902622653,0.02889136396934955,-0.2628669538417585,2.3316903450275457,0.11943739137453013,-0.396751968503937,1.2167928587179584,0.07748623177640379,-0.14386851512292675,-0.5280202549292496,-0.06796909100120074,-0.5343858093183561,96,0.3854166666666667,12.348703618796245,30.872576192990774
XME,Theme ETFs,2016-01-04,2026-09-04,0.2953284366853779,0.024555798602829082,-0.6320387814822664,0.8780014763773352,0.06086224447840438,-0.5642091316804131,7.993176648976441,0.22865331115176035,-0.6168038603462966,2.0426884076503855,0.1099550430430758,-0.4276924020797619,-0.5742816012877074,-0.07693937243270177,-0.5868402062088558,97,0.38144329896907214,18.32401379784726,58.26730396919573
XOM,Other equities,2016-01-04,2026-09-04,-0.5963707874652544,-0.08153868701231892,-0.7166214963286829,-0.4358684093836871,-0.052254099817413246,-0.6734415769063475,2.2544897959183596,0.11697968171609885,-0.6134247917687415,-0.2037595646783954,-0.021134783311654415,-0.5002342433191533,-0.4930812420098717,-0.06170809082890916,-0.6122356555781125,100,0.28,15.337006485534243,16.05023780815673
XOP,Theme ETFs,2016-01-04,2026-09-04,-0.40444134785003627,-0.04742500865437771,-0.6495814164802363,-0.1067546656594981,-0.010528001524076624,-0.5843993097523444,0.906337465013993,0.06235270895202172,-0.8261101836393987,0.2399661488247109,0.020368801957128424,-0.46692595699995076,-0.519697652460549,-0.06644049728046764,-0.6260513991515151,96,0.3020833333333333,19.922438941923673,29.76866821905382
XRT,Theme ETFs,2016-01-04,2026-09-04,-0.03351446105229128,-0.0031907371256043593,-0.42779674503065845,0.28871621840813577,0.024064346924732583,-0.3411494380677107,1.3750000000000027,0.08447230057484578,-0.47025982392097965,0.4951336060373246,0.03842766630863448,-0.2830666385905515,-0.35357914834830895,-0.040078288343551316,-0.4139887141974645,91,0.4065934065934066,14.544288307171058,32.223067946042704
XYL,Other equities,2016-01-04,2026-09-04,0.2477443343548038,0.020967166194145515,-0.5241313179417237,0.6642361988049015,0.04891163513970187,-0.49267535179709443,2.348859315589331,0.11997695012292131,-0.46693386773547185,0.7401845201002542,0.05330903502838891,-0.38679353446466447,-0.28298159192743744,-0.0307050141588997,-0.450522816126919,88,0.3977272727272727,15.160306211536136,41.64918644500977
XYZ,Other equities,2016-01-04,2026-09-04,-0.2589465591296214,-0.02770423690140633,-0.7698373586916171,0.23745119485515964,0.020174602447730505,-0.6847001591042532,5.805921052631614,0.1969696743364555,-0.8608282175934139,3.1484124239956435,0.14268474778482676,-0.5056957896541865,-0.8213645691098824,-0.1491128546316417,-0.8442828384122217,89,0.3707865168539326,26.52468150700075,49.6397753984781
YUM,Other equities,2016-01-04,2026-09-04,-0.453492912167173,-0.055070067918264964,-0.6816322123060297,-0.2793539966082753,-0.030246321056500713,-0.6155692175603378,1.5393428812131336,0.09129615800826807,-0.521693625118935,0.05132014443928168,0.004702897969075304,-0.33256302361229273,-0.48017063049400244,-0.059493175552859046,-0.6209715203501444,96,0.3125,13.700346976447456,17.41389155588977
ZBH,Other equities,2016-01-04,2026-09-04,-0.4922985292529771,-0.06157236277113687,-0.758625516482256,-0.31548222072686727,-0.034911104233641854,-0.7039250095060869,0.05044987146530011,0.004624898365043206,-0.5353044496487103,-0.1276238287103587,-0.012718541854623733,-0.48128067879951164,-0.41802460056137936,-0.0494831747456147,-0.5702506763870854,90,0.3111111111111111,15.608363812651186,17.681630852610986
ZBRA,Other equities,2016-01-04,2026-09-04,0.31783064841426834,0.0262114070662971,-0.5048497700638546,0.950929661590372,0.06465807183067906,-0.4528332395718767,4.455557226650614,0.17240771353725126,-0.6778293059962581,1.2873721522838064,0.08065689248709695,-0.37679165906983225,-0.42386697018301644,-0.050381842561976975,-0.5577666190747603,95,0.35789473684210527,19.73045551638711,63.30990131761036
ZS,Other equities,2018-03-16,2026-09-04,-0.7429491685609437,-0.14817160031815246,-0.8973802223585007,-0.5898639261369475,-0.09986896856599314,-0.8606110831322805,4.145454545454549,0.21334507596907448,-0.7640869895330547,0.05678715273361279,0.006541655801461488,-0.5701681420091506,-0.7567619640585734,-0.15370775290608618,-0.8248548687834365,78,0.3333333333333333,27.70085925249866,15.308524242399624
ZTS,Other equities,2016-01-04,2026-09-04,-0.8034931909037372,-0.1414726196515681,-0.8380398345122652,-0.7282789810260799,-0.11498821632796175,-0.7849115313092873,0.761794097141524,0.054528436283453496,-0.6947949189512858,-0.3419411378434696,-0.03847114975886057,-0.5522347697801071,-0.7013841460134909,-0.10712259945905533,-0.7230730385932684,99,0.21212121212121213,15.646654484725882,7.521420987765726
