symbol,name,group,watchlist_section,shortable,borrow_status,bars,first_date,last_date,realised_vol,dollar_volume,bh_cagr,bh_max_drawdown,both_cagr,both_sharpe,both_calmar,both_max_drawdown,both_exposure,both_turnover,both_trades,long_cagr,long_sharpe,long_calmar,long_max_drawdown,long_exposure,long_turnover,long_trades,short_cagr,short_sharpe,short_calmar,short_max_drawdown,short_exposure,short_turnover,short_trades,d_cagr,d_sharpe,d_calmar,d_ddred,both_beats_bh,long_beats_bh
A,Agilent Technologies Inc.,Individual equity,,1,easy_to_borrow,2679,2016-01-04,2026-08-28,0.2837435458241946,179805343.60999998,0.1422562716993614,-0.43194821707218434,0.14775369723101517,0.8084501092553527,0.5268690142577824,-0.28043724954894267,0.5475923852183651,17.02575587905935,92,0.138569002631741,1.0471745054102692,0.579441065638512,-0.2391425303607807,0.3598357596117954,9.688689809630459,53,0.016395063985626956,0.18498679500278462,0.053726887795996936,-0.30515566149819895,0.19746173945502052,7.525195968645017,40,0.009184694599274179,-0.23872439615491658,-0.05257205138072962,-0.041294719188161966,True,False
AAL,American Airlines Group Inc. Common Stock,Individual equity,,1,easy_to_borrow,2679,2016-01-04,2026-08-28,0.522958815381433,419452447.28,-0.09431279964987593,-0.8413756799438501,0.09608926622816316,0.4404766751732047,0.12505815269799836,-0.768356673716492,0.5569242254572602,19.001119820828666,102,0.05882419596639066,0.4030261624835318,0.1938628516625086,-0.3034320163039609,0.25830533781261666,9.40649496080627,51,0.03013137445684766,0.2579887868491654,0.03844833590323658,-0.7836847486112187,0.3027248973497574,9.970884658454647,53,0.037265070261772504,0.03745051268967292,-0.06880469896451025,-0.4649246574125311,True,True
AAPL,Apple Inc. Common Stock,Individual equity,Mega-cap 7,1,easy_to_borrow,2679,2016-01-04,2026-08-28,0.2892155193435378,8405431100.64,0.2773505422429434,-0.38507843852608525,0.2904988114030478,1.3487400615764358,1.5222676249677471,-0.19083294332637646,0.6170212765957447,18.06047032474804,98,0.2751617809047999,1.9185635462283397,2.875788023674789,-0.0956822194958542,0.4315042926465099,10.72340425531915,57,0.019249536390308464,0.19932912945881695,0.06070983462008041,-0.31707443301025695,0.19074281448301605,7.525195968645017,42,0.015337030498247861,-0.5698234846519039,-1.3535203987070417,-0.09515072383052225,True,False
ABBV,ABBVIE INC.,Individual equity,,1,easy_to_borrow,2679,2016-01-04,2026-08-28,0.2613319122253416,636551025.66,0.1989244250668376,-0.45093485077226747,0.15509706208425178,0.9485673035494474,0.47452629299000537,-0.3268460870881995,0.5442329227323628,15.802911534154534,84,0.15818276840399692,1.257822567869803,0.8291471791411857,-0.1907776717854115,0.3762597984322508,10.159014557670773,54,0.0027859138439210174,0.08167352396033448,0.010137414353315263,-0.27481503140985186,0.1858902575587906,6.7726763717805145,36,-0.0030857063197451406,-0.30925526432035555,-0.35462088615118037,-0.13606841530278801,False,False
ABNB,"Airbnb, Inc. Class A Common Stock",Individual equity,,1,easy_to_borrow,1435,2020-12-10,2026-08-28,0.4609127140177901,640254245.98,0.04842555665348236,-0.6195812580704668,0.11556060105015087,0.5015409419743038,0.30146124440486377,-0.3833348504823143,0.5456445993031359,18.08780487804878,51,0.1740887275169909,0.8406528360926374,0.9468574382364494,-0.183859491922286,0.30313588850174217,8.956097560975609,25,-0.0359434709695603,-0.03806925950114069,-0.09056449897077545,-0.39688256853448733,0.26480836236933797,10.185365853658537,29,-0.058528126466840025,-0.33911189411833365,-0.6453961938315856,-0.1994753585600283,True,True
ABT,Abbott Laboratories,Individual equity,,1,easy_to_borrow,2679,2016-01-04,2026-08-28,0.2404695364127309,484361628.65999997,0.11633145889943308,-0.39636256534864844,0.10087536746165005,0.6787649667422249,0.3548525272283872,-0.28427405674562234,0.576334453154162,17.02575587905935,92,0.10797265398395584,0.9616935338088416,0.5602460011567876,-0.19272364954147914,0.3725270623366928,9.876819708846584,53,-0.008833983267644507,-0.017841520523176353,-0.025214096036321774,-0.35035891252729623,0.21537887271369915,7.901455767077267,43,-0.00709728652230579,-0.28292856706661673,-0.20539347392840035,-0.0915504072041432,False,False
ACGL,Arch Capital Group Ltd. Common Stock,Individual equity,,1,easy_to_borrow,2679,2016-01-04,2026-08-28,0.270671856940495,70172248.3,0.152693762546938,-0.5383104125736737,0.1149824331432392,0.6702977984019117,0.30358342515362224,-0.3787506945909668,0.5531914893617021,17.11982082866741,95,0.1275946615099146,1.0479390787800353,0.5984556275857807,-0.21320655304828862,0.375886524822695,9.970884658454647,56,-0.014448751414665395,-0.026346378332214173,-0.031307150258506736,-0.46151602095241484,0.1963419186263531,7.901455767077267,43,-0.012612228366675415,-0.3776412803781236,-0.2948722024321585,-0.16554414154267816,False,False
ACHR,Archer Aviation Inc.,Individual equity,,1,easy_to_borrow,1429,2020-12-18,2026-08-28,0.8239149124138587,24105710.16,-0.09249666980332283,-0.9049008168028008,0.6085782992444855,1.1513617588726766,1.3785278343951572,-0.44146972158273845,0.5255423372988104,15.871238628411476,47,0.32278384526790327,0.9378123961872391,1.1932494637399416,-0.2705082676142323,0.16375087473757874,8.81735479356193,27,0.26805665343191354,0.7893754317991051,0.6716968024329275,-0.3990738864037996,0.37928621413575925,6.701189643107067,21,0.2857944539765822,0.21354936268543745,0.18527837065521569,-0.17096145396850615,True,True
ACN,Accenture PLC,Individual equity,,1,easy_to_borrow,2679,2016-01-04,2026-08-28,0.27846883421231333,513917656.56,0.07752377380555209,-0.6804839503614091,0.20528822626656562,1.0585101282137273,0.9245510829615792,-0.22204097756175212,0.5882792086599478,17.590145576707727,94,0.17617031319048793,1.3426116018928507,1.181810979561594,-0.1490680965376039,0.4176931690929451,10.06494960806271,53,0.036971798436831405,0.3172889767361285,0.17039828628562065,-0.21697283020123503,0.17431877566256065,7.713325867861142,42,0.029117913076077695,-0.2841014736791234,-0.2572598966000149,-0.07297288102414823,True,True
ACWI,iShares MSCI ACWI ETF,Broad index ETF,,1,easy_to_borrow,2679,2016-01-04,2026-08-28,0.17041230268161484,224070565.81999996,0.1275473069823838,-0.33515507583003135,0.10280128162994329,0.8626042456977326,0.7510750441656175,-0.13687218398282297,0.606942889137738,18.530795072788354,102,0.1177687086891046,1.5056595656498375,1.7573663453066042,-0.0670143189003416,0.5020530048525569,11.193729003359461,60,-0.011239477438670264,-0.06932072831778312,-0.05477262871660596,-0.20520244695253564,0.11459499813363196,7.901455767077267,46,-0.01496742705916132,-0.6430553199521049,-1.0062913011409866,-0.06985786508248137,False,False
ADBE,Adobe Inc. Common Stock,Individual equity,,1,easy_to_borrow,2679,2016-01-04,2026-08-28,0.3453451733752173,1064382060.46,0.11462460324584556,-0.7190319159754207,0.1549200468536025,0.7552677807193199,0.5575724942747032,-0.2778473623508353,0.5927584919746174,17.966405375139978,96,0.16762995976798822,1.1097648092231447,0.6853701432028937,-0.2445831080189962,0.3814856289660321,10.06494960806271,53,0.0053217197104376,0.11576257889946562,0.015305054648190732,-0.3477099450322251,0.22545726017170586,8.277715565509519,45,-0.012709912914385724,-0.3544970285038248,-0.12779764892819045,-0.033264254331839105,True,True
ADI,"Analog Devices, Inc. Common Stock",Individual equity,,1,easy_to_borrow,2679,2016-01-04,2026-08-28,0.3263001666367894,429443630.0,0.21811912589168192,-0.3361518395250519,0.07435171910747207,0.41990111088737814,0.20356118932214673,-0.3652548865285239,0.5322881672265771,18.248600223964164,98,0.17011472853051224,1.0352341061558896,0.8726036458635317,-0.1949507423409469,0.3561030235162374,10.159014557670773,55,-0.06224942764353203,-0.2809499365984683,-0.11544037552019674,-0.5392344520972322,0.19148936170212766,8.089585666293393,43,-0.09576300942304017,-0.6153329952685115,-0.6690424565413849,-0.170304144187577,False,False
ADM,Archer Daniels Midland Company,Individual equity,,1,easy_to_borrow,2679,2016-01-04,2026-08-28,0.2721229027880657,147012570.57,0.11326723558356555,-0.5413213627992631,0.0806163169220262,0.5443876915362547,0.3376287094786509,-0.23877210278269823,0.46995147443075774,17.684210526315788,97,0.10825155803400421,0.9878437518543397,0.5954823984655454,-0.1817880063507329,0.2810750279955207,10.72340425531915,59,-0.020408240890236296,-0.09343400466129284,-0.07418837221415851,-0.27508678625976746,0.2045539380365808,7.148936170212766,39,-0.027635241111978015,-0.44345606031808504,-0.2578536889868945,-0.056984096431965336,False,False
ADP,"Automatic Data Processing, Inc. Common Stock",Individual equity,,1,easy_to_borrow,2679,2016-01-04,2026-08-28,0.24378628514445738,321425677.2,0.1498714890149202,-0.40778785675906337,0.17621580130674763,1.0617000720160743,1.3193140452684773,-0.1335662285554522,0.5703620754012692,15.332586786114222,83,0.17811878324060348,1.5908991094486684,2.0941175859482994,-0.0850567248161207,0.38633818589025753,8.371780515117582,45,0.0026527426963260936,0.08469675767601723,0.010405359763864717,-0.25494002672915006,0.19858156028368795,7.901455767077267,43,-0.0019029819338558518,-0.5291990374325941,-0.7748035406798222,-0.048509503739331494,True,True
ADSK,"Autodesk, Inc. Common Stock",Individual equity,,1,easy_to_borrow,2679,2016-01-04,2026-08-28,0.3665880189683472,310170654.71999997,0.1476135922767956,-0.5199403979314574,0.06921508924007225,0.39601219298700807,0.13276751355177524,-0.5213254913678902,0.52668906308324,18.154535274356103,96,0.163273503360295,0.9674755774146185,0.6945711301916176,-0.23507096143666562,0.36058230683090703,9.688689809630459,51,-0.06292043902315325,-0.2708889889498762,-0.103029005090023,-0.6107060722189412,0.20119447555057857,8.653975363941768,46,-0.09405841412022276,-0.5714633844276105,-0.5618036166398424,-0.2862545299312246,False,True
AEE,Ameren Corporation,Individual equity,,1,easy_to_borrow,2679,2016-01-04,2026-08-28,0.21620101645790338,98913685.75,0.12150180605936489,-0.2908713692946059,0.05436225177381315,0.4550632987204827,0.2637189260641298,-0.20613708915451,0.5464725643896976,17.02575587905935,93,0.08148287433264656,0.8690333465541549,0.6537971743748543,-0.12463020264741675,0.3609555804404629,9.40649496080627,52,-0.02278600683279841,-0.17915089395464898,-0.07476734131235266,-0.3047588216037559,0.1959686450167973,8.183650615901456,44,-0.027120622558833407,-0.4139700478336722,-0.3900782483107245,-0.08150688650709326,False,False
AEP,"American Electric Power Company, Inc. Common Stock",Individual equity,,1,easy_to_borrow,2679,2016-01-04,2026-08-28,0.20897950408473823,206771930.28,0.1107294305135591,-0.3289855072463769,0.07345285253081624,0.5933895116690223,0.40050714241878793,-0.18339960702626046,0.6095558044046286,17.213885778275476,93,0.10730300771300572,1.0948664822922962,0.9208523519722353,-0.11652574648171288,0.39492347891004104,9.03023516237402,49,-0.022941500450542884,-0.1985556789599836,-0.0680728686699209,-0.3370138632144932,0.22209779768570362,8.371780515117582,45,-0.03385015518218948,-0.5014769706232739,-0.5203452095534473,-0.06687386054454758,False,False
AES,AES Corporation,Individual equity,,1,easy_to_borrow,2679,2016-01-04,2026-08-28,0.35555702248822996,87289466.32000001,0.08382011755925944,-0.6344242424242429,0.22906763618559745,0.9917328912984666,0.6833505924287425,-0.335212464470767,0.5516983949234789,16.461366181410973,89,0.13367271800434866,0.8931712503339791,0.5651967062331206,-0.23650654105053137,0.3333333333333333,10.06494960806271,55,0.09053226476836662,0.5620440102495191,0.4000445155087535,-0.22630547666234824,0.23665546845837998,7.148936170212766,38,0.09539491818124879,0.0985616409644875,0.11815388619562195,-0.09870592342023565,True,True
AFL,Aflac Inc.,Individual equity,,1,easy_to_borrow,2679,2016-01-04,2026-08-28,0.2531337096559831,145252484.4,0.1646998279350873,-0.548823651884239,0.09385039450961274,0.6002397332126473,0.3101227008378267,-0.3026234269728296,0.545726017170586,17.213885778275476,92,0.09036386544575303,0.8817258369861389,0.6288060472838223,-0.14370705535687345,0.40388204553938034,11.099664053751399,60,0.001006920430986158,0.07625707039251318,0.002599031406570948,-0.3874214172404504,0.16386711459499814,6.866741321388577,36,0.0034865290638597113,-0.2814861037734916,-0.31868334644599555,-0.15891637161595618,False,False
AGG,iShares Core U.S. Aggregate Bond ETF,Bond ETF,,1,easy_to_borrow,2679,2016-01-04,2026-08-28,0.050810194667686735,548712642.75,0.018187850272601613,-0.18435530659197796,0.019691926043685415,0.7840768615582352,0.5685722954904435,-0.034633987972803704,0.25867861142217247,7.148936170212766,39,0.012316025657722829,0.8680752221795132,0.5762333770274436,-0.021373329190433665,0.1605076521089959,4.1388577827547595,23,0.007286163805586332,0.35750522966491605,0.18389845514788666,-0.039620581911506414,0.09817095931317656,3.0100783874580066,16,0.007375900385962586,-0.08399836062127797,-0.0076610815370000696,-0.013260658782370038,True,False
AIG,"American International Group, Inc.",Individual equity,,1,easy_to_borrow,2679,2016-01-04,2026-08-28,0.3197337810037741,245407286.79,0.048601736160298614,-0.6957591821279819,0.14517296431176763,0.7226918348236103,0.5783221910380067,-0.2510243711229594,0.5752146323254946,16.837625979843224,89,0.14373062883298138,1.0746494505039013,1.119793815241082,-0.1283545478432897,0.3557297499066816,8.653975363941768,46,0.006771393902991862,0.1268438367292346,0.016328870024768433,-0.4146884562569657,0.22993654348637552,8.748040313549831,46,0.0014423354787862497,-0.35195761568029094,-0.5414716242030753,-0.12266982327966969,True,True
AIR,AAR Corp.,Individual equity,,1,easy_to_borrow,2679,2016-01-04,2026-08-28,0.4504058408800472,10675992.84,0.17148095351286474,-0.8177325581395349,0.15590988125237182,0.6168424451026514,0.26242998172972365,-0.5941008730204586,0.5158641284061217,17.872340425531913,97,0.19976228341252522,1.0168967945113687,0.8979742387118154,-0.22245881318276262,0.341545352743561,9.782754759238522,54,-0.03412325414602657,-0.007275592744002098,-0.04688726987874207,-0.7277722553323052,0.18887644643523702,8.842105263157894,47,-0.0438524021601534,-0.4000543494087173,-0.6355442569820917,-0.37164205983769594,False,True
AIZ,"Assurant, Inc.",Individual equity,,1,easy_to_borrow,2679,2016-01-04,2026-08-28,0.26983216941134325,53422160.61,0.15134519730141416,-0.44636793765655436,0.08320508587282549,0.5203515185171056,0.24175708540217156,-0.34416813775865496,0.557297499066816,16.931690929451285,92,0.09716573647139093,0.8233770240459096,0.5899457879159975,-0.16470282263499503,0.3788727136991415,9.970884658454647,55,-0.02652052300285257,-0.11777126930832701,-0.06214952413195214,-0.4267212560879112,0.1948488241881299,8.653975363941768,46,-0.013960650598565438,-0.30302550552880403,-0.34818870251382594,-0.17946531512365993,False,False
AJG,Arthur J. Gallagher & Co.,Individual equity,,1,easy_to_borrow,2679,2016-01-04,2026-08-28,0.23177626463492032,123299783.4,0.21537869798118692,-0.44404416037187755,0.11569168541067243,0.7711304020844271,0.6642748215327714,-0.17416238228587577,0.5774542739828294,15.896976483762597,85,0.1608093274550202,1.4468041100824498,1.2865724535988845,-0.12499049470956247,0.4154535274356103,9.312430011198208,50,-0.03280824031006324,-0.22356971231006392,-0.08695554981929154,-0.37729898066591905,0.1709593131765584,6.7726763717805145,36,-0.04511764204434776,-0.6756737079980227,-0.6222976320661131,-0.0491718875763133,False,False
AKAM,"Akamai Technologies, Inc. Common Stock",Individual equity,,1,easy_to_borrow,2679,2016-01-04,2026-08-28,0.3558239876715307,140360245.28,0.07007531981473925,-0.4684382793017451,0.05313356327302321,0.34403882936104346,0.15890856820159804,-0.3343656284512976,0.5154908547965659,18.34266517357223,98,0.10571594612347646,0.6809826091607672,0.46326822156184866,-0.2281959806504078,0.3120567375886525,9.782754759238522,52,-0.05454454697510003,-0.3211950927534042,-0.11100803164326442,-0.49135676191777244,0.2198581560283688,9.688689809630459,52,-0.052582382850453246,-0.3369437797997238,-0.3043596533602506,-0.10616964780088978,False,True
ALAB,"Astera Labs, Inc. Common Stock",Individual equity,,1,easy_to_borrow,613,2024-03-20,2026-08-28,0.9414610859173566,511973087.12,0.8837442466818863,-0.6369247651052743,1.1130678295555132,1.412383741304951,2.782849565563541,-0.399974128436264,0.5889070146818923,13.154975530179447,17,1.4195375506416985,1.9275503566077477,8.185818752177775,-0.1734142415826201,0.29526916802610115,7.399673735725939,10,-0.16674165889181924,-0.15159647457359432,-0.27376962026571083,-0.6090582977394857,0.30505709624796085,7.399673735725939,9,-0.3064697210861853,-0.5151666153027967,-5.402969186614234,-0.22655988685364392,True,True
ALB,Albemarle Corporation,Individual equity,,1,easy_to_borrow,2679,2016-01-04,2026-08-28,0.4771620081067087,187727664.6,0.10356759486024747,-0.8390321224080477,0.30331992835909527,0.962021893219043,0.8575247093173156,-0.3537156714709381,0.5714818962299365,18.907054871220605,102,0.23118596661545876,1.0359679151810526,0.9918108716217029,-0.23309480993835874,0.3210153042179918,10.441209406494961,57,0.05611852567286313,0.3447638911491273,0.115410525578007,-0.48625136565149873,0.2553191489361702,8.842105263157894,47,0.07213396174363651,-0.07394602196200961,-0.13428616230438728,-0.12062086153257934,True,True
ALGN,"Align Technology, Inc. Common Stock",Individual equity,,1,easy_to_borrow,2679,2016-01-04,2026-08-28,0.484360975827371,219292870.32000002,0.08802185791921335,-0.8289127575624726,0.33630975454707945,1.0366510597385044,0.898283794596447,-0.3743914301584014,0.5666293393057111,16.461366181410973,88,0.20091453286911687,0.9550243558174901,0.6276150847680189,-0.32012381114673105,0.3486375513251213,10.159014557670773,54,0.10676447616793783,0.5216615726814169,0.3869190235067194,-0.2759349364637371,0.23366927958193356,6.866741321388577,37,0.13539522167796259,0.08162670392101423,0.27066870982842817,-0.05426761901167032,True,True
ALK,"Alaska Air Group, Inc.",Individual equity,,1,easy_to_borrow,2679,2016-01-04,2026-08-28,0.43274265429266545,99702342.79,-0.049364628205382455,-0.7506086588334924,0.2534989287832887,0.9104270699677607,0.431670733258415,-0.5872506733773271,0.5647629712579321,18.530795072788354,99,0.049404583021344095,0.3522455338427558,0.09259959652158802,-0.5335291391882713,0.3284807764091079,10.535274356103024,57,0.17763755506591128,0.8065616404218408,0.4153445755633417,-0.4276871915926126,0.2541993281075028,8.559910414333705,45,0.20409434576194463,0.5581815361250049,0.339071136736827,-0.053721534189055786,True,True
ALL,The Allstate Corporation,Individual equity,,1,easy_to_borrow,2679,2016-01-04,2026-08-28,0.24772755750964434,193197952.88000003,0.1721468925802816,-0.41393747673985837,0.07961172707620112,0.5736862985223778,0.3396005704189099,-0.2344275422682509,0.5311683463979097,16.367301231802912,90,0.11807379868772538,1.058551489096556,0.7327063744148005,-0.16114749756616875,0.38671145949981334,9.03023516237402,51,-0.02747949498338853,-0.19654024853094915,-0.09457032533824875,-0.29057206777181843,0.17357222844344905,7.901455767077267,42,-0.03846207161152426,-0.4848651905741781,-0.39310580399589057,-0.07328004470208216,False,False
ALLE,Allegion Public Limited Company,Individual equity,,1,easy_to_borrow,2679,2016-01-04,2026-08-28,0.26878911283487006,73194854.04,0.09935390017224854,-0.43251246882793004,0.14283462035310635,0.7934249609840076,0.3384551490335299,-0.4220193451362032,0.5666293393057111,16.367301231802912,87,0.17652280967113976,1.2796114915122954,1.342492477565924,-0.1314888631563833,0.3628219484882419,8.277715565509519,44,-0.013776229458240752,-0.02989996904058373,-0.032097979114393306,-0.42919304698728666,0.21425905188503172,8.277715565509519,44,-0.03368818931803341,-0.48618653052828775,-1.004037328532394,-0.2905304819798199,True,True
ALNY,"Alnylam Pharmaceuticals, Inc. Common Stock",Individual equity,,1,easy_to_borrow,2679,2016-01-04,2026-08-28,0.5473147177273698,105207118.92999999,0.09199183649195186,-0.6685660018993348,0.035243400412169335,0.26312210527650476,0.07061702845363452,-0.49907793040752657,0.5423665546845838,17.684210526315788,98,0.09438130862587069,0.5082573250318515,0.3437023521554472,-0.274601870001706,0.3139231056364315,9.970884658454647,56,-0.031451111548485455,0.005845207623998858,-0.04848972334295552,-0.6486139614788008,0.253826054497947,8.089585666293393,44,-0.05913790821370135,-0.24513521975534674,-0.2730853237018127,-0.22447606040582058,False,True
AMAT,"Applied Materials, Inc. Common Stock",Individual equity,,1,easy_to_borrow,2679,2016-01-04,2026-08-28,0.43834166595216095,709147704.09,0.36897604036850096,-0.5513739173780289,0.2511488079200155,0.871066888131117,0.6983599351731152,-0.35962659836400646,0.5640164240388205,19.001119820828666,103,0.28579279985835226,1.1949835273865386,1.0115977490202264,-0.2825162473277093,0.38633818589025753,11.47592385218365,63,-0.027730347387434073,-0.027695757557044932,-0.0659202512502991,-0.42066507425983535,0.1858902575587906,7.713325867861142,41,-0.03464399193833678,-0.3239166392554216,-0.31323781384711114,-0.07711035103629715,False,False
AMCR,Amcor plc Ordinary Shares,Individual equity,,1,easy_to_borrow,1815,2019-06-11,2026-08-28,0.2910728966821392,334079366.64,0.021324802206442506,-0.4589302769818532,0.0768666792465924,0.49305861905153514,0.23775993693704994,-0.3232953383014392,0.5212121212121212,16.522314049586775,62,0.02884800167840318,0.2991146499411188,0.11129274281524966,-0.2592082911128536,0.28484848484848485,9.024793388429751,35,0.04445598414527385,0.37118169630361914,0.27125170392709846,-0.1638919995769753,0.26005509641873276,8.330578512396695,30,0.04801867756818923,0.19394396911041634,0.1264671941218003,-0.0640870471885856,True,True
AMD,"Advanced Micro Devices, Inc. Common Stock",Individual equity,,1,easy_to_borrow,2679,2016-01-04,2026-08-28,0.6015565728054086,3935450265.18,0.619358158737932,-0.654499413254277,0.29586041753919434,0.8544802022240932,0.5607409890573968,-0.5276240248399434,0.5005599104143337,19.189249720044792,104,0.3929047700660935,1.2283876906896996,1.5975417458892205,-0.245943350824548,0.3042179917879806,11.47592385218365,63,-0.06292528547739618,-0.13294518497062083,-0.08983321172214531,-0.7004679480015084,0.21351250466592012,8.089585666293393,43,-0.09704435252689914,-0.3739074884656064,-1.0368007568318238,-0.2816806740153954,False,False
AME,"Ametek, Inc.",Individual equity,,1,easy_to_borrow,2679,2016-01-04,2026-08-28,0.24321636017897022,125581622.3,0.15932332327985677,-0.4272093500102522,0.1306226486587354,0.820505107810621,0.7965015294919656,-0.16399547750027643,0.5968645016797313,16.179171332586787,87,0.12239647092341865,1.0723179029012035,0.9470478867193546,-0.1292400021580844,0.43635684957073534,9.218365061590145,50,0.012896534528318515,0.16470545817136334,0.04819284808593072,-0.26760266389160536,0.16722657708100036,7.337066069428891,39,0.008226177735316753,-0.2518127950905825,-0.15054635722738896,-0.03475547534219203,False,False
AMGN,Amgen Inc. Common Stock,Individual equity,,1,easy_to_borrow,2679,2016-01-04,2026-08-28,0.24881157242146038,548276950.4399999,0.1324293178427811,-0.24857861148714044,0.10970563267158773,0.7136137305320663,0.35588700502282805,-0.30825973166553455,0.5942515864128406,18.154535274356103,97,0.16732032935499497,1.2689551330614428,1.2811013664093522,-0.13060662781428245,0.3714072415080254,9.124300111982082,48,-0.022335638598832253,-0.14794885628140328,-0.08404631647573553,-0.26575392635179473,0.24598730869727511,9.40649496080627,51,-0.05761469668340724,-0.5553414025293765,-0.9252143613865242,-0.1776531038512521,False,True
AMP,"Ameriprise Financial, Inc.",Individual equity,,1,easy_to_borrow,2679,2016-01-04,2026-08-28,0.337172736548551,146954836.0,0.19591436769023196,-0.5388523980666751,0.1844163329246702,0.8007798388325412,0.5221940464105689,-0.35315671289686634,0.6013437849944009,17.590145576707727,93,0.21102019684914186,1.299521648998327,1.1870602957856544,-0.17776704148754163,0.4251586412840612,9.500559910414333,50,-0.016325744670920406,0.01700675783369643,-0.03543649596282125,-0.4607042606032158,0.18178424785367675,8.465845464725643,45,-0.02660386392447167,-0.4987418101657858,-0.6648662493750855,-0.1753896714093247,False,True
AMT,American Tower Corporation,Individual equity,,1,easy_to_borrow,2679,2016-01-04,2026-08-28,0.2610005058291815,354301820.08000004,0.08475692849298788,-0.4534529907945938,0.11699306397831388,0.6993270819916066,0.438700583198942,-0.2666808945755603,0.5964912280701754,16.555431131019038,89,0.0934111602324399,0.7931337505648496,0.4952913004937041,-0.188598427106085,0.3646883165360209,9.03023516237402,48,0.04059104808740077,0.35402923286826105,0.14180988037833292,-0.2862356838543858,0.253826054497947,7.713325867861142,42,0.02358190374587399,-0.09380666857324294,-0.056590717294762116,-0.07808246746947534,True,True
AMZN,"Amazon.com, Inc. Common Stock",Individual equity,Mega-cap 7,1,easy_to_borrow,2679,2016-01-04,2026-08-28,0.3301950706244529,652155637.47,0.22115963661250215,-0.5614514659377179,0.2520902450069664,1.104952632473783,1.1650874081740656,-0.21637024247137326,0.5513251213139231,18.06047032474804,96,0.22833273925262665,1.347792065827155,1.8929053295843639,-0.12062554618236665,0.406494960806271,11.099664053751399,59,0.021565214040095038,0.21300761470836974,0.07615559384664398,-0.2831730796232951,0.15714818962299365,7.337066069428891,39,0.02375750575433977,-0.24283943335337188,-0.7278179214102982,-0.09574469628900661,True,True
ANET,Arista Networks,Individual equity,,1,easy_to_borrow,2679,2016-01-04,2026-08-28,0.4528981501702471,20228695.89,0.41608219307888406,-0.5219191427179737,0.3440680251161641,1.2160750627270387,1.3315227310365367,-0.25840191616430086,0.5225830533781262,16.931690929451285,91,0.3747239788611558,1.6362645054875296,2.1944591525891664,-0.17075914966064965,0.387458006718925,10.535274356103024,57,-0.030634328437255776,-0.07040818785089309,-0.0771797019165484,-0.39692208801712603,0.167973124300112,6.96080627099664,37,-0.03065595374499175,-0.42018944276049086,-0.8629364215526296,-0.08764276650365121,False,False
AON,Aon plc Class A,Individual equity,,1,easy_to_borrow,2679,2016-01-04,2026-08-28,0.23292716943494712,242792785.51,0.14729954074556462,-0.3872590108968986,0.08550675022695753,0.6080655218963112,0.2521871610790569,-0.33906067962021447,0.5263157894736842,16.743561030235163,91,0.09377332489102441,0.9006879036788282,0.4351947038127113,-0.215474416553057,0.3840985442329227,9.782754759238522,54,-0.020106874015582532,-0.11446387410834638,-0.06667691192341502,-0.30155676733615455,0.15528182157521464,7.525195968645017,40,-0.008266574664066884,-0.292622381782517,-0.18300754273365438,-0.12358626306715748,False,False
AOS,A.O. Smith Corporation,Individual equity,,1,easy_to_borrow,2679,2016-01-04,2026-08-28,0.27226166193675466,62232083.28,0.06362648796233827,-0.468096143869964,0.13238922046635104,0.772458599685748,0.5819193634916173,-0.22750440829463503,0.5393803658081374,17.11982082866741,92,0.0922272077273607,0.7532448905047378,0.5993327860539321,-0.15388313450127433,0.3094438223217619,9.970884658454647,53,0.04140290393341339,0.37294695184492216,0.1506459854656956,-0.27483576017922806,0.24076147816349383,7.713325867861142,42,0.04016201273899034,0.019213709181010286,-0.017413422562314818,-0.0736212737933607,True,True
APA,APA Corporation Common Stock,Individual equity,,1,easy_to_borrow,2679,2016-01-04,2026-08-28,0.5853829229903947,149188247.84,0.021897576469048774,-0.9348699311400155,0.3123349174995689,0.8236585003291834,0.4602526586209085,-0.6786162157877431,0.5460992907801419,16.179171332586787,87,0.19801583352446106,0.8004727198866011,0.8447514524933768,-0.23440721284348853,0.2874206793579694,9.40649496080627,50,0.09651412226205935,0.42690690865198616,0.1440306649464836,-0.6700942628982542,0.2807017543859649,7.525195968645017,41,0.11431908397510782,0.02318578044258235,-0.3844987938724683,-0.4442090029442546,True,True
APD,"Air Products & Chemicals, Inc.",Individual equity,,1,easy_to_borrow,2679,2016-01-04,2026-08-28,0.257173065719378,235489704.4,0.1199216925415183,-0.31764546776211255,0.12671511401097346,0.8366271518954609,0.6344600072434323,-0.19972120001939675,0.5520716685330347,17.11982082866741,93,0.12966567941408313,1.1106781810241886,1.2458389917771235,-0.10407900239911572,0.3609555804404629,9.970884658454647,54,0.006977749606692507,0.11706147196360413,0.022624846631064777,-0.30841091303186075,0.2123926838372527,7.901455767077267,43,-0.002950565403109673,-0.2740510291287277,-0.6113789845336912,-0.09564219762028103,True,True
APH,Amphenol Corporation,Individual equity,,1,easy_to_borrow,2679,2016-01-04,2026-08-28,0.2796000434111505,64201657.589999996,0.27899358970674526,-0.37562862669245656,0.1607570789599415,0.8891253412343844,0.7351355864474417,-0.2186767746298387,0.5546845837999254,18.06047032474804,98,0.20171359735541672,1.4020800620600387,1.6600651759143086,-0.12150944449775569,0.4244120940649496,10.72340425531915,58,-0.028462021362262613,-0.16335246551313118,-0.06189324058420547,-0.45985669991766165,0.1366181410974244,7.713325867861142,42,-0.040956518395475205,-0.5129547208256543,-0.9249295894668669,-0.09716733013208301,False,False
APO,"Apollo Global Management, Inc.",Individual equity,,1,easy_to_borrow,2679,2016-01-04,2026-08-28,0.37758463680550236,104039936.22,0.2780197277751568,-0.5347826086956522,0.2665196368666525,1.0858531618514127,1.2487264258945783,-0.2134331678579796,0.5677491601343785,17.02575587905935,91,0.262403586190046,1.3777590615655142,1.6140442388106746,-0.1625752131697461,0.4050018663680478,9.876819708846584,52,-0.014117448305332125,0.0023332152692771193,-0.04047441120945519,-0.34879934960077097,0.17207913400522584,7.901455767077267,43,0.004116050676606475,-0.2919058997141015,-0.36531781291609633,-0.05085795468823351,False,False
APP,Applovin Corporation Class A Common Stock,Individual equity,,1,easy_to_borrow,1350,2021-04-15,2026-08-28,0.773282891845922,184158798.17000002,0.343999079080171,-0.9190248149760557,0.693949812253942,1.2652617381706592,1.3993414821137626,-0.4959116992699326,0.577037037037037,16.986666666666668,46,0.6390488133787404,1.5030758651482874,1.829780816848602,-0.34924883215212765,0.33037037037037037,8.96,25,0.07080594417224595,0.36814779985846074,0.12372587763262971,-0.5722807995145923,0.2577777777777778,8.026666666666667,21,0.05490099887520161,-0.23781412697762816,-0.4304393347348394,-0.14666286711780496,True,True
APTV,Aptiv PLC,Individual equity,,1,easy_to_borrow,2205,2017-11-17,2026-08-28,0.49138970014372657,151271667.12,-0.1745684749494355,-0.8906796938108243,0.2520483379435394,0.921909464340623,0.7471190602323617,-0.3373603370059248,0.5537414965986395,17.714285714285715,77,0.1426018593534013,0.8756152495561568,0.6635286965363785,-0.2149143813941784,0.2897959183673469,8.685714285714285,38,0.10686291982469531,0.5433579867128662,0.32746039028514784,-0.3263384610628498,0.28208616780045354,9.257142857142858,40,0.10944647859013812,0.04629421478446627,0.08359036369598327,-0.12244595561174643,True,True
ARE,"Alexandria Real Estate Equities, Inc.",Individual equity,,1,easy_to_borrow,2679,2016-01-04,2026-08-28,0.2920253075334482,91401315.42,-0.015581445269797878,-0.7791862717962915,0.1573572077267793,0.7743247252808777,0.5365016672456826,-0.2933023648083465,0.5505785740948115,16.555431131019038,88,0.09831699578418718,0.8041667193146043,0.602467896073653,-0.1631904312660134,0.337812616648003,8.465845464725643,45,0.06015455478980325,0.41107867153621974,0.19426149457785924,-0.3096576340078221,0.22321761851437102,8.277715565509519,44,0.059040211942592125,-0.02984199403372656,-0.06596622882797043,-0.13011193354233308,True,True
ARES,Ares Management Corporation Class A Common Stock,Individual equity,,1,easy_to_borrow,2679,2016-01-04,2026-08-28,0.36667893909587534,36964773.2,0.30684179864845884,-0.49973460721868435,0.23097439354378535,0.9779487209270479,0.704245419574616,-0.3279742929436451,0.5397536394176932,15.896976483762597,85,0.2348629434831142,1.2538383519821936,1.262750858810037,-0.1859930974067514,0.40985442329227323,10.253079507278835,54,-0.004695405077786985,0.05549467568193755,-0.013733110037533322,-0.3419039871488827,0.15565509518477044,6.58454647256439,35,-0.003888549939328856,-0.27588963105514575,-0.558505439235421,-0.1419811955368937,False,False
ARKK,ARK Innovation ETF,Factor/style ETF,,0,hard_to_borrow,2679,2016-01-04,2026-08-28,0.39714007046528604,338261233.65,0.15190814499065297,-0.809143593045718,0.3398292511008878,1.164580442417909,0.8436224952113976,-0.40282146698296883,0.524822695035461,17.966405375139978,95,0.2594049121175681,1.38409757195786,0.9855332846564288,-0.26321273584179394,0.3449048152295633,10.629339305711087,56,0.05211551176251161,0.33765498888960704,0.1396598108971647,-0.37316040618790236,0.185143710339679,7.713325867861142,41,0.08042433898331969,-0.21951712953995117,-0.1419107894450311,-0.1396087311411749,True,True
ARKX,ARK Space & Defense Innovation ETF,Individual equity,,1,easy_to_borrow,1361,2021-03-30,2026-08-28,0.27808976185139006,2127190.32,0.09031304846133215,-0.43610261237938397,0.19681323802944073,1.0351368331144821,1.2647447704673713,-0.15561498463971568,0.5180014695077149,19.99706098457017,54,0.15009492702652394,1.1737161845654118,1.0569308158202726,-0.14201017207548905,0.2828802351212344,11.109478324761204,30,0.03674367258153244,0.3216477249744672,0.21102224001220057,-0.17412227535546987,0.23806024981631155,9.25789860396767,25,0.04671831100291679,-0.1385793514509297,0.20781395464709873,-0.013604812564226632,True,True
ARM,Arm Holdings plc American Depositary Shares,Individual equity,,1,easy_to_borrow,742,2023-09-14,2026-08-28,0.7683087549006082,764525508.9,0.5678949272276264,-0.5397404269012123,1.0922642280250594,1.8426897191868319,3.483495658410998,-0.3135540661254326,0.49326145552560646,15.962264150943396,23,0.674145230196098,1.7516268151429717,5.613188580045503,-0.12010022834305578,0.24797843665768193,10.188679245283017,15,0.26089912492688017,0.8754196720451074,0.7766300707674668,-0.3359374491758468,0.24663072776280323,5.773584905660377,8,0.41811899782896145,0.0910629040438602,-2.129692921634505,-0.1934538377823768,True,True
ASML,ASML Holding N.V. New York Registry Shares,Individual equity,,1,easy_to_borrow,2679,2016-01-04,2026-08-28,0.3865247658619861,419063847.39000005,0.33313136674217314,-0.5693871814092966,0.16483607011654056,0.683712505654071,0.5018461709577232,-0.3284593559854555,0.593505039193729,20.976483762597983,112,0.2374558343006523,1.1359211992312523,1.1354580489135326,-0.20912779166774398,0.4072415080253826,11.758118701007838,63,-0.04975469557273682,-0.17118093992799868,-0.08661948082383536,-0.5744053773991873,0.19746173945502052,9.594624860022396,51,-0.07261976418411176,-0.4522086935771813,-0.6336118779558094,-0.11933156431771152,False,False
ASTS,"AST SpaceMobile, Inc. Class A Common Stock",Individual equity,,1,easy_to_borrow,1714,2019-11-01,2026-08-28,1.0067720064286039,13527036.04,0.29952126321321204,-0.910666666666667,0.2376114827601603,0.6550352743360303,0.44192379810522403,-0.5376752367239204,0.5052508751458576,17.93698949824971,71,0.22555350800901408,0.7198452821937209,0.6135606525525231,-0.36761403631518863,0.2088681446907818,10.291715285880981,45,-0.006336449246899134,0.2231144295516146,-0.008165739444984393,-0.7759798472128748,0.3191365227537923,8.527421236872812,30,0.012057974751146228,-0.06481000785769064,-0.1716368544472991,-0.17006120040873174,False,False
ASX,"ASE Technology Holding Co., Ltd.",Individual equity,,1,easy_to_borrow,2679,2016-01-04,2026-08-28,0.3995152669866648,17400287.451,0.2344333475276006,-0.5556690500510718,0.23246210146710666,0.936965909297881,0.7700514411612055,-0.30187866555585363,0.5300485255692422,20.50615901455767,109,0.20502135191325332,1.0384235977316914,0.6867004172529069,-0.29856010971046987,0.3534901082493468,12.228443449048152,65,0.03420060446362916,0.28061919364212956,0.13924904408362898,-0.24560746315133952,0.18962299365434865,8.465845464725643,45,0.02744074955385334,-0.10145768843381031,0.08335102390829863,-0.003318555845383764,False,False
ATO,Atmos Energy Corporation,Individual equity,,1,easy_to_borrow,2679,2016-01-04,2026-08-28,0.21021648626578504,77411827.15,0.1234219034186288,-0.3291238374938815,0.01714476596249903,0.1923469505744313,0.05824531112117575,-0.29435444042577796,0.5651362448674878,17.02575587905935,91,0.034495235793180035,0.3867377807489637,0.16070392636153705,-0.2146508587200029,0.3725270623366928,10.535274356103024,56,-0.02776499321348147,-0.23897057280131104,-0.07892734564346543,-0.3517791329117147,0.20642030608435982,7.054871220604703,38,-0.017350469830681003,-0.1943908301745324,-0.10245861524036129,-0.07970358170577507,False,False
AVAV,"AeroVironment, Inc. Common Stock",Individual equity,,1,easy_to_borrow,2679,2016-01-04,2026-08-28,0.5214746100624356,18876945.23,0.1673671777914607,-0.6664958641387898,0.335314625556844,1.1334198084739986,0.8601074968624925,-0.389851997314298,0.5042926465098917,16.367301231802912,89,0.2845167794024286,1.3408989902225714,1.0172119593904907,-0.2797025504624522,0.2814483016050765,9.782754759238522,53,0.04751623137030214,0.3223165272243029,0.1434345574582554,-0.3312746398937444,0.23404255319148937,7.148936170212766,39,0.050797846154415405,-0.20747918174857283,-0.15710446252799815,-0.1101494468518458,True,True
AVGO,Broadcom Inc. Common Stock,Individual equity,,1,easy_to_borrow,2679,2016-01-04,2026-08-28,0.3941551122357962,101628721.66,0.3916260656293511,-0.4829320876751706,0.17540547752613533,0.7218453295429641,0.6335567162555822,-0.27685836646608175,0.5278088839119074,18.907054871220605,100,0.21182336887541786,1.050750686182615,1.2211356204290709,-0.17346424535629335,0.3882045539380366,11.287793952967524,60,-0.02768479447187322,-0.05594255682959104,-0.06547444676112855,-0.42283357617172523,0.1537887271369914,7.99552071668533,42,-0.03641789134928253,-0.3289053566396509,-0.5875789041734887,-0.1033941211097884,False,False
AVY,Avery Dennison Corp.,Individual equity,,1,easy_to_borrow,2679,2016-01-04,2026-08-28,0.2691875496209443,75956629.88,0.12589344653690215,-0.4352103663413853,0.12445112429516558,0.7538865071700678,0.5438912257278016,-0.2288162014907168,0.5890257558790594,17.213885778275476,92,0.10811930102273459,0.8929534597098641,0.5084358693273038,-0.21265081310212042,0.3811123553564763,9.594624860022396,52,0.0051193351875988835,0.10311917771642035,0.022038886381790947,-0.2322864730510431,0.21425905188503172,8.653975363941768,46,0.01633182327243099,-0.13906695253979628,0.035455356400497795,-0.01616538838859638,False,False
AWK,"American Water Works Company, Inc",Individual equity,,1,easy_to_borrow,2679,2016-01-04,2026-08-28,0.23608659152079287,112747843.0,0.10309736227804134,-0.37100376116596046,0.05834458028810019,0.4533345763659535,0.25751120311292486,-0.22657103684345214,0.5509518477043673,16.931690929451285,92,0.06785454689321724,0.6595745603137205,0.3975491128672567,-0.17068217409373054,0.3516237402015677,9.782754759238522,53,-0.0021402885461700993,0.035882506268274245,-0.005490123931548728,-0.38984339385692846,0.22657708100037327,7.713325867861142,42,-0.009509966605117048,-0.20623998394776705,-0.14003790975433184,-0.0558888627497216,False,False
AXON,"Axon Enterprise, Inc. Common Stock",Individual equity,,1,easy_to_borrow,2679,2016-01-04,2026-08-28,0.49483921534880654,64559171.74999999,0.3997316724085498,-0.6028106593797717,0.20900670648969744,0.7848859616868006,0.7057493952689476,-0.2961486157704024,0.5852930197835013,19.659574468085104,106,0.2948616088353515,1.3203199911007137,0.9949661949265152,-0.2963533940538844,0.3598357596117954,11.193729003359461,60,-0.03948508413516161,-0.082678075441864,-0.06931303085936405,-0.5696632169393477,0.23366927958193356,8.653975363941768,47,-0.08585490234565407,-0.5354340294139132,-0.2892167996575675,0.00020477828348197669,False,False
AXP,American Express Company,Individual equity,,1,easy_to_borrow,2679,2016-01-04,2026-08-28,0.31211134655630357,465861817.59000003,0.1786153105104158,-0.49634572608833794,0.12151009379200262,0.6846585634483485,0.31972342153690614,-0.3800475210977827,0.561030235162374,18.43673012318029,100,0.1438165495994328,1.1746277193414971,1.0123572265644696,-0.14206106878644797,0.38521836506159013,10.72340425531915,57,-0.022142453564751863,-0.06223361833432481,-0.05476173162983345,-0.40434173474326285,0.19260918253079506,8.653975363941768,48,-0.02230645580743018,-0.4899691558931486,-0.6926338050275634,-0.23798645231133475,False,False
AZO,"AutoZone, Inc.",Individual equity,,1,easy_to_borrow,2679,2016-01-04,2026-08-28,0.26376802646197917,319713434.68,0.14001371798247852,-0.42142400000000046,0.10797325010422743,0.648173056814463,0.6231801981556886,-0.17326168325594415,0.5640164240388205,17.872340425531913,96,0.13082289371069877,1.011336950749948,1.1470303009454368,-0.11405356388830212,0.3792459873086973,9.782754759238522,52,-0.018917543969340977,-0.07901999811472417,-0.04310015820739496,-0.4389205227115658,0.19932810750279956,8.465845464725643,46,-0.022849643606471348,-0.36316389393548487,-0.5238501027897482,-0.05920811936764203,False,False
BA,Boeing Company,Individual equity,,1,easy_to_borrow,2679,2016-01-04,2026-08-28,0.4121443812752713,1366755890.83,0.04913147971747511,-0.7792005577504063,0.17972832147226114,0.7214598393979076,0.39567962287742886,-0.4542268822570533,0.5054124673385592,17.872340425531913,95,0.17957926559526483,1.1027636843838666,0.7421802499091349,-0.24196179515319993,0.2877939529675252,9.03023516237402,48,0.0031475096093067645,0.1289768503199486,0.005180956663867554,-0.6075151392903501,0.2284434490481523,9.218365061590145,49,0.00014905587699631795,-0.38130384498595904,-0.34650062703170603,-0.2122650871038534,True,True
BABA,"Alibaba Group Holding Limited American Depositary Shares, each represents eight Ordinary Shares",Individual equity,,1,easy_to_borrow,2679,2016-01-04,2026-08-28,0.43202482434108225,2128543786.96,0.04797370977162663,-0.8008769580934527,0.28779426160607,1.0242916805896276,0.6668787173260503,-0.43155412540382765,0.5416200074654722,19.565509518477043,105,0.18158249002763172,0.9055389141855423,0.6277350852509885,-0.28926611606395913,0.3068309070548712,10.535274356103024,58,0.11514143489540585,0.6373501913436835,0.4027740858433476,-0.28587101043086527,0.24897349757372153,9.218365061590145,49,0.10621177157843831,0.11875276640408527,0.039143632075061774,-0.14228800933986852,True,True
BAC,Bank of America Corporation,Individual equity,,1,easy_to_borrow,2679,2016-01-04,2026-08-28,0.30896818160253253,1492520139.8300002,0.15843506166493504,-0.48931975024646734,0.1842373671425781,0.8675552455941486,0.46254250350985376,-0.39831445920007913,0.6173945502053005,18.43673012318029,98,0.16921254093852145,1.1901181086199197,0.884597925652349,-0.19128751722285042,0.40350877192982454,9.594624860022396,51,0.02013477715903722,0.20166831942890823,0.047019066883359266,-0.4282257920810252,0.21537887271369915,9.03023516237402,48,0.015024826204056652,-0.3225628630257711,-0.4220554221424952,-0.2070269419772287,True,True
BALL,Ball Corporation,Individual equity,,1,easy_to_borrow,2679,2016-01-04,2026-08-28,0.27979852066407584,114840541.32,0.06620009046928788,-0.5508825452168232,0.10243187072681725,0.6351207927842544,0.4031947845345016,-0.25405058462022867,0.5837999253452781,17.872340425531913,97,0.0836148924025184,0.7628524497067618,0.3172581818989751,-0.26355472348115516,0.3344531541620007,9.03023516237402,49,0.017368447773176143,0.19265759983397554,0.07319868729010033,-0.23727813183782487,0.2642777155655095,9.218365061590145,51,0.01881697832429885,-0.12773165692250743,0.0859366026355265,0.009504138860926492,True,True
BAX,Baxter International Inc.,Individual equity,,1,easy_to_borrow,2679,2016-01-04,2026-08-28,0.29365305466453073,173049056.0,-0.017720326256292163,-0.8114401719608308,0.2015411738274051,1.0714918199619434,1.0141466899859641,-0.19872980488670178,0.5867861142217246,16.179171332586787,88,0.17285163327232844,1.4756790134168964,1.4863419419539765,-0.11629331608922644,0.3333333333333333,7.525195968645017,41,0.023328416424956755,0.22431812556565262,0.08909678246805897,-0.2618323106484788,0.2683837252706234,9.03023516237402,49,0.028689540555076665,-0.404187193454953,-0.4721952519680124,-0.08243648879747534,True,True
BBY,"Best Buy Company, Inc.",Individual equity,,1,easy_to_borrow,2679,2016-01-04,2026-08-28,0.38122418757106685,180477528.14,0.13871564418760696,-0.5259057971014494,0.08780660545608354,0.46060503597168145,0.25561699373517555,-0.3435084818619414,0.511384845091452,18.43673012318029,100,0.1419073199377805,0.8964355226323225,0.7498541672699063,-0.18924655770660226,0.2885405001866368,9.970884658454647,54,-0.05070131187160676,-0.17495112354996264,-0.10890529066855925,-0.4655541669312502,0.22695035460992907,8.842105263157894,49,-0.054100714481696954,-0.43583048666064106,-0.49423717353473073,-0.15426192415533913,False,True
BDX,"Becton, Dickinson and Co.",Individual equity,,1,easy_to_borrow,2679,2016-01-04,2026-08-28,0.23431296234501525,224517042.01,0.06330120004880446,-0.4005807587946879,0.052446786230883724,0.398794026052882,0.20454554966616434,-0.25640639122425946,0.5244494214259052,16.461366181410973,89,0.08955564371785729,0.9011674476416774,0.7057969226935592,-0.1268858517774245,0.324374766703994,9.124300111982082,49,-0.024543105663959897,-0.12944147108373813,-0.07642561941964769,-0.32113715073992966,0.22209779768570362,8.465845464725643,45,-0.03710885748697357,-0.5023734215887954,-0.5012513730273949,-0.12952053944683495,False,True
BEN,"Franklin Templeton, Inc.",Individual equity,,1,easy_to_borrow,2679,2016-01-04,2026-08-28,0.3271093391628096,70721139.06,0.044597563829713804,-0.6209952283571916,0.14031777202689022,0.7300516741212631,0.40293368857471873,-0.3482403581671979,0.5337812616648003,17.684210526315788,95,0.10039174306691812,0.7327604980045324,0.4245331121247543,-0.23647564865898318,0.2784621127286301,9.03023516237402,49,0.03162608412022738,0.27908008358525266,0.11171557158433397,-0.2830946811774837,0.25942515864128407,9.03023516237402,48,0.039926028959972104,-0.002708823883269207,-0.02159942355003558,-0.11176470950821471,True,True
BF.B,Brown-Forman Corporation Class B,Individual equity,,1,easy_to_borrow,2679,2016-01-04,2026-08-28,0.27919004640593076,63489855.42,-0.01504506088930102,-0.6896030765004797,0.07692115060056626,0.4956363875507813,0.2372461005437538,-0.324225141843291,0.5356476297125793,16.743561030235163,90,0.05187799908794122,0.5110361494666259,0.2409392044549043,-0.2153157233390427,0.27510265024262787,8.653975363941768,47,0.018546363396046095,0.19773987886500083,0.05428451110528339,-0.3416511085468912,0.2713699141470698,8.842105263157894,47,0.02504315151262504,-0.015399761915844579,-0.0036931039111504915,-0.10890941850424829,True,True
BG,Bunge Global SA,Individual equity,,1,easy_to_borrow,2679,2016-01-04,2026-08-28,0.31503869239754434,87135874.84,0.08563887523915947,-0.6049402390438254,0.07734475120820417,0.4865802827250324,0.21406275828328503,-0.3613181098313615,0.49458753266144084,18.06047032474804,98,0.09016029496538613,0.7171320856762133,0.3519751623543586,-0.2561552763050232,0.2851810377006346,9.594624860022396,53,-0.008173110647482495,0.012803189862103015,-0.02534144818076372,-0.32251947833378247,0.22209779768570362,9.03023516237402,48,-0.012815543757181969,-0.23055180295118094,-0.13791240407107358,-0.10516283352633826,False,True
BIDU,"Baidu, Inc. ADS",Individual equity,,1,easy_to_borrow,2679,2016-01-04,2026-08-28,0.46085028433913366,447033742.89,-0.058350119195129335,-0.7747344885410843,0.2647675030310346,0.9040606541310049,0.7012014684568495,-0.37759119873738234,0.475177304964539,18.34266517357223,97,0.1423506400260306,0.7216441264396224,0.4031909211890571,-0.3530601324211913,0.22620380739081747,9.782754759238522,52,0.09675619397875268,0.5129755014968237,0.2939884544393401,-0.32911562518084125,0.26614408361328856,9.124300111982082,48,0.12241686300500398,0.1824165276913825,0.2980105472677924,-0.024531066316191064,True,True
BIIB,Biogen Inc. Common Stock,Individual equity,,1,easy_to_borrow,2679,2016-01-04,2026-08-28,0.41170763615419587,336148833.82,-0.0277244711468565,-0.7266041330086086,0.05204754960714131,0.359063245480995,0.11676247105560512,-0.44575580780878643,0.49010824934677116,16.273236282194848,86,-0.0011849071064711225,0.05352713529318321,-0.0033139916247779165,-0.3575468017516573,0.21388577827547592,8.748040313549831,47,0.05307302283617954,0.413283643716678,0.16597653917365074,-0.3197621971178264,0.3023516237402016,8.089585666293393,43,0.05323245671361243,0.3055361101878118,0.12007646268038304,-0.08820900605712911,True,True
BIL,State Street SPDR Bloomberg 1-3 Month T-Bill ETF,Bond ETF,,1,easy_to_borrow,2679,2016-01-04,2026-08-28,0.00264605327497869,188297703.6,0.021356061061763354,-0.0020792722547081643,0.02005245571828329,7.436724321578838,3.6658740779023415,-0.005470033965203069,0.7730496453900709,1.0347144456886899,5,0.020194765852320495,7.743953929462903,5.056270728724558,-0.003994004066592893,0.689063083240015,0.8465845464725643,4,-0.00013949310347383115,-0.21000252427337604,-0.09412815254098167,-0.0014819488081750931,0.083986562150056,0.1881298992161254,1,-0.0001423101340372046,-0.3072296078840653,-1.390396650822216,-0.001476029898610176,False,False
BKNG,Booking Holdings Inc. Common Stock,Individual equity,,1,easy_to_borrow,2679,2016-01-04,2026-08-28,0.32746046333227125,32639820.32,0.144922218157292,-0.4777224858234005,0.11155935918892235,0.5931930197117665,0.28437682835475797,-0.39229412548955245,0.5405001866368048,18.34266517357223,100,0.10892050207226811,0.7619833340176017,0.3351666131573803,-0.32497420028266233,0.37700634565136243,9.876819708846584,54,0.013666863311394328,0.16438748163285619,0.044002600013587426,-0.31059217653443616,0.1787980589772303,8.653975363941768,47,0.0026388571166542363,-0.16879031430583513,-0.050789784802622306,-0.06731992520689012,False,False
BKR,Baker Hughes Company Class A Common Stock,Individual equity,,1,easy_to_borrow,2301,2017-07-05,2026-08-28,0.3990590743800445,178951032.0,0.0870692348776414,-0.7350320620992236,0.2852491713311476,0.9575551134146237,0.7769507075531542,-0.367139341734408,0.5680139069969579,15.661016949152541,71,0.24080795662302923,1.1554461759170305,1.3317560380656555,-0.18081987221383067,0.33550630160799655,7.994784876140808,36,0.04438767549432643,0.30098996429785124,0.09280119957323768,-0.47830928585460974,0.24467622772707517,7.8852672750977835,36,0.04444121470811835,-0.19789106250240673,-0.5548053305125012,-0.18631946952057732,True,True
BLDR,"Builders FirstSource, Inc.",Individual equity,,1,easy_to_borrow,2679,2016-01-04,2026-08-28,0.4839294089579767,94818177.28,0.18553632227248484,-0.6873342175066316,0.3107600903453702,0.9642896668026357,0.9280199242169437,-0.3348635974681118,0.5938783128032848,15.99104143337066,87,0.22837779697693583,0.9902881406567536,0.7562245376792266,-0.30199733756035374,0.3732736095558044,9.970884658454647,53,0.06223079770809625,0.3645783207583214,0.11995275676810904,-0.5187942268671653,0.24449421425905188,6.7726763717805145,36,0.08238229336843439,-0.02599847385411791,0.1717953865377171,-0.032866259907758044,True,True
BLK,"Blackrock, Inc.",Individual equity,,1,easy_to_borrow,2679,2016-01-04,2026-08-28,0.27777764812282985,354976764.32,0.15281681617887677,-0.4390131107360036,0.2596269538795988,1.3047219955779334,1.193808523357517,-0.21747788594222217,0.593505039193729,16.837625979843224,90,0.20396264714711143,1.478543707284224,1.1025355800910621,-0.18499416329971452,0.387458006718925,10.06494960806271,53,0.04707422674671724,0.39959287252114617,0.36227141217065395,-0.1299418755254752,0.20977976857036207,6.96080627099664,38,0.055664306732487345,-0.17382171170629057,0.09127294326645496,-0.03248372264250765,True,True
BMY,Bristol-Myers Squibb Co.,Individual equity,,1,easy_to_borrow,2679,2016-01-04,2026-08-28,0.2525882420184802,522400803.34000003,0.034174062717678755,-0.4766341534430053,0.13898183732650748,0.8408022771282525,0.5610375868945422,-0.2477228630897983,0.5550578574094811,16.931690929451285,90,0.10575210535117763,0.8986304893456453,0.812306725968797,-0.13018740577957477,0.3154162000746547,8.653975363941768,46,0.03393633751632952,0.3267854784574386,0.15369609138174967,-0.22080156503159598,0.251959686450168,8.653975363941768,46,0.03322973197532986,-0.05782821221739276,-0.25126913907425485,-0.11753545731022352,True,True
BND,Vanguard Total Bond Market ETF,Bond ETF,,1,easy_to_borrow,2679,2016-01-04,2026-08-28,0.05422483015248682,318597856.6,0.017725137619168052,-0.18581808396125155,0.020159056690794985,0.82854403756602,0.6034094568609251,-0.03340858593046758,0.2560656961552818,7.525195968645017,42,0.010302266360032508,0.7213426260448674,0.4163843963100269,-0.024742200839730222,0.1530421799178798,4.51511758118701,25,0.009756278550453246,0.49988488952278415,0.30288765626558584,-0.03221088198423805,0.10302351623740201,3.0100783874580066,17,0.009856790330762477,0.10720141152115259,0.18702506055089818,-0.00866638509073736,True,False
BNDX,Vanguard Charlotte Funds Vanguard Total International Bond ETF,Bond ETF,,1,easy_to_borrow,2679,2016-01-04,2026-08-28,0.0403459639131824,97357146.13999999,0.019414102438479297,-0.16248184270595345,0.01770919049657005,0.8833601983364604,0.6403427128643603,-0.027655800777920736,0.24300111982082867,7.337066069428891,39,0.010366328849888529,0.8620599198804458,0.4249142414426337,-0.024396284800183743,0.18365061590145576,5.267637178051512,28,0.007267524101916223,0.45753870607303454,0.22638342617873022,-0.032102721584302274,0.0593505039193729,2.0694288913773797,11,0.00734286164668152,0.021300278456014565,0.2154284714217266,-0.003259515977736993,False,False
BNO,"United States Brent Oil Fund, LP",Commodity ETF,,1,easy_to_borrow,2679,2016-01-04,2026-08-28,0.3753715637582594,10327353.33,0.14450156697909278,-0.7517554729450643,0.23902224901254332,0.9984444458957682,0.656296511618068,-0.3641985669301293,0.5281821575214632,19.941769316909294,106,0.23871485599041375,1.453444083365021,1.0968211722253656,-0.2176424580737074,0.3355729749906682,10.911534154535273,58,0.004828867476792675,0.12056288338953591,0.008224821196798031,-0.5871091129218202,0.20903322135125046,9.03023516237402,48,0.0003073930221295651,-0.45499963746925287,-0.44052466060729756,-0.1465561088564219,True,True
BNY,Bank of New York Mellon Corporation,Individual equity,,1,easy_to_borrow,2679,2016-01-04,2026-08-28,0.27038181072853323,163446759.75,0.2246210270239073,-0.4639724310776939,0.20761614996933964,1.0624867837130874,0.8458366940426976,-0.24545654194432387,0.5819335572974991,15.802911534154534,85,0.22367529980403766,1.6944738481482813,2.2289893417294944,-0.10034830387770532,0.4135871593878313,9.218365061590145,49,-0.014380502820420138,-0.019751992242424837,-0.0380352873889371,-0.3780831908372233,0.17431877566256065,7.148936170212766,39,-0.016059149834698028,-0.6319870644351939,-1.3831526476867968,-0.14510823806661854,False,False
BR,Broadridge Financial Solutions Inc,Individual equity,,1,easy_to_borrow,2679,2016-01-04,2026-08-28,0.24209117342340117,78891277.88,0.14483198499082528,-0.4820848151122332,0.12027547921610027,0.7487973974124059,0.4295290145637854,-0.28001712372852816,0.5841731989548339,17.213885778275476,93,0.10206219065110944,0.9280078986272687,0.307898773940524,-0.3314796916691345,0.3885778275475924,10.629339305711087,56,0.005508111083006417,0.10800582669905212,0.016773974284657416,-0.32837245303544427,0.20940649496080627,7.337066069428891,41,0.018213288564990826,-0.17921050121486282,0.12163024062326139,0.05146256794060633,False,False
BRK.B,BERKSHIRE HATHAWAY Class B,Individual equity,,1,easy_to_borrow,2679,2016-01-04,2026-08-28,0.1918075008559661,1143303735.57,0.13553881960985859,-0.2956993918331886,0.08936200199341182,0.7388511879555648,0.6449417841543568,-0.13855824539354766,0.5423665546845838,17.496080627099662,97,0.09990003901198374,1.101679786230239,0.9033205668578265,-0.11059201204671232,0.3594624860022396,10.347144456886898,57,-0.008921598640127426,-0.05048219591874934,-0.041419282361467816,-0.21539722881406442,0.2030608435983576,7.901455767077267,43,-0.010538037018571922,-0.3628285982746742,-0.2583787827034697,-0.027966233346835345,False,False
BRO,"Brown & Brown, Inc.",Individual equity,,1,easy_to_borrow,2679,2016-01-04,2026-08-28,0.23675003052567,58955962.74,0.1658086369187779,-0.5585123697916663,0.11208825965488156,0.7483471178158586,0.5880759618450883,-0.19060166870824757,0.5516983949234789,16.743561030235163,92,0.12895356573086358,1.1928506737961113,1.0557011709401634,-0.12214968523339131,0.39343038447181783,10.159014557670773,55,-0.0003459775578120716,0.058134203851469404,-0.0010293765603067429,-0.33610397900353794,0.17319895483389325,7.148936170212766,40,-0.016865306075982023,-0.4445035559802527,-0.4676252090950751,-0.06845198347485626,False,False
BSX,Boston Scientific Corp.,Individual equity,,1,easy_to_borrow,2679,2016-01-04,2026-08-28,0.2744336770163933,333102830.13,0.09418825837818634,-0.6057887923062695,0.14754985306148583,0.8252056683729552,0.5735790160161817,-0.25724416155650154,0.5908921239268383,15.61478163493841,87,0.12791524136620813,1.000911277706259,0.7354980563470556,-0.17391649136574938,0.41022769690182903,8.842105263157894,49,0.004392042607251678,0.10061542210603881,0.014496136684255177,-0.3029802148611118,0.19783501306457635,7.525195968645017,41,0.019634611695277693,-0.1757056093333038,-0.1619190403308739,-0.08332767019075216,True,True
BTC/USD,Bitcoin  / US Dollar,Bitcoin,Cross-asset,,,2068,2021-01-01,2026-08-30,0.47782920528385897,390691.73822123744,0.12628922200447312,-0.7668092653528407,0.26475883880168993,0.9748473273956376,0.993672756992942,-0.2664446991612255,0.4332688588007737,15.35396518375242,69,0.20407678569918897,1.0338107083480703,0.9069461626499067,-0.22501532516871714,0.27562862669245647,9.504835589941974,43,0.06066941279853588,0.3914943544646867,0.17333900916914471,-0.35000438210267193,0.16779497098646035,6.09284332688588,27,0.060682053102500966,-0.0589633809524327,0.08672659434303531,-0.041429373992508345,True,True
BWXT,"BWX Technologies, Inc.",Individual equity,,1,easy_to_borrow,2679,2016-01-04,2026-08-28,0.3110526378515613,32167791.9,0.17353697384682376,-0.4774746687451279,0.21945259350243718,1.1099585464749742,0.724121843864657,-0.30306031417477064,0.5453527435610303,16.085106382978722,88,0.17085210088116365,1.1575051576837887,0.7695829723063863,-0.22200608255290766,0.3590892123926838,9.40649496080627,52,0.05577757254668625,0.47117781149498666,0.2739539811031155,-0.20360197841290628,0.19260918253079506,6.866741321388577,38,0.04860049262127353,-0.04754661120881454,-0.045461128441729226,-0.08105423162186298,True,False
BX,Blackstone Inc.,Individual equity,,1,easy_to_borrow,2679,2016-01-04,2026-08-28,0.3582051453240068,244973074.5,0.21648628074831455,-0.49285714285714355,0.24009980021095378,1.0428685230443695,0.7009366641819069,-0.3425413628365189,0.5569242254572602,17.4020156774916,92,0.2034403803821332,1.189861941506134,0.9980006477579754,-0.20384794422645447,0.3784994400895857,9.688689809630459,51,0.04093258871391647,0.32607674357291727,0.148945090593381,-0.2748166357873596,0.185143710339679,7.713325867861142,41,0.036659419828820594,-0.1469934184617645,-0.29706398357606845,-0.13869341861006446,True,False
BXP,"BXP, Inc.",Individual equity,,1,easy_to_borrow,2679,2016-01-04,2026-08-28,0.3162094722850555,77155733.37,-0.014666429002543002,-0.6359723002058767,0.1524771014311983,0.7227184873917908,0.46928786718879817,-0.3249116631644252,0.5543113101903695,15.050391937290033,82,0.12494089996124025,0.9464984535541411,0.7876453839647333,-0.15862582642499745,0.30869727510265027,7.525195968645017,40,0.021976044078790835,0.20834383747235127,0.051421708604992095,-0.4273689979383021,0.2605449794699515,8.277715565509519,46,0.027536201469958055,-0.2237799661623503,-0.3183575167759351,-0.16628583673942776,True,True
C,Citigroup Inc.,Individual equity,,1,easy_to_borrow,2679,2016-01-04,2026-08-28,0.33305584720104586,896634145.2600001,0.12604975677895025,-0.5650431565967944,0.20052474052498348,0.9033289288870081,0.5926515027863688,-0.3383518637550237,0.5460992907801419,18.248600223964164,98,0.14012177867244513,0.9876218689183438,0.5840530098405351,-0.23991277557272206,0.3598357596117954,10.159014557670773,54,0.058467268350490764,0.40016274495503434,0.3252477557110369,-0.179762249927515,0.19074281448301605,8.465845464725643,46,0.06040296185253835,-0.0842929400313357,0.008598492945833702,-0.09843908818230163,True,True
CAH,"Cardinal Health, Inc.",Individual equity,,1,easy_to_borrow,2679,2016-01-04,2026-08-28,0.29054797084748535,156717555.31,0.12690554514238195,-0.48436569386539474,0.14636111934601392,0.8165112874344703,0.8062798172928671,-0.1815264579453696,0.5453527435610303,16.555431131019038,88,0.16182433325507106,1.1501726772861178,1.3280939784223311,-0.12184704989575013,0.3374393430384472,10.347144456886898,56,-0.00863510096623743,0.0036876938973008705,-0.027525097332313144,-0.313717363538629,0.24150802538260546,7.337066069428891,39,-0.015463213909057139,-0.3336613898516475,-0.521814161129464,-0.059679408049619465,True,True
CARR,Carrier Global Corporation,Individual equity,,1,easy_to_borrow,1609,2020-04-03,2026-08-28,0.33651811309670554,234340454.16000003,0.23169359381286703,-0.40824590465672705,0.21640654138364357,0.9798424916048469,0.8246777927989304,-0.2624134459219116,0.5637041640770665,18.01118707271597,57,0.26533491070635895,1.4754032170521512,2.089367655647784,-0.12699292534233042,0.3331261653200746,9.397141081417029,30,-0.021328420032230677,-0.06573214056141538,-0.05895990769093497,-0.36174446106722624,0.23865755127408328,8.614045991298942,27,-0.04892836932271538,-0.49556072544730423,-1.2646898628488534,-0.1354205205795812,False,True
CASY,"Casey's General Stores, Inc. Common Stock",Individual equity,,1,easy_to_borrow,2679,2016-01-04,2026-08-28,0.2841118634218506,54459562.400000006,0.20164673341473427,-0.3340988689211689,0.02553438086809634,0.23429549802177382,0.06968180710566885,-0.36644257559759863,0.5923852183650616,17.213885778275476,93,0.09231199875523832,0.8012975590617417,0.6465544272101185,-0.14277529450005388,0.3915640164240388,10.159014557670773,55,-0.05315880835523612,-0.3736616292921089,-0.10398164495823858,-0.5112326158774072,0.22209779768570362,7.6192609182530795,41,-0.06677761788714198,-0.5670020610399679,-0.5768726201044496,-0.22366728109754475,False,False
CAT,Caterpillar Inc.,Individual equity,,1,easy_to_borrow,2679,2016-01-04,2026-08-28,0.3123958451186025,599819819.82,0.29116792792495994,-0.4335869337614294,0.26601079527033056,1.2361667969541656,1.2826167760225602,-0.207396940569606,0.5363941769316909,16.367301231802912,88,0.26177594937201,1.4678252544177786,1.8351311184278745,-0.1426470003932302,0.3885778275475924,10.347144456886898,55,0.011532772206029884,0.15349332771066654,0.050883795445235094,-0.22664921327345378,0.15789473684210525,6.7726763717805145,37,0.004234845898320572,-0.2316584574636129,-0.5525143424053143,-0.06474994017637581,False,False
CB,Chubb Limited,Individual equity,,1,easy_to_borrow,2679,2016-01-04,2026-08-28,0.23501101395840843,287237816.25,0.12872970165539388,-0.4259421560035057,0.030277415037015087,0.2610836518705451,0.12859613802424166,-0.23544575678709334,0.543859649122807,17.590145576707727,94,0.05329057735885545,0.5073974386062011,0.31782108931944275,-0.16767476781659685,0.3833519970138111,10.911534154535273,58,-0.031159534382250165,-0.19318922422902388,-0.092547735053363,-0.3366860827472826,0.18327734229189996,7.807390817469205,43,-0.023013162321840364,-0.24631378673565602,-0.1892249512952011,-0.06777098897049649,False,False
CBOE,"Cboe Global Markets, Inc.",Individual equity,,1,easy_to_borrow,2679,2016-01-04,2026-08-28,0.252949080252843,87155055.72,0.175438633044392,-0.4344523401127176,0.08353534282784869,0.531998457955226,0.320826583329732,-0.2603753777535155,0.5214632325494587,15.708846584546471,84,0.12293319182755469,0.9731280371978585,1.19953820549298,-0.10248376522282776,0.38671145949981334,9.312430011198208,50,-0.02885979075151479,-0.15402469126682017,-0.0659095451906365,-0.4378696692268297,0.15602836879432624,6.96080627099664,37,-0.039397848999706,-0.4411295792426324,-0.8787116221632479,-0.15789161253068773,False,False
CBRE,"CBRE GROUP, INC.",Individual equity,,1,easy_to_borrow,2679,2016-01-04,2026-08-28,0.33126203835934637,118285045.84,0.1501385187401001,-0.5357198443579767,0.10703770447176808,0.5763389592435311,0.4098447488373243,-0.2611664655346201,0.5692422545726017,18.71892497200448,102,0.12236944195370714,0.869497391637442,0.7366635142728771,-0.16611307548534116,0.3870847331093692,10.441209406494961,56,-0.004496088122547981,0.054216614597687014,-0.009511813611008977,-0.472684632649257,0.19298245614035087,8.465845464725643,47,-0.015331737481939056,-0.29315843239391093,-0.3268187654355528,-0.09505339004927893,False,False
CCEP,Coca-Cola Europacific Partners plc Ordinary Shares,Individual equity,,1,easy_to_borrow,2679,2016-01-04,2026-08-28,0.2711593883714749,62884346.160000004,0.10834498288438099,-0.48775425487754276,0.13544676172270353,0.7860109389267005,0.5453248666717586,-0.24837811367261842,0.5684957073534901,15.99104143337066,88,0.1286865448643284,1.1168039752801302,0.8301648086469191,-0.1550132498076784,0.3878312803284808,7.901455767077267,44,0.004650210519365761,0.10109272196495868,0.011654428624475723,-0.3990080225468755,0.1959686450167973,8.465845464725643,46,0.006760216858375134,-0.3307930363534297,-0.2848399419751605,-0.09336486386494003,True,True
CCI,Crown Castle Inc.,Individual equity,,1,easy_to_borrow,2679,2016-01-04,2026-08-28,0.2586237242666111,226475046.2,0.03097840865913737,-0.5579775415840996,0.06702337518660029,0.4636467471939913,0.196748412653102,-0.3406552270628628,0.5796939156401643,17.684210526315788,95,0.03933538533032732,0.4006043056923523,0.19232744352047992,-0.2045229979159927,0.3240014930944382,9.782754759238522,52,0.04055245207663516,0.3646048299615109,0.14086970418572517,-0.28787206100163365,0.28294139604329976,8.089585666293393,43,0.027687989856272965,0.06304244150163901,0.004420969132622077,-0.13613222914687007,True,True
CCL,Carnival Corporation Ltd.,Individual equity,,1,easy_to_borrow,2679,2016-01-04,2026-08-28,0.5557915766841218,392985916.26,-0.05767323277568448,-0.9036519871106337,0.24629759468565116,0.7755737851107984,0.4997529472303478,-0.49283870370478644,0.5274356103023516,18.530795072788354,98,0.09615541513491888,0.5115787124597522,0.19801473830710561,-0.4855972639056252,0.2855543113101904,10.911534154535273,58,0.11863985512824349,0.5166222710991165,0.2426510776569554,-0.48893191109568834,0.2646509891750653,8.371780515117582,44,0.15014217955073228,0.26399507265104627,0.3017382089232422,-0.007241439799161253,True,True
CDNS,"Cadence Design Systems, Inc. Common Stock",Individual equity,,1,easy_to_borrow,2679,2016-01-04,2026-08-28,0.33755813205557156,220798253.26999998,0.3023282730888057,-0.31917020744813784,0.2137438016579507,0.985443595037743,0.6924426082373635,-0.3086808915500491,0.5546845837999254,17.11982082866741,91,0.24019743693021045,1.4202537187350455,1.1836604581860715,-0.20292765148065073,0.393057110862262,10.535274356103024,56,-0.038754822290047675,-0.17399505054394998,-0.09373644558822691,-0.4134445470686291,0.1787980589772303,7.713325867861142,41,-0.026453635272259746,-0.43481012369730243,-0.491217849948708,-0.10575324006939835,False,False
CDW,CDW Corporation Common Stock,Individual equity,,1,easy_to_borrow,2679,2016-01-04,2026-08-28,0.3124825756050963,115462627.39999999,0.14244935420232863,-0.6036388575116984,0.12471790935854377,0.6668433797697161,0.35415404312173693,-0.3521572371705869,0.559163867114595,18.81298992161254,100,0.13456319310763143,0.9762396296113637,0.664354790559328,-0.20254718566015173,0.3575961179544606,10.72340425531915,57,0.00169294122605268,0.08907392460800904,0.00611096605134263,-0.2770333220360023,0.22433743934303846,8.842105263157894,47,-0.009845283749087663,-0.3093962498416476,-0.3102007474375911,-0.14961005151043516,False,False
CEG,Constellation Energy Corporation Common Stock,Individual equity,,1,easy_to_borrow,1147,2022-02-02,2026-08-28,0.48717288443399265,442755149.1,0.4498397398047662,-0.5070352927495784,0.2757979974573386,0.9599646385558596,0.9522449330736542,-0.28962926226041275,0.47602441150828245,17.13687881429817,39,0.32754548745849466,1.3080922450687507,1.7211500982055705,-0.19030617248314696,0.3156059285091543,10.545771578029642,24,-0.05104501834567987,-0.1841241929008274,-0.16416331165715786,-0.3109404764706707,0.17523975588491716,7.030514385353095,16,-0.05174749000115608,-0.3481276065128911,-0.7689051651319163,-0.09932308977726578,False,False
CF,"CF Industries Holding, Inc.",Individual equity,,1,easy_to_borrow,2679,2016-01-04,2026-08-28,0.4049547668629223,129924206.04,0.14423950652893658,-0.6048981361074977,0.07259371975007145,0.39081866875265725,0.14709512901968788,-0.4935154565203528,0.5270623366927958,18.154535274356103,96,0.10942073335642921,0.6307637128845549,0.36667242630971086,-0.2984154943355536,0.3038447181784248,10.817469204927212,57,-0.04287397516394664,-0.11422673154698201,-0.083209509891872,-0.5152533072200516,0.24636058230683092,8.465845464725643,45,-0.03682701360635776,-0.23994504413189766,-0.21957729729002298,-0.1950999621847992,False,False
CFG,"Citizens Financial Group, Inc.",Individual equity,,1,easy_to_borrow,2679,2016-01-04,2026-08-28,0.3779596532948367,143415987.06,0.13908630454195792,-0.6560642092746736,0.2585765516118015,0.972759632573854,0.7611028824121291,-0.3397392883236843,0.5808137364688316,16.6494960806271,88,0.21499064222511777,1.2305836985449523,1.1061216804479188,-0.19436436878993124,0.3680477790220231,8.842105263157894,47,0.03608713401774288,0.2692265067877939,0.09185572484991814,-0.392867554817135,0.2206047032474804,8.183650615901456,43,0.04358590938668372,-0.2578240659710983,-0.3450187980357897,-0.14537491953375303,True,True
CHD,"Church & Dwight Co., Inc.",Individual equity,,1,easy_to_borrow,2679,2016-01-04,2026-08-28,0.21732587696217137,116461401.84,0.10133675855190472,-0.31721901287118603,0.12813534435725105,0.9564237014575568,0.7646949485407025,-0.16756399999996963,0.5330347144456887,15.050391937290033,81,0.12259826793373252,1.1763007951007407,1.1518853770798358,-0.10643269753500428,0.3449048152295633,7.525195968645017,40,-0.004356912775429156,-0.003111649756671025,-0.012972818202549788,-0.3358493665295341,0.19970138111235536,8.465845464725643,46,0.005537076423518528,-0.21987709364318386,-0.3871904285391333,-0.06113130246496534,True,True
CHRW,"C.H. Robinson Worldwide, Inc. Common Stock",Individual equity,,1,easy_to_borrow,2679,2016-01-04,2026-08-28,0.29190540939695253,104669370.96,0.11236580441666333,-0.40556422734367836,0.07929729987444212,0.534068443407264,0.33246948976006807,-0.23851000562989488,0.5020530048525569,17.213885778275476,92,0.1075051935342195,0.9435122435171788,0.6922856013555108,-0.15529023472931103,0.3098170959313177,9.594624860022396,51,-0.005569632901626487,0.020506625594501275,-0.023433455442967696,-0.23767868614946053,0.22471071295259426,7.6192609182530795,41,-0.028207893659777383,-0.40944380010991477,-0.3598161115954427,-0.08321977090058386,False,False
CHTR,"Charter Communications, Inc. Class A Common Stock New",Individual equity,,1,easy_to_borrow,2679,2016-01-04,2026-08-28,0.34658967162081766,489680327.96000004,-0.013515049159853909,-0.8498069451042009,0.2174677286664839,0.9762844098697718,1.1029458039290392,-0.19716991341895096,0.5968645016797313,16.085106382978722,86,0.11480431055876972,0.8622712846006498,0.655338789048022,-0.17518314569101,0.3456513624486749,8.559910414333705,45,0.08037255579649494,0.5092136774083916,0.28782525036776996,-0.27924080911524807,0.26539753639417696,8.465845464725643,47,0.10266341810771418,0.114013125269122,0.4476070148810172,-0.021986767727940948,True,True
CI,The Cigna Group,Individual equity,,1,easy_to_borrow,2679,2016-01-04,2026-08-28,0.30525237438463143,368702342.70000005,0.07258760842770928,-0.42469437652811615,0.05566517524606862,0.37724959370198324,0.14459188183420293,-0.384981331869637,0.5072788353863382,17.872340425531913,99,0.06987590564418777,0.6104606700703862,0.32053322344618285,-0.21799894841765088,0.3019783501306458,9.594624860022396,55,-0.012994450086135978,-0.011916389923299202,-0.04114994199619162,-0.31578295024908176,0.22284434490481522,8.842105263157894,47,-0.014210730398119154,-0.23321107636840294,-0.1759413416119799,-0.16698238345198613,False,False
CIBR,First Trust Exchange-Traded Fund II First Trust NASDAQ Cybersecurity ETF,Thematic/industry ETF,,1,easy_to_borrow,2679,2016-01-04,2026-08-28,0.23788556841169403,16385310.180000002,0.18274516980894484,-0.3388625592417065,0.06964206870622869,0.4924039352400369,0.18371992301685386,-0.3790665027648632,0.49832026875699886,19.565509518477043,105,0.09418715367301189,0.8315361637527623,0.38851920167017207,-0.24242599405156495,0.3732736095558044,12.040313549832026,64,-0.018704937440526037,-0.10300321398326712,-0.047214460092958196,-0.39616967775759415,0.13064576334453154,7.901455767077267,43,-0.024545084966783204,-0.3391322285127254,-0.2047992786533182,-0.13664050871329825,False,False
CIEN,Ciena Corporation,Individual equity,,1,easy_to_borrow,2679,2016-01-04,2026-08-28,0.45407158389107205,82569290.75999999,0.31713574337047246,-0.49536082474226883,0.2699648729087476,1.018393433474205,1.0136518005558763,-0.2663290024845826,0.509518477043673,18.624860022396415,100,0.215531356875859,1.0620835041974939,0.893495028025078,-0.24122278257356977,0.2799552071668533,11.47592385218365,61,0.029221332863100802,0.24770773638458904,0.10156807131079135,-0.2877019567860605,0.2553191489361702,8.089585666293393,44,0.054433516032888596,-0.04369007072328879,0.12015677253079837,-0.025106219911012806,False,False
CINF,Cincinnati Financial Corporation Common Stock,Individual equity,,1,easy_to_borrow,2679,2016-01-04,2026-08-28,0.28368369236677315,59723487.720000006,0.1379552174086358,-0.5812069663831507,0.04508038392849811,0.31978300030533147,0.13105408810806707,-0.3439830422636253,0.5386338185890257,17.966405375139978,96,0.08199988363227617,0.6950640254533167,0.3994105680702245,-0.20530223831698646,0.3658081373646883,11.099664053751399,60,-0.03987164261661302,-0.17139689492595994,-0.0815450896808238,-0.48895209720995947,0.18402388951101156,7.99552071668533,42,-0.03691949970377806,-0.3752810251479852,-0.26835647996215745,-0.13868080394663884,False,False
CL,Colgate-Palmolive Company,Individual equity,,1,easy_to_borrow,2679,2016-01-04,2026-08-28,0.1968441335103042,287537246.64,0.057176417190548445,-0.29049041333461645,0.06478577004684305,0.5201010108399339,0.2044206934676139,-0.31692373676986363,0.6084359835759612,16.367301231802912,88,0.07138701249211521,0.7843508393367739,0.712524495068782,-0.10018885383754284,0.37812616648002983,9.40649496080627,50,-0.002075554658249823,0.03470352265913537,-0.006505362779939939,-0.31905286891148377,0.2553191489361702,7.901455767077267,43,-0.00660124244527216,-0.26424982849684,-0.5081038016011681,-0.2167348829323208,True,True
CLX,Clorox Company,Individual equity,,1,easy_to_borrow,2679,2016-01-04,2026-08-28,0.2453300561828152,153272785.68,0.011253409075656196,-0.5634135083850482,0.11943911934275198,0.797485412892502,0.402527629214527,-0.29672278540437014,0.5729749906681597,15.520716685330347,84,0.0641450443460505,0.66643351577156,0.25547276044355144,-0.2510836937553811,0.3236282194848824,8.183650615901456,45,0.039094515820953246,0.3673704685565722,0.14617504311053858,-0.2674500037013138,0.2937663307204181,8.842105263157894,47,0.05529407499670147,0.131051897120942,0.14705486877097557,-0.04563909164898905,True,True
CMCSA,Comcast Corporation Class A Common Stock,Individual equity,,1,easy_to_borrow,2679,2016-01-04,2026-08-28,0.2635237620218697,657530515.4,0.02923431160623613,-0.5540183112919626,0.0841906415392133,0.5740249112600763,0.42711661855359806,-0.19711394472151256,0.5580440462859276,17.02575587905935,93,0.08064965311112005,0.7627003290543043,0.7059614038294998,-0.11424088154626388,0.3292273236282195,9.124300111982082,48,0.008139721450272752,0.12693587704307902,0.025617242329229573,-0.31774385961072926,0.24150802538260546,9.03023516237402,50,0.00354098842809325,-0.18867541779422803,-0.27884478527590173,-0.08287306317524867,True,True
CME,CME Group Inc. Class A Common Stock,Individual equity,,1,easy_to_borrow,2679,2016-01-04,2026-08-28,0.2393110579958126,257154391.20000002,0.15899634449761546,-0.37357840321654223,0.06206928585247806,0.4278292470608132,0.23124608771928548,-0.26841226359611015,0.5670026129152669,17.02575587905935,93,0.07450604509610304,0.6901657494733168,0.2919951785771931,-0.25516190184765775,0.3818589025755879,10.441209406494961,55,-0.01734112392028997,-0.05971163790975479,-0.06719295284126117,-0.2580795036833283,0.2030608435983576,7.148936170212766,41,-0.012436759243624973,-0.26233650241250356,-0.06074909085790761,-0.0132503617484524,False,False
CMG,"Chipotle Mexican Grill, Inc.",Individual equity,,1,easy_to_borrow,2679,2016-01-04,2026-08-28,0.36024175316358686,9224229.18,0.14546761049686818,-0.5889132020423051,0.29573896780451703,1.2280240372814497,1.0475475353060513,-0.2823155588047983,0.568868980963046,16.743561030235163,90,0.21631169169276765,1.302867341344585,1.2151237308878768,-0.17801618567247568,0.3374393430384472,8.842105263157894,48,0.06368946350170712,0.44201117655489214,0.21735679068131206,-0.293018052493646,0.24972004479283313,9.03023516237402,48,0.07942727611174938,-0.07484330406313533,-0.16757619558182557,-0.10429937313232263,True,True
CMI,Cummins Inc.,Individual equity,,1,easy_to_borrow,2679,2016-01-04,2026-08-28,0.28503206055897035,202425932.57999998,0.2204039927222352,-0.4404942965779465,0.16870437191983712,0.9056796695077863,0.5348971436093458,-0.3153959110371467,0.5684957073534901,17.213885778275476,92,0.1675908491166347,1.1319619185503573,1.064160990789262,-0.15748636772744007,0.4008958566629339,9.970884658454647,53,0.003560518360326226,0.09085055719104229,0.009095678294432849,-0.39145165924629244,0.1784247853676745,7.99552071668533,43,0.001113522803202427,-0.226282249042571,-0.5292638471799161,-0.15790954330970663,False,False
CMS,CMS Energy Corporation,Individual equity,,1,easy_to_borrow,2679,2016-01-04,2026-08-28,0.20457280711410364,105582885.19999999,0.09552424604047638,-0.2954907161803707,0.05623424882863448,0.482968849613649,0.27657042836805157,-0.20332704823308023,0.5625233296005973,16.837625979843224,89,0.0852381299664362,0.9163518647704797,1.0141184259211666,-0.08405145571535277,0.3814856289660321,8.842105263157894,47,-0.03267360898575855,-0.30661177619557917,-0.08827794812729255,-0.3701219803913519,0.20194102276969017,8.748040313549831,46,-0.029003881137801724,-0.4333830151568307,-0.7375479975531151,-0.11927559251772746,False,False
CNC,Centene Corporation,Individual equity,,1,easy_to_borrow,2679,2016-01-04,2026-08-28,0.38486008272523814,213750260.67999998,0.06539459579091766,-0.7406912157992189,0.1432416090973383,0.7332108038049586,0.4265667336276839,-0.33580117202098203,0.5121313923105636,16.743561030235163,91,0.1217438168975209,0.8173711381224477,0.5330798087434354,-0.2283782182343257,0.3139231056364315,9.970884658454647,54,0.018951311282665362,0.20035482080784875,0.07930498705267457,-0.23896745951270193,0.20679357969391565,7.337066069428891,41,0.0214977921998174,-0.08416033431748904,-0.10651307511575153,-0.10742295378665634,True,True
CNP,"CenterPoint Energy, Inc.",Individual equity,,1,easy_to_borrow,2679,2016-01-04,2026-08-28,0.256520110467809,110089152.81,0.11023475118985981,-0.5982704402515723,0.09090537437753121,0.5495689876014469,0.3516981296622446,-0.25847556955970374,0.5793206420306084,15.708846584546471,84,0.11560630535197469,0.8918980905255327,0.7306887593965515,-0.15821552455172516,0.3896976483762598,8.277715565509519,45,-0.021711661877435562,-0.08935900897947884,-0.06300117863044455,-0.3446231062563593,0.1937290033594625,7.6192609182530795,40,-0.02470093097444348,-0.3423291029240858,-0.3789906297343069,-0.10026004500797858,False,True
COF,Capital One Financial,Individual equity,,1,easy_to_borrow,2679,2016-01-04,2026-08-28,0.3659125766971658,272900060.47999996,0.13083246730058695,-0.6024792520222715,0.08756116245157863,0.45641941196070684,0.19834071731715505,-0.44146841675259596,0.5363941769316909,19.565509518477043,104,0.09978268494223164,0.6504385486962483,0.38962361475018287,-0.256100198152029,0.3407988055244494,11.287793952967524,60,0.012908281298749547,0.16216111041498904,0.037154976825525696,-0.3474172883854816,0.21873833519970137,8.465845464725643,45,-0.012221522490653003,-0.19401913673554144,-0.19128289743302782,-0.18536821860056696,False,False
COHR,Coherent Corp.,Individual equity,,0,hard_to_borrow,2679,2016-01-04,2026-08-28,0.5730996209213178,64701893.66,0.29637472209892524,-0.7222333801968264,0.2225925561955291,0.7320200986193921,0.4993747891349206,-0.4457424784721946,0.53826054497947,19.75363941769317,106,0.2654902246596551,1.0337356419424508,0.6634622320783126,-0.40015876085063673,0.307204180664427,11.8521836506159,64,-0.03791947130209672,-0.014334059841544162,-0.0876317021152783,-0.4327140793432743,0.24598730869727511,8.465845464725643,45,-0.042897668464126015,-0.3017155433230587,-0.16408744294339195,-0.045583717621557884,False,False
COIN,"Coinbase Global, Inc. Class A Common Stock",Individual equity,,1,easy_to_borrow,1351,2021-04-14,2026-08-28,0.847263993390249,1432141828.13,-0.10729716636440378,-0.9089789865413135,0.4494573131709223,0.914365589792273,0.8599548514310879,-0.5226522211287733,0.5418208734270911,15.854922279792747,44,0.40999892721931186,1.1357272609112923,1.3550681902778918,-0.3025670074472274,0.20281273131014063,8.39378238341969,23,0.0002748964298435741,0.24988971493534556,0.0003769228405486733,-0.7293175161351779,0.35381199111769057,8.580310880829016,24,0.03945838595161044,-0.22136167111901928,-0.495113338846804,-0.22008521368154588,True,True
COO,"The Cooper Companies, Inc. Common Stock",Individual equity,,1,easy_to_borrow,2679,2016-01-04,2026-08-28,0.2769718719258063,28240846.0,0.07527924974156264,-0.48235913638757255,0.10524162259086878,0.6442289474286508,0.4278015433316641,-0.24600571043119757,0.5587905935050392,17.213885778275476,92,0.09481883848735673,0.847757408039871,0.4873178533367339,-0.19457288059142264,0.3254945875326614,9.03023516237402,49,-0.001826230295297493,0.05848046104337813,-0.004764637841945456,-0.3832883748729625,0.2523329600597238,9.312430011198208,49,0.01042278410351205,-0.2035284606112202,-0.059516310005069795,-0.05143282983977493,True,True
COP,ConocoPhillips,Individual equity,,1,easy_to_borrow,2679,2016-01-04,2026-08-28,0.3810179078933418,442847748.0,0.13553576437286075,-0.7019954203467453,0.2053211991014785,0.8780009994930633,0.8860542833588411,-0.23172530504920086,0.5293019783501306,18.154535274356103,98,0.19334683090105864,1.1226419975836226,0.9061202586421806,-0.21337877512063186,0.3184023889511012,9.312430011198208,50,0.009801796254074846,0.14329800528654055,0.035481744038060266,-0.2762489984584956,0.22209779768570362,9.218365061590145,50,0.01197436820041986,-0.24464099809055928,-0.020065975283339532,-0.018346529928569,True,True
COPX,Global X Copper Miners ETF (NEW),Thematic/industry ETF,,1,easy_to_borrow,2679,2016-01-04,2026-08-28,0.3683332446690798,7428822.38,0.24208573385315013,-0.6540728612361849,0.36187952544510815,1.2866297351199778,1.218153727192333,-0.29707213249610764,0.524822695035461,19.84770436730123,105,0.3346077441379296,1.696961941999376,2.2525257841108215,-0.14854779754275493,0.3146696528555431,10.253079507278835,54,0.02563629602530959,0.2263685005601655,0.07231649077765467,-0.35450138342762394,0.21313923105636431,9.782754759238522,52,0.027271781307178555,-0.4103322068793982,-1.0343720569184884,-0.1485243349533527,True,True
COR,"Cencora, Inc.",Individual equity,,0,hard_to_borrow,2679,2016-01-04,2026-08-28,0.27364748442052583,154304418.52,0.1544969834783556,-0.32443024722841063,0.12757319187011307,0.7820177079670487,0.30655862642086534,-0.4161461491381149,0.5349010824934677,17.11982082866741,94,0.15702038567972942,1.2242289693877653,1.115055992078388,-0.14081838651622702,0.3624486748786861,10.159014557670773,57,-0.019192397070461498,-0.09725289693135106,-0.038192916532883,-0.5025119528103437,0.19335572974990667,7.148936170212766,39,-0.029447193809616357,-0.44221126142071654,-0.8084973656575227,-0.27532776262188785,False,True
COST,Costco Wholesale Corporation Common Stock,Individual equity,,1,easy_to_borrow,2679,2016-01-04,2026-08-28,0.2185888264583338,849491950.16,0.2020568082600689,-0.3140267109542588,0.24426553329820955,1.6201624094077267,1.9088221596017012,-0.1279666269953501,0.5793206420306084,15.426651735722285,83,0.2190482218152905,1.8900503154139654,2.3065442030052443,-0.094968143914124,0.41955953714072414,9.03023516237402,49,0.03142639907052325,0.3752993815546429,0.16593648062088387,-0.1893881258234188,0.17543859649122806,6.58454647256439,35,0.025217311482919058,-0.2698879060062387,-0.3977220434035431,-0.032998483081226104,True,True
CPAY,"Corpay, Inc.",Individual equity,,1,easy_to_borrow,2679,2016-01-04,2026-08-28,0.3281101842164634,140094800.46,0.10535238593802432,-0.5012923825452336,0.0859409155926949,0.522371763595418,0.19833052824294398,-0.4333216694074551,0.5408734602463606,18.34266517357223,99,0.09798866795824068,0.7682551524383003,0.3801507316612754,-0.2577626709542973,0.3654348637551325,10.441209406494961,55,-0.010166625549192898,0.0008214081876189974,-0.03270079604384967,-0.3108984116337751,0.19260918253079506,8.653975363941768,48,-0.012047752365545783,-0.2458833888428823,-0.1818202034183314,-0.1755589984531578,False,False
CPER,United States Copper Index Fund,Commodity ETF,,1,easy_to_borrow,2679,2016-01-04,2026-08-28,0.2428179697325217,1193201.54,0.10397532258703479,-0.38422714126386925,0.10755716639767288,0.7719225825048363,0.522367655442056,-0.20590318959670684,0.45427398282941395,20.694288913773796,113,0.10089216381955768,0.9409723959238464,0.6175419049775794,-0.16337703240271717,0.2702500933184024,12.040313549832026,66,0.003875856338319661,0.08858700602023262,0.017500755656162745,-0.22146794198311148,0.1952220977976857,9.03023516237402,49,0.006665002578115198,-0.16904981341901015,-0.09517424953552345,-0.04252615719398967,True,False
CPRT,"Copart, Inc. (DE) Common Stock",Individual equity,,1,easy_to_borrow,2679,2016-01-04,2026-08-28,0.27734150759572956,39085398.24,0.2009572620899187,-0.5744047619047621,0.19215370841210966,0.9881376910733892,0.7790884360088344,-0.24663914843414614,0.6326987681970885,16.461366181410973,88,0.19414367764842488,1.4176352085710335,1.3222315102036812,-0.1468303214302602,0.42627846211272863,10.06494960806271,53,0.0014435000956394273,0.08559255469388125,0.004037858054035678,-0.35749154039645015,0.22284434490481522,6.7726763717805145,38,-0.0019899692363152255,-0.4294975174976443,-0.5431430741948469,-0.09980882700388594,False,False
CPT,Camden Property Trust,Individual equity,,1,easy_to_borrow,2679,2016-01-04,2026-08-28,0.24155549985801908,65233192.010000005,0.07290852435795014,-0.502174772637406,0.05168560070688244,0.38772069732804376,0.18668481606362367,-0.2768602278252109,0.5595371407241508,17.213885778275476,92,0.04732381119411144,0.48383886602629583,0.22544876234361858,-0.20990938562786465,0.3736468831653602,9.782754759238522,53,0.003580721926788266,0.09080403630797024,0.011670039455980481,-0.3068303188086715,0.18962299365434865,7.807390817469205,41,0.004361789512770997,-0.09611816869825207,-0.03876394627999491,-0.06695084219734626,False,False
CRDO,Credo Technology Group Holding Ltd Ordinary Shares,Individual equity,,1,easy_to_borrow,1151,2022-01-27,2026-08-28,0.8254536153572605,53441473.68000001,0.9263956919322389,-0.6203512396694213,0.3747742079077687,0.8284256520016672,0.7504872840678665,-0.4993744942304418,0.579496090356212,20.142484795829713,47,0.557647678467514,1.2162509898623148,2.3187562841491287,-0.24049430389884363,0.3266724587315378,13.136403127715031,31,-0.13315550754587935,-0.1718518495668947,-0.19287164903587195,-0.6903840362826675,0.26064291920069504,7.443961772371851,17,-0.18287347055974523,-0.38782533786064766,-1.5682690000812622,-0.25888019033159815,False,False
CRH,CRH Public Limited Company,Individual equity,,1,easy_to_borrow,2679,2016-01-04,2026-08-28,0.30947324202425425,23120239.8,0.146883949092806,-0.5326917633739028,0.11756259746728825,0.6540158264569511,0.2899132663824716,-0.4055095475078825,0.5020530048525569,18.907054871220605,100,0.09636200109091253,0.7255808558022513,0.4259832213182511,-0.22621079016377665,0.3508771929824561,10.347144456886898,55,0.028649855108251243,0.26564951052282304,0.10326837205158819,-0.2774310714798436,0.15714818962299365,8.748040313549831,46,0.021200596376375724,-0.07156502934530018,-0.1360699549357795,-0.17929875734410583,False,False
CRL,"Charles River Laboratories International, Inc.",Individual equity,,1,easy_to_borrow,2679,2016-01-04,2026-08-28,0.37540834274905377,83227873.41,0.13168508524687628,-0.782347807113244,0.1934823816032556,0.8526920687865006,0.7737254482686076,-0.25006594010345384,0.503919372900336,15.896976483762597,84,0.18747343102373137,1.140621400683703,1.1672395913495597,-0.16061263892443456,0.3482642777155655,9.688689809630459,51,0.01035457328901912,0.1471517081397287,0.035054174442368156,-0.29538773780118144,0.1795446061963419,7.148936170212766,38,0.006008950579524219,-0.2879293318972024,-0.3935141430809521,-0.08945330117901928,True,True
CRM,"Salesforce, Inc.",Individual equity,,1,easy_to_borrow,2679,2016-01-04,2026-08-28,0.36394589506391195,1098347303.8999999,0.12183946076151764,-0.5866967677991302,0.11646359203433865,0.5918091508251858,0.4089824747812953,-0.28476426061194415,0.5367674505412467,17.778275475923852,96,0.11529612446201498,0.7382550207158772,0.4112480763347803,-0.28035662923844806,0.3654348637551325,10.817469204927212,59,0.002932555161152095,0.09799134805525028,0.008894099063248897,-0.32971919250029935,0.18103770063456515,7.901455767077267,42,0.001167467572323666,-0.14644586989069142,-0.002265601553484986,-0.00440763137349609,False,False
CRWD,"CrowdStrike Holdings, Inc. Class A Common Stock",Individual equity,,1,easy_to_borrow,1814,2019-06-12,2026-08-28,0.5633667431793549,194254390.26,0.45757584196046786,-0.6769440654843113,0.45269363303317456,1.134535361407726,1.2607866218208297,-0.3590565010750144,0.5661521499448732,16.531422271223814,59,0.3692169053403138,1.2727009986622408,1.5613882654170614,-0.2364670681329173,0.37045203969129,10.41896361631753,37,0.058521192719920734,0.33932758456283396,0.12660608079036376,-0.46223050547485944,0.20452039691289967,6.390297684674752,23,0.08347672769286074,-0.1381656372545148,-0.30060164359623176,-0.12258943294209712,False,False
CRWV,"CoreWeave, Inc. Class A Common Stock",Individual equity,,1,easy_to_borrow,357,2025-03-28,2026-08-28,1.1333006374790005,2352518196.1,0.6915590365198032,-0.6687002941496899,0.24792940528424356,0.6756877044075432,0.3961056459378245,-0.6259173728696619,0.5546218487394958,18.352941176470587,13,0.9281374838057106,1.360811896558845,2.283823137587763,-0.4063963923169791,0.27450980392156865,8.470588235294118,6,-0.2058262748274755,-0.17529318607370312,-0.374183770316164,-0.5500673496703612,0.2969187675070028,9.88235294117647,7,-0.680208078521467,-0.6851241921513017,-1.8877174916499384,-0.21952098055268277,False,True
CSCO,"Cisco Systems, Inc. Common Stock (DE)",Individual equity,,1,easy_to_borrow,2679,2016-01-04,2026-08-28,0.26142829792811595,867396233.88,0.1779725257880942,-0.4194637956512559,0.1874044835891877,1.0063588531028018,0.9734995789748452,-0.19250597292146354,0.6043299738708473,17.02575587905935,91,0.19216968924275335,1.4240458831836615,1.6154952968686482,-0.1189540381920271,0.4076147816349384,10.159014557670773,55,0.001842684132050243,0.08185388951197915,0.00882332666870133,-0.20884233365026939,0.20716685330347145,7.6192609182530795,41,-0.004765205653565641,-0.4176870300808597,-0.641995717893803,-0.07355193472943644,True,True
CSGP,"CoStar Group, Inc. Common Stock",Individual equity,,1,easy_to_borrow,2679,2016-01-04,2026-08-28,0.3323805038550935,35642668.38,0.047114801438572274,-0.7278925205534397,0.06977186808125824,0.4206231380919318,0.17891589721058354,-0.3899701992335367,0.5520716685330347,17.4020156774916,93,0.09749593406162127,0.71766318876193,0.45839859629301477,-0.21268811652141384,0.3426651735722284,10.06494960806271,53,-0.019070026002528717,-0.03599370024754025,-0.050271982159177046,-0.37933706178815396,0.21761851437103397,7.525195968645017,41,-0.027724065980363033,-0.2970400506699982,-0.27948269908243123,-0.17728208271212287,True,True
CSX,CSX Corporation Common Stock,Individual equity,,1,easy_to_borrow,2679,2016-01-04,2026-08-28,0.3450184395231804,364448656.42,0.08248769753899032,-0.7384791428274209,0.19168621593629687,0.7333170505146891,0.5584366992687485,-0.34325504786362115,0.6368047779022024,16.743561030235163,89,0.11431799177877378,0.8930314588188812,0.8182883442549196,-0.13970380072181565,0.42851810377006344,10.535274356103024,56,0.06611074669854822,0.35323512376014204,0.1977338958853283,-0.33434200242980994,0.22359089212392683,6.96080627099664,37,0.07736822415752309,-0.15971440830419215,-0.2598516449861711,-0.2035512471418055,True,True
CTAS,Cintas Corporation Common Stock,Individual equity,,1,easy_to_borrow,2679,2016-01-04,2026-08-28,0.2642676510437629,39862580.07,0.24543346017335632,-0.4837443946188338,0.18589643959079738,0.9929549440798171,0.7586776385489905,-0.2450269128088891,0.5576707726763718,15.238521836506159,82,0.15460752513886766,1.2498225321197671,0.9172738024004069,-0.16855111825310654,0.3997760358342665,10.159014557670773,54,0.035908132193537945,0.30809951105000816,0.13078073957222283,-0.2745674348607572,0.17506532288167226,5.4557670772676365,31,0.03128891445192972,-0.25686758803995,-0.1585961638514164,-0.07647579455578257,False,False
CTSH,Cognizant Technology Solutions Corporation Class A Common Stock,Individual equity,,1,easy_to_borrow,2679,2016-01-04,2026-08-28,0.2956786194201899,237298465.01999998,0.02236689060836272,-0.5608531994981181,0.16333310985981253,0.8388465168752858,0.7653488736192248,-0.21341000880740013,0.5390070921985816,16.837625979843224,90,0.08689302888826078,0.7439238801248869,0.36171198640077196,-0.24022712034758087,0.3240014930944382,9.500559910414333,50,0.06289944243940271,0.4409105872558346,0.21738055137622284,-0.2893517476204298,0.24412094064949608,8.277715565509519,45,0.07644008097155175,0.09492263675039891,0.4036368872184528,0.026817111540180738,True,True
CTVA,"Corteva, Inc. Common Stock",Individual equity,,1,easy_to_borrow,1821,2019-06-03,2026-08-28,0.3249744783372404,175138335.0,0.19822941291906804,-0.34758450378144745,0.08715902519849261,0.4995605995547048,0.34824798860006734,-0.2502786176852473,0.515650741350906,16.606260296540363,60,0.10421247340563489,0.7177614363410595,0.4742246221715703,-0.2197534006741888,0.3415705656232839,10.240527182866556,37,-0.04154149098955773,-0.20066584593694495,-0.11364392718599628,-0.3655407905920789,0.2026359143327842,8.026359143327841,30,-0.017053448207142274,-0.2182008367863547,-0.12597663357150296,-0.03052521701105848,False,False
CVNA,Carvana Co.,Individual equity,,1,easy_to_borrow,2347,2017-04-28,2026-08-28,0.9859489926885353,57528117.54,0.4572644935101904,-0.9899486625236422,0.6869978300649939,1.093626271866509,1.2718834518777289,-0.5401421246976312,0.5440988495952279,16.749893481039624,79,0.6286201364670869,1.328493555727681,2.1419024899200685,-0.2934868134405809,0.2829143587558585,9.448657861099276,45,0.06921200801184413,0.401720497285498,0.10084754904707775,-0.6863033228456005,0.27226246271836385,7.730720068172134,36,0.05837769359790701,-0.23486728386117184,-0.8700190380423396,-0.2466553112570503,True,True
CVS,CVS HEALTH CORPORATION,Individual equity,,1,easy_to_borrow,2679,2016-01-04,2026-08-28,0.2843293906613112,467334105.36,0.0272435312132544,-0.5678323151464086,0.14305089770611712,0.845400186222338,0.7367964269373822,-0.1941525399366174,0.5035460992907801,18.06047032474804,96,0.13087057492489595,1.083202863232783,1.111497426641124,-0.11774258022385053,0.2978723404255319,9.970884658454647,53,0.012090099533355492,0.15557724623256083,0.039213980703273234,-0.30831094718079255,0.21948488241881298,8.748040313549831,46,0.012180322781221165,-0.237802677010445,-0.3747009997037417,-0.07640995971276687,True,True
CVX,Chevron Corporation,Individual equity,,1,easy_to_borrow,2679,2016-01-04,2026-08-28,0.2882042591515674,857052562.4,0.12752632139300868,-0.5577818693815664,0.12400381846900133,0.6672003614312729,0.4385104206876976,-0.282784199916005,0.5464725643896976,16.837625979843224,91,0.12566217222907516,0.9190982799425284,0.738397949015577,-0.17018217940150893,0.38596491228070173,10.441209406494961,56,-0.0018312337894206276,0.06666124600218215,-0.005403096660465114,-0.33892301109841516,0.17506532288167226,7.148936170212766,39,-0.0016583537600738385,-0.2518979185112554,-0.2998875283278794,-0.11260202051449608,False,False
D,"Dominion Energy, Inc Common Stock",Individual equity,,1,easy_to_borrow,2679,2016-01-04,2026-08-28,0.23295392406542867,212343698.49,0.040638203385612526,-0.5220567962503437,0.019192745861666305,0.19968699036127693,0.06678324753996061,-0.28738862766717177,0.6084359835759612,17.11982082866741,93,0.036615065851034245,0.40936257724305475,0.2503382964070831,-0.14626234330321286,0.3706606942889138,9.03023516237402,49,-0.008370844386643483,-0.0013748631958623912,-0.03204749077462899,-0.26120124179177306,0.2639044419559537,8.653975363941768,46,-0.01742231998936794,-0.20967558688177781,-0.18355504886712248,-0.1411262843639589,False,False
DAL,"Delta Air Lines, Inc.",Individual equity,,1,easy_to_borrow,2679,2016-01-04,2026-08-28,0.41626611232657795,410578598.0,0.060945917300500474,-0.6918469217970049,0.21751748672983173,0.8342503605677194,0.4084771805847181,-0.5325082943885984,0.555431131019037,17.684210526315788,94,0.1773474660152936,1.012208110165288,0.8246742599451068,-0.21505153565372404,0.3385591638671146,9.782754759238522,52,0.04130980902584791,0.2923906429404867,0.07224574615610342,-0.5717957281054118,0.22508398656215006,8.465845464725643,45,0.040170020714538124,-0.1779577495975686,-0.4161970793603887,-0.31745675873487433,True,True
DASH,"DoorDash, Inc. Class A Common Stock",Individual equity,,1,easy_to_borrow,1436,2020-12-09,2026-08-28,0.5664772221206219,471769532.695,0.039822050691215694,-0.8249380005691749,0.3511205396441861,0.9018345897246505,0.9100525018060477,-0.3858244869909908,0.685933147632312,14.565459610027855,43,0.3195014247821364,1.2128412568092777,1.3637915203689859,-0.23427438872452622,0.40668523676880225,7.545961002785515,22,0.05984377563321175,0.3412239035234234,0.16102003777591226,-0.37165421434377566,0.30779944289693595,7.370473537604457,22,0.03161911486204971,-0.3110066670846272,-0.4537390185629382,-0.1515500982664646,True,True
DBA,Invesco DB Agriculture Fund,Commodity ETF,,1,easy_to_borrow,2679,2016-01-04,2026-08-28,0.13019128040091613,9244186.4,0.050095963979003955,-0.4055299539170477,0.06374047525621251,0.7375649319146366,0.26763689810823754,-0.2381602675369322,0.528555431131019,19.283314669652853,104,0.06484990583458994,1.0033936017231653,0.5734434498759493,-0.11308858065885774,0.3030981709593132,9.876819708846584,53,0.002956587177986192,0.07842602198840576,0.01111961135037488,-0.2658894348754838,0.2374020156774916,9.40649496080627,51,-0.0011094305783774239,-0.2658286698085287,-0.30580655176771177,-0.12507168687807446,True,True
DBC,Invesco DB Commodity Index Tracking Fund,Commodity ETF,,1,easy_to_borrow,2679,2016-01-04,2026-08-28,0.180098378363794,23546067.439999998,0.10109910329811456,-0.40943762120232796,0.1062765379788484,0.8851980604107419,0.4256950359435068,-0.24965416320464717,0.5397536394176932,20.412094064949606,109,0.09095534163775287,1.088612497202602,0.6025671325253857,-0.1509464036920749,0.3493840985442329,12.322508398656215,66,0.01676734924289991,0.2277829467706037,0.07012215811789353,-0.2391162749827187,0.1941022769690183,8.277715565509519,44,0.015321196341095522,-0.20341443679186,-0.1768720965818789,-0.09870775951257227,True,False
DD,"DuPont de Nemours, Inc. Common Stock",Individual equity,,1,easy_to_borrow,2679,2016-01-04,2026-08-28,0.8327346329393048,217924919.4,0.17055294997930037,-0.6202798254851812,0.11403428656274173,0.5913254738339562,0.3467880613291091,-0.32882990875086904,0.5576707726763718,17.307950727883537,93,0.08090338407753839,0.6232570091336135,0.34535465966007656,-0.23426174170393255,0.3620754012691303,9.782754759238522,52,0.024357561992690124,0.22386636196951534,0.06063291532024584,-0.4017217688451957,0.20977976857036207,8.089585666293393,44,0.03313090248520334,-0.03193153529965731,0.0014334016690325524,-0.09456816704693649,False,False
DDOG,"Datadog, Inc. Class A Common Stock",Individual equity,,1,easy_to_borrow,1745,2019-09-19,2026-08-28,0.602089862494187,422341111.92,0.304802501053824,-0.6810643060643056,0.2832166777904841,0.8142051641342132,0.5168537563430631,-0.5479628895305895,0.5048710601719197,17.618338108882522,62,0.3985748961844675,1.3204105579091083,1.360899506989798,-0.2928760677311756,0.27621776504297996,8.953581661891118,32,-0.07910926151535858,-0.12316241313308376,-0.1291605070528086,-0.6124880067481768,0.2510028653295129,9.097994269340974,31,-0.11535821839398341,-0.5062053937748952,-0.8440457506467349,-0.2550868217994139,False,True
DE,Deere & Company,Individual equity,,1,easy_to_borrow,2679,2016-01-04,2026-08-28,0.3032279550817114,431234282.7,0.23995153846922035,-0.3790937366591448,0.12096399315227435,0.654151361177884,0.4396721900460651,-0.27512313921788134,0.5393803658081374,18.43673012318029,98,0.14608317150884376,1.0032377433186181,0.6713043769761794,-0.21761093256513564,0.372153788727137,10.629339305711087,56,-0.022833651079303685,-0.08183760041716873,-0.057538588512536855,-0.3968406537176099,0.1791713325867861,8.277715565509519,44,-0.025119178356569405,-0.3490863821407342,-0.23163218693011428,-0.0575122066527457,False,False
DECK,Deckers Outdoor Corp,Individual equity,,1,easy_to_borrow,2679,2016-01-04,2026-08-28,0.42125158736587054,18420693.32,0.25481186816835155,-0.643494240509165,0.26999899327752996,1.0186421985179643,0.8156781412314783,-0.33101168172766804,0.5460992907801419,18.154535274356103,97,0.18199415849466982,1.0407208188509671,1.118635360196556,-0.16269301415851145,0.3538633818589026,10.535274356103024,56,0.09578656465300761,0.5348521367369417,0.2398328129676523,-0.3993889054119001,0.2127659574468085,7.807390817469205,42,0.08800483478286014,-0.022078620333002785,-0.30295721896507766,-0.1683186675691566,True,False
DELL,Dell Technologies Inc.,Individual equity,,1,easy_to_borrow,1927,2018-12-28,2026-08-28,0.4882246412460881,181930275.78,0.4964326609671732,-0.5958896201362429,0.38220839374518234,1.1394421898037679,1.2304126127459019,-0.3106343268801601,0.5588998443175921,19.22366372599896,73,0.3030427061227814,1.146751518236957,1.4085379479788667,-0.21514699448291197,0.376751427088739,12.946549039958484,49,0.07061458417941413,0.4314962064281157,0.26902032091540035,-0.262487918901935,0.18578100674623768,6.538661131292164,25,0.07916568762240095,-0.0073093284331890995,-0.1781253352329648,-0.09548733239724816,False,False
DG,Dollar General Corp.,Individual equity,,1,easy_to_borrow,2679,2016-01-04,2026-08-28,0.3151208362802095,293109661.84,0.06512179897276837,-0.7260822868473236,0.14153424492815336,0.7908005095544465,0.6018339968381279,-0.23517156835894248,0.5449794699514744,16.931690929451285,94,0.11372681966966325,0.8939813935223001,0.8624368369017573,-0.1318668391742388,0.3299738708473311,9.40649496080627,52,0.0058178683286949084,0.1108532559567239,0.015789561519712492,-0.3684629444225912,0.23068309070548712,9.03023516237402,50,0.027807425258490115,-0.10318088396785363,-0.26060284006362944,-0.10330472918470368,True,True
DGX,Quest Diagnostics Inc.,Individual equity,,1,easy_to_borrow,2679,2016-01-04,2026-08-28,0.23679992797195848,117197813.50000001,0.1457637338069171,-0.36596874078442954,0.10306088761889876,0.7355784204180503,0.43034303609398583,-0.23948543133015987,0.5636431504292646,16.6494960806271,89,0.09298700715292685,0.8746763361340995,0.5381189361887347,-0.17280010216981745,0.3553564762971258,10.441209406494961,55,0.006163527235603095,0.1105024791510766,0.03846696300906943,-0.16022910969472448,0.22135125046659201,7.148936170212766,39,0.010073880465971907,-0.13909791571604913,-0.10777590009474891,-0.06668532916034242,False,False
DHI,D.R. Horton Inc.,Individual equity,,1,easy_to_borrow,2679,2016-01-04,2026-08-28,0.35631554524416437,241212554.7,0.17334724395081058,-0.5361269184342131,0.21620137156096186,0.9181285174972156,0.6021932367652209,-0.35902324762450466,0.562896603210153,16.179171332586787,88,0.1944540212644834,1.1379247043320995,0.8715328549664142,-0.22311725846752728,0.3490108249346771,9.03023516237402,48,0.03722610207759636,0.2902155620953132,0.11651208584532406,-0.3195042111512446,0.22769690182904068,7.148936170212766,40,0.02174735029647845,-0.2197961868348839,-0.26933961820119334,-0.13590598915697738,True,True
DHR,Danaher Corporation,Individual equity,,1,easy_to_borrow,2679,2016-01-04,2026-08-28,0.2556089644903905,467604949.34999996,0.13275847777980898,-0.42902074424850756,0.12206235083032113,0.7761283297673944,0.4511762577473664,-0.27054249583024215,0.5759611795446062,17.4020156774916,93,0.1168198093274937,0.9717881218600769,0.6788898153941149,-0.17207477071912836,0.3964165733482643,10.06494960806271,53,0.013104034996725522,0.16904616423918112,0.03896168388770048,-0.3363313309171998,0.20119447555057857,8.277715565509519,45,0.005242541502827436,-0.19565979209268247,-0.22771355764674844,-0.09846772511111379,False,False
DIA,State Street SPDR Dow Jones Industrial Average ETF Trust,Broad index ETF,Indices,1,easy_to_borrow,2679,2016-01-04,2026-08-28,0.1712873088504477,1017116989.79,0.1349644389222402,-0.368188736681887,0.12771843030150798,1.0378410664082065,0.916021087354433,-0.13942739098984336,0.6200074654721911,17.307950727883537,93,0.12874743005556288,1.6499956852392823,2.285074675677591,-0.05634276701149188,0.5080253826054498,10.159014557670773,54,-0.0018304616760158599,0.030791723701353132,-0.007755674843828174,-0.23601578365195497,0.1261664800298619,7.713325867861142,44,-0.0010289997540549045,-0.6121546188310758,-1.369053588323158,-0.08308462397835148,False,False
DIS,The Walt Disney Company,Individual equity,,1,easy_to_borrow,2679,2016-01-04,2026-08-28,0.28815174281793027,1019937234.68,0.013030946833458179,-0.6071209644462618,0.17003103152531907,0.8672864215793262,0.7121560953007076,-0.23875528503835042,0.5300485255692422,16.837625979843224,89,0.11946167783689376,0.919340382676154,0.6655309610652502,-0.1794983025968967,0.2773422918999627,7.99552071668533,42,0.05582189827411299,0.41838691987879884,0.28653465443540543,-0.19481726698680046,0.2646509891750653,9.03023516237402,48,0.0505693536884253,-0.052053961096827805,0.04662513423545733,-0.05925698244145372,True,True
DLR,"Digital Realty Trust, Inc.",Individual equity,,1,easy_to_borrow,2679,2016-01-04,2026-08-28,0.28233303052027703,183917370.45,0.12490852007008124,-0.485158987241358,0.12098988235909158,0.685506757994254,0.4193498818594548,-0.2885177451883517,0.6058230683090705,16.367301231802912,88,0.12773880696813822,0.9307836994167965,0.6563042246693118,-0.1946335284257864,0.3870847331093692,9.03023516237402,48,-0.005288738111072,0.031556603247623854,-0.012914101468167651,-0.40953202389716126,0.23105636431504292,8.277715565509519,45,-0.006748924609046636,-0.24527694142254253,-0.236954342809857,-0.09388421676256531,False,True
DLTR,Dollar Tree Inc. Common Stock,Individual equity,,1,easy_to_borrow,2679,2016-01-04,2026-08-28,0.3669699228929965,262380487.41,0.046877025145758644,-0.6483800551470589,0.2365237993305478,1.0844698219066378,1.0117198312432647,-0.2337838915739079,0.6155281821575215,16.367301231802912,89,0.1727260297323323,1.147864402975244,1.0314262363676687,-0.16746328883451178,0.3508771929824561,8.465845464725643,46,0.07262381440514165,0.5006501495845626,0.2749467117869447,-0.26413778122001186,0.2825681224337439,8.277715565509519,45,0.06379776959821548,-0.06339458106860629,-0.019706405124404025,-0.0663206027393961,True,True
DOC,"Healthpeak Properties, Inc.",Individual equity,,1,easy_to_borrow,2679,2016-01-04,2026-08-28,0.29784873415184226,68813069.16000001,0.049585668054682674,-0.4870235198702352,0.10031284336857271,0.6033804836037171,0.3018890774406043,-0.3322837785951661,0.5617767823814857,16.367301231802912,88,0.08507375089729607,0.7157710050894808,0.532547589218456,-0.15974863583956256,0.3583426651735722,9.03023516237402,49,0.009552157789856963,0.13767574706514515,0.023617420360344196,-0.4044539007272745,0.21911160880925717,8.089585666293393,43,0.015239092471276638,-0.11239052148576367,-0.23065851177785174,-0.17253514275560355,True,True
DOV,Dover Corporation,Individual equity,,1,easy_to_borrow,2679,2016-01-04,2026-08-28,0.2738506098247621,112586557.72,0.1350219368553809,-0.4524199417758369,0.14926062708213972,0.8052335298944719,0.6635387145994717,-0.224946372831067,0.6338185890257558,17.11982082866741,92,0.12894359430388924,0.9858887336196424,0.9708807828489003,-0.13281094505292823,0.4423292273236282,9.782754759238522,52,0.012575573314671518,0.15739989551065853,0.034866386379804534,-0.3606789983247475,0.21015304217991787,8.089585666293393,45,0.020317032778250477,-0.1806552037251704,-0.30734206824942867,-0.09213542777813877,True,False
DOW,Dow Inc.,Individual equity,,1,easy_to_borrow,2679,2016-01-04,2026-08-28,0.32759700403475045,223541631.39000002,-0.0034446990397604127,-0.6493622734392491,0.15316156821148819,0.7532528854841131,0.5094206755074048,-0.30065832734200026,0.5893990294886151,15.050391937290033,81,0.05186435621260732,0.4325174992858267,0.23353534555086414,-0.22208353981822093,0.4072415080253826,8.277715565509519,44,0.1019190570579267,0.6456360819446656,0.35527253749069176,-0.28687569767645493,0.1866368047779022,6.96080627099664,38,0.10129721199888087,0.32073538619828634,0.27588532995654064,-0.07857478752377933,True,True
DPZ,Domino's Pizza Inc Common Stock,Individual equity,,1,easy_to_borrow,2679,2016-01-04,2026-08-28,0.30152467721917314,198003412.64000002,0.12861122861181506,-0.47813162677976306,0.1752229834707819,0.85520929395749,0.659182118632198,-0.2658187752944048,0.6117954460619635,16.555431131019038,88,0.18257080186564267,1.087942608526905,0.94317999342509,-0.19356941743712142,0.3818589025755879,9.218365061590145,49,0.00800109814599348,0.1264258734390042,0.04201425238997335,-0.19043771317713443,0.25009331840238896,7.525195968645017,40,-0.007347818394860761,-0.23273331456941504,-0.28399787479289196,-0.07224935785728337,True,True
DRI,"Darden Restaurants, Inc.",Individual equity,,1,easy_to_borrow,2679,2016-01-04,2026-08-28,0.35297499873252614,149612554.3,0.15643675623525044,-0.7279862174578866,0.09784087456700918,0.5150554984054349,0.2315103196464822,-0.4226199277700141,0.5397536394176932,16.931690929451285,90,0.07131905714471731,0.5492196951822552,0.2639029490314413,-0.2702472913109447,0.3650615901455767,10.347144456886898,55,0.023131282922680185,0.2110523993191099,0.05123129079920544,-0.45150693183469304,0.19223590892123926,7.525195968645017,40,0.02652181742229187,-0.034164196776820366,-0.0323926293849591,-0.1523726364590694,False,False
DTE,DTE Energy Company,Individual equity,,1,easy_to_borrow,2679,2016-01-04,2026-08-28,0.2230526635052177,103246482.01,0.10364139201199074,-0.43758127438231476,0.05515864410094573,0.4064562143038735,0.19821307715973366,-0.27827954084227813,0.606942889137738,17.4020156774916,94,0.06831183546219455,0.703138045551445,0.5328551627928827,-0.12819963140480428,0.41209406494960804,9.970884658454647,54,0.004865855924117701,0.10251888522396099,0.02018985717451006,-0.2410049700728395,0.20567375886524822,7.807390817469205,41,-0.013153191361248817,-0.29668183124757147,-0.334642085633149,-0.15007990943747385,False,False
DUK,Duke Energy Corporation,Individual equity,,1,easy_to_borrow,2679,2016-01-04,2026-08-28,0.20212037958215917,251890387.76000002,0.09462345281945073,-0.3736457545981353,0.04812157050886956,0.393088675920304,0.1745128106740967,-0.27574806871191115,0.6028368794326241,15.99104143337066,86,0.07062422766020582,0.7596918656317123,0.5528886434702867,-0.12773680287032574,0.41246733855916384,8.842105263157894,47,-0.022764260002602787,-0.14200399297873026,-0.08154234385021161,-0.2791710285446217,0.2112728630085853,7.901455767077267,43,-0.02250265715133626,-0.3666031897114083,-0.3783758327961899,-0.14801126584158542,False,False
DVA,DaVita Inc.,Individual equity,,1,easy_to_borrow,2679,2016-01-04,2026-08-28,0.34447900754657507,92378540.1,0.09526884262994395,-0.5109881895649572,0.14499638793197756,0.744990896624742,0.5845540777546205,-0.24804614910725675,0.5177304964539007,18.34266517357223,102,0.15958991640764175,1.009565532682005,0.6806336459909211,-0.2344725644223743,0.3355729749906682,9.970884658454647,55,0.0068800571074907335,0.11913871473294996,0.02037762268706995,-0.3376280547120092,0.20754012691302726,8.748040313549831,48,-0.014593528475664197,-0.26457463605726295,-0.0960795682363006,-0.013573584684882456,True,True
DVN,Devon Energy Corporation,Individual equity,,1,easy_to_borrow,2679,2016-01-04,2026-08-28,0.5064444916228694,230079244.5,0.07330719022631538,-0.8851280558789287,0.33289853094139565,0.9571446844312121,0.9979875317560972,-0.3335698296306514,0.5584173198954834,17.966405375139978,97,0.2085185544012207,0.9236980755036741,0.9174729026860751,-0.22727489148806823,0.2937663307204181,9.688689809630459,53,0.11186729895443959,0.507137952792169,0.23154171818098804,-0.483141007302178,0.2721164613661814,8.465845464725643,45,0.12437997654017496,0.033446608927538035,0.08051462907002216,-0.10629493814258317,True,True
DXCM,"DexCom, Inc. Common Stock",Individual equity,,1,easy_to_borrow,2679,2016-01-04,2026-08-28,0.4841753592500108,92570101.6,0.15504412991402594,-0.6631863407443803,0.31878550430199826,0.9953069648140113,0.9240202760838824,-0.34499838645646663,0.5550578574094811,15.520716685330347,83,0.18621989866667965,0.9635860653537516,0.5114175225162139,-0.3641249868609572,0.3355729749906682,9.688689809630459,51,0.10551770454465048,0.5004968406442595,0.49214663884107307,-0.21440297711496692,0.22807017543859648,6.58454647256439,36,0.1325656056353186,0.03172089946025969,0.4126027535676685,0.019126600404490546,True,True
EBAY,eBay Inc. Common Stock,Individual equity,,1,easy_to_borrow,2679,2016-01-04,2026-08-28,0.31192898410103476,311859683.71999997,0.15272519557301045,-0.5358352526757888,0.18144345760974034,0.9037630404655301,1.0601901934976692,-0.171142365513815,0.5296752519596865,17.02575587905935,91,0.1817487422060171,1.1757027901503707,1.5301018036539462,-0.1187821240207636,0.3314669652855543,9.782754759238522,52,-0.009044838857776516,0.00912586653445976,-0.029965701266924237,-0.30183971925796693,0.2120194102276969,8.559910414333705,46,-0.00030528459627676696,-0.2719397496848406,-0.469911610156277,-0.05236024149305141,True,True
ECHO,EchoStar Corporation Common Stock,Individual equity,,0,hard_to_borrow,2679,2016-01-04,2026-08-28,0.5354339572881276,12267723.915000001,0.07865020704525794,-0.8444979919678708,0.14324198520924658,0.6100406992563896,0.3089380788361893,-0.46365920882546474,0.5375139977603584,17.213885778275476,91,0.17286298324884108,0.9079829788213598,0.5096094749870121,-0.3392067685814646,0.269130272489735,9.03023516237402,49,0.027504709544534434,0.23450628684895453,0.04809721588562413,-0.5718565833403129,0.2978723404255319,8.371780515117582,45,-0.029620998039594504,-0.2979422795649702,-0.20067139615082286,-0.12445244024400015,True,True
ECL,"Ecolab, Inc.",Individual equity,,1,easy_to_borrow,2679,2016-01-04,2026-08-28,0.24995913003307738,196394824.38,0.10383591256234159,-0.4369946844150622,0.1105392528007747,0.6789115772282386,0.4110197429656199,-0.2689390344201078,0.5905188503172826,15.896976483762597,86,0.10996814136580824,1.0071347731871818,0.6913653746694894,-0.1590593706234985,0.404628592758492,8.936170212765957,48,-0.01831917056064125,-0.05555780768003886,-0.04892155670558157,-0.3744600906894522,0.20119447555057857,8.277715565509519,44,0.0005711114349664648,-0.3282231959589432,-0.28034563170386956,-0.1098796637966093,True,True
ED,"Consolidated Edison, Inc.",Individual equity,,1,easy_to_borrow,2679,2016-01-04,2026-08-28,0.20783722331693982,139920297.79,0.08799962833374408,-0.3091103393000266,0.047974055268339866,0.4154023828534952,0.19160384144615175,-0.2503814897772938,0.5927584919746174,16.6494960806271,89,0.06289140119804504,0.7033117783605486,0.46170569052670074,-0.1362153477603889,0.3471444568868981,9.218365061590145,49,-0.01495390648616024,-0.10265624233690068,-0.05694883589462513,-0.26258493700960095,0.25083986562150057,7.807390817469205,42,-0.014917345929705172,-0.2879093955070534,-0.270101849080549,-0.11416614201690489,False,False
EEM,iShares MSCI Emerging Markets ETF,Broad index ETF,,1,easy_to_borrow,2679,2016-01-04,2026-08-28,0.20834382730206127,1687670625.75,0.09758847081257671,-0.39816799844085105,0.12464162559816194,0.8648403612440096,0.6302205937305093,-0.19777459962131982,0.5879059350503919,20.412094064949606,110,0.1311665290173898,1.2382476190479748,1.062722871058117,-0.12342496109714074,0.3964165733482643,10.629339305711087,56,-0.004930524488612642,0.007015999959662237,-0.01963301233316857,-0.2511343855411772,0.19671519223590891,9.970884658454647,55,-0.0065249034192278454,-0.3734072578039651,-0.4325022773276076,-0.07434963852417908,True,True
EFA,iShares MSCI EAFE ETF,Broad index ETF,,1,easy_to_borrow,2679,2016-01-04,2026-08-28,0.17450188768744843,1187025454.44,0.09215158267617385,-0.3420464316423032,0.06712203000010408,0.565887485887392,0.5009110778245826,-0.13399989134121326,0.6013437849944009,20.788353863381857,111,0.060182511698231744,0.7352256213594875,0.4879825967437091,-0.12332921727091817,0.4483016050765211,12.13437849944009,64,0.0021388886408633123,0.07070198826517236,0.011159450579673347,-0.19166612420500728,0.1620007465472191,8.842105263157894,48,0.006939518301872338,-0.16933813547209553,0.012928481080873466,-0.010670674070295094,False,False
EFX,"Equifax, Incorporated",Individual equity,,1,easy_to_borrow,2679,2016-01-04,2026-08-28,0.31472542166753187,147543295.20000002,0.06554740322961328,-0.49693718751034643,0.2230066728829334,1.0807465387678175,1.0507929577783592,-0.2122270341004432,0.5349010824934677,16.273236282194848,89,0.17834337023878777,1.2207750886776314,0.7374325337241959,-0.24184364275076753,0.3411720791340052,9.124300111982082,49,0.03915856837436804,0.32937615703262496,0.145420529112474,-0.26927813159090663,0.21015304217991787,7.901455767077267,44,0.04466330264414564,-0.14002854990981395,0.3133604240541633,0.02961660865032434,True,True
EG,"Everest Group, Ltd.",Individual equity,,1,easy_to_borrow,2679,2016-01-04,2026-08-28,0.26856789567784006,76217856.03,0.09616037152657597,-0.44207135186731883,0.011161165564402165,0.14933507577735786,0.025209733175369706,-0.4427323957282814,0.5237028742067936,17.684210526315788,96,0.06916671811297048,0.6220242752895051,0.3617635422640063,-0.1911931691073897,0.3583426651735722,9.782754759238522,54,-0.04978240037632542,-0.3717732903117085,-0.09460691384184432,-0.5262025612583383,0.1873833519970138,8.465845464725643,46,-0.05800555254856832,-0.4726891995121473,-0.3365538090886366,-0.2515392266208917,False,False
EIX,Edison International,Individual equity,,1,easy_to_borrow,2679,2016-01-04,2026-08-28,0.27782164187648056,110018628.16000001,0.059154318056645394,-0.4387996513510146,0.12476211645744084,0.7534215971245051,0.746855314704379,-0.1670499144895612,0.5927584919746174,16.931690929451285,92,0.11885950262935263,0.9617147895868969,0.9688492514426843,-0.12268111107312363,0.37812616648002983,8.842105263157894,47,0.009288481381668934,0.13511420247771394,0.042079886846988886,-0.22073446669293006,0.22172452407614782,8.277715565509519,46,0.00590261382808821,-0.20829319246239186,-0.22199393673830525,-0.04436880341643756,True,True
EL,The Estee Lauder Companies Inc. Class A,Individual equity,,1,easy_to_borrow,2679,2016-01-04,2026-08-28,0.36309426747463536,276145334.84999996,0.029094131237992427,-0.8581500852428698,0.23542320373766845,0.9536089965791587,0.8300609925831595,-0.28362157219920514,0.5920119447555058,16.273236282194848,89,0.13883175428092787,0.9108605126548318,0.7787156854745259,-0.17828298167170986,0.3583426651735722,9.312430011198208,51,0.08813410946729361,0.5104906820771759,0.29989449589953104,-0.29388371801535096,0.24748040313549832,7.525195968645017,41,0.09659144945674059,0.04274848392432684,0.05134530710863361,-0.10533859052749528,True,True
ELV,"Elevance Health, Inc.",Individual equity,,1,easy_to_borrow,2679,2016-01-04,2026-08-28,0.30960085527507897,403842655.51,0.1184374545339495,-0.5038180610889772,0.1116967171926706,0.6388721840367526,0.26439224634058534,-0.42246593362191454,0.5464725643896976,16.743561030235163,92,0.14494720096838032,1.0065064529158092,0.8354347590325535,-0.17349912653410715,0.3631952220977977,9.218365061590145,51,-0.01175771875212317,-0.018305024083543016,-0.029045377151181717,-0.40480516713293235,0.20082120194102276,7.713325867861142,43,-0.033250483775709716,-0.3676342688790566,-0.5710425126919682,-0.24896680708780738,False,True
EMB,"iShares J,P. Morgan USD Emerging Markets Bond ETF",Bond ETF,,1,easy_to_borrow,2679,2016-01-04,2026-08-28,0.097586811877879,357460240.8,0.037878228401006186,-0.28735632183908033,0.025015636673186625,0.5037754703537928,0.3239716374018805,-0.07721551452405451,0.2993654348637551,10.159014557670773,56,0.0191811017182566,0.6812018117567462,0.42022769548056343,-0.04564454443280208,0.2564389697648376,6.208286674132139,33,0.0057247283579864305,0.1534485446325739,0.07434099788830145,-0.07700634267228867,0.0429264650989175,3.9507278835386335,23,0.005834534954930026,-0.17742634140295344,-0.09625605807868293,-0.031570970091252426,False,False
EME,"EMCOR Group, Inc.",Individual equity,,1,easy_to_borrow,2679,2016-01-04,2026-08-28,0.3335583964890462,35221359.800000004,0.30335376765305155,-0.4799603611539308,0.22518568758649726,1.0203103536936315,0.8353642181231535,-0.2695658764178708,0.5606569615528182,18.248600223964164,99,0.2510426427029411,1.4473946785697187,1.6292426413396608,-0.15408548507944697,0.3915640164240388,10.535274356103024,58,-0.010826378268393166,0.005983352598332948,-0.021126862118340875,-0.5124461080755791,0.187010078387458,8.089585666293393,43,-0.025856955116443814,-0.42708432487608716,-0.7938784232165073,-0.1154803913384238,False,False
EMR,Emerson Electric Co.,Individual equity,,1,easy_to_borrow,2679,2016-01-04,2026-08-28,0.28761725003448074,226224923.04,0.14723743233411413,-0.5077220077220076,0.21507363743917507,1.0495225417096608,1.003227786284849,-0.21438165925969344,0.6147816349384099,15.708846584546471,84,0.1868948483157138,1.3021667880216,1.2332784303484907,-0.1515431095822396,0.425531914893617,8.559910414333705,45,0.032637678153868865,0.28561388617785133,0.1284215993432267,-0.2541447725365855,0.19970138111235536,7.337066069428891,40,0.02817878912346128,-0.25264424631193916,-0.23005064406364162,-0.06283854967745384,True,True
ENPH,"Enphase Energy, Inc. Common Stock",Individual equity,,1,easy_to_borrow,2679,2016-01-04,2026-08-28,0.7913807572266196,227954706.98,0.24947355181931785,-0.9222619047619048,0.5127113731064357,1.0604076559262254,0.8312500001510424,-0.6167956367076972,0.545726017170586,17.778275475923852,95,0.4565804514711589,1.208322248770649,0.9874673034732323,-0.46237526028985687,0.2541993281075028,9.594624860022396,53,0.030668072632781262,0.26574391963546556,0.047201328072201204,-0.649729020036683,0.3027248973497574,8.371780515117582,44,0.056130921635276776,-0.14791459284442365,-0.15621730332218986,-0.15442037641784034,True,True
ENTG,"Entegris, Inc. Common Stock",Individual equity,,1,easy_to_borrow,2679,2016-01-04,2026-08-28,0.4647001139330853,89134448.67,0.2534592646596747,-0.5931924418987424,0.18556729798582627,0.6965471320466783,0.4651043903950586,-0.3989798888550715,0.5169839492347891,18.06047032474804,98,0.20231742045141132,0.9570928329657713,1.1643206282299787,-0.1737643528303522,0.3296005972377753,10.911534154535273,58,-0.007561703605275527,0.08042003681020707,-0.01747862161441388,-0.4326258541485737,0.1941022769690183,7.337066069428891,41,-0.01675012246558505,-0.260545700919093,-0.6992162378349202,-0.22521553602471933,False,False
EOG,"EOG Resources, Inc.",Individual equity,,1,easy_to_borrow,2679,2016-01-04,2026-08-28,0.3911087524712271,300098332.03999996,0.10390064175012759,-0.7713373828889122,0.17881045684458452,0.7211807269150781,0.4407180185652026,-0.4057253148548774,0.5460992907801419,18.530795072788354,99,0.14596651558903284,0.8405456759498213,0.6592312031722996,-0.22141930613512295,0.3157894736842105,10.06494960806271,54,0.008567275440254374,0.14456235652772656,0.02653675800428567,-0.3228455954895004,0.2370287420679358,9.218365061590145,49,0.03284394125555168,-0.11936494903474326,-0.21851318460709696,-0.18430600871975444,True,True
EPD,Enterprise Products Partners L.P.,Individual equity,,1,easy_to_borrow,2679,2016-01-04,2026-08-28,0.251317279057117,91250682.12,0.11369395821586492,-0.5803021824286514,0.1523487929915266,0.876145547269489,0.6269409016062051,-0.24300343557297543,0.5446061963419186,14.58006718924972,79,0.14912111176649212,1.1704811767436605,1.434913147230756,-0.10392344097918504,0.3926838372527062,8.183650615901456,43,0.007528968018618132,0.12298963939380383,0.024501178405605832,-0.3072900369924867,0.15714818962299365,6.396416573348264,36,0.0032276812250344733,-0.29433562947417147,-0.8079722456245508,-0.1390799945937904,True,True
EQIX,"Equinix, Inc. Common Stock REIT",Individual equity,,1,easy_to_borrow,2679,2016-01-04,2026-08-28,0.27161110416956175,279372581.04,0.14821830731885455,-0.41768128636676527,0.1692575894706747,0.9343804131237169,0.983744574448127,-0.17205440707576647,0.60321015304218,15.802911534154534,86,0.16432626712561627,1.172889631923267,1.4138888351018783,-0.11622290454947659,0.42142590518850315,8.653975363941768,46,0.012097931755782332,0.15837230461513327,0.04063296116091049,-0.29773689660158764,0.18999626726390445,7.337066069428891,42,0.004931322345058442,-0.23850921879955,-0.43014426065375133,-0.05583150252628988,True,True
EQT,EQT CORP,Individual equity,,1,easy_to_borrow,2679,2016-01-04,2026-08-28,0.5148435178194811,175768945.66,-0.00976444180716296,-0.9489556857111283,0.040079782335329606,0.2829205084562348,0.06871901522910721,-0.5832415118538118,0.5905188503172826,17.496080627099662,95,0.0734646477025811,0.43664710412653185,0.22681512111779242,-0.3238966050434906,0.28294139604329976,9.218365061590145,50,-0.04217881176117766,-0.05438982435749108,-0.06442638072717256,-0.6546823100275174,0.3217618514371034,9.594624860022396,51,-0.03338486536725149,-0.15372659567029706,-0.15809610588868522,-0.2593449068103212,True,True
ERIE,Erie Indemnity Company Class A Common Stock,Individual equity,,1,easy_to_borrow,2679,2016-01-04,2026-08-28,0.29542360973407766,16565655.1,0.12462535508028516,-0.608660146234925,0.14426352562214517,0.8531522843222852,0.44793942786646873,-0.32206034264335914,0.5505785740948115,15.896976483762597,87,0.17388027783583393,1.3216012893602347,1.0505213607495414,-0.16551807924378736,0.2926465098917507,7.807390817469205,43,-0.020528212448338357,-0.10646923222812207,-0.05905714223342861,-0.3475991501112392,0.2624113475177305,8.277715565509519,47,-0.029616752213688757,-0.4684490050379495,-0.6025819328830726,-0.15654226339957178,True,True
ES,Eversource Energy,Individual equity,,1,easy_to_borrow,2679,2016-01-04,2026-08-28,0.23972047821252296,109595224.44,0.06765729088924477,-0.41683493185260045,0.03247270008914138,0.27858646311112395,0.09589189488889484,-0.33863863183396137,0.6211272863008586,17.590145576707727,93,0.03827269973475511,0.40573205874247714,0.23905564031715573,-0.1600995470509653,0.39529675251959684,9.594624860022396,51,0.009639972190526036,0.1393358102650517,0.042988082780609976,-0.2242475487851764,0.24785367674505412,8.748040313549831,46,-0.005799999645613729,-0.1271455956313532,-0.14316374542826088,-0.17853908478299607,False,False
ESLT,Elbit Systems Ltd. Ordinary Shares,Individual equity,,1,easy_to_borrow,2679,2016-01-04,2026-08-28,0.2951092499970868,3800610.85,0.22952112146024373,-0.3288969380448963,0.1684119081860136,0.9082725464913258,0.7596331459344211,-0.2217016320145574,0.4830160507652109,20.22396416573348,107,0.18762356854131057,1.182320146814119,0.8109493634756543,-0.23136286553968455,0.2989921612541993,11.664053751399775,63,-0.005253939494075932,0.013203996026928047,-0.018424908849064257,-0.2851541647839828,0.2045539380365808,8.936170212765957,47,-0.019211660355296978,-0.2740476003227931,-0.05131621754123317,0.009661233525127155,False,False
ESS,"Essex Property Trust, Inc",Individual equity,,1,easy_to_borrow,2679,2016-01-04,2026-08-28,0.2563313616627641,86727562.37,0.05077656237091954,-0.44843785807043,0.041032531488066404,0.3125341761307994,0.1202151125240503,-0.34132590010143204,0.5516983949234789,16.931690929451285,90,0.04172458895527953,0.41464711941671517,0.2416321153204064,-0.17267815952342402,0.3557297499066816,9.40649496080627,50,0.00821009300351827,0.12755247039814138,0.02361212779131429,-0.34770661399428604,0.22732362821948487,7.901455767077267,42,-0.0006920574672131252,-0.10211294328591575,-0.1214170027963561,-0.16864774057800802,False,False
ET,Energy Transfer LP Common Units representing limited partner interests,Individual equity,,1,easy_to_borrow,2679,2016-01-04,2026-08-28,0.4439744832475179,111675692.8,0.13330704053496834,-0.760033977489913,0.13131369588621222,0.5941054444639151,0.3248652279073221,-0.404209760250714,0.49645390070921985,16.085106382978722,87,0.12213032346993402,0.733339818704631,0.6225303817558254,-0.19618371576575855,0.3426651735722284,9.688689809630459,52,0.015186621535038025,0.18381550473347957,0.03676024095551112,-0.4131262782911992,0.1612541993281075,6.96080627099664,39,0.009183372416278202,-0.13923437424071594,-0.29766515384850334,-0.20802604448495543,False,False
ETH/USD,Ethereum / US Dollar,Crypto,,,,2068,2021-01-01,2026-08-30,0.6456051593680316,211120.71215344826,0.15920146918738087,-0.7931468046062051,0.3362090044577877,0.9010426767762846,0.6066167079075114,-0.5542363078285806,0.4588974854932302,15.232108317214701,66,0.32295303741771675,1.1834197324215763,1.0210076261114642,-0.31630815398283785,0.24032882011605416,8.895551257253386,37,0.04348520073448903,0.2957382948570952,0.06526913545078364,-0.6662444727382539,0.2330754352030948,6.336557059961316,29,0.013255967040070926,-0.2823770556452917,-0.4143909182039528,-0.23792815384574273,True,True
ETN,"Eaton Corporation, plc Ordinary Shares",Individual equity,,1,easy_to_borrow,2679,2016-01-04,2026-08-28,0.3035717970000179,255986759.0,0.2408220007059525,-0.4454865181711607,0.1380324505488577,0.7319446100216845,0.42774347823162473,-0.3226991352843318,0.6024636058230683,18.81298992161254,100,0.21306988773297642,1.433932338394886,1.4551347401763268,-0.14642622559279805,0.42889137737961924,10.159014557670773,54,-0.057169765948755,-0.307523500737746,-0.1035341733712038,-0.5521825701334644,0.1866368047779022,8.842105263157894,48,-0.0750374371841187,-0.7019877283732016,-1.027391261944702,-0.17627290969153375,False,False
ETR,Entergy Corporation,Individual equity,,1,easy_to_borrow,2679,2016-01-04,2026-08-28,0.23790098990287198,60011132.18,0.15540314802484456,-0.41998132586367887,0.11009873944805815,0.7223490073766884,0.376985553664464,-0.29205028781036935,0.5770810003732736,16.085106382978722,86,0.109965846070881,1.0325974419738726,0.8092012545107068,-0.13589430992339868,0.41843971631205673,9.218365061590145,50,0.012900116184989763,0.1644181062211725,0.03860698484812964,-0.33413943709242355,0.1776782381485629,6.866741321388577,36,0.00013289337717714567,-0.3102484345971842,-0.4322157008462428,-0.15615597788697066,False,False
EVRG,"Evergy, Inc. Common Stock",Individual equity,,1,easy_to_borrow,2070,2018-06-05,2026-08-28,0.2413695835923649,94296919.96000001,0.08958305324667393,-0.38803088803088837,0.06522209672130375,0.467418100734833,0.16472925588385065,-0.3959351140837506,0.5357487922705314,15.704347826086957,65,0.06665286342096044,0.6828185790345892,0.35782810264358256,-0.18627062248196458,0.36183574879227054,9.495652173913044,40,-0.0022270651745874837,0.049761512268646266,-0.0074241134123253505,-0.2999772566634231,0.19082125603864733,6.695652173913044,27,-0.0014307666996566937,-0.21540047829975623,-0.1930988467597319,-0.20966449160178602,False,False
EW,Edwards Lifesciences Corp,Individual equity,,1,easy_to_borrow,2679,2016-01-04,2026-08-28,0.3241551781124703,204011929.8,0.1230108317607308,-0.5431588613406801,0.10372914400545485,0.5393071654031395,0.33577638122641507,-0.3089232888465433,0.5087719298245614,17.4020156774916,92,0.1041359433695086,0.7544234077914597,0.40130352821408366,-0.2594942133525303,0.3273609555804405,10.629339305711087,56,-0.020378169584618577,-0.023610940852447884,-0.047139256959436576,-0.43229721677950994,0.21911160880925717,8.277715565509519,44,-0.00040679936405374484,-0.21511624238832017,-0.0655271469876686,-0.049429075494012986,False,False
EWG,iShares MSCI Germany ETF,Thematic/industry ETF,,0,hard_to_borrow,2679,2016-01-04,2026-08-28,0.20959716610492152,74270919.25,0.08007663627134631,-0.46778126088470806,0.08987858578888797,0.6712208856654138,0.4688385856972738,-0.1917047541110919,0.5293019783501306,22.105263157894736,119,0.06143281575384374,0.6664226964596005,0.3818248303788487,-0.16089266822403814,0.3613288540500187,11.946248600223964,63,0.02153864551029816,0.24936090164671756,0.104125046664032,-0.20685364569193776,0.1784247853676745,10.72340425531915,59,0.028445770035044227,0.004798189205813319,0.08701375531842515,-0.030812085887053753,True,False
EWJ,iShares MSCI Japan ETF,Thematic/industry ETF,,1,easy_to_borrow,2679,2016-01-04,2026-08-28,0.17819856066538775,362290326.59999996,0.08881353188738816,-0.3314086005166381,0.032907208144988154,0.3312092151165047,0.2255629953802915,-0.14588921418385903,0.5203434117207913,21.070548712206048,113,0.05902504691793964,0.7091925390667959,0.4963216934887288,-0.11892497888424469,0.3885778275475924,11.8521836506159,63,-0.02084478591896033,-0.21046344251597957,-0.07311192620246673,-0.2851078750303401,0.13811123553564764,9.40649496080627,51,-0.026117838772951485,-0.3779833239502912,-0.2707586981084373,-0.026964235299614336,False,False
EWZ,iShares MSCI Brazil ETF,Thematic/industry ETF,,1,easy_to_borrow,2679,2016-01-04,2026-08-28,0.337893526886211,577837989.96,0.10904557500074374,-0.57025576255131,0.1958972220281614,0.8833365352902042,0.9903377428637703,-0.1978084986054185,0.5819335572974991,18.248600223964164,97,0.20298229431845627,1.2693202193899717,0.9868002819099525,-0.20569744257225375,0.3404255319148936,9.594624860022396,51,-0.010046071965563397,0.03130133323594615,-0.0304474286114271,-0.3299481244794855,0.25905188503172827,9.218365061590145,49,-0.007085072290294869,-0.3859836840997676,0.003537460953817795,0.00788894396683526,True,True
EXC,Exelon Corporation Common Stock,Individual equity,,1,easy_to_borrow,2679,2016-01-04,2026-08-28,0.23794936239798642,177485301.28,0.11545451024837194,-0.40042223786066133,0.04757714297282223,0.37933804450534736,0.1660228532749427,-0.286569842851887,0.5561776782381486,17.778275475923852,95,0.05253375518046344,0.5245699831071179,0.301252580909259,-0.1743844153032742,0.3833519970138111,9.970884658454647,54,-0.0023053095248216637,0.03923753680473567,-0.008244344646905903,-0.27962313847309195,0.2112728630085853,8.371780515117582,44,-0.004956612207641209,-0.14523193860177053,-0.1352297276343163,-0.11218542754861283,False,False
EXE,Expand Energy Corporation Common Stock,Individual equity,,1,easy_to_borrow,2679,2016-01-04,2026-08-28,1.3076048498298551,356067741.76,-0.17709232422624643,-0.9945902880762313,-0.05308963720071724,0.18709087308711903,-0.05512540570579775,-0.9630702308850964,0.47293766330720416,16.085106382978722,85,0.11311341792116592,0.5854373033633927,0.27276924826969057,-0.41468537468464617,0.23964165733482642,8.371780515117582,45,0.03897420856879186,0.2993328726295017,0.04630135332922251,-0.8417509590198907,0.2784621127286301,7.901455767077267,42,-0.16620305512188316,-0.3983464302762737,-0.32789465397548834,-0.5483848562004502,True,True
EXPD,"Expeditors International of Washington, Inc.",Individual equity,,1,easy_to_borrow,2679,2016-01-04,2026-08-28,0.24874022258674386,106845671.52,0.16167446530201834,-0.35622083981337516,0.052927452195682845,0.4116236551119989,0.14899783217939683,-0.3552229681567244,0.5263157894736842,16.6494960806271,95,0.0888610386139248,0.7854400297970378,0.655240073837623,-0.13561600116043226,0.3684210526315789,9.876819708846584,57,-0.043101760892582774,-0.3453220031358635,-0.1012699170293028,-0.4256126810107994,0.18439716312056736,7.337066069428891,41,-0.03593358641824196,-0.37381637468503887,-0.5062422416582262,-0.21960696699629212,False,False
EXPE,"Expedia Group, Inc. Common Stock",Individual equity,,1,easy_to_borrow,2679,2016-01-04,2026-08-28,0.4363447944285267,270739667.38,0.10488234261074458,-0.7050307873706283,0.17229747217844626,0.688113870648828,0.4804619445594085,-0.35860794830784337,0.5278088839119074,17.966405375139978,96,0.1553150714755216,0.8025796085708979,0.6611211984277294,-0.234926775672736,0.3456513624486749,10.441209406494961,56,0.018955081053731337,0.19248687887575372,0.04275830455737257,-0.443307592523872,0.21612541993281076,7.901455767077267,42,0.01698240070292467,-0.11446573792206993,-0.18065925386832093,-0.12368117263510736,True,True
EXR,"Extra Space Storage, Inc.",Individual equity,,1,easy_to_borrow,2679,2016-01-04,2026-08-28,0.26802701565282944,100646914.56,0.08650096554825604,-0.5136658513240454,0.13117263310842242,0.7586708289272839,0.49208992657684925,-0.26656232128323665,0.5871593878312803,17.02575587905935,91,0.107943515697005,0.8729908686963733,0.646110296845786,-0.16706670087749587,0.3519970138111235,9.40649496080627,50,0.016404528550914454,0.18647373599585332,0.05386309023199093,-0.3045597361803669,0.24449421425905188,8.371780515117582,45,0.02322911741141742,-0.11432003976908944,-0.15402037026893678,-0.09949562040574078,True,True
F,Ford Motor Company,Individual equity,,1,easy_to_borrow,2679,2016-01-04,2026-08-28,0.3697735654912074,442266897.55,0.051212961773594357,-0.6515976331360941,0.27122563858338067,1.041347514437513,1.0749669773958561,-0.25231067026861975,0.5296752519596865,16.743561030235163,90,0.18919247485246027,1.028924571256752,0.8022099737117263,-0.23583909581314488,0.305337812616648,9.970884658454647,53,0.06659711459037387,0.43645712883121807,0.17726483759246714,-0.37569275156238835,0.23329600597237776,7.525195968645017,41,0.0820331637309204,0.012422943180760981,0.2727570036841298,-0.01647157445547487,True,True
FANG,"Diamondback Energy, Inc. Common Stock",Individual equity,,1,easy_to_borrow,2679,2016-01-04,2026-08-28,0.48508870441367435,187999704.54,0.13741190029273764,-0.8872011251758087,0.24987095999875808,0.8058482753624671,0.5157151573063479,-0.48451350800676274,0.5255692422545726,16.555431131019038,89,0.17513744046680046,0.8581396456519417,0.535397771150673,-0.3271164915206807,0.3284807764091079,9.40649496080627,50,0.06371498601475611,0.35322794112241873,0.1393361293403006,-0.45727541246064773,0.20940649496080627,7.713325867861142,42,0.07473351953195762,-0.052291370289474615,-0.019682613844325125,-0.15739701648608206,True,True
FAST,Fastenal Company Common Stock,Individual equity,,1,easy_to_borrow,2679,2016-01-04,2026-08-28,0.26716530829744345,71076642.56,0.19370805298091098,-0.306968641114982,0.12174373716594578,0.7510194018928202,0.36839546381478205,-0.33047023952269616,0.5994774169466218,16.461366181410973,87,0.15028091588735437,1.1527171134504122,1.3225024134357521,-0.11363375549307086,0.406494960806271,9.876819708846584,52,-0.02032417485282978,-0.112004069581646,-0.04878769069495572,-0.4165840719927977,0.20679357969391565,7.148936170212766,38,-0.028537178721408596,-0.40169771155759193,-0.9541069496209701,-0.2168364840296253,False,False
FCX,Freeport-McMoran Inc.,Individual equity,,1,easy_to_borrow,2679,2016-01-04,2026-08-28,0.5214361011338273,410173253.6,0.272313977055366,-0.7259012756516914,0.3483700885221874,1.0410929505163091,1.1991033976298329,-0.29052547862910016,0.5367674505412467,17.778275475923852,96,0.34707735412947804,1.2714904981763997,1.650227898289923,-0.21032086203920253,0.3184023889511012,9.312430011198208,50,0.019884201791495304,0.1993523424444392,0.06134084122788451,-0.3241592614881891,0.23329600597237776,9.03023516237402,48,0.0012927343927093826,-0.23039754766009057,-0.45112450066009013,-0.08020461658989764,True,True
FDS,Factset Research Systems,Individual equity,,1,easy_to_borrow,2679,2016-01-04,2026-08-28,0.2821455650884121,81935666.23,0.0774742950868903,-0.6113073475036667,0.12366541051555258,0.6888728879003206,0.42842738611259396,-0.28864963941182875,0.5699888017917133,17.4020156774916,94,0.1275386745405116,1.0079159077076945,0.8004536632873833,-0.1593329887662991,0.3598357596117954,9.500559910414333,50,0.0004865727941716358,0.07925231636908145,0.0015398779418800707,-0.315981404069967,0.21911160880925717,8.089585666293393,45,-0.0038732640249590222,-0.3190430198073738,-0.37202627717478937,-0.12931665064552966,True,True
FDX,FedEx Corporation,Individual equity,,1,easy_to_borrow,2679,2016-01-04,2026-08-28,0.3263947141738362,306913647.5,0.12109252577508878,-0.6596713418463467,0.19184839141013166,0.9229040457653356,0.7691522158894011,-0.2494283802956867,0.5513251213139231,18.71892497200448,100,0.19983357340250607,1.289567363260853,1.7296152844184054,-0.11553642894044003,0.3366927958193356,10.253079507278835,55,0.01967232379537953,0.19974265124036034,0.054404137236438034,-0.361596099022478,0.23777528928704741,9.218365061590145,49,-0.007985181992374413,-0.3666633174955175,-0.9604630685290043,-0.13389195135524667,True,True
FE,FirstEnergy Corp.,Individual equity,,1,easy_to_borrow,2679,2016-01-04,2026-08-28,0.24687230901561935,119446778.88000001,0.08057402396018509,-0.47675295300326703,0.03176570332855677,0.28354570688852065,0.09550197200161542,-0.33261829743180016,0.5823068309070548,18.154535274356103,96,0.04810593618368064,0.4975977107899016,0.2524603013608941,-0.19054851762579816,0.3803658081373647,10.72340425531915,57,-0.005976210031177209,-0.003367802684927486,-0.020410575432749763,-0.29279968371631937,0.2291899962672639,7.807390817469205,42,-0.01634023285512387,-0.21405200390138096,-0.15695832935927867,-0.142069779806002,False,False
FER,Ferrovial N.V. Ordinary Shares,Individual equity,,1,easy_to_borrow,578,2024-05-09,2026-08-28,0.2595274321053735,9752060.195,0.2036530146129525,-0.20387691473498792,-0.07511637653965353,-0.462525329257869,-0.36314296349023356,-0.2068507009407432,0.4913494809688581,20.49134948096886,23,0.02160925398539648,0.24350880243297315,0.23156129858095237,-0.09331979962896098,0.3546712802768166,10.463667820069205,12,-0.08387676001474609,-0.979422359102528,-0.38122343066064585,-0.22001994963790872,0.1453287197231834,10.899653979238755,12,-0.09672563052505001,-0.7060341316908422,-0.594704262071186,-0.11353090131178223,False,False
FERG,Ferguson Enterprises Inc.,Individual equity,,1,easy_to_borrow,1377,2021-03-08,2026-08-28,0.3006703490141247,179487694.88,0.15211295906795153,-0.43311947706088827,0.22039238791559113,1.073786820669144,1.4645519752250522,-0.1504845110612918,0.5722585330428468,19.03267973856209,53,0.1939557283140343,1.1735283665209342,2.0436222641336124,-0.09490781722142827,0.37254901960784315,10.248366013071895,29,0.02861598274952848,0.28543017889308714,0.18131064650243428,-0.15782847450794502,0.20987654320987653,9.15032679738562,25,0.026436659601556833,-0.09974154585179007,-0.5790702889085602,-0.05557669383986352,True,True
FFIV,"F5, Inc. Common Stock",Individual equity,,1,easy_to_borrow,2679,2016-01-04,2026-08-28,0.2979667410752188,104119792.88000001,0.141074516589212,-0.5459332062982645,0.14301613919070677,0.7857578613586992,0.4206980606668745,-0.3399496041507847,0.5498320268756999,18.43673012318029,99,0.10929145269097118,0.8976483625314461,0.8242362840998899,-0.13259723552491176,0.3266144083613289,11.099664053751399,60,0.05483791905822999,0.4218308856396082,0.22439383425231824,-0.24438246817676745,0.23852183650615902,7.148936170212766,39,0.03372468649973559,-0.1118905011727469,-0.40353822343301543,-0.20735236862587292,True,False
FICO,Fair Isaac Corporation,Individual equity,,1,easy_to_borrow,2679,2016-01-04,2026-08-28,0.3852640157824516,97615663.44000001,0.26728573721417304,-0.612839993284084,0.2994160227594176,1.1599588355437982,1.47846613866023,-0.20251801169470485,0.6226203807390818,16.555431131019038,90,0.18423326341004076,1.120446655667289,0.7588388765083952,-0.24278311129464458,0.42777155655095184,11.099664053751399,60,0.09879465002334986,0.5784693611274557,0.438123833001579,-0.22549480895962537,0.19970138111235536,5.643896976483762,31,0.11518275934937683,0.039512179876509235,0.7196272621518348,0.040265099599939735,True,False
FIS,"Fidelity National Information Services, Inc.",Individual equity,,1,easy_to_borrow,2679,2016-01-04,2026-08-28,0.298386041837561,249173420.37,-0.016485335608554696,-0.7245911214953269,0.12000718355283557,0.6729308189153076,0.4399333005485654,-0.27278495036223716,0.5718551698394924,16.367301231802912,87,0.0779184376624662,0.7190246249457211,0.38035369115605,-0.204857845406049,0.3650615901455767,9.40649496080627,50,0.04224094422331359,0.3302064346410134,0.17837331652090674,-0.23681201340651548,0.22695035460992907,7.901455767077267,42,0.04208874589036937,-0.046093806030413464,0.05957960939251539,-0.06792710495618814,True,True
FISV,"Fiserv, Inc. Common Stock",Individual equity,,1,easy_to_borrow,2679,2016-01-04,2026-08-28,0.31507588174832407,345513432.0,0.016367257926021006,-0.8015896379158082,0.04386399357209214,0.3217706292045807,0.14641234794990912,-0.29959217365395285,0.597237775289287,17.684210526315788,95,0.11718680486322985,1.0263590670336065,1.23045853513622,-0.09523832093233153,0.38596491228070173,9.594624860022396,51,-0.04728643617650263,-0.24351556336951707,-0.11015776956698742,-0.42926101683411033,0.22695035460992907,8.842105263157894,47,-0.07332281129113771,-0.7045884378290257,-1.084046187186311,-0.20435385272162132,True,True
FITB,Fifth Third Bancorp,Individual equity,,1,easy_to_borrow,2679,2016-01-04,2026-08-28,0.35952979843213984,140628352.01999998,0.13979816966133773,-0.640564163686929,0.1362521343756642,0.6243948793528171,0.2784367095478165,-0.48934687741763205,0.6129152668906308,18.154535274356103,96,0.14068907097994043,0.8790594888459213,0.5004198199977951,-0.28114208382186046,0.40425531914893614,10.159014557670773,54,0.012128773319386,0.1590145934806996,0.029051343623410247,-0.4174944015192589,0.23366927958193356,8.559910414333705,45,-0.004436936604276243,-0.2546646094931042,-0.22198311044997854,-0.2082047935957716,False,True
FIX,"Comfort Systems USA, Inc.",Individual equity,,1,easy_to_borrow,2679,2016-01-04,2026-08-28,0.4264138079952504,15888168.45,0.4693328792309315,-0.496913035808784,0.2347840197438893,0.9029479791173098,0.5166543683608704,-0.45443150028666435,0.5502053004852557,17.11982082866741,93,0.2784046520267529,1.315682358164036,0.9865755554290199,-0.2821929354469831,0.36954087346024633,10.911534154535273,60,-0.053066523692199,-0.18811521569728268,-0.08197481844616313,-0.6473515245056674,0.19708846584546472,7.148936170212766,38,-0.043620632282863614,-0.41273437904672616,-0.46992118706814945,-0.17223856483968125,False,False
FLEX,Flex Ltd. Ordinary Shares,Individual equity,,1,easy_to_borrow,2679,2016-01-04,2026-08-28,0.4420344466858313,54377029.949999996,0.2789786029841108,-0.7000701262272091,0.2287904108808474,0.8801963270451868,0.4418862424208196,-0.5177586195656312,0.4483016050765211,17.872340425531913,96,0.2287454586587616,1.2481191646535732,1.2537042906666498,-0.18245567185315092,0.288167226577081,9.40649496080627,51,-0.0017676724501981544,0.09033245055317614,-0.0029417519828283264,-0.6008910542141076,0.1616274729376633,8.653975363941768,47,4.49522220857812e-05,-0.3679228376083864,-0.8118180482458301,-0.33530294771248026,False,False
FLOT,iShares Floating Rate Bond ETF,Bond ETF,,1,easy_to_borrow,2679,2016-01-04,2026-08-28,0.03973053380192418,47259318.519999996,0.029796068353384886,-0.13524089019320118,0.02100330465197553,2.7643791145939134,1.2511222034166223,-0.016787572464639133,0.7047405748413588,4.044792833146697,24,0.020883645877211254,3.526287009913234,3.2301362663660984,-0.006465252285070111,0.6995147443075774,3.1041433370660694,16,0.00011721098211991965,0.027165141435061296,0.010300548200330075,-0.011379101368232392,0.005225830533781261,0.9406494960806271,8,0.00011965877476427522,-0.7619078953193208,-1.9790140629494761,-0.010322320179569022,False,False
FOX,Fox Corporation Class B Common Stock,Individual equity,,1,easy_to_borrow,2679,2016-01-04,2026-08-28,0.3022276326823718,51058020.5,0.09649484733178082,-0.6071197411003231,0.14746150131122504,0.8131415666420971,0.476756567699397,-0.3093014576029962,0.5502053004852557,16.273236282194848,92,0.1335662828722095,0.9873491232605726,1.0449402038827433,-0.12782193887832982,0.3583426651735722,9.124300111982082,51,0.02131132033415728,0.22083075742551578,0.062363456018178116,-0.3417276991182996,0.2112728630085853,7.713325867861142,43,0.013895218439015533,-0.17420755661847542,-0.5681836361833463,-0.1814795187246664,True,True
FOXA,Fox Corporation Class A Common Stock,Individual equity,,1,easy_to_borrow,2679,2016-01-04,2026-08-28,0.30898179218769833,163273101.04,0.10726695613555814,-0.6016208146726377,0.11200994432207945,0.6483521165086085,0.3179458825969566,-0.3522924826300349,0.5147443075774543,16.6494960806271,93,0.12652438823737255,0.9169310743938407,0.7783156972921939,-0.16256178396190435,0.3512504665920119,9.124300111982082,51,-0.004715935748926037,0.03209247781429412,-0.010891056088683345,-0.4330099588621402,0.185143710339679,7.901455767077267,44,-0.014514443915293107,-0.26857895788523223,-0.46036981469523724,-0.18973069866813053,True,True
FRT,Federal Realty Investment Trust,Individual equity,,1,easy_to_borrow,2679,2016-01-04,2026-08-28,0.28824951363645335,48125816.4,0.021820736747084846,-0.5647687154883676,0.07547795918911726,0.4777014697458469,0.25584673273408254,-0.2950124020835795,0.5117581187010078,17.966405375139978,97,0.04895117846755159,0.47980823064485334,0.23387224024116637,-0.20930734839275367,0.30011198208286677,9.40649496080627,51,0.018391954215564832,0.19291656644320998,0.04649353137816724,-0.39558092642972387,0.22396416573348266,9.312430011198208,50,0.026526780721565668,-0.0021067608990064657,0.021974492492916164,-0.08570505369082582,True,True
FSLR,"First Solar, Inc. Common Stock",Individual equity,,1,easy_to_borrow,2679,2016-01-04,2026-08-28,0.5049582611390606,176730228.99,0.11108863760060883,-0.6403496790056002,0.20440407298200136,0.7305086976832128,0.6471987435208756,-0.3158289088603712,0.541993281075028,17.684210526315788,95,0.09911063256831532,0.5138309234309424,0.30151514901709925,-0.3287086333519337,0.2698768197088466,10.535274356103024,56,0.11253107028016385,0.5660130958170443,0.3377154639480299,-0.33321266655849946,0.3008585293019784,7.525195968645017,41,0.10529344041368605,0.21667777425227042,0.34568359450377634,0.012879724491562494,True,False
FTNT,"Fortinet, Inc. Common Stock",Individual equity,,1,easy_to_borrow,2679,2016-01-04,2026-08-28,0.40729579703640545,56329193.92,0.3656065587603239,-0.38315894369705983,0.2808516094082727,1.0662131402677892,0.658460853280848,-0.426527420740202,0.5300485255692422,16.273236282194848,87,0.3088350945426179,1.4362560146765249,1.0289058856139774,-0.30015874032864265,0.3654348637551325,10.06494960806271,53,-0.0016138572882096192,0.0761852023388048,-0.004704319328117172,-0.3430586181860107,0.18365061590145576,6.396416573348264,34,-0.027983485134345232,-0.3700428744087356,-0.3704450323331294,-0.12636868041155935,False,False
FTV,Fortive Corporation,Individual equity,,1,easy_to_borrow,2553,2016-07-05,2026-08-28,0.26600733105708485,87418705.77,0.08495688972896787,-0.5265331406153211,0.06595023220731955,0.4734268549612819,0.23578955846732177,-0.27969954495020455,0.5240893066980024,18.35957696827262,96,0.05687544412094847,0.5644567875712023,0.3483158008667196,-0.16328700558350906,0.3337250293772033,10.660399529964748,56,0.013876318809171284,0.17209216822278184,0.04585216467604866,-0.302631705770256,0.20485703094398747,8.488836662749707,44,0.009074788086371077,-0.09102993260992043,-0.11252624239939782,-0.11641253936669549,False,False
FXI,iShares China Large-Cap ETF,Thematic/industry ETF,,1,easy_to_borrow,2679,2016-01-04,2026-08-28,0.27492761318291464,855928318.6300001,0.026896629230752422,-0.6079967023907668,0.20072187104140693,1.038920420158301,0.9993449899845267,-0.20085343205104256,0.5539380365808138,18.81298992161254,101,0.12235840956270394,0.9103675061887265,0.6780812093806067,-0.18044801694840096,0.3083240014930944,9.782754759238522,53,0.0657396139627151,0.5250429633079691,0.4422556612817753,-0.14864617848459893,0.2549458753266144,9.40649496080627,50,0.07836346147870299,0.12855291396957458,0.32126378060392,-0.0204054151026416,True,True
GD,General Dynamics Corporation,Individual equity,,1,easy_to_borrow,2679,2016-01-04,2026-08-28,0.22591013898495899,233233014.5,0.1256894807998954,-0.5162869020680945,0.09365814741295009,0.6700358790123436,0.38511458543103283,-0.2431955344099077,0.528555431131019,17.872340425531913,96,0.08636246796150804,0.8143070492436427,0.535601899678729,-0.16124376708393118,0.38559163867114593,10.535274356103024,57,0.0006496604937469286,0.05952300357093029,0.0021983172330662716,-0.2955262707197017,0.17394550205300485,8.465845464725643,45,0.00729567945144205,-0.1442711702312991,-0.15048731424769612,-0.08195176732597653,False,False
GDDY,GoDaddy Inc,Individual equity,,1,easy_to_borrow,2679,2016-01-04,2026-08-28,0.3550537258772603,106316453.34,0.10809318068790574,-0.6501516211803119,0.16842166923771917,0.8113694023219675,0.5652474288726221,-0.2979609647648177,0.5177304964539007,17.307950727883537,94,0.138723248867747,0.9651243788721989,0.6881907432888964,-0.20157674339643394,0.3195222097797686,10.159014557670773,56,0.023707819106075556,0.21992974090247888,0.06930304460293024,-0.34208914257531986,0.21351250466592012,7.901455767077267,42,0.029698420369972167,-0.1537549765502314,-0.12294331441627426,-0.09638422136838376,True,True
GDX,VanEck Gold Miners ETF,Thematic/industry ETF,,1,easy_to_borrow,2679,2016-01-04,2026-08-28,0.40635579026929164,946691222.4,0.21293357207854524,-0.4974570113829003,0.1832748673936515,0.7995385972557925,0.6639714111037005,-0.27602825110948526,0.5770810003732736,18.907054871220605,100,0.23205788330507104,1.2096011636532984,1.3562916895894839,-0.17109732743058337,0.3221351250466592,10.441209406494961,55,-0.02010490251382646,-0.03509578708766906,-0.05194900933207483,-0.3870122408939396,0.2635311683463979,8.842105263157894,47,-0.048783015911419536,-0.41006256639750593,-0.6923202784857834,-0.10493092367890189,False,True
GDXJ,VanEck Junior Gold Miners ETF,Thematic/industry ETF,,1,easy_to_borrow,2597,2016-05-02,2026-08-28,0.4789331887800801,364415351.52,0.1431283392186038,-0.588687782805432,0.1501290678409739,0.6474765026556364,0.3986515620417864,-0.3765921976375888,0.5283018867924528,19.504043126684635,103,0.2071097488491509,1.0565795658330954,1.0413677913182329,-0.19888242230631847,0.2880246438197921,9.800539083557952,51,-0.04000956534536504,-0.1138571658387465,-0.07572890007035127,-0.5283262441181189,0.24412783981517136,9.703504043126685,52,-0.05698068100817699,-0.40910306317745904,-0.6427162292764464,-0.1777097753312703,True,True
GE,GE Aerospace,Individual equity,,1,easy_to_borrow,2679,2016-01-04,2026-08-28,0.35502967007211383,2312076166.0,0.09615319524642563,-0.8118642862223486,0.24599629492125374,1.0584945644609003,0.6995458960807844,-0.3516514017156721,0.5042926465098917,18.34266517357223,99,0.22641966113231682,1.4366161058868616,1.435434294039522,-0.1577359981383326,0.2870474057484136,8.842105263157894,49,0.04130833240184151,0.3145219243936222,0.09556070405403212,-0.4322732111568043,0.22209779768570362,9.312430011198208,49,0.019576633788936926,-0.3781215414259613,-0.7358883979587375,-0.1939154035773395,True,True
GEHC,GE HealthCare Technologies Inc. Common Stock,Individual equity,,1,easy_to_borrow,928,2022-12-15,2026-08-28,0.33180043165014117,219739575.745,0.05138126327913395,-0.3735429365843228,0.13013068914013948,0.658196316503581,0.5918783748503799,-0.2198605231573717,0.5269396551724138,17.107758620689655,31,0.06967337637527948,0.5575061655104538,0.4055616049460137,-0.17179480386106583,0.3297413793103448,9.504310344827587,17,0.07335926434619466,0.4800136872985379,0.4974730667410585,-0.1474637910083666,0.23168103448275862,7.603448275862069,14,0.060457312764859994,0.10069015099312717,0.1863167699043662,-0.048065719296305875,True,True
GEN,Gen Digital Inc. Common Stock,Individual equity,,1,easy_to_borrow,2679,2016-01-04,2026-08-28,0.3301565112443661,92029055.99999999,0.13656044270240142,-0.4838478104809768,0.2011961831879312,1.0062978048933569,0.702967712827606,-0.28620970709827187,0.5684957073534901,17.590145576707727,96,0.17522552480097242,1.1630690246817776,1.000268560935239,-0.17517847870489767,0.3284807764091079,9.876819708846584,54,0.02474868977655631,0.2421501619910417,0.07405219757955647,-0.3342060139399382,0.2616648002986189,8.653975363941768,47,0.025970658386958778,-0.1567712197884208,-0.29730084810763313,-0.1110312283933742,True,True
GEV,GE Vernova Inc.,Individual equity,,1,easy_to_borrow,605,2024-04-02,2026-08-28,0.5340525136612174,1385628889.96,1.1864982748865072,-0.38285190279688197,0.5109895156529942,1.4548946434249537,1.8941305087469562,-0.2697752416178727,0.4479338842975207,15.828099173553719,19,0.8857388104066757,2.55264775928528,7.326547629715225,-0.12089443148015178,0.3256198347107438,9.163636363636364,11,-0.19872810204975455,-1.1571733856089352,-0.47843940467006013,-0.4153673382876998,0.12231404958677686,6.664462809917356,8,-0.37474929475368146,-1.0977531158603262,-5.432417120968269,-0.14888081013772092,False,False
GILD,"Gilead Sciences, Inc. Common Stock",Individual equity,,1,easy_to_borrow,2679,2016-01-04,2026-08-28,0.2581874876860427,495473942.71999997,0.07419521961340236,-0.36004483048472913,0.03365305159472931,0.28698330482535334,0.08662100073245677,-0.388509152632308,0.5024262784621127,16.837625979843224,92,0.05158965170735952,0.484572095542872,0.20681615259238698,-0.24944691727747847,0.2732362821948488,9.876819708846584,54,0.0038308186666682342,0.09026004844049675,0.01538424766421191,-0.24900916510722826,0.25793206420306086,7.713325867861142,42,-0.017936600112630208,-0.19758879071751867,-0.12019515185993021,-0.13906223535482953,False,False
GIS,"General Mills, Inc.",Individual equity,,1,easy_to_borrow,2679,2016-01-04,2026-08-28,0.22285953717768522,200146911.26999998,0.007148017798499495,-0.5961685823754793,0.11371197858358384,0.823174612226489,0.3516740394045901,-0.32334481890135125,0.5386338185890257,16.837625979843224,89,0.0539912993514613,0.559666853047496,0.2383941161549392,-0.2264791607372172,0.2866741321388578,9.124300111982082,49,0.042606614816668165,0.4479049140850488,0.16158427513442228,-0.2636804527001383,0.2926465098917507,9.03023516237402,48,0.05972067923212254,0.26350775917899305,0.11327992324965089,-0.09686565816413406,True,True
GL,Globe Life Inc.,Individual equity,,1,easy_to_borrow,2679,2016-01-04,2026-08-28,0.31693273840540626,50598689.23,0.12039656049238423,-0.6162540794396243,0.0713312948328666,0.47832067815540946,0.16262461929377012,-0.4386254377881835,0.48973497573721536,15.802911534154534,86,0.07916243411564561,0.7158255238597765,0.35686015193108317,-0.22183041084097688,0.3609555804404629,9.594624860022396,52,-0.016569061505457672,-0.048693473315107476,-0.04296274563267878,-0.3856611410992955,0.150802538260545,7.337066069428891,40,-0.00783113928277901,-0.23750484570436703,-0.19423553263731305,-0.21679502694720665,False,False
GLD,"SPDR Gold Trust, SPDR Gold Shares",Commodity ETF,Cross-asset,1,easy_to_borrow,2679,2016-01-04,2026-08-28,0.1647420889445587,1323850494.6,0.138588655274122,-0.2640451703972573,0.13475219803445349,1.2238994767642433,0.8758587110702449,-0.1538515246024038,0.5483389324374767,17.966405375139978,96,0.12718873672279796,1.4512556124082572,1.2491932043019018,-0.10181670560229794,0.3292273236282195,10.629339305711087,57,0.008161261409284748,0.1526425208343643,0.037043537612679464,-0.22031538927565242,0.23254945875326613,7.901455767077267,42,0.007563461311655528,-0.2273561356440139,-0.3733344932316569,-0.05203481900010587,False,False
GLW,Corning Incorporated,Individual equity,,1,easy_to_borrow,2679,2016-01-04,2026-08-28,0.3590921492640762,153349145.62,0.251841346251072,-0.5148421917165318,0.19559430902658814,0.8743902986837854,0.653470934985681,-0.299316004055902,0.5636431504292646,18.530795072788354,99,0.18685294181655232,1.0892195007127907,1.1513315886913746,-0.1622928995016396,0.3706606942889138,11.005599104143336,58,0.02778211733166769,0.24826893242108278,0.09662141375873216,-0.28753581893389424,0.2026875699888018,7.525195968645017,40,0.008741367210035822,-0.21482920202900535,-0.49786065370569366,-0.13702310455426236,False,False
GM,General Motors Company,Individual equity,,1,easy_to_borrow,2679,2016-01-04,2026-08-28,0.36158301756709615,476970296.88,0.11671527471108045,-0.5994043186895017,0.12199440503761316,0.5925339414446185,0.3277589337325761,-0.3722077187899031,0.5453527435610303,19.189249720044792,103,0.13038081563112747,0.8210777987086182,0.4829742550458022,-0.26995396601163135,0.3202687569988802,9.782754759238522,53,0.004310443281127618,0.11324148512365766,0.01218685510378621,-0.35369611310045446,0.23516237402015677,9.782754759238522,52,-0.008386410593514304,-0.22854385726399973,-0.15521532131322613,-0.10225375277827176,True,True
GNRC,GENERAC HOLDINGS INC,Individual equity,,1,easy_to_borrow,2679,2016-01-04,2026-08-28,0.45417739878701063,100574072.83000001,0.19004156632762692,-0.8374851720047449,0.3238307547129162,1.062161794422749,1.162332832207965,-0.27860415342287803,0.5363941769316909,17.11982082866741,92,0.24120928988818058,1.1306109043519292,1.1484518714110838,-0.21002995066028385,0.3307204180664427,10.159014557670773,55,0.08664442838929554,0.4727865694738098,0.2351376588311865,-0.36848384397456546,0.2209779768570362,7.148936170212766,38,0.08262146482473565,-0.06844910992918019,0.013880960796881059,-0.06857420276259418,True,True
GOOG,Alphabet Inc. Class C Capital Stock,Individual equity,,1,easy_to_borrow,2679,2016-01-04,2026-08-28,0.29000832498384305,167018934.16,0.23370106468705298,-0.44601378941026815,0.163251839162464,0.8310979109733967,0.6869294965254956,-0.23765443176948342,0.5938783128032848,18.248600223964164,99,0.18583272725607491,1.2016412875927818,0.6003914648573516,-0.3095192688993794,0.4158268010451661,10.72340425531915,58,-0.022885121000647324,-0.0824320307786621,-0.06460216879066658,-0.35424694602441364,0.18887644643523702,8.089585666293393,44,-0.022580888093610918,-0.3705433766193851,0.086538031668144,0.071864837129896,False,False
GOOGL,Alphabet Inc. Class A Common Stock,Individual equity,Mega-cap 7,1,easy_to_borrow,2679,2016-01-04,2026-08-28,0.2910501131280326,194808930.66,0.23223705675223116,-0.4431726366819283,0.1530338697258402,0.798101050741242,0.6326595235431949,-0.24188977488045638,0.5748413587159388,18.248600223964164,100,0.1793580472916445,1.17727155247332,0.5260249373962103,-0.34096871562678255,0.41022769690182903,10.72340425531915,59,-0.025955905070257246,-0.10630467316344173,-0.0672519085340642,-0.3859504605302042,0.18327734229189996,7.901455767077267,43,-0.026324177565804296,-0.3791705017320779,0.10663458614698462,0.09907894074632617,False,False
GOVT,iShares U.S. Treasury Bond ETF,Bond ETF,,1,easy_to_borrow,2679,2016-01-04,2026-08-28,0.05147000530436268,101392243.92,0.011209699802266382,-0.19084913437757545,0.011154453603458236,0.500179087524172,0.3124624115358196,-0.035698545462258036,0.19783501306457635,7.525195968645017,41,0.004287330822965396,0.32594530005874767,0.19489816791512118,-0.021997799511550786,0.09630459126539753,4.1388577827547595,23,0.0068378068404642,0.38114173302385534,0.20568160698787954,-0.03324461987924443,0.1015304217991788,3.3863381858902573,18,0.00686712278049284,0.17423378746542428,0.11756424362069842,-0.01370074595070725,False,False
GPC,Genuine Parts Company,Individual equity,,1,easy_to_borrow,2679,2016-01-04,2026-08-28,0.281584195081479,88848835.78,0.0782168905873557,-0.5489668532070597,0.17453014787776877,0.9330838521131856,0.6072784689918187,-0.28739722679040025,0.5640164240388205,16.6494960806271,89,0.12263645674545542,1.0382142568921695,0.5417318483479386,-0.22637852494633026,0.3441582680104517,9.312430011198208,50,0.05463911678230926,0.42238266624226706,0.16992263813453248,-0.32155289831982214,0.24225457260171707,7.713325867861142,41,0.051893691132313347,-0.10513040477898394,0.06554662064388006,-0.06101870184406999,True,True
GPN,"Global Payments, Inc.",Individual equity,,1,easy_to_borrow,2679,2016-01-04,2026-08-28,0.34683610258785624,195553289.45999998,0.04236555644234019,-0.7016921528210545,0.12475570025995575,0.6366565824440521,0.2935642105204917,-0.42496903842182565,0.5337812616648003,17.213885778275476,91,0.13973554570248048,0.9663275062570676,0.5196990065332947,-0.26887783879865523,0.3344531541620007,8.748040313549831,46,0.004754163336803563,0.1123358563131477,0.016316466904615474,-0.29137210675546077,0.20716685330347145,8.277715565509519,44,-0.01497984544252473,-0.32967092381301555,-0.226134796012803,-0.15609119962317042,True,True
GRMN,Garmin Ltd,Individual equity,,1,easy_to_borrow,2679,2016-01-04,2026-08-28,0.2896354882671146,82642729.67999999,0.2468654739817131,-0.5463338533541335,0.11666568802874488,0.7340588176260372,0.46624245990231644,-0.25022536139927665,0.5341545352743561,17.872340425531913,99,0.14771801925477068,1.1404849684578813,0.9272764223593427,-0.15930311144860132,0.3650615901455767,10.911534154535273,61,-0.028126933993828818,-0.19083786250428203,-0.07876271364057673,-0.35710976290357865,0.18327734229189996,7.525195968645017,42,-0.031052331226025798,-0.4064261508318441,-0.46103396245702627,-0.09092224995067533,False,False
GS,Goldman Sachs Group Inc.,Individual equity,,1,easy_to_borrow,2679,2016-01-04,2026-08-28,0.2953935802803169,730302897.09,0.20454898409975653,-0.48749725335091276,0.161038445673386,0.8359995668434422,0.48047024425075624,-0.33516840553676497,0.5707353490108249,18.530795072788354,99,0.19343375253686634,1.2723323576127716,1.422674898663455,-0.13596483126158299,0.3822321761851437,9.782754759238522,53,-0.024392001452572587,-0.10438663665393928,-0.05053779991800524,-0.48264866084687597,0.19783501306457635,9.124300111982082,48,-0.032395306863480355,-0.4363327907693294,-0.9422046544126987,-0.19920357427518198,False,False
GWW,"W.W. Grainger, Inc.",Individual equity,,1,easy_to_borrow,2679,2016-01-04,2026-08-28,0.2819287480228542,158691622.32,0.21050314622395327,-0.41594329138257413,0.17107688745685246,0.8709009754818562,0.824176822695071,-0.20757303863196297,0.5991041433370661,16.743561030235163,91,0.17524613355315566,1.1804040832803282,1.3524032020191976,-0.12958127671651876,0.3736468831653602,9.782754759238522,53,0.00550987560990146,0.11029599688455578,0.014649047464966487,-0.37612517968000625,0.24113475177304963,7.431131019036954,39,-0.004169246096303203,-0.309503107798472,-0.5282263793241266,-0.07799176191544421,False,False
HACK,Amplify Cybersecurity ETF,Thematic/industry ETF,,1,easy_to_borrow,2558,2016-06-27,2026-08-28,0.23428861200735288,7402543.47,0.1800617455302913,-0.38689501116902403,0.06855108503711915,0.49568313050607865,0.16527155751382688,-0.41477847772678045,0.5226739640344019,21.082095387021113,108,0.0935404459283109,0.8630196927159235,0.33122083703442257,-0.2824111150911366,0.3666927286942924,12.215793588741205,62,-0.017975158328362717,-0.10120919456348326,-0.048306441299180276,-0.37210686287229655,0.15754495699765442,8.866301798279906,46,-0.024989360891191748,-0.36733656220984484,-0.16594927952059568,-0.13236736263564386,False,False
HAL,Halliburton Company,Individual equity,,1,easy_to_borrow,2679,2016-01-04,2026-08-28,0.4512394305365119,284627208.0,0.0238530882346899,-0.9109387923904051,0.42379523669102004,1.2231017554711263,0.9648316790259764,-0.43924266367254106,0.6035834266517357,16.743561030235163,89,0.17144600310443625,0.8735522001214373,0.6704287900711208,-0.2557258960884553,0.3240014930944382,9.594624860022396,51,0.22736902434137463,0.9005370691139891,0.6325417271756446,-0.35945300455765605,0.284434490481523,7.337066069428891,39,0.2523492335865838,0.349549555349689,0.29440288895485567,-0.18351676758408575,True,True
HAS,"Hasbro, Inc. Common Stock",Individual equity,,1,easy_to_borrow,2679,2016-01-04,2026-08-28,0.3353388022961715,81155787.79,0.06783270372611283,-0.6383905423623355,0.1465461775868666,0.7503152288770161,0.3530500010459723,-0.41508618369267236,0.5352743561030235,16.461366181410973,88,0.0740540437869932,0.5819085229433355,0.21876696012479446,-0.3385065265099879,0.3277342291899963,8.371780515117582,45,0.07622912399228832,0.5339015183932614,0.2852044433894273,-0.2672788792711852,0.22769690182904068,8.653975363941768,47,0.0724921337998734,0.16840670593368057,0.13428304092117782,-0.07657965718268445,True,True
HBAN,Huntington Bancshares Incorporated Common Stock,Individual equity,,1,easy_to_borrow,2679,2016-01-04,2026-08-28,0.34147804447353924,132954592.55000001,0.08709112660671159,-0.5496937882764654,0.11569235903338804,0.5811397949131142,0.23339205428248425,-0.4956996474839743,0.6095558044046286,17.684210526315788,94,0.09779310878570957,0.6657579506483451,0.36482139987408646,-0.26805749010190094,0.40164240388204553,10.347144456886898,55,0.017415641143903038,0.18565168795857254,0.03670330985647816,-0.47449783717064864,0.21575214632325496,7.901455767077267,42,0.017899250247678467,-0.0846181557352309,-0.13142934559160221,-0.22764215738207338,True,True
HCA,"HCA Healthcare, Inc.",Individual equity,,1,easy_to_borrow,2679,2016-01-04,2026-08-28,0.3243575263746255,283618789.3,0.19760236971901857,-0.547413192023428,0.1450499779964427,0.7390249200957275,0.43288730763612326,-0.33507560844996853,0.5879059350503919,18.530795072788354,99,0.127367437282212,0.8202948379814736,0.46340117607630815,-0.27485350460405056,0.3960432997387085,10.629339305711087,56,0.022036856467017474,0.2206381137397891,0.07140505194877579,-0.30861760989721243,0.204180664427025,8.842105263157894,48,0.0176825407142307,-0.08126991788574611,-0.030513868440184888,-0.060222103845917974,False,False
HD,"Home Depot, Inc.",Individual equity,,1,easy_to_borrow,2679,2016-01-04,2026-08-28,0.24769642277567455,943138759.1400001,0.11699867673584952,-0.37991929741276986,0.16665139755550795,0.9422370547554917,0.7459122197135346,-0.22341958363346015,0.5923852183650616,17.02575587905935,91,0.15720551458264298,1.3820048196785584,1.327530705517265,-0.1184194941249127,0.389324374766704,9.218365061590145,49,0.0024886131451462568,0.08761044260140209,0.011019224016113164,-0.22584286711180512,0.21388577827547592,8.559910414333705,46,0.009445882972864972,-0.4397677649230667,-0.5816184858037303,-0.10500008950854745,True,True
HEI,HEICO Corporation,Individual equity,,1,easy_to_borrow,2679,2016-01-04,2026-08-28,0.30274085367993675,48760218.6,0.26647562809990677,-0.5772391409433046,0.13648440495185943,0.7430900695785473,0.6150468614971693,-0.22190895279040068,0.5397536394176932,17.4020156774916,95,0.1781743341998565,1.1712297839925951,1.3813740174072884,-0.12898341213502285,0.3796192609182531,10.911534154535273,59,-0.01142696761802331,-0.021021573071275647,-0.022179740075688632,-0.5151984459253645,0.16424038820455394,7.054871220604703,38,-0.04168992924799708,-0.42813971441404786,-0.7663271559101191,-0.09292554065537784,False,False
HIG,"The Hartford Insurance Group, Inc.",Individual equity,,1,easy_to_borrow,2679,2016-01-04,2026-08-28,0.28589682003839584,120627576.37,0.14083741235846392,-0.5758697261287938,0.07046822191295887,0.5033931499946055,0.23869543781913827,-0.2952223241332048,0.5852930197835013,16.555431131019038,88,0.10678436581053963,0.9214717500059219,0.6007028910777105,-0.1777656931515007,0.41134751773049644,9.03023516237402,48,-0.021707158005021987,-0.14211115344446484,-0.07195000164700509,-0.30169781109276106,0.19858156028368795,8.277715565509519,44,-0.036316143897580755,-0.41807860001131636,-0.3620074532585722,-0.11745663098170411,False,False
HII,"Huntington Ingalls Industries, Inc.",Individual equity,,1,easy_to_borrow,2679,2016-01-04,2026-08-28,0.30593715156834417,67349513.98,0.10534064163710632,-0.4970239334027051,0.14397339950161703,0.8129217270435279,0.5312151476091025,-0.2710265325633384,0.5442329227323628,16.179171332586787,88,0.17699320875323643,1.3754944016033734,1.2055767001485922,-0.146812068225457,0.337812616648003,8.465845464725643,47,-0.0035253058146565985,0.04401703562277965,-0.008463085906648758,-0.41655087205094454,0.2116461366181411,7.713325867861142,41,-0.0330198092516194,-0.5625726745598455,-0.6743615525394897,-0.12421446433788141,True,True
HLT,Hilton Worldwide Holdings Inc.,Individual equity,,1,easy_to_borrow,2679,2016-01-04,2026-08-28,0.30318138438388587,272570322.36,0.21360219068465391,-0.5760385095382422,0.1297908412276667,0.7083482407433204,0.2595269111778714,-0.5001055213835309,0.5080253826054498,16.931690929451285,90,0.1163960772400976,0.8918632786017658,0.526639838510487,-0.22101646842613443,0.37812616648002983,10.06494960806271,53,0.013976663745304707,0.16428499802904323,0.034968684664882,-0.3996908628176413,0.14147069802164988,6.96080627099664,37,0.013394763987569114,-0.18351503785844547,-0.2671129273326156,-0.2790890529573965,False,False
HON,Honeywell International Inc. Common Stock,Individual equity,,1,easy_to_borrow,2679,2016-01-04,2026-08-28,0.23680006951373947,482781343.54,0.1020219295808662,-0.43012185833967953,0.0815446291040891,0.5717009133395697,0.38207184087370494,-0.21342747719281396,0.5490854796565883,19.283314669652853,105,0.11856502450849815,1.1392688331663081,0.7590341006056482,-0.1562051354661046,0.3676745054124673,10.159014557670773,56,-0.036368034076105116,-0.23788884611834224,-0.10784694042094492,-0.3372189691627273,0.19783501306457635,10.06494960806271,53,-0.037020395404409046,-0.5675679198267384,-0.3769622597319433,-0.05722234172670937,False,True
HOOD,"Robinhood Markets, Inc. Class A Common Stock",Individual equity,,1,easy_to_borrow,1277,2021-07-29,2026-08-28,0.7381041964521352,292796568.3,0.24162279176490853,-0.9021167779514137,0.786320844646075,1.5144286388578347,2.0892385042533714,-0.3763671993624689,0.552858261550509,15.984338292873923,40,0.5223163051593305,1.4973109290237374,2.7018302576998736,-0.1933194373224577,0.2889584964761159,9.274862960062647,23,0.19870079974401023,0.7146082930022486,0.3932238940356631,-0.5053121205447124,0.2654659357870008,6.709475332811277,17,0.2640045394867445,0.017117709834097328,-0.6125917534465022,-0.18304776204001116,True,True
HPE,Hewlett Packard Enterprise Company,Individual equity,,1,easy_to_borrow,2679,2016-01-04,2026-08-28,0.3789815573957997,151095972.69,0.214769886273537,-0.5689081225033283,0.18108598324890712,0.8259839948050732,0.4814224710830546,-0.3761477582081255,0.5050391937290034,19.189249720044792,102,0.2107998984783488,1.2632493328989716,1.271909613424668,-0.16573496752710404,0.2952594251586413,10.159014557670773,54,-0.024421154325603545,-0.060160006575245874,-0.057951755668812846,-0.42140490902756145,0.21836506159014557,9.40649496080627,50,-0.029713915229441668,-0.43726533809389834,-0.7904871423416133,-0.21041279068102148,False,False
HPQ,HP Inc.,Individual equity,,1,easy_to_borrow,2679,2016-01-04,2026-08-28,0.35508776879789505,189603825.84,0.13288474368021164,-0.5124035281146622,0.10145639703692244,0.5400021092063251,0.31868871326168396,-0.31835578988206537,0.5587905935050392,18.43673012318029,99,0.13824693927761933,0.8756368808828259,0.711354585996475,-0.19434321785380937,0.3643150429264651,10.347144456886898,55,-0.008922197827818334,0.023677614428955156,-0.02297936609112706,-0.38826997195816604,0.204180664427025,8.277715565509519,45,-0.03679054224069689,-0.3356347716765008,-0.3926658727347911,-0.124012572028256,False,True
HRL,Hormel Foods Corporation,Individual equity,,1,easy_to_borrow,2679,2016-01-04,2026-08-28,0.23706029404453327,79964501.55,-0.029021054596977014,-0.5845400340715495,0.05062503110428329,0.44472045907399166,0.2150613243960096,-0.2353981184039552,0.5278088839119074,16.743561030235163,91,0.03182624863980377,0.39208511573135124,0.17206272254269736,-0.18496887745052437,0.2635311683463979,9.218365061590145,50,0.022678117156842426,0.2778217575650268,0.1317468630314074,-0.17213402000650402,0.2904068682344158,8.277715565509519,45,0.018798782464479524,0.05263534334264042,0.04299860185331225,-0.05042924095343082,True,True
HSIC,"Henry Schein, Inc. Common Stock",Individual equity,,1,easy_to_borrow,2679,2016-01-04,2026-08-28,0.271397187957897,74936551.69,0.03691709919138453,-0.4141907475240806,0.05592836733566009,0.412237215582145,0.19375400429796855,-0.2886565753224357,0.49645390070921985,17.872340425531913,95,0.07704379945987117,0.6930607813589055,0.7013588653438937,-0.10984932716590767,0.2904068682344158,9.970884658454647,53,-0.007499843731657019,0.002298614865963831,-0.03179200610115656,-0.23590344402280994,0.23852183650615902,8.653975363941768,46,-0.021115432124211075,-0.2808235657767605,-0.5076048610459252,-0.17880724815652804,True,True
HST,"Host Hotels & Resorts, Inc. Common Stock",Individual equity,,1,easy_to_borrow,2679,2016-01-04,2026-08-28,0.338585209210138,105635429.19000001,0.07996693114243403,-0.5505037783375311,-0.0024264368505435563,0.0925116016835654,-0.003447332623888948,-0.7038592196555389,0.5042926465098917,17.966405375139978,95,0.020922074448137762,0.21899643962381243,0.04345615806741527,-0.4814524656247916,0.2974990668159761,9.970884658454647,53,-0.021937444839002507,-0.057541552764395786,-0.04050009581565795,-0.5416640231878453,0.23441582680104517,8.936170212765957,47,-0.023348511298681318,-0.12648483794024704,-0.046903490691304214,-0.22240675403074728,False,False
HSY,The Hershey Company,Individual equity,,1,easy_to_borrow,2679,2016-01-04,2026-08-28,0.23510987577817585,164925765.73,0.09561845379093459,-0.4525159744408941,0.04452141697920364,0.37797679057395783,0.14349117327214103,-0.3102728618349623,0.5606569615528182,16.837625979843224,90,0.050569262850131746,0.5209202389080733,0.35593674084667576,-0.14207373683829705,0.3609555804404629,10.06494960806271,53,-0.004782672028456947,0.003599750380319955,-0.011843416266028806,-0.4038253761438224,0.23665546845837998,7.713325867861142,42,-0.0060478458709281036,-0.14294344833411543,-0.21244556757453473,-0.16819912499666523,False,False
HUBB,Hubbell Incorporated,Individual equity,,1,easy_to_borrow,2679,2016-01-04,2026-08-28,0.2870428471045026,53705112.599999994,0.17600511033575583,-0.41626650660264075,0.08865205589902336,0.5215732193642304,0.3271856099824638,-0.27095340746732366,0.6084359835759612,19.377379619260918,103,0.15096958760959045,1.0540204902144108,0.9552744782196216,-0.15803791585739602,0.4143337066069429,10.159014557670773,54,-0.050802471409740146,-0.2847259303210077,-0.0977918736733502,-0.5194958384725643,0.20567375886524822,9.782754759238522,52,-0.06231753171056709,-0.5324472708501804,-0.6280888682371578,-0.11291549160992764,False,False
HUBS,"HUBSPOT, INC.",Individual equity,,1,easy_to_borrow,2679,2016-01-04,2026-08-28,0.5230756642739763,169491511.38,0.15783242321025348,-0.8001596094263448,0.19738646079850075,0.6821210643779075,0.32832680662176683,-0.6011889885856636,0.5569242254572602,17.684210526315788,95,0.23314725312771478,1.0322812419201688,0.6373013413739874,-0.3658351834393787,0.3407988055244494,10.72340425531915,58,-0.021375025196592734,0.05885031156407131,-0.047368877181195736,-0.451246186706703,0.21799178798058977,6.96080627099664,37,-0.03576079232921403,-0.35016017754226125,-0.3089745347522206,-0.2353538051462849,True,True
HUM,Humana Inc.,Individual equity,,1,easy_to_borrow,2679,2016-01-04,2026-08-28,0.3432190877747372,345704812.5,0.0833533521942218,-0.6991702781790565,0.1211780475589257,0.6411855308106343,0.45288884436700005,-0.2675668634061753,0.5890257558790594,19.001119820828666,102,0.15665811150507047,1.1079875309920022,0.9104858824774964,-0.17205990177331765,0.3751399776035834,9.970884658454647,54,-0.005184705904976328,0.05175589078340347,-0.015587607994857694,-0.33261716016253084,0.23329600597237776,9.594624860022396,51,-0.03548006394614478,-0.46680200018136786,-0.45759703811049635,-0.09550696163285766,True,True
HWM,Howmet Aerospace Inc.,Individual equity,,1,easy_to_borrow,1611,2020-04-01,2026-08-28,0.3804432294300421,141650551.84,0.6023915056345559,-0.26746849942726225,0.07888009794392592,0.4593674488996566,0.17176830644134405,-0.4592238206112961,0.5108628181253879,17.050279329608937,55,0.14273480676528316,0.8017214173978023,0.40007955199758466,-0.35676606328069693,0.39416511483550587,12.201117318435754,39,-0.05337247207505136,-0.4351288264116908,-0.157677343198939,-0.33849170078742485,0.1409062693978895,5.4748603351955305,18,-0.06385470882135724,-0.34235396849814576,-0.2283112455562406,-0.10245775733059914,False,False
HYG,iShares iBoxx $ High Yield Corporate Bond ETF,Bond ETF,,1,easy_to_borrow,2679,2016-01-04,2026-08-28,0.0833518790558365,1685780475.76,0.05345548435526437,-0.2202791593133323,0.010171134682882554,0.28625265734268274,0.10708903051202749,-0.09497830575410993,0.4154535274356103,10.253079507278835,55,0.013394346711575356,0.5851024219773969,0.44492382958737636,-0.030104808555651674,0.3870847331093692,7.807390817469205,41,-0.0031806098377717973,-0.09154876121567956,-0.03382618080337868,-0.09402805052866348,0.028368794326241134,2.4456886898096304,14,-0.003223212028692801,-0.2988497646347142,-0.33783479907534886,-0.06487349719845825,False,False
IBB,iShares Biotechnology ETF,Thematic/industry ETF,,1,easy_to_borrow,2679,2016-01-04,2026-08-28,0.2380608992062206,232306947.6,0.06570212097899808,-0.3981827592155961,0.0726528938078983,0.5152901372452479,0.35010419819199556,-0.20751791661765728,0.5125046659201195,17.02575587905935,90,0.0892936126483348,0.803647435910903,0.7736919591720429,-0.11541235706248165,0.3288540500186637,8.748040313549831,46,-0.014539554810919064,-0.06906951077014073,-0.04876813472517412,-0.2981363731226272,0.19260918253079506,8.465845464725643,45,-0.016640718840436497,-0.2883572986656552,-0.42358776098004736,-0.09210555955517563,True,True
IBIT,iShares Bitcoin Trust ETF Shares,Thematic/industry ETF,,1,easy_to_borrow,660,2024-01-11,2026-08-28,0.4928879040259925,1963618303.6799998,0.21029207527703053,-0.5330340861270864,0.3225221186148737,0.9484981201890702,0.980255727670838,-0.3290183464484423,0.546969696969697,18.709090909090907,24,0.2508867991941095,1.05858259561715,1.1167691605624914,-0.22465412553812236,0.31363636363636366,10.309090909090909,13,0.0572676276277877,0.3396933576290767,0.19366364603006903,-0.2957066481072864,0.23333333333333334,8.4,11,0.07163531942076418,-0.11008447542807975,-0.1365134328916534,-0.10436422091031994,True,True
IBKR,"Interactive Brokers Group, Inc. Class A Common Stock",Individual equity,,1,easy_to_borrow,2679,2016-01-04,2026-08-28,0.33494789212820714,12787497.8,0.23845510260606795,-0.5508447729672659,0.22692326760365522,1.0007564310946178,0.674926022384026,-0.33621946713818984,0.5614035087719298,16.367301231802912,88,0.18912269740466225,1.1558607113414654,0.8528370637307918,-0.22175712741345055,0.3717805151175812,10.817469204927212,58,0.018407671607055587,0.19257176782548727,0.05902741150655597,-0.31184954815460797,0.1941022769690183,6.020156774916013,32,0.03780057019899297,-0.15510428024684764,-0.17791104134676583,-0.11446233972473929,False,False
IBM,International Business Machines Corporation,Individual equity,,1,easy_to_borrow,2679,2016-01-04,2026-08-28,0.27973124625402707,536079785.12,0.09807081331619494,-0.4058351089985248,0.18849587815933178,1.0326318199439926,0.7763829169017453,-0.2427872562054154,0.5453527435610303,17.307950727883537,92,0.16745531972030725,1.3614659475265247,1.1459448895525217,-0.14612859767252562,0.3363195222097798,9.594624860022396,51,0.016732881112222486,0.19062209550095005,0.07393638100645042,-0.22631458132583826,0.23180291153415453,8.465845464725643,45,0.021040558439024526,-0.32883412758253217,-0.3695619726507764,-0.0966586585328898,True,True
ICE,Intercontinental Exchange  Inc.,Individual equity,,1,easy_to_borrow,2679,2016-01-04,2026-08-28,0.22426842970934524,256020973.56,0.13075082281849948,-0.34317484662576625,0.14679527649659851,0.9144244756634805,0.8971033052115401,-0.1636325221898315,0.5617767823814857,15.332586786114222,84,0.15319881765120935,1.3412804505763973,1.5948705219759205,-0.09605721313439786,0.39417693169092943,8.748040313549831,47,-0.002336088659486313,0.04188629475491672,-0.007500931564542504,-0.3114398044276512,0.18477043673012317,7.337066069428891,41,-0.006403541154610837,-0.4268559749129168,-0.6977672167643804,-0.06757530905543363,True,True
ICLN,iShares Global Clean Energy ETF,Thematic/industry ETF,,0,hard_to_borrow,2679,2016-01-04,2026-08-28,0.27415623199009725,28373621.759999998,0.07473683927543862,-0.6675241157556286,0.26775822571014296,1.3009116119408097,1.3439977541569,-0.1992252032281927,0.5442329227323628,16.555431131019038,90,0.18783577535159668,1.3988586696192544,0.8028955896737257,-0.2339479476128744,0.3161627472937663,8.842105263157894,48,0.06810607221377785,0.5127988340238673,0.3955624384193819,-0.17217527651493203,0.23516237402015677,8.277715565509519,44,0.07992245035854628,-0.0979470576784447,0.5411021644831743,0.0347227443846817,True,True
IDXX,"IDEXX Laboratories, Inc. Common Stock",Individual equity,,1,easy_to_borrow,2679,2016-01-04,2026-08-28,0.3267481272680908,185565978.0,0.21320316505006986,-0.5400136023577418,0.14740934215764212,0.7711222535289152,0.36936935005276444,-0.39908384963880916,0.5184770436730123,17.496080627099662,95,0.14705925479935367,1.0158794741935058,0.5852563055972363,-0.2512732513822028,0.3254945875326614,10.347144456886898,56,-0.0003758547323472472,0.07145179362494218,-0.0013087735720741678,-0.28718086945443577,0.2030608435983576,7.901455767077267,42,0.0003500873582884534,-0.2447572206645906,-0.21588695554447185,-0.14781059825660636,False,False
IEF,iShares 7-10 Year Treasury Bond ETF,Bond ETF,,1,easy_to_borrow,2679,2016-01-04,2026-08-28,0.06542649103405199,480038651.9,0.010238984255743766,-0.2392707937713655,0.01243457459042796,0.42234740130957854,0.19798665524725412,-0.06280511469270056,0.20977976857036207,9.218365061590145,50,0.004977969756599698,0.29479634637256913,0.11085775689120682,-0.044904117638650765,0.09891750653228817,4.891377379619261,27,0.007419669941256757,0.3092649633838912,0.16959087607917625,-0.04375040752659809,0.11086226203807391,4.326987681970884,23,0.007456604833828262,0.1275510549370094,0.0871288983560473,-0.017900997054049794,True,False
IEX,IDEX Corporation,Individual equity,,1,easy_to_borrow,2679,2016-01-04,2026-08-28,0.23969884810066217,70514469.57,0.12483121204529968,-0.3552284575283654,0.152755456426104,0.9504563099791068,1.0885245094988176,-0.1403325833209178,0.5289287047405749,15.61478163493841,85,0.1272766156759102,1.1369156816349886,1.280174755495278,-0.09942128223475943,0.3635684957073535,8.465845464725643,47,0.02966446989311544,0.29712689123458413,0.12844746220509157,-0.2309463292139653,0.18253079507278835,7.337066069428891,39,0.0254788407501938,-0.18645937165588178,-0.1916502459964604,-0.04091130108615837,True,True
IFF,International Flavors & Fragrances Inc.,Individual equity,,1,easy_to_borrow,2679,2016-01-04,2026-08-28,0.3047122738784547,112874663.68,-0.0037357602100771548,-0.5741483696841493,-0.0027514571736191318,0.07061554752819338,-0.00827473042624506,-0.33251320972249476,0.49906681597611047,20.12989921612542,109,0.03563872600527174,0.362914792790221,0.1576121024630549,-0.22611668424146325,0.2974990668159761,10.535274356103024,58,-0.019543816693893712,-0.08128471366705103,-0.05599508596480751,-0.3490273540463328,0.21649869354236656,9.782754759238522,52,-0.03839018317889087,-0.2922992452620276,-0.16588683288929995,-0.10639652548103151,True,True
IGV,iShares Expanded Tech-Software Sector ETF,Thematic/industry ETF,Semis / Software,1,easy_to_borrow,2679,2016-01-04,2026-08-28,0.2635520305204792,47077870.839999996,0.17364796738731458,-0.45849669541839466,0.12085123167700718,0.7180893198098679,0.5348951776552154,-0.2259344199115324,0.5360209033221351,19.47144456886898,107,0.1777852179282986,1.413857171101428,1.2440103081724507,-0.14291297810022097,0.3982829413960433,11.005599104143336,60,-0.04173230891833102,-0.24113622680591598,-0.09585916443493359,-0.43535022618163643,0.14594998133631953,8.842105263157894,49,-0.056933986251291424,-0.6957678512915602,-0.7091151305172353,-0.08302144181131144,False,True
IJR,iShares Core S&P Small-Cap ETF,Broad index ETF,,1,easy_to_borrow,2679,2016-01-04,2026-08-28,0.2241739872906813,315651439.6,0.11432422448734858,-0.44355444305381764,0.11392841412662613,0.793625267513395,0.5065703552967589,-0.2249014632131101,0.6125419932810751,17.11982082866741,92,0.08323506430275462,0.7417742596154764,0.49558753933448346,-0.16795229439087522,0.45128779395296753,10.159014557670773,54,0.015389830448036435,0.2065327033076868,0.1130046784658309,-0.1361875513206282,0.1799178798058977,8.277715565509519,45,0.030693349823871507,0.05185100789791863,0.010982815962275405,-0.056949168822234886,False,False
INCY,Incyte Corp. Common Stock,Individual equity,,1,easy_to_borrow,2679,2016-01-04,2026-08-28,0.3535763696030814,123834749.28,0.017595474127142685,-0.6647451853792761,0.10948430200697157,0.5575771559913947,0.32801527082867843,-0.3337780638394575,0.5815602836879432,16.555431131019038,91,0.10379227759324783,0.6936057109987263,0.5033297398203921,-0.2062112952639854,0.3045912653975364,7.901455767077267,46,0.02614604909432683,0.2325888789223222,0.09903670326894133,-0.2640036292739404,0.2952594251586413,8.653975363941768,47,0.00569202441372374,-0.13602855500733158,-0.17531446899171366,-0.1275667685754721,True,True
INDA,iShares MSCI India ETF,Thematic/industry ETF,,1,easy_to_borrow,2679,2016-01-04,2026-08-28,0.1995201587761808,138808707.2,0.07063137024541777,-0.4445086705202316,0.09516210990971796,0.7563849890571308,0.565221337707869,-0.16836255739322759,0.5670026129152669,21.070548712206048,112,0.0738253244495195,0.849996368748891,0.42647922404455363,-0.17310415206018825,0.3732736095558044,11.47592385218365,61,0.02255361273109502,0.275732567274244,0.07975825985519353,-0.2827746339005216,0.20044792833146696,9.970884658454647,53,0.02133678546019846,-0.09361137969176014,0.13874211366331535,0.004741594666960669,True,True
INTC,Intel Corporation Common Stock,Individual equity,,1,easy_to_borrow,2679,2016-01-04,2026-08-28,0.44490035469930145,1305215317.44,0.11983917220848395,-0.7080045095828646,0.1710485844907237,0.6759877211012985,0.4560037986075551,-0.3751034202193809,0.521089958939903,19.189249720044792,103,0.18754090942864798,0.8852481838987847,0.6248550673562185,-0.300135054072842,0.3012318029115342,11.099664053751399,59,0.001128141277107586,0.10843133615261911,0.0026900730056867556,-0.4193719927759284,0.24524076147816348,8.653975363941768,47,-0.016492324937924296,-0.20926046279748622,-0.16885126874866346,-0.0749683661465389,True,True
INTU,Intuit Inc. Common Stock,Individual equity,,1,easy_to_borrow,2679,2016-01-04,2026-08-28,0.338789976689664,543019291.1999999,0.14302577146387274,-0.6819343202825583,0.1456384134185036,0.7165428431065771,0.4102654432982884,-0.3549858166158426,0.5293019783501306,17.872340425531913,96,0.17193716379151813,1.1300174134668166,0.9835828561222474,-0.17480699538560118,0.3680477790220231,9.970884658454647,53,-0.02906991541095738,-0.08542332422635501,-0.05914929026247087,-0.4914668507764277,0.1773049645390071,8.842105263157894,48,-0.026298750373014546,-0.4134745703602395,-0.573317412823959,-0.18017882123024143,True,True
INVH,Invitation Homes Inc. Common Stock,Individual equity,,1,easy_to_borrow,2407,2017-02-01,2026-08-28,0.25386744652789944,89932905.45,0.06777283439203097,-0.505388331475288,0.05878936166064386,0.39974126459233383,0.20300104896459545,-0.2896012703407117,0.5388450353136685,16.751142501038636,81,0.04691008565529642,0.491570705740933,0.3193915222795566,-0.1468732961992555,0.3331948483589531,9.21312837557125,45,0.0062982086958542904,0.11510419065733185,0.0181483244335545,-0.3470407815836436,0.211882010801828,8.061487328624844,38,0.011879276005347439,-0.09182944114859914,-0.11639047331496113,-0.14272797414145622,False,False
IP,International Paper Co.,Individual equity,,1,easy_to_borrow,2679,2016-01-04,2026-08-28,0.32479322954572915,112151978.39999999,0.04899826095491977,-0.5528639347973742,0.048245954309057204,0.3271938025222392,0.12957466775842508,-0.372340945523437,0.5576707726763718,18.624860022396415,99,0.06568418669649323,0.5278122528813128,0.25102529126416495,-0.2616636210865736,0.320642030608436,9.782754759238522,52,-0.02326539758021473,-0.06067157506726825,-0.06735549416113522,-0.34541202421522865,0.255692422545726,9.594624860022396,51,-0.017438232387436026,-0.20061845035907366,-0.12145062350573987,-0.1106773244368634,False,True
IQV,IQVIA Holdings Inc.,Individual equity,,1,easy_to_borrow,2679,2016-01-04,2026-08-28,0.3180945154455482,193827471.18,0.13669610927852371,-0.5152330066168933,0.137735422179879,0.7012955109680373,0.5927801618955776,-0.23235497918727932,0.5098917506532288,17.966405375139978,95,0.10477954349745566,0.7939365691222544,0.6713983626293262,-0.15606166075103112,0.3146696528555431,10.817469204927212,57,0.032973400847682965,0.2751881981685677,0.1348709302996435,-0.2444811552380174,0.19970138111235536,7.337066069428891,39,0.032955878682423334,-0.09264105815421708,-0.07861820073374859,-0.0762933184362482,True,False
IR,Ingersoll Rand Inc. Common Stock,Individual equity,,0,hard_to_borrow,2337,2017-05-12,2026-08-28,0.3442727336202756,119418699.6,0.1469765722295664,-0.550986842105263,0.15182546702155775,0.6845663498590304,0.5265525219274636,-0.2883386950000646,0.5609756097560976,18.22336328626444,84,0.1567335031050634,0.9501813379039385,1.1534619405873126,-0.13588094898498237,0.35173299101412064,9.489088575096277,44,0.0030250249716645694,0.10955999857810608,0.005821894059651627,-0.5195946440573984,0.20881471972614463,8.734274711168164,40,-0.004908036083505651,-0.26561498804490813,-0.626909418659849,-0.15245774601508222,True,True
IRDM,Iridium Communications Inc Common Stock,Individual equity,,1,easy_to_borrow,2679,2016-01-04,2026-08-28,0.45908520489534943,22460950.799999997,0.18361589012960167,-0.7533660700142564,0.1280038533904786,0.5560530028455987,0.34010858052950005,-0.376361728925495,0.5412467338559164,17.496080627099662,98,0.12060544332409706,0.6415314607201279,0.5338406754271855,-0.22592029584030326,0.3307204180664427,10.911534154535273,62,0.009288532532229388,0.1474208908888967,0.024671443082011243,-0.37648922689090536,0.22209779768570362,6.96080627099664,38,0.007398410066381533,-0.08547845787452923,-0.19373209489768545,-0.15044143308519176,False,False
IRM,Iron Mountain Inc.,Individual equity,,1,easy_to_borrow,2679,2016-01-04,2026-08-28,0.2947212205265952,67290241.58999999,0.21278221091602667,-0.39027009168249693,0.1281166117988497,0.7355258912867221,0.47242146586029254,-0.2711913430215238,0.5565509518477044,18.624860022396415,100,0.18915941535813152,1.3388403751165996,1.3648531528806453,-0.13859323617261943,0.36954087346024633,10.347144456886898,55,-0.049529340168179115,-0.32174293435653595,-0.09547888083449033,-0.5187465514393355,0.19858156028368795,9.03023516237402,49,-0.06104280355928182,-0.6033144838298775,-0.8924316870203528,-0.13259810684890438,False,False
ISRG,"Intuitive Surgical, Inc. Common Stock",Individual equity,,1,easy_to_borrow,2679,2016-01-04,2026-08-28,0.3246805361536041,222868210.0,0.18589869995591757,-0.4990421980187182,0.2030875754805146,0.9266647495480824,0.5414953772951407,-0.3750495091850474,0.5942515864128406,16.743561030235163,89,0.2251152981429838,1.385159612192669,1.3082312457671967,-0.1720760751368292,0.4012691302724897,9.594624860022396,51,-0.01637159267954391,-0.005856780093902086,-0.055820180938182785,-0.29329164478478464,0.21948488241881298,8.277715565509519,44,-0.022027722662469218,-0.4584948626445866,-0.766735868472056,-0.20297343404821822,True,True
IT,"Gartner, Inc.",Individual equity,,1,easy_to_borrow,2679,2016-01-04,2026-08-28,0.3395454692836847,116155071.51,0.07931475115631748,-0.7721457049655678,0.18069919379675992,0.81118399857725,0.39009294699466635,-0.463220868741394,0.5871593878312803,17.4020156774916,93,0.12412306612392676,0.9399696241823268,0.5359234109730497,-0.2316059787322271,0.3729003359462486,10.253079507278835,55,0.06577779312170384,0.41337753776274805,0.15561893275904962,-0.42268502909957595,0.2288167226577081,7.713325867861142,41,0.056576127672833154,-0.12878562560507678,-0.1458304639783834,-0.2316148900091669,True,True
ITB,iShares U.S. Home Construction ETF,Thematic/industry ETF,,1,easy_to_borrow,2679,2016-01-04,2026-08-28,0.2961015413765483,143980333.68,0.13740337841649675,-0.5210767946577628,0.17276564656946203,0.8617399040389834,0.8675433823240104,-0.19914352421967696,0.5614035087719298,17.11982082866741,91,0.12569221706106481,0.8902421248597617,0.7006435144187267,-0.17939539077207123,0.370287420679358,9.782754759238522,52,0.03718420923169763,0.31231989868239,0.143357261307705,-0.25938141460365005,0.19820828667413215,7.713325867861142,41,0.04707342950839721,-0.028502220820778357,0.16689986790528366,-0.01974813344760573,True,False
ITW,Illinois Tool Works Inc.,Individual equity,,1,easy_to_borrow,2679,2016-01-04,2026-08-28,0.2356606771058744,202811303.9,0.13759424745664295,-0.378497790868925,0.10270641159251359,0.6759324120305353,0.3809252023673347,-0.26962356639630136,0.5513251213139231,16.743561030235163,90,0.11386580560435666,1.0260999963925423,0.792621473047598,-0.14365723043882117,0.375886524822695,10.535274356103024,57,-0.024581306352290277,-0.1372332949166034,-0.07129468530330885,-0.34478455508589556,0.18477043673012317,7.337066069428891,40,-0.011159394011843071,-0.350167584362007,-0.4116962706802633,-0.1259663359574802,False,False
IVZ,Invesco LTD,Individual equity,,1,easy_to_borrow,2679,2016-01-04,2026-08-28,0.39121450761768356,71145412.38000001,0.044999505500840975,-0.7972666926981649,0.20475012846566543,0.7708343175612663,0.5101114456257336,-0.40138312955222266,0.589772303098171,17.4020156774916,92,0.13485882178192066,0.8454562787546266,0.39535901978050614,-0.34110470492564215,0.3150429264650989,9.876819708846584,52,0.06751620240607359,0.3847067525337465,0.16193738372602,-0.41692783255226273,0.2889137737961926,7.713325867861142,41,0.06989130668374477,-0.07462196119336029,0.11475242584522749,-0.06027842462658051,True,True
IWD,iShares Russell 1000 Value ETF,Factor/style ETF,,1,easy_to_borrow,2679,2016-01-04,2026-08-28,0.17131465501775336,274800559.44,0.1203346572042423,-0.38518396846254976,0.08064648403260577,0.6879952810330758,0.3887181799204373,-0.2074677444958002,0.6121687196715192,17.590145576707727,96,0.10895472970158515,1.3637084284409,1.5964465994013612,-0.06824827698116631,0.5020530048525569,9.500559910414333,50,-0.01791461683380302,-0.13544991615924837,-0.057972923797345366,-0.3090169627536251,0.12467338559163867,8.465845464725643,49,-0.02830824566897938,-0.6757131474078242,-1.207728419480924,-0.13921946751463388,False,False
IWF,iShares Russell 1000 Growth ETF,Factor/style ETF,,1,easy_to_borrow,2679,2016-01-04,2026-08-28,0.20807352851312863,81929685.6,0.17382204602561657,-0.32727272727272694,0.17602564454800262,1.1806670531075263,1.367667528233837,-0.12870499658299017,0.6043299738708473,17.213885778275476,94,0.17961717903763907,1.8399113941952394,1.724332100092646,-0.10416623284342297,0.5020530048525569,10.06494960806271,53,0.0010898121605835698,0.06658851937126006,0.007708333390287556,-0.1413810360040635,0.11086226203807391,7.525195968645017,43,-0.00359153448963645,-0.6592443410877131,-0.35666457185880884,-0.024538763739567204,True,True
IWM,iShares Russell 2000 ETF,Broad index ETF,Indices,1,easy_to_borrow,2679,2016-01-04,2026-08-28,0.22666104588221478,4466708013.900001,0.11138150824487059,-0.4127328400102058,0.10150499879315356,0.676394273476138,0.5308100033456123,-0.1912266124477373,0.5811870100783875,17.4020156774916,93,0.10216107524709162,0.9213088947347735,0.7241241984923661,-0.14108225558514964,0.4311310190369541,10.06494960806271,53,-0.0006955766012777254,0.05361584116515712,-0.002537375605908041,-0.2741322962426771,0.16610675625233295,8.277715565509519,45,-0.0006560764539380592,-0.2449146212586355,-0.19331419514675374,-0.05014435686258767,False,False
IWN,iShares Russell 2000 Value ETF,Broad index ETF,,1,easy_to_borrow,2679,2016-01-04,2026-08-28,0.2303550210138171,140020787.24,0.10943195956515872,-0.4608076009501201,0.1151794599969167,0.7154696353789883,0.6250599789166477,-0.1842694523436702,0.5890257558790594,18.34266517357223,97,0.10139385113331345,0.8797695694443857,0.7090448146194966,-0.14300062428032234,0.41022769690182903,10.06494960806271,53,0.01653551687996546,0.19100911015986413,0.07445506811585113,-0.22208719028013524,0.1873833519970138,8.653975363941768,46,0.01378560886360325,-0.16429993406539734,-0.08398483570284898,-0.04126882806334786,True,False
IWO,iShares Russell 2000 Growth ETF,Broad index ETF,,1,easy_to_borrow,2679,2016-01-04,2026-08-28,0.2400295285932484,111841610.88000001,0.109029164140793,-0.4201241625176707,0.15641109883234994,0.9353576878173497,0.8788517777707041,-0.17797210267822683,0.5755879059350504,16.367301231802912,88,0.13643580202529826,1.196711533047059,0.9424638156908817,-0.14476502944071412,0.41993281075027994,9.970884658454647,53,0.021493652776652272,0.22735579566294822,0.09548650434138463,-0.2250962366347382,0.1705860395670026,7.148936170212766,39,0.01997529680705168,-0.2613538452297093,-0.06361203792017756,-0.03320707323751271,True,True
IYR,iShares U.S. Real Estate ETF,Thematic/industry ETF,,1,easy_to_borrow,2679,2016-01-04,2026-08-28,0.19645669613867628,524999386.44,0.06235859429348367,-0.4232854112656139,0.07989771463628048,0.6140276075831674,0.4485150593805958,-0.178138309885559,0.5718551698394924,17.4020156774916,95,0.059149701411611355,0.700221218724421,0.38419313819410694,-0.1539582452972572,0.40276222471071293,9.218365061590145,51,0.021359802334781186,0.24297872163092366,0.09873992937607476,-0.21632385671886845,0.18029115341545351,8.371780515117582,45,0.020748013224669126,-0.08619361114125357,0.06432192118648888,-0.024180064588301797,True,False
IYT,iShares U.S. Transportation ETF,Thematic/industry ETF,,0,hard_to_borrow,2679,2016-01-04,2026-08-28,0.22948984127226923,11166165.059999999,0.10731255847153798,-0.41285563751317145,0.1449474169334073,0.8902873947069241,0.6890797411555863,-0.21034926478948657,0.5483389324374767,17.872340425531913,95,0.11420999439825041,1.0668469953130253,0.8427615952279125,-0.13551874580540657,0.3684210526315789,9.970884658454647,53,0.027354626481033595,0.2716905473122793,0.11280679847536039,-0.24249093893936258,0.1877566256065696,8.465845464725643,45,0.030737422535156878,-0.1765596006061012,-0.15368185407232615,-0.07483051898408,True,True
J,Jacobs Solutions Inc.,Individual equity,,1,easy_to_borrow,2679,2016-01-04,2026-08-28,0.27811458826163454,61520932.5,0.16329399295994018,-0.39323385644455855,0.09457250375759574,0.6063676562714919,0.3656242177815149,-0.25866039271531294,0.509518477043673,17.213885778275476,96,0.15144231881974424,1.1610148444601025,1.2528995202289326,-0.12087347498710221,0.3617021276595745,9.876819708846584,54,-0.04455487599018848,-0.31606157314413347,-0.09712343200219276,-0.4587448679653594,0.1590145576707727,7.901455767077267,45,-0.0568698150621485,-0.5546471881886106,-0.8872753024474177,-0.13778691772821072,False,False
JBHT,"J.B. Hunt Transport Services, Inc. Common Stock",Individual equity,,1,easy_to_borrow,2679,2016-01-04,2026-08-28,0.29704732499800024,109623010.2,0.14045476385379718,-0.424161513959154,0.12269952237837733,0.6638264424843063,0.34285149908365165,-0.3578794979935034,0.5543113101903695,18.154535274356103,96,0.1361896538603573,0.9672930675322068,0.8063729754362225,-0.168891639488145,0.3064576334453154,10.535274356103024,56,-0.006992065807857162,0.032553714549898506,-0.018490922454283885,-0.37813504573089995,0.2620380739081747,8.183650615901456,43,-0.013490131481979972,-0.30346662504790045,-0.4635214763525709,-0.18898785850535837,False,False
JBL,Jabil Inc.,Individual equity,,1,easy_to_borrow,2679,2016-01-04,2026-08-28,0.3717597763610061,62631316.44,0.2830787155073393,-0.5734945471787578,0.22825244897165553,0.9591272167598462,0.6986540305947916,-0.3267031162438657,0.5490854796565883,18.81298992161254,101,0.23075113288577098,1.2042702903515365,0.9013727623287209,-0.25599967353086994,0.3788727136991415,11.099664053751399,60,0.002455536122017987,0.09651209749001037,0.0046886643270815515,-0.5237176199274709,0.1873833519970138,8.277715565509519,44,-0.0024986839141154515,-0.2451430735916903,-0.2027187317339293,-0.07070344271299578,False,False
JBLU,JetBlue Airways Corporation Common Stock,Individual equity,,1,easy_to_borrow,2679,2016-01-04,2026-08-28,0.5409047071746328,102025130.82,-0.13297935403146488,-0.8557894736842109,0.07342377721463289,0.3805858640640479,0.10845897714019816,-0.6769727979245328,0.5013064576334453,17.590145576707727,94,-0.01710212582878623,0.027914980287437132,-0.0387624862021734,-0.4412030162251904,0.24897349757372153,10.159014557670773,55,0.10193622589265061,0.49217916677488593,0.20966246975047156,-0.4861920496022457,0.2698768197088466,8.183650615901456,43,0.09052590304341912,0.35267088377661077,0.14722146334237157,-0.23576978169934237,True,True
JCI,Johnson Controls International plc,Individual equity,,1,easy_to_borrow,2679,2016-01-04,2026-08-28,0.27920893005273184,224286432.4,0.14677331733585697,-0.47155085599194313,0.1584859750069072,0.8718115706728244,0.7328583774785781,-0.21625730137954224,0.58006718924972,16.367301231802912,88,0.15605696817586812,1.1742309602183636,0.9335184424003885,-0.16717073931029514,0.3822321761851437,9.782754759238522,53,0.022085765431651083,0.224997400093181,0.07739826369486175,-0.2853522078831504,0.22209779768570362,7.337066069428891,39,0.002429006831039082,-0.30241938954553915,-0.20066006492181043,-0.04908656206924711,True,True
JD,"JD.com, Inc. American Depositary Shares",Individual equity,,1,easy_to_borrow,2679,2016-01-04,2026-08-28,0.47387250714507745,390932844.67,0.009725261004494223,-0.791453537936914,0.2705229933306448,0.9324071642051106,0.6244607254324754,-0.4332105804464994,0.5259425158641284,16.6494960806271,90,0.15988855414683467,0.8152086009438679,0.46224599646905684,-0.345894946344955,0.2601717058603957,9.218365061590145,51,0.08014204308310102,0.44972015638044593,0.18255300938399693,-0.4390069676393211,0.2792086599477417,8.183650615901456,44,0.11063443918381011,0.11719856326124267,0.1622147289634186,-0.08731563410154441,True,True
JETS,U.S. Global Jets ETF,Thematic/industry ETF,,1,easy_to_borrow,2679,2016-01-04,2026-08-28,0.338114483398208,45859112.120000005,0.023058145706512878,-0.6472694717994634,0.2063687863448438,0.88843798954973,0.5069199564653667,-0.40710329848484295,0.5908921239268383,19.189249720044792,105,0.143766224384285,0.9761816898433899,0.5960162769269225,-0.24121190972425766,0.3590892123926838,10.347144456886898,56,0.058592828644911776,0.3892828607131787,0.11681534868179791,-0.5015850169186001,0.24001493094438223,9.03023516237402,50,0.0626025619605588,-0.08774370029365997,-0.0890963204615558,-0.1658913887605853,True,True
JKHY,"Jack Henry & Associates, Inc. Common Stock",Individual equity,,1,easy_to_borrow,2679,2016-01-04,2026-08-28,0.23713633562385567,71450874.42999999,0.09086694014939689,-0.38354727536087274,0.13669358574282775,0.9002746826282544,0.8026964097568324,-0.17029300751978882,0.5998506905561777,15.708846584546471,83,0.15250383937103806,1.3478947083374795,1.7558518202286424,-0.08685461814834661,0.375886524822695,8.936170212765957,47,-0.008043251689097253,-0.015155129664757365,-0.02063179041535027,-0.38984748910172085,0.24673385591638672,7.337066069428891,39,-0.015810253628210313,-0.4476200257092251,-0.95315541047181,-0.08343838937144221,True,True
JNJ,Johnson & Johnson,Individual equity,,1,easy_to_borrow,2679,2016-01-04,2026-08-28,0.18512553916432176,981014428.02,0.12732016271152125,-0.2737286149519571,0.08765349541987733,0.7298221466046125,0.4611535787428916,-0.19007441221386912,0.5774542739828294,17.496080627099662,94,0.10677633131753739,1.2029617437376123,0.8218389119967582,-0.12992367452900377,0.3546099290780142,9.594624860022396,51,-0.014719212453199626,-0.117322222657742,-0.07362182488891217,-0.19993001362584284,0.23068309070548712,8.653975363941768,47,-0.019122835897660062,-0.4731395971329998,-0.3606853332538666,-0.06015073768486534,False,False
JNK,State Street SPDR Bloomberg High Yield Bond ETF,Bond ETF,,1,easy_to_borrow,1840,2019-05-06,2026-08-28,0.09123815303077353,476398827.72,0.04282154226813972,-0.22893014558568203,0.022641720069549676,0.5508253719719144,0.43964427131131,-0.05150009120332011,0.4016304347826087,10.271739130434783,38,0.012703731060091927,0.5593582142554192,0.3526994044657656,-0.03601857814116327,0.3695652173913043,7.806521739130435,28,0.009813323190835277,0.29314901426082995,0.14208126172409558,-0.06906838432988827,0.03206521739130435,2.465217391304348,10,0.009937989009457748,-0.008532842283504816,0.08694486684554442,-0.015481513062156838,False,False
JOBY,"Joby Aviation, Inc.",Individual equity,,1,easy_to_borrow,1457,2020-11-09,2026-08-28,0.7670304746967692,31323228.74,-0.06818721743368195,-0.7974522292993635,0.24532896439098106,0.7128946374166609,0.6678385570463277,-0.36734770971596165,0.4948524365133837,15.912148249828414,50,0.12498309814012276,0.5357817059813992,0.3934597656387606,-0.31765153404496005,0.16609471516815374,9.339739190116678,30,0.07980801105820712,0.39823192895779175,0.22456171070431954,-0.3553945630708627,0.35277968428277284,7.61015785861359,24,0.1203458662508583,0.17711293143526174,0.27437879140756705,-0.0496961756710016,True,True
JPM,JPMorgan Chase & Co.,Individual equity,,1,easy_to_borrow,2679,2016-01-04,2026-08-28,0.27317033288248654,1443626960.0,0.2075043737599933,-0.4363019508057675,0.13108525304886376,0.7908004923719949,0.5102543026256138,-0.2569018083225145,0.572601717058604,17.02575587905935,92,0.16487060873489412,1.3184778440713538,1.1036894551403957,-0.14938133907777673,0.4079880552444942,9.500559910414333,50,-0.022992617886388178,-0.11722213501485705,-0.06644420452698135,-0.34604399360446014,0.17543859649122806,7.901455767077267,44,-0.03378535568603036,-0.5276773516993589,-0.593435152514782,-0.10752046924473779,False,False
KBE,State Street SPDR S&P Bank ETF,Thematic/industry ETF,,1,easy_to_borrow,2679,2016-01-04,2026-08-28,0.2950321815903818,86991557.88,0.09686291843186612,-0.5314382076608049,0.18691575495603963,0.8941412305866641,0.5927005175971439,-0.31536290151021174,0.5823068309070548,18.06047032474804,97,0.14152899653411466,0.984811561967749,0.7645030306070545,-0.18512548788947691,0.3896976483762598,9.970884658454647,53,0.04055432957620453,0.3210800665879665,0.16963780429117226,-0.23906422124278182,0.21500559910414332,9.03023516237402,49,0.045386758421924966,-0.09067033138108493,-0.17180251300991056,-0.13023741362073482,True,True
KDP,Keurig Dr Pepper Inc. Common Stock,Individual equity,,1,easy_to_borrow,2679,2016-01-04,2026-08-28,0.23701244544487285,150349915.99,0.10100326289517336,-0.36870026525198973,0.08023296975853889,0.5925926735625326,0.37500872861783535,-0.21394960606451074,0.543859649122807,17.307950727883537,95,0.09043875014090297,0.8822565687799576,0.7512702565093483,-0.12038111366355897,0.3131765584173199,8.465845464725643,48,0.004645503571843346,0.09578592612878005,0.017287598843977466,-0.2687188437081136,0.2541993281075028,9.218365061590145,49,-0.010205780382364082,-0.28966389521742497,-0.37626152789151296,-0.09356849240095177,False,False
KEY,KeyCorp,Individual equity,,1,easy_to_borrow,2679,2016-01-04,2026-08-28,0.3913546262226454,149338899.55,0.09396895615246148,-0.6523654916512058,0.1613069396768707,0.6666526502364364,0.436266405884302,-0.3697441230889764,0.5748413587159388,16.837625979843224,90,0.15402811669049088,0.869865994128774,0.6389144245165633,-0.24107785139932747,0.3837252706233669,9.40649496080627,50,0.011048410417526355,0.15832772456404062,0.027242447730538123,-0.4055586534223705,0.20828667413213886,7.807390817469205,42,0.007278822986379829,-0.20321334389233758,-0.20264801863226134,-0.12866627168964895,True,True
KEYS,"Keysight Technologies, Inc.",Individual equity,,1,easy_to_borrow,2679,2016-01-04,2026-08-28,0.3247137059858052,138201772.54000002,0.2583292246259534,-0.42620112537873334,0.12302151207325829,0.6551609640002969,0.3647738122408292,-0.33725423247225217,0.5479656588279209,19.189249720044792,104,0.17420728784173845,1.0575738195583457,1.1368878501127315,-0.1532317262643491,0.3997760358342665,11.47592385218365,61,-0.04125382419095214,-0.23111801280349054,-0.08326012267142623,-0.49548118435705724,0.19111608809257186,8.465845464725643,46,-0.05118577576848016,-0.40241285555804884,-0.7721140378719022,-0.18402250620790306,False,False
KHC,The Kraft Heinz Company Common Stock,Individual equity,,1,easy_to_borrow,2679,2016-01-04,2026-08-28,0.2703884304524066,212147817.15,-0.051881688492076194,-0.7607817800032306,0.15687227941927562,0.9628026771176326,0.5016291500181791,-0.31272560498844726,0.561030235162374,16.179171332586787,89,0.06041946905676787,0.5890329055113852,0.27048694065999346,-0.22337296177531962,0.2780888391190743,7.901455767077267,43,0.0870677297171345,0.7206924704967244,0.5229349678077693,-0.1664981978201553,0.2956326987681971,8.842105263157894,50,0.09645281036250775,0.37376977160624736,0.23114220935818564,-0.08935264321312764,True,True
KIM,Kimco Realty Corp.,Individual equity,,1,easy_to_borrow,2679,2016-01-04,2026-08-28,0.3322381260740221,68040638.25,0.04158856073462647,-0.6935681470137827,0.0919212281575903,0.5595524474856791,0.2019096833785021,-0.45525913675608,0.48226950354609927,16.837625979843224,91,0.07596988095827739,0.6299511897605755,0.3264402365357763,-0.23272217225572145,0.2698768197088466,8.653975363941768,46,0.014809594802053239,0.17544196825064523,0.036172639816934006,-0.4094142666115348,0.21724524076147816,8.559910414333705,47,0.015951347199312904,-0.0703987422748964,-0.12453055315727421,-0.22253696450035854,True,True
KKR,KKR & Co. Inc.,Individual equity,,1,easy_to_borrow,2679,2016-01-04,2026-08-28,0.36891885108632083,130277908.44,0.22126576925510233,-0.4941582420243359,0.1299879584934569,0.6071617123952798,0.3649175422378087,-0.3562118655527572,0.5505785740948115,18.34266517357223,97,0.19149549714152214,1.0939807286993344,1.061416457160156,-0.18041504430209487,0.3736468831653602,10.629339305711087,56,-0.05120337774886552,-0.1845007022388532,-0.07768905045738403,-0.6590810088089942,0.19036954087346025,8.277715565509519,44,-0.06150753864806524,-0.48681901630405455,-0.6964989149223474,-0.17579682125066232,False,False
KLAC,KLA Corporation Common Stock,Individual equity,,1,easy_to_borrow,2679,2016-01-04,2026-08-28,0.42227759251856856,34122624.33,0.3797530026982978,-0.43590934731393316,0.17430072968552635,0.71162642556552,0.29620781842579746,-0.5884406786149372,0.5655095184770437,19.377379619260918,106,0.3072435483271725,1.3994877657596356,1.574455117696132,-0.1951427797934029,0.3755132512131392,10.911534154535273,60,-0.0923869400085271,-0.39996007281447016,-0.1386409237125456,-0.666375681397505,0.20567375886524822,9.03023516237402,49,-0.13294281864164614,-0.6878613401941156,-1.2782472992703344,-0.3932978988215343,False,False
KMB,Kimberly-Clark Corporation Common Stock,Individual equity,,1,easy_to_borrow,2679,2016-01-04,2026-08-28,0.21060352230610183,208319037.5,0.021167993939939844,-0.34063644853099684,0.04946884889850511,0.4239660662268665,0.17217370771361776,-0.2873194145344671,0.562896603210153,16.555431131019038,89,0.07051136618642961,0.7748165651300856,0.6160110760828968,-0.11446444540380452,0.3027248973497574,8.465845464725643,45,-0.024218749682733964,-0.19168611918112172,-0.059951616194403534,-0.4039715894263878,0.272863008585293,9.218365061590145,51,-0.0210425172879245,-0.35085049890321907,-0.4438373683692791,-0.17285496913066256,True,True
KMI,"Kinder Morgan, Inc.",Individual equity,,1,easy_to_borrow,2679,2016-01-04,2026-08-28,0.2939265431435331,205794608.9,0.12559658074542357,-0.5391874180865007,0.08977617306799335,0.5262109218506537,0.2892861344914587,-0.310336937599213,0.5696155281821575,17.11982082866741,91,0.09095738942942488,0.700399393350241,0.3866466575407299,-0.23524680132491071,0.3650615901455767,10.535274356103024,56,0.004431122504509721,0.10234600698029145,0.013006609005364869,-0.34068237944894053,0.21575214632325496,6.96080627099664,38,-0.0011812163614315363,-0.17418847149958738,-0.09736052304927123,-0.07509013627430228,False,False
KO,Coca-Cola Company,Individual equity,,1,easy_to_borrow,2679,2016-01-04,2026-08-28,0.1817252524166055,685662562.85,0.10654792098470134,-0.3699351701782819,0.027414777619516606,0.2971459501726773,0.13619102602880018,-0.20129650549603195,0.5714818962299365,18.154535274356103,98,0.08093097530752758,0.941812002261805,0.6523984204713921,-0.12405145807840967,0.3994027622247107,9.688689809630459,52,-0.047611543584546,-0.635061852202187,-0.11513622546596522,-0.41352357515506866,0.187010078387458,8.842105263157894,48,-0.05351619768801097,-0.6446660520891276,-0.5162073944425919,-0.07724504741762228,False,False
KR,The Kroger Co.,Individual equity,,1,easy_to_borrow,2679,2016-01-04,2026-08-28,0.2939940431788487,251503737.59,0.053758812203317685,-0.5136014192785332,-0.0031908763862267264,0.07037374657088555,-0.008383803050373936,-0.38060011274768746,0.5001866368047779,19.001119820828666,105,0.015330141656144436,0.1803766290943947,0.05896672998840976,-0.2599795114831306,0.288167226577081,11.287793952967524,63,-0.012859262353479894,-0.04371611723586013,-0.02956275270130118,-0.4349819004816119,0.23030981709593132,8.277715565509519,45,-0.018521018042371162,-0.11000288252350915,-0.06735053303878369,-0.12062060126455687,False,False
KRE,State Street SPDR S&P Regional Banking ETF,Thematic/industry ETF,,1,easy_to_borrow,2679,2016-01-04,2026-08-28,0.31197755591784304,419889133.38,0.08342138752533157,-0.5501901140684412,0.12951863445977696,0.6427544447290596,0.3377059981031512,-0.3835248268827488,0.5636431504292646,19.001119820828666,103,0.1046488773300609,0.719804648788993,0.4636731116955236,-0.22569537609672696,0.3624486748786861,10.72340425531915,57,0.028659742837108926,0.2482632317621195,0.0896657507663839,-0.31962864964772697,0.22807017543859648,9.03023516237402,50,0.024869757129716064,-0.07705020405993335,-0.1259671135923724,-0.15782945078602184,True,True
KTOS,"Kratos Defense & Security Solutions, Inc. Common Stock",Individual equity,,1,easy_to_borrow,2679,2016-01-04,2026-08-28,0.513846427672016,17608333.400000002,0.27079149818952297,-0.7274368231046925,0.3090336613771498,0.9849958721630143,0.6799664042129975,-0.45448372075798316,0.5102650242627846,18.43673012318029,101,0.37586490606318157,1.4548572946619465,1.8125232374490488,-0.2073710826417735,0.2896603210153042,9.970884658454647,57,-0.022819719067148192,0.011934174763254547,-0.03765121136526346,-0.6060819357382318,0.23105636431504292,8.842105263157894,47,-0.06683124468603174,-0.46986142249893215,-1.1325568332360514,-0.24711263811620965,True,True
KVUE,Kenvue Inc.,Individual equity,,1,easy_to_borrow,833,2023-05-04,2026-08-28,0.28292369286370417,326014122.0,-0.06035445091814329,-0.4407976734524298,0.09703386153244686,0.6809685352406286,0.7315662053915162,-0.13263852378270635,0.4957983193277311,13.915966386554622,23,0.07296355943293675,0.6278422934073955,0.7613676277032729,-0.09583223239085858,0.22208883553421369,7.260504201680673,12,0.045508917819997885,0.4209442522716571,0.5138010352788613,-0.08857303643870296,0.28811524609843936,7.260504201680673,12,0.02407030209951011,0.05312624183323311,-0.029801422311756753,-0.03680629139184777,True,True
KWEB,KraneShares CSI China Internet ETF,Thematic/industry ETF,,1,easy_to_borrow,2679,2016-01-04,2026-08-28,0.3933778458367359,222615666.0,-0.009047550534472149,-0.8092759657645151,0.3194331006272204,1.2085031544086042,1.014009380327173,-0.3150198674928968,0.5136244867487869,19.283314669652853,102,0.19929747786047214,1.1477657232587555,0.8638652032786099,-0.2307043704319638,0.2851810377006346,9.594624860022396,51,0.10156694624094253,0.591710018431098,0.5039246634151693,-0.20155184616805388,0.23964165733482642,9.876819708846584,52,0.12013562276674827,0.06073743114984875,0.1501441770485631,-0.084315497060933,True,True
L,Loews Corporation,Individual equity,,1,easy_to_borrow,2679,2016-01-04,2026-08-28,0.25228549930526273,52047156.080000006,0.11048965817141942,-0.4852428964252985,0.0068336844600764834,0.13020178002263103,0.015426774313375104,-0.4429755904415895,0.5162374020156775,18.907054871220605,100,0.03036421459895111,0.3112546806174606,0.14313904555013557,-0.2121309002882502,0.3908174692049272,11.8521836506159,63,-0.029910150590350737,-0.12859073519902983,-0.07089598644200296,-0.42188778365922,0.13363195222097798,7.6192609182530795,40,-0.023530530138874628,-0.18105290059482956,-0.12771227123676046,-0.2308446901533393,False,False
LDOS,"Leidos Holdings, Inc.",Individual equity,,1,easy_to_borrow,2679,2016-01-04,2026-08-28,0.2803410323315064,80691178.99,0.14439968643017043,-0.4947198221413769,0.2199941684824338,1.1759458449459803,0.9776247755086955,-0.22502924843323702,0.5823068309070548,16.555431131019038,92,0.18758789519733332,1.4655245849660334,1.307593433467504,-0.14346041391465525,0.3673012318029115,9.782754759238522,56,0.03841652289343056,0.3410231359097831,0.1995613564128965,-0.1925048194899317,0.22732362821948487,7.337066069428891,39,0.032406273285100484,-0.2895787400200531,-0.32996865795880836,-0.08156883451858177,True,True
LEN,Lennar Corporation Class A,Individual equity,,1,easy_to_borrow,2679,2016-01-04,2026-08-28,0.3694400209664057,187751118.17000002,0.07944729832006114,-0.5880566801619447,0.14182847897722106,0.6396724272119252,0.5239430631555431,-0.27069444936064824,0.5244494214259052,16.555431131019038,88,0.1252232578715473,0.7622972341587956,0.5925391498061453,-0.21133330668954997,0.3075774542739828,8.277715565509519,44,0.011123360336869892,0.1540362985371513,0.028197219648597623,-0.3944842958097504,0.22769690182904068,8.465845464725643,45,0.01660522110567375,-0.12262480694687039,-0.06859608665060224,-0.059361142671098266,True,True
LH,Labcorp Holdings Inc.,Individual equity,,1,easy_to_borrow,2679,2016-01-04,2026-08-28,0.2606430152513318,118533080.00999999,0.12313462356240334,-0.4658276863504356,0.10975104905757149,0.6818214446495433,0.5248493251013778,-0.20910963167642904,0.5427398282941396,15.708846584546471,83,0.11634576653776008,0.9981925457595716,0.6551404266734084,-0.1775890508368203,0.3725270623366928,9.124300111982082,48,-0.004827940455738089,0.027724530952215123,-0.01690396912133569,-0.28560987192318077,0.1799178798058977,6.7726763717805145,36,-0.006594717480188583,-0.3163711011100283,-0.1302911015720306,-0.031520580839608736,False,False
LHX,"L3Harris Technologies, Inc.",Individual equity,,0,hard_to_borrow,2679,2016-01-04,2026-08-28,0.25403505853899355,196349503.84,0.12992245987355444,-0.38157416016493495,0.13775339527689612,0.8653343898005343,0.6721330130966231,-0.2049496046061544,0.5326614408361329,17.11982082866741,92,0.14296621089769057,1.2195044941584643,1.147919510951863,-0.12454375897761505,0.3348264277715566,10.159014557670773,55,-0.007220164457775291,-0.0006418996311870787,-0.020451384615629793,-0.35304037323015003,0.2108995893990295,7.901455767077267,42,-0.005212815620794453,-0.35417010435792995,-0.47578649785523985,-0.08040584562853936,True,True
LII,Lennox International Inc.,Individual equity,,1,easy_to_borrow,2679,2016-01-04,2026-08-28,0.29762799324412526,80334875.37,0.12752278714141818,-0.4687640584230577,0.12839227208868076,0.6862231403203133,0.53784398703683,-0.23871657057288775,0.5520716685330347,17.02575587905935,92,0.11474469465680115,0.8588442259070656,0.7673116744234416,-0.1495411818711352,0.3307204180664427,10.72340425531915,59,0.019791040511465408,0.20337079534736918,0.08025349686387295,-0.24660658145569947,0.23068309070548712,6.490481522956327,34,0.01364757743187961,-0.17262108558675227,-0.2294676873866116,-0.08917538870175257,True,False
LIN,Linde plc Ordinary Shares,Individual equity,,1,easy_to_borrow,1966,2018-10-31,2026-08-28,0.23929217091618685,576693562.04,0.16701471158893355,-0.32583107608963324,0.134184697311718,0.811870431136662,0.8805285813865977,-0.15239107525665196,0.6174974567650051,18.07324516785351,71,0.10803368610371322,0.9157350311564861,1.1111158799808736,-0.09722990018428401,0.4323499491353001,11.023397761953206,43,0.02757586806540635,0.27729979220027673,0.14443531594512507,-0.19092192158795274,0.19735503560528994,7.5625635808748735,30,0.026151011208004782,-0.10386460001982412,-0.23058729859427585,-0.05516117507236795,False,False
LIT,Global X Lithium & Battery Tech ETF,Thematic/industry ETF,,1,easy_to_borrow,2679,2016-01-04,2026-08-28,0.3050410048420981,13911474.0,0.15029078220768644,-0.659088448630508,0.29223047498245536,1.3438103283557659,1.4021470570457417,-0.2084164235940924,0.47592385218365063,20.22396416573348,108,0.21942886080649981,1.4581018866200064,1.425168031155876,-0.15396701021179449,0.2788353863381859,11.193729003359461,60,0.05779023562066721,0.446573315031211,0.27798792524835864,-0.20788757486152154,0.2030608435983576,9.218365061590145,49,0.07280161417595554,-0.11429155826424053,-0.023020974110134373,-0.05444941338229792,True,True
LITE,Lumentum Holdings Inc. Common Stock,Individual equity,,1,easy_to_borrow,2679,2016-01-04,2026-08-28,0.5715888464494491,82968618.0,0.4150765539439363,-0.6688699164601115,0.27447158435186436,0.8132738703901929,0.6597397704338168,-0.41603007223800303,0.5203434117207913,17.778275475923852,97,0.32128296250927346,1.135739332022997,1.0920513188742444,-0.2942013410509611,0.3075774542739828,10.253079507278835,55,-0.0376709672365263,-0.0067618128709851745,-0.06379278860314232,-0.5905207792510687,0.22545726017170586,7.901455767077267,45,-0.0468113781574091,-0.322465461632804,-0.43231154844042763,-0.12182873118704196,False,False
LLY,Eli Lilly & Co.,Individual equity,,1,easy_to_borrow,2679,2016-01-04,2026-08-28,0.30040026499642364,729840343.89,0.3047305322404845,-0.34474418015125174,0.14900499007093493,0.8440195961833135,0.6124291021707641,-0.24330161571810438,0.5475923852183651,18.248600223964164,97,0.19015931237756023,1.330704117876569,1.3259656416365981,-0.14341194553340952,0.3923105636431504,10.347144456886898,55,-0.019271571571562895,-0.08813488859161753,-0.05570602321981576,-0.345951307554613,0.18215752146323255,8.653975363941768,46,-0.0411543223066253,-0.4866845216932556,-0.7135365394658341,-0.09988967018469486,False,False
LMT,Lockheed Martin Corp.,Individual equity,,1,easy_to_borrow,2679,2016-01-04,2026-08-28,0.23749301247094293,432903677.6,0.1264814198938402,-0.3667307692307693,0.1473875801008231,0.980440071897813,0.5305851802000757,-0.27778306971417,0.5240761478163494,16.273236282194848,89,0.15350380648215567,1.4045883857664812,1.2010378781488107,-0.12780929667160446,0.3561030235162374,8.842105263157894,49,-0.0019857015980737636,0.03837261634809245,-0.006667189732928776,-0.29783187184047344,0.19895483389324375,7.807390817469205,42,-0.006116226381332579,-0.42414831386866814,-0.670452697948735,-0.14997377304256554,True,True
LNG,Cheniere Energy Inc,Individual equity,,1,easy_to_borrow,2679,2016-01-04,2026-08-28,0.3409067932721998,163086460.39000002,0.2147589948934776,-0.5742929821936258,0.027626599571810795,0.2335572903051774,0.0788212927894446,-0.35049665634906246,0.49197461739455023,16.6494960806271,88,0.10380214056193604,0.6794356203984188,0.3676097797366723,-0.282370454443002,0.3150429264650989,9.876819708846584,52,-0.06722154438408723,-0.3261859572183122,-0.11363542656409914,-0.5915544686776804,0.2120194102276969,7.713325867861142,42,-0.07617554099012525,-0.44587833009324135,-0.2887884869472277,-0.06812620190606045,False,False
LNT,Alliant Energy Corporation Common Stock,Individual equity,,1,easy_to_borrow,2679,2016-01-04,2026-08-28,0.20987399288187442,64270434.449999996,0.11113456725045423,-0.3352412101390029,0.05782834515300039,0.4655571277804046,0.2635432209902639,-0.2194264186940963,0.5987308697275102,16.461366181410973,89,0.06948625853089219,0.6909126391958333,0.4492220151680502,-0.15468132946444746,0.42851810377006344,9.782754759238522,52,-0.011730166360036987,-0.06533309550180273,-0.04713801365610135,-0.2488472773930448,0.1959686450167973,7.6192609182530795,42,-0.011657913377891793,-0.22535551141542876,-0.18567879417778632,-0.06474508922964883,False,False
LOW,Lowe's Companies Inc.,Individual equity,,1,easy_to_borrow,2679,2016-01-04,2026-08-28,0.2897211203227597,523996429.68,0.12119651410807775,-0.48805704099821745,0.16287125316217566,0.8106681975637734,0.674048148639488,-0.24163148209948826,0.6226203807390818,16.931690929451285,91,0.15846118098758932,1.1477728627255068,0.8461212113992809,-0.18727952786520108,0.3919372900335946,9.218365061590145,49,0.014803273362964164,0.1694304178543611,0.04401290403493704,-0.33633939153875103,0.23814856289660322,8.465845464725643,45,0.0044100721745863325,-0.33710466516173343,-0.17207306275979284,-0.05435195423428718,True,True
LQD,iShares iBoxx $ Investment Grade Corporate Bond ETF,Bond ETF,,1,easy_to_borrow,2679,2016-01-04,2026-08-28,0.08598185327816242,1461232529.8,0.028776324670126918,-0.24959799892799628,0.0321390993799191,0.8062480746582942,0.8445325897480197,-0.03805548746142329,0.2713699141470698,8.277715565509519,46,0.019424474450694396,0.8787992655784117,0.5770342677695629,-0.03366260122778619,0.17506532288167226,4.703247480403135,25,0.012472355969358029,0.3854891164307081,0.34075302300912447,-0.03660233402837354,0.09630459126539753,3.574468085106383,21,0.012714624929224705,-0.07255119092011753,0.2674983219784568,-0.004392886233637094,True,False
LRCX,Lam Research Corporation Common Stock,Individual equity,,1,easy_to_borrow,2679,2016-01-04,2026-08-28,0.4549203780534303,63166241.150000006,0.4300082227685622,-0.5639367816091956,0.2763662412696013,0.9131325829627859,0.5936907951224936,-0.4655053498220061,0.5640164240388205,17.966405375139978,95,0.31206748346817537,1.2757330910537754,0.9619782557004928,-0.3244018059856605,0.3747667039940276,11.193729003359461,59,-0.01792752150782384,0.03653902618032226,-0.043847268465457494,-0.4088629037849185,0.19746173945502052,7.148936170212766,38,-0.03570124219857407,-0.36260050809098954,-0.3682874605779992,-0.1411035438363456,False,False
LULU,lululemon athletica inc. Common Stock,Individual equity,,1,easy_to_borrow,2679,2016-01-04,2026-08-28,0.4023104396594309,388326692.95,0.0752561663758875,-0.793796084413933,0.29899230475697736,1.0990310588207601,1.2682915961429195,-0.2357441346030057,0.5345278088839119,17.872340425531913,97,0.21783382048927957,1.1529328649873596,1.228575168855923,-0.17730605827898294,0.3281075027995521,9.40649496080627,52,0.0733783308661693,0.4521742191691736,0.23943436650606342,-0.306465324660531,0.22247107129525942,8.842105263157894,47,0.08115848426769778,-0.05390180616659945,0.039716427286996536,-0.05843807632402276,True,True
LUNR,"Intuitive Machines, Inc. Class A Common Stock",Individual equity,,1,easy_to_borrow,1199,2021-11-17,2026-08-28,1.6836603804726171,29736232.47,0.1027731450163143,-0.9742651542871082,0.22007858533537372,0.6346982461287953,0.37226110094896875,-0.5911941504883238,0.42952460383653046,15.132610508757297,40,0.0320585088243841,0.2652226862526281,0.08711194097228038,-0.36801509031448787,0.16930775646371976,9.668056713928273,27,0.1984516585978131,0.6182750198923854,0.35614320503924657,-0.557224329398462,0.2735613010842369,6.305254378648874,15,0.18802007651098962,0.3694755598761672,0.2851491599766884,-0.22317906017383593,True,False
LUV,Southwest Airlines Co.,Individual equity,,1,easy_to_borrow,2679,2016-01-04,2026-08-28,0.37332147904152985,257614630.55999997,0.006555283377395638,-0.647543741588155,0.22442811967852072,0.9390082130109532,0.763938687890977,-0.2937776594324665,0.5640164240388205,19.09518477043673,102,0.18265276402583464,1.1554319508354132,0.8544536358432183,-0.21376556475833075,0.3113101903695409,10.159014557670773,54,0.04251266625181427,0.3097265123403902,0.14277271031112485,-0.29776465095586047,0.2642777155655095,9.312430011198208,50,0.041775355652686086,-0.21642373782446,-0.09051494795224135,-0.08001209467413573,True,True
LVS,Las Vegas Sands Corp.,Individual equity,,1,easy_to_borrow,2679,2016-01-04,2026-08-28,0.386338338908861,221978448.6,0.030190888097040958,-0.5877551020408155,0.24964564644566667,1.03476645785074,0.897591173150993,-0.27812845526241736,0.5643896976483762,16.6494960806271,88,0.15290247229450582,0.9376897453431577,0.5953019356424212,-0.2568486059590934,0.3400522583053378,8.653975363941768,46,0.09014448666608876,0.5590960228401854,0.3255936663882449,-0.2768619170822523,0.25121313923105637,8.371780515117582,44,0.09674317415116085,0.09707671250758232,0.30228923750857184,-0.02127984930332394,True,True
LYB,LyondellBasell Industries N.V. Class A,Individual equity,,1,easy_to_borrow,2679,2016-01-04,2026-08-28,0.36058643985113104,152978888.07999998,0.02711208147330324,-0.6816360370319193,0.230755013760213,0.9771818932707363,0.8704410954224627,-0.2651012400192544,0.5087719298245614,15.802911534154534,86,0.09564860769960326,0.6586274994798246,0.3503146512108189,-0.27303627572813693,0.2859275849197462,9.40649496080627,50,0.11386706976142102,0.6702205662590854,0.33336148293717505,-0.3415723639040815,0.23665546845837998,6.96080627099664,39,0.13510640606060975,0.31855439379091177,0.5201264442116438,0.007935035708882543,True,True
LYV,Live Nation Entertainment Inc.,Individual equity,,1,easy_to_borrow,2679,2016-01-04,2026-08-28,0.3812666480503673,133314811.65,0.20986373772783962,-0.6122502628811777,0.1328846162280548,0.6231612460055375,0.5389576050538317,-0.2465585696945164,0.5128779395296752,17.4020156774916,95,0.15344416655190618,0.9682446343619056,0.8638112710435625,-0.17763621718727018,0.3516237402015677,9.688689809630459,52,-0.02273428779056308,-0.018803143060265516,-0.05301344899025576,-0.4288400061414944,0.1787980589772303,8.277715565509519,46,-0.020559550323851372,-0.3450833883563681,-0.32485366598973076,-0.06892235250724621,False,False
MA,Mastercard Incorporated,Individual equity,,1,easy_to_borrow,2679,2016-01-04,2026-08-28,0.2685614640661629,1005223267.4399999,0.19594064482096285,-0.40995903120857957,0.08296997172258846,0.5314890256280602,0.26627789887900344,-0.31159165695644153,0.5345278088839119,17.02575587905935,90,0.14441719720135016,1.1902380069248417,0.8296871382363077,-0.17406223448074942,0.40201567749160133,10.253079507278835,54,-0.056342230470457055,-0.35538772028343457,-0.12006658822298301,-0.46925819500942634,0.13699141470698023,7.337066069428891,39,-0.06144722547876169,-0.6587489812967815,-0.5634092393573042,-0.1375294224756921,False,False
MAA,"Mid-America Apartment Communities, Inc.",Individual equity,,1,easy_to_borrow,2679,2016-01-04,2026-08-28,0.23991913860562156,74695514.39999999,0.07346595190328786,-0.4539793836010676,0.08319098172464257,0.559566765960176,0.2929929420098144,-0.28393510490043106,0.5890257558790594,17.4020156774916,92,0.060473025947888503,0.5952267840418595,0.3095113398737581,-0.19538226280353388,0.3837252706233669,9.970884658454647,53,0.025842630907460196,0.26004404672535486,0.12177282455129697,-0.21222001709070937,0.21911160880925717,7.807390817469205,42,0.022717955776754062,-0.03566001808168351,-0.016518397863943712,-0.08855284209689718,True,False
MAR,Marriott International Class A Common Stock,Individual equity,,1,easy_to_borrow,2679,2016-01-04,2026-08-28,0.32585195714518556,301236308.09999996,0.1825239644754959,-0.6126384899466555,0.150327488298033,0.7672210393876631,0.3361156319714453,-0.44724932136094186,0.5565509518477044,17.684210526315788,96,0.13973002419675828,0.9367242766254155,0.4726283744022937,-0.2956445947060773,0.38559163867114593,10.159014557670773,55,0.008404620276690089,0.129614870046381,0.018003613402588842,-0.4668296351820985,0.18477043673012317,8.089585666293393,44,0.010597464101274712,-0.1695032372377524,-0.13651274243084843,-0.15160472665486457,False,False
MAS,Masco Corporation,Individual equity,,1,easy_to_borrow,2679,2016-01-04,2026-08-28,0.29710323320035664,111441684.48,0.11237912643327541,-0.4484304932735427,0.118461074571514,0.6489397198194383,0.34336425281013105,-0.3450011863553514,0.49272116461366183,18.06047032474804,96,0.10893248162814984,0.8210843342406441,0.4681120919825898,-0.2327059768244596,0.3038447181784248,9.782754759238522,52,0.0010117189834286666,0.08340325924171677,0.0026781630103927564,-0.3777660207771657,0.19671519223590891,9.03023516237402,48,0.009528592943364167,-0.17214461442120577,-0.12474783917245874,-0.11229520953089178,True,False
MBB,iShares MBS ETF,Bond ETF,,1,easy_to_borrow,2679,2016-01-04,2026-08-28,0.0519529989076489,120237485.32000001,0.014022182864901422,-0.17643257216717012,0.007296032205754699,0.31865284268210914,0.13972130646347874,-0.05221846538961317,0.2892870474057484,8.653975363941768,48,0.004717549216401995,0.35051478676253056,0.16880887222598875,-0.027946097584767293,0.21015304217991787,4.891377379619261,26,0.0025663759843386202,0.14219960267397647,0.053505655862200616,-0.04796457389379749,0.07913400522583053,3.7625979843225084,22,0.002578482989352704,-0.03186194408042142,-0.02908756576251001,-0.024272367804845874,False,False
MCD,McDonald's Corporation,Individual equity,,1,easy_to_borrow,2679,2016-01-04,2026-08-28,0.20307330628334325,657803201.16,0.10572573660176388,-0.3689614811662054,0.11510448293927711,0.891062811524795,0.7333622225067333,-0.15695447543757313,0.5602836879432624,15.896976483762597,85,0.08333879318286663,0.9858367242675344,0.793336575169993,-0.10504846970531911,0.36916759985069053,9.218365061590145,49,0.02401596201259326,0.28153491274120707,0.13004038624867936,-0.1846807957542279,0.1963419186263531,7.054871220604703,38,0.031765689756410476,-0.09477391274273939,-0.05997435266325968,-0.05190600573225401,True,False
MCHP,Microchip Technology Incorporated Common Stock,Individual equity,,1,easy_to_borrow,2679,2016-01-04,2026-08-28,0.4185788911558318,191249106.18,0.13703440189315463,-0.6376641400661895,0.2498184709068081,0.8893021746263596,0.686105157334699,-0.3641110524183693,0.5684957073534901,17.496080627099662,93,0.25765116198137195,1.247519260330861,1.1784798165066614,-0.2186301015702763,0.3404255319148936,9.03023516237402,48,0.008866097382487226,0.15202907899116097,0.016541145095346082,-0.5360026365394581,0.25046659201194477,9.03023516237402,48,-0.007832691074563858,-0.3582170857045013,-0.49237465917196244,-0.14548095084809298,True,True
MCK,McKesson Corporation,Individual equity,,1,easy_to_borrow,2679,2016-01-04,2026-08-28,0.2909407134600065,292409238.40000004,0.1628039209522778,-0.44231083065876053,0.09338315472483827,0.6097350560722501,0.2648566131936841,-0.35258003792621606,0.521089958939903,18.06047032474804,96,0.11339129143537652,0.8824142582089424,0.6407817447247293,-0.17695774320800572,0.341545352743561,11.664053751399775,62,-0.01391377634206481,-0.070648255878587,-0.03129106811830355,-0.44465648438271166,0.19223590892123926,6.58454647256439,35,-0.02000813671053825,-0.2726792021366923,-0.3759251315310452,-0.17562229471821034,False,False
MCO,Moody's Corporation,Individual equity,,1,easy_to_borrow,2679,2016-01-04,2026-08-28,0.27813403402021386,208172824.74,0.18146582307173698,-0.420156533996068,0.13522854437550258,0.7407374662988648,0.6784981860548563,-0.19930568298464013,0.5733482642777156,17.4020156774916,95,0.18406660973413147,1.298459635418321,1.570224453016522,-0.11722312016000347,0.42665173572228443,9.688689809630459,52,-0.03438478051196414,-0.16608950190815722,-0.08664626080526103,-0.39684090452840814,0.15864128406121686,8.277715565509519,45,-0.04883806535862889,-0.5577221691194563,-0.8917262669616656,-0.08208256282463666,False,True
MDB,"MongoDB, Inc. Class A Common Stock",Individual equity,,1,easy_to_borrow,2226,2017-10-19,2026-08-28,0.6588494135423922,311359078.105,0.34738351959773883,-0.7652257149206025,0.4068862720309161,0.9813765177113579,0.9875052976020849,-0.4120345207452961,0.5296495956873315,18.566037735849054,82,0.35850965408500324,1.1512554293172823,0.9932375180112188,-0.3609505758530497,0.3252470799640611,11.320754716981131,50,0.041533680770730275,0.28946885838143194,0.11622126978494937,-0.3573672947093276,0.21159029649595687,7.471698113207546,33,0.04837661794591286,-0.1698789116059244,-0.0057322204091339035,-0.051083944892246436,True,True
MDLZ,"Mondelez International, Inc. Class A Common Stock",Individual equity,,1,easy_to_borrow,2679,2016-01-04,2026-08-28,0.2151747543844439,373739713.90000004,0.05795709861466536,-0.2973507315144328,0.016242567353620174,0.182673388893787,0.04144914869166816,-0.3918673330167852,0.5845464725643897,18.154535274356103,97,0.03184822516659769,0.37548735994486737,0.1626109994931139,-0.19585529432740723,0.3542366554684584,9.876819708846584,53,-0.01937353952300791,-0.1044461898678073,-0.051314888521080175,-0.377542270505942,0.2612915266890631,9.218365061590145,50,-0.015605657812977514,-0.19281397105108036,-0.12116185080144573,-0.196012038689378,False,False
MDT,Medtronic plc,Individual equity,,1,easy_to_borrow,2679,2016-01-04,2026-08-28,0.23169193218720216,459400265.5,0.04198286291808473,-0.45323315887219284,0.13093056475343334,0.8228695767620465,0.4209398408209102,-0.3110434129924472,0.5994774169466218,16.461366181410973,87,0.0817651303410507,0.7864443604068548,0.5279300784840342,-0.1548787115442286,0.3654348637551325,9.500559910414333,50,0.039863249486392194,0.35980359947876545,0.14708168090332624,-0.2710279705913443,0.2620380739081747,8.465845464725643,45,0.049165434412382636,0.03642521635519169,-0.10699023766312399,-0.1561647014482186,True,True
MDY,State Street SPDR S&P MIDCAP 400 ETF Trust,Broad index ETF,,1,easy_to_borrow,2679,2016-01-04,2026-08-28,0.2072339931348272,370815485.4,0.11385657152306328,-0.4222379003809793,0.1250609027624796,0.8442184167492754,0.6799665044002736,-0.18392215197832806,0.6237402015677491,16.743561030235163,90,0.11606057222947674,1.1105206801595604,1.2848089337816493,-0.09033294303758399,0.4833893243747667,9.40649496080627,50,0.00510250196833395,0.10129769230753717,0.018800268625259447,-0.2714058011638403,0.14669652855543114,7.901455767077267,43,0.009000330533002865,-0.26630226341028496,-0.6048424293813757,-0.09358920894074407,True,True
MELI,"MercadoLibre, Inc. Common Stock",Individual equity,,1,easy_to_borrow,2679,2016-01-04,2026-08-28,0.4817042663958444,467487910.0,0.31243991616669065,-0.6912323492949797,0.17805148688501227,0.6477541836537013,0.2701974522022334,-0.6589680451603479,0.5767077267637178,16.837625979843224,93,0.2704394780662731,1.1642537620486473,0.8107277434003772,-0.33357619776521796,0.353116834639791,10.253079507278835,57,-0.05414823628855825,-0.08375955896584891,-0.08519968939601966,-0.6355449963775095,0.24412094064949608,7.148936170212766,39,-0.09238799118126084,-0.516499578394946,-0.5405302911981438,-0.32539184739512994,False,False
MET,"MetLife, Inc.",Individual equity,,1,easy_to_borrow,2679,2016-01-04,2026-08-28,0.29956284748707923,227518480.7,0.11837249367270641,-0.5514393581878241,0.09192430331436863,0.5216183821913359,0.24690029429523735,-0.3723134619047792,0.5449794699514744,17.496080627099662,95,0.09893379406754699,0.7706774276295247,0.5469758367765014,-0.18087415826372621,0.374020156774916,9.40649496080627,51,-0.00917629897328065,0.026640965650964705,-0.019674553747127857,-0.46640442732380805,0.20082120194102276,8.653975363941768,47,-0.00700949075317836,-0.2490590454381888,-0.30007554248126406,-0.191439303641053,False,False
META,"Meta Platforms, Inc. Class A Common Stock",Individual equity,Mega-cap 7,1,easy_to_borrow,2679,2016-01-04,2026-08-28,0.3878010118752677,4965329691.28,0.17796495062349016,-0.7673485548370068,0.28456799293734614,1.0332257598099426,1.094515158642903,-0.2599945653472575,0.5509518477043673,18.06047032474804,96,0.23225514932031688,1.1447722207936817,0.9635376127634928,-0.24104419614112726,0.3885778275475924,10.535274356103024,56,0.040532565323864844,0.2974363946227202,0.15966758464928765,-0.25385594335190365,0.167973124300112,8.089585666293393,43,0.05231284361702926,-0.1115464609837391,0.13097754587941013,-0.018950369206130246,True,True
MGM,MGM RESORTS INTERNATIONAL,Individual equity,,1,easy_to_borrow,2679,2016-01-04,2026-08-28,0.4522098820733281,189326198.97,0.06794509511998092,-0.8042261251372115,0.14864975899173816,0.596558243616903,0.31012493670982455,-0.4793221743752444,0.5311683463979097,17.590145576707727,96,0.12189345347061664,0.6953817225231199,0.5261809167310333,-0.23165692558349593,0.307204180664427,9.218365061590145,50,0.016794630439407987,0.18691254305249894,0.025885609497952832,-0.6488018155700059,0.24150802538260546,8.936170212765957,48,0.026756305521121515,-0.0988234789062169,-0.21605598002120874,-0.24766524879174845,True,True
MKC,"McCormick & Company, Incorporated Non-VTG CS",Individual equity,,1,easy_to_borrow,2679,2016-01-04,2026-08-28,0.24143342248164948,82305267.76,0.045919906212857464,-0.5200722175021254,0.1081130966424384,0.6906473383925105,0.3843991367599369,-0.281252183742433,0.5826801045166107,17.590145576707727,93,0.09866367623949435,0.8819938601332921,0.47471262699762135,-0.20783874417561832,0.3490108249346771,8.748040313549831,46,0.008557319435805288,0.13014284035353785,0.02338496934860934,-0.365932463209073,0.23964165733482642,9.218365061590145,50,0.009449420402944053,-0.1913465217407816,-0.09031349023768442,-0.07341343956681468,True,True
MLM,Martin Marietta Materials,Individual equity,,1,easy_to_borrow,2679,2016-01-04,2026-08-28,0.309106753584117,154451883.88,0.14532213456200727,-0.48340931171063384,0.16319610454347178,0.8228443725841437,0.43245268490055166,-0.37737331791800743,0.5442329227323628,15.708846584546471,83,0.1562095067528788,1.019370049717468,0.649832264856027,-0.24038435024073124,0.3594624860022396,8.277715565509519,44,-0.0017519781336834406,0.05998947254748614,-0.005113103613222743,-0.34264475477335077,0.1941022769690183,7.99552071668533,42,0.006986597790592963,-0.19652567713332436,-0.2173795799554753,-0.1369889676772762,True,True
MMM,3M Company,Individual equity,,1,easy_to_borrow,2679,2016-01-04,2026-08-28,0.26300865833340353,312983425.29999995,0.07170080837060655,-0.5909943714821765,0.08219927796930815,0.5523683898841786,0.2669874954924871,-0.3078768832138852,0.5199701381112355,17.4020156774916,93,0.05899032538799531,0.5966696880123974,0.2674355508302561,-0.22057772500648964,0.3198954833893244,10.253079507278835,54,0.01983033525469713,0.21227932319539444,0.07992828898200169,-0.24810158589986253,0.2206047032474804,8.465845464725643,46,0.023208952581312836,-0.04430129812821881,-0.0004480553377689822,-0.08729915820739553,True,False
MNST,Monster Beverage Corporation,Individual equity,,1,easy_to_borrow,2679,2016-01-04,2026-08-28,0.2648556865305205,58101499.75,0.13644599084607112,-0.3041207196749852,0.13383880191609676,0.7839641147874621,0.6255078365969696,-0.21396822563285078,0.5584173198954834,15.050391937290033,83,0.13994206259611852,1.0203001622775538,1.0256538347172355,-0.1364418070300487,0.37812616648002983,8.465845464725643,45,-0.0014261009157607862,0.05017668327290801,-0.004764137704196395,-0.29934082604384715,0.21313923105636431,7.337066069428891,43,-0.00610326068002176,-0.23633604749009174,-0.40014599812026586,-0.07752641860280207,False,True
MO,"Altria Group, Inc.",Individual equity,,1,easy_to_borrow,2679,2016-01-04,2026-08-28,0.229397917181121,288003340.8,0.08613781310781143,-0.5369869746866558,0.08673019569304707,0.6318605305057395,0.32750835025601444,-0.2648182729547194,0.562896603210153,18.81298992161254,101,0.10027864427762312,1.0137105404941698,0.955859623463462,-0.10490938398911909,0.3273609555804405,10.347144456886898,56,-0.004935071872731678,0.01318916703666249,-0.014362998312935376,-0.34359621613873836,0.25083986562150057,9.03023516237402,48,-0.013548448584576045,-0.3818500099884302,-0.6283512732074475,-0.1599088889656003,True,True
MOAT,VanEck Morningstar Wide Moat ETF,Factor/style ETF,,1,easy_to_borrow,2597,2016-05-02,2026-08-28,0.18560502502179238,28565854.38,0.14401550750144487,-0.3330163560289081,0.10645972840765694,0.924257598116374,0.8548014392922784,-0.1245432254955009,0.5937620331151329,17.757412398921833,94,0.11352395115195346,1.2867913272713662,1.2112139172362952,-0.09372741638486815,0.4686176357335387,10.382749326145552,53,-0.003513286774117552,-0.005026584572252339,-0.019198886382532306,-0.1829942999878389,0.13246053138236427,7.37466307277628,41,-0.007064222744296522,-0.36253372915499227,-0.35641247794401687,-0.030815809110632753,False,False
MOS,The Mosaic Company,Individual equity,,1,easy_to_borrow,2679,2016-01-04,2026-08-28,0.44191033710155947,124234376.83,0.0024253436471664003,-0.7879450343535294,0.22112100889700725,0.8129138516681244,0.5878491025644372,-0.37615266899683497,0.5326614408361329,17.778275475923852,94,0.11938745156626429,0.6427523619649919,0.39171832725349603,-0.3047788251403516,0.2848077640910788,10.253079507278835,54,0.08274019644253472,0.4655125946565966,0.20047623225853337,-0.41271823353021364,0.26577081000373276,7.901455767077267,42,0.10173355733074296,0.1701614897031325,0.1961307753109412,-0.07137384385648338,True,True
MPC,MARATHON PETROLEUM CORPORATION,Individual equity,,1,easy_to_borrow,2679,2016-01-04,2026-08-28,0.40612009357315343,330030525.44,0.24159442179048973,-0.7967503692762183,0.4279890664061181,1.3156822633142236,1.1466654105862482,-0.3732466877040469,0.5867861142217246,15.520716685330347,83,0.3155058158723967,1.3981454131791236,1.7743638885628368,-0.17781347890704857,0.40388204553938034,10.06494960806271,54,0.0872751877142337,0.48455246176023214,0.1997855822359625,-0.43684427443395213,0.1948488241881299,6.020156774916013,32,0.11248325053372144,-0.0824631498649,-0.6276984779765886,-0.19543320879699833,True,True
MPWR,"Monolithic Power Systems, Inc. Common Stock",Individual equity,,1,easy_to_borrow,2679,2016-01-04,2026-08-28,0.46984391948211274,136293309.6,0.34030322461742446,-0.5164654932144161,0.17724178876492624,0.6931275227576305,0.33516177971799666,-0.5288245840980333,0.521089958939903,17.307950727883537,95,0.21500884594530434,1.0127673044223804,0.7500879247040246,-0.2866448570414517,0.3676745054124673,10.441209406494961,56,-0.012881486827347022,0.05104216130813806,-0.02939557812309103,-0.43821171923910085,0.1713325867861142,7.337066069428891,40,-0.037767057180378094,-0.31963978166474993,-0.414926144986028,-0.24217972705658164,False,False
MRK,"Merck & Co., Inc.",Individual equity,,1,easy_to_borrow,2679,2016-01-04,2026-08-28,0.23124177188336106,734242488.2,0.13674040286506606,-0.4344367668327175,0.025974185846207254,0.24745692346002124,0.09305851462712471,-0.27911670361689067,0.5270623366927958,18.34266517357223,97,0.05267876102766089,0.5021550713364645,0.248449844871719,-0.2120297601910771,0.3486375513251213,10.817469204927212,57,-0.041667160478618404,-0.38882229367034027,-0.11098615697611532,-0.37542664431191497,0.20156774916013437,9.218365061590145,49,-0.026704575181453638,-0.2546981478764433,-0.15539133024459428,-0.06708694342581356,False,False
MRNA,"Moderna, Inc. Common Stock",Individual equity,,1,easy_to_borrow,1941,2018-12-07,2026-08-28,0.9673110165666281,432636714.48999995,0.29716594010315345,-0.9538464714017378,0.6232049940036859,1.260300643726692,1.373336014210358,-0.4537891583379301,0.49768160741885625,17.656877897990725,71,0.39726886104014403,1.2010035039619025,1.2350843020185214,-0.3216532348365857,0.17877382792375066,10.126738794435857,41,0.1873350888026224,0.6644472693420599,0.360668669717768,-0.5194104853887549,0.3230293663060278,7.530139103554869,30,0.22593613296354187,0.05929713976478945,0.13825171219183652,-0.1321359235013444,True,True
MRSH,Marsh,Individual equity,,1,easy_to_borrow,2679,2016-01-04,2026-08-28,0.20892729739059102,230602226.64,0.14624726453969505,-0.3580178173719374,0.07031357350691736,0.5568220946637548,0.34938059892920703,-0.20125208360858238,0.5330347144456887,18.624860022396415,99,0.09441786623322246,1.0523964061363589,0.8867691071863903,-0.10647401388710842,0.3818589025755879,11.099664053751399,59,-0.017734561900832668,-0.109003876424913,-0.059766505337526685,-0.2967307825792743,0.16573348264277715,7.713325867861142,42,-0.0241042927263051,-0.4955743114726041,-0.5373885082571833,-0.09477806972147396,False,False
MRVL,"Marvell Technology, Inc. Common Stock",Individual equity,,1,easy_to_borrow,2679,2016-01-04,2026-08-28,0.5268172751571091,390065830.44,0.3626430624229766,-0.6187298409520631,0.18101301321683505,0.640763755456821,0.47119926402556367,-0.3841538538715007,0.513251213139231,19.47144456886898,104,0.26403167594003896,1.0472381968018993,1.76605674789586,-0.14950350618948982,0.3169092945128779,11.193729003359461,60,-0.07797168002649735,-0.189686037745841,-0.12866200789596377,-0.6060194559496175,0.20567375886524822,8.842105263157894,47,-0.0830186627232039,-0.4064744413450784,-1.2948574838702962,-0.23465034768201087,False,False
MS,Morgan Stanley,Individual equity,,1,easy_to_borrow,2679,2016-01-04,2026-08-28,0.3176397395277133,525573660.69,0.2322083567180664,-0.513346145633141,0.22283215752413055,1.0470083758873143,0.62837956778847,-0.35461394505293975,0.5808137364688316,16.555431131019038,89,0.21822443022917248,1.3356026568612787,1.4854228862049872,-0.1469106422526586,0.4132138857782755,9.782754759238522,53,-0.008026296050525739,0.01740368857880175,-0.01734983116753812,-0.4626152250716479,0.18141097424412095,7.901455767077267,42,0.004607727294958064,-0.28859428097396433,-0.8570433184165172,-0.20770330280028115,False,False
MSCI,"MSCI, Inc.",Individual equity,,1,easy_to_borrow,2679,2016-01-04,2026-08-28,0.308906281911526,167345083.76,0.23103787602436632,-0.43744127779517705,0.10368413050069991,0.6005543542288841,0.3248109421862801,-0.31921378572658043,0.5013064576334453,17.872340425531913,97,0.15271573316213427,1.0843252289972605,0.9757957117114529,-0.1565037961627085,0.337812616648003,10.535274356103024,58,-0.04410419207847216,-0.25883793149642453,-0.10626675031384113,-0.4150328484518232,0.1709593131765584,7.713325867861142,42,-0.04903160266143436,-0.4837708747683763,-0.6509847695251727,-0.16270998956387195,False,False
MSFT,Microsoft Corporation Common Stock,Individual equity,Mega-cap 7,1,easy_to_borrow,2679,2016-01-04,2026-08-28,0.2752033618674566,6424342419.839999,0.25053722149312807,-0.3714874655188092,0.19948605311013723,1.048188467504119,0.9736616247914219,-0.20488232054218136,0.5699888017917133,16.461366181410973,89,0.21104510121996767,1.3794636457333183,1.029777866352941,-0.2049423551580153,0.43635684957073534,10.629339305711087,56,-0.019825888722302065,-0.0972141252801214,-0.04488559288094625,-0.44169826997468653,0.1455767077267637,6.7726763717805145,38,-0.011559048109830439,-0.33127517822919916,-0.056116241561519176,6.0034615833926e-05,False,False
MSI,"Motorola Solutions, Inc. New",Individual equity,,1,easy_to_borrow,2679,2016-01-04,2026-08-28,0.25094133152434883,166335072.96,0.2231318196950154,-0.32809579439252334,0.1077690908290605,0.6779007976806521,0.415540395303144,-0.2593468458113225,0.5923852183650616,18.43673012318029,100,0.13116509589121406,1.0061071717499253,0.8275562912426824,-0.15849688689364294,0.41097424412094063,11.664053751399775,63,-0.015034342452167948,-0.07347686718597057,-0.046636993953430426,-0.32236945775665893,0.20642030608435982,7.525195968645017,40,-0.023396005062153558,-0.3282063740692731,-0.41201589593953836,-0.10084995891767956,False,False
MSTR,Strategy Inc Common Stock Class A,Individual equity,,1,easy_to_borrow,2679,2016-01-04,2026-08-28,0.7300770982894912,12525005.610000001,0.2078474025725019,-0.8926802421574026,0.2916963496338483,0.7579559357489645,0.557881232052859,-0.5228646042823146,0.5446061963419186,18.154535274356103,99,0.3324536563460423,1.0149559723784904,0.8352296301423098,-0.3980386283582845,0.2821948488241881,11.193729003359461,61,-0.020140282715060853,0.13673280140612687,-0.024050462140272743,-0.8374177010651178,0.2792086599477417,7.525195968645017,41,-0.04075730671219402,-0.257000036629526,-0.2773483980894508,-0.12482597592403011,True,True
MTB,M&T Bank Corp.,Individual equity,,1,easy_to_borrow,2679,2016-01-04,2026-08-28,0.32409917907344565,126803645.08,0.09869518190513227,-0.5297307893361204,0.11742532017681007,0.6051948045777444,0.22168029486470955,-0.5297057198903231,0.6050765210899589,16.743561030235163,90,0.10704569516378659,0.7570878890464909,0.25733617109948126,-0.4159760934750396,0.3714072415080254,8.653975363941768,47,0.029483212418266902,0.2548598565319221,0.07448275127362104,-0.39583946503207024,0.24412094064949608,8.183650615901456,43,0.010379625013023475,-0.1518930844687465,-0.035655876234771705,-0.1137296264152835,True,True
MTD,Mettler-Toledo International,Individual equity,,1,easy_to_borrow,2679,2016-01-04,2026-08-28,0.2959057731156889,135517976.55,0.14571557601187868,-0.4347412380398581,0.22855975988441757,1.1591894319004319,0.9698625543243939,-0.23566201093683037,0.5845464725643897,15.896976483762597,85,0.19203480617726187,1.3214336931772719,1.3612084088986176,-0.14107671163495183,0.3971631205673759,9.124300111982082,48,0.03301559330678461,0.306934976961064,0.1038373117716666,-0.3179550081129253,0.19708846584546472,7.337066069428891,40,0.036524953707155694,-0.16224426127684,-0.39134585457422366,-0.09458529930187853,True,True
MTSI,"MACOM Technology Solutions Holdings, Inc. Common Stock",Individual equity,,1,easy_to_borrow,2679,2016-01-04,2026-08-28,0.5259890079395776,26965036.319999997,0.19619030220875233,-0.8078389507396678,0.21400282375287238,0.7299271984017507,0.7479717831297182,-0.2861108247391715,0.5016797312430011,19.75363941769317,106,0.24486094335871544,1.070755586196928,1.2397157538366779,-0.19751377894563227,0.3184023889511012,11.47592385218365,61,-0.028638027356041262,0.017111570454987197,-0.05651352208554324,-0.5067464617174723,0.1937290033594625,8.465845464725643,46,-0.03085811960584306,-0.3408283877951773,-0.49174397070695963,-0.08859704579353922,True,True
MTUM,iShares MSCI USA Momentum Factor ETF,Factor/style ETF,,1,easy_to_borrow,2679,2016-01-04,2026-08-28,0.21189903991826242,98678610.88,0.15703886811349288,-0.3407847428482099,0.12037797272020612,0.8462542081192048,0.8221932839912997,-0.14641079544682822,0.5714818962299365,17.966405375139978,99,0.1203832427837439,1.2705909591836138,1.0256593383696075,-0.1173715660553587,0.45539380365808135,11.381858902575587,60,-0.004587759897454302,0.01736885789416126,-0.01798121182889272,-0.25514186369144265,0.12355356476297126,7.337066069428891,43,-5.270063537787806e-06,-0.42433675106440893,-0.2034660543783079,-0.029039229391469523,False,False
MU,"Micron Technology, Inc. Common Stock",Individual equity,,1,easy_to_borrow,2679,2016-01-04,2026-08-28,0.5189559571610336,1309867208.0,0.4846797821336404,-0.5762667366762924,0.2708734525614749,0.8844373876526791,0.5998990577807883,-0.4515317186253289,0.48189622993654346,18.624860022396415,99,0.3811716182489071,1.4200288559839631,1.3599880289359618,-0.28027571577018306,0.3090705487122061,10.911534154535273,58,-0.08137145653038425,-0.2678549890847784,-0.13324944508783082,-0.6106701343240011,0.1784247853676745,8.089585666293393,43,-0.11029816568743223,-0.535591468331284,-0.7600889711551735,-0.17125600285514586,False,False
MUB,iShares National Muni Bond ETF,Bond ETF,,0,hard_to_borrow,2679,2016-01-04,2026-08-28,0.04773459725200612,147033807.84,0.020017186417267574,-0.13674614305750343,0.01810785162012718,1.08032556749175,0.6664839123743579,-0.02716922536902311,0.3038447181784248,8.277715565509519,45,0.013078604696300733,1.1416566999014846,0.6449860304301934,-0.020277345677669256,0.23329600597237776,4.703247480403135,25,0.004964320537925726,0.4105076798865336,0.14686227148187048,-0.033802558600208976,0.07054871220604703,3.574468085106383,20,0.005029246923826447,-0.061331132409734535,0.021497881944164465,-0.006891879691353853,False,False
NBIS,Nebius Group N.V. Class A Ordinary Shares,Individual equity,,1,easy_to_borrow,2636,2016-01-04,2026-08-28,0.5976370456873972,102375555.45,0.2847013946580279,-0.8015496704059211,0.18938199271134137,0.6306087770971028,0.34371605142732276,-0.5509838482227105,0.4317147192716237,13.766312594840667,74,0.23833712443847244,0.9559193472826386,0.8658280588432831,-0.2752707330331645,0.27883156297420336,8.603945371775417,46,-0.03931406074887567,0.021374087180392052,-0.06443101315654254,-0.610172940372017,0.16047040971168436,5.544764795144157,31,-0.04895513172713106,-0.3253105701855358,-0.5221120074159603,-0.275713115189546,False,False
NCLH,Norwegian Cruise Line Holdings Ltd. Ordinary Shares,Individual equity,,1,easy_to_borrow,2679,2016-01-04,2026-08-28,0.6029014834149761,209746497.23999998,-0.11075271598010583,-0.8724766125061547,0.372964995931484,0.9995756543549933,0.6272285010497206,-0.5946238018637469,0.521089958939903,16.6494960806271,90,0.16536073349065572,0.7633059495439439,0.4985612013091253,-0.33167589667316755,0.2717431877566256,9.03023516237402,49,0.17560079047758603,0.6659607935515435,0.27803836757074857,-0.6315703548824186,0.25681224337439346,7.99552071668533,43,0.2076042624408283,0.23626970481104936,0.12866729974059532,-0.2629479051905793,True,True
NDAQ,"Nasdaq, Inc. Common Stock",Individual equity,,0,hard_to_borrow,2679,2016-01-04,2026-08-28,0.24360462591548201,42621573.160000004,0.18777735520258254,-0.38299639988922674,0.11808456113838983,0.7433175438652155,0.606674353564199,-0.19464241473971255,0.5699888017917133,18.154535274356103,97,0.12837005372147248,1.1437313415791612,1.6397020122282249,-0.07828864803735147,0.3967898469578201,10.629339305711087,56,-0.0016507201843906083,0.05247888399607256,-0.00677565560407285,-0.24362516055248729,0.18924972004479285,7.713325867861142,42,-0.010285492583082645,-0.4004137977139457,-1.033027658664026,-0.11635376670236108,False,False
NDSN,Nordson Corporation Common Stock,Individual equity,,1,easy_to_borrow,2679,2016-01-04,2026-08-28,0.2869676648342565,42532978.519999996,0.17849671565187952,-0.4423434779998795,0.14142123408537,0.7854394539929938,0.6820049646808122,-0.2073610038184357,0.5027995520716685,15.61478163493841,83,0.12959360201082992,1.0644342758514354,0.8385333113807877,-0.1545479472931517,0.3583426651735722,9.218365061590145,49,0.008851706896342959,0.13442394226162227,0.025668186223164084,-0.34485128085734373,0.1601343784994401,6.7726763717805145,36,0.011827632074540073,-0.2789948218584416,-0.1565283466999755,-0.05281305652528401,False,False
NEE,"NextEra Energy, Inc.",Individual equity,,1,easy_to_borrow,2679,2016-01-04,2026-08-28,0.2502748400114556,406293683.9,0.14378750560799003,-0.4496889864617637,0.08880489062069064,0.5751649149897181,0.3482568406423213,-0.25499826638552114,0.5826801045166107,17.213885778275476,93,0.09103174286611115,0.7910232014255384,0.7126222766316032,-0.1277419270365735,0.404628592758492,10.72340425531915,58,-0.006642250819587137,0.014175984202548347,-0.026759363001943925,-0.24822155965015358,0.2034341172079134,7.807390817469205,42,-0.0022268522454205186,-0.21585828643582028,-0.36436543598928184,-0.12725633934894764,False,False
NEM,Newmont Corporation,Individual equity,,1,easy_to_borrow,2679,2016-01-04,2026-08-28,0.3677830545490483,318238103.09999996,0.22805706242689094,-0.624093844734414,0.28372438013925616,1.1383150756405764,0.8614868379255822,-0.3293426755334422,0.59163867114595,15.896976483762597,85,0.2485206256205852,1.271495083181559,1.2531626394219986,-0.19831474207945698,0.3508771929824561,9.312430011198208,49,0.03303224259148263,0.28118503050712185,0.09489840784439403,-0.34808005046455537,0.2545726017170586,7.148936170212766,39,0.03520375451867097,-0.13318000754098258,-0.39167580149641634,-0.13102793345398522,True,True
NET,"Cloudflare, Inc. Class A common stock",Individual equity,,1,easy_to_borrow,1749,2019-09-13,2026-08-28,0.6735215200518501,305687879.49,0.4997312339351352,-0.8258227848101268,0.25000143593449287,0.7235290247312135,0.5007814199901346,-0.49922266672636917,0.4745568896512293,17.289879931389365,61,0.3507294102416403,1.1646786371222546,1.3459466282398926,-0.2605819598510325,0.2938822184105203,10.373927958833619,37,-0.07457302220814754,-0.06323626232817771,-0.11025823837059474,-0.6763487546163784,0.180674671240709,6.915951972555746,24,-0.10072797430714742,-0.4411496123910411,-0.845165208249758,-0.23864070687533667,False,False
NFLX,"Netflix, Inc. Common Stock",Individual equity,,1,easy_to_borrow,2679,2016-01-04,2026-08-28,0.4167881739662468,230066676.36,0.20760393684617795,-0.7594332803238395,0.22544510897310466,0.8527521531805873,0.5961970430618627,-0.37813858957652025,0.5938783128032848,18.34266517357223,97,0.20952189974968105,1.1087473094278906,1.0758245196916238,-0.19475471688425428,0.3826054497946995,10.629339305711087,56,-0.0038999279467557546,0.08987101131059737,-0.006710687002222399,-0.5811518173123263,0.23553564762971257,8.653975363941768,46,0.015923209223423607,-0.2559951562473033,-0.47962747662976113,-0.18338387269226597,True,True
NI,NiSource Inc.,Individual equity,,1,easy_to_borrow,2679,2016-01-04,2026-08-28,0.2281745148356749,82804438.5,0.1059327375768584,-0.3093967993434551,0.03728123649372739,0.337005220316229,0.12191642146885363,-0.3057933955455848,0.5558044046285927,16.837625979843224,92,0.047390006180289435,0.5085629056409362,0.2929846845384403,-0.16174909024663287,0.3624486748786861,10.72340425531915,57,-0.01166015160751499,-0.07382513686042559,-0.03413764164536341,-0.34156289203119794,0.22321761851437102,7.054871220604703,40,-0.010108769686562047,-0.17155768532470722,-0.17106826306958667,-0.14404430529895196,False,False
NKE,"Nike, Inc.",Individual equity,,1,easy_to_borrow,2679,2016-01-04,2026-08-28,0.32059634960343636,677557143.25,-0.027577619979182955,-0.7651658623006896,0.16664760265790113,0.8246670340826033,0.5583069219422414,-0.29848743783825293,0.5692422545726017,16.273236282194848,86,0.08157186615613643,0.7235019928729611,0.4942671291111859,-0.16503599238497357,0.3027248973497574,8.653975363941768,46,0.07685530438380095,0.4938036492053697,0.30675349385923323,-0.2505441858767198,0.2821948488241881,8.559910414333705,45,0.0850757365017647,0.1011650412096422,0.06403979283105549,-0.13345144545327936,True,True
NOBL,ProShares S&P 500 Dividend Aristocrats ETF,Factor/style ETF,,1,easy_to_borrow,2679,2016-01-04,2026-08-28,0.16515331431248587,17418931.2,0.10895880547034431,-0.3544798556825014,0.09278854937729664,0.8047593333669275,0.6955539667789881,-0.13340237251034204,0.6002239641657335,17.684210526315788,99,0.09735994686835592,1.2271507833693878,1.3774134984026085,-0.07068316593474988,0.4669652855543113,10.347144456886898,55,-0.001650870716776165,0.026884503306594608,-0.00792284238728424,-0.20836849151836323,0.14184397163120568,7.525195968645017,45,-0.004571397491059281,-0.42239145000246026,-0.6818595316236205,-0.06271920657559216,False,False
NOC,Northrop Grumman Corp.,Individual equity,,1,easy_to_borrow,2679,2016-01-04,2026-08-28,0.2501551867238882,305180691.29,0.12337413893290505,-0.3638241744271048,0.09932172798592043,0.6583271062810289,0.3075895526375723,-0.3229034508299753,0.5487122060470325,16.367301231802912,88,0.11142366176559348,0.9572090180284898,0.5620080915062057,-0.1982598888691679,0.3650615901455767,10.159014557670773,55,-0.010082674273619308,-0.022147876878233014,-0.02912125598593978,-0.3462307490613519,0.21052631578947367,7.525195968645017,40,-0.012101933779673058,-0.2988819117474609,-0.25441853886863336,-0.12464356196080739,False,False
NOW,"SERVICENOW, INC.",Individual equity,,1,easy_to_borrow,2679,2016-01-04,2026-08-28,0.417072688458012,125528845.68,0.2244589258695644,-0.6454203691045798,0.17169131889081402,0.7321709308078866,0.333029994728691,-0.5155431090544427,0.5614035087719298,18.34266517357223,97,0.22587187778834328,1.149029744548425,0.7292703731311043,-0.3097230960015117,0.3833519970138111,10.06494960806271,53,-0.031178104696217068,-0.08492929005304907,-0.06096853625210739,-0.5113802399207081,0.18402388951101156,8.277715565509519,44,-0.05418055889752926,-0.41685881374053835,-0.39624037840241333,-0.20582001305293096,False,True
NRG,"NRG Energy, Inc.",Individual equity,,1,easy_to_borrow,2679,2016-01-04,2026-08-28,0.4076563753530276,115757508.72,0.2641308013230883,-0.5191715645116144,0.1956137006743115,0.7946059730793849,0.43899349456408426,-0.4455958985646331,0.5606569615528182,19.09518477043673,102,0.2309339718330019,1.1771704473113893,1.5035089865087752,-0.15359666879626865,0.3542366554684584,10.72340425531915,58,-0.024568770043235322,-0.03382120643706422,-0.04163978393417829,-0.5900311606340749,0.21649869354236656,8.748040313549831,46,-0.03532027115869041,-0.38256447423200446,-1.0645154919446909,-0.29199922976836445,False,False
NSC,Norfolk Southern Corp.,Individual equity,,1,easy_to_borrow,2679,2016-01-04,2026-08-28,0.2760990537659091,258453165.06,0.17049898582947653,-0.44420154625433195,0.20542713877966223,1.0213373695317267,0.9378372246265189,-0.21904349004857515,0.5819335572974991,15.802911534154534,84,0.16057796618206543,1.1646461393609011,1.367275383913987,-0.1174437630277465,0.38633818589025753,9.218365061590145,49,0.04334392099285456,0.35271927031366984,0.1928080955711809,-0.2248034288417773,0.22321761851437102,7.148936170212766,38,0.0448491725975968,-0.1433087698291744,-0.4294381592874682,-0.10159972702082865,True,False
NTAP,"NetApp, Inc. Common Stock",Individual equity,,1,easy_to_borrow,2679,2016-01-04,2026-08-28,0.3586295531351876,130515742.5,0.23454794979602034,-0.5807854137447401,0.18460798051332206,0.803905644475629,0.4135987232650455,-0.44634562470595485,0.5681224337439343,18.624860022396415,101,0.19936699525945545,1.1526564921347853,0.8723810232871179,-0.2285320174758545,0.37775289287047403,10.72340425531915,58,-0.008202128503471129,0.0469945479827482,-0.0159972425201902,-0.5127213951478939,0.2108995893990295,8.277715565509519,45,-0.014759014746133392,-0.3487508476591563,-0.4587823000220724,-0.21781360723010035,False,False
NTES,"NetEase, Inc. American Depositary Shares",Individual equity,,1,easy_to_borrow,2679,2016-01-04,2026-08-28,0.4202802510603189,80909460.53999999,0.14732326393331285,-0.5734760981367512,0.11359875432829436,0.5308040313937015,0.3170792295482934,-0.35826614846429883,0.541993281075028,19.001119820828666,103,0.13619222098282457,0.7325714502497175,0.4632711449946149,-0.29397950304979104,0.3146696528555431,10.535274356103024,59,-0.025991695855206998,-0.046148289262714734,-0.06936285585963331,-0.3747206704955358,0.24412094064949608,9.218365061590145,49,-0.022593466654530214,-0.201767418856016,-0.14619191544632154,-0.06428664541450779,False,False
NTRS,Northern Trust Corporation Common Stock,Individual equity,,1,easy_to_borrow,2679,2016-01-04,2026-08-28,0.3023153174152473,91269838.52,0.12524110364914742,-0.5003005581794753,0.06913776903151936,0.4337734123042859,0.1366175271119972,-0.5060680755467133,0.5539380365808138,18.248600223964164,97,0.10411944730010547,0.7798683646192377,0.5300013308691779,-0.19645129405496842,0.39455020530048523,10.911534154535273,58,-0.033166025602348714,-0.14708416541403765,-0.06713633918996771,-0.49401003990555337,0.2123926838372527,8.842105263157894,47,-0.034981678268586114,-0.3460949523149518,-0.3933838037571807,-0.3096167814917449,False,False
NUE,Nucor Corporation,Individual equity,,1,easy_to_borrow,2679,2016-01-04,2026-08-28,0.3535583551868515,179391937.01,0.21601611509575247,-0.571987746766508,0.2609535239823668,1.0311852395001677,1.018319576044779,-0.25625896832498074,0.593505039193729,19.001119820828666,101,0.24381911770064324,1.2449612724073176,1.7801615273100617,-0.13696460347003991,0.3583426651735722,10.347144456886898,55,0.03284527049919972,0.2696203475019894,0.09721503462898178,-0.3378620459741921,0.25046659201194477,9.03023516237402,48,0.01713440628172358,-0.21377603290714986,-0.7618419512652828,-0.11929436485494083,True,True
NVDA,NVIDIA Corporation Common Stock,Individual equity,Mega-cap 7,1,easy_to_borrow,2679,2016-01-04,2026-08-28,0.4930648038740685,199382070.576,0.6966198360671105,-0.6633603847309889,0.4109709305595204,1.2124463177562148,1.3974846309937743,-0.29407903417676384,0.5367674505412467,17.590145576707727,94,0.5406439271202144,1.8808688045536686,3.346108674839321,-0.16157392949772498,0.4008958566629339,10.629339305711087,57,-0.08639340505246207,-0.2998909949008688,-0.13994863055379247,-0.6173222611081912,0.14632325494587534,7.148936170212766,38,-0.12967299656069398,-0.6684224867974538,-1.9486240438455467,-0.13250510467903887,False,False
NVMI,Nova Ltd. Ordinary Shares,Individual equity,,1,easy_to_borrow,2679,2016-01-04,2026-08-28,0.4340673397001368,8256338.4,0.39771873817925774,-0.5275965198477431,0.3052527698390741,1.054435507962671,0.8869818010401785,-0.3441477260086949,0.5378872713699141,17.966405375139978,96,0.29387799254018176,1.3163858714675731,1.3563091194930044,-0.21667478918820138,0.3497573721537887,11.664053751399775,63,0.005570813832699306,0.12886235414192032,0.016843054456504084,-0.33074843087906125,0.19671519223590891,6.678611422172452,35,0.011374777298892358,-0.2619503635049021,-0.4693273184528258,-0.12747293682049354,False,False
NVO,Novo-Nordisk A/S,Individual equity,,1,easy_to_borrow,2679,2016-01-04,2026-08-28,0.32442226559758564,54627143.599999994,0.0632203648316978,-0.7491542503418986,0.14248755790355028,0.7468560374739167,0.7890876028374446,-0.1805725465603384,0.5543113101903695,19.941769316909294,106,0.15181916047458488,1.0491591440460792,1.1240611573293242,-0.13506307862758515,0.3505039193729003,10.72340425531915,57,0.004510509790796036,0.10570354516749776,0.012501941276362779,-0.3607847526306962,0.20865994774169466,9.218365061590145,49,-0.009331602571034603,-0.3023031065721625,-0.3349735544918796,-0.045509467932753234,True,True
NVR,"NVR, Inc.",Individual equity,,1,easy_to_borrow,2679,2016-01-04,2026-08-28,0.31528334363505134,105330379.77,0.14223908710309408,-0.4613363316880357,0.06951641174840084,0.46974070742751256,0.23937708202129215,-0.29040546054537286,0.5472191116088092,14.862262038073908,83,0.07155762175419333,0.5765285966419034,0.37055252111607734,-0.19311060558613113,0.3628219484882419,9.03023516237402,49,-0.01218632298270006,-0.03829973415849647,-0.027688509895065164,-0.4401220227771083,0.2108995893990295,6.58454647256439,37,-0.002041210005792493,-0.10678788921439081,-0.13117543909478518,-0.09729485495924173,False,False
NWS,News Corporation Class B Common Stock,Individual equity,,1,easy_to_borrow,2679,2016-01-04,2026-08-28,0.29759536117607166,12324404.18,0.10471144035284397,-0.5185393258426955,0.11732368086728773,0.6575832117909982,0.4437413437744427,-0.26439655108387716,0.5427398282941396,17.684210526315788,95,0.12946690172248543,0.9653626566574928,0.986773041125604,-0.1312023092714446,0.3266144083613289,9.782754759238522,52,-0.004421185529383087,0.04684009702298246,-0.014293755538664242,-0.30930888089025266,0.23777528928704741,8.842105263157894,47,-0.0121432208551977,-0.30777944486649456,-0.5430316973511613,-0.13319424181243256,True,True
NWSA,News Corporation Class A Common Stock,Individual equity,,1,easy_to_borrow,2679,2016-01-04,2026-08-28,0.29560219555119976,47042905.92,0.09641885632382041,-0.506190172303765,0.13007467088278601,0.7052216304221729,0.47256270037076237,-0.27525378279058477,0.5595371407241508,17.02575587905935,92,0.12437637803928969,0.9142939050310342,0.756129998931954,-0.16449073335930775,0.3437849944008959,9.688689809630459,52,0.021341659661734846,0.21438568979222236,0.07670283676595066,-0.2782382055419451,0.23329600597237776,8.089585666293393,43,0.005698292843496322,-0.20907227460886135,-0.2835672985611916,-0.11076304943127702,True,True
NXPI,NXP Semiconductors N.V. Common Stock,Individual equity,,1,easy_to_borrow,2679,2016-01-04,2026-08-28,0.40865379600944934,402029279.73,0.1081952961296817,-0.5326208326686872,0.1069289457025171,0.5019432292149213,0.18240575712828083,-0.5862147521326149,0.5330347144456887,17.590145576707727,93,0.05689662260324724,0.3850198055389804,0.15060158720403644,-0.37779563721438847,0.3277342291899963,10.911534154535273,58,0.047092084452861505,0.3250549543895214,0.10075771209711949,-0.46737945386721214,0.21052631578947367,7.054871220604703,37,0.05003232309926986,0.11692342367594089,0.031804169924244396,-0.2084191149182264,False,False
O,Realty Income Corporation,Individual equity,,1,easy_to_borrow,2679,2016-01-04,2026-08-28,0.2534945161765521,165034746.23999998,0.06682426458116786,-0.4827933523585698,0.0487706630905429,0.3933319080563256,0.10833560849596982,-0.4501812817376404,0.5957446808510638,18.154535274356103,98,0.0828611391659857,0.7967291357296228,0.4010131412746002,-0.20662948576352314,0.3766330720418066,9.782754759238522,52,-0.024856485698189434,-0.17549786773612797,-0.04794569269559876,-0.518430004880734,0.24150802538260546,8.936170212765957,49,-0.0340904760754428,-0.40339722767329717,-0.2926775327786304,-0.24355179597411725,False,True
ODFL,"Old Dominion Freight Line, Inc. Common Stock",Individual equity,,1,easy_to_borrow,2679,2016-01-04,2026-08-28,0.3300418143456291,82035149.19,0.24909464387275015,-0.4518098560837337,0.14965924532955688,0.7654085226580738,0.5013581815702739,-0.29850763552081294,0.5423665546845838,17.213885778275476,91,0.17770839945710404,1.1070691998837738,0.69336782160846,-0.2562974425967156,0.3419186263531168,10.347144456886898,55,-0.02349721082766887,-0.09319951777713972,-0.06610059905330926,-0.3554765185822095,0.2206047032474804,7.6192609182530795,40,-0.02804915412754716,-0.34166067722570004,-0.1920096400381861,-0.042210192924097334,False,False
OIH,VanEck Oil Services ETF,Thematic/industry ETF,,0,hard_to_borrow,2597,2016-05-02,2026-08-28,0.4166746145032462,228133100.57999998,-0.017459621935273173,-0.8960850652489123,0.3103758600084099,1.026678178236297,0.7365356325710111,-0.4213996530283086,0.5679630342703119,17.660377358490567,91,0.12764816620010344,0.7116719208717515,0.37701088304878894,-0.33857952631989274,0.313438582980362,9.897574123989218,51,0.16681869233226432,0.7469057203007403,0.4758695989605481,-0.35055547296286604,0.27031189834424335,7.9568733153638815,41,0.18272769380830645,0.31500625736454557,0.35952474952222213,-0.08282012670841588,True,True
OKE,"Oneok, Inc.",Individual equity,,1,easy_to_borrow,2679,2016-01-04,2026-08-28,0.40172605936441375,123727132.65,0.20466492147927928,-0.8056246299585553,0.1606573770879396,0.6713255133374515,0.33897491236124794,-0.473950641269658,0.5606569615528182,17.590145576707727,95,0.20467930463671236,1.131301585718356,0.7484722142842141,-0.27346279625417114,0.4079880552444942,11.005599104143336,58,-0.06662443581238431,-0.18253825674022825,-0.10324223957522771,-0.6453214894068454,0.17394550205300485,7.713325867861142,43,-0.044021927548772766,-0.45997607238090443,-0.40949730192296613,-0.2004878450154869,False,True
OKTA,"Okta, Inc. Class A Common Stock",Individual equity,,1,easy_to_borrow,2361,2017-04-07,2026-08-28,0.5466982541195253,210715468.48000002,0.2321576809065402,-0.845705668654466,0.14786918107968128,0.5889668940710682,0.3393377640012881,-0.4357581052461935,0.43456162642947904,17.39771283354511,84,0.15203748933534245,0.7684665355055266,0.5219624734619784,-0.29128049824527735,0.26217704362558236,10.353240152477763,50,0.013397038817324347,0.17203553817313508,0.0370891348327067,-0.3612119527120998,0.1901736552308344,7.257941550190598,35,-0.004168308255661168,-0.1794996414344584,-0.18262470946069032,-0.14447760700091616,False,False
OMC,Omnicom Group Inc.,Individual equity,,1,easy_to_borrow,2679,2016-01-04,2026-08-28,0.28763835617590483,120739516.98,0.0523287962120198,-0.43214013709063126,0.009387004498076612,0.14316220747761757,0.0223617086835587,-0.4197802874061384,0.5024262784621127,18.154535274356103,97,0.031642095683888094,0.3190907453232871,0.12200875679898993,-0.2593428251712999,0.27398282941396046,10.441209406494961,56,-0.023327291767703207,-0.08610147470029923,-0.05931381594105306,-0.393285972207322,0.26689063083240017,9.03023516237402,48,-0.022255091185811482,-0.1759285378456695,-0.09964704811543122,-0.16043746223483846,False,False
ON,ON Semiconductor Corporation Common Stock,Individual equity,,1,easy_to_borrow,2679,2016-01-04,2026-08-28,0.5146748232357725,252589591.38,0.20846451542211453,-0.7044129891756876,0.22006324969657332,0.7287892964478302,0.5157361609869244,-0.4266973432218817,0.5625233296005973,17.778275475923852,94,0.22105244621388098,0.9464621123352436,0.7669387021027411,-0.28822700641891486,0.337812616648003,9.40649496080627,50,0.01758840588645394,0.19805172595238774,0.028529990750991514,-0.6164883136473741,0.23068309070548712,8.371780515117582,44,-0.0009891965173076667,-0.21767281588741338,-0.25120254111581664,-0.13847033680296683,True,True
ORCL,Oracle Corp,Individual equity,,1,easy_to_borrow,2679,2016-01-04,2026-08-28,0.35179008949347906,720764618.13,0.16204749870583668,-0.6457267853841893,0.27437110938815135,1.2437306802101853,1.2702187508050686,-0.21600303822806433,0.5625233296005973,17.4020156774916,95,0.21102987841133047,1.3519956571611897,1.99006346546167,-0.10604178312593371,0.3639417693169093,10.06494960806271,56,0.055791926645519574,0.4178021362996965,0.22218093177248613,-0.2511103279675263,0.22583053378126167,8.089585666293393,44,0.06334123097682087,-0.10826497695100445,-0.7198447146566014,-0.10996125510213062,True,True
ORLY,"O'Reilly Automotive, Inc. Common Stock",Individual equity,,1,easy_to_borrow,2679,2016-01-04,2026-08-28,0.2655148991001215,21065648.240000002,0.17176357401735554,-0.42014004668222715,0.0951128784568851,0.6124211041214811,0.39464700886298865,-0.2410074733137173,0.5274356103023516,16.743561030235163,91,0.13470844689662242,1.0886646952957248,0.9266940164001838,-0.14536453728265997,0.3617021276595745,9.03023516237402,49,-0.024755606111381723,-0.14336606793612505,-0.05804911091305687,-0.4264596945930742,0.18439716312056736,7.901455767077267,43,-0.03959556843973733,-0.47624359117424375,-0.5320470075371951,-0.09564293603105734,False,False
OTIS,Otis Worldwide Corporation,Individual equity,,1,easy_to_borrow,1609,2020-04-03,2026-08-28,0.2383202437402804,177670538.24,0.0844956717687857,-0.32444618702215455,0.06039597610732428,0.44998722715681594,0.27195239576593394,-0.22208289777048462,0.5618396519577378,15.661901802361715,52,0.08995460706074376,0.8032542498738032,0.6959303718292068,-0.1292580561246437,0.34990677439403356,8.457426973275325,29,-0.02749461616971538,-0.19478129865470134,-0.12252395808906077,-0.22440195859270207,0.2399005593536358,8.457426973275325,27,-0.029558630953419485,-0.3532670227169873,-0.42397797606327287,-0.09282484164584093,False,True
OXY,Occidental Petroleum Corporation,Individual equity,,1,easy_to_borrow,2679,2016-01-04,2026-08-28,0.49535226670859545,413150672.05,0.015814532780366486,-0.8838845291479822,0.12012148537637679,0.5282690426622375,0.2674818717700246,-0.44908271570514047,0.5341545352743561,17.778275475923852,96,0.07994360102877507,0.4748719463430905,0.21978957160796872,-0.3637279077615556,0.2795819335572975,9.500559910414333,50,0.03439740828843019,0.27573028268806865,0.07963094469967587,-0.4319603191718784,0.2616648002986189,8.653975363941768,48,0.04017788434760172,0.05339709631914702,0.04769230016205586,-0.08535480794358485,True,True
PANW,"Palo Alto Networks, Inc. Common Stock",Individual equity,,1,easy_to_borrow,2679,2016-01-04,2026-08-28,0.39675658448629103,83783556.99,0.2728412201091346,-0.4797551789077207,0.20862858320205802,0.9065287778767658,0.5408619856127429,-0.3857334934820804,0.5255692422545726,18.43673012318029,99,0.22219739372328906,1.1823543009643644,0.8838521769526648,-0.25139655648004244,0.3665546845837999,10.911534154535273,59,0.0020001315477633508,0.09250378913312102,0.005582059059660616,-0.35831429341504617,0.1784247853676745,7.901455767077267,43,-0.013568810521231045,-0.27582552308759867,-0.3429901913399219,-0.13433693700203797,False,False
PAVE,Global X U.S. Infrastructure Development ETF,Thematic/industry ETF,,1,easy_to_borrow,2383,2017-03-08,2026-08-28,0.24260392636082387,17766796.634999998,0.15742599990817174,-0.4408852649970878,0.16257650175211236,0.9894947969584006,0.8050022571034836,-0.20195782100920623,0.5841376416281997,17.977339488040286,86,0.14772793468267875,1.2050656197796816,1.4924818506573065,-0.09898139439191012,0.42257658413764165,10.151909357952162,49,0.013404273158116764,0.1726828860695579,0.05511874396538557,-0.24318901690747186,0.1716323961393202,8.036928241712129,38,0.014848567069433605,-0.21557082282128104,-0.6874795935538229,-0.10297642661729611,True,False
PAYX,"Paychex, Inc. Common Stock",Individual equity,,1,easy_to_borrow,2679,2016-01-04,2026-08-28,0.25170252005342986,158376986.92000002,0.1234379942126882,-0.4495358483112788,0.11484047179702173,0.7363337888574577,0.6157510594935752,-0.18650470839867062,0.5655095184770437,17.966405375139978,97,0.13581435152562915,1.252182220935389,1.0817493343982814,-0.12555066798462633,0.3796192609182531,9.312430011198208,51,-0.015200782868324492,-0.05636650594790774,-0.06302149022707558,-0.24119999088491662,0.19708846584546472,8.842105263157894,48,-0.020973879728607425,-0.5158484320779313,-0.46599827490470613,-0.060954040414044286,False,True
PCAR,PACCAR Inc. Common Stock,Individual equity,,1,easy_to_borrow,2679,2016-01-04,2026-08-28,0.26306090581895347,101552266.66000001,0.17981107225601667,-0.3787598334104586,0.08590130389097572,0.5320893250632069,0.2575286770749044,-0.3335601489770811,0.58006718924972,17.872340425531913,95,0.14805396294151518,1.1228474008189824,0.622164784487551,-0.23796583579294117,0.37737961926091823,9.218365061590145,49,-0.036404154994821414,-0.2007712747951195,-0.0925800088306862,-0.3932183141330079,0.20716685330347145,8.842105263157894,47,-0.06215265905053946,-0.5907580757557754,-0.36463610741264657,-0.09559431318413991,False,False
PCG,PG&E Corporation,Individual equity,,1,easy_to_borrow,2679,2016-01-04,2026-08-28,0.5329382989540332,204433960.192,-0.09727241745047954,-0.9464746345657781,0.22023281497942726,0.6875630182069009,0.40175023988877473,-0.5481834062884421,0.5718551698394924,15.99104143337066,88,0.12328780413815243,0.6948727633473575,0.559692501957443,-0.22027774841894665,0.36058230683090703,9.218365061590145,49,0.08029394962837477,0.39064898645317087,0.1644197446133535,-0.4883473686034032,0.23665546845837998,7.525195968645017,43,0.09694501084127483,-0.007309745140456569,-0.1579422620686683,-0.32790565786949544,True,True
PDBC,Invesco Actively Managed Exch-Traded Commodity Fd Tr Invesco Optimum Yield Diversified Commodity Strategy No K-1 ETF,Commodity ETF,,1,easy_to_borrow,2679,2016-01-04,2026-08-28,0.1798128695655803,23845264.5,0.09682015986803161,-0.4073610676676044,0.09846145454143795,0.8566278950634126,0.36300322991940775,-0.27124126295872875,0.5102650242627846,20.882418812989922,112,0.08570097822254819,1.0616132942503351,0.4763939788776506,-0.17989517504913355,0.3202687569988802,12.604703247480403,68,0.012466635395379289,0.18656291165329242,0.04992444323194538,-0.2497100535996004,0.19223590892123926,8.465845464725643,45,0.012760476318889769,-0.2049853991869225,-0.11339074895824286,-0.0913460879095952,True,False
PDD,PDD Holdings Inc. American Depositary Shares,Individual equity,,1,easy_to_borrow,2034,2018-07-26,2026-08-28,0.6869838714712688,637999635.9100001,0.15542606988695695,-0.8741248397593926,0.41043419795519887,0.9856080023941919,1.060230751634714,-0.38711780178265154,0.5245821042281219,17.345132743362832,70,0.345422494123391,1.0883775713567332,1.171798246249913,-0.29477983537596253,0.2689282202556539,9.415929203539823,38,0.07021485430217322,0.3678516775897533,0.1424258128353096,-0.4929924773072164,0.27974434611602755,8.176991150442477,33,0.06501170383180788,-0.1027695689625413,-0.11156749461519899,-0.09233796640668901,True,True
PEG,Public Service Enterprise Group Incorporated,Individual equity,,1,easy_to_borrow,2679,2016-01-04,2026-08-28,0.21708859764448402,135907092.15,0.09853556333999802,-0.4077014688368392,0.04422263165795992,0.3587800934457108,0.20659391259691828,-0.21405583108463566,0.557297499066816,16.6494960806271,91,0.07034669909121871,0.6724257565826756,0.49893806619179654,-0.14099284832714443,0.3673012318029115,9.218365061590145,51,-0.027597320976561535,-0.20099193771852905,-0.08305718085469885,-0.33226893439642013,0.21537887271369915,8.183650615901456,45,-0.02612406743325879,-0.31364566313696474,-0.29234415359487825,-0.07306298275749123,False,False
PEP,"PepsiCo, Inc. Common Stock",Individual equity,,1,easy_to_borrow,2679,2016-01-04,2026-08-28,0.19554439084614172,649083022.5999999,0.06577184751479281,-0.3032324268855813,0.06507690466740268,0.4917703454329085,0.3238596537101858,-0.20094168545501634,0.6229936543486375,16.179171332586787,86,0.07341183247289651,0.7616674628743831,0.42806253345623696,-0.1714979161576209,0.42777155655095184,8.842105263157894,47,-0.014440442437955836,-0.06654423940048243,-0.045442187865893116,-0.31777612646142395,0.2123926838372527,8.277715565509519,44,-0.00833492780549383,-0.26989711744147465,-0.10420287974605114,-0.02944376929739545,False,True
PFE,Pfizer Inc.,Individual equity,,1,easy_to_borrow,2679,2016-01-04,2026-08-28,0.2376592802385844,763445449.64,0.03328870357901281,-0.5896246309574017,0.15852716721079108,0.9913460091884151,0.7997122816581727,-0.19823025211278622,0.5516983949234789,17.213885778275476,93,0.10050934607082818,0.9466077472387476,0.7412269139773116,-0.13559861922917804,0.2904068682344158,9.124300111982082,51,0.061540276724061815,0.5444572018302393,0.32406037595096365,-0.1899037379792894,0.2848077640910788,8.465845464725643,45,0.0580178211399629,0.04473826194966746,0.0584853676808611,-0.06263163288360818,True,True
PFG,Principal Financial Group Inc Common Stock,Individual equity,,1,easy_to_borrow,2679,2016-01-04,2026-08-28,0.31751386002357224,72278327.1,0.1319588397392546,-0.6472109346139647,0.03752963602059167,0.27852815177763995,0.07829645945328113,-0.4793273703900405,0.49384098544232924,18.81298992161254,101,0.07693076291121792,0.5992149370528739,0.3796950552459444,-0.2026119693905064,0.3404255319148936,11.099664053751399,59,-0.026164082607703643,-0.06752281762668084,-0.0503581542912781,-0.5195599992876465,0.1705860395670026,8.653975363941768,47,-0.03940112689062625,-0.3206867852752339,-0.30139859579266326,-0.27671540099953407,False,False
PG,Procter & Gamble Company,Individual equity,,1,easy_to_borrow,2679,2016-01-04,2026-08-28,0.1861263602896154,861426798.88,0.08872536167149003,-0.23768809849521078,0.05013665155279168,0.47102344019773745,0.18171547697758106,-0.2759074372018253,0.59163867114595,16.931690929451285,94,0.06549968855021904,0.7579067929211322,0.4131979557814402,-0.15851890754480136,0.3994027622247107,9.03023516237402,49,-0.017218741798769033,-0.17335776633852382,-0.0581238756483661,-0.29624214845785257,0.21015304217991787,8.653975363941768,49,-0.01536303699742736,-0.2868833527233947,-0.23148247880385914,-0.11738852965702395,False,False
PGR,Progressive Corporation,Individual equity,,1,easy_to_borrow,2679,2016-01-04,2026-08-28,0.24501188344857025,249301026.48000002,0.23623887903510132,-0.30352045670789707,0.09838648931494953,0.6944170151876093,0.29494450485067164,-0.33357627518696076,0.559163867114595,17.02575587905935,91,0.14902612550146932,1.2438127200287392,0.7845684954495254,-0.1899466093347063,0.41284061216871965,9.500559910414333,50,-0.04165622444640438,-0.38461368677537006,-0.09494836294919516,-0.43872504119627354,0.1541620007465472,7.901455767077267,43,-0.05063963618651979,-0.5493957048411299,-0.4896239905988538,-0.14362966585225445,False,False
PH,Parker-Hannifin Corporation,Individual equity,,1,easy_to_borrow,2679,2016-01-04,2026-08-28,0.3129005454883297,219577247.12,0.2645999243473125,-0.5468244336569578,0.22135192446558194,0.9892407631089634,0.7544583375985948,-0.2933918460893873,0.593505039193729,16.931690929451285,90,0.2414396610953422,1.4048601971158443,1.8000517191136605,-0.1341292911373826,0.458006718924972,9.594624860022396,51,-0.01695225522539434,-0.025780903017434256,-0.03429796395385022,-0.49426418571681174,0.14968271743187755,8.277715565509519,45,-0.020087736629760267,-0.41561943400688095,-1.0455933815150655,-0.1592625549520047,False,False
PHM,"Pultegroup, Inc.",Individual equity,,1,easy_to_borrow,2679,2016-01-04,2026-08-28,0.36242424324596334,143608882.68,0.222417902173772,-0.6210502386906116,0.2067851930426563,0.8916415472250897,0.5273042475187548,-0.3921553714306113,0.5121313923105636,15.802911534154534,86,0.19209152354842818,1.1314339786344332,0.725889034031562,-0.26462932286159313,0.3523702874206794,9.970884658454647,53,-0.006886930418714576,0.05353707049588986,-0.013229192898768153,-0.5205858340274,0.1765584173198955,6.96080627099664,39,0.014693669494228123,-0.23979243140934348,-0.1985847865128072,-0.12752604856901817,False,False
PINS,"Pinterest, Inc. Class A Common Stock",Individual equity,,1,easy_to_borrow,1851,2019-04-18,2026-08-28,0.6078039301100853,309362030.54,-0.006900564645163865,-0.8270330902972518,0.29963611867307294,0.8521726527237721,0.4674286722902698,-0.6410306779105778,0.5164775796866559,15.792544570502432,58,0.15695947640999042,0.6886077580558518,0.36079972773384666,-0.43503213651473616,0.26904376012965964,8.985413290113453,34,0.1354405936203238,0.5630775694067705,0.2708589657901713,-0.5000410203339798,0.2814694759589411,7.351701782820098,27,0.14267664226308252,0.16356489466792024,0.10662894455642313,-0.20599854139584162,True,True
PKG,Packaging Corp of America,Individual equity,,1,easy_to_borrow,2679,2016-01-04,2026-08-28,0.2770472461624822,80332840.83,0.1688007296763694,-0.38181276680234333,0.10044255163235616,0.620671652111443,0.43749058001702174,-0.22958791850660687,0.5879059350503919,17.496080627099662,94,0.12509147786349684,0.968666191880855,1.0063769174205424,-0.12429883446067147,0.40425531914893614,9.40649496080627,52,-0.01646791251246793,-0.06958059583605228,-0.05918867488084509,-0.27822742349985186,0.1944755505785741,8.465845464725643,45,-0.024648926231140678,-0.34799453976941197,-0.5688863374035207,-0.1052890840459354,False,False
PL,Planet Labs PBC,Individual equity,,1,easy_to_borrow,1343,2021-04-26,2026-08-28,0.7954775687219184,9063580.0,0.14083445899322955,-0.8572635135135136,0.15719590691116303,0.5469162043261594,0.33711154212003247,-0.4663023577376998,0.45122859270290394,16.51228592702904,47,0.17085213191661208,0.7226982676888297,0.5003186892825574,-0.34148660758927296,0.17051377513030527,8.631422189128816,26,0.012942395852334476,0.22554419317240787,0.026165771833450605,-0.4946307693392319,0.2889054355919583,7.880863737900224,21,-0.013656225005449052,-0.17578206336267033,-0.16320714716252493,-0.12481575014842683,True,True
PLD,"PROLOGIS, INC.",Individual equity,,1,easy_to_borrow,2679,2016-01-04,2026-08-28,0.26772331739836996,273356733.96000004,0.1530121046553925,-0.4329734000526726,0.14726466822729822,0.8392416085040869,0.6364948697703066,-0.23136819355738403,0.5994774169466218,17.307950727883537,93,0.11388391150711841,0.8735115735363608,0.6796495541751733,-0.16756269581509342,0.43486375513251213,10.159014557670773,55,0.023336313329169522,0.2414477192747421,0.09146298787944185,-0.2551448828670382,0.18141097424412095,8.089585666293393,43,0.033380756720179816,-0.034269965032273864,-0.043154684404866694,-0.0638054977422906,False,False
PLTR,Palantir Technologies Inc. Class A Common Stock,Individual equity,,1,easy_to_borrow,1485,2020-09-30,2026-08-28,0.7024616791312188,1302837983.26,0.6570192471824057,-0.8461538461538461,0.3094727284138057,0.8131036561416496,0.5634304288829242,-0.5492652021428388,0.5959595959595959,17.478787878787877,56,0.4842108896134558,1.3543071777777635,1.7571691978813988,-0.27556304207771454,0.298989898989899,9.672727272727272,31,-0.06152782505382948,-0.03451862143079706,-0.08946471820142086,-0.6877328436368149,0.2915824915824916,8.145454545454545,26,-0.17473816119965013,-0.541203521636114,-1.1937387689984746,-0.27370216006512427,False,False
PM,Philip Morris International Inc.,Individual equity,,1,easy_to_borrow,2679,2016-01-04,2026-08-28,0.2406189243078684,378988001.45,0.129500174298516,-0.4286083473316965,0.19048031515881303,1.150222068139009,0.6608037198079991,-0.2882555128687204,0.5655095184770437,17.11982082866741,92,0.17676875176960993,1.4231217898499742,1.090928522211883,-0.16203513628116273,0.3751399776035834,10.159014557670773,54,0.024044234926225982,0.2653038224483719,0.11922512357832898,-0.20167087443133835,0.19932810750279956,7.525195968645017,41,0.013711563389203096,-0.2728997217109652,-0.43012480240388384,-0.1262203765875577,True,True
PNC,PNC Financial Services Group,Individual equity,,1,easy_to_borrow,2679,2016-01-04,2026-08-28,0.29047211487826263,263258076.88,0.13024092854030123,-0.4958396069419131,0.16169926428357728,0.8089174547280295,0.440811256406693,-0.3668219945236456,0.6095558044046286,17.213885778275476,92,0.13154105992677678,0.9403174503190632,0.6854907718994605,-0.19189326146912689,0.42067935796939154,9.40649496080627,50,0.038510840292082626,0.31433583808142174,0.12301031612969572,-0.3130700050512738,0.20044792833146696,7.6192609182530795,41,0.0301582043568005,-0.13139999559103377,-0.2446795154927675,-0.17492873305451873,True,True
PNR,Pentair plc,Individual equity,,1,easy_to_borrow,2679,2016-01-04,2026-08-28,0.3143314380743195,71788309.95,0.03841048656246282,-0.6798958014097458,0.21749236999632182,1.0658417401840081,0.9611092458489142,-0.22629307847748192,0.5550578574094811,14.95632698768197,80,0.14762831345547633,1.112346760398856,1.1242271303237579,-0.1313153805610099,0.3374393430384472,8.465845464725643,46,0.0613141849767056,0.4514843550892499,0.21720507299807446,-0.2822870761275873,0.2374020156774916,6.866741321388577,36,0.06986405654084549,-0.046505020214847814,-0.16311788447484366,-0.09497769791647204,True,True
PNW,Pinnacle West Capital Corporation,Individual equity,,1,easy_to_borrow,2679,2016-01-04,2026-08-28,0.2235383041008961,60750626.050000004,0.08251570008272324,-0.3926748340990299,0.04330473887128594,0.33957748581128455,0.16679729533893284,-0.25962494645545975,0.5599104143337066,18.71892497200448,100,0.03576681086698463,0.3975725580800995,0.21285220482647327,-0.1680358955931105,0.3292273236282195,11.099664053751399,60,0.003252957507494214,0.08978998204125596,0.013779207947178492,-0.23607724913973072,0.24374766703994027,8.371780515117582,44,0.007537928004301309,-0.05799507226881495,-0.04605490948754043,-0.09158905086234925,False,False
PODD,Insulet Corporation Common Stock,Individual equity,,1,easy_to_borrow,2679,2016-01-04,2026-08-28,0.4293392753232014,102381396.69,0.13701599148692933,-0.6223003231109347,0.288047977794309,1.0861083403313259,0.8094753682732462,-0.35584526606259337,0.5345278088839119,15.802911534154534,87,0.1656059678804347,0.9083026505561947,0.5986505793688125,-0.27663210157591667,0.3516237402015677,9.03023516237402,50,0.11980074744665048,0.6798730671216818,0.3970920898004193,-0.30169512444043645,0.21015304217991787,7.337066069428891,40,0.12244200991387433,0.17780568977513111,0.21082478890443368,-0.0792131644866767,True,True
PPG,"PPG Industries, Inc.",Individual equity,,1,easy_to_borrow,2679,2016-01-04,2026-08-28,0.27434923123634136,161476512.45000002,0.03389377420664852,-0.4602105778648403,0.08360551839492136,0.5125032466085119,0.2501115732152485,-0.3342728899752656,0.5845464725643897,17.496080627099662,93,0.06445093324285889,0.5883967369181459,0.4526741360868829,-0.1423782100740314,0.3273609555804405,8.465845464725643,45,0.007414796166483439,0.1242026592056882,0.019197828787970217,-0.3862309768659732,0.2616648002986189,9.970884658454647,53,0.019154585152062475,-0.07589349030963399,-0.20256256287163438,-0.1918946799012342,True,True
PPL,PPL Corporation,Individual equity,,1,easy_to_borrow,2679,2016-01-04,2026-08-28,0.22534010331642632,125131285.92,0.04559455196037132,-0.48724309000708743,0.0836090721560252,0.5581585269654348,0.2033798660698071,-0.4110980785449413,0.6285927584919746,17.02575587905935,92,0.07921255355588652,0.7908982082663898,0.3605607035361642,-0.21969269745431785,0.4001493094438223,9.03023516237402,49,0.012562373046704156,0.15930716032930084,0.036022009143920286,-0.3487415984076059,0.2515864128406122,8.183650615901456,44,0.004396518600138677,-0.23273968130095501,-0.1571808374663571,-0.19140538109062344,True,True
PPLT,abrdn Physical Platinum Shares ETF,Commodity ETF,,0,hard_to_borrow,2679,2016-01-04,2026-08-28,0.29075295200045476,898046.43,0.06397865490694188,-0.5113857016769645,0.12697014209275426,0.7379235715231355,0.3660261687004021,-0.3468881543184996,0.49085479656588277,20.788353863381857,110,0.12829543234850238,0.9938202470529668,0.7648506663286503,-0.16773919144809224,0.23777528928704741,11.193729003359461,59,0.00506325166823407,0.10423435403135047,0.011707718757265851,-0.43247124168333806,0.2620380739081747,9.782754759238522,52,-0.0013252902557481239,-0.2558966755298313,-0.3988244976282482,-0.17914896287040738,True,True
PRU,"Prudential Financial, Inc.",Individual equity,,1,easy_to_borrow,2679,2016-01-04,2026-08-28,0.3170317874513356,147867858.2,0.08749360325292588,-0.6589231699939504,0.08565139651184817,0.47182666351713165,0.23244805949914377,-0.3684754206871048,0.5748413587159388,18.43673012318029,98,0.12425101433717023,0.8890587274802975,0.7567821202308582,-0.16418333760219805,0.40276222471071293,10.159014557670773,54,-0.031030233833991505,-0.08429774497559454,-0.06517781994560838,-0.47608578899826015,0.1776782381485629,8.653975363941768,46,-0.03859961782532206,-0.4172320639631658,-0.5243340607317144,-0.20429208308490676,False,True
PSA,Public Storage,Individual equity,,1,easy_to_borrow,2679,2016-01-04,2026-08-28,0.23295741489979763,178737324.32000002,0.06443929001869231,-0.37928623452294286,0.09317471110850528,0.6680762370859625,0.47513151035902856,-0.19610299270216514,0.5263157894736842,16.931690929451285,92,0.06271089494002435,0.65018293450811,0.35032499282619106,-0.17900776771338578,0.30869727510265027,9.40649496080627,51,0.01829657402174445,0.21619057921177096,0.1088084002091256,-0.16815405783541648,0.23180291153415453,8.465845464725643,47,0.03046381616848093,0.017893302577852488,0.1248065175328375,-0.017095224988779356,True,False
PSKY,Paramount Skydance Corporation Class B Common Stock,Individual equity,,1,easy_to_borrow,267,2025-08-07,2026-08-28,0.6642714721961013,96903584.30000001,-0.054840835249651665,-0.5986639260020556,0.24253025990203247,0.897519221174473,0.9194406734145595,-0.26378021651069583,0.5655430711610487,14.157303370786517,7,-0.03621832110445666,-0.2573547441070008,-0.22706316506116989,-0.15950769071108295,0.1198501872659176,6.606741573033708,3,0.2713394182836608,1.041255640452048,1.2579654157066045,-0.21569704134612344,0.449438202247191,9.438202247191011,5,0.27874858100648914,1.154873965281474,1.1465038384757293,-0.10427252579961288,True,True
PSX,PHILLIPS 66,Individual equity,,1,easy_to_borrow,2679,2016-01-04,2026-08-28,0.35023281632194747,238536265.67,0.15274983445748958,-0.6421180096873624,0.25671075491256445,1.0064715418994135,0.736743630414669,-0.34843973441355347,0.64501679731243,17.4020156774916,92,0.22358220218636538,1.2539838067129083,1.0613305654251366,-0.21066217206022442,0.38596491228070173,9.688689809630459,51,0.03152763370034095,0.255405617391819,0.06917622313983522,-0.45575823988843533,0.2765957446808511,8.465845464725643,45,0.03312855272619908,-0.24751226481349486,-0.32458693501046765,-0.13777756235332905,True,True
PTC,PTC Inc. Common Stock,Individual equity,,1,easy_to_borrow,2679,2016-01-04,2026-08-28,0.33191271866536565,89914039.86,0.15574872191969047,-0.5437423486203974,0.14499103893966114,0.7810760486564919,0.418467117449862,-0.3464813193046955,0.5289287047405749,18.34266517357223,98,0.14079556077264255,0.9935247027628208,0.612140391631175,-0.23000534305122977,0.3460246360582307,11.193729003359461,60,-0.002925161327415382,0.04961619343939888,-0.006813123147362688,-0.4293422068185706,0.1877566256065696,7.713325867861142,41,0.004195478167018596,-0.21244865410632885,-0.19367327418131297,-0.11647597625346573,False,False
PWR,"Quanta Services, Inc.",Individual equity,,1,easy_to_borrow,2679,2016-01-04,2026-08-28,0.3408682426002288,101187531.52,0.3782024127247101,-0.45532606173125967,0.2004890041128924,0.9029431326260793,0.6748439348829565,-0.29708943616373285,0.5643896976483762,18.624860022396415,100,0.22805319965617454,1.2593252131949033,1.4634282907307545,-0.15583489884721136,0.4005225830533781,11.47592385218365,62,-0.015708655596595067,-0.022635796485578324,-0.027536288011375757,-0.5704710667649004,0.18066442702500934,7.525195968645017,41,-0.027564195543282155,-0.35638208056882403,-0.7885843558477981,-0.1412545373165215,False,False
PYPL,"PayPal Holdings, Inc. Common Stock",Individual equity,,1,easy_to_borrow,2679,2016-01-04,2026-08-28,0.38831882909618426,824190444.5600001,0.04256676380772051,-0.8730547927291754,0.2869108890847052,1.0430944742528283,1.032803962944344,-0.27779801334879883,0.6267263904441956,17.684210526315788,96,0.23148607258851484,1.253491155453887,1.3414188606157982,-0.17256807652327755,0.3624486748786861,9.970884658454647,54,0.025512040378723233,0.22408643964649302,0.05651054142597533,-0.4514563077075122,0.27398282941396046,8.842105263157894,47,0.055424816496190354,-0.2103966812010587,-0.3086148976714542,-0.10522993682552129,True,True
Q,"Qnity Electronics, Inc.",Individual equity,,1,easy_to_borrow,206,2025-11-03,2026-08-28,0.574130894291893,227770631.92000002,0.30371083370170293,-0.3153040309724433,0.4011509608824899,1.3033847096263411,2.6103032068948435,-0.15367983298755927,0.30097087378640774,12.233009708737864,5,0.48637674502309247,1.5521590039713313,4.3493719798037445,-0.11182689070550345,0.2815533980582524,9.786407766990292,4,-0.057337942366205485,-0.7325283317943844,-0.7292935551979037,-0.07862121083826945,0.019417475728155338,2.446601941747573,1,-0.08522578414060256,-0.2487742943449902,-1.739068772908901,-0.04185294228205583,True,True
QCOM,QUALCOMM Incorporated Common Stock,Individual equity,,1,easy_to_borrow,2679,2016-01-04,2026-08-28,0.3918277279236202,906256732.8,0.1501444509182739,-0.4428946600525234,0.16289922267100043,0.6937595557537425,0.4475604802192804,-0.36397141810016076,0.5670026129152669,17.684210526315788,98,0.14121211096415665,0.8493415134758585,0.773707817556913,-0.18251348604703643,0.3064576334453154,9.40649496080627,53,0.021583822183337542,0.2057328264337828,0.04774688059242282,-0.45204674976741377,0.2627846211272863,8.465845464725643,48,0.021687111706843787,-0.15558195772211603,-0.32614733733763257,-0.18145793205312433,True,False
QQQ,"Invesco QQQ Trust, Series 1",Broad index ETF,Indices,1,easy_to_borrow,2679,2016-01-04,2026-08-28,0.22272896485706645,12211166075.6,0.20204933100582867,-0.35002552322613567,0.16111325485639005,1.0127365988324464,0.9623621553401416,-0.16741437094380074,0.5912653975363942,17.684210526315788,97,0.17594170918761187,1.6798035832797444,1.2229813690113966,-0.14386295134637683,0.45949981336319523,10.911534154535273,58,-0.010607276685705713,-0.022338020231447247,-0.03405033197923237,-0.31151757028904137,0.13251213139231055,6.7726763717805145,39,-0.014828454331221819,-0.6670669844472981,-0.26061921367125507,-0.023551419597423906,False,False
QUAL,iShares MSCI USA Quality Factor ETF,Factor/style ETF,,1,easy_to_borrow,2679,2016-01-04,2026-08-28,0.17641352962375884,109909208.99000001,0.14239217329709475,-0.34054221854304656,0.12268423765378911,0.9628088219310804,0.9520519033061218,-0.12886297189024298,0.6633072041806645,18.154535274356103,98,0.14670301717794332,1.680860030041194,1.8689584089931066,-0.07849453282215035,0.5524449421425905,9.688689809630459,51,-0.020536165541235496,-0.16056825521300871,-0.06452618181366032,-0.31826097506497664,0.11720791340052258,8.653975363941768,48,-0.02401877952415421,-0.7180512081101136,-0.9169065056869848,-0.05036843906809263,False,True
RBLX,Roblox Corporation,Individual equity,,1,easy_to_borrow,1375,2021-03-10,2026-08-28,0.7063264697894538,499221171.14,-0.10247174271017812,-0.8278652019002374,0.2695933528345016,0.7474815786531398,0.581201156852024,-0.46385549935018633,0.5636363636363636,16.311272727272726,45,0.26447459076174074,0.9710817443657199,0.8787795798685016,-0.3009566867738507,0.25236363636363635,7.330909090909091,21,0.009259596826812544,0.20838037592648237,0.017060672020464993,-0.5427451401507085,0.32581818181818184,9.34690909090909,25,0.005118762072760852,-0.22360016571258012,-0.29757842301647763,-0.16289881257633565,True,True
RCL,Royal Caribbean Group,Individual equity,,1,easy_to_borrow,2679,2016-01-04,2026-08-28,0.5265142523533529,272166819.81,0.11667977189886458,-0.8329744693940326,0.3440534393387522,0.9813532210726811,0.6339954702483954,-0.5426749172260714,0.5584173198954834,16.931690929451285,91,0.2228305234739032,1.0208257825749096,0.9761624445053737,-0.22827196920776083,0.35498320268757,9.594624860022396,51,0.11539586294226445,0.5093866341496184,0.20409531486090426,-0.5654018222853838,0.21649869354236656,7.525195968645017,41,0.12122291586484901,-0.039472561502228554,-0.3421669742569783,-0.3144029480183106,True,True
RDDT,"Reddit, Inc.",Individual equity,,1,easy_to_borrow,612,2024-03-21,2026-08-28,0.8180362155000894,735418865.46,0.5791964000987679,-0.6141277804910535,0.7334428085915539,1.176655196373081,1.5380714476299548,-0.4768587374284404,0.6209150326797386,16.47058823529412,20,0.5778161611840176,1.192984029743794,2.3050950709818374,-0.2506691235680363,0.35784313725490197,10.705882352941178,13,0.03174944162946347,0.2905553865227689,0.08078984498063908,-0.39298802512954545,0.2761437908496732,6.588235294117648,8,0.1556266474075363,-0.016328833370713003,-0.7670236233518826,-0.22618961386040415,True,False
RDW,Redwire Corporation,Individual equity,,1,easy_to_borrow,1412,2021-01-14,2026-08-28,0.912167070267697,2271544.95,0.007746874385574198,-0.8726307808946171,0.590584249220373,1.0478499248271322,1.2242653282159015,-0.48239890129129126,0.53328611898017,15.705382436260624,48,0.2542613933081308,0.7467173017509837,0.7360833229584255,-0.34542474388119193,0.17138810198300283,9.637393767705383,33,0.27676215271857996,0.7474479244927973,0.6488260755136737,-0.4265583076319308,0.3661473087818697,6.781869688385269,19,0.3363228559122422,0.3011326230761485,0.488182005257476,-0.13697415741009933,True,True
REG,Regency Centers Corporation Common Stock,Individual equity,,1,easy_to_borrow,2679,2016-01-04,2026-08-28,0.2927941641664911,53759269.08,0.049664997995940485,-0.5701420159334969,0.05259658796465061,0.3636946849995413,0.1736045825147913,-0.3029677396918329,0.5337812616648003,16.273236282194848,87,0.08168903025996999,0.723959871158653,0.5634855129409709,-0.1449709502443366,0.3131765584173199,7.713325867861142,41,-0.014350816220189633,-0.020369033956899506,-0.03045608260202994,-0.4711970481467348,0.23889511011571482,8.748040313549831,47,-0.029092442295319376,-0.36026518615911174,-0.38988093042617966,-0.1579967894474963,True,True
REGN,"Regeneron Pharmaceuticals, Inc. Common Stock",Individual equity,,1,easy_to_borrow,2679,2016-01-04,2026-08-28,0.3270102918923963,426551908.23999995,0.04221243009927855,-0.5969190192603295,0.15908786931088037,0.8047329458252336,0.49875874356069977,-0.31896757974633705,0.5808137364688316,16.367301231802912,87,0.10801277046204416,0.7466133532560574,0.6095349170790658,-0.17720522226954438,0.3191489361702128,9.03023516237402,48,0.042886139516441046,0.36013880128799314,0.19135993709208968,-0.22411242482695115,0.2631578947368421,7.901455767077267,42,0.05107509884883621,0.058119592569176204,-0.11077617351836605,-0.14176235747679267,True,True
RF,Regions Financial Corp.,Individual equity,,1,easy_to_borrow,2679,2016-01-04,2026-08-28,0.3566359059642556,145777783.54,0.1562996890725823,-0.6071625344352611,0.18617527795210065,0.7862397380828177,0.413106636048518,-0.45067123523582175,0.5890257558790594,16.743561030235163,90,0.16584782317532465,0.9976901317314972,0.4968967901171143,-0.33376714535876906,0.3803658081373647,9.03023516237402,49,0.028656488485128806,0.23947724640731483,0.06676788711231862,-0.4291956766120536,0.21687196715192236,7.901455767077267,42,0.020327454776776,-0.21145039364867957,-0.0837901540685963,-0.1169040898770527,True,True
RIO,Rio Tinto plc,Individual equity,,1,easy_to_borrow,2679,2016-01-04,2026-08-28,0.3186068508801033,118846495.30000001,0.2109646240678218,-0.39310716208939145,0.27041538260249354,1.2290469297354643,1.151701279063826,-0.2347964593929286,0.561030235162374,20.035834266517355,107,0.2362438232677211,1.3516678179345019,1.0265515872640305,-0.23013341579584823,0.3561030235162374,11.569988801791713,62,0.021823084152893024,0.22743838609734165,0.0932471590486318,-0.23403484219300974,0.2123926838372527,8.842105263157894,47,0.03417155933477245,-0.1226208881990376,0.1251496917997954,-0.004663043597080363,True,True
RIVN,"Rivian Automotive, Inc. Class A Common Stock",Individual equity,,1,easy_to_borrow,1204,2021-11-10,2026-08-28,0.7733829459529077,480966935.29499996,-0.3189858664117021,-0.951165629905238,0.2652603911184539,0.709203648940088,0.451058376769781,-0.5880843916880455,0.5191029900332226,15.069767441860465,38,0.13825826283497133,0.6437189290553014,0.5312542808297973,-0.2602487505964519,0.14285714285714285,7.116279069767442,18,0.10837142270295885,0.4523102156473314,0.18328072678068671,-0.5912865177179041,0.3812292358803987,8.372093023255815,21,0.12700212828348256,0.06548471988478666,-0.08019590406001631,-0.3278356410915936,True,True
RJF,"Raymond James Financial, Inc.",Individual equity,,1,easy_to_borrow,2679,2016-01-04,2026-08-28,0.31043086747116316,69892313.62,0.17543407504734865,-0.45595685569537514,0.11363816386508718,0.6218422555657361,0.26985048280597507,-0.42111528830131484,0.60321015304218,18.06047032474804,96,0.1464016086701354,1.0176804215835586,0.7550562546746812,-0.1938949684394219,0.41284061216871965,10.347144456886898,55,-0.029077274870180192,-0.1221557029239023,-0.06552742818129438,-0.4437420432514496,0.1941022769690183,8.089585666293393,43,-0.032763444805048225,-0.3958381660178225,-0.4852057718687061,-0.22722031986189295,False,False
RKLB,Rocket Lab Corporation Common Stock,Individual equity,,1,easy_to_borrow,1446,2020-11-24,2026-08-28,0.7894673927779703,32843303.24,0.389689991850211,-0.8296332046332052,0.5761250415785222,1.1579754223016572,1.7441836091566076,-0.33031215208879583,0.5428769017980636,16.38174273858921,50,0.38228941204579137,1.0912232281210266,1.042436323059962,-0.366726872029575,0.21507607192254496,10.804979253112034,34,0.11210202367399136,0.4724198829639385,0.2893694868645582,-0.38740098304304504,0.3326417704011065,6.970954356846473,20,0.1938356295327308,0.06675219418063061,0.7017472860966456,0.03641471994077916,True,False
RL,Ralph Lauren Corporation,Individual equity,,1,easy_to_borrow,2679,2016-01-04,2026-08-28,0.38624632806656856,109150616.52,0.1359180491605838,-0.5514477343366584,0.10475356037737571,0.5175274780451375,0.17875624150258454,-0.5860134420865026,0.5188503172825681,18.71892497200448,99,0.10289594181517536,0.624234354533148,0.46437048789539037,-0.22158157009830248,0.3221351250466592,11.287793952967524,60,0.011288177187467552,0.15248666951009385,0.021283434061439694,-0.5303738651799115,0.22321761851437102,8.371780515117582,44,0.0018576185622003472,-0.10670687648801047,-0.28561424639280586,-0.36443187198820015,False,False
RMBS,Rambus Inc. Common Stock,Individual equity,,1,easy_to_borrow,2679,2016-01-04,2026-08-28,0.4650475225710149,17127799.919999998,0.20715039244320144,-0.5295262816353024,0.21599875850215322,0.7870377789775632,0.5441749610985925,-0.39692888122983483,0.5453527435610303,18.71892497200448,101,0.17270999796059816,0.8396050657191696,0.7690858238643323,-0.22456531196063811,0.3284807764091079,12.040313549832026,66,0.048877115353654466,0.3241940856756905,0.09586851592765765,-0.5098349012780914,0.2564389697648376,7.6192609182530795,40,0.04328876054155506,-0.05256728674160638,-0.2249108627657398,-0.17236356926919671,True,False
RMD,ResMed Inc.,Individual equity,,1,easy_to_borrow,2679,2016-01-04,2026-08-28,0.31340311235314494,115092291.05,0.16819869774715523,-0.5399422860360363,0.11581014614329876,0.6981478999381686,0.6501784509628159,-0.17812055439826013,0.5151175811870101,18.34266517357223,97,0.13841129890043002,1.0569849131705922,1.2081276531875886,-0.11456678318324909,0.3486375513251213,10.817469204927212,57,-0.004855639835386838,0.027905832581930776,-0.01561616625970584,-0.31093674046720243,0.20716685330347145,7.713325867861142,41,-0.02260115275713126,-0.35883701323242356,-0.5579492022247727,-0.06355377121501105,False,False
ROK,"Rockwell Automation, Inc.",Individual equity,,1,easy_to_borrow,2679,2016-01-04,2026-08-28,0.31184727154360053,169729111.35999998,0.16777599164226076,-0.4509205291886387,0.11396693474978892,0.5957508386441506,0.4475794140808322,-0.2546295275528616,0.5188503172825681,17.590145576707727,94,0.1388733722210007,0.953569485580847,0.9567654146064204,-0.14514882133164098,0.3456513624486749,10.72340425531915,58,-0.004949803133437181,0.055482881432310574,-0.014157626416957711,-0.3496209737183352,0.19111608809257186,7.431131019036954,39,-0.024906437471211795,-0.3578186469366964,-0.5091860005255882,-0.10948070622122064,False,False
ROL,"Rollins, Inc.",Individual equity,,1,easy_to_borrow,2679,2016-01-04,2026-08-28,0.24872596865277125,42331929.300000004,0.13165037075524788,-0.4459688607985203,0.11434704366361848,0.791941447711743,0.5428580341951029,-0.21063894510313574,0.5946248600223965,18.907054871220605,102,0.1252207535420471,1.1326133586061657,1.042026532684921,-0.12017040796398826,0.3979096677864875,11.287793952967524,61,-0.0017315033364528887,0.036730954782678585,-0.008473782654029614,-0.20433652916852796,0.21463232549458752,8.183650615901456,44,-0.010873709878428617,-0.3406719108944227,-0.49916849848981804,-0.09046853713914749,False,False
ROP,"Roper Technologies, Inc. Common Stock",Individual equity,,1,easy_to_borrow,2679,2016-01-04,2026-08-28,0.23605217101848514,192175030.32,0.08758622334163446,-0.4651242034960992,0.09968622432438257,0.7295228534860074,0.6309439555713254,-0.15799537097413952,0.5345278088839119,15.896976483762597,88,0.09233421540936182,0.9090340119948705,0.7884360980093382,-0.11711058847063116,0.3478910041060097,8.936170212765957,51,-0.00548549424201239,-0.0017064809070944087,-0.0244067908902473,-0.22475278567672474,0.20156774916013437,8.277715565509519,44,0.007352008915020747,-0.17951115850886312,-0.1574921424380128,-0.040884782503508355,True,True
ROST,"Ross Stores, Inc. Common Stock",Individual equity,,1,easy_to_borrow,2679,2016-01-04,2026-08-28,0.31339921236338675,240870770.72,0.1556933078074334,-0.5141923275417167,0.1103036314693484,0.5996772469048739,0.2728185500830489,-0.40431133233341643,0.6073161627472937,17.213885778275476,91,0.1596114888007667,1.1013264588712584,1.0617415891900455,-0.15032988292615257,0.41881298992161253,9.03023516237402,48,-0.030830084123200208,-0.11653959672772285,-0.06652382089573404,-0.463444277674935,0.2108995893990295,8.559910414333705,45,-0.04930785733141829,-0.5016492119663845,-0.7889230391069966,-0.25398144940726386,False,True
RSG,Republic Services Inc.,Individual equity,,1,easy_to_borrow,2679,2016-01-04,2026-08-28,0.18579901304361815,127149501.6,0.18591505323225865,-0.34023539668700964,0.16385745977944777,1.246196450306892,1.72745370344218,-0.09485490664840401,0.561030235162374,14.862262038073908,80,0.1469806085181009,1.6039108246901483,1.6614191565695358,-0.0884669036930954,0.41134751773049644,9.03023516237402,49,0.004899668482214459,0.09852777519698958,0.026223375606564053,-0.1868435458396137,0.17431877566256065,6.7726763717805145,37,0.01687685126134686,-0.35771437438325626,0.0660345468726442,-0.006388002955308614,False,False
RSP,Invesco S&P 500 Equal Weight ETF,Broad index ETF,,1,easy_to_borrow,2679,2016-01-04,2026-08-28,0.18073508899365057,256089430.37999997,0.12483779527274752,-0.39034508768621534,0.10594270287416796,0.8471678000148615,0.72876769847977,-0.14537239108589395,0.6177678238148563,16.6494960806271,90,0.11628271165354165,1.36651899918472,1.6751860547758586,-0.06941480399865219,0.5005599104143337,9.688689809630459,51,-0.007614705470972649,-0.02739711972766263,-0.029248319278955024,-0.2603467706416772,0.12430011198208286,7.713325867861142,44,-0.010340008779373688,-0.5193511991698585,-0.9464183562960886,-0.07595758708724176,False,False
RTX,RTX Corporation,Individual equity,,1,easy_to_borrow,2679,2016-01-04,2026-08-28,0.3495745510913112,618952779.3000001,0.03348339970509384,-0.8400505651397978,0.06906854202439217,0.43919518332058843,0.11864413257933797,-0.5821488220515723,0.6035834266517357,17.11982082866741,92,0.12058447312638099,1.0155396354060287,0.6672832187291404,-0.18070958438912565,0.3982829413960433,9.218365061590145,50,-0.04824657302284252,-0.23503113710838014,-0.09500436288782386,-0.5078353409917555,0.21500559910414332,8.277715565509519,46,-0.05151593110198882,-0.5763444520854402,-0.5486390861498025,-0.4014392376624466,True,True
RUN,Sunrun Inc. Common Stock,Individual equity,,1,easy_to_borrow,2679,2016-01-04,2026-08-28,0.7848719092940619,99728945.28,-0.022720778600442637,-0.9412953367875647,0.11998664451239427,0.48164576509952983,0.14271962820473238,-0.840715786761107,0.5405001866368048,17.4020156774916,97,0.2172158074315167,0.7866779686487665,0.4514377555737421,-0.48116446785770584,0.25121313923105637,9.970884658454647,58,-0.06147958402271381,0.0530963243756311,-0.08291055529318306,-0.7415169733855188,0.3098170959313177,8.371780515117582,44,-0.09722916291912242,-0.30503220354923666,-0.3087181273690097,-0.3595513189034012,True,True
RVTY,"Revvity, Inc.",Individual equity,,1,easy_to_borrow,2679,2016-01-04,2026-08-28,0.3082167058206197,80275198.5,0.09168086970346523,-0.5900880503144647,0.038740725468017434,0.28361771146687015,0.07162088126780258,-0.5409138338183708,0.5643896976483762,19.283314669652853,103,0.09910329693048814,0.7254879563669371,0.2886402422162977,-0.34334539137554954,0.3534901082493468,10.629339305711087,56,-0.04920818386234049,-0.23544053138458543,-0.10545791972327506,-0.4666143992927637,0.22135125046659201,9.03023516237402,50,-0.060362571462470704,-0.44187024490006693,-0.2170193609484951,-0.19756844244282123,False,True
S,"SentinelOne, Inc.",Individual equity,,0,hard_to_borrow,1297,2021-06-30,2026-08-28,0.6343823698187631,98671342.2,-0.12369500771431863,-0.8435124508519011,0.13266533820990523,0.5099339340025358,0.3334909830905666,-0.3978078716865251,0.4811102544333076,14.377794911333845,40,0.15874957581782545,0.7372940880693567,0.6889008962139632,-0.23043891609123413,0.2259059367771781,7.77178103315343,20,-0.020483224702964598,0.11022672024496452,-0.051490244816235035,-0.3978078716865252,0.30763299922898996,6.994602929838087,21,-0.026084237607920224,-0.22736015406682086,-0.35540991312339665,-0.16736895559529097,True,True
SBAC,SBA Communications Corporation Class A Common Stock,Individual equity,,1,easy_to_borrow,2679,2016-01-04,2026-08-28,0.28422221391972846,160271065.64,0.06705320805728499,-0.5450410224926048,0.12277463363206609,0.6979112042688114,0.34335244617972493,-0.35757611456713123,0.5957446808510638,15.896976483762597,85,0.08631579545422352,0.7066154056316531,0.4399143731539587,-0.19621044621793982,0.3561030235162374,9.124300111982082,49,0.04337839404158972,0.3617526537511218,0.13258559528782582,-0.32717275166597815,0.2553191489361702,7.148936170212766,38,0.03645883817784257,-0.00870420136284178,-0.09656192697423377,-0.16136566834919142,True,True
SBUX,Starbucks Corporation Common Stock,Individual equity,,1,easy_to_borrow,2679,2016-01-04,2026-08-28,0.2912978588409125,607206097.92,0.0818490845332307,-0.43679397525551344,0.11761824415380229,0.6983951947357326,0.37082759505854734,-0.3171777012313023,0.5636431504292646,17.778275475923852,96,0.09301439728432048,0.7935651179150569,0.5761901768751154,-0.16143002955859242,0.3266144083613289,8.748040313549831,48,0.024068267251587505,0.23946062569790363,0.08918002456181376,-0.2698840617038063,0.24449421425905188,9.218365061590145,49,0.024603846869481805,-0.09516992317932427,-0.20536258181656808,-0.15574767167270986,True,True
SCCO,Southern Copper Corporation,Individual equity,,1,easy_to_borrow,2679,2016-01-04,2026-08-28,0.3740590747440763,47541369.94,0.27123561314479616,-0.5482584419037481,0.2228667494368035,0.9335546782097994,0.6099718728556631,-0.3653721742830922,0.528555431131019,17.590145576707727,93,0.23915891242307108,1.271267369852527,1.0590518082266647,-0.22582361935959683,0.3258678611422172,10.253079507278835,54,-0.02109493842561272,-0.03937518117397617,-0.04899467631360373,-0.43055572590354185,0.20865994774169466,7.901455767077267,42,-0.016292162986267567,-0.33771269164272755,-0.44907993537100155,-0.13954855492349538,False,False
SCHD,Schwab US Dividend Equity ETF,Factor/style ETF,,1,easy_to_borrow,2679,2016-01-04,2026-08-28,0.16490323769896606,37364887.5,0.13645318655724203,-0.33397068196303314,0.10843745420363038,0.9258086307928629,0.9920448588277829,-0.10930700687442896,0.5789473684210527,16.837625979843224,92,0.1287504424750654,1.5834623840500939,1.6328616235558218,-0.07884957342232735,0.47368421052631576,9.688689809630459,51,-0.013294445872603533,-0.10185679146762693,-0.0593711504812159,-0.22392097449433268,0.11720791340052258,7.337066069428891,43,-0.020312988271435017,-0.657653753257231,-0.6408167647280388,-0.030457433452101612,False,False
SCHW,The Charles Schwab Corporation,Individual equity,,1,easy_to_borrow,2679,2016-01-04,2026-08-28,0.3303438673170823,431466165.25999993,0.13777998084286103,-0.5095972901768908,0.20955691510313534,0.9523110997464803,0.6604675067498424,-0.3172857301252623,0.58006718924972,17.11982082866741,92,0.22069188696724495,1.3609718813163931,1.3328579686755535,-0.16557794765375045,0.3803658081373647,9.40649496080627,50,0.000496085843614491,0.08743563361315229,0.0013010365822003335,-0.3813004571904526,0.20903322135125046,8.089585666293393,44,-0.01113497186410961,-0.4086607815699128,-0.6723904619257111,-0.15170778247151184,True,True
SEDG,"SolarEdge Technologies, Inc. Common Stock",Individual equity,,1,easy_to_borrow,2679,2016-01-04,2026-08-28,0.7396541398694242,106504569.63,0.010868754034470518,-0.9715879781717482,0.15472127910418276,0.5366559334766506,0.2150151804672462,-0.7195830488245543,0.5080253826054498,16.461366181410973,89,0.17804492707294428,0.6870571711976778,0.53432962181449,-0.33321178501827176,0.270996640537514,9.03023516237402,49,-0.043869319383044836,0.06958174267637217,-0.05599202376050752,-0.7834922983081546,0.25681224337439346,8.559910414333705,45,-0.02332364796876152,-0.1504012377210272,-0.31931444134724374,-0.3863712638062825,True,True
SHOP,Shopify Inc. Class A subordinate voting shares,Individual equity,,1,easy_to_borrow,2679,2016-01-04,2026-08-28,0.5885628984154331,168795764.15,0.46853419122489504,-0.8481604164202059,0.29265576149423556,0.8276486778216121,0.5710169580556012,-0.5125167604317261,0.5785740948114968,19.09518477043673,101,0.3245714116792149,1.129548341576257,0.6331827301452788,-0.5126030705302789,0.3814856289660321,12.51063829787234,66,-0.04914824939612639,-0.00947774043786568,-0.07140401421160272,-0.6883121339715953,0.21351250466592012,7.148936170212766,38,-0.03191565018497933,-0.30189966375464494,-0.06216577208967766,8.63100985527554e-05,False,False
SHV,iShares Trust iShares 0-1 Year Treasury Bond ETF,Bond ETF,,1,easy_to_borrow,2679,2016-01-04,2026-08-28,0.0027803329854052187,186240749.76,0.02190874900684081,-0.0045156434791967515,0.015456401248378215,4.594796191735606,0.5324503736200343,-0.02902881097311083,0.6629339305711086,4.797312430011198,27,0.01608752212536424,5.021393691495157,0.7120235693995296,-0.022594086511674494,0.6222471071295259,4.044792833146697,23,-0.000621128459156739,-0.6320578522194608,-0.0943466394954587,-0.006583471997289703,0.04068682344158268,0.7525195968645016,4,-0.0006311208769860244,-0.4265974997595512,-0.17957319577949526,-0.006434724461436336,False,False
SHW,The Sherwin-Williams Company,Individual equity,,1,easy_to_borrow,2679,2016-01-04,2026-08-28,0.2660605898856723,214575658.73999998,0.1517322220679196,-0.4245921091664199,0.24255257795747132,1.3319714801081,1.4699720646220384,-0.16500488940913094,0.5565509518477044,14.862262038073908,79,0.1882032863354013,1.467617327353797,1.3232841813632563,-0.14222439063808123,0.3792459873086973,7.901455767077267,42,0.050404261334771716,0.44959944497678933,0.2473083455022209,-0.20381140487763716,0.1881298992161254,7.525195968645017,40,0.05434929162207003,-0.13564584724569695,0.14668788325878213,-0.022780498771049706,True,True
SHY,iShares 1-3 Year Treasury Bond ETF,Bond ETF,,1,easy_to_borrow,2679,2016-01-04,2026-08-28,0.015493352093182642,221614470.69,0.016755121620984692,-0.0570245726495745,0.004576179260929791,0.45901288760732645,0.21899126060077986,-0.020896629611499185,0.322508398656215,8.371780515117582,44,0.004403727152966663,0.5017386663500769,0.23482698705957414,-0.01875307096560186,0.24897349757372153,5.92609182530795,31,0.00017169600560107412,0.03813358314079708,0.011219916710905456,-0.015302787892729208,0.07353490108249347,2.4456886898096304,13,0.00017245210796312804,-0.042725778742750464,-0.015835726458794275,-0.0021435586458973255,False,False
SIL,Global X Silver Miners ETF (NEW),Thematic/industry ETF,,1,easy_to_borrow,2679,2016-01-04,2026-08-28,0.42648795744685236,9962331.03,0.18523056714146113,-0.6787564766839371,0.2507649292081171,0.9799368269819129,0.9437273038484809,-0.26571757348283565,0.5513251213139231,19.09518477043673,102,0.2525059268711183,1.2294385815215307,1.1324246351668792,-0.22297812943102202,0.3131765584173199,9.688689809630459,51,0.0021805713087583722,0.09935110683958677,0.008298144905587519,-0.26277816711661595,0.24449421425905188,9.594624860022396,52,-0.0017409976630011759,-0.24950175453961787,-0.18869733131839828,-0.042739444051813624,True,True
SJM,The J.M. Smucker Company,Individual equity,,1,easy_to_borrow,2679,2016-01-04,2026-08-28,0.2536000763376143,105925347.94,0.03938397443607178,-0.3810934744268072,0.039885481296697334,0.3408655632640343,0.14472307992724862,-0.27559862128934454,0.5330347144456887,16.837625979843224,90,0.04062782077287275,0.4105898578491959,0.21962378488064938,-0.18498825523360873,0.2825681224337439,9.312430011198208,49,-0.00955392971387381,-0.043693313152533,-0.02688084350976107,-0.3554177795947717,0.272863008585293,8.465845464725643,46,-0.0007423394761754132,-0.0697242945851616,-0.07490070495340076,-0.0906103660557358,True,True
SKYY,First Trust Cloud Computing ETF,Thematic/industry ETF,,1,easy_to_borrow,2679,2016-01-04,2026-08-28,0.2668366060545137,15316147.44,0.17970183386951333,-0.5320404721753802,0.1403567876311025,0.8055729845097587,0.5483456484533661,-0.2559640767223834,0.528555431131019,19.75363941769317,107,0.18696850069342275,1.4677531584679737,1.743801331498265,-0.10721892300241587,0.41172079134005224,11.47592385218365,61,-0.038608620723683096,-0.21357571972483955,-0.10609388942111325,-0.36390993802136706,0.1257932064203061,8.653975363941768,48,-0.04661171306232026,-0.662180173958215,-1.1954556830448988,-0.14874515371996755,False,True
SLB,SLB Limited,Individual equity,,1,easy_to_borrow,2679,2016-01-04,2026-08-28,0.40054751680742945,417559520.42,0.01017569685197417,-0.8428378985181857,0.18061189563078672,0.7406426156280016,0.5000662635154669,-0.3611759256884972,0.5808137364688316,18.154535274356103,96,0.09479093974705322,0.617856541184158,0.39703169871727556,-0.2387490471247068,0.3023516237402016,9.312430011198208,49,0.08865559046329263,0.497333987578156,0.21153427762710053,-0.4191074442298074,0.2818215752146323,9.03023516237402,48,0.08582095588373351,0.1227860744438436,0.10303456479819134,-0.12242687856379042,True,True
SLV,iShares Silver Trust,Commodity ETF,,1,easy_to_borrow,2679,2016-01-04,2026-08-28,0.3194983139671744,342580907.76,0.1531865078447061,-0.52282196969697,0.24656187451088352,1.1425834394209051,0.7761440094071738,-0.3176754204406085,0.5487122060470325,19.47144456886898,103,0.23366625165628818,1.4236964421843148,1.3563510160692434,-0.17227564906720227,0.2855543113101904,11.005599104143336,58,0.022396924405144958,0.22358598635350185,0.061719297504626604,-0.36288365731100614,0.2698768197088466,8.653975363941768,46,0.012895622854595334,-0.28111300276340967,-0.5802070066620696,-0.1453997713734062,True,True
SMCI,"Super Micro Computer, Inc. Common Stock",Individual equity,,1,easy_to_borrow,2679,2016-01-04,2026-08-28,0.7132733530626827,1999477.989,0.29549768537215826,-0.8484134332126925,0.30012657288998845,0.8717185079958698,0.7246218657044952,-0.41418371028342904,0.42142590518850315,14.862262038073908,81,0.3107073250670691,1.1467681872446318,1.0009466560833113,-0.310413470267099,0.22433743934303846,8.277715565509519,47,-0.017417528444118813,0.08144349577416528,-0.026097425917416893,-0.6674040765259805,0.24524076147816348,7.148936170212766,38,-0.010580752177080655,-0.275049679248762,-0.2763247903788162,-0.10377024001633006,True,True
SMH,VanEck Semiconductor ETF,Thematic/industry ETF,,1,easy_to_borrow,2679,2016-01-04,2026-08-28,0.3291215977963311,416230854.87,0.3432470873584048,-0.4530440414507768,0.18389862635073984,0.8079673189881557,0.556120470160293,-0.3306812754037519,0.6196341918626354,19.001119820828666,103,0.23624955065807862,1.3140228408620724,1.2156262221208707,-0.19434390798670031,0.4568868980963046,12.228443449048152,66,-0.04191733595386582,-0.1527439565824746,-0.0989263818118971,-0.4237225215976185,0.1776782381485629,7.525195968645017,42,-0.052350924307338786,-0.5060555218739168,-0.6595057519605777,-0.1363373674170516,False,False
SNA,Snap-on Incorporated,Individual equity,,1,easy_to_borrow,2679,2016-01-04,2026-08-28,0.2706387637746767,73109222.16,0.10917329922474228,-0.4738355000979938,0.05325413040507998,0.37381956855877346,0.19669341113888875,-0.2707468953674116,0.5281821575214632,18.81298992161254,100,0.06866577027242982,0.6209901438014,0.42098614212529817,-0.16310696101724131,0.3169092945128779,10.347144456886898,55,-0.01744282091434124,-0.052333422673194935,-0.04232489815144835,-0.412117256654151,0.22396416573348266,8.842105263157894,47,-0.015411639867349836,-0.2471705752426266,-0.22429273098640942,-0.10763993435017027,False,False
SNAP,Snap Inc.,Individual equity,,1,easy_to_borrow,2387,2017-03-02,2026-08-28,0.7165736653485293,344793952.89,-0.14698869133355064,-0.9527132715678017,0.32042259017152896,0.8301839338671,0.42305723123400846,-0.7573977384499344,0.5324675324675324,17.102639296187686,83,0.2222005846671986,0.8749326444342055,0.6772968589422987,-0.3280697108417103,0.24549643904482615,8.868035190615837,44,0.14606601702432975,0.5498119517662591,0.27925880717039037,-0.5230489183290368,0.3054042731462086,9.0791788856305,44,0.09822200550433036,-0.0447487105671055,-0.2542396277082903,-0.4293280276082241,True,True
SNDK,Sandisk Corporation Common Stock,Individual equity,,1,easy_to_borrow,387,2025-02-13,2026-08-28,1.066383674854148,1930873308.87,10.269383559580366,-0.5649293361884368,2.717869837304515,2.1120039213084922,6.243240791160989,-0.435329971759603,0.5555555555555556,20.186046511627907,15,3.7019367044990537,2.8396223479942777,12.95152890858975,-0.2858300923873045,0.4005167958656331,14.976744186046512,11,-0.2092896882794979,-0.29496190426753577,-0.46463630138168727,-0.4504376598581168,0.15503875968992248,5.209302325581395,4,-0.9840668671945387,-0.7276184266857855,-6.708288117428761,-0.14949987937229847,False,False
SNOW,Snowflake Inc.,Individual equity,,1,easy_to_borrow,1495,2020-09-16,2026-08-28,0.6198772154349357,890828017.36,0.04408849282093885,-0.7298763343203367,0.243250751684988,0.6934691641095504,0.4090033957696163,-0.5947401762453983,0.5698996655518395,17.024749163879598,50,0.27777777994433595,0.9079749248845909,0.9821322838958543,-0.2828313298514802,0.28695652173913044,9.270903010033445,27,-0.06472380629716556,-0.02205869482370816,-0.11209564752636048,-0.5773980321755586,0.2976588628762542,9.102341137123746,27,-0.03452702825934795,-0.21450576077504047,-0.573128888126238,-0.31190884639391814,True,True
SNPS,"Synopsys, Inc. Common Stock",Individual equity,,1,easy_to_borrow,2679,2016-01-04,2026-08-28,0.34795796821939445,233016062.4,0.2401128032892994,-0.42305725575269215,0.2830430162405304,1.0976835517960968,1.5575772372629004,-0.18172005180167905,0.5774542739828294,17.02575587905935,92,0.22622090513012005,1.3990461092302684,1.5719648951242438,-0.14390964189581357,0.3997760358342665,10.629339305711087,58,0.04356607118011846,0.3052615573343772,0.20494267539182365,-0.21257686373433848,0.1862635311683464,6.96080627099664,37,0.056822111110410356,-0.3013625574341716,-0.014387657861343328,-0.03781040990586548,True,False
SO,The Southern Company,Individual equity,,1,easy_to_borrow,2679,2016-01-04,2026-08-28,0.21677581669282808,244399411.38,0.1062349607974249,-0.38432087511394675,0.05527548049077957,0.42938213503009764,0.1464397957500155,-0.3774621523314554,0.6285927584919746,16.837625979843224,90,0.0758200544892309,0.7166535447442962,0.3884926175141461,-0.1951647240413007,0.4326241134751773,9.40649496080627,51,-0.02170384823418836,-0.14602052796904877,-0.052506493146943896,-0.41335550964046086,0.21351250466592012,8.371780515117582,45,-0.020544573998451332,-0.28727140971419857,-0.2420528217641306,-0.18229742829015472,False,False
SOLV,Solventum Corporation,Individual equity,,1,easy_to_borrow,606,2024-04-01,2026-08-28,0.31626566752966756,78237219.63999999,0.12190841292521903,-0.31458749643162953,0.19396721721696397,0.934378182849199,1.3279298879514698,-0.14606736317697266,0.5346534653465347,17.88118811881188,21,0.2141558932057459,1.2732472427264432,2.1950858840088627,-0.09756150990075851,0.3184818481848185,7.900990099009901,9,0.00952584009098456,0.1383198614151615,0.053417094533020716,-0.1783294313227013,0.21782178217821782,9.98019801980198,12,-0.020188675988781934,-0.33886905987724414,-0.8671559960573929,-0.04850585327621415,True,True
SOXX,iShares Semiconductor ETF,Thematic/industry ETF,Semis / Software,1,easy_to_borrow,2679,2016-01-04,2026-08-28,0.34113623746242194,98269315.85000001,0.319540317143318,-0.4575009792401108,0.1963018758946633,0.8338496997490416,0.6489083771002676,-0.302510928849253,0.5938783128032848,18.81298992161254,102,0.2573591020028898,1.3840000897770002,1.82662629383342,-0.1408931333528476,0.4333706606942889,11.8521836506159,64,-0.05422421565427116,-0.2130571869190685,-0.1080248235521639,-0.5019606963587118,0.17506532288167226,7.901455767077267,44,-0.0610572261082265,-0.5501503900279586,-1.1777179167331524,-0.16161779549640543,False,False
SPG,"Simon Property Group, Inc.",Individual equity,,1,easy_to_borrow,2679,2016-01-04,2026-08-28,0.3599453769560161,201290219.91,0.062241411208210584,-0.7700345867981464,0.15267863132031723,0.696855782814381,0.4495601695548146,-0.3396177901425522,0.5677491601343785,17.213885778275476,92,0.12917694326792573,0.9174096174228051,0.5988557189259699,-0.215706286481827,0.3546099290780142,9.03023516237402,48,0.04092994197282063,0.2965308054394501,0.09008314096482781,-0.4543574028885313,0.23665546845837998,7.99552071668533,43,0.0235016880523915,-0.22055383460842415,-0.1492955493711553,-0.12391150366072523,True,True
SPGI,S&P Global Inc.,Individual equity,,1,easy_to_borrow,2679,2016-01-04,2026-08-28,0.2625478636168146,392860523.82,0.17292764242648628,-0.3976183360537021,0.2530946125844906,1.3013126566830682,1.1068405373430028,-0.22866402525521,0.6405375139977604,14.862262038073908,80,0.21768986978497873,1.626161542370718,1.6641285966580197,-0.1308131295995716,0.4748040313549832,8.465845464725643,45,0.027967245957003284,0.26624530403470403,0.13859665475253413,-0.2017887517338648,0.1761851437103397,7.148936170212766,39,0.03540474279951189,-0.3248488856876499,-0.5572880593150169,-0.09785089565563843,True,True
SPLV,Invesco S&P 500 Low Volatility ETF,Factor/style ETF,,1,easy_to_borrow,2679,2016-01-04,2026-08-28,0.14867758767153638,123356595.60000001,0.08883369371060734,-0.36259259259259236,0.06878497538324058,0.6913815757771113,0.3781937306367026,-0.1818776193551348,0.5714818962299365,15.896976483762597,88,0.08205630844212775,1.2207636894785692,1.0238079683250412,-0.08014814396919823,0.4419559537140724,9.40649496080627,50,-0.016954277675130358,-0.16973014913225046,-0.06905474791734345,-0.24551936233876548,0.14184397163120568,6.866741321388577,40,-0.01327133305888717,-0.5293821137014578,-0.6456142376883386,-0.10172947538593657,False,False
SPOT,Spotify Technology S.A.,Individual equity,,1,easy_to_borrow,2114,2018-04-03,2026-08-28,0.4709877750083954,328689515.65999997,0.16780962385175102,-0.8051235634548399,0.2285352213549543,0.7965240888003029,0.5708871419753537,-0.4003159373395392,0.511352885525071,17.04635761589404,72,0.21530011896342804,0.945287764466373,0.6890937838769899,-0.3124395024318798,0.3051087984862819,9.417218543046356,40,0.020305122183558177,0.2039037883477635,0.05412731277023554,-0.3751363432681607,0.22894985808893092,8.105960264900661,34,0.013235102391526254,-0.14876367566607007,-0.11820664190163621,-0.0878764349076594,True,True
SPY,State Street SPDR S&P 500 ETF Trust,Broad index ETF,Indices,1,easy_to_borrow,2679,2016-01-04,2026-08-28,0.17504029031474233,26052653209.079998,0.1518941033063903,-0.3379381911340269,0.1349724939562642,1.0961252009166063,1.283946047747342,-0.10512318192269121,0.624113475177305,17.4020156774916,96,0.1431218341747258,1.7609112694574305,1.9171172302903436,-0.07465471172727933,0.5274356103023516,10.441209406494961,55,-0.010740799420062785,-0.06676741110718472,-0.05432306330214611,-0.1977207978924571,0.09854423292273236,7.337066069428891,44,-0.008149340218461587,-0.6647860685408242,-0.6331711825430018,-0.03046847019541188,False,False
SRE,Sempra,Individual equity,,1,easy_to_borrow,2679,2016-01-04,2026-08-28,0.24639906327592753,99808047.0,0.09017865032346384,-0.44993876301285995,0.047131073093452436,0.3516707273897846,0.11690801446729793,-0.40314663890418023,0.5502053004852557,17.02575587905935,90,0.0590778274411754,0.5690387717213561,0.3507429570991853,-0.16843624724435735,0.3732736095558044,9.40649496080627,50,-0.01995374696979635,-0.07929609176163768,-0.056301342125568365,-0.354409792315318,0.19970138111235536,8.748040313549831,46,-0.011946754347722965,-0.21736804433157147,-0.23383494263188737,-0.23471039165982288,False,False
STE,STERIS plc,Individual equity,,1,easy_to_borrow,2679,2016-01-04,2026-08-28,0.2504336606054505,81034036.2,0.12488214319578983,-0.3617847940779515,0.07128478188091569,0.4950619679887394,0.2155661349053662,-0.33068636644716853,0.5378872713699141,16.6494960806271,89,0.09120447763454687,0.8084444548773531,0.41304353866090293,-0.22081080829937194,0.3706606942889138,10.06494960806271,54,-0.027707003498437577,-0.16191196042811132,-0.07304174162026299,-0.3793310904671966,0.19970138111235536,8.089585666293393,43,-0.019919695753631173,-0.31338248688861364,-0.19747740375553674,-0.10987555814779659,False,False
STLD,"Steel Dynamics, Inc.",Individual equity,,1,easy_to_borrow,2679,2016-01-04,2026-08-28,0.39290885097964157,111253748.38,0.3002988292973221,-0.6846100759144238,0.24776204478070296,0.9141088126247384,0.8394836749572139,-0.29513622738802003,0.593505039193729,17.4020156774916,93,0.27622144102153534,1.2738335999374897,1.8910046424771219,-0.1460712654093218,0.3923105636431504,9.782754759238522,53,-0.009705797243565795,0.05487006650962349,-0.018676643091384167,-0.5196756824058619,0.21948488241881298,7.807390817469205,41,-0.02845939624083238,-0.35972478731275126,-1.051520967519908,-0.14906496197869823,False,False
STM,STMicroelectronics N.V.,Individual equity,,0,hard_to_borrow,2679,2016-01-04,2026-08-28,0.4511393360647824,93472428.0,0.22137512819027716,-0.6673604541154217,0.4555780094505111,1.3678434030769915,1.723419414912734,-0.2643454086152206,0.5483389324374767,17.966405375139978,96,0.3616093102570084,1.5498305300602417,2.215925421781928,-0.16318658863808766,0.3389324374766704,10.911534154535273,59,0.07154360868157505,0.41740679068129904,0.2514930611662196,-0.2844754775730757,0.21724524076147816,7.431131019036954,39,0.0939686991935027,-0.18198712698325026,-0.492506006869194,-0.10115881997713294,True,True
STT,State Street Corporation,Individual equity,,1,easy_to_borrow,2679,2016-01-04,2026-08-28,0.32766636436363916,154768565.06,0.1392693248677812,-0.5959816303099869,0.2204622776510805,1.0509167093111795,0.5967035014010363,-0.3694670420626722,0.545726017170586,17.213885778275476,92,0.18402501195657028,1.2993226850820294,1.0874166149064166,-0.16923137777548813,0.3534901082493468,9.688689809630459,52,0.03748797148145577,0.30847285377881556,0.1320052584852217,-0.28398847069908684,0.19223590892123926,7.713325867861142,41,0.036437265694510224,-0.24840597577084989,-0.49071311350538027,-0.2002356642871841,True,True
STX,Seagate Technology Holdings PLC Ordinary Shares (Ireland),Individual equity,,1,easy_to_borrow,2679,2016-01-04,2026-08-28,0.4469828336646161,151945756.04999998,0.4008497179686139,-0.5699009123908566,0.4130745152271078,1.3646097596191653,1.5844318451005035,-0.260708288907754,0.5408734602463606,18.624860022396415,100,0.35344887718587104,1.4844795763589766,1.4935868898359521,-0.2366443355864566,0.3318402388951101,11.47592385218365,62,0.03382403037648141,0.27002281923307087,0.11352497808570161,-0.2979435094094197,0.23553564762971257,7.901455767077267,42,0.05962563804123677,-0.11986981673981134,0.09084495526455139,-0.024063953321297404,True,False
STZ,"Constellation Brands, Inc.",Individual equity,,1,easy_to_borrow,2679,2016-01-04,2026-08-28,0.26955846684190204,245063218.88,0.00898895448781456,-0.5353066165933694,0.09770799916927864,0.6123883196459438,0.38070626628853355,-0.25664930635847927,0.5151175811870101,16.931690929451285,91,0.07089282611180958,0.6556854261855055,0.426359396880857,-0.16627480625604707,0.3075774542739828,8.842105263157894,48,0.030426109810380186,0.2846155849684833,0.10665957435373713,-0.28526374678256083,0.23292273236282196,8.465845464725643,46,0.026815173057469055,-0.04329710653956176,-0.045653130592323454,-0.0903745001024322,True,True
SW,Smurfit WestRock plc,Individual equity,,1,easy_to_borrow,2679,2016-01-04,2026-08-28,0.45785177169116964,88335297.75,-0.12370510508656496,-0.9034998473903751,0.045527328787297705,0.3006112649909028,0.10282088177655957,-0.44278290557975675,0.5278088839119074,19.001119820828666,101,0.04610461630415319,0.3573158495396664,0.18259359271331696,-0.2524985440017068,0.3057110862262038,10.72340425531915,57,-0.008324451561388502,0.0667121774308194,-0.020193629010301944,-0.41223157844197866,0.25942515864128407,9.40649496080627,50,-0.0005772875168554847,-0.05670458454876359,-0.07977271093675739,-0.19028436157804995,True,True
SWK,"Stanley Black & Decker, Inc.",Individual equity,,1,easy_to_borrow,2679,2016-01-04,2026-08-28,0.3589552564461026,132780614.33,0.019980463274226423,-0.713073282193569,0.20879112747521655,0.8336462107088641,0.5707231153157234,-0.3658361153984687,0.5864128406121687,16.837625979843224,89,0.13294276113832848,0.8374122159774231,0.7184111809494953,-0.1850510747377614,0.3419186263531168,9.124300111982082,49,0.06270083444860464,0.38953955212541647,0.1617289669252706,-0.38769081161308927,0.24785367674505412,8.465845464725643,45,0.07584836633688807,-0.0037660052685589696,-0.1476880656337719,-0.18078504066070733,True,True
SWKS,"Skyworks Solutions, Inc. Common Stock",Individual equity,,1,easy_to_borrow,2679,2016-01-04,2026-08-28,0.4040174583898764,187760445.0,0.005627322148811453,-0.7287919229430196,0.19043115854422688,0.7506867470619187,0.5977693632200745,-0.3185696194238008,0.5524449421425905,18.154535274356103,99,0.1580640557951174,0.8991273477764234,0.8251902453519167,-0.1915486237088373,0.3094438223217619,10.06494960806271,55,0.04212683781026172,0.2926696871196147,0.13604351254885366,-0.3096570870671531,0.26726390444195597,8.653975363941768,47,0.03236710274910948,-0.1484406007145047,-0.2274208821318422,-0.1270209957149635,True,True
SYF,SYNCHRONY FINANCIAL,Individual equity,,1,easy_to_borrow,2679,2016-01-04,2026-08-28,0.38868467586980665,176256701.92000002,0.11908497221998515,-0.6636977886977884,0.16226541678271333,0.6791075318618616,0.33240488225124903,-0.48815593707214155,0.6073161627472937,18.248600223964164,97,0.2162973559292276,1.142989892543387,1.021806074139572,-0.2116814152933708,0.38521836506159013,9.03023516237402,48,-0.02978560234619132,-0.042208810198107474,-0.050075374293265404,-0.5948153711593357,0.24972004479283313,9.970884658454647,53,-0.054031939146514274,-0.46388236068152544,-0.6894011918883229,-0.27647452177877074,True,True
SYK,Stryker Corporation,Individual equity,,1,easy_to_borrow,2679,2016-01-04,2026-08-28,0.26320786026900084,286244565.59999996,0.142490978259465,-0.4380594172538561,0.06425923720660642,0.44740311010831735,0.22323938544015381,-0.28784901499306936,0.5330347144456887,19.001119820828666,101,0.08575623590801618,0.7129565969935373,0.5399230605662596,-0.15883047450886223,0.3833519970138111,11.099664053751399,59,-0.00690799280280352,0.005684481975404757,-0.021789254989885806,-0.31703666811968056,0.1881298992161254,8.465845464725643,46,-0.021496998701409753,-0.26555348688521996,-0.3166836751261058,-0.12901854048420713,False,False
SYY,Sysco Corporation,Individual equity,,1,easy_to_borrow,2679,2016-01-04,2026-08-28,0.307508717003734,171683016.42,0.09664333566496275,-0.6614481409001958,0.0707254056012363,0.4618978733470163,0.18387638351690216,-0.38463561360360954,0.48525569242254574,17.307950727883537,93,0.026696312651801835,0.29281863907214484,0.07556547664320556,-0.35328716019158757,0.3172825681224337,10.347144456886898,55,0.040124229380193555,0.33877186705908,0.1808195571570982,-0.22190204428679772,0.16536020903322135,7.713325867861142,42,0.04402909294943447,0.16907923427487148,0.1083109068736966,-0.03134845341202197,False,False
T,AT&T Inc.,Individual equity,,1,easy_to_borrow,2679,2016-01-04,2026-08-28,0.23354549752714543,576184462.0500001,0.05964157700880013,-0.42999006951340635,0.14431651294420322,0.949380189424405,0.652748923039986,-0.2210903884331077,0.5139977603583427,16.461366181410973,89,0.10276457803524774,1.0518621190147317,0.831203929974352,-0.12363341212597334,0.2803284807764091,9.500559910414333,50,0.04725191776871407,0.43484491291608895,0.20856169495360846,-0.2265608638212524,0.25681224337439346,7.525195968645017,42,0.04155193490895548,-0.10248192959032665,-0.178455006934366,-0.09745697630713435,True,True
TAN,Invesco Solar ETF,Thematic/industry ETF,,0,hard_to_borrow,2679,2016-01-04,2026-08-28,0.37920677306178596,26460397.599999998,0.05221450529891736,-0.7852841705848385,0.2903736517230717,1.0719991466480465,0.6567031010394062,-0.44216884504348875,0.5416200074654722,16.555431131019038,88,0.19819186043370074,1.0819358734754083,0.7161766898420248,-0.2767359832353915,0.2933930571108623,9.03023516237402,48,0.09603706364326858,0.5509610440902531,0.3792894728074592,-0.2532025551155236,0.25793206420306086,7.337066069428891,39,0.09218179128937098,-0.009936726827361797,-0.05947358880261855,-0.16543286180809724,True,True
TAP,Molson Coors Beverage Company Class B,Individual equity,,1,easy_to_borrow,2679,2016-01-04,2026-08-28,0.2825046993062589,94855078.00000001,-0.04772794372495537,-0.6773549447968039,0.05358369080243541,0.37674803826354203,0.15447167483041713,-0.3468836009013363,0.5128779395296752,17.496080627099662,97,0.08715581717052356,0.7281025654105941,0.5547896551025374,-0.1570970481675893,0.2523329600597238,8.653975363941768,48,-0.029608427686963812,-0.14871319979265607,-0.06255021084020383,-0.47335456250665653,0.2848077640910788,9.782754759238522,54,-0.03357212636808815,-0.3513545271470521,-0.4003179802721203,-0.189786552733747,True,True
TDG,TransDigm Group Incorporated,Individual equity,,1,easy_to_borrow,2679,2016-01-04,2026-08-28,0.33778199964066813,149075186.4,0.22730295132737566,-0.6264243134955536,0.16972974245237826,0.852637414240637,0.4816845695636031,-0.35236699113311876,0.528555431131019,16.273236282194848,88,0.17937711770200915,1.2259055502293397,0.683111380518244,-0.26258839014792035,0.40350877192982454,9.40649496080627,50,0.012809253429342027,0.15623414937228122,0.042652480325311784,-0.3003167302732562,0.14669652855543114,7.6192609182530795,42,-0.009647375249630885,-0.3732681359887027,-0.20142681095464093,-0.08977860098519841,False,False
TDY,Teledyne Technologies Incorporated,Individual equity,,1,easy_to_borrow,2679,2016-01-04,2026-08-28,0.2752306816867892,79656020.25,0.20244230606657454,-0.4894686088412932,0.10360563891827645,0.6092181961283573,0.27145704802090154,-0.38166494358363123,0.5390070921985816,17.02575587905935,92,0.13074320742127776,1.055951019045297,0.821518298070528,-0.1591482596654875,0.3792459873086973,9.40649496080627,52,-0.014839123061497705,-0.02949288578670043,-0.038089740463025025,-0.3895832022248231,0.16610675625233295,7.807390817469205,41,-0.027137568503001308,-0.4467328229169397,-0.5500612500496265,-0.22251668391814372,False,False
TEAM,Atlassian Corporation Class A Common Stock,Individual equity,,1,easy_to_borrow,2679,2016-01-04,2026-08-28,0.5353607510106878,263707259.28000003,0.20000521521532755,-0.8752537489358915,0.19689438531189252,0.6667974097221825,0.4455998247969681,-0.4418636955290657,0.48898842851810376,18.530795072788354,102,0.22210814861333095,0.9153297231705998,0.5540357662702472,-0.4008913541964205,0.2937663307204181,10.817469204927212,59,-0.02104058324589586,0.05771244786372282,-0.037968565281337734,-0.554157974892923,0.22172452407614782,8.089585666293393,45,-0.02521376330143843,-0.2485323134484173,-0.10843594147327912,-0.04097234133264516,False,True
TECH,Bio-Techne Corp Common Stock,Individual equity,,1,easy_to_borrow,2679,2016-01-04,2026-08-28,0.3401053004090388,18526005.619999997,0.1254830895620631,-0.6721597812879705,0.15704532125009596,0.7490048872652572,0.6385046311472071,-0.2459579987194943,0.5487122060470325,15.896976483762597,85,0.11540192246596237,0.7592322302048142,0.3561101577894558,-0.3240624282730846,0.3404255319148936,9.500559910414333,51,0.043167569462106314,0.33268263755602395,0.16500760686520685,-0.26160957232335047,0.22583053378126167,7.148936170212766,39,0.04164339878413359,-0.010227342939557071,0.2823944733577513,0.07810442955359032,True,False
TEL,TE Connectivity plc,Individual equity,,1,easy_to_borrow,2679,2016-01-04,2026-08-28,0.2825976987241739,173427758.0,0.13529663140334236,-0.4770871884184186,0.05688452326990534,0.4060882363790991,0.17353832968166277,-0.3277922714495053,0.5013064576334453,18.248600223964164,100,0.1278434524631329,1.0966623210989856,1.0022557478666319,-0.12755571892229722,0.3273609555804405,9.40649496080627,53,-0.0454864506461683,-0.28672913406361317,-0.11098659930539086,-0.4098373220807291,0.18477043673012317,8.842105263157894,47,-0.07095892919322755,-0.6905740847198866,-0.828717418184969,-0.20023655252720807,False,False
TER,"Teradyne, Inc. Common Stock",Individual equity,,1,easy_to_borrow,2679,2016-01-04,2026-08-28,0.46087528855652754,158853438.42,0.3163213553646653,-0.5911809121111435,0.3463241765989469,1.0793803191478295,1.1996548321904796,-0.28868651824340585,0.5793206420306084,16.555431131019038,88,0.29773313356254083,1.2508035958073527,1.1407672495252308,-0.2609937598457991,0.4008958566629339,9.782754759238522,52,0.04157805991726993,0.2892144714580959,0.1126560270954088,-0.36907088763264584,0.1866368047779022,7.148936170212766,38,0.048591043036406045,-0.17142327665952317,0.05888758266524885,-0.027692758397606765,True,False
TFC,Truist Financial Corporation,Individual equity,,1,easy_to_borrow,2679,2016-01-04,2026-08-28,0.3286927230985004,224340640.5,0.0731453518531,-0.5911219329462458,0.051168526861137265,0.3305883962647752,0.1106706824749171,-0.46234942910679466,0.5408734602463606,19.377379619260918,104,0.051211431518743966,0.40777770495264326,0.17357390463237476,-0.29504107559951775,0.3590892123926838,10.72340425531915,57,0.009157362595011653,0.13965361767651555,0.02259749180987985,-0.4052380092470246,0.1963419186263531,9.218365061590145,49,-4.290465760670159e-05,-0.07718930868786805,-0.06290322215745767,-0.1673083535072769,False,False
TGT,Target Corporation,Individual equity,,1,easy_to_borrow,2679,2016-01-04,2026-08-28,0.33094375618775895,467878053.46,0.11118561982845465,-0.6439625775990206,0.2642427958425939,1.1762825209504641,0.9035803621583425,-0.2924397285609537,0.5994774169466218,17.4020156774916,93,0.18123826599045034,1.2280336954434103,0.8035579674134766,-0.22554473148194532,0.36058230683090703,10.06494960806271,53,0.08579901465692652,0.5709108470654667,0.478952715937481,-0.17913879972261415,0.25867861142217247,7.713325867861142,42,0.08300452985214357,-0.051751174492946195,0.10002239474486585,-0.06689499707900837,True,True
TIP,iShares TIPS Bond ETF,Bond ETF,,1,easy_to_borrow,2679,2016-01-04,2026-08-28,0.05664601745607089,185407706.70000002,0.02719560973549351,-0.14507772020725285,0.00830643953703425,0.3406087682157164,0.2685202730125834,-0.03093412442882848,0.23777528928704741,7.713325867861142,44,0.005937293135957811,0.3881018563575287,0.2160847714711402,-0.02747668470820852,0.16424038820455394,5.832026875699888,33,0.002355163107325531,0.1284484821056821,0.0934895850252312,-0.025191716346691595,0.07353490108249347,1.8812989921612542,11,0.0023691464010764385,-0.0474930881418123,0.05243550154144322,-0.003457439720619959,False,False
TJX,"TJX Companies, Inc. (The)",Individual equity,,1,easy_to_borrow,2679,2016-01-04,2026-08-28,0.2577773469191497,364135513.59,0.15028497120844952,-0.42551384406319026,0.04158450121598789,0.3243258635712277,0.09209900974650431,-0.45151952589334177,0.5752146323254946,16.837625979843224,90,0.0699123459574833,0.6296294200264566,0.3942270485733485,-0.1773403073444253,0.41881298992161253,9.782754759238522,52,-0.030655838224758147,-0.19198148178140598,-0.05844947650894465,-0.5244843932873687,0.1769316909294513,8.183650615901456,44,-0.02832784474149541,-0.3053035564552289,-0.3021280388268442,-0.27417921854891647,False,False
TKO,"TKO Group Holdings, Inc.",Individual equity,,1,easy_to_borrow,2679,2016-01-04,2026-08-28,0.3595098316776604,51703772.4,0.265241243711134,-0.6907741721120828,0.12548253304071189,0.6224837249463876,0.4240710511345674,-0.2958997854368829,0.5434863755132512,18.81298992161254,101,0.17817355986528094,1.0784275286271159,0.8709938591114342,-0.20456350868770656,0.3617021276595745,11.287793952967524,60,-0.019479410071583825,-0.03306136746661706,-0.04326592598503656,-0.4502251974988526,0.20604703247480402,7.901455767077267,43,-0.052691026824569054,-0.4559438036807283,-0.44692280797686684,-0.09133627674917633,False,False
TLT,iShares 20 Year Treasury Bond ETF,Bond ETF,,1,easy_to_borrow,2679,2016-01-04,2026-08-28,0.14710080995111977,1661286418.0100002,-0.00818789463486913,-0.48350102019277974,0.02838021456152151,0.4742776036023597,0.23505285993575561,-0.12073971177920728,0.17207913400522584,7.901455767077267,43,0.004319453174301824,0.14992514340481844,0.0655362901054824,-0.06590933309391711,0.06308324001493094,4.1388577827547595,23,0.02395727904221312,0.4623140424313119,0.2785293970473448,-0.08601346678728072,0.10899589399029488,3.7625979843225084,20,0.024060761387219687,0.32435246019754127,0.16951656983027322,-0.05483037868529017,True,True
TMO,"Thermo Fisher Scientific, Inc.",Individual equity,,1,easy_to_borrow,2679,2016-01-04,2026-08-28,0.26376150337210436,623856786.9000001,0.15492344570147787,-0.4095423208916684,0.1254505575498499,0.7397417783681147,0.41617771875018844,-0.30143506463197245,0.5856662933930571,17.778275475923852,94,0.15894697085132892,1.1983418036653601,1.022073615785039,-0.15551420993217224,0.40388204553938034,9.124300111982082,48,-0.015190830613291073,-0.05080969932387664,-0.029907581699309817,-0.5079257415734698,0.20791340052258306,8.842105263157894,47,-0.03349641330147901,-0.4586000252972454,-0.6058958970348505,-0.1459208546998002,False,True
TMUS,"T-Mobile US, Inc. Common Stock",Individual equity,,1,easy_to_borrow,2679,2016-01-04,2026-08-28,0.266340875826271,515514058.8,0.16280272213073976,-0.37131978738643623,0.020955316055297768,0.20597361480680715,0.05993094121266012,-0.34965771655311595,0.5177304964539007,17.684210526315788,96,0.0594892018780786,0.517121343364111,0.39135291985343984,-0.15200909169237087,0.3512504665920119,10.347144456886898,56,-0.034066816668396616,-0.22714041759274028,-0.0912633243236841,-0.373280470778948,0.1866368047779022,8.089585666293393,44,-0.03853388582278083,-0.3111477285573038,-0.3314219786407797,-0.19764862486074508,False,False
TPL,Texas Pacific Land Corporation,Individual equity,,1,easy_to_borrow,2679,2016-01-04,2026-08-28,0.4660800333663172,2970600.9000000004,0.3781719989803427,-0.6492747104464185,0.4921131681448341,1.3902719481243477,1.2747805354515338,-0.38603756055196203,0.5158641284061217,15.802911534154534,86,0.4256581177191605,1.6912681067685953,1.9541834441133505,-0.21781891510819218,0.3120567375886525,9.218365061590145,50,0.04405316284620886,0.3003383982951242,0.07502907725051398,-0.5871478693403107,0.21351250466592012,7.148936170212766,39,0.06645505042567357,-0.30099615864424756,-0.6794029086618167,-0.16821864544376985,True,True
TPR,"Tapestry, Inc. Common Stock",Individual equity,,1,easy_to_borrow,2679,2016-01-04,2026-08-28,0.4390529292283381,122017707.48,0.1632257986990724,-0.7887247101614003,0.23358440493594923,0.8352989213393409,0.42212529037630814,-0.5533532585259648,0.5770810003732736,16.6494960806271,89,0.2078469940327181,1.0864298935310264,0.6909312482313591,-0.3008215282848523,0.3706606942889138,9.40649496080627,50,0.017907999764923188,0.19622802614685503,0.0347445067629411,-0.5154195996249995,0.23516237402015677,8.183650615901456,44,0.025737410903231117,-0.25113097219168545,-0.26880595785505096,-0.25253173024111253,True,True
TRGP,Targa Resources Corp.,Individual equity,,1,easy_to_borrow,2679,2016-01-04,2026-08-28,0.5236639022427557,89167720.32,0.3108232055883502,-0.9198662207357858,0.21179943385408206,0.7083504957036207,0.31007950852932414,-0.6830487924165819,0.555431131019037,17.778275475923852,96,0.32801320123119426,1.2946241044337692,1.2119099842306504,-0.27065805670329957,0.406494960806271,10.441209406494961,55,-0.08534518259614599,-0.11357674060424755,-0.11493520932899264,-0.7425503733312251,0.17245240761478164,7.713325867861142,43,-0.1162137673771122,-0.5862736087301484,-0.9018304757013262,-0.41239073571328233,False,True
TRI,Thomson Reuters Corporation Common Shares,Individual equity,,1,easy_to_borrow,2679,2016-01-04,2026-08-28,0.24732899577765988,41585218.949999996,0.11271137680487708,-0.6409990574929311,0.0925960476469232,0.6084491482545441,0.2502657182093787,-0.3699909372703415,0.5468458379992535,18.248600223964164,99,0.05513703337655751,0.5317505319926351,0.2552635889109398,-0.2160003845898858,0.3751399776035834,11.099664053751399,60,0.02977683889066074,0.29269071583973905,0.1125410003906186,-0.2645865843320061,0.19036954087346025,8.089585666293393,44,0.03745901427036569,0.07669861626190899,-0.004997870701561102,-0.1539905526804557,False,False
TRMB,Trimble Inc. Common Stock,Individual equity,,1,easy_to_borrow,2679,2016-01-04,2026-08-28,0.3365898983835994,61326767.2,0.10264890336707788,-0.5735478478896783,0.14557222362998457,0.7120745741043213,0.41872403597222535,-0.34765671689226985,0.5640164240388205,18.248600223964164,98,0.12565653231055984,0.833300005910253,0.7893557789693044,-0.15918871522627598,0.3643150429264651,10.159014557670773,54,0.028175605989220642,0.25033902881718945,0.08929773456157222,-0.31552430895985506,0.2288167226577081,8.465845464725643,46,0.019915691319424722,-0.1212254318059317,-0.37063174299707907,-0.18846800166599387,True,True
TROW,"T. Rowe Price Group, Inc. Common Stock",Individual equity,,1,easy_to_borrow,2679,2016-01-04,2026-08-28,0.29719856803162886,126478961.89999999,0.08299377659483476,-0.5816099621970197,0.17585347446648436,0.8961942837405708,0.6912823712059798,-0.25438732678760256,0.5964912280701754,16.367301231802912,88,0.13456275007932383,1.0391244033405493,0.6962649807338093,-0.19326370534606685,0.3650615901455767,9.40649496080627,51,0.03789270890922736,0.31343905885065354,0.11206899881186634,-0.33811945596871984,0.24300111982082867,7.054871220604703,38,0.04129072438716053,-0.1429301195999786,-0.0049826095278294735,-0.061123621441535714,True,True
TRV,"The Travelers Companies, Inc.",Individual equity,,1,easy_to_borrow,2679,2016-01-04,2026-08-28,0.23144551140294695,207088051.36,0.14505546219262055,-0.4628272251308898,0.09384414100267424,0.6548056149457715,0.2987432602676017,-0.3141297344034225,0.53826054497947,16.837625979843224,89,0.11267304342730422,1.0634733885476724,0.8611104771086707,-0.13084621128478624,0.38521836506159013,9.782754759238522,52,-0.024178138921610914,-0.14924441006043002,-0.05062855089904656,-0.4775593709925092,0.19223590892123926,8.371780515117582,44,-0.01882890242462998,-0.4086677736019009,-0.562367216841069,-0.18328352311863627,False,False
TSCO,Tractor Supply Company Common Stock,Individual equity,,1,easy_to_borrow,2679,2016-01-04,2026-08-28,0.2923472151121293,35554487.56,0.08838952358630214,-0.5269695979078125,0.20339291069230803,1.0022184528575742,0.575300130931822,-0.3535422638664615,0.574468085106383,15.144456886898096,81,0.14914281217769165,1.1368348141257454,0.517242373489728,-0.28834221599335674,0.3419186263531168,8.183650615901456,43,0.04979273156379782,0.37996043584249645,0.12804326030837654,-0.38887428704859683,0.24300111982082867,7.337066069428891,40,0.054250098514616374,-0.13461636126817123,0.05805775744209396,-0.06520004787310474,True,True
TSLA,"Tesla, Inc. Common Stock",Individual equity,Mega-cap 7,1,easy_to_borrow,2679,2016-01-04,2026-08-28,0.5848507271162411,6148164129.01,0.3453435192126053,-0.7363221699148724,0.49633654973968033,1.2319701535588685,1.348211658027204,-0.36814438355024615,0.5169839492347891,18.530795072788354,99,0.4193976908473396,1.4574593808184793,1.5409679665502356,-0.27216509359778907,0.286300858529302,10.441209406494961,56,0.061946988731464314,0.3526751935552222,0.11979830928847693,-0.5170940149271608,0.23852183650615902,8.465845464725643,45,0.07693885889234076,-0.22548922725961074,-0.1927563085230315,-0.09597928995245708,True,True
TSM,Taiwan Semiconductor Manufacturing Company Ltd.,Individual equity,,1,easy_to_borrow,2679,2016-01-04,2026-08-28,0.34180089763447935,712826646.51,0.3447498468930055,-0.566202484004516,0.2390423137526343,0.9988431682415352,0.8694537432896121,-0.2749339060272584,0.5446061963419186,18.71892497200448,99,0.25493025984914763,1.2982883385091568,1.3675828234178609,-0.1864093753473931,0.37812616648002983,12.13437849944009,64,-0.024404617226318925,-0.07731475932982955,-0.06870209538316306,-0.3552237685067726,0.1787980589772303,7.337066069428891,39,-0.01588794609651334,-0.29944517026762163,-0.49812908012824875,-0.08852453067986532,False,False
TSN,"Tyson Foods, Inc.",Individual equity,,1,easy_to_borrow,2679,2016-01-04,2026-08-28,0.27909618933298125,147264498.03,0.028978915532288596,-0.5244219277734479,0.18111260169110333,1.0380601062596029,0.7045800213153188,-0.2570504360214473,0.5263157894736842,15.61478163493841,83,0.12690649879632288,1.171538597276022,1.2832789456167943,-0.09889237194281764,0.2974990668159761,8.465845464725643,45,0.04771981574883788,0.3991428101551556,0.1562669059659077,-0.3053737799048045,0.25009331840238896,8.089585666293393,43,0.05420610289478045,-0.13347849101641907,-0.5786989243014755,-0.15815806407862965,True,True
TT,Trane Technologies plc,Individual equity,,1,easy_to_borrow,2679,2016-01-04,2026-08-28,0.2762731485567258,185870871.9,0.2514862751422051,-0.4442108803497852,0.1926425910491738,1.044567736297574,1.0682271567864583,-0.18033860104127986,0.6114221724524076,16.555431131019038,90,0.22445313263040845,1.568842916838246,2.1526382566331033,-0.10426885796477059,0.42851810377006344,9.03023516237402,49,-0.024074637584319714,-0.12576442883058345,-0.08305937790628039,-0.2898485179058794,0.18962299365434865,7.901455767077267,43,-0.03181054158123464,-0.524275180540672,-1.084411099846645,-0.07606974307650927,False,False
TTD,"The Trade Desk, Inc. Class A Common Stock",Individual equity,,1,easy_to_borrow,2498,2016-09-21,2026-08-28,0.6843593930930983,172586454.97,0.16406525804903693,-0.9066016772991186,0.2003879925973635,0.6255150705856238,0.3070756773335824,-0.6525687554852417,0.522417934347478,19.066453162530024,94,0.2857418525328701,0.9666880903691081,0.9087926747083609,-0.3144191854589574,0.2898318654923939,10.088070456365092,50,-0.04743937458649172,0.03135228491121578,-0.06599949712552111,-0.7187838794630386,0.24419535628502803,9.180144115292233,45,-0.08535385993550659,-0.34117301978348424,-0.6017169973747785,-0.3381495700262843,True,True
TTWO,"Take-Two Interactive Software, Inc. Common Stock",Individual equity,,1,easy_to_borrow,2679,2016-01-04,2026-08-28,0.3392026678333893,215471383.53,0.1990571465774631,-0.561404331114653,0.04262629508615423,0.30159812328961355,0.13729223837069437,-0.3104785499312902,0.5535647629712579,18.81298992161254,102,0.09991431904278425,0.6870724145865559,0.2688879125580299,-0.3715835274715865,0.3717805151175812,10.535274356103024,57,-0.05791474739264346,-0.3203795649550737,-0.1196465852957532,-0.48404847701657827,0.19820828667413215,8.842105263157894,48,-0.05728802395663002,-0.38547429129694233,-0.13159567418733553,0.06110497754029631,False,False
TXN,Texas Instruments Incorporated Common Stock,Individual equity,,1,easy_to_borrow,2679,2016-01-04,2026-08-28,0.31227638511524436,687606425.76,0.19037677894296556,-0.3341276271267206,0.08163731578029321,0.46518865402287457,0.19499279271505274,-0.41866837560294656,0.555431131019037,18.34266517357223,98,0.14942468169553513,0.96999630957215,0.894687275870797,-0.1670133081417755,0.3538633818589026,10.72340425531915,57,-0.037769700166859765,-0.16291209045918456,-0.08029077903103675,-0.4704114298387829,0.21500559910414332,7.6192609182530795,41,-0.06778736591524193,-0.5048076555492754,-0.6996944831557442,-0.25165506746117106,False,False
TXT,"Textron, Inc.",Individual equity,,1,easy_to_borrow,2679,2016-01-04,2026-08-28,0.3284625301445297,85191765.75,0.06888503124726064,-0.6996367700475001,0.04608563214128791,0.3140704817538992,0.0894418025735933,-0.5152583111612532,0.5222097797685704,19.47144456886898,105,0.0977022524978568,0.737544679136957,0.5424368276772823,-0.18011729202867444,0.3422918999626726,9.970884658454647,54,-0.03229018527779115,-0.10682484096171019,-0.04965307881334479,-0.6503158726405667,0.185143710339679,9.312430011198208,50,-0.05161662035656889,-0.4234741973830578,-0.452995025103689,-0.33514101913257877,False,True
TYL,"Tyler Technologies, Inc.",Individual equity,,1,easy_to_borrow,2679,2016-01-04,2026-08-28,0.29961290281420994,81464482.08,0.07983674197729251,-0.5743730092463745,0.09231530827500722,0.5290086820311276,0.28565059452889213,-0.3231756209968959,0.595371407241508,16.837625979843224,91,0.1076455967631531,0.8318514699147489,0.5294514900370226,-0.2033153155459546,0.3680477790220231,10.06494960806271,54,-0.003309559677196816,0.061500956909764884,-0.008056980633484747,-0.41076922332943344,0.24785367674505412,7.148936170212766,40,-0.015330288488145882,-0.3028427878836213,-0.2438008955081305,-0.11986030545094128,True,True
UAL,"United Airlines Holdings, Inc. Common Stock",Individual equity,,1,easy_to_borrow,2679,2016-01-04,2026-08-28,0.5113158076903357,385668807.00000006,0.06681227439042003,-0.7940020682523269,0.31237450914493237,0.9558282242999088,0.46701706932910547,-0.6688717172450993,0.5539380365808138,17.684210526315788,94,0.23548545321111503,1.1302425753638716,0.7581975264340867,-0.31058588956183675,0.3292273236282195,9.594624860022396,51,0.06025712671405503,0.347858444635598,0.0803648038521454,-0.7497949827005821,0.23366927958193356,8.653975363941768,46,0.07688905593381734,-0.17441435106396286,-0.2911804571049812,-0.35828582768326256,True,True
UBER,"Uber Technologies, Inc.",Individual equity,,1,easy_to_borrow,1836,2019-05-10,2026-08-28,0.5017204238997974,1028430845.3249999,0.09178507671326508,-0.6764769297110818,0.0865361177905033,0.41395007236020337,0.16368743019998802,-0.5286668480577663,0.5130718954248366,19.627450980392158,73,0.07904500586399266,0.4652966758288414,0.22205345180385985,-0.35597287599840255,0.2690631808278867,9.745098039215687,35,0.01085144135083893,0.16885955318782273,0.021099787392948835,-0.5142915020302662,0.25326797385620914,10.431372549019608,39,0.007491111926510641,-0.05134660346863801,-0.05836602160387183,-0.17269397205936377,False,False
UDR,"UDR, Inc.",Individual equity,,1,easy_to_borrow,2679,2016-01-04,2026-08-28,0.2527562157068078,66959586.54,0.03760895791120533,-0.44428969359331516,0.023159461056936337,0.2171237419202369,0.06074114015806951,-0.3812813028643748,0.5614035087719298,17.590145576707727,93,0.03941117361032931,0.4073119283285005,0.21541113421437938,-0.1829579225515191,0.3512504665920119,9.40649496080627,50,-0.007142594375307176,0.02061519625962746,-0.02185829533192244,-0.32676813387528625,0.23068309070548712,8.371780515117582,44,-0.016251712553392972,-0.1901881864082636,-0.15466999405630988,-0.19832338031285568,False,True
UHS,"Universal Health Services, Inc. Class B",Individual equity,,1,easy_to_borrow,2679,2016-01-04,2026-08-28,0.34079923698008574,94189179.84,0.04031425939578592,-0.563010695542417,0.1507140058219667,0.7397857701894175,0.3870660039331833,-0.38937546643332566,0.555431131019037,16.085106382978722,87,0.15589245612809632,1.1780106505068602,1.5722674653023636,-0.0991513591474823,0.3221351250466592,7.807390817469205,43,0.01094390980182447,0.15270228518125364,0.026153977593933675,-0.4184415071290293,0.24337439343038447,8.653975363941768,47,-0.005178450306129623,-0.43822488031744267,-1.1852014613691804,-0.29022410728584336,True,True
ULTA,"Ulta Beauty, Inc. Common Stock",Individual equity,,1,easy_to_borrow,2679,2016-01-04,2026-08-28,0.38312831594556784,273301301.28000003,0.10340007548679697,-0.6492262343404569,0.17804829282682877,0.8058711518409879,0.35174208343080965,-0.5061899079296612,0.5625233296005973,17.872340425531913,95,0.09725636816259375,0.6455621707620908,0.42811527178518827,-0.2271733212343643,0.3594624860022396,10.911534154535273,58,0.06854796515375505,0.4562748585936531,0.16500622265287535,-0.41542654605190166,0.22471071295259426,8.277715565509519,45,0.08079192466423502,0.16030898107889713,-0.07637318835437862,-0.27901658669529694,True,False
UMC,United Microelectronic Corp.,Individual equity,,1,easy_to_borrow,2679,2016-01-04,2026-08-28,0.40633640071977256,31031995.575999998,0.30208198067365877,-0.5444444444444443,0.29113655831763574,1.040531626240524,1.347955114078315,-0.21598386717550666,0.49944008958566627,18.81298992161254,102,0.2989064099090799,1.2550830580154604,1.570942282210849,-0.19027205091737498,0.3023516237402016,10.347144456886898,56,0.010718461491521225,0.14813110308813382,0.025678830467621917,-0.417404581763799,0.2120194102276969,8.465845464725643,46,-0.007769851591444166,-0.2145514317749364,-0.22298716813253394,-0.02571181625813168,False,False
UNG,"United States Natural Gas Fund, LP Unit",Commodity ETF,,1,easy_to_borrow,2679,2016-01-04,2026-08-28,0.5404134927933187,302892687.68,-0.21556649262386574,-0.9387716174974566,0.22924231067207557,0.7512763393354674,0.4521114743599941,-0.5070482030932513,0.5535647629712579,20.50615901455767,109,0.0929185258591283,0.5199499018874398,0.1952247454326284,-0.4759567013557421,0.2112728630085853,10.629339305711087,56,0.12012448439689072,0.5338935442168989,0.3499803963192731,-0.3432320371661788,0.3527435610302352,10.347144456886898,55,0.13632378481294727,0.2313264374480276,0.2568867289273657,-0.031091501737509186,True,True
UNH,UNITEDHEALTH GROUP INCORPORATED (Delaware),Individual equity,,1,easy_to_borrow,2679,2016-01-04,2026-08-28,0.29709380287220233,1179605498.0400002,0.13966577473942654,-0.6139084330921337,0.14722227198495075,0.8105488933329825,0.6949026875603017,-0.21186027140264185,0.5658827920865995,17.4020156774916,93,0.12475114950834176,0.9659482633538031,0.8866688378520617,-0.14069644063565945,0.41172079134005224,10.535274356103024,56,0.03333257307449178,0.29679914532306545,0.09750446256813196,-0.34185689758764015,0.17431877566256065,7.431131019036954,40,0.022471122476608985,-0.1553993700208206,-0.19176615029176003,-0.0711638307669824,True,False
UNP,Union Pacific Corp.,Individual equity,,1,easy_to_borrow,2679,2016-01-04,2026-08-28,0.2498644110809074,520848070.6,0.16170890315856346,-0.387186285996177,0.06860735286779085,0.4721279168689872,0.3208707360045938,-0.21381617321066204,0.5255692422545726,18.34266517357223,97,0.0924527856276407,0.792483866326737,0.7014894602549606,-0.13179497464443468,0.3557297499066816,10.06494960806271,53,-0.02329817343466145,-0.12712595949746416,-0.06687070683922476,-0.3484062683930731,0.1862635311683464,9.03023516237402,48,-0.02384543275984985,-0.32035594945774976,-0.3806187242503668,-0.08202119856622736,False,False
UPS,"United Parcel Service, Inc. Class B",Individual equity,,1,easy_to_borrow,2679,2016-01-04,2026-08-28,0.2722752910094585,384556402.08,0.04983191694032563,-0.5791788856304995,0.12175452897368033,0.7342837392872569,0.46748735838658845,-0.26044453778148047,0.5636431504292646,18.43673012318029,98,0.09661119799846207,0.7845571396761476,0.4498221912908267,-0.214776415812708,0.3366927958193356,11.099664053751399,59,0.026829398745854105,0.26820660838376437,0.13591935306718958,-0.19739204271073463,0.2687569988801792,8.371780515117582,44,0.02514333097521826,-0.05027340038889072,0.01766516709576177,-0.04566812196877246,True,True
URA,Global X Uranium ETF,Thematic/industry ETF,,1,easy_to_borrow,2679,2016-01-04,2026-08-28,0.37732948735468186,12497251.74,0.15348446969980833,-0.6146143437077127,0.20430340295195237,0.8524191855045145,0.5894795174070809,-0.34658270036355676,0.5244494214259052,20.600223964165732,109,0.171443280329874,0.9670225398031769,0.6551516907681468,-0.26168486282751036,0.2777155655095185,11.381858902575587,60,0.03174548312158176,0.26122313398148794,0.10320541241631291,-0.3075951384557811,0.2534527808883912,9.40649496080627,50,0.03286012262207838,-0.11460335429866242,-0.0656721733610659,-0.0848978375360464,True,True
URI,"United Rentals, Inc.",Individual equity,,1,easy_to_borrow,2679,2016-01-04,2026-08-28,0.4273712429348483,228880792.44,0.2911164351141413,-0.6325892612296391,0.3364116950498559,1.1246934490179474,1.1492764792236367,-0.29271607061610616,0.5819335572974991,17.213885778275476,92,0.32678645335511325,1.410122032842924,2.2086454667650055,-0.14795785845781584,0.3994027622247107,9.03023516237402,48,0.024966533572093663,0.22114881334784292,0.07444396757838184,-0.335373494780574,0.1881298992161254,8.371780515117582,45,0.009625241694742659,-0.2854285838249766,-1.0593689875413688,-0.14475821215829032,True,True
USB,U.S. Bancorp,Individual equity,,1,easy_to_borrow,2679,2016-01-04,2026-08-28,0.2988095522320887,291390356.13,0.07718384480186269,-0.5212930700735579,0.15120300304548495,0.8059986711992563,0.362990697212256,-0.41654787355905754,0.5651362448674878,17.213885778275476,92,0.11389644769299045,0.8883915687924521,0.6165272956430697,-0.1847386944550291,0.3676745054124673,9.218365061590145,50,0.023468348648516546,0.22704500798608376,0.0598367025243992,-0.39220658322451873,0.20679357969391565,8.559910414333705,46,0.0373065553524945,-0.08239289759319579,-0.2535365984308137,-0.23180917910402843,True,True
USMV,iShares MSCI USA Min Vol Factor ETF,Factor/style ETF,,1,easy_to_borrow,2679,2016-01-04,2026-08-28,0.1411241372008041,172960988.45000002,0.10817475726180525,-0.3307174887892377,0.06695025738292992,0.7087997182601834,0.5722658738915206,-0.11699152515884792,0.6200074654721911,17.213885778275476,96,0.08451112509680825,1.2899902527309584,1.4310043489265576,-0.05905721052504331,0.5065322881672266,10.629339305711087,57,-0.01778231289949217,-0.20419972654267568,-0.06952255422746445,-0.25577761198634696,0.12056737588652482,6.96080627099664,41,-0.017560867713878325,-0.581190534470775,-0.858738475035037,-0.05793431463380461,False,False
USO,"United States Oil Fund, LP",Commodity ETF,Cross-asset,1,easy_to_borrow,2679,2016-01-04,2026-08-28,0.39761902425625606,510468670.62,0.03733796228909969,-0.8675373134328356,0.30261717392787135,1.0806106206465258,0.6685618360255949,-0.45263901949121443,0.5307950727883539,18.624860022396415,99,0.2027149389871865,1.2521310681746505,0.7361650798279291,-0.2753661434668553,0.3184023889511012,10.347144456886898,55,0.09237953731765547,0.49072943540408437,0.17655095839916712,-0.5232457425056452,0.22695035460992907,8.277715565509519,44,0.09990223494068484,-0.17152044752812468,-0.06760324380233418,-0.17727287602435915,True,True
V,VISA Inc.,Individual equity,,1,easy_to_borrow,2679,2016-01-04,2026-08-28,0.24393167295255788,1454439730.9,0.17269895327426132,-0.36363189701763876,0.09155569819492193,0.6080313809776103,0.3401459153633419,-0.26916594925775505,0.5524449421425905,15.896976483762597,86,0.14618055807560526,1.3772090122921774,1.0707368995036914,-0.1365233215959616,0.40388204553938034,8.748040313549831,46,-0.03730416406339099,-0.21728753903375275,-0.10375505249533075,-0.35954069865725113,0.1530421799178798,6.96080627099664,39,-0.05462485988068333,-0.7691776313145671,-0.7305909841403495,-0.13264262766179347,False,False
VEA,Vanguard FTSE Developed Markets ETF,Broad index ETF,,1,easy_to_borrow,2679,2016-01-04,2026-08-28,0.17516318369625705,385028632.48,0.10040586289254039,-0.35729671513193484,0.07505415886619904,0.6270512449953383,0.5482811718561814,-0.13688990743947405,0.6035834266517357,20.600223964165732,110,0.07667787135282333,0.948121517802218,0.5723729479393833,-0.13396487662261747,0.45315416200074654,11.758118701007838,62,0.002526435014814199,0.07448237517550543,0.014584605186769609,-0.17322615061983637,0.15677491601343785,8.653975363941768,47,-0.0016237124866242958,-0.3210702728068797,-0.0240917760832019,-0.0029250308168565775,False,False
VEEV,Veeva Systems Inc.,Individual equity,,1,easy_to_borrow,2679,2016-01-04,2026-08-28,0.386260002924783,178254584.76,0.23761237000600088,-0.5568914956011728,0.2431762606994463,0.9599752475415294,0.9481811393806987,-0.25646603860763995,0.5696155281821575,17.590145576707727,95,0.21270394524574576,1.0521543137195162,0.7133213429683772,-0.2981881130327756,0.40313549832026874,11.381858902575587,60,0.030998268843654975,0.26116953497994505,0.08060976737473,-0.38454730553375205,0.19671519223590891,6.7726763717805145,39,0.03047231545370055,-0.09217906617798677,0.23485979641232146,0.04172207442513565,True,False
VICI,VICI Properties Inc. Common Stock,Individual equity,,1,easy_to_borrow,2155,2018-02-01,2026-08-28,0.28793596980353137,128120622.99399999,0.08147893313622068,-0.6022255943348507,0.06855337768403569,0.46540227955327573,0.26891531928085277,-0.2549255202989724,0.5624129930394431,16.955916473317863,72,0.12196426218482026,1.0374303372407403,0.8369421898431169,-0.14572602942585822,0.35359628770301627,7.7178654292343385,33,-0.05306246138561843,-0.3525199789397294,-0.10859892218454457,-0.488609466081516,0.2162412993039443,9.93967517401392,42,-0.05341088450078457,-0.5720280576874646,-0.5680268705622641,-0.1091994908731142,False,True
VLO,Valero Energy Corporation,Individual equity,,1,easy_to_borrow,2679,2016-01-04,2026-08-28,0.4029513039152535,302051825.46,0.2106163810207884,-0.7187983211840071,0.40934261863427723,1.3156314589807663,2.0695365170287316,-0.19779434441774302,0.6192609182530795,15.708846584546471,83,0.36017924635940024,1.5782412953835674,2.1491828562086392,-0.16758892586496354,0.38521836506159013,7.99552071668533,42,0.059032714343211445,0.3738376953533881,0.2634694274855844,-0.22405906790244723,0.2515864128406122,8.089585666293393,43,0.04916337227487699,-0.2626098364028011,-0.0796463391799076,-0.030205418552779473,True,True
VLTO,Veralto Corporation,Individual equity,,1,easy_to_borrow,730,2023-10-02,2026-08-28,0.23651708142582004,135536563.735,0.056427672307427734,-0.27097576134244905,0.01044811638232579,0.1443699262610234,0.05240854237782771,-0.19935903401018906,0.541095890410959,16.56986301369863,24,0.03702393796113457,0.3952938929504939,0.23990642196020615,-0.15432658141713196,0.363013698630137,9.665753424657535,14,-0.023597755436718937,-0.2356943011932252,-0.23838694882602965,-0.0989892926308652,0.19315068493150686,7.594520547945206,11,-0.026575821578808778,-0.2509239666894705,-0.18749787958237843,-0.045032452593057104,False,False
VLUE,iShares MSCI USA Value Factor ETF,Factor/style ETF,,1,easy_to_borrow,2679,2016-01-04,2026-08-28,0.19878846071881093,34487370.4,0.14727417868745474,-0.3946753246753244,0.08619791556361323,0.6518009629815318,0.3414848799413027,-0.2524208848673758,0.5804404628592759,20.600223964165732,110,0.11124295229149572,1.1502977101929293,1.1958895943644448,-0.09302108891633576,0.45091452034341173,12.322508398656215,65,-0.018114337597836316,-0.11920571868713534,-0.05923318338004284,-0.3058140144454822,0.13699141470698023,8.277715565509519,46,-0.025045036727882497,-0.4984967472113975,-0.854404714423142,-0.15939979595104004,False,False
VMC,Vulcan Materials Company(Holding Company),Individual equity,,1,easy_to_borrow,2679,2016-01-04,2026-08-28,0.3016924595911769,151438821.17000002,0.11741743190096376,-0.492302309307208,0.1516639371122055,0.8426667481116521,0.5809137854510119,-0.26107822005714,0.5345278088839119,16.179171332586787,87,0.107062245261756,0.7977122139400521,0.5453371922060171,-0.19632302141114577,0.3430384471817842,9.03023516237402,48,0.02769213865399589,0.27562606437467474,0.12125071219965498,-0.22838743089935176,0.19932810750279956,8.089585666293393,44,0.04460169185044949,0.0449545341716,0.03557659324499485,-0.06475519864599422,True,False
VMRK,Vivmark Residential,Individual equity,,1,easy_to_borrow,2679,2016-01-04,2026-08-28,0.24789986557952182,108317083.2,0.03251863437251701,-0.45900920648838295,-0.003657058715157091,0.06571080466221542,-0.01019586558895846,-0.35868055372537244,0.5755879059350504,18.43673012318029,98,0.028488853675888492,0.31347134059760995,0.17557779244430474,-0.16225772792379467,0.3628219484882419,9.782754759238522,52,-0.006182734435599357,0.02395175296775795,-0.018645449825989913,-0.3315948123161522,0.22396416573348266,8.465845464725643,45,-0.032145912391045584,-0.24776053593539454,-0.1857736580332632,-0.19642282580157777,False,False
VNQ,Vanguard Real Estate ETF,Thematic/industry ETF,,1,easy_to_borrow,2679,2016-01-04,2026-08-28,0.1975693081808091,318805279.32,0.06074273647125139,-0.4243319630010277,0.07151366947214899,0.5601355014451872,0.39633992965867165,-0.18043518737498043,0.5655095184770437,17.4020156774916,95,0.05418595752089206,0.6422090198857653,0.4363880265121811,-0.12416921232686373,0.391190742814483,9.03023516237402,50,0.017049947485581196,0.2063754934125398,0.07091139805027218,-0.24044015425409815,0.18999626726390445,8.748040313549831,47,0.01732771195125693,-0.08207351844057809,-0.04004809685350946,-0.0562659750481167,True,False
VRSK,"Verisk Analytics, Inc. Common Stock",Individual equity,,1,easy_to_borrow,2679,2016-01-04,2026-08-28,0.24196051024356388,148260057.66,0.09711727776368573,-0.5081137178438897,0.2109436677876102,1.199038693330074,1.2766575172080505,-0.1652312111465316,0.5905188503172826,15.426651735722285,84,0.14558885616511885,1.3591884061891164,1.2130407050353023,-0.12001976154698113,0.406494960806271,9.03023516237402,50,0.054275456175735926,0.4465275792133488,0.3044095437204624,-0.17829748539545387,0.20007465472191116,7.337066069428891,39,0.06535481162249135,-0.16014971285904234,0.06361681217274828,-0.04521144959955048,True,True
VRSN,"VeriSign, Inc. Common Stock",Individual equity,,1,easy_to_borrow,2679,2016-01-04,2026-08-28,0.2630437749756686,120094310.7,0.12628925628164156,-0.38847117794486163,0.10594870732752204,0.6820799529878018,0.5279177365284071,-0.20069169871851988,0.5632698768197089,15.802911534154534,86,0.13399446878319243,1.1405480207473786,1.2521233674344414,-0.10701379134688827,0.3710339678984696,8.842105263157894,48,-0.012934024730072768,-0.0415979740551565,-0.05051133261439549,-0.2560618392076758,0.2108995893990295,7.525195968645017,41,-0.028045761455670393,-0.4584680677595768,-0.7242056309060343,-0.09367790737163162,False,True
VRT,Vertiv Holdings Co Class A Common Stock,Individual equity,,1,easy_to_borrow,2032,2018-07-30,2026-08-28,0.5528009754020311,75023190.84,0.4995804556227521,-0.7123374340949032,0.4403512036853505,1.1254625997939356,1.2851728164071343,-0.3426396808768558,0.546751968503937,14.633858267716535,60,0.41597785945862187,1.4438274142325753,2.51441195355376,-0.16543743314244785,0.37450787401574803,9.673228346456693,40,-0.013223830147423676,0.10065391711030461,-0.026264904134690403,-0.5034790943690437,0.18011811023622049,5.704724409448819,23,0.024373344226728655,-0.31836481443863973,-1.2292391371466256,-0.17720224773440796,False,False
VRTX,Vertex Pharmaceuticals Incorporated Common Stock,Individual equity,,1,easy_to_borrow,2679,2016-01-04,2026-08-28,0.33537675092438524,375652829.71999997,0.14974059192225653,-0.4166059133252332,-0.031688821241548926,-0.06317002953417904,-0.06004985513075705,-0.5277085377233186,0.561030235162374,17.02575587905935,91,0.08673075579547196,0.6290212697855183,0.4705438561554735,-0.18432023850889478,0.3643150429264651,9.876819708846584,53,-0.10925725751003046,-0.7727726518731016,-0.15207373038031025,-0.7184492498263628,0.21836506159014557,7.525195968645017,41,-0.11841957703702088,-0.6921912993196974,-0.5305937112862306,-0.3433882992144238,False,False
VST,Vistra Corp.,Individual equity,,1,easy_to_borrow,2339,2017-05-10,2026-08-28,0.4295065251298101,103528588.8,0.28976885758580395,-0.5333333333333332,0.23584104086322077,0.8873236595524624,0.6074495304588877,-0.3882479597688693,0.55622060709705,15.622060709705002,73,0.294582895078892,1.3196576456328806,1.038196039692806,-0.28374496127538373,0.3539974348011971,7.757161179991449,37,-0.046439178394045655,-0.1556859471053713,-0.09013507637709134,-0.5152176074024896,0.2099187687045746,8.295852928601967,39,-0.05874185421567124,-0.4323339860804182,-0.43074650923391833,-0.10450299849348554,False,True
VTI,Vanguard Morningstar Total Stock Market ETF,Broad index ETF,,1,easy_to_borrow,2679,2016-01-04,2026-08-28,0.18161806853007417,598637351.04,0.14903082720984728,-0.3499680918953413,0.14450759672580027,1.1040014016324196,1.2510716801689286,-0.11550704809039225,0.6263531168346398,17.590145576707727,96,0.1461989096763867,1.7213100612212502,2.199595574489034,-0.0664662683322359,0.5337812616648003,10.629339305711087,56,-0.008332084642595716,-0.031213933891442423,-0.04444461751760071,-0.18747117441827665,0.09779768570362075,7.713325867861142,45,-0.0016913129505864433,-0.6173086595888306,-0.9485238943201055,-0.04904077975815635,False,False
VTR,"Ventas, Inc.",Individual equity,,1,easy_to_borrow,2679,2016-01-04,2026-08-28,0.343176152084433,106258836.5,0.0910079312876313,-0.769297484822203,0.2451824007260095,0.9916886181025532,0.8035319101096116,-0.3051308823473652,0.5890257558790594,16.743561030235163,89,0.15424150647600698,1.064797527876326,0.8343952530544639,-0.18485424732628375,0.3870847331093692,9.03023516237402,48,0.08128439223564543,0.4752698175347945,0.21604445411966325,-0.37623919839489806,0.20977976857036207,7.901455767077267,42,0.09094089425000251,-0.07310890977377282,-0.03086334294485238,-0.12027663502108144,True,True
VTRS,Viatris Inc. Common Stock,Individual equity,,1,easy_to_borrow,1454,2020-11-12,2026-08-28,0.337726576347439,94235481.293,0.04883633021924849,-0.5434201736806957,0.14893978078658554,0.7806614825267331,0.5279481483213914,-0.28211062253014596,0.5639614855570839,16.464924346629985,47,0.10278974336541014,0.7588136669638752,0.4704063013769606,-0.21851268374706456,0.2640990371389271,9.012379642365888,26,0.05219588819334797,0.41251178052919407,0.2253537451875871,-0.23161757595774368,0.3074277854195323,8.145804676753782,23,0.046150037421175405,0.021847815562857864,0.05754184694443076,-0.0635979387830814,True,True
VTV,Vanguard Morningstar Value ETF,Factor/style ETF,,1,easy_to_borrow,2679,2016-01-04,2026-08-28,0.16404028687329808,243874464.96,0.129280076844839,-0.36877237109412797,0.1018149840571454,0.8797825147177664,0.6418302768427728,-0.1586322548664788,0.6207540126913027,17.02575587905935,93,0.11775317206336644,1.5326974092183838,1.8125435481048808,-0.06496570644412059,0.5098917506532288,9.312430011198208,49,-0.009577464156545257,-0.05571170116866267,-0.03702886304032641,-0.25864861543588,0.12392683837252706,8.277715565509519,48,-0.015938188006221043,-0.6529148945006175,-1.170713271262108,-0.09366654842235822,False,False
VUG,Vanguard Morningstar Growth ETF,Factor/style ETF,,1,easy_to_borrow,2679,2016-01-04,2026-08-28,0.21117844985494727,33683399.059999995,0.17481305600879748,-0.35615661055419034,0.20638682958065124,1.3325358153556208,1.5740678587194885,-0.13111685651757599,0.5983575961179545,16.085106382978722,87,0.19593044627240763,1.9752804623942286,2.279624575509895,-0.0859485585377947,0.48413587159387833,9.124300111982082,48,0.010212054845252005,0.14505900910027592,0.06909203775908203,-0.1478036424524134,0.11571481896229936,7.148936170212766,41,0.01045638330824361,-0.6427446470386078,-0.7055567167904064,-0.04516829797978128,True,True
VWO,Vanguard FTSE Emerging Markets ETF,Broad index ETF,,1,easy_to_borrow,2679,2016-01-04,2026-08-28,0.19243888827754044,411987607.8,0.09277862316828323,-0.3650714106740164,0.09082987636531903,0.723916781386678,0.49182758234822105,-0.18467828894762994,0.5531914893617021,20.600223964165732,113,0.11194565499807596,1.1691535867568412,1.253719940940648,-0.08929079879999735,0.3885778275475924,11.005599104143336,58,-0.015043528923009752,-0.11587845751013183,-0.06592129060090686,-0.22820440537313758,0.17469204927211646,9.782754759238522,56,-0.021115778632756932,-0.4452368053701632,-0.7618923585924271,-0.09538749014763259,False,True
VXX,iPath Series B S&P 500 VIX Short-Term Futures ETN,Thematic/industry ETF,,0,hard_to_borrow,2165,2018-01-18,2026-08-28,0.7330633199990061,1065330921.5999999,-0.4114468305423642,-0.9961427645935624,0.293434488056292,0.8432528988888709,0.9500079838848899,-0.30887581266037734,0.5842956120092379,17.57598152424942,83,-0.10717542557888182,-0.30476153642883713,-0.15289001028095672,-0.7009969152460127,0.08545034642032333,7.91501154734411,42,0.4510129276556196,1.3316266014788452,1.6725928417363125,-0.2696489644111024,0.5103926096997691,10.592147806004618,46,0.40060991363517384,1.148014435317708,1.1028979941658466,0.3921211025856354,True,True
VZ,Verizon Communications,Individual equity,,1,easy_to_borrow,2679,2016-01-04,2026-08-28,0.2040854115290341,624460065.39,0.06398966393282235,-0.4121699196326062,0.08642522925538154,0.7368279003141588,0.5873324322614247,-0.14714874321279303,0.5046659201194476,16.837625979843224,90,0.06256331110493618,0.7726320662272709,0.4873908794173709,-0.12836372970237897,0.2698768197088466,8.371780515117582,45,0.022133042210392695,0.28166339257471334,0.12349794687706053,-0.17921789608717664,0.24412094064949608,9.03023516237402,48,0.02386191815044536,-0.035804165913112085,0.09994155284405382,-0.01878501351041406,True,False
WAB,Wabtec Inc.,Individual equity,,1,easy_to_borrow,2679,2016-01-04,2026-08-28,0.3134841920048785,95488825.5,0.1502746359917153,-0.6408237986270024,0.09238586429465778,0.5573192457269357,0.20750223787095634,-0.4452282791866161,0.5699888017917133,17.966405375139978,97,0.1014333086349255,0.7881540548459471,0.4452956104621061,-0.22778870092535375,0.3986562150055991,10.817469204927212,58,-0.0008417560157708559,0.06483358239428635,-0.002106765134130382,-0.3995490537289107,0.19186263531168346,7.525195968645017,41,-0.009047444340267718,-0.23083480911901144,-0.23779337259114974,-0.21743957826126237,False,False
WAT,Waters Corp,Individual equity,,1,easy_to_borrow,2679,2016-01-04,2026-08-28,0.3037593389251728,120756204.8,0.11500861273496787,-0.4426654108782666,0.13144667928516518,0.7310242174560666,0.5463528455027004,-0.24058935606754428,0.5416200074654722,16.461366181410973,87,0.12790824957195346,0.9127458738659262,0.597482038103503,-0.21407881980511634,0.3676745054124673,9.500559910414333,50,-0.002265186361320337,0.05037532650080199,-0.009361406599106083,-0.24197072708460698,0.1862635311683464,7.525195968645017,40,0.0035384297132117215,-0.1817216564098596,-0.05112919260080262,-0.02651053626242794,True,True
WBD,"Warner Bros. Discovery, Inc. Series A Common Stock",Individual equity,,1,easy_to_borrow,1105,2022-04-04,2026-08-28,0.5279982598871181,326627408.25,0.02789788534673332,-0.7419230769230769,0.1435544079811344,0.5912360295281761,0.4693057124375108,-0.30588676885165555,0.5230769230769231,17.104072398190045,37,0.2501658002889038,1.1780857635412179,1.2506653694783414,-0.20002616718591093,0.22171945701357465,7.981900452488687,17,-0.029277395185457133,-0.009012247473256742,-0.10612563783786028,-0.2758748572158163,0.31312217194570136,9.578280542986425,21,-0.10661139230776939,-0.5868497340130417,-0.7813596570408305,-0.10586060166574462,True,True
WDAY,"Workday, Inc. Class A Common Stock",Individual equity,,1,easy_to_borrow,2679,2016-01-04,2026-08-28,0.40463237442750677,359180151.36,0.09533075743507968,-0.6338009830409178,0.18196078503936386,0.7667040997056372,0.5065213326850598,-0.3592361728869211,0.5625233296005973,17.684210526315788,96,0.1798584203535325,1.0089457808325908,0.8190590845427066,-0.21959150902275903,0.3228816722657708,9.594624860022396,52,0.014114086093421241,0.1690761440620194,0.030307340142049128,-0.46569860724396006,0.2530795072788354,8.465845464725643,46,0.0021023646858313594,-0.24224168112695355,-0.31253775185764676,-0.13964466386416208,True,True
WDC,Western Digital Corporation Common Stock,Individual equity,,1,easy_to_borrow,2679,2016-01-04,2026-08-28,0.5052472606635777,184733865.0,0.27284093754907146,-0.7049229839927511,0.3613918699097345,1.1362850003319294,1.3697765255507042,-0.26383272246868206,0.5065322881672266,17.496080627099662,93,0.2576456359201904,1.1004613122222875,1.215294090182045,-0.212002706177561,0.3150429264650989,10.72340425531915,57,0.08126461737524937,0.46803639941886055,0.21633963030958434,-0.375634446906278,0.19895483389324375,6.96080627099664,37,0.10374623398954408,0.03582368810964187,0.15448243536865913,-0.05183001629112105,True,False
WEC,"WEC Energy Group, Inc.",Individual equity,,1,easy_to_borrow,2679,2016-01-04,2026-08-28,0.21363310979162553,116647676.88000001,0.10656046584661838,-0.3230114643659141,0.016572741912275646,0.18847514177250851,0.05632688113506,-0.29422438413619423,0.6065696155281821,18.248600223964164,98,0.058876183183728115,0.6432245202837619,0.37195706750538104,-0.1582875775922079,0.3755132512131392,9.970884658454647,53,-0.037632897441529645,-0.3267681902973076,-0.1008190189690754,-0.37327180750561484,0.24486748786860768,9.03023516237402,48,-0.04230344127145247,-0.45474937851125335,-0.31563018637032103,-0.13593680654398632,False,False
WELL,Welltower Inc.,Individual equity,,1,easy_to_borrow,2679,2016-01-04,2026-08-28,0.31693053207267174,164617067.88000003,0.16675626529030252,-0.6332363059010322,0.11558061522297036,0.6799257931770488,0.3043967005670814,-0.37970390285981204,0.5561776782381486,17.11982082866741,92,0.11450710374239303,0.8837091003646839,0.5386623574049022,-0.21257676941461168,0.3684210526315789,9.782754759238522,53,0.0019768801229205213,0.08146648192815273,0.0052064053536047036,-0.3797015385196256,0.20903322135125046,7.901455767077267,42,0.0010735114805773271,-0.20378330718763504,-0.2342656568378208,-0.16712713344520036,False,False
WFC,Wells Fargo & Co.,Individual equity,,1,easy_to_borrow,2679,2016-01-04,2026-08-28,0.31302260814745914,923200050.72,0.07738396913570056,-0.6445771527644009,0.15758963407234083,0.7530540250326887,0.5037453051804295,-0.3128359360409245,0.59163867114595,18.248600223964164,98,0.11522344006409901,0.8298283254005344,0.6440011308110226,-0.17891807102728596,0.3572228443449048,10.159014557670773,55,0.04101624249634739,0.3097162898000975,0.11291001202282289,-0.3632648846769818,0.25009331840238896,8.277715565509519,44,0.04236619400824182,-0.07677430036784572,-0.14025582563059313,-0.13391786501363856,True,True
WM,"Waste Management, Inc.",Individual equity,,1,easy_to_borrow,2679,2016-01-04,2026-08-28,0.19472538754479282,217711150.85999998,0.1653179849109927,-0.3006253853606974,0.10626342022072754,0.9470846417057764,0.7186916030699567,-0.14785677162055832,0.5796939156401643,15.896976483762597,86,0.14032264807557038,1.5351611949568926,1.5323128269911903,-0.09157571848504609,0.40388204553938034,9.218365061590145,49,-0.03356627822361036,-0.4205223942692712,-0.09502594754748515,-0.3532327652595839,0.19970138111235536,7.6192609182530795,42,-0.03405922785484283,-0.5880765532511162,-0.8136212239212336,-0.05628105313551224,False,False
WMB,Williams Companies Inc.,Individual equity,,1,easy_to_borrow,2679,2016-01-04,2026-08-28,0.378930377456875,185597289.43,0.16327432670674846,-0.6808914177335229,0.1758930581572542,0.8470196558886873,0.5081246896310756,-0.3461612115029512,0.5580440462859276,16.179171332586787,87,0.1805841466394642,1.1157693655277527,1.0087387694466388,-0.17901973445367503,0.3747667039940276,9.218365061590145,49,-0.016860683340499505,-0.033832265693185676,-0.03208248106861798,-0.5255417529722184,0.2127659574468085,7.901455767077267,43,-0.004691088482210004,-0.2687497096390654,-0.5006140798155632,-0.16714147704927618,True,True
WMT,Walmart Inc. Common Stock,Individual equity,,1,easy_to_borrow,2679,2016-01-04,2026-08-28,0.22105831545871685,307549756.02,0.18495853057994815,-0.25743162901308025,0.11969828841459296,0.8756997081281025,0.6244573615567414,-0.19168368536194536,0.555431131019037,16.461366181410973,88,0.13646122059197419,1.272522970402508,1.0382812985217624,-0.13142991286297734,0.3960432997387085,9.970884658454647,53,-0.012310966076385155,-0.08362656188671898,-0.039098556627494147,-0.31487009082396844,0.1687196715192236,7.054871220604703,38,-0.01676293217738123,-0.39682326227440556,-0.41382393696502107,-0.06025377249896802,False,False
WRB,W.R. Berkley Corporation,Individual equity,,1,easy_to_borrow,2679,2016-01-04,2026-08-28,0.24249224743526046,25497053.74,0.17396221459432604,-0.45357142857142874,0.0340883226606945,0.2837236347634347,0.09576587614042524,-0.35595479344552194,0.5349010824934677,18.71892497200448,100,0.06849117981589314,0.6360631984531597,0.46880311129886565,-0.146097963441692,0.393057110862262,12.040313549832026,64,-0.03498678252495757,-0.22786112210519713,-0.07730379512843882,-0.45258816163977045,0.15677491601343785,7.431131019036954,41,-0.03440285715519864,-0.352339563689725,-0.3730372351584404,-0.20985683000382993,False,False
WSM,"Williams-Sonoma, Inc.",Individual equity,,1,easy_to_borrow,2679,2016-01-04,2026-08-28,0.43721797989009453,58769520.24999999,0.24786289614119417,-0.5970193740685547,0.20913175264164963,0.7959355728446316,0.6369869357096317,-0.3283140374121921,0.543859649122807,16.931690929451285,93,0.18241833531574314,0.9116760621547721,0.9645653462088357,-0.18911972738055238,0.324374766703994,9.782754759238522,54,0.04778035588188789,0.3238288317910344,0.1415514878443242,-0.33754753559662953,0.23814856289660322,7.713325867861142,42,0.026713417325906486,-0.11574048931014058,-0.327578410499204,-0.13919431003163973,False,False
WST,"West Pharmaceutical Services, Inc.",Individual equity,,1,easy_to_borrow,2679,2016-01-04,2026-08-28,0.34056461975506447,109260160.7,0.18558667713777566,-0.5929220653645331,0.19379960902687032,0.9822940991209957,0.5629688054609036,-0.3442457328842692,0.5203434117207913,15.802911534154534,86,0.22065866464280193,1.4259241210357705,1.4228903021191337,-0.15507777677180834,0.3602090332213512,9.03023516237402,49,-0.039238182218184536,-0.21772540495608744,-0.09629947854918296,-0.40745996561284026,0.1769316909294513,8.277715565509519,45,-0.026859055615931604,-0.44363002191477474,-0.8599214966582301,-0.18916795611246084,True,True
WTW,Willis Towers Watson Public Limited Company Ordinary Shares,Individual equity,,1,easy_to_borrow,2678,2016-01-05,2026-08-28,0.24690266121652923,129698415.99000001,0.1175939528780352,-0.32942017149857095,0.02082873349957337,0.20931468321516333,0.0788237469678584,-0.2642443971620203,0.5246452576549664,17.408513816280806,92,0.06002666877749152,0.5498058909087562,0.42685087796473636,-0.14062679000147338,0.388722927557879,10.633308439133682,56,-0.03231595127734821,-0.2210425077636267,-0.0982874221837225,-0.3287903025571475,0.1755041075429425,7.716206123973115,41,-0.03919793527791815,-0.34049120769359287,-0.348027130996878,-0.12361760716054693,False,False
WY,Weyerhaeuser Company,Individual equity,,1,easy_to_borrow,2679,2016-01-04,2026-08-28,0.31267680719544855,104858024.60000001,0.016572373705287413,-0.6169455322178721,0.12619373360538733,0.6479896487877475,0.42928110107871337,-0.2939652672532824,0.5770810003732736,18.43673012318029,98,0.06972804148677736,0.6146734114580874,0.2869844482783878,-0.24296801413830627,0.3202687569988802,9.970884658454647,53,0.05709819742904587,0.3932143611747116,0.14860552406168773,-0.38422661465359664,0.2597984322508399,8.465845464725643,45,0.05646569211860997,0.03331623732966005,0.14229665280032555,-0.05099725311497616,True,True
WYNN,"Wynn Resorts, Limited Common stock",Individual equity,,1,easy_to_borrow,2679,2016-01-04,2026-08-28,0.47111984292609665,231619141.29,0.044278618966148375,-0.7740214491806845,0.2171734570858448,0.7694806787059832,0.39595694507127066,-0.5484774538978081,0.5255692422545726,17.966405375139978,95,0.14704916874711982,0.7666448426530904,0.4131485168532318,-0.35592326427098864,0.2933930571108623,9.782754759238522,52,0.0740819264449406,0.4095406844283478,0.16303324355838633,-0.45439767269556897,0.24113475177304963,8.559910414333705,45,0.07012428833872497,0.0028358360528928372,-0.017191571781961124,-0.19255418962681947,True,True
XBI,State Street SPDR S&P Biotech ETF,Thematic/industry ETF,,1,easy_to_borrow,2679,2016-01-04,2026-08-28,0.32385291152643075,626851308.6,0.08712632053899316,-0.6389354932021978,0.08579341382610872,0.46192899987957203,0.2770571378883541,-0.30965964089573805,0.593505039193729,17.02575587905935,91,0.12111145086100605,0.765151345056863,0.5106338165407147,-0.2371786727355324,0.3654348637551325,9.124300111982082,48,-0.022367066182498507,-0.03873214249248296,-0.0614228528413393,-0.36414893069644017,0.24188129899216126,8.277715565509519,45,-0.03531803703489733,-0.30322234517729096,-0.2335766786523606,-0.07248096816020566,False,True
XE,"X-Energy, Inc. Class A Common Stock",Individual equity,,0,hard_to_borrow,259,2016-12-30,2026-08-28,2.080290176618547,58807533.42,0.1467009181667338,-0.6156197887715398,0.3753939172535463,0.9178888880994845,1.471820133453304,-0.25505420718275307,0.47104247104247104,13.621621621621623,8,0.010286884771124827,0.1559138972368886,0.06012581858119535,-0.17108930928288602,0.04633204633204633,3.891891891891892,3,0.39282027853733537,1.0153449598294966,1.5961397420708487,-0.24610644555951355,0.4362934362934363,11.675675675675677,6,0.3651070324824215,0.7619749908625959,1.4116943148721088,-0.08396489789986705,True,False
XEL,Xcel Energy Inc. Common Stock,Individual equity,,1,easy_to_borrow,2679,2016-01-04,2026-08-28,0.21433963507385104,166939501.23000002,0.10847452170774807,-0.34415004465614873,0.0657784384763409,0.535465292443031,0.24737673081978112,-0.2659039039701022,0.572601717058604,15.99104143337066,87,0.0591438491500329,0.6383403187969668,0.34149108295551345,-0.17319295320439643,0.3743934303844718,9.40649496080627,51,0.010156932194774537,0.1529630217189377,0.040761018564962566,-0.24918249230173195,0.2045539380365808,6.7726763717805145,37,0.006634589326308005,-0.10287502635393586,-0.09411435213573233,-0.09271095076570579,False,False
XHB,State Street SPDR S&P Homebuilders ETF,Thematic/industry ETF,,1,easy_to_borrow,2679,2016-01-04,2026-08-28,0.2726564372313923,138757559.49,0.12212089353195088,-0.4956055734190782,0.14793629506677197,0.8025456787272504,0.7288298926899971,-0.2029778094319955,0.5520716685330347,18.248600223964164,97,0.11827642201290933,0.9353131646774331,0.6408933077740093,-0.1845493166775518,0.3826054497946995,10.911534154535273,58,0.01660648376462892,0.18421042549565744,0.042804951243966265,-0.3879570769741211,0.18402388951101156,8.277715565509519,44,0.02965987305386264,-0.13276748595018273,0.08793658491598777,-0.018428492754443693,True,False
XLB,State Street Materials Select Sector SPDR ETF,Sector ETF,Sector SPDRs,1,easy_to_borrow,2679,2016-01-04,2026-08-28,0.2069883413656756,185313460.41,0.11075111047724051,-0.3727810650887562,0.09248654700495496,0.6622225285066503,0.5480351778494572,-0.1687602379246549,0.5722284434490481,17.966405375139978,97,0.08294515189047047,0.8641785110900009,0.5781605734449206,-0.14346386747932127,0.39343038447181783,10.253079507278835,55,0.0024389418605079705,0.07813541260623197,0.009337414093010562,-0.2612009959302992,0.18439716312056736,8.277715565509519,45,0.009541395114484486,-0.20195598258335057,-0.030125395595463345,-0.025296370445333616,False,False
XLC,State Street Communication Services Select Sector SPDR ETF,Sector ETF,Sector SPDRs,1,easy_to_borrow,2060,2018-06-19,2026-08-28,0.22191630251693284,310755446.64,0.11558141600516847,-0.4666014191338397,0.08658340220778338,0.5765745856121353,0.43905478306448315,-0.19720409741001965,0.5951456310679611,19.08349514563107,78,0.09903190989632082,0.9863591695581068,0.45988265045993654,-0.21534169596804165,0.4179611650485437,10.275728155339806,42,-0.01123629468486853,-0.016308951146275213,-0.05080599179157718,-0.22116081762488748,0.18155339805825244,9.052427184466021,37,-0.012448507688537447,-0.4097845839459715,-0.020827867395453392,0.018137598558021994,False,False
XLE,State Street Energy Select Sector SPDR ETF,Sector ETF,Sector SPDRs,1,easy_to_borrow,2679,2016-01-04,2026-08-28,0.29172821312517816,537786595.2,0.11369888354618674,-0.6681489515545921,0.1396439228737607,0.7246261359679979,0.5327357026958525,-0.2621260827218965,0.5539380365808138,18.530795072788354,100,0.1341796290892967,0.9779404712479084,0.7540140275029867,-0.17795375708546113,0.3471444568868981,9.876819708846584,52,0.002011787721672764,0.0917590651625406,0.0051835798828814205,-0.3881077878854763,0.21948488241881298,9.218365061590145,51,0.005464293784464003,-0.25331433527991054,-0.22127832480713427,-0.0841723256364354,True,True
XLF,State Street Financial Select Sector SPDR ETF,Sector ETF,Sector SPDRs,1,easy_to_borrow,2679,2016-01-04,2026-08-28,0.22418514795909653,1459870839.63,0.11031651560894074,-0.42851972493666335,0.10148175153941508,0.6826546919334904,0.310734675616968,-0.3265865045087796,0.6297125793206421,17.213885778275476,93,0.11156139852374025,1.117716207440724,0.8895963284612594,-0.1254067659167487,0.45091452034341173,9.500559910414333,50,0.00195393337636407,0.07872138054499388,0.005419315634030459,-0.36054983845089095,0.18962299365434865,7.713325867861142,43,-0.010079646984325175,-0.4350615155072337,-0.5788616528442914,-0.20117973859203087,False,True
XLI,State Street Industrial Select Sector SPDR ETF,Sector ETF,Sector SPDRs,1,easy_to_borrow,2679,2016-01-04,2026-08-28,0.19767614844281572,897472907.38,0.14049120354113342,-0.42328179810315747,0.09697858396448722,0.7760099723197107,0.5605614917198234,-0.17300257937260966,0.5767077267637178,17.11982082866741,92,0.12392172999528372,1.2884685712631325,1.300976801047851,-0.09525283609628776,0.4412094064949608,9.40649496080627,50,-0.02707072618532902,-0.2519610607442531,-0.07717781208068528,-0.35075788566055777,0.14818962299365435,8.465845464725643,47,-0.026943146030796505,-0.5124585989434218,-0.7404153093280277,-0.07774974327632189,False,False
XLK,State Street Technology Select Sector SPDR ETF,Sector ETF,Sector SPDRs,1,easy_to_borrow,2679,2016-01-04,2026-08-28,0.24644511492869575,482283860.04,0.23959087128478118,-0.3355586788475039,0.18538838231671462,1.0528551130464534,0.9801871342417727,-0.18913570260246526,0.589772303098171,18.81298992161254,102,0.20369671365009867,1.7507170727798407,2.1421121230292006,-0.09509152740429261,0.46248600223964165,11.758118701007838,62,-0.011827316575447555,-0.014923464673731653,-0.036673358592880144,-0.32250432000912344,0.13885778275475924,7.148936170212766,41,-0.018308331333384054,-0.6978619597333873,-1.161924988787428,-0.09404417519817265,False,False
XLP,State Street Consumer Staples Select Sector SPDR ETF,Sector ETF,Sector SPDRs,1,easy_to_borrow,2679,2016-01-04,2026-08-28,0.15002719416389715,691969303.56,0.07949978654427059,-0.24518966465090708,0.035989835594542496,0.40994148148186166,0.21194099829106633,-0.16981063543503905,0.5901455767077267,15.99104143337066,90,0.07183799473646801,1.0767737611233787,1.1277203367308943,-0.06370195907321885,0.42851810377006344,7.901455767077267,43,-0.024487955283890805,-0.2967037582799077,-0.07836921184279344,-0.3124690769254257,0.18141097424412095,7.901455767077267,46,-0.03584815914192552,-0.6668322796415171,-0.9157793384398281,-0.1061086763618202,False,False
XLRE,State Street Real Estate Select Sector SPDR ETF,Sector ETF,Sector SPDRs,1,easy_to_borrow,2679,2016-01-04,2026-08-28,0.19849485826903232,150731681.42000002,0.07091702460208604,-0.38837829825081516,0.06791462689979744,0.5346440987176518,0.22479235829252653,-0.30212159975393316,0.5561776782381486,17.02575587905935,90,0.06175346351311428,0.6847447460548184,0.5867826258743066,-0.10524078387818925,0.38559163867114593,8.842105263157894,47,0.006522214193303455,0.11398904025530643,0.022173294496935114,-0.29414727677048547,0.18365061590145576,8.559910414333705,45,0.006161163386683155,-0.15010064733716655,-0.3619902675817801,-0.1968808158757439,False,False
XLU,State Street Utilities Select Sector SPDR ETF,Sector ETF,Sector SPDRs,1,easy_to_borrow,2679,2016-01-04,2026-08-28,0.18775079961120897,374380031.59999996,0.09935365197925106,-0.3606613847743716,0.038810270120084533,0.34984659793213385,0.13018915411816345,-0.29810678457023543,0.5983575961179545,17.213885778275476,93,0.05361336324592325,0.6322969654998944,0.357167286598766,-0.15010714938781988,0.404628592758492,10.159014557670773,54,-0.021016301410708538,-0.15063790631233548,-0.06668805792449396,-0.31514340145433184,0.21687196715192236,7.99552071668533,44,-0.014803093125838718,-0.2824503675677606,-0.22697813248060256,-0.14799963518241555,False,False
XLV,State Street Health Care Select Sector SPDR ETF,Sector ETF,Sector SPDRs,1,easy_to_borrow,2679,2016-01-04,2026-08-28,0.1655707842982531,951973001.4799999,0.1043412072311114,-0.2840619694397277,0.06993239431506115,0.6629376250860103,0.3997206149439798,-0.17495318405047,0.5513251213139231,17.02575587905935,92,0.08608873901621283,1.107697374207499,0.8438239474844983,-0.1020221567222046,0.3908174692049272,9.500559910414333,50,-0.021309630445698002,-0.21896554993245135,-0.07964626031586257,-0.26755343391124564,0.17469204927211646,8.089585666293393,45,-0.01615634470115168,-0.44475974912148863,-0.4441033325405185,-0.0729310273282654,False,False
XLY,State Street Consumer Discretionary Select Sector SPDR ETF,Sector ETF,Sector SPDRs,1,easy_to_borrow,2679,2016-01-04,2026-08-28,0.2171720651493783,316053789.0,0.12195134671890284,-0.396751968503937,0.15303037781095896,0.9943250148636127,0.8500268249441292,-0.18003005707616038,0.5767077267637178,17.213885778275476,93,0.15447830239600258,1.5360566460464,1.6174130982911328,-0.0955094913966108,0.43449048152295633,8.936170212765957,47,-0.0051049590213555485,0.019905254767391134,-0.020323527997256036,-0.25118468712936015,0.14968271743187755,8.653975363941768,48,-0.001447924585043614,-0.5417316311827873,-0.7673862733470036,-0.08452056567954958,True,True
XME,State Street SPDR S&P Metals & Mining ETF,Thematic/industry ETF,,1,easy_to_borrow,2679,2016-01-04,2026-08-28,0.3362021083664012,117708937.5,0.22962050336153128,-0.6168038603462966,0.2812518560483317,1.1189504652178532,1.0226306381922818,-0.2750278013824272,0.6047032474804032,18.34266517357223,97,0.2548787644267283,1.2781717709131089,1.5936489403008538,-0.1599340720413691,0.389324374766704,10.06494960806271,53,0.03296375380427152,0.28046987229769604,0.16419752409719748,-0.20075670437489956,0.22321761851437102,8.653975363941768,46,0.026373091621603395,-0.1592213056952556,-0.571018302108572,-0.1150937293410581,True,True
XOM,ExxonMobil Holdings Corporation,Individual equity,,1,easy_to_borrow,2679,2016-01-04,2026-08-28,0.27773614433935606,1184176244.86,0.11556133249872036,-0.6134247917687415,0.15077602990886207,0.81685947676123,0.5819431004146525,-0.25909067364391725,0.5524449421425905,18.624860022396415,100,0.1290903783077344,0.9464824499276884,0.6978018181072843,-0.18499576091372016,0.3419186263531168,10.347144456886898,55,0.028915273306247657,0.27285154244519405,0.07930244081741984,-0.3646202185985684,0.22545726017170586,8.465845464725643,46,0.021685651601127676,-0.12962297316645832,-0.11585871769263179,-0.07409491273019708,True,True
XOP,State Street SPDR S&P Oil & Gas Exploration & Production ETF,Thematic/industry ETF,,1,easy_to_borrow,2679,2016-01-04,2026-08-28,0.402411374973274,784933769.9399999,0.060039879050292955,-0.8261101836393987,0.22838267460711026,0.8146327681721566,0.7407933345569672,-0.3082947212851138,0.572601717058604,17.590145576707727,94,0.17783024444941486,0.9178443226759977,0.7267998658124243,-0.24467567044833505,0.3232549458753266,9.312430011198208,49,0.048806808709287886,0.313831393510562,0.13907731011678545,-0.35093293556155225,0.2736095558044046,8.465845464725643,46,0.050552430157695394,-0.10321155450384112,0.01399346874454288,-0.06361905083677877,True,True
XRT,State Street SPDR S&P Retail ETF,Thematic/industry ETF,,0,hard_to_borrow,2679,2016-01-04,2026-08-28,0.2683776642235401,260599417.64999998,0.08394934692817047,-0.47025982392097965,0.1428306057288209,0.7774910499871874,0.6730040745944174,-0.21222844128380214,0.5509518477043673,16.555431131019038,90,0.11598940850449457,0.9320807127705036,0.6904343221162084,-0.16799484728537606,0.3351997013811124,8.653975363941768,47,0.029373246085916183,0.26423288872520206,0.1297416528564244,-0.2263979642561006,0.22321761851437102,8.089585666293393,44,0.02684119722432632,-0.1545896627833162,-0.01743024752179101,-0.04423359399842608,True,True
XYL,Xylem Inc,Individual equity,,1,easy_to_borrow,2679,2016-01-04,2026-08-28,0.269795363049933,95996369.94,0.12587684884783923,-0.46693386773547185,0.20202591269924364,1.040211789946078,0.781261128943833,-0.25858948463538345,0.6229936543486375,15.520716685330347,85,0.17172840508661324,1.3976203124497457,1.2417775243389688,-0.13829240884193716,0.3844718178424785,9.218365061590145,50,0.028087210468286772,0.2540919027156155,0.10238785891489127,-0.27432168975848925,0.24934677118327733,7.054871220604703,38,0.030297507612630392,-0.3574085225036676,-0.4605163953951358,-0.12029707579344628,True,True
XYZ,"Block, Inc.",Individual equity,,1,easy_to_borrow,2679,2016-01-04,2026-08-28,0.5688658579993765,602810353.88,0.1987906642824353,-0.8608282175934139,0.43032006715467896,1.1184408021022103,1.0214196788098089,-0.421296041266898,0.5576707726763718,17.11982082866741,92,0.41228856145241366,1.4807794053872365,1.094606800481332,-0.3766544856756945,0.3404255319148936,9.40649496080627,50,0.07928728447095357,0.40215028515111173,0.1867446241472566,-0.42457599426493775,0.2374020156774916,7.525195968645017,40,0.018031505702265305,-0.3623386032850262,-0.07318712167152319,-0.04464155559120353,True,True
YUM,"Yum! Brands, Inc.",Individual equity,,1,easy_to_borrow,2679,2016-01-04,2026-08-28,0.24668245575116554,192485706.06,0.09374263203981714,-0.521693625118935,0.10929001021836826,0.6864486602567936,0.3248909444201664,-0.3363898320201518,0.5558044046285927,17.11982082866741,92,0.09387164374072676,0.9379046418513252,0.6113199933956437,-0.1535556578467301,0.3639417693169093,9.218365061590145,50,0.009806333642052412,0.1343315781784714,0.03033610206999871,-0.3232562185947586,0.20492721164613661,8.653975363941768,47,0.015418366477641499,-0.25145598159453153,-0.2864290489754773,-0.18283417417342174,True,True
ZBH,"Zimmer Biomet Holdings, Inc.",Individual equity,,1,easy_to_borrow,2679,2016-01-04,2026-08-28,0.28242547939949975,157661281.4,0.0073418792696517965,-0.5353044496487103,0.13727642138303175,0.7629347138999417,0.3668713566240819,-0.3741813551383171,0.5539380365808138,15.896976483762597,86,0.10094055314456485,0.8079414209975194,0.4765192899610138,-0.21182889186463627,0.3546099290780142,8.748040313549831,47,0.032054621095143565,0.28936250727450297,0.09299288637042193,-0.34469971141081945,0.2209779768570362,8.089585666293393,44,0.036335868238466906,-0.0450067070975777,-0.1096479333369319,-0.1623524632736808,True,True
ZBRA,Zebra Technologies Corporation Class A Common Stock,Individual equity,,1,easy_to_borrow,2679,2016-01-04,2026-08-28,0.4077698600328809,100831734.25,0.1711058189620276,-0.6778293059962581,0.2386507014090289,0.8954950262540493,0.7944734756829391,-0.3003885072486301,0.5893990294886151,18.154535274356103,96,0.18472233272685212,0.984847109226558,0.9981330061698156,-0.1850678532670672,0.3631952220977977,10.629339305711087,56,0.06544732891028415,0.3999308356515204,0.1697314820622175,-0.3855933390500502,0.2560656961552818,8.277715565509519,44,0.053928368682176764,-0.08935208297250874,-0.20365953048687646,-0.11532065398156288,True,True
ZS,"Zscaler, Inc. Common Stock",Individual equity,,1,easy_to_borrow,2125,2018-03-16,2026-08-28,0.5823419611902465,309807244.59000003,0.22621661958346428,-0.7640869895330547,0.35067894009176226,0.9846792674854915,0.616838858692889,-0.5685098063291079,0.5703529411764706,17.551058823529413,76,0.2841996812554879,1.1382784333059188,0.9112064878326807,-0.3118938298293523,0.32188235294117645,10.435764705882354,45,0.04729399474984941,0.3025852972427236,0.1117158029024636,-0.42334202969601953,0.2630588235294118,7.826823529411765,34,0.06647925883627437,-0.15359916582042732,-0.29436762913979164,-0.25661597649975554,True,True
ZTS,ZOETIS INC.,Individual equity,,1,easy_to_borrow,2679,2016-01-04,2026-08-28,0.27156761405026253,280735093.94,0.05670076915066935,-0.6947949189512858,0.06916615000982529,0.4561935354776856,0.23589708653687017,-0.2932047657952519,0.5195968645016797,18.43673012318029,98,0.08278186461332848,0.8179506861494094,0.4115185606842682,-0.20116192201800032,0.3198954833893244,9.782754759238522,52,-0.012326948006002203,-0.00852339847964603,-0.03010936755484772,-0.40940574336366353,0.21313923105636431,9.03023516237402,48,-0.013615714603503193,-0.36175715067172376,-0.175621474147398,-0.09204284377725158,True,True
