symbol,name,group,watchlist_section,shortable,borrow_status,bars,first_date,last_date,realised_vol,dollar_volume,bh_cagr,bh_max_drawdown,both_cagr,both_sharpe,both_calmar,both_max_drawdown,both_exposure,both_turnover,both_trades,long_cagr,long_sharpe,long_calmar,long_max_drawdown,long_exposure,long_turnover,long_trades,short_cagr,short_sharpe,short_calmar,short_max_drawdown,short_exposure,short_turnover,short_trades,d_cagr,d_sharpe,d_calmar,d_ddred,both_beats_bh,long_beats_bh
A,Agilent Technologies Inc.,Individual equity,,1,easy_to_borrow,2679,2016-01-04,2026-08-28,0.2837435458241946,179805343.60999998,0.1422562716993614,-0.43194821707218434,0.15768816224170434,0.8532454287300402,0.5772429565143063,-0.2731746840081126,0.5475923852183651,17.02575587905935,92,0.14421584522338327,1.0852241501056659,0.6209822657942409,-0.2322382669639207,0.3598357596117954,9.688689809630459,53,0.020229278298232733,0.21090307124309798,0.07052292547736495,-0.2868468396808854,0.19746173945502052,7.525195968645017,40,0.013472317018321078,-0.2319787213756257,-0.043739309279934524,-0.04093641704419193,True,True
AAL,American Airlines Group Inc. Common Stock,Individual equity,,1,easy_to_borrow,2679,2016-01-04,2026-08-28,0.522958815381433,419452447.28,-0.09431279964987593,-0.8413756799438501,0.1065922422199106,0.4669270126882678,0.14009373273676953,-0.7608637455623595,0.5569242254572602,19.001119820828666,102,0.06386662184575642,0.4289804086249671,0.22043325754960394,-0.2897322416577025,0.25830533781261666,9.40649496080627,51,0.03526695318499429,0.27396979108398306,0.04525158380485664,-0.7793529025874505,0.3027248973497574,9.970884658454647,53,0.04272562037415417,0.03794660406330069,-0.0803395248128344,-0.47113150390465697,True,True
AAPL,Apple Inc. Common Stock,Individual equity,Mega-cap 7,1,easy_to_borrow,2679,2016-01-04,2026-08-28,0.2892155193435378,8405431100.64,0.2773505422429434,-0.38507843852608525,0.3023223470539349,1.3934643921379655,1.5910113176228493,-0.19001897956680702,0.6170212765957447,18.06047032474804,98,0.28200570591607166,1.958952661261415,2.9899905152017094,-0.09431658879260596,0.4315042926465099,10.72340425531915,57,0.023192437723950077,0.22381051585836262,0.07462843332957647,-0.31077213722987984,0.19074281448301605,7.525195968645017,42,0.020316641137863245,-0.5654882691234495,-1.3989791975788601,-0.09570239077420106,True,True
ABBV,ABBVIE INC.,Individual equity,,1,easy_to_borrow,2679,2016-01-04,2026-08-28,0.2613319122253416,636551025.66,0.1989244250668376,-0.45093485077226747,0.1642687699562111,0.9964044984251729,0.5116172233271074,-0.3210774822785516,0.5442329227323628,15.802911534154534,84,0.16408145276611297,1.2994937891399114,0.8807741855538483,-0.18629230449452294,0.3762597984322508,10.159014557670773,54,0.006196873354096688,0.11086528302202528,0.02291627122906155,-0.2704136852001493,0.1858902575587906,6.7726763717805145,36,0.0001873171900981241,-0.30308929071473856,-0.369156962226741,-0.13478517778402865,False,False
ABNB,"Airbnb, Inc. Class A Common Stock",Individual equity,,1,easy_to_borrow,1435,2020-12-10,2026-08-28,0.4609127140177901,640254245.98,0.04842555665348236,-0.6195812580704668,0.12570991304214085,0.5302468083677131,0.33173936501573004,-0.3789418028101069,0.5456445993031359,18.08780487804878,51,0.1793406076664672,0.8608936707395236,0.9842141336235833,-0.18221706185643616,0.30313588850174217,8.956097560975609,25,-0.030996879830119117,-0.016489953345505307,-0.07907081912168588,-0.39201414851181104,0.26480836236933797,10.185365853658537,29,-0.05363069462432635,-0.3306468623718105,-0.6524747686078534,-0.19672474095367076,True,True
ABT,Abbott Laboratories,Individual equity,,1,easy_to_borrow,2679,2016-01-04,2026-08-28,0.2404695364127309,484361628.65999997,0.11633145889943308,-0.39636256534864844,0.11040562334460247,0.7328370936979246,0.3995541146621334,-0.2763220782695792,0.576334453154162,17.02575587905935,92,0.11351774885432087,1.0063752431206885,0.6017854105990527,-0.18863493008466026,0.3725270623366928,9.876819708846584,53,-0.004861559413662508,0.01637241563748505,-0.01498200986545498,-0.32449313925978185,0.21537887271369915,7.901455767077267,43,-0.0031121255097183997,-0.2735381494227639,-0.20223129593691924,-0.08768714818491896,False,False
ACGL,Arch Capital Group Ltd. Common Stock,Individual equity,,1,easy_to_borrow,2679,2016-01-04,2026-08-28,0.270671856940495,70172248.3,0.152693762546938,-0.5383104125736737,0.12478689171207957,0.716909297927869,0.3443690751466965,-0.36236381463382583,0.5531914893617021,17.11982082866741,95,0.13339087930997873,1.0903113338069912,0.6374259628220728,-0.20926489834116258,0.375886524822695,9.970884658454647,56,-0.01049532970296485,0.0007686054763434788,-0.02356572642318372,-0.4453641493792295,0.1963419186263531,7.901455767077267,43,-0.008603987597899154,-0.37340203587912224,-0.29305688767537624,-0.15309891629266326,False,False
ACHR,Archer Aviation Inc.,Individual equity,,1,easy_to_borrow,1429,2020-12-18,2026-08-28,0.8239149124138587,24105710.16,-0.09249666980332283,-0.9049008168028008,0.6215313565725085,1.1661254682139561,1.4131261733418619,-0.43982722017147746,0.5255423372988104,15.871238628411476,47,0.32879951298563603,0.9499383389819394,1.227007357948662,-0.2679686563048247,0.16375087473757874,8.81735479356193,27,0.2725243652442322,0.798014793097254,0.6848859051677222,-0.3979120656271843,0.37928621413575925,6.701189643107067,21,0.29273184358687243,0.21618712923201677,0.18611881539319985,-0.17185856386665277,True,True
ACN,Accenture PLC,Individual equity,,1,easy_to_borrow,2679,2016-01-04,2026-08-28,0.27846883421231333,513917656.56,0.07752377380555209,-0.6804839503614091,0.2159914418997606,1.104178548376667,0.9848819665604739,-0.21930693142252622,0.5882792086599478,17.590145576707727,94,0.18210280278785484,1.382414790841395,1.2689095721076364,-0.14351125311899515,0.4176931690929451,10.06494960806271,53,0.041023150600002944,0.3434478462127696,0.19081608741594153,-0.2149879035648632,0.17431877566256065,7.713325867861142,42,0.03388863911190576,-0.278236242464728,-0.28402760554716255,-0.07579567830353107,True,True
ACWI,iShares MSCI ACWI ETF,Broad index ETF,,1,easy_to_borrow,2679,2016-01-04,2026-08-28,0.17041230268161484,224070565.81999996,0.1275473069823838,-0.33515507583003135,0.11328501399621049,0.940801589073944,0.8929884023788929,-0.12686056581969352,0.606942889137738,18.530795072788354,102,0.12409419347020845,1.5805240468081727,2.020593660404349,-0.06141471979347668,0.5020530048525569,11.193729003359461,60,-0.007130102903667779,-0.02645846282155064,-0.03895812457204744,-0.1830196648835516,0.11459499813363196,7.901455767077267,46,-0.010809179473997954,-0.6397224577342288,-1.127605258025456,-0.06544584602621684,False,False
ADBE,Adobe Inc. Common Stock,Individual equity,,1,easy_to_borrow,2679,2016-01-04,2026-08-28,0.3453451733752173,1064382060.46,0.11462460324584556,-0.7190319159754207,0.16540056035549267,0.7957583849053897,0.6031729223671138,-0.27421748261906165,0.5927584919746174,17.966405375139978,96,0.17352133674310188,1.1434968656432187,0.7229956143236312,-0.24000330473018516,0.3814856289660321,10.06494960806271,53,0.009549372749420915,0.1402401956427791,0.02818653424884526,-0.33879201554593863,0.22545726017170586,8.277715565509519,45,-0.008120776387609219,-0.347738480737829,-0.1198226919565174,-0.034214177888876485,True,True
ADI,"Analog Devices, Inc. Common Stock",Individual equity,,1,easy_to_borrow,2679,2016-01-04,2026-08-28,0.3263001666367894,429443630.0,0.21811912589168192,-0.3361518395250519,0.08427553470022175,0.4586064183022016,0.2378356046351323,-0.35434364349908964,0.5322881672265771,18.248600223964164,98,0.17613758040928285,1.0667300466017138,0.9112535546565862,-0.19329151530790112,0.3561030235162374,10.159014557670773,55,-0.0584385528590724,-0.2578437629211073,-0.1108795500291211,-0.5270453644853741,0.19148936170212766,8.089585666293393,43,-0.09186204570906109,-0.6081236282995122,-0.6734179500214539,-0.16105212819118853,False,False
ADM,Archer Daniels Midland Company,Individual equity,,1,easy_to_borrow,2679,2016-01-04,2026-08-28,0.2721229027880657,147012570.57,0.11326723558356555,-0.5413213627992631,0.09037136057431527,0.5978162033391484,0.40595736176915087,-0.2226129369362324,0.46995147443075774,17.684210526315788,97,0.11431214114777388,1.037330684562836,0.6555382839783501,-0.17437904687127193,0.2810750279955207,10.72340425531915,59,-0.016850048148884023,-0.06559805078307358,-0.06266640453617277,-0.2688848717841744,0.2045539380365808,7.148936170212766,39,-0.02394078057345861,-0.43951448122368764,-0.24958092220919925,-0.04823389006496048,False,True
ADP,"Automatic Data Processing, Inc. Common Stock",Individual equity,,1,easy_to_borrow,2679,2016-01-04,2026-08-28,0.24378628514445738,321425677.2,0.1498714890149202,-0.40778785675906337,0.18540192502348618,1.1094622585997507,1.4546609355662576,-0.12745370449596527,0.5703620754012692,15.332586786114222,83,0.18311925161997333,1.6313365356258087,2.2003646843915234,-0.08322222807834789,0.38633818589025753,8.371780515117582,45,0.0066867703959843094,0.11561241494108272,0.0277980931762498,-0.24054780857045865,0.19858156028368795,7.901455767077267,43,0.002282673403512847,-0.521874277026058,-0.7457037488252658,-0.04423147641761738,True,True
ADSK,"Autodesk, Inc. Common Stock",Individual equity,,1,easy_to_borrow,2679,2016-01-04,2026-08-28,0.3665880189683472,310170654.71999997,0.1476135922767956,-0.5199403979314574,0.07897010200156207,0.43320919597108704,0.15435154229530695,-0.5116249622596946,0.52668906308324,18.154535274356103,96,0.168918262648037,0.9956699192030544,0.7329080341914811,-0.23047675119891653,0.36058230683090703,9.688689809630459,51,-0.058847337858932036,-0.24689068669511333,-0.09840871348583093,-0.5979890984694662,0.20119447555057857,8.653975363941768,46,-0.08994816064647493,-0.5624607232319674,-0.5785564918961741,-0.28114821106077803,False,True
AEE,Ameren Corporation,Individual equity,,1,easy_to_borrow,2679,2016-01-04,2026-08-28,0.21620101645790338,98913685.75,0.12150180605936489,-0.2908713692946059,0.06353558632519163,0.5186227158259716,0.315546609217956,-0.20135087644470928,0.5464725643896976,17.02575587905935,93,0.08668446008225383,0.9195441668510557,0.7157404572791659,-0.12111158339683403,0.3609555804404629,9.40649496080627,52,-0.018727796213136028,-0.13810669727112673,-0.0673658442803865,-0.27800135830240913,0.1959686450167973,8.183650615901456,44,-0.023148873757062205,-0.40092145102508403,-0.4001938480612099,-0.08023929304787525,False,False
AEP,"American Electric Power Company, Inc. Common Stock",Individual equity,,1,easy_to_borrow,2679,2016-01-04,2026-08-28,0.20897950408473823,206771930.28,0.1107294305135591,-0.3289855072463769,0.08284615828209896,0.6584624144436543,0.4866291252808978,-0.17024496475478634,0.6095558044046286,17.213885778275476,93,0.11237623636578786,1.1429756847161143,1.0025251161302582,-0.11209318804855439,0.39492347891004104,9.03023516237402,49,-0.01879680609529566,-0.1537333998345,-0.06037866884192985,-0.31131534457152943,0.22209779768570362,8.371780515117582,45,-0.029530078083688904,-0.48451327027246005,-0.5158959908493603,-0.05815177670623195,False,True
AES,AES Corporation,Individual equity,,1,easy_to_borrow,2679,2016-01-04,2026-08-28,0.35555702248822996,87289466.32000001,0.08382011755925944,-0.6344242424242429,0.2393513096435449,1.0272978004653899,0.739237883675401,-0.32378117373195114,0.5516983949234789,16.461366181410973,89,0.13950514430236094,0.9267982145319037,0.6190921512187547,-0.22533825380878902,0.3333333333333333,10.06494960806271,55,0.09443970172825922,0.5815478141295739,0.4330161864877894,-0.21809739375856407,0.23665546845837998,7.148936170212766,38,0.09984616534118396,0.10049958593348618,0.12014573245664628,-0.09844291992316212,True,True
AFL,Aflac Inc.,Individual equity,,1,easy_to_borrow,2679,2016-01-04,2026-08-28,0.2531337096559831,145252484.4,0.1646998279350873,-0.548823651884239,0.1033705559281819,0.6501697903931458,0.3578521256482236,-0.2888638868385468,0.545726017170586,17.213885778275476,92,0.09648564491300582,0.9357128387729597,0.7165075294030911,-0.13466103418813502,0.40388204553938034,11.099664053751399,60,0.004459354873040722,0.10055407689429081,0.011991419411480754,-0.37187881767952113,0.16386711459499814,6.866741321388577,36,0.006884911015176076,-0.2855430483798139,-0.35865540375486754,-0.15420285265041178,False,False
AGG,iShares Core U.S. Aggregate Bond ETF,Bond ETF,,1,easy_to_borrow,2679,2016-01-04,2026-08-28,0.050810194667686735,548712642.75,0.018187850272601613,-0.18435530659197796,0.02339489716138554,0.9326690671134397,0.737378113284805,-0.0317271380040941,0.25867861142217247,7.148936170212766,39,0.014461894837671574,1.0228559729131652,0.7846980708310487,-0.018429884531709684,0.1605076521089959,4.1388577827547595,23,0.008805655854765781,0.43175153685392614,0.25380534177816383,-0.034694525312482516,0.09817095931317656,3.0100783874580066,16,0.008933002323713968,-0.09018690579972555,-0.04731995754624374,-0.013297253472384418,True,False
AIG,"American International Group, Inc.",Individual equity,,1,easy_to_borrow,2679,2016-01-04,2026-08-28,0.3197337810037741,245407286.79,0.048601736160298614,-0.6957591821279819,0.15487477716952713,0.7610436662307003,0.6207478647917056,-0.24949707595288462,0.5752146323254946,16.837625979843224,89,0.1486945747644528,1.1075166430514771,1.1664395807203785,-0.12747730548771408,0.3557297499066816,8.653975363941768,46,0.011199506475949361,0.15152513245254548,0.02731772451968757,-0.409972158108484,0.22993654348637552,8.748040313549831,46,0.006180202405074331,-0.3464729768207768,-0.5456917159286728,-0.12201977046517054,True,True
AIR,AAR Corp.,Individual equity,,1,easy_to_borrow,2679,2016-01-04,2026-08-28,0.4504058408800472,10675992.84,0.17148095351286474,-0.8177325581395349,0.16642356807374203,0.6454922313754997,0.2805124012757876,-0.593284173237395,0.5158641284061217,17.872340425531913,97,0.20577396534042713,1.0424778116752855,0.9451695676673794,-0.2177111625041681,0.341545352743561,9.782754759238522,54,-0.029819641479883696,0.010184469107239238,-0.04145737192439069,-0.7192844142235618,0.18887644643523702,8.842105263157894,47,-0.0393503972666851,-0.3969855802997858,-0.6646571663915918,-0.3755730107332269,False,True
AIZ,"Assurant, Inc.",Individual equity,,1,easy_to_borrow,2679,2016-01-04,2026-08-28,0.26983216941134325,53422160.61,0.15134519730141416,-0.44636793765655436,0.09253268043162888,0.566517644723617,0.2760378535831604,-0.33521735961387655,0.557297499066816,16.931690929451285,92,0.10276386027805984,0.8658416229693098,0.6453280861891992,-0.15924281381413674,0.3788727136991415,9.970884658454647,55,-0.02229225928758094,-0.08757318699570979,-0.054354892975095916,-0.4101242421320691,0.1948488241881299,8.653975363941768,46,-0.01023117984643096,-0.2993239782456928,-0.3692902326060388,-0.1759745457997398,False,False
AJG,Arthur J. Gallagher & Co.,Individual equity,,1,easy_to_borrow,2679,2016-01-04,2026-08-28,0.23177626463492032,123299783.4,0.21537869798118692,-0.44404416037187755,0.12465768363562302,0.8220813853324258,0.7191715453220087,-0.17333511656083056,0.5774542739828294,15.896976483762597,85,0.1662853965031641,1.4914989975103956,1.3493073730930685,-0.12323759568732051,0.4154535274356103,9.312430011198208,50,-0.029522174367242027,-0.19498355093451422,-0.08094611561440607,-0.36471391052133373,0.1709593131765584,6.7726763717805145,36,-0.04162771286754108,-0.6694176121779698,-0.6301358277710598,-0.05009752087351005,False,False
AKAM,"Akamai Technologies, Inc. Common Stock",Individual equity,,1,easy_to_borrow,2679,2016-01-04,2026-08-28,0.3558239876715307,140360245.28,0.07007531981473925,-0.4684382793017451,0.06291598938300602,0.38659861630022385,0.1944561958431894,-0.32354839150377,0.5154908547965659,18.34266517357223,98,0.11115639730895666,0.7106509604460486,0.4922866069900238,-0.2257961027796339,0.3120567375886525,9.782754759238522,52,-0.04989350548899829,-0.28715377092833005,-0.10743800802163271,-0.4643934340159416,0.2198581560283688,9.688689809630459,52,-0.048240407925950635,-0.32405234414582473,-0.2978304111468344,-0.0977522887241361,False,True
ALAB,"Astera Labs, Inc. Common Stock",Individual equity,,1,easy_to_borrow,613,2024-03-20,2026-08-28,0.9414610859173566,511973087.12,0.8837442466818863,-0.6369247651052743,1.1275225762336039,1.422259465344099,2.8405953759970783,-0.3969317790774167,0.5889070146818923,13.154975530179447,17,1.4290937373270167,1.9352921073043214,8.28129022680302,-0.17256897152350092,0.29526916802610115,7.399673735725939,10,-0.16362594902816419,-0.14367647709419454,-0.27014910652139495,-0.6056875446863842,0.30505709624796085,7.399673735725939,9,-0.30157116109341287,-0.5130326419602225,-5.440694850805941,-0.2243628075539158,True,True
ALB,Albemarle Corporation,Individual equity,,1,easy_to_borrow,2679,2016-01-04,2026-08-28,0.4771620081067087,187727664.6,0.10356759486024747,-0.8390321224080477,0.31584298860315996,0.9908973854734239,0.9080543069951017,-0.3478238979432138,0.5714818962299365,18.907054871220605,102,0.23776368919851354,1.0599318278581034,1.0373110862435189,-0.22921155702629425,0.3210153042179918,10.441209406494961,57,0.06079969528471518,0.3626411883406612,0.1262500734284046,-0.4815814647362894,0.2553191489361702,8.842105263157894,47,0.07807929940464642,-0.06903444238467948,-0.12925677924841716,-0.11861234091691952,True,True
ALGN,"Align Technology, Inc. Common Stock",Individual equity,,1,easy_to_borrow,2679,2016-01-04,2026-08-28,0.484360975827371,219292870.32000002,0.08802185791921335,-0.8289127575624726,0.34740673040957804,1.0616419348783632,0.9373564323512859,-0.3706239360177379,0.5666293393057111,16.461366181410973,88,0.20702768304697816,0.9786425019027865,0.6665718043587839,-0.3105857188876009,0.3486375513251213,10.159014557670773,54,0.11062242600401673,0.5352560695099565,0.40409322741685405,-0.2737547142553344,0.23366927958193356,6.866741321388577,37,0.14037904736259987,0.08299943297557677,0.2707846279925019,-0.06003821713013702,True,True
ALK,"Alaska Air Group, Inc.",Individual equity,,1,easy_to_borrow,2679,2016-01-04,2026-08-28,0.43274265429266545,99702342.79,-0.049364628205382455,-0.7506086588334924,0.2652370766041503,0.9421023887049723,0.4544295222319028,-0.5836704343094934,0.5647629712579321,18.530795072788354,99,0.055013922754399314,0.38109138930776465,0.10493835695962445,-0.5242498963040387,0.3284807764091079,10.535274356103024,57,0.18268631477689512,0.8246172719354689,0.43596258760593615,-0.4190412663162375,0.2541993281075028,8.559910414333705,45,0.210223153849751,0.5610109993972077,0.34949116527227836,-0.05942053800545466,True,True
ALL,The Allstate Corporation,Individual equity,,1,easy_to_borrow,2679,2016-01-04,2026-08-28,0.24772755750964434,193197952.88000003,0.1721468925802816,-0.41393747673985837,0.0886390304495992,0.6277848672546308,0.39494964035903085,-0.22443122208953392,0.5311683463979097,16.367301231802912,90,0.12329424682410695,1.1007389739171227,0.7856400006311652,-0.15693478784819404,0.38671145949981334,9.03023516237402,51,-0.023628607758669706,-0.1608592351046941,-0.08679015784362312,-0.2722498535057776,0.17357222844344905,7.901455767077267,42,-0.03465521637450775,-0.47295410666249194,-0.3906903602721344,-0.06749643424133989,False,False
ALLE,Allegion Public Limited Company,Individual equity,,1,easy_to_borrow,2679,2016-01-04,2026-08-28,0.26878911283487006,73194854.04,0.09935390017224854,-0.43251246882793004,0.15223240512546887,0.836441931277836,0.3736923061142456,-0.40737366714456313,0.5666293393057111,16.367301231802912,87,0.1814021641713599,1.3106665259176495,1.4172748680911122,-0.12799363641837902,0.3628219484882419,8.277715565509519,44,-0.009684348692095557,-0.00015920310185386254,-0.02317878964611274,-0.4178108020286424,0.21425905188503172,8.277715565509519,44,-0.02916975904589103,-0.4742245946398136,-1.0435825619768666,-0.2793800307261841,True,True
ALNY,"Alnylam Pharmaceuticals, Inc. Common Stock",Individual equity,,1,easy_to_borrow,2679,2016-01-04,2026-08-28,0.5473147177273698,105207118.92999999,0.09199183649195186,-0.6685660018993348,0.04463431048885269,0.2891927584475454,0.09506008999293171,-0.4695378522382161,0.5423665546845838,17.684210526315788,98,0.09999795009076351,0.5306636912081218,0.37052931629710206,-0.26987864574413867,0.3139231056364315,9.970884658454647,56,-0.02747764434803235,0.020931984241385402,-0.042892831201523325,-0.6406115795652232,0.253826054497947,8.089585666293393,44,-0.05536363960191082,-0.24147093276057646,-0.27546922630417037,-0.19965920649407742,False,True
AMAT,"Applied Materials, Inc. Common Stock",Individual equity,,1,easy_to_borrow,2679,2016-01-04,2026-08-28,0.43834166595216095,709147704.09,0.36897604036850096,-0.5513739173780289,0.2632150695141886,0.9018120428182836,0.7486943797903272,-0.3515654406112977,0.5640164240388205,19.001119820828666,103,0.29331542189844084,1.2201790105924069,1.0584862700374609,-0.2771083860049126,0.38633818589025753,11.47592385218365,63,-0.023971611249070546,-0.0094795319609781,-0.05896140590531392,-0.40656444467363173,0.1858902575587906,7.713325867861142,41,-0.030100352384252238,-0.3183669677741232,-0.3097918902471337,-0.07445705460638508,False,False
AMCR,Amcor plc Ordinary Shares,Individual equity,,1,easy_to_borrow,1815,2019-06-11,2026-08-28,0.2910728966821392,334079366.64,0.021324802206442506,-0.4589302769818532,0.08604669988118019,0.5394529812344878,0.2788687034782336,-0.30855631631642144,0.5212121212121212,16.522314049586775,62,0.033734083999744646,0.33934138116795476,0.13772701787829786,-0.24493439645628345,0.28484848484848485,9.024793388429751,35,0.048818230673372875,0.4000637487084129,0.32771086105950026,-0.1489673870299626,0.26005509641873276,8.330578512396695,30,0.05231261588143554,0.20011160006653306,0.14114168559993576,-0.06362191986013799,True,True
AMD,"Advanced Micro Devices, Inc. Common Stock",Individual equity,,1,easy_to_borrow,2679,2016-01-04,2026-08-28,0.6015565728054086,3935450265.18,0.619358158737932,-0.654499413254277,0.30847864863526775,0.8792750168769593,0.6058463159081834,-0.5091698018710376,0.5005599104143337,19.189249720044792,104,0.4010558191008293,1.2474561478765078,1.6412943715308503,-0.24435337502970955,0.3042179917879806,11.47592385218365,63,-0.05912483131288604,-0.11685715536031044,-0.0849983101093024,-0.695600080011653,0.21351250466592012,8.089585666293393,43,-0.09257717046556158,-0.3681811309995485,-1.035448055622667,-0.264816426841328,False,False
AME,"Ametek, Inc.",Individual equity,,1,easy_to_borrow,2679,2016-01-04,2026-08-28,0.24321636017897022,125581622.3,0.15932332327985677,-0.4272093500102522,0.13986791507558727,0.8697591144558608,0.8965367118067981,-0.15600913295977614,0.5968645016797313,16.179171332586787,87,0.12763642093394445,1.113555424966348,1.0152562779680574,-0.1257184256859727,0.43635684957073534,9.218365061590145,50,0.01662359295635296,0.19469304802314075,0.06518544950557387,-0.2550199942232739,0.16722657708100036,7.337066069428891,39,0.012231494141642818,-0.2437963105104871,-0.11871956616125934,-0.030290707273803452,False,False
AMGN,Amgen Inc. Common Stock,Individual equity,,1,easy_to_borrow,2679,2016-01-04,2026-08-28,0.24881157242146038,548276950.4399999,0.1324293178427811,-0.24857861148714044,0.11989410562806113,0.7694727101157856,0.39888502549799404,-0.300573092405205,0.5942515864128406,18.154535274356103,97,0.17266020306377072,1.3048571774076732,1.3491046464169585,-0.12798132711375143,0.3714072415080254,9.124300111982082,48,-0.017669375234192986,-0.10519807143042084,-0.07008478657470697,-0.252114276118374,0.24598730869727511,9.40649496080627,51,-0.05276609743570959,-0.5353844672918876,-0.9502196209189644,-0.1725917652914536,False,True
AMP,"Ameriprise Financial, Inc.",Individual equity,,1,easy_to_borrow,2679,2016-01-04,2026-08-28,0.337172736548551,146954836.0,0.19591436769023196,-0.5388523980666751,0.19487424831575773,0.8358449591558348,0.5528451289941083,-0.3524933803257485,0.6013437849944009,17.590145576707727,93,0.2167853430236888,1.3299351419599357,1.2253031188285786,-0.17692384822372864,0.4251586412840612,9.500559910414333,50,-0.012159756501424979,0.03838752788532651,-0.027032890376190905,-0.4498134062695208,0.18178424785367675,8.465845464725643,45,-0.021911094707931067,-0.4940901828041009,-0.6724579898344702,-0.17556953210201987,False,True
AMT,American Tower Corporation,Individual equity,,1,easy_to_borrow,2679,2016-01-04,2026-08-28,0.2610005058291815,354301820.08000004,0.08475692849298788,-0.4534529907945938,0.12634248274436222,0.7454539427512036,0.48039796119672,-0.2629954599091767,0.5964912280701754,16.555431131019038,89,0.09836145644382199,0.8303393110421277,0.5377828155404751,-0.18290182133277744,0.3646883165360209,9.03023516237402,48,0.04466220297697787,0.38200383930864495,0.16236887585473503,-0.27506628189589344,0.253826054497947,7.713325867861142,42,0.027981026300540224,-0.08488536829092408,-0.05738485434375512,-0.08009363857639928,True,True
AMZN,"Amazon.com, Inc. Common Stock",Individual equity,Mega-cap 7,1,easy_to_borrow,2679,2016-01-04,2026-08-28,0.3301950706244529,652155637.47,0.22115963661250215,-0.5614514659377179,0.2634549076201984,1.1450918069257638,1.2265668078996403,-0.21479050788218845,0.5513251213139231,18.06047032474804,96,0.23516546052641596,1.3820633027540317,1.9640400735851873,-0.11973557143217628,0.406494960806271,11.099664053751399,59,0.025321199539278583,0.23597982432030054,0.09116164216249516,-0.2777615556128714,0.15714818962299365,7.337066069428891,39,0.02828944709378245,-0.23697149582826782,-0.7374732656855469,-0.09505493645001217,True,True
ANET,Arista Networks,Individual equity,,1,easy_to_borrow,2679,2016-01-04,2026-08-28,0.4528981501702471,20228695.89,0.41608219307888406,-0.5219191427179737,0.35552998602630437,1.2469922652989203,1.389824662378352,-0.25580923669745503,0.5225830533781262,16.931690929451285,91,0.382028555577979,1.661497782173271,2.2704197282021683,-0.1682634055864588,0.387458006718925,10.535274356103024,57,-0.027252100579397753,-0.052042229768358664,-0.06992484107988867,-0.3897341797067856,0.167973124300112,6.96080627099664,37,-0.026498569551674622,-0.4145055168743508,-0.8805950658238164,-0.08754583111099623,False,False
AON,Aon plc Class A,Individual equity,,1,easy_to_borrow,2679,2016-01-04,2026-08-28,0.23292716943494712,242792785.51,0.14729954074556462,-0.3872590108968986,0.0947423727112926,0.6629857366727379,0.2829806239651018,-0.3348016248737107,0.5263157894736842,16.743561030235163,91,0.09924506236206887,0.948373817612775,0.47094187795766485,-0.21073739033883598,0.3840985442329227,9.782754759238522,54,-0.016409656352790347,-0.08226455325136312,-0.05847548684198218,-0.280624535835572,0.15528182157521464,7.525195968645017,40,-0.00450268965077627,-0.2853880809400371,-0.18796125399256303,-0.1240642345348747,False,False
AOS,A.O. Smith Corporation,Individual equity,,1,easy_to_borrow,2679,2016-01-04,2026-08-28,0.27226166193675466,62232083.28,0.06362648796233827,-0.468096143869964,0.1421717030393843,0.8195910210606394,0.6611272430370372,-0.2150443875013931,0.5393803658081374,17.11982082866741,92,0.0976840295622563,0.792187563839413,0.6454662973914836,-0.15133869879345485,0.3094438223217619,9.970884658454647,53,0.045473829801964794,0.4024332554158688,0.1704357069729973,-0.26680928902515344,0.24076147816349383,7.713325867861142,42,0.04448767347712801,0.02740345722122639,0.015660945645553537,-0.06370568870793825,True,True
APA,APA Corporation Common Stock,Individual equity,,1,easy_to_borrow,2679,2016-01-04,2026-08-28,0.5853829229903947,149188247.84,0.021897576469048774,-0.9348699311400155,0.32302532077404633,0.8418754977278373,0.47713894914842786,-0.6770047202194763,0.5460992907801419,16.179171332586787,87,0.20365520120700742,0.8178534157034165,0.8773153171161341,-0.23213455553979423,0.2874206793579694,9.40649496080627,50,0.10068764039357325,0.43747744358957147,0.15093430331501018,-0.6670958038175807,0.2807017543859649,7.525195968645017,41,0.11937011956703891,0.0240220820244208,-0.4001763679677062,-0.4448701646796821,True,True
APD,"Air Products & Chemicals, Inc.",Individual equity,,1,easy_to_borrow,2679,2016-01-04,2026-08-28,0.257173065719378,235489704.4,0.1199216925415183,-0.31764546776211255,0.1365018358275616,0.8916087857697553,0.7213940610749535,-0.18921951703367146,0.5520716685330347,17.11982082866741,93,0.13535868172265353,1.1538382376895027,1.3781529223660434,-0.09821746159364286,0.3609555804404629,9.970884658454647,54,0.011010493921050468,0.15312335989476764,0.03669540046590323,-0.30005106311024565,0.2123926838372527,7.901455767077267,43,0.0011431541049080618,-0.26222945191974734,-0.6567588612910898,-0.0910020554400286,True,True
APH,Amphenol Corporation,Individual equity,,1,easy_to_borrow,2679,2016-01-04,2026-08-28,0.2796000434111505,64201657.589999996,0.27899358970674526,-0.37562862669245656,0.17140530115365982,0.9381690456926887,0.8449760150122846,-0.202852268121679,0.5546845837999254,18.06047032474804,98,0.20823119712385196,1.4416026079957354,1.7324871743161454,-0.12019205695190549,0.4244120940649496,10.72340425531915,58,-0.024654029944326528,-0.13279518431740656,-0.05536284219632439,-0.445317273576741,0.1366181410974244,7.713325867861142,42,-0.036825895970192146,-0.5034335623030467,-0.8875111593038608,-0.08266021116977351,False,False
APO,"Apollo Global Management, Inc.",Individual equity,,1,easy_to_borrow,2679,2016-01-04,2026-08-28,0.37758463680550236,104039936.22,0.2780197277751568,-0.5347826086956522,0.2774049596432637,1.1208700078120744,1.3312081530143591,-0.20838586288336192,0.5677491601343785,17.02575587905935,91,0.2686479509796724,1.4050189398002964,1.6785791981208038,-0.16004484702326116,0.4050018663680478,9.876819708846584,52,-0.010162778102542736,0.025605646499830475,-0.0299853547235062,-0.33892472496167947,0.17207913400522584,7.901455767077267,43,0.008757008663591304,-0.284148931988222,-0.3473710451064447,-0.048341015860100756,False,False
APP,Applovin Corporation Class A Common Stock,Individual equity,,1,easy_to_borrow,1350,2021-04-15,2026-08-28,0.773282891845922,184158798.17000002,0.343999079080171,-0.9190248149760557,0.7086033230779927,1.281905919353477,1.434806131384518,-0.49386694660568886,0.577037037037037,16.986666666666668,46,0.6465983266515627,1.5156265680826515,1.862130134572891,-0.34723584278381825,0.33037037037037037,8.96,25,0.07511432671208951,0.378954061429314,0.13259170962753994,-0.5665084711788639,0.2577777777777778,8.026666666666667,21,0.06200499642642998,-0.23372064872917453,-0.42732400318837294,-0.1466311038218706,True,True
APTV,Aptiv PLC,Individual equity,,1,easy_to_borrow,2205,2017-11-17,2026-08-28,0.49138970014372657,151271667.12,-0.1745684749494355,-0.8906796938108243,0.26321111533934927,0.9529394136696265,0.7895993460262326,-0.33334768660080005,0.5537414965986395,17.714285714285715,77,0.1475771647020998,0.9015323142625229,0.7020418998900363,-0.2102113345730724,0.2897959183673469,8.685714285714285,38,0.11202017473554493,0.5630324129382263,0.34830065562907275,-0.32161918998752115,0.28208616780045354,9.257142857142858,40,0.11563395063724946,0.05140709940710364,0.08755744613619632,-0.12313635202772766,True,True
ARE,"Alexandria Real Estate Equities, Inc.",Individual equity,,1,easy_to_borrow,2679,2016-01-04,2026-08-28,0.2920253075334482,91401315.42,-0.015581445269797878,-0.7791862717962915,0.16699339177348893,0.8123741075636283,0.5735581311250836,-0.29115338570114424,0.5505785740948115,16.555431131019038,88,0.10298004050850751,0.8378852541694988,0.6567035279161849,-0.156813594157592,0.337812616648003,8.465845464725643,45,0.06455922134820757,0.43402329524080263,0.21782745382253815,-0.2963777991033367,0.22321761851437102,8.277715565509519,44,0.06401335126498142,-0.025511146605870505,-0.08314539679110133,-0.13433979154355224,True,True
ARES,Ares Management Corporation Class A Common Stock,Individual equity,,1,easy_to_borrow,2679,2016-01-04,2026-08-28,0.36667893909587534,36964773.2,0.30684179864845884,-0.49973460721868435,0.2408404263156665,1.0107956842026358,0.7442668553936708,-0.3235941847608905,0.5397536394176932,15.896976483762597,85,0.2411962702234054,1.2818223953778192,1.3142242682236267,-0.18352748161424437,0.40985442329227323,10.253079507278835,54,-0.0014134321727524712,0.07507747082836524,-0.004262179362914111,-0.331621936197938,0.15565509518477044,6.58454647256439,35,-0.0003558439077389064,-0.2710267111751834,-0.5699574128299559,-0.14006670314664615,False,False
ARKK,ARK Innovation ETF,Factor/style ETF,,0,hard_to_borrow,2679,2016-01-04,2026-08-28,0.39714007046528604,338261233.65,0.15190814499065297,-0.809143593045718,0.3518922427376674,1.1957699756182392,0.87747877262047,-0.4010265019708562,0.524822695035461,17.966405375139978,95,0.26611384456912335,1.414054373908308,1.025492005514303,-0.25949870222114735,0.3449048152295633,10.629339305711087,56,0.05616214199852054,0.35454585723240195,0.15101304014394015,-0.37190259824574634,0.185143710339679,7.713325867861142,41,0.08577839816854405,-0.21828439829006885,-0.14801323289383306,-0.14152779974970886,True,True
ARKX,ARK Space & Defense Innovation ETF,Individual equity,,1,easy_to_borrow,1361,2021-03-30,2026-08-28,0.27808976185139006,2127190.32,0.09031304846133215,-0.43610261237938397,0.20881455004146332,1.0870027656992705,1.356679639356187,-0.15391588698165792,0.5180014695077149,19.99706098457017,54,0.1564954233411251,1.217677637521564,1.1224664196175578,-0.13942102908917808,0.2828802351212344,11.109478324761204,30,0.04153518368699549,0.3533412758567047,0.24375231681700724,-0.17039913396260065,0.23806024981631155,9.25789860396767,25,0.052319126700338225,-0.13067487182229365,0.2342132197386293,-0.01449485789247984,True,True
ARM,Arm Holdings plc American Depositary Shares,Individual equity,,1,easy_to_borrow,742,2023-09-14,2026-08-28,0.7683087549006082,764525508.9,0.5678949272276264,-0.5397404269012123,1.1089412983022005,1.8599427238534343,3.5804542995688364,-0.3097208358268225,0.49326145552560646,15.962264150943396,23,0.6825885704011665,1.766352815619277,5.766900063767632,-0.11836316961511861,0.24797843665768193,10.188679245283017,15,0.26455603736643973,0.8844081499384489,0.7930739664900551,-0.3335830559882048,0.24663072776280323,5.773584905660377,8,0.42635272790103396,0.09358990823415736,-2.1864457641987953,-0.19135766621170391,True,True
ASML,ASML Holding N.V. New York Registry Shares,Individual equity,,1,easy_to_borrow,2679,2016-01-04,2026-08-28,0.3865247658619861,419063847.39000005,0.33313136674217314,-0.5693871814092966,0.17720037497511032,0.7215823141830701,0.5502128615023429,-0.32205785682884436,0.593505039193729,20.976483762597983,112,0.24481193054320172,1.1647946575405617,1.2076046511488008,-0.2027252299089034,0.4072415080253826,11.758118701007838,63,-0.045166380783886795,-0.14622112987853533,-0.08027393280838185,-0.5626531453454678,0.19746173945502052,9.594624860022396,51,-0.0676115555680914,-0.4432123433574916,-0.6573917896464578,-0.11933262691994095,False,False
ASTS,"AST SpaceMobile, Inc. Class A Common Stock",Individual equity,,1,easy_to_borrow,1714,2019-11-01,2026-08-28,1.0067720064286039,13527036.04,0.29952126321321204,-0.910666666666667,0.24968056206964961,0.6713062319729826,0.46706243825488364,-0.5345764112450311,0.5052508751458576,17.93698949824971,71,0.2327953669247722,0.7353525788666249,0.6355310930281597,-0.36630051539344166,0.2088681446907818,10.291715285880981,45,-0.002010410327503931,0.23239450615333157,-0.0025992029916180296,-0.7734718427099188,0.3191365227537923,8.527421236872812,30,0.016885195144877407,-0.0640463468936423,-0.16846865477327605,-0.16827589585158942,False,False
ASX,"ASE Technology Holding Co., Ltd.",Individual equity,,1,easy_to_borrow,2679,2016-01-04,2026-08-28,0.3995152669866648,17400287.451,0.2344333475276006,-0.5556690500510718,0.2451936343884522,0.9770621271772989,0.8287217743919317,-0.2958696657492331,0.5300485255692422,20.50615901455767,109,0.21243265493222774,1.069796426091034,0.7252619468815772,-0.2929047302779755,0.3534901082493468,12.228443449048152,65,0.03858947061039597,0.30510434385373486,0.1611113655350096,-0.23952047381790986,0.18962299365434865,8.465845464725643,45,0.03276097945622447,-0.09273429891373508,0.10345982751035454,-0.002964935471257646,True,False
ATO,Atmos Energy Corporation,Individual equity,,1,easy_to_borrow,2679,2016-01-04,2026-08-28,0.21021648626578504,77411827.15,0.1234219034186288,-0.3291238374938815,0.02590825723295187,0.2546976931204784,0.09088334844682298,-0.2850715524429772,0.5651362448674878,17.02575587905935,91,0.03997279061329739,0.4395632328869968,0.19081492958860566,-0.2094846074124188,0.3725270623366928,10.535274356103024,56,-0.024279706593213546,-0.20246792203309763,-0.07349870735668604,-0.33034195384396603,0.20642030608435982,7.054871220604703,38,-0.014064533380345523,-0.18486553976651837,-0.09993158114178267,-0.0755869450305584,False,False
AVAV,"AeroVironment, Inc. Common Stock",Individual equity,,1,easy_to_borrow,2679,2016-01-04,2026-08-28,0.5214746100624356,18876945.23,0.1673671777914607,-0.6664958641387898,0.3464336084155326,1.1620273236608267,0.9058656498091712,-0.3824337621020424,0.5042926465098917,16.367301231802912,89,0.2908872565465326,1.3658177694804334,1.0592809593777286,-0.2746082179343745,0.2814483016050765,9.782754759238522,53,0.0513219915519918,0.3391226698350001,0.15716358715804316,-0.3265514135941844,0.23404255319148937,7.148936170212766,39,0.05554635186900003,-0.2037904458196067,-0.15341530956855742,-0.10782554416766787,True,True
AVGO,Broadcom Inc. Common Stock,Individual equity,,1,easy_to_borrow,2679,2016-01-04,2026-08-28,0.3941551122357962,101628721.66,0.3916260656293511,-0.4829320876751706,0.18658547590148267,0.7564060149113274,0.6902610548641803,-0.2703114634479795,0.5278088839119074,18.907054871220605,100,0.21868150590311553,1.07881042761062,1.2983923036451905,-0.16842483222457105,0.3882045539380366,11.287793952967524,60,-0.023775788013743915,-0.03481588609250233,-0.05741731208323667,-0.41408744420631627,0.1537887271369914,7.99552071668533,42,-0.03209603000163286,-0.32240441269929265,-0.6081312487810102,-0.10188663122340846,False,False
AVY,Avery Dennison Corp.,Individual equity,,1,easy_to_borrow,2679,2016-01-04,2026-08-28,0.2691875496209443,75956629.88,0.12589344653690215,-0.4352103663413853,0.1342352774490856,0.8033991087545893,0.5968780032328707,-0.2248956683309269,0.5890257558790594,17.213885778275476,92,0.1135031868334806,0.9324160218725782,0.5460205218383177,-0.20787348147894347,0.3811123553564763,9.594624860022396,52,0.00948319315844337,0.13697265453528543,0.04312913043597891,-0.21987907158295872,0.21425905188503172,8.653975363941768,46,0.020732090615604992,-0.1290169131179889,0.05085748139455293,-0.017022186851983423,True,False
AWK,"American Water Works Company, Inc",Individual equity,,1,easy_to_borrow,2679,2016-01-04,2026-08-28,0.23608659152079287,112747843.0,0.10309736227804134,-0.37100376116596046,0.0674562272041761,0.5107201935264168,0.30890913619954236,-0.21836915551957714,0.5509518477043673,16.931690929451285,92,0.0731527407836936,0.705802906646844,0.44606134546377363,-0.16399704105191204,0.3516237402015677,9.782754759238522,53,0.0017654764922743205,0.07131489746942793,0.004642577661797814,-0.38027936652558847,0.22657708100037327,7.713325867861142,42,-0.005696513579517504,-0.19508271312042713,-0.13715220926423127,-0.0543721144676651,False,False
AXON,"Axon Enterprise, Inc. Common Stock",Individual equity,,1,easy_to_borrow,2679,2016-01-04,2026-08-28,0.49483921534880654,64559171.74999999,0.3997316724085498,-0.6028106593797717,0.22104138981077082,0.818015731663165,0.7516776403012722,-0.2940640747570694,0.5852930197835013,19.659574468085104,106,0.30217817416394,1.3466964611376027,1.0395859399877645,-0.29067166315032744,0.3598357596117954,11.193729003359461,60,-0.035288569407938786,-0.0620894956371852,-0.06381059964778485,-0.5530204950701135,0.23366927958193356,8.653975363941768,47,-0.08113678435316918,-0.5286807294744377,-0.28790829968649234,-0.003392411606741974,False,False
AXP,American Express Company,Individual equity,,1,easy_to_borrow,2679,2016-01-04,2026-08-28,0.31211134655630357,465861817.59000003,0.1786153105104158,-0.49634572608833794,0.13200250689887305,0.7322341955223556,0.353745275658206,-0.3731569464871549,0.561030235162374,18.43673012318029,100,0.1499652111363725,1.219268300052903,1.0884391779186369,-0.13778005622982337,0.38521836506159013,10.72340425531915,57,-0.017807172136810823,-0.034063885818562664,-0.04510212451779363,-0.3948189209975145,0.19260918253079506,8.653975363941768,48,-0.01796270423749946,-0.4870341045305474,-0.7346939022604309,-0.23537689025733155,False,False
AZO,"AutoZone, Inc.",Individual equity,,1,easy_to_borrow,2679,2016-01-04,2026-08-28,0.26376802646197917,319713434.68,0.14001371798247852,-0.42142400000000046,0.11798998954322859,0.6973727397962399,0.7359745356166244,-0.16031803253134647,0.5640164240388205,17.872340425531913,96,0.13637614825079059,1.0495827443649484,1.2244256385028545,-0.11137969016847948,0.3792459873086973,9.782754759238522,52,-0.014700112761605322,-0.04671215863774832,-0.03451963905562162,-0.4258478119634732,0.19932810750279956,8.465845464725643,46,-0.018386158707561995,-0.35221000456870843,-0.48845110288623006,-0.04893834236286698,False,False
BA,Boeing Company,Individual equity,,1,easy_to_borrow,2679,2016-01-04,2026-08-28,0.4121443812752713,1366755890.83,0.04913147971747511,-0.7792005577504063,0.19032989563793667,0.7530686749758104,0.4297632556069798,-0.44287149530529923,0.5054124673385592,17.872340425531913,95,0.18492377814799799,1.1310792035510193,0.7866519788657189,-0.2350769884474725,0.2877939529675252,9.03023516237402,48,0.007781321568280264,0.14847578338666678,0.012913469461448241,-0.6025740480906818,0.2284434490481523,9.218365061590145,49,0.005406117489938689,-0.3780105285752089,-0.3568887232587391,-0.20779450685782674,True,True
BABA,"Alibaba Group Holding Limited American Depositary Shares, each represents eight Ordinary Shares",Individual equity,,1,easy_to_borrow,2679,2016-01-04,2026-08-28,0.43202482434108225,2128543786.96,0.04797370977162663,-0.8008769580934527,0.3005275794524944,1.0587937607809004,0.709677521680112,-0.4234706190792352,0.5416200074654722,19.565509518477043,105,0.1879450695895859,0.9315610284155696,0.6612803347394564,-0.28421391007134067,0.3068309070548712,10.535274356103024,58,0.1202939660590252,0.6600721854536906,0.4305939799514706,-0.27936750549225686,0.24897349757372153,9.218365061590145,49,0.11258250986290852,0.12723273236533073,0.048397186940655645,-0.13925670900789455,True,True
BAC,Bank of America Corporation,Individual equity,,1,easy_to_borrow,2679,2016-01-04,2026-08-28,0.30896818160253253,1492520139.8300002,0.15843506166493504,-0.48931975024646734,0.19521821875245582,0.9090355970234494,0.49618063860179834,-0.39344183058526194,0.6173945502053005,18.43673012318029,98,0.17484264263521854,1.2250768164758918,0.9220052425198625,-0.1896330243821276,0.40350877192982454,9.594624860022396,51,0.024747698956626873,0.22735913855042234,0.058659885010030076,-0.42188454601292413,0.21537887271369915,9.03023516237402,48,0.020375576117237282,-0.31604121945244246,-0.42582460391806415,-0.20380880620313435,True,True
BALL,Ball Corporation,Individual equity,,1,easy_to_borrow,2679,2016-01-04,2026-08-28,0.27979852066407584,114840541.32,0.06620009046928788,-0.5508825452168232,0.11245784416243332,0.6861984466145293,0.4584229903830408,-0.24531458177624954,0.5837999253452781,17.872340425531913,97,0.08857953649915773,0.8035911192928648,0.34587447564777485,-0.2561031320199635,0.3344531541620007,9.03023516237402,49,0.022172159437861216,0.22610345036267407,0.09691933174602581,-0.22876921495871116,0.2642777155655095,9.218365061590145,51,0.02387830766327559,-0.11739267267833542,0.11254851473526595,0.010788550243713946,True,True
BAX,Baxter International Inc.,Individual equity,,1,easy_to_borrow,2679,2016-01-04,2026-08-28,0.29365305466453073,173049056.0,-0.017720326256292163,-0.8114401719608308,0.2114134053813974,1.115284871955534,1.0903912270537275,-0.19388766172728966,0.5867861142217246,16.179171332586787,88,0.1773264797095746,1.5096520354676533,1.5791595195246062,-0.11229168270660672,0.3333333333333333,7.525195968645017,41,0.02801101192926736,0.25390357150969484,0.11912163261743224,-0.23514630645826318,0.2683837252706234,9.03023516237402,49,0.03408692567182281,-0.3943671635121193,-0.4887682924708787,-0.08159597902068294,True,True
BBY,"Best Buy Company, Inc.",Individual equity,,1,easy_to_borrow,2679,2016-01-04,2026-08-28,0.38122418757106685,180477528.14,0.13871564418760696,-0.5259057971014494,0.09798448283760242,0.4978607688173796,0.29369775327263714,-0.33362353557619573,0.511384845091452,18.43673012318029,100,0.1476722269886368,0.9275740515483326,0.7906217473949585,-0.1867798697356936,0.2885405001866368,9.970884658454647,54,-0.04640708428405138,-0.1514319412647796,-0.10335102878052814,-0.449023921983394,0.22695035460992907,8.842105263157894,49,-0.049687744151034385,-0.429713282730953,-0.49692399412232136,-0.14684366584050212,False,True
BDX,"Becton, Dickinson and Co.",Individual equity,,1,easy_to_borrow,2679,2016-01-04,2026-08-28,0.23431296234501525,224517042.01,0.06330120004880446,-0.4005807587946879,0.0612583387324519,0.4511249672996358,0.24800584108366674,-0.2470036127567895,0.5244494214259052,16.461366181410973,89,0.09459143151113003,0.9471748128350437,0.7722850843716131,-0.12248253064229053,0.324374766703994,9.124300111982082,49,-0.02040040367404794,-0.0966318056854419,-0.06750613113234484,-0.3022007532034865,0.22209779768570362,8.465845464725643,45,-0.03333309277867813,-0.4960498455354079,-0.5242792432879464,-0.12452108211449897,False,True
BEN,"Franklin Templeton, Inc.",Individual equity,,1,easy_to_borrow,2679,2016-01-04,2026-08-28,0.3271093391628096,70721139.06,0.044597563829713804,-0.6209952283571916,0.1504827009782479,0.7722090719704877,0.44209529877250126,-0.3403852096958966,0.5337812616648003,17.684210526315788,95,0.10541535658024315,0.7640357455633536,0.4769652252398495,-0.2210126671755438,0.2784621127286301,9.03023516237402,49,0.03629013918295909,0.308412677941166,0.1318857339151961,-0.2751634927117593,0.25942515864128407,9.03023516237402,48,0.04506734439800475,0.008173326407134085,-0.03486992646734827,-0.11937254252035279,True,True
BF.B,Brown-Forman Corporation Class B,Individual equity,,1,easy_to_borrow,2679,2016-01-04,2026-08-28,0.27919004640593076,63489855.42,-0.01504506088930102,-0.6896030765004797,0.08603865832549973,0.5418840630888706,0.27136153352237546,-0.3170628394108972,0.5356476297125793,16.743561030235163,90,0.05649503284597168,0.550720065270022,0.27135563723045647,-0.20819553786528366,0.27510265024262787,8.653975363941768,47,0.023060981749904785,0.22806440652630275,0.0689740887535698,-0.33434268094931874,0.2713699141470698,8.842105263157894,47,0.029543625479528046,-0.008836002181151437,5.896291918994212e-06,-0.10886730154561353,True,True
BG,Bunge Global SA,Individual equity,,1,easy_to_borrow,2679,2016-01-04,2026-08-28,0.31503869239754434,87135874.84,0.08563887523915947,-0.6049402390438254,0.0872258456122621,0.5347714849873175,0.2492232455092281,-0.3499908101832032,0.49458753266144084,18.06047032474804,98,0.09550807962102059,0.7541287481587015,0.3888083092104373,-0.2456431031913161,0.2851810377006346,9.594624860022396,53,-0.0036774268052349735,0.04444886357661546,-0.011599173011670277,-0.3170421547756037,0.22209779768570362,9.03023516237402,48,-0.008282234008758493,-0.21935726317138393,-0.1395850637012092,-0.10434770699188711,True,True
BIDU,"Baidu, Inc. ADS",Individual equity,,1,easy_to_borrow,2679,2016-01-04,2026-08-28,0.46085028433913366,447033742.89,-0.058350119195129335,-0.7747344885410843,0.27645452918543256,0.9336664431091491,0.7457711152422134,-0.37069621434137334,0.475177304964539,18.34266517357223,97,0.14797212368950063,0.7446105143566415,0.4327818331999123,-0.34190927700319795,0.22620380739081747,9.782754759238522,52,0.10178276186904789,0.5327390506322782,0.3105792892727787,-0.3277190894066767,0.26614408361328856,9.124300111982082,48,0.12848240549593193,0.18905592875250765,0.3129892820423011,-0.02878693733817539,True,True
BIIB,Biogen Inc. Common Stock,Individual equity,,1,easy_to_borrow,2679,2016-01-04,2026-08-28,0.41170763615419587,336148833.82,-0.0277244711468565,-0.7266041330086086,0.06066160039200086,0.40130308277954846,0.142028583176972,-0.4271083963177653,0.49010824934677116,16.273236282194848,86,0.003255924896141016,0.08868569316091936,0.009666306786079734,-0.3368323567828213,0.21388577827547592,8.748040313549831,47,0.057348236544015,0.4397070403860868,0.18510855198652443,-0.3098086821412219,0.3023516237402016,8.089585666293393,43,0.05740567549585984,0.3126173896186291,0.13236227639089226,-0.09027603953494401,True,True
BIL,State Street SPDR Bloomberg 1-3 Month T-Bill ETF,Bond ETF,,1,easy_to_borrow,2679,2016-01-04,2026-08-28,0.00264605327497869,188297703.6,0.021356061061763354,-0.0020792722547081643,0.020580733255039174,8.152792930993176,8.299626497073737,-0.0024797180044542344,0.7730496453900709,1.0347144456886899,5,0.02062703527753129,8.378833856871829,10.321255826059215,-0.0019985005337676,0.689063083240015,0.8465845464725643,4,-4.536625122653071e-05,-0.08271295457325205,-0.05961150630541699,-0.0007610317879588324,0.083986562150056,0.1881298992161254,1,-4.6302022492117345e-05,-0.2260409258786531,-2.021629328985478,-0.00048121747068663456,False,False
BKNG,Booking Holdings Inc. Common Stock,Individual equity,,1,easy_to_borrow,2679,2016-01-04,2026-08-28,0.32746046333227125,32639820.32,0.144922218157292,-0.4777224858234005,0.12196153947825228,0.6359147392536151,0.3194385365684274,-0.3817997064112104,0.5405001866368048,18.34266517357223,100,0.11451939681684697,0.7955987611430911,0.3638858425425222,-0.31471242743791195,0.37700634565136243,9.876819708846584,54,0.018104905111655745,0.1915847339077496,0.06010520701414583,-0.30122024382005264,0.1787980589772303,8.653975363941768,47,0.007442142661405304,-0.15968402188947606,-0.0444473059740948,-0.06708727897329847,False,False
BKR,Baker Hughes Company Class A Common Stock,Individual equity,,1,easy_to_borrow,2301,2017-07-05,2026-08-28,0.3990590743800445,178951032.0,0.0870692348776414,-0.7350320620992236,0.2953489531758957,0.9825941695638319,0.8146871681148644,-0.36253050831684863,0.5680139069969579,15.661016949152541,71,0.24577332794799256,1.174952398799635,1.3909280838981757,-0.17669736544480086,0.33550630160799655,7.994784876140808,36,0.048511880368253824,0.3172859431922638,0.10424179354168973,-0.4653784122474094,0.24467622772707517,7.8852672750977835,36,0.04957562522790315,-0.19235822923580315,-0.5762409157833113,-0.18583314287204777,True,True
BLDR,"Builders FirstSource, Inc.",Individual equity,,1,easy_to_borrow,2679,2016-01-04,2026-08-28,0.4839294089579767,94818177.28,0.18553632227248484,-0.6873342175066316,0.32141451526638387,0.9881758836634092,0.983391451191141,-0.3268429015495995,0.5938783128032848,15.99104143337066,87,0.2345181315911713,1.011547670101173,0.7960767489245669,-0.2945923642512932,0.3732736095558044,9.970884658454647,53,0.0658479298863579,0.3779811348607693,0.1282478254178246,-0.5134428569983845,0.24449421425905188,6.7726763717805145,36,0.08689638367521257,-0.02337178643776372,0.1873147022665741,-0.03225053729830629,True,True
BLK,"Blackrock, Inc.",Individual equity,,1,easy_to_borrow,2679,2016-01-04,2026-08-28,0.27777764812282985,354976764.32,0.15281681617887677,-0.4390131107360036,0.2703522975619208,1.3498119442176484,1.2873605743859768,-0.210005108856832,0.593505039193729,16.837625979843224,90,0.21004161979047598,1.5175040006288576,1.1717164279955767,-0.17925977205063892,0.387458006718925,10.06494960806271,53,0.050787103307424974,0.4251962401452468,0.4002284765295819,-0.12689527678741064,0.20977976857036207,6.96080627099664,38,0.06031067777144483,-0.1676920564112092,0.1156441463904001,-0.03074533680619307,True,True
BMY,Bristol-Myers Squibb Co.,Individual equity,,1,easy_to_borrow,2679,2016-01-04,2026-08-28,0.2525882420184802,522400803.34000003,0.034174062717678755,-0.4766341534430053,0.14867426553609864,0.8903107380756945,0.6291347235270286,-0.23631546626866695,0.5550578574094811,16.931690929451285,90,0.11054970070049475,0.9350135493668938,0.8635576089255643,-0.12801659039058244,0.3154162000746547,8.653975363941768,46,0.03842315880445213,0.36113615684912803,0.17844481741546772,-0.2153223576955594,0.251959686450168,8.653975363941768,46,0.03812456483560389,-0.04470281129119935,-0.23442288539853573,-0.10829887587808451,True,True
BND,Vanguard Total Bond Market ETF,Bond ETF,,1,easy_to_borrow,2679,2016-01-04,2026-08-28,0.05422483015248682,318597856.6,0.017725137619168052,-0.18581808396125155,0.024103746182690067,0.9911589368546626,0.7903469651405473,-0.03049767664813352,0.2560656961552818,7.525195968645017,42,0.012634864077455843,0.8891165346045078,0.5793368042278914,-0.02180918592647485,0.1530421799178798,4.51511758118701,25,0.011325782384238536,0.5798481865809001,0.3741964511757663,-0.030266942266960806,0.10302351623740201,3.0100783874580066,17,0.011468882105234224,0.10204240225015482,0.2110101609126559,-0.00868849072165867,True,False
BNDX,Vanguard Charlotte Funds Vanguard Total International Bond ETF,Bond ETF,,1,easy_to_borrow,2679,2016-01-04,2026-08-28,0.0403459639131824,97357146.13999999,0.019414102438479297,-0.16248184270595345,0.021452309301557948,1.0738197859941496,0.9029831215466799,-0.023757154247593504,0.24300111982082867,7.337066069428891,39,0.0130326483394414,1.0942356386952568,0.6362533551073257,-0.020483425721571247,0.18365061590145576,5.267637178051512,28,0.008311342162484081,0.5239221339331103,0.29926452910368034,-0.02777256024085839,0.0593505039193729,2.0694288913773797,11,0.008419660962116549,-0.02041585270110713,0.2667297664393542,-0.003273728526022257,True,False
BNO,"United States Brent Oil Fund, LP",Commodity ETF,,1,easy_to_borrow,2679,2016-01-04,2026-08-28,0.3753715637582594,10327353.33,0.14450156697909278,-0.7517554729450643,0.2514375535667621,1.0393078874602153,0.7142876218877217,-0.3520116348961251,0.5281821575214632,19.941769316909294,106,0.24549813528326703,1.4890632858669606,1.1530767969202205,-0.21290701186510186,0.3355729749906682,10.911534154535273,58,0.00937261596887784,0.14409535723673397,0.016194205440393513,-0.5787635585688907,0.20903322135125046,9.03023516237402,48,0.00593941828349509,-0.4497553984067453,-0.4387891750324988,-0.13910462303102322,True,True
BNY,Bank of New York Mellon Corporation,Individual equity,,1,easy_to_borrow,2679,2016-01-04,2026-08-28,0.27038181072853323,163446759.75,0.2246210270239073,-0.4639724310776939,0.2172431586936805,1.1030446984170996,0.9017997846636432,-0.24089954598371155,0.5819335572974991,15.802911534154534,85,0.22931734476332588,1.7311066676391182,2.326846658375438,-0.09855283928483327,0.4135871593878313,9.218365061590145,49,-0.01080705123189496,0.004170025642587762,-0.02906645966451928,-0.3718048691388055,0.17431877566256065,7.148936170212766,39,-0.012074186069645387,-0.6280619692220186,-1.4250468737117947,-0.14234670669887828,False,True
BR,Broadridge Financial Solutions Inc,Individual equity,,1,easy_to_borrow,2679,2016-01-04,2026-08-28,0.24209117342340117,78891277.88,0.14483198499082528,-0.4820848151122332,0.1300904168742567,0.8002486774159064,0.4928339256508306,-0.26396400512091545,0.5841731989548339,17.213885778275476,93,0.10794512325857708,0.976577887354114,0.33882236517087017,-0.31858913210802864,0.3885778275475924,10.629339305711087,56,0.00931189835014079,0.1366404671914477,0.02917690146339193,-0.3191530931351422,0.20940649496080627,7.337066069428891,41,0.02214529361567963,-0.17632920993820755,0.15401156047996045,0.05462512698711319,False,False
BRK.B,BERKSHIRE HATHAWAY Class B,Individual equity,,1,easy_to_borrow,2679,2016-01-04,2026-08-28,0.1918075008559661,1143303735.57,0.13553881960985859,-0.2956993918331886,0.09914699526003501,0.8098116912209465,0.7347971698754212,-0.1349311066029889,0.5423665546845838,17.496080627099662,97,0.10571382476661895,1.1609706714964376,1.0091136424867104,-0.10475908789233435,0.3594624860022396,10.347144456886898,57,-0.004951914045774997,-0.007292641423965246,-0.023861974190566303,-0.2075232336699412,0.2030608435983576,7.901455767077267,43,-0.006566829506583938,-0.3511589802754911,-0.2743164726112892,-0.030172018710654558,False,False
BRO,"Brown & Brown, Inc.",Individual equity,,1,easy_to_borrow,2679,2016-01-04,2026-08-28,0.23675003052567,58955962.74,0.1658086369187779,-0.5585123697916663,0.12160195699228149,0.8022117071155324,0.6519336115523002,-0.18652506150547843,0.5516983949234789,16.743561030235163,92,0.1347620518915904,1.241828481004843,1.136066296007857,-0.11862164414624832,0.39343038447181783,10.159014557670773,55,0.003326419529196656,0.08820207541030163,0.01033004458684734,-0.3220140533983752,0.17319895483389325,7.148936170212766,40,-0.013160094899308916,-0.43961677388931064,-0.4841326844555567,-0.06790341735923011,False,False
BSX,Boston Scientific Corp.,Individual equity,,1,easy_to_borrow,2679,2016-01-04,2026-08-28,0.2744336770163933,333102830.13,0.09418825837818634,-0.6057887923062695,0.15676732557866924,0.867930481401234,0.6441790609444994,-0.2433598592118409,0.5908921239268383,15.61478163493841,87,0.13302408659308895,1.0364366205906064,0.8032305630389561,-0.16561133591556,0.41022769690182903,8.842105263157894,49,0.008230279258127249,0.12790369133281257,0.028636817120290158,-0.2874020259847878,0.19783501306457635,7.525195968645017,41,0.023743238985580284,-0.1685061391893724,-0.15905150209445673,-0.0777485232962809,True,True
BTC/USD,Bitcoin  / US Dollar,Bitcoin,Cross-asset,,,2068,2021-01-01,2026-08-30,0.47782920528385897,390691.73822123744,0.12628922200447312,-0.7668092653528407,0.27495790556217625,1.0034236519282709,1.0478553636807588,-0.26240062807556075,0.4332688588007737,15.35396518375242,69,0.21009641205669927,1.0588400824888775,0.9467849658650335,-0.22190509950138881,0.27562862669245647,9.504835589941974,43,0.06403929418355503,0.4072200130580072,0.18863525207713794,-0.3394874154135711,0.16779497098646035,6.09284332688588,27,0.06486149350547699,-0.05541643056060663,0.10107039781572535,-0.040495528574171935,True,True
BWXT,"BWX Technologies, Inc.",Individual equity,,1,easy_to_borrow,2679,2016-01-04,2026-08-28,0.3110526378515613,32167791.9,0.17353697384682376,-0.4774746687451279,0.22947952402577654,1.1520603877754907,0.7752111626669097,-0.2960219551487271,0.5453527435610303,16.085106382978722,88,0.17648430404685755,1.190739955308995,0.8050517853902552,-0.2192210578867363,0.3590892123926838,9.40649496080627,52,0.05951415103675095,0.49763204167501873,0.2981962904587935,-0.19958045401968194,0.19260918253079506,6.866741321388577,38,0.052995219978918984,-0.03867956753350432,-0.029840622723345533,-0.0768008972619908,True,True
BX,Blackstone Inc.,Individual equity,,1,easy_to_borrow,2679,2016-01-04,2026-08-28,0.3582051453240068,244973074.5,0.21648628074831455,-0.49285714285714355,0.25093509982098317,1.08044800829601,0.7514519101409686,-0.3339336775042717,0.5569242254572602,17.4020156774916,92,0.20927710470638816,1.2186645729909715,1.05560130563154,-0.19825392749129167,0.3784994400895857,9.688689809630459,51,0.0449567633043475,0.34960444505569144,0.16601849851096334,-0.27079369894059546,0.185143710339679,7.713325867861142,41,0.041657995114595,-0.13821656469496157,-0.3041493954905715,-0.13567975001298005,True,False
BXP,"BXP, Inc.",Individual equity,,1,easy_to_borrow,2679,2016-01-04,2026-08-28,0.3162094722850555,77155733.37,-0.014666429002543002,-0.6359723002058767,0.1613008027159708,0.755437633213641,0.5038102317517901,-0.3201618239373871,0.5543113101903695,15.050391937290033,82,0.1291823819664859,0.9747403398385891,0.8231752017751341,-0.15693181923837218,0.30869727510265027,7.525195968645017,40,0.0263173175916247,0.23028052389158382,0.06255277925035983,-0.42072179537048005,0.2605449794699515,8.277715565509519,46,0.0321184207494849,-0.2193027066249481,-0.3193649700233441,-0.16323000469901494,True,True
C,Citigroup Inc.,Individual equity,,1,easy_to_borrow,2679,2016-01-04,2026-08-28,0.33305584720104586,896634145.2600001,0.12604975677895025,-0.5650431565967944,0.211569484098322,0.9427084032074844,0.6278143269420493,-0.3369937177586121,0.5460992907801419,18.248600223964164,98,0.14593013642755825,1.0233227934989086,0.6122448713953446,-0.23835256650655856,0.3598357596117954,10.159014557670773,54,0.06298995136937324,0.42321540584669426,0.35040700366607813,-0.1797622499275151,0.19074281448301605,8.465845464725643,46,0.06563934767076374,-0.08061439029142425,0.015569455546704747,-0.09864115125205353,True,True
CAH,"Cardinal Health, Inc.",Individual equity,,1,easy_to_borrow,2679,2016-01-04,2026-08-28,0.29054797084748535,156717555.31,0.12690554514238195,-0.48436569386539474,0.15589727045317736,0.8605491937008013,0.874671593622433,-0.17823520460694542,0.5453527435610303,16.555431131019038,88,0.1679091384517628,1.1881762282781005,1.4085488623814377,-0.11920718047926171,0.3374393430384472,10.347144456886898,56,-0.004980732980071179,0.030779126725279556,-0.01677056719980198,-0.2969925179471562,0.24150802538260546,7.337066069428891,39,-0.012011867998585446,-0.32762703457729925,-0.5338772687590048,-0.05902802412768371,True,True
CARR,Carrier Global Corporation,Individual equity,,1,easy_to_borrow,1609,2020-04-03,2026-08-28,0.33651811309670554,234340454.16000003,0.23169359381286703,-0.40824590465672705,0.2274193808402143,1.0199613986101326,0.8841196361306284,-0.25722693122790585,0.5637041640770665,18.01118707271597,57,0.2712924057113768,1.5032951562146373,2.188814938435765,-0.1239448803768014,0.3331261653200746,9.397141081417029,30,-0.017099250274316025,-0.03742265829335783,-0.04925337844622071,-0.3471690839032805,0.23865755127408328,8.614045991298942,27,-0.043873024871162514,-0.4833337576045047,-1.3046953023051366,-0.13328205085110445,False,True
CASY,"Casey's General Stores, Inc. Common Stock",Individual equity,,1,easy_to_borrow,2679,2016-01-04,2026-08-28,0.2841118634218506,54459562.400000006,0.20164673341473427,-0.3340988689211689,0.034495937424006584,0.28571584791707716,0.09760086568076609,-0.3534388469138814,0.5923852183650616,17.213885778275476,93,0.09792213414332473,0.8442363739806915,0.7049558087585214,-0.13890535112516167,0.3915640164240388,10.159014557670773,55,-0.04949833730885078,-0.34278318739523983,-0.10049933026664072,-0.4925240514292365,0.22209779768570362,7.6192609182530795,41,-0.06342619671931815,-0.5585205260636144,-0.6073549430777553,-0.21453349578871972,False,False
CAT,Caterpillar Inc.,Individual equity,,1,easy_to_borrow,2679,2016-01-04,2026-08-28,0.3123958451186025,599819819.82,0.29116792792495994,-0.4335869337614294,0.27647236929106667,1.275858203833065,1.343341853834333,-0.20580939133395193,0.5363941769316909,16.367301231802912,88,0.26831434034270885,1.4985915606119928,1.892435083771799,-0.14178258617354178,0.3885778275475924,10.347144456886898,55,0.015016934611724597,0.18053637570355544,0.06915456939082638,-0.2171502873057677,0.15789473684210525,6.7726763717805145,37,0.00815802894835782,-0.2227333567789278,-0.549093229937466,-0.06402680516041015,False,False
CB,Chubb Limited,Individual equity,,1,easy_to_borrow,2679,2016-01-04,2026-08-28,0.23501101395840843,287237816.25,0.12872970165539388,-0.4259421560035057,0.039443373627999545,0.3143198277396552,0.18528050505949345,-0.21288464005068586,0.543859649122807,17.590145576707727,94,0.05905747236075021,0.5549132218650877,0.37097734977039265,-0.15919428072172703,0.3833519970138111,10.911534154535273,58,-0.027267596852114995,-0.16119595715009996,-0.08524173777877465,-0.3198855110495492,0.18327734229189996,7.807390817469205,43,-0.019614098732750662,-0.2405933941254325,-0.1856968447108992,-0.053690359328958825,False,False
CBOE,"Cboe Global Markets, Inc.",Individual equity,,1,easy_to_borrow,2679,2016-01-04,2026-08-28,0.252949080252843,87155055.72,0.175438633044392,-0.4344523401127176,0.09214965542627618,0.5758105837317791,0.37559850824880353,-0.24534084508459897,0.5214632325494587,15.708846584546471,84,0.12823344676864012,1.010488675438536,1.2892125202230502,-0.09946649195312973,0.38671145949981334,9.312430011198208,50,-0.02546634938471759,-0.12789554493776015,-0.05983333892502783,-0.42562139840845836,0.15602836879432624,6.96080627099664,37,-0.03608379134236395,-0.434678091706757,-0.9136140119742466,-0.14587435313146924,False,False
CBRE,"CBRE GROUP, INC.",Individual equity,,1,easy_to_borrow,2679,2016-01-04,2026-08-28,0.33126203835934637,118285045.84,0.1501385187401001,-0.5357198443579767,0.1176322876636382,0.6204558311423947,0.4544425879275395,-0.2588496122251521,0.5692422545726017,18.71892497200448,102,0.12830586846156677,0.9063204581022629,0.7802619827098386,-0.16443947200395737,0.3870847331093692,10.441209406494961,56,-0.00016435402650116782,0.08059405103027,-0.0003606802844825471,-0.45567787753344946,0.19298245614035087,8.465845464725643,47,-0.010673580797928572,-0.28586462695986825,-0.3258193947822991,-0.09441014022119476,False,False
CCEP,Coca-Cola Europacific Partners plc Ordinary Shares,Individual equity,,1,easy_to_borrow,2679,2016-01-04,2026-08-28,0.2711593883714749,62884346.160000004,0.10834498288438099,-0.48775425487754276,0.14472641913748618,0.8308303547636176,0.5925665925784699,-0.24423654817887996,0.5684957073534901,15.99104143337066,88,0.13325811045496017,1.1521257332171724,0.8739740908997828,-0.15247375390472606,0.3878312803284808,7.901455767077267,44,0.008965897965857783,0.13094958243886246,0.023592446016603225,-0.38003257311887106,0.1959686450167973,8.465845464725643,46,0.011468308682526018,-0.3212953784535548,-0.28140749832131295,-0.0917627942741539,True,True
CCI,Crown Castle Inc.,Individual equity,,1,easy_to_borrow,2679,2016-01-04,2026-08-28,0.2586237242666111,226475046.2,0.03097840865913737,-0.5579775415840996,0.07656065679019575,0.5156162083556843,0.22968978155919553,-0.33332199748060876,0.5796939156401643,17.684210526315788,95,0.044434348616845254,0.44437653921736964,0.22251832714658223,-0.19968848942305084,0.3240014930944382,9.782754759238522,52,0.04477307382151907,0.39502258673019436,0.16285626002327716,-0.2749238734520836,0.28294139604329976,8.089585666293393,43,0.03212630817335049,0.0712396691383147,0.007171454412613298,-0.13363350805755791,True,True
CCL,Carnival Corporation Ltd.,Individual equity,,1,easy_to_borrow,2679,2016-01-04,2026-08-28,0.5557915766841218,392985916.26,-0.05767323277568448,-0.9036519871106337,0.2579052478929651,0.8005060340507381,0.5305426100902916,-0.48611599330178756,0.5274356103023516,18.530795072788354,98,0.10218340327089437,0.5354242421644726,0.21320368890508729,-0.4792759627924813,0.2855543113101904,10.911534154535273,58,0.12331710498075377,0.530134690835547,0.2535569793398287,-0.4863486909405027,0.2646509891750653,8.371780515117582,44,0.15572184462207073,0.26508179188626546,0.3173389211852043,-0.006840030509306261,True,True
CDNS,"Cadence Design Systems, Inc. Common Stock",Individual equity,,1,easy_to_borrow,2679,2016-01-04,2026-08-28,0.33755813205557156,220798253.26999998,0.3023282730888057,-0.31917020744813784,0.2241640156610134,1.0239827484332873,0.737065908562556,-0.3041302182842557,0.5546845837999254,17.11982082866741,91,0.24674410571950833,1.4531087298696057,1.2380354870552743,-0.19930293460844228,0.393057110862262,10.535274356103024,56,-0.035041828090408456,-0.149361293646978,-0.08913117220656332,-0.3931489648671769,0.1787980589772303,7.713325867861142,41,-0.022580090058494928,-0.4291259814363184,-0.5009695784927183,-0.1048272836758134,False,False
CDW,CDW Corporation Common Stock,Individual equity,,1,easy_to_borrow,2679,2016-01-04,2026-08-28,0.3124825756050963,115462627.39999999,0.14244935420232863,-0.6036388575116984,0.13535957372811414,0.7122109223381965,0.3954419599089389,-0.34229947110135783,0.559163867114595,18.81298992161254,100,0.14066250759664078,1.014871552695582,0.714247882458852,-0.19693794136623766,0.3575961179544606,10.72340425531915,57,0.006145575633477174,0.11678389323943562,0.023033792154694536,-0.2668069413930454,0.22433743934303846,8.842105263157894,47,-0.005302933868526649,-0.30266063035738555,-0.3188059225499131,-0.14536152973512018,False,False
CEG,Constellation Energy Corporation Common Stock,Individual equity,,1,easy_to_borrow,1147,2022-02-02,2026-08-28,0.48717288443399265,442755149.1,0.4498397398047662,-0.5070352927495784,0.2868035575556309,0.9888777751560872,1.0002816031023762,-0.2867228155212581,0.47602441150828245,17.13687881429817,39,0.3345775303967091,1.3306197138434572,1.7737009832924047,-0.18863243215643644,0.3156059285091543,10.545771578029642,24,-0.04768989805920465,-0.16556734733553247,-0.15492707744714893,-0.30782158190180375,0.17523975588491716,7.030514385353095,16,-0.047773972841078205,-0.34174193868737,-0.7734193801900284,-0.09809038336482168,False,False
CF,"CF Industries Holding, Inc.",Individual equity,,1,easy_to_borrow,2679,2016-01-04,2026-08-28,0.4049547668629223,129924206.04,0.14423950652893658,-0.6048981361074977,0.08238259602651121,0.42351472512178573,0.16885122515974257,-0.4879004931623844,0.5270623366927958,18.154535274356103,96,0.1154569393191347,0.6588944382723292,0.39249259920000373,-0.29416335379180214,0.3038447181784248,10.817469204927212,57,-0.038815173528587654,-0.09337318543132932,-0.07717036839902247,-0.5029802803050936,0.24636058230683092,8.465845464725643,45,-0.03307434329262349,-0.23537971315054346,-0.22364137404026116,-0.19373713937058223,False,False
CFG,"Citizens Financial Group, Inc.",Individual equity,,1,easy_to_borrow,2679,2016-01-04,2026-08-28,0.3779596532948367,143415987.06,0.13908630454195792,-0.6560642092746736,0.2691159727613881,1.0033633279541556,0.8016526875741311,-0.33570145392483597,0.5808137364688316,16.6494960806271,88,0.22038561678602342,1.2571279259958694,1.1485122363894424,-0.1918879136010303,0.3680477790220231,8.842105263157894,47,0.04034306226172757,0.2880774729817374,0.10382856468912062,-0.38855455993753907,0.2206047032474804,8.183650615901456,43,0.04873035597536468,-0.2537645980417138,-0.34685954881531134,-0.14381354032380567,True,True
CHD,"Church & Dwight Co., Inc.",Individual equity,,1,easy_to_borrow,2679,2016-01-04,2026-08-28,0.21732587696217137,116461401.84,0.10133675855190472,-0.31721901287118603,0.13672032475707585,1.0129032630238082,0.8327481690186666,-0.16417967621374763,0.5330347144456887,15.050391937290033,81,0.12683556374402105,1.2136304972198748,1.212071111717682,-0.10464366530795088,0.3449048152295633,7.525195968645017,40,-8.222627167608909e-05,0.04412698196839323,-0.000255840562399422,-0.32139654050523947,0.19970138111235536,8.465845464725643,46,0.0098847610130548,-0.20072723419606664,-0.37932294269901534,-0.059536010905796743,True,True
CHRW,"C.H. Robinson Worldwide, Inc. Common Stock",Individual equity,,1,easy_to_borrow,2679,2016-01-04,2026-08-28,0.29190540939695253,104669370.96,0.11236580441666333,-0.40556422734367836,0.08868063701927364,0.5852236764876569,0.41957808277215397,-0.21135669535777546,0.5020530048525569,17.213885778275476,92,0.1128281401437119,0.9850665791604531,0.7870953371060718,-0.1433474889567371,0.3098170959313177,9.594624860022396,51,-0.0017221109110907573,0.05029415231852812,-0.007655020629204071,-0.22496489487185267,0.22471071295259426,7.6192609182530795,41,-0.024147503124438252,-0.3998429026727962,-0.36751725433391785,-0.06800920640103836,False,True
CHTR,"Charter Communications, Inc. Class A Common Stock New",Individual equity,,1,easy_to_borrow,2679,2016-01-04,2026-08-28,0.34658967162081766,489680327.96000004,-0.013515049159853909,-0.8498069451042009,0.22734399256884652,1.0116840385199752,1.1795430351507987,-0.19273904028417388,0.5968645016797313,16.085106382978722,86,0.11957912461448994,0.8933337583789157,0.6957724030334816,-0.1718652882654439,0.3456513624486749,8.559910414333705,45,0.08505429692671784,0.5325590405043417,0.3165177871954039,-0.26871885362388537,0.26539753639417696,8.465845464725643,47,0.10776486795435658,0.11835028014105953,0.4837706321173171,-0.020873752018729985,True,True
CI,The Cigna Group,Individual equity,,1,easy_to_borrow,2679,2016-01-04,2026-08-28,0.30525237438463143,368702342.70000005,0.07258760842770928,-0.42469437652811615,0.06535242257799134,0.42481219307115636,0.17380187642905204,-0.3760167837121653,0.5072788353863382,17.872340425531913,99,0.07523173467568389,0.6513782541997754,0.354696843640005,-0.21210150590468568,0.3019783501306458,9.594624860022396,55,-0.008617767456199688,0.01739135165832152,-0.02924967291805679,-0.29462782303044677,0.22284434490481522,8.842105263157894,47,-0.00987931209769255,-0.226566061128619,-0.18089496721095294,-0.1639152778074796,False,True
CIBR,First Trust Exchange-Traded Fund II First Trust NASDAQ Cybersecurity ETF,Thematic/industry ETF,,1,easy_to_borrow,2679,2016-01-04,2026-08-28,0.23788556841169403,16385310.180000002,0.18274516980894484,-0.3388625592417065,0.08021820847023475,0.5526226208086759,0.21849672233951994,-0.36713689620288426,0.49832026875699886,19.565509518477043,105,0.10080139445736891,0.8838060391216315,0.42794310468303287,-0.2355485889462574,0.3732736095558044,12.040313549832026,64,-0.014776844260264044,-0.06888164718625632,-0.038637345796351634,-0.3824497763937853,0.13064576334453154,7.901455767077267,43,-0.020583185987134156,-0.3311834183129556,-0.20944638234351293,-0.13158830725662685,False,False
CIEN,Ciena Corporation,Individual equity,,1,easy_to_borrow,2679,2016-01-04,2026-08-28,0.45407158389107205,82569290.75999999,0.31713574337047246,-0.49536082474226883,0.2818957508650799,1.0529998246674805,1.09136332029375,-0.2582968894256087,0.509518477043673,18.624860022396415,100,0.22251986635493815,1.0903023345976066,0.9526204046016687,-0.2335871300678083,0.2799552071668533,11.47592385218365,61,0.033446705881027494,0.2698317993305012,0.12256258345307278,-0.27289491571327473,0.2553191489361702,8.089585666293393,44,0.05937588451014175,-0.03730250993012607,0.1387429156920813,-0.024709759357800398,False,False
CINF,Cincinnati Financial Corporation Common Stock,Individual equity,,1,easy_to_borrow,2679,2016-01-04,2026-08-28,0.28368369236677315,59723487.720000006,0.1379552174086358,-0.5812069663831507,0.054563924069365166,0.364517322607017,0.1643210972950236,-0.33205671680368953,0.5386338185890257,17.966405375139978,96,0.08808071447905141,0.7404102866798402,0.4359072890541087,-0.20206295396018958,0.3658081373646883,11.099664053751399,60,-0.036028766007393465,-0.14654829429724975,-0.07568491993370338,-0.4760362571428107,0.18402388951101156,7.99552071668533,42,-0.03351679040968625,-0.3758929640728232,-0.2715861917590851,-0.12999376284349995,False,False
CL,Colgate-Palmolive Company,Individual equity,,1,easy_to_borrow,2679,2016-01-04,2026-08-28,0.1968441335103042,287537246.64,0.057176417190548445,-0.29049041333461645,0.0736020360322176,0.5795945491912528,0.23506926522149602,-0.3131078661553881,0.6084359835759612,16.367301231802912,88,0.07644966116943719,0.8358154504845718,0.7770488551444565,-0.09838462622176425,0.37812616648002983,9.40649496080627,50,0.00193204466480279,0.07208418534023826,0.006182491403007646,-0.31250260434861143,0.2553191489361702,7.901455767077267,43,-0.0028476251372195893,-0.2562209012933191,-0.5419795899229605,-0.21472323993362386,True,True
CLX,Clorox Company,Individual equity,,1,easy_to_borrow,2679,2016-01-04,2026-08-28,0.2453300561828152,153272785.68,0.011253409075656196,-0.5634135083850482,0.12826970838479013,0.8478147014979941,0.4483616642337523,-0.2860853605849697,0.5729749906681597,15.520716685330347,84,0.06861106454947774,0.7081049286390646,0.28709186179154034,-0.23898644887153497,0.3236282194848824,8.183650615901456,45,0.043704273743505606,0.40275851579245403,0.17199934112429974,-0.2540955881448499,0.2937663307204181,8.842105263157894,47,0.059658643835312386,0.1397097728589295,0.16126980244221195,-0.04709891171343472,True,True
CMCSA,Comcast Corporation Class A Common Stock,Individual equity,,1,easy_to_borrow,2679,2016-01-04,2026-08-28,0.2635237620218697,657530515.4,0.02923431160623613,-0.5540183112919626,0.09362260109329923,0.6269646333449028,0.49769889192678296,-0.18811092934294127,0.5580440462859276,17.02575587905935,93,0.08558777252276939,0.8042199321408319,0.8058821309296403,-0.10620383457818827,0.3292273236282195,9.124300111982082,48,0.012812145918405626,0.16363580532502375,0.043852388898636595,-0.2921652899690481,0.24150802538260546,9.03023516237402,50,0.00803482857052984,-0.17725529879592905,-0.3081832390028574,-0.081907094764753,True,True
CME,CME Group Inc. Class A Common Stock,Individual equity,,1,easy_to_borrow,2679,2016-01-04,2026-08-28,0.2393110579958126,257154391.20000002,0.15899634449761546,-0.37357840321654223,0.07131461763457603,0.4770197477881059,0.26901497387034007,-0.2650953462127661,0.5670026129152669,17.02575587905935,93,0.08014053816447775,0.7367820302562622,0.3314707126652308,-0.24177260645472398,0.3818589025755879,10.441209406494961,55,-0.013679353974204167,-0.032763247445152084,-0.059362426303969006,-0.23043791883030829,0.2030608435983576,7.148936170212766,41,-0.00882592052990172,-0.2597622824681563,-0.06245573879489075,-0.02332273975804211,False,False
CMG,"Chipotle Mexican Grill, Inc.",Individual equity,,1,easy_to_borrow,2679,2016-01-04,2026-08-28,0.36024175316358686,9224229.18,0.14546761049686818,-0.5889132020423051,0.30670250775962504,1.2645089371955753,1.1034575991124247,-0.27794679923027743,0.568868980963046,16.743561030235163,90,0.22176394997273174,1.3311996828723973,1.2754918474071246,-0.17386543898617868,0.3374393430384472,8.842105263157894,48,0.06850910772752816,0.46807324706372105,0.23783899581109072,-0.2880482550554626,0.24972004479283313,9.03023516237402,48,0.0849385577868933,-0.06669074567682198,-0.17203424829469993,-0.10408136024409875,True,True
CMI,Cummins Inc.,Individual equity,,1,easy_to_borrow,2679,2016-01-04,2026-08-28,0.28503206055897035,202425932.57999998,0.2204039927222352,-0.4404942965779465,0.17887329445496736,0.951001600662891,0.5918496345963197,-0.3022275997128404,0.5684957073534901,17.213885778275476,92,0.17342974302859138,1.1663314083452854,1.1442374409393785,-0.1515679672972523,0.4008958566629339,9.970884658454647,53,0.007635818847432585,0.1226022419624668,0.02004238674552579,-0.3809835098176212,0.1784247853676745,7.99552071668533,43,0.005443551426375981,-0.2153298076823944,-0.5523878063430588,-0.1506596324155881,False,False
CMS,CMS Energy Corporation,Individual equity,,1,easy_to_borrow,2679,2016-01-04,2026-08-28,0.20457280711410364,105582885.19999999,0.09552424604047638,-0.2954907161803707,0.0651719327761282,0.5475006232065686,0.33095954856735527,-0.19691812204313763,0.5625233296005973,16.837625979843224,89,0.09005398732096737,0.9642051991972082,1.107858821446144,-0.0812865191644323,0.3814856289660321,8.842105263157894,47,-0.028433993528593438,-0.26001313954766714,-0.08240203002571664,-0.3450642359140854,0.20194102276969017,8.748040313549831,46,-0.02488205454483916,-0.4167045759906396,-0.7768992728787887,-0.11563160287870533,False,False
CNC,Centene Corporation,Individual equity,,1,easy_to_borrow,2679,2016-01-04,2026-08-28,0.38486008272523814,213750260.67999998,0.06539459579091766,-0.7406912157992189,0.15296415099305904,0.7729748444505509,0.4657202725229496,-0.32844640875177133,0.5121313923105636,16.743561030235163,91,0.12740234671674688,0.8498357032266681,0.5836235172278124,-0.21829543011204,0.3139231056364315,9.970884658454647,54,0.022795573087821097,0.22577342092881608,0.09758862813340101,-0.23358841623083548,0.20679357969391565,7.337066069428891,41,0.02556180427631216,-0.07686085877611726,-0.11790324470486274,-0.11015097863973133,True,True
CNP,"CenterPoint Energy, Inc.",Individual equity,,1,easy_to_borrow,2679,2016-01-04,2026-08-28,0.256520110467809,110089152.81,0.11023475118985981,-0.5982704402515723,0.09956741659617574,0.5909819353797144,0.38635029712887003,-0.25771279933289215,0.5793206420306084,15.708846584546471,84,0.12029101891376426,0.9238225420207514,0.7704375565937297,-0.15613337886278122,0.3896976483762598,8.277715565509519,45,-0.017975212911328975,-0.06189973104270152,-0.05457431008358577,-0.32937132661499924,0.1937290033594625,7.6192609182530795,40,-0.02072360231758852,-0.332840606641037,-0.38408725946485966,-0.10157942047011093,False,True
COF,Capital One Financial,Individual equity,,1,easy_to_borrow,2679,2016-01-04,2026-08-28,0.3659125766971658,272900060.47999996,0.13083246730058695,-0.6024792520222715,0.09825827946452859,0.4951433576350406,0.22856434829447705,-0.42989328912282887,0.5363941769316909,19.565509518477043,104,0.10600956633747183,0.6842123761977418,0.42259170644,-0.2508557662679146,0.3407988055244494,11.287793952967524,60,0.01721037619616439,0.1834739119164264,0.052016451118983995,-0.3308640982983798,0.21873833519970137,8.465845464725643,45,-0.007751286872943242,-0.1890690185627012,-0.19402735814552294,-0.17903752285491425,False,False
COHR,Coherent Corp.,Individual equity,,0,hard_to_borrow,2679,2016-01-04,2026-08-28,0.5730996209213178,64701893.66,0.29637472209892524,-0.7222333801968264,0.23481507254460565,0.7593761484405168,0.537625564020361,-0.4367632200906888,0.53826054497947,19.75363941769317,106,0.2730808269758258,1.056862448453403,0.694569893125183,-0.39316536705487204,0.307204180664427,11.8521836506159,64,-0.033822536681123005,0.0017201117080773256,-0.081197394557608,-0.41654706860238677,0.24598730869727511,8.465845464725643,45,-0.038265754431220156,-0.29748630001288623,-0.15694432910482203,-0.04359785303581676,False,False
COIN,"Coinbase Global, Inc. Class A Common Stock",Individual equity,,1,easy_to_borrow,1351,2021-04-14,2026-08-28,0.847263993390249,1432141828.13,-0.10729716636440378,-0.9089789865413135,0.46130958300745983,0.9279141743891792,0.8854428738239971,-0.5209930495179027,0.5418208734270911,15.854922279792747,44,0.4160509050755119,1.1477202080074265,1.3848175944573275,-0.3004373332204455,0.20281273131014063,8.39378238341969,23,0.0047029836986220985,0.25874930554870346,0.0064764686763193,-0.726164818154404,0.35381199111769057,8.580310880829016,24,0.04525867793194793,-0.21980603361824724,-0.49937472063333044,-0.22055571629745718,True,True
COO,"The Cooper Companies, Inc. Common Stock",Individual equity,,1,easy_to_borrow,2679,2016-01-04,2026-08-28,0.2769718719258063,28240846.0,0.07527924974156264,-0.48235913638757255,0.1148570771603068,0.6924391406611732,0.48891101261514064,-0.2349242995078935,0.5587905935050392,17.213885778275476,92,0.09982404245777365,0.8876091029635116,0.5330403646731321,-0.18727295168159952,0.3254945875326614,9.03023516237402,49,0.0028506141025161913,0.0909437785117006,0.0076113711188463265,-0.3745204455289083,0.2523329600597238,9.312430011198208,49,0.015033034702533143,-0.1951699623023384,-0.044129352057991456,-0.04765134782629399,True,True
COP,ConocoPhillips,Individual equity,,1,easy_to_borrow,2679,2016-01-04,2026-08-28,0.3810179078933418,442847748.0,0.13553576437286075,-0.7019954203467453,0.2164258361718785,0.9151845084000608,0.9562952933931554,-0.2263169521664693,0.5293019783501306,18.154535274356103,98,0.19896600682157062,1.150144526181776,0.9500030223966505,-0.20943723559912764,0.3184023889511012,9.312430011198208,50,0.01451938928167995,0.16902645023428428,0.05442952366935702,-0.26675576604125495,0.22209779768570362,9.218365061590145,50,0.017459829350307876,-0.23496001778171516,0.006292270996504978,-0.016879716567341663,True,True
COPX,Global X Copper Miners ETF (NEW),Thematic/industry ETF,,1,easy_to_borrow,2679,2016-01-04,2026-08-28,0.3683332446690798,7428822.38,0.24208573385315013,-0.6540728612361849,0.3754545969120835,1.3237709431303242,1.2798976934137813,-0.2933473502172348,0.524822695035461,19.84770436730123,105,0.34145366925912946,1.725254846146063,2.40951514100932,-0.14171053065725836,0.3146696528555431,10.253079507278835,54,0.03066935726854858,0.2508456456942537,0.0874748830216934,-0.35060758253249347,0.21313923105636431,9.782754759238522,52,0.03400092765295404,-0.4014839030157389,-1.1296174475955387,-0.15163681955997643,True,True
COR,"Cencora, Inc.",Individual equity,,0,hard_to_borrow,2679,2016-01-04,2026-08-28,0.27364748442052583,154304418.52,0.1544969834783556,-0.32443024722841063,0.1374267635297013,0.8325954649437459,0.339411926665152,-0.4048966837434682,0.5349010824934677,17.11982082866741,94,0.16307150223846612,1.265669650404447,1.2003037026717969,-0.1358585346987431,0.3624486748786861,10.159014557670773,57,-0.015630879317578672,-0.0678175928320811,-0.03187359469488449,-0.4904021484620098,0.19335572974990667,7.148936170212766,39,-0.025644738708764825,-0.433074185460701,-0.8608917760066448,-0.2690381490447251,False,True
COST,Costco Wholesale Corporation Common Stock,Individual equity,,1,easy_to_borrow,2679,2016-01-04,2026-08-28,0.2185888264583338,849491950.16,0.2020568082600689,-0.3140267109542588,0.2539565749796764,1.6755856895229932,2.11467358176192,-0.1200925651930086,0.5793206420306084,15.426651735722285,83,0.22461956089120272,1.9325352581526059,2.3881271222956704,-0.09405678566862863,0.41955953714072414,9.03023516237402,49,0.03482738606573865,0.4102941905109479,0.19482881807044178,-0.17875890440985254,0.17543859649122806,6.58454647256439,35,0.029337014088473667,-0.2569495686296126,-0.27345354053375015,-0.026035779524379965,True,True
CPAY,"Corpay, Inc.",Individual equity,,1,easy_to_borrow,2679,2016-01-04,2026-08-28,0.3281101842164634,140094800.46,0.10535238593802432,-0.5012923825452336,0.09605371154735876,0.5703320279099569,0.23249998954026604,-0.413134261800573,0.5408734602463606,18.34266517357223,99,0.10373053789587594,0.8072901996301579,0.41692596455559866,-0.24879845995305738,0.3654348637551325,10.441209406494961,55,-0.005772816890734278,0.031494415185721825,-0.019302674918981817,-0.29906823354608847,0.19260918253079506,8.653975363941768,48,-0.007676826348517185,-0.23695817172020106,-0.18442597501533262,-0.16433580184751562,False,False
CPER,United States Copper Index Fund,Commodity ETF,,1,easy_to_borrow,2679,2016-01-04,2026-08-28,0.2428179697325217,1193201.54,0.10397532258703479,-0.38422714126386925,0.11924446504893238,0.8441740837348899,0.6281833557119598,-0.1898242988526576,0.45427398282941395,20.694288913773796,113,0.10764930453232724,0.9979552607773129,0.683659025866987,-0.1574605182690465,0.2702500933184024,12.040313549832026,66,0.008468578165366392,0.13363106719523732,0.0399381075857462,-0.21204254976740067,0.1952220977976857,9.03023516237402,49,0.01159516051660514,-0.153781177042423,-0.05547567015502719,-0.03236378058361111,True,True
CPRT,"Copart, Inc. (DE) Common Stock",Individual equity,,1,easy_to_borrow,2679,2016-01-04,2026-08-28,0.27734150759572956,39085398.24,0.2009572620899187,-0.5744047619047621,0.20207981965934296,1.030473783011977,0.824609659357338,-0.24506118424180778,0.6326987681970885,16.461366181410973,88,0.20016797061984315,1.4562492377117662,1.4479693243144387,-0.1382404773765601,0.42627846211272863,10.06494960806271,53,0.004949398680704986,0.10876837592616356,0.014051034232833456,-0.3522444397110345,0.22284434490481522,6.7726763717805145,38,0.0019118490394998133,-0.42577545469978917,-0.6233596649571007,-0.1068207068652477,True,False
CPT,Camden Property Trust,Individual equity,,1,easy_to_borrow,2679,2016-01-04,2026-08-28,0.24155549985801908,65233192.010000005,0.07290852435795014,-0.502174772637406,0.06083149709849911,0.44029637480472705,0.2244344599662963,-0.27104348016625557,0.5595371407241508,17.213885778275476,92,0.052509108339496624,0.5298336558010939,0.25899391728995186,-0.20274263152177052,0.3736468831653602,9.782754759238522,53,0.0075108403354986475,0.12195974339158953,0.02590727307845667,-0.28991242392640415,0.18962299365434865,7.807390817469205,41,0.008322388759002486,-0.08953728099636682,-0.03455945732365556,-0.06830084864448505,False,False
CRDO,Credo Technology Group Holding Ltd Ordinary Shares,Individual equity,,1,easy_to_borrow,1151,2022-01-27,2026-08-28,0.8254536153572605,53441473.68000001,0.9263956919322389,-0.6203512396694213,0.3888617524404081,0.8459776317753058,0.7878870326459058,-0.4935501364129842,0.579496090356212,20.142484795829713,47,0.5680678271964954,1.2314832344840123,2.3733749290526256,-0.23935022665097827,0.3266724587315378,13.136403127715031,31,-0.1298959655661036,-0.1622761731024428,-0.18931566270508496,-0.6861342781154612,0.26064291920069504,7.443961772371851,17,-0.1792060747560873,-0.3855056027087065,-1.5854878964067198,-0.2541999097620059,False,False
CRH,CRH Public Limited Company,Individual equity,,1,easy_to_borrow,2679,2016-01-04,2026-08-28,0.30947324202425425,23120239.8,0.146883949092806,-0.5326917633739028,0.12817849252536284,0.7013657054008468,0.33034224540239154,-0.3880172587954289,0.5020530048525569,18.907054871220605,100,0.10205604063913509,0.7627721428828771,0.4793473416397782,-0.21290624099429878,0.3508771929824561,10.347144456886898,55,0.03315460034592399,0.2959077162111053,0.12612696457462333,-0.26286686956862415,0.15714818962299365,8.748040313549831,46,0.02612245188622775,-0.06140643748203034,-0.14900509623738667,-0.17511101780113014,False,False
CRL,"Charles River Laboratories International, Inc.",Individual equity,,1,easy_to_borrow,2679,2016-01-04,2026-08-28,0.37540834274905377,83227873.41,0.13168508524687628,-0.782347807113244,0.20301509491403258,0.8858160532897386,0.8217433772901955,-0.24705412970105212,0.503919372900336,15.896976483762597,84,0.1932468797584883,1.1709024397723458,1.24911471973489,-0.1547070711003251,0.3482642777155655,9.688689809630459,51,0.013974973316565276,0.16654820220239655,0.04859078753574503,-0.2876054088706591,0.1795446061963419,7.148936170212766,38,0.009768215155544269,-0.2850863864826072,-0.42737134244469444,-0.092347058600727,True,True
CRM,"Salesforce, Inc.",Individual equity,,1,easy_to_borrow,2679,2016-01-04,2026-08-28,0.36394589506391195,1098347303.8999999,0.12183946076151764,-0.5866967677991302,0.1265583616140209,0.6310660192956178,0.46189125496734473,-0.27400034153703223,0.5367674505412467,17.778275475923852,96,0.12145685303783682,0.771600578812107,0.4389112816863239,-0.2767230146629911,0.3654348637551325,10.817469204927212,59,0.0069134695856751804,0.12259805975426095,0.021967728934203276,-0.31471025550169907,0.18103770063456515,7.901455767077267,42,0.005101508576184077,-0.1405345595164892,0.02297997328102086,0.0027226731259588632,True,False
CRWD,"CrowdStrike Holdings, Inc. Class A Common Stock",Individual equity,,1,easy_to_borrow,1814,2019-06-12,2026-08-28,0.5633667431793549,194254390.26,0.45757584196046786,-0.6769440654843113,0.4647281585033354,1.1552264969825663,1.3082863783053145,-0.35521898432155186,0.5661521499448732,16.531422271223814,59,0.3763755017045425,1.2916991896487007,1.5967925393990388,-0.23570720204278595,0.37045203969129,10.41896361631753,37,0.06189653445892063,0.35021736981464285,0.13485107071454666,-0.4589992065390677,0.20452039691289967,6.390297684674752,23,0.0883526567987929,-0.13647269266613438,-0.2885061610937243,-0.11951178227876591,True,False
CRWV,"CoreWeave, Inc. Class A Common Stock",Individual equity,,1,easy_to_borrow,357,2025-03-28,2026-08-28,1.1333006374790005,2352518196.1,0.6915590365198032,-0.6687002941496899,0.25968047932247007,0.6873532704810783,0.41735276084752704,-0.6222086054855165,0.5546218487394958,18.352941176470587,13,0.9364733554748261,1.3678967774245472,2.311575704405852,-0.4051233769631306,0.27450980392156865,8.470588235294118,6,-0.20182049498640042,-0.1658103791461431,-0.3681621403972311,-0.5481837289642134,0.2969187675070028,9.88235294117647,7,-0.6767928761523561,-0.6805435069434689,-1.8942229435583249,-0.21708522852238588,False,True
CSCO,"Cisco Systems, Inc. Common Stock (DE)",Individual equity,,1,easy_to_borrow,2679,2016-01-04,2026-08-28,0.26142829792811595,867396233.88,0.1779725257880942,-0.4194637956512559,0.19762676339117013,1.05238039135584,1.0863204319164845,-0.1819230841884446,0.6043299738708473,17.02575587905935,91,0.1983066108499365,1.4646812190209932,1.745372775234826,-0.1136184852105625,0.4076147816349384,10.159014557670773,55,0.005713740498181297,0.10971202439353428,0.02861352070327841,-0.1996867340245425,0.20716685330347145,7.6192609182530795,41,-0.0006798474587663694,-0.4123008276651532,-0.6590523433183415,-0.0683045989778821,True,True
CSGP,"CoStar Group, Inc. Common Stock",Individual equity,,1,easy_to_borrow,2679,2016-01-04,2026-08-28,0.3323805038550935,35642668.38,0.047114801438572274,-0.7278925205534397,0.07919721900179866,0.4614906270839535,0.20668939793259852,-0.3831702051192045,0.5520716685330347,17.4020156774916,93,0.10304444996289042,0.7530599183485094,0.5033024377172829,-0.20473663992220315,0.3426651735722284,10.06494960806271,53,-0.01531618783134936,-0.012659916972818003,-0.0416746006049401,-0.36751852708898625,0.21761851437103397,7.525195968645017,41,-0.02384723096109176,-0.2915692912645559,-0.29661303978468434,-0.17843356519700138,True,True
CSX,CSX Corporation Common Stock,Individual equity,,1,easy_to_borrow,2679,2016-01-04,2026-08-28,0.3450184395231804,364448656.42,0.08248769753899032,-0.7384791428274209,0.2017117539114457,0.7626332294856494,0.6021554461762105,-0.334982860642297,0.6368047779022024,16.743561030235163,89,0.12020344555329787,0.9334278835899531,0.8963179009805824,-0.13410804963483813,0.42851810377006344,10.535274356103024,56,0.0698318208456199,0.3668099511014193,0.21099525469719133,-0.33096394014092234,0.22359089212392683,6.96080627099664,37,0.08150830835814782,-0.17079465410430372,-0.29416245480437186,-0.20087481100745885,True,True
CTAS,Cintas Corporation Common Stock,Individual equity,,1,easy_to_borrow,2679,2016-01-04,2026-08-28,0.2642676510437629,39862580.07,0.24543346017335632,-0.4837443946188338,0.1950229182717631,1.0335374552686494,0.7995932178392636,-0.24390266690702112,0.5576707726763718,15.238521836506159,82,0.1604814160543886,1.2916525677265212,0.9762877852717359,-0.16437921120740118,0.3997760358342665,10.159014557670773,54,0.03884110496038673,0.32691170420922605,0.14653613224824624,-0.26506162244398657,0.17506532288167226,5.4557670772676365,31,0.03454150221737451,-0.2581151124578718,-0.17669456743247225,-0.07952345569961994,False,False
CTSH,Cognizant Technology Solutions Corporation Class A Common Stock,Individual equity,,1,easy_to_borrow,2679,2016-01-04,2026-08-28,0.2956786194201899,237298465.01999998,0.02236689060836272,-0.5608531994981181,0.1732067512384614,0.8798606674234991,0.8407952559213875,-0.20600348303422855,0.5390070921985816,16.837625979843224,90,0.0920655241164261,0.7828041753437112,0.3952053190020504,-0.23295618679653562,0.3240014930944382,9.500559910414333,50,0.06734987693271322,0.46521315429472815,0.23808373445878406,-0.28288315069407866,0.24412094064949608,8.277715565509519,45,0.08114122712203531,0.09705649207978795,0.44558993691933707,0.026952703762307073,True,True
CTVA,"Corteva, Inc. Common Stock",Individual equity,,1,easy_to_borrow,1821,2019-06-03,2026-08-28,0.3249744783372404,175138335.0,0.19822941291906804,-0.34758450378144745,0.0962199905787775,0.5386730732174402,0.41329461482506524,-0.2328121081846286,0.515650741350906,16.606260296540363,60,0.10986957012873222,0.7505645164753957,0.5146929638062814,-0.2134662368729886,0.3415705656232839,10.240527182866556,37,-0.03761546071784916,-0.17403915729251293,-0.10694161779612152,-0.35173828012926667,0.2026359143327842,8.026359143327841,30,-0.013649579549954716,-0.2118914432579555,-0.10139834898121614,-0.019345871311640006,False,False
CVNA,Carvana Co.,Individual equity,,1,easy_to_borrow,2347,2017-04-28,2026-08-28,0.9859489926885353,57528117.54,0.4572644935101904,-0.9899486625236422,0.7012813668171978,1.1057213675959519,1.3027253522652096,-0.5383186606430843,0.5440988495952279,16.749893481039624,79,0.636447682710295,1.3395984580822962,2.179357567232913,-0.2920345391134599,0.2829143587558585,9.448657861099276,45,0.07335637965155994,0.4085555836161006,0.10765449240779718,-0.6814056525730914,0.27226246271836385,7.730720068172134,36,0.06483368410690282,-0.2338770904863443,-0.8766322149677035,-0.24628412152962442,True,True
CVS,CVS HEALTH CORPORATION,Individual equity,,1,easy_to_borrow,2679,2016-01-04,2026-08-28,0.2843293906613112,467334105.36,0.0272435312132544,-0.5678323151464086,0.15341844375355396,0.8967160315491405,0.8069515632220242,-0.19012100694244827,0.5035460992907801,18.06047032474804,96,0.13651578301013334,1.1243731702828739,1.1682043745086272,-0.11685950334465656,0.2978723404255319,9.970884658454647,53,0.016534606781723138,0.18876114082270348,0.055308552271839596,-0.2989520806918996,0.21948488241881298,8.748040313549831,46,0.016902660743420617,-0.2276571387337334,-0.361252811286603,-0.07326150359779171,True,True
CVX,Chevron Corporation,Individual equity,,1,easy_to_borrow,2679,2016-01-04,2026-08-28,0.2882042591515674,857052562.4,0.12752632139300868,-0.5577818693815664,0.1336237139726022,0.7084026109989857,0.47374392177382046,-0.28205895174819395,0.5464725643896976,16.837625979843224,91,0.13162069056805792,0.9575930058854569,0.7929001204004325,-0.16599908006267738,0.38596491228070173,10.441209406494961,56,0.001785862783484804,0.08996668358214117,0.005374385609675387,-0.3322915237547813,0.17506532288167226,7.148936170212766,39,0.0020030234045442796,-0.2491903948864712,-0.319156198626612,-0.11605987168551657,True,True
D,"Dominion Energy, Inc Common Stock",Individual equity,,1,easy_to_borrow,2679,2016-01-04,2026-08-28,0.23295392406542867,212343698.49,0.040638203385612526,-0.5220567962503437,0.028057851553183966,0.25529441616520104,0.10211156734526694,-0.27477642624280507,0.6084359835759612,17.11982082866741,93,0.04136213443271575,0.4552672661468582,0.29511428136945467,-0.14015632940831602,0.3706606942889138,9.03023516237402,49,-0.004072619103524411,0.032187514934418474,-0.016095215604781696,-0.25303290142410295,0.2639044419559537,8.653975363941768,46,-0.013304282879531781,-0.19997284998165715,-0.19300271402418773,-0.13462009683448906,False,True
DAL,"Delta Air Lines, Inc.",Individual equity,,1,easy_to_borrow,2679,2016-01-04,2026-08-28,0.41626611232657795,410578598.0,0.060945917300500474,-0.6918469217970049,0.22834775523705497,0.8655638654742219,0.4410148771418511,-0.5177778961039621,0.555431131019037,17.684210526315788,94,0.1831157891985007,1.0398412804533976,0.8771807920580631,-0.20875490076437941,0.3385591638671146,9.782754759238522,52,0.0457387975987158,0.3113286281189335,0.08106657466251035,-0.5642127817677233,0.22508398656215006,8.465845464725643,45,0.04523196603855428,-0.1742774149791757,-0.436165914916212,-0.30902299533958266,True,True
DASH,"DoorDash, Inc. Class A Common Stock",Individual equity,,1,easy_to_borrow,1436,2020-12-09,2026-08-28,0.5664772221206219,471769532.695,0.039822050691215694,-0.8249380005691749,0.3612316163865512,0.918757527196161,0.9377639483814967,-0.3852052715504869,0.685933147632312,14.565459610027855,43,0.32459746326882777,1.2279029482448076,1.3902757028129693,-0.23347704531702884,0.40668523676880225,7.545961002785515,22,0.06385109002791411,0.35137557680927073,0.17416910195754953,-0.3666040032948934,0.30779944289693595,7.370473537604457,22,0.036634153117723445,-0.3091454210486466,-0.4525117544314726,-0.15172822623345805,True,True
DBA,Invesco DB Agriculture Fund,Commodity ETF,,1,easy_to_borrow,2679,2016-01-04,2026-08-28,0.13019128040091613,9244186.4,0.050095963979003955,-0.4055299539170477,0.0741533168986992,0.847601480851992,0.3346742346449944,-0.22156864563343903,0.528555431131019,19.283314669652853,104,0.07017497297470077,1.081488033092451,0.6513052350093892,-0.10774513884214232,0.3030981709593132,9.876819708846584,53,0.007733785851259167,0.15450332851045312,0.030763063332081772,-0.25139843089663505,0.2374020156774916,9.40649496080627,51,0.003978343923998429,-0.23388655224045896,-0.3166310003643948,-0.11382350679129671,True,True
DBC,Invesco DB Commodity Index Tracking Fund,Commodity ETF,,1,easy_to_borrow,2679,2016-01-04,2026-08-28,0.180098378363794,23546067.439999998,0.10109910329811456,-0.40943762120232796,0.11768593135054939,0.9695798419212289,0.4891692540128272,-0.2405832549473017,0.5397536394176932,20.412094064949606,109,0.09775776002675074,1.164907225039169,0.674373729721063,-0.1449608069210906,0.3493840985442329,12.322508398656215,66,0.0209826922331513,0.2731688290383034,0.09510049373414442,-0.2206370483397162,0.1941022769690183,8.277715565509519,44,0.01992817132379865,-0.19532738311794007,-0.18520447570823584,-0.09562244802621112,True,False
DD,"DuPont de Nemours, Inc. Common Stock",Individual equity,,1,easy_to_borrow,2679,2016-01-04,2026-08-28,0.8327346329393048,217924919.4,0.17055294997930037,-0.6202798254851812,0.12377837621092125,0.6300356538590957,0.38522460731910596,-0.3213148222080937,0.5576707726763718,17.307950727883537,93,0.08620431444763543,0.658105225794145,0.3804553439120611,-0.22658195193483943,0.3620754012691303,9.782754759238522,52,0.028571891327340504,0.2468681715833235,0.07433958330262062,-0.3843429039819932,0.20977976857036207,8.089585666293393,44,0.037574061763285815,-0.02806957193504933,0.004769263407044866,-0.09473287027325428,False,False
DDOG,"Datadog, Inc. Class A Common Stock",Individual equity,,1,easy_to_borrow,1745,2019-09-19,2026-08-28,0.602089862494187,422341111.92,0.304802501053824,-0.6810643060643056,0.29467525743870415,0.8362310110240001,0.547852772710879,-0.5378730785291007,0.5048710601719197,17.618338108882522,62,0.4049707396785258,1.3368175743856394,1.4031029211910098,-0.2886251133557405,0.27621776504297996,8.953581661891118,32,-0.07491247359742148,-0.10798894021217864,-0.12317184744120144,-0.6081947714000349,0.2510028653295129,9.097994269340974,31,-0.11029548223982166,-0.5005865633616393,-0.8552501484801308,-0.24924796517336023,False,True
DE,Deere & Company,Individual equity,,1,easy_to_borrow,2679,2016-01-04,2026-08-28,0.3032279550817114,431234282.7,0.23995153846922035,-0.3790937366591448,0.13135879855176524,0.6989205792695371,0.4859123083042918,-0.2703343716691875,0.5393803658081374,18.43673012318029,98,0.15219217924696715,1.03969408092376,0.7096889131563514,-0.21444914303379814,0.372153788727137,10.629339305711087,56,-0.018771250595073452,-0.054013049318887466,-0.04864669506410812,-0.38586897980091184,0.1791713325867861,8.277715565509519,44,-0.02083338069520191,-0.34077350165422293,-0.22377660485205964,-0.05588522863538936,False,False
DECK,Deckers Outdoor Corp,Individual equity,,1,easy_to_borrow,2679,2016-01-04,2026-08-28,0.42125158736587054,18420693.32,0.25481186816835155,-0.643494240509165,0.2816469255439922,1.0526329039494804,0.8641928182560243,-0.32590750535553736,0.5460992907801419,18.154535274356103,97,0.18823069092392264,1.0706755717434948,1.1752832607613366,-0.16015772300031628,0.3538633818589026,10.535274356103024,56,0.10014195554598682,0.5536578215495954,0.25286818475864653,-0.39602433829929484,0.2127659574468085,7.807390817469205,42,0.09341623462006954,-0.018042667794014422,-0.31109044250531226,-0.1657497823552211,True,False
DELL,Dell Technologies Inc.,Individual equity,,1,easy_to_borrow,1927,2018-12-28,2026-08-28,0.4882246412460881,181930275.78,0.4964326609671732,-0.5958896201362429,0.39555897425424336,1.1686878022440002,1.293525968815723,-0.3057990204992901,0.5588998443175921,19.22366372599896,73,0.31151177428067234,1.171987719865466,1.4861760062383238,-0.2096062464829742,0.376751427088739,12.946549039958484,49,0.07411533674976112,0.44726756227512143,0.2864086993759634,-0.258774740122231,0.18578100674623768,6.538661131292164,25,0.08404719997357102,-0.0032999176214658643,-0.19265003742260078,-0.09619277401631587,False,False
DG,Dollar General Corp.,Individual equity,,1,easy_to_borrow,2679,2016-01-04,2026-08-28,0.3151208362802095,293109661.84,0.06512179897276837,-0.7260822868473236,0.15146930374003098,0.8367224666974507,0.6680912760808237,-0.22671947556116068,0.5449794699514744,16.931690929451285,94,0.11907925588271429,0.9308653225340286,0.9224872711459912,-0.12908498535137947,0.3299738708473311,9.40649496080627,52,0.010484419056299377,0.14376057463404615,0.02934377529896031,-0.35729618801541374,0.23068309070548712,9.03023516237402,50,0.032390047857316695,-0.094142855836578,-0.2543959950651674,-0.09763449020978121,True,True
DGX,Quest Diagnostics Inc.,Individual equity,,1,easy_to_borrow,2679,2016-01-04,2026-08-28,0.23679992797195848,117197813.50000001,0.1457637338069171,-0.36596874078442954,0.1123376323094345,0.7923008684680111,0.5083419874677051,-0.2209883013383216,0.5636431504292646,16.6494960806271,89,0.09871053153683906,0.9231825225168301,0.6125276244764266,-0.16115278330706206,0.3553564762971258,10.441209406494961,55,0.00981439964167441,0.14587957024827222,0.06431445801993227,-0.15260020754015746,0.22135125046659201,7.148936170212766,39,0.013627100772595435,-0.13088165404881902,-0.10418563700872152,-0.05983551803125953,False,False
DHI,D.R. Horton Inc.,Individual equity,,1,easy_to_borrow,2679,2016-01-04,2026-08-28,0.35631554524416437,241212554.7,0.17334724395081058,-0.5361269184342131,0.2262164818300978,0.9518006851213856,0.6440630595992838,-0.3512334366309453,0.562896603210153,16.179171332586787,88,0.19986674731072807,1.1650640850660425,0.9184366392053696,-0.21761626091447372,0.3490108249346771,9.03023516237402,48,0.041045585756934067,0.3104438823532258,0.13187328398582027,-0.3112501980412311,0.22769690182904068,7.148936170212766,40,0.026349734519369727,-0.21326339994465693,-0.27437357960608577,-0.13361717571647158,True,True
DHR,Danaher Corporation,Individual equity,,1,easy_to_borrow,2679,2016-01-04,2026-08-28,0.2556089644903905,467604949.34999996,0.13275847777980898,-0.42902074424850756,0.13192351105913147,0.8289189954982322,0.5106270931168161,-0.2583558781691032,0.5759611795446062,17.4020156774916,93,0.12245661308320899,1.013569860551369,0.7365925179150229,-0.16624743003069198,0.3964165733482643,10.06494960806271,53,0.017353533913978536,0.2042803758538928,0.05385806732903697,-0.3222086267589215,0.20119447555057857,8.277715565509519,45,0.009466897975922484,-0.18465086505313677,-0.2259654247982068,-0.09210844813841124,False,False
DIA,State Street SPDR Dow Jones Industrial Average ETF Trust,Broad index ETF,Indices,1,easy_to_borrow,2679,2016-01-04,2026-08-28,0.1712873088504477,1017116989.79,0.1349644389222402,-0.368188736681887,0.13758095936834658,1.1092790211630745,0.9929323189525497,-0.13856025908541436,0.6200074654721911,17.307950727883537,93,0.13449737369985737,1.7188652311866752,2.431765476903075,-0.055308529945553686,0.5080253826054498,10.159014557670773,54,0.002173292501844948,0.07129032194502972,0.009924216713420997,-0.21898881943054505,0.1261664800298619,7.713325867861142,44,0.0030835856684892082,-0.6095862100236007,-1.4388331579505254,-0.08325172913986068,True,False
DIS,The Walt Disney Company,Individual equity,,1,easy_to_borrow,2679,2016-01-04,2026-08-28,0.28815174281793027,1019937234.68,0.013030946833458179,-0.6071209644462618,0.1799392873647634,0.9087314769852077,0.7761628891342426,-0.23183186143500567,0.5300485255692422,16.837625979843224,89,0.12395404840992863,0.9500922491017028,0.7102533871929294,-0.17452088317356862,0.2773422918999627,7.99552071668533,42,0.060609290568151675,0.44665473949089507,0.3232792470720551,-0.18748277570271188,0.2646509891750653,9.03023516237402,48,0.05598523895483476,-0.041360772116495026,0.06590950194131318,-0.05731097826143705,True,True
DLR,"Digital Realty Trust, Inc.",Individual equity,,1,easy_to_borrow,2679,2016-01-04,2026-08-28,0.28233303052027703,183917370.45,0.12490852007008124,-0.485158987241358,0.13025645743900793,0.7279766878657151,0.46250478475921764,-0.2816326700421491,0.6058230683090705,16.367301231802912,88,0.1328469734395874,0.9633872204663717,0.6913053704587747,-0.19216829366076738,0.3870847331093692,9.03023516237402,48,-0.0011089065214688887,0.06163170436424086,-0.00279564767671431,-0.3966546037632942,0.23105636431504292,8.277715565509519,45,-0.002590516000579468,-0.23541053260065659,-0.22880058569955708,-0.08946437638138172,True,True
DLTR,Dollar Tree Inc. Common Stock,Individual equity,,1,easy_to_borrow,2679,2016-01-04,2026-08-28,0.3669699228929965,262380487.41,0.046877025145758644,-0.6483800551470589,0.24683028517614058,1.123212904799187,1.0919984553041033,-0.22603537942496676,0.6155281821575215,16.367301231802912,89,0.17776294610217325,1.1771441895962316,1.0775584236399307,-0.16496826733691172,0.3508771929824561,8.465845464725643,46,0.07713731497681198,0.5258060283998045,0.298314282077557,-0.2585773448042876,0.2825681224337439,8.277715565509519,45,0.06906733907396734,-0.053931284797044565,0.014440031664172626,-0.06106711208805504,True,True
DOC,"Healthpeak Properties, Inc.",Individual equity,,1,easy_to_borrow,2679,2016-01-04,2026-08-28,0.29784873415184226,68813069.16000001,0.049585668054682674,-0.4870235198702352,0.10940157860977573,0.6472313318494106,0.3339508033727922,-0.3275978901827937,0.5617767823814857,16.367301231802912,88,0.09003727659012495,0.7524262266227473,0.5917754047074492,-0.15214771664029514,0.3583426651735722,9.03023516237402,49,0.013638323581848244,0.16599691266094124,0.03403195697114289,-0.400750494407734,0.21911160880925717,8.089585666293393,43,0.01936430201965078,-0.10519489477333666,-0.25782460133465696,-0.1754501735424986,True,True
DOV,Dover Corporation,Individual equity,,1,easy_to_borrow,2679,2016-01-04,2026-08-28,0.2738506098247621,112586557.72,0.1350219368553809,-0.4524199417758369,0.15920818200432696,0.849367529037385,0.7353223694872223,-0.21651480848508786,0.6338185890257558,17.11982082866741,92,0.13448291567070703,1.0233156752738628,1.0363946578733934,-0.1297603327545669,0.4423292273236282,9.782754759238522,52,0.01677957482345427,0.18520479575628163,0.04843389233936035,-0.34644283193027947,0.21015304217991787,8.089585666293393,45,0.024725266333619933,-0.1739481462364778,-0.30107228838617106,-0.08675447573052097,True,False
DOW,Dow Inc.,Individual equity,,1,easy_to_borrow,2679,2016-01-04,2026-08-28,0.32759700403475045,223541631.39000002,-0.0034446990397604127,-0.6493622734392491,0.16193383556079732,0.78752800047883,0.5405101152596036,-0.2995944589918017,0.5893990294886151,15.050391937290033,81,0.05622963774744316,0.4623147657983322,0.25959732822320764,-0.21660329916452625,0.4072415080253826,8.277715565509519,44,0.10581966530597331,0.6660854604008627,0.3711978036118749,-0.28507621617454004,0.1866368047779022,6.96080627099664,38,0.10570419781335416,0.3252132346804978,0.28091278703639594,-0.08299115982727545,True,True
DPZ,Domino's Pizza Inc Common Stock,Individual equity,,1,easy_to_borrow,2679,2016-01-04,2026-08-28,0.30152467721917314,198003412.64000002,0.12861122861181506,-0.47813162677976306,0.1849910424904906,0.8937722698177408,0.730558477457012,-0.2532186651702717,0.6117954460619635,16.555431131019038,88,0.18803404921444988,1.1157606536856792,1.0275337999409957,-0.18299548805620547,0.3818589025755879,9.218365061590145,49,0.011797003004073714,0.1530251560332694,0.06530015432001805,-0.18065811829876932,0.25009331840238896,7.525195968645017,40,-0.003043006723959296,-0.2219883838679384,-0.29697532248398373,-0.07022317711406623,True,True
DRI,"Darden Restaurants, Inc.",Individual equity,,1,easy_to_borrow,2679,2016-01-04,2026-08-28,0.35297499873252614,149612554.3,0.15643675623525044,-0.7279862174578866,0.10719236717997482,0.5518608921469581,0.2631619184855761,-0.40732476718834243,0.5397536394176932,16.931690929451285,90,0.07688581475856138,0.5853832524826315,0.2900560516631393,-0.26507226557663344,0.3650615901455767,10.347144456886898,55,0.02699385219322248,0.23124533521488055,0.06157069646402257,-0.43842044582028916,0.19223590892123926,7.525195968645017,40,0.030306552421413446,-0.03352236033567335,-0.02689413317756323,-0.142252501611709,False,False
DTE,DTE Energy Company,Individual equity,,1,easy_to_borrow,2679,2016-01-04,2026-08-28,0.2230526635052177,103246482.01,0.10364139201199074,-0.43758127438231476,0.06449573681174581,0.4598058077674396,0.2348259742482184,-0.2746533343179992,0.606942889137738,17.4020156774916,94,0.07371157505125736,0.7535928196438484,0.5789645762664625,-0.12731620909624075,0.41209406494960804,9.970884658454647,54,0.008796947412293976,0.13185842431747813,0.03744715384984888,-0.23491631560483672,0.20567375886524822,7.807390817469205,41,-0.009215838239511553,-0.29378701187640877,-0.3441386020182441,-0.14733712522175846,False,False
DUK,Duke Energy Corporation,Individual equity,,1,easy_to_borrow,2679,2016-01-04,2026-08-28,0.20212037958215917,251890387.76000002,0.09462345281945073,-0.3736457545981353,0.05660140281156245,0.4480414090221956,0.21027208073425752,-0.26918173165887616,0.6028368794326241,15.99104143337066,86,0.07537148110170722,0.8061725194362371,0.608887074452893,-0.12378564805211412,0.41246733855916384,8.842105263157894,47,-0.018842108762879506,-0.10734790449670936,-0.07222334865043879,-0.2608866677461241,0.2112728630085853,7.901455767077267,43,-0.018770078290144765,-0.35813111041404155,-0.3986149937186355,-0.14539608360676204,False,False
DVA,DaVita Inc.,Individual equity,,1,easy_to_borrow,2679,2016-01-04,2026-08-28,0.34447900754657507,92378540.1,0.09526884262994395,-0.5109881895649572,0.15583471130168935,0.7898419014463623,0.650293815348541,-0.23963738793696798,0.5177304964539007,18.34266517357223,102,0.16550117642249584,1.0418217913596892,0.7213683376992595,-0.22942672664335007,0.3355729749906682,9.970884658454647,55,0.011401811598772627,0.14963093474265873,0.03461352926652078,-0.32940332408694284,0.20754012691302726,8.748040313549831,48,-0.009666465120806489,-0.25197988991332687,-0.07107452235071843,-0.010210661293617918,True,True
DVN,Devon Energy Corporation,Individual equity,,1,easy_to_borrow,2679,2016-01-04,2026-08-28,0.5064444916228694,230079244.5,0.07330719022631538,-0.8851280558789287,0.3450558873916889,0.9817133731515437,1.0344337429249986,-0.3335698296306515,0.5584173198954834,17.966405375139978,97,0.2145096815115679,0.9449345835010238,0.9669149775953382,-0.2218495798307325,0.2937663307204181,9.688689809630459,53,0.11657281429591393,0.5216650279272944,0.242848924043187,-0.480021950911272,0.2721164613661814,8.465845464725643,45,0.130546205880121,0.03677878965051995,0.06751876532966039,-0.11172024979991901,True,True
DXCM,"DexCom, Inc. Common Stock",Individual equity,,1,easy_to_borrow,2679,2016-01-04,2026-08-28,0.4841753592500108,92570101.6,0.15504412991402594,-0.6631863407443803,0.32910598838793903,1.0189417589601073,0.9753533341715976,-0.33742232364178104,0.5550578574094811,15.520716685330347,83,0.19197070718288378,0.9880078763342244,0.5375918530047163,-0.3570937805510226,0.3355729749906682,9.688689809630459,51,0.10920974732986743,0.5130527900223182,0.5179937239656872,-0.2108321824708086,0.22807017543859648,6.58454647256439,36,0.13713528120505525,0.030933882625882925,0.4377614811668813,0.019671456909241547,True,True
EBAY,eBay Inc. Common Stock,Individual equity,,1,easy_to_borrow,2679,2016-01-04,2026-08-28,0.31192898410103476,311859683.71999997,0.15272519557301045,-0.5358352526757888,0.19162398729175179,0.9454141622778534,1.1404487293647354,-0.1680250785131675,0.5296752519596865,17.02575587905935,91,0.1875601913940783,1.2088216447817726,1.6276689767007249,-0.1152323931210274,0.3314669652855543,9.782754759238522,52,-0.004743882833418311,0.039005102370051364,-0.016248433975663855,-0.29195938762612306,0.2120194102276969,8.559910414333705,46,0.004063795897673472,-0.2634074825039192,-0.48722024733598945,-0.052792685392140104,True,True
ECHO,EchoStar Corporation Common Stock,Individual equity,,0,hard_to_borrow,2679,2016-01-04,2026-08-28,0.5354339572881276,12267723.915000001,0.07865020704525794,-0.8444979919678708,0.15313138158655293,0.6400945728650228,0.3386072464542541,-0.4522389381505484,0.5375139977603584,17.213885778275476,91,0.17821665750384508,0.9310541853907692,0.5380704660861536,-0.33121434595763477,0.269130272489735,9.03023516237402,49,0.03186267781994112,0.2529727558292265,0.056183447551672934,-0.5671185946828279,0.2978723404255319,8.371780515117582,45,-0.02508527591729215,-0.2909596125257464,-0.1994632196318995,-0.12102459219291362,True,True
ECL,"Ecolab, Inc.",Individual equity,,1,easy_to_borrow,2679,2016-01-04,2026-08-28,0.24995913003307738,196394824.38,0.10383591256234159,-0.4369946844150622,0.11952523448448682,0.7244689392499982,0.44566676705293473,-0.26819418301003817,0.5905188503172826,15.896976483762597,86,0.11499884027361484,1.0491040544953234,0.7725178663646741,-0.14886236976599398,0.404628592758492,8.936170212765957,48,-0.014234564176826003,-0.026642670524412063,-0.038662748374795,-0.36817258925404783,0.20119447555057857,8.277715565509519,44,0.004526394210871976,-0.3246351152453252,-0.3268510993117394,-0.11933181324404418,True,True
ED,"Consolidated Edison, Inc.",Individual equity,,1,easy_to_borrow,2679,2016-01-04,2026-08-28,0.20783722331693982,139920297.79,0.08799962833374408,-0.3091103393000266,0.05678425411558474,0.4776065359345909,0.2298941733953964,-0.24700171073027222,0.5927584919746174,16.6494960806271,89,0.06780595442171866,0.7533585993463858,0.5192806191285508,-0.130576709247323,0.3471444568868981,9.218365061590145,49,-0.01105995506271773,-0.06272157113369908,-0.043657984206971055,-0.25333178486403274,0.25083986562150057,7.807390817469205,42,-0.01102170030613392,-0.2757520634117949,-0.2893864457331544,-0.11642500148294921,False,False
EEM,iShares MSCI Emerging Markets ETF,Broad index ETF,,1,easy_to_borrow,2679,2016-01-04,2026-08-28,0.20834382730206127,1687670625.75,0.09758847081257671,-0.39816799844085105,0.13631399932488475,0.9354047373214206,0.7264949801155582,-0.1876324036033976,0.5879059350503919,20.412094064949606,110,0.1372033069603158,1.2906040708530364,1.1789484094680662,-0.1163777022458693,0.3964165733482643,10.629339305711087,56,0.00015555441766434974,0.05456519795954641,0.0006488304334953991,-0.23974587139253356,0.19671519223590891,9.970884658454647,55,-0.000889307635431047,-0.3551993335316158,-0.452453429352508,-0.07125470135752832,True,True
EFA,iShares MSCI EAFE ETF,Broad index ETF,,1,easy_to_borrow,2679,2016-01-04,2026-08-28,0.17450188768744843,1187025454.44,0.09215158267617385,-0.3420464316423032,0.07833631197441426,0.6470728705045441,0.6126133739922461,-0.12787235032744448,0.6013437849944009,20.788353863381857,111,0.06664286841581024,0.8081783182107889,0.5643902294537252,-0.11807941551418077,0.4483016050765211,12.13437849944009,64,0.006634015397446458,0.11542278208576862,0.036476388837939785,-0.18187149574812878,0.1620007465472191,8.842105263157894,48,0.011693443558604022,-0.1611054477062448,0.048223144538520946,-0.00979293481326371,False,False
EFX,"Equifax, Incorporated",Individual equity,,1,easy_to_borrow,2679,2016-01-04,2026-08-28,0.31472542166753187,147543295.20000002,0.06554740322961328,-0.49693718751034643,0.2331723164288504,1.121153542332586,1.1238716492112666,-0.20747237159375875,0.5349010824934677,16.273236282194848,89,0.1837820127864871,1.2529647379241375,0.779682850900511,-0.2357138066769382,0.3411720791340052,9.124300111982082,49,0.04337290584622466,0.3562530199031543,0.1626215510711026,-0.2667106884699485,0.21015304217991787,7.901455767077267,44,0.0493903036423633,-0.13181119559155152,0.34418879831075555,0.028241435083179445,True,True
EG,"Everest Group, Ltd.",Individual equity,,1,easy_to_borrow,2679,2016-01-04,2026-08-28,0.26856789567784006,76217856.03,0.09616037152657597,-0.44207135186731883,0.02025217299118487,0.20302257867428788,0.047411478835742524,-0.427157589016548,0.5237028742067936,17.684210526315788,96,0.07451923463263843,0.6644551133997564,0.39481813474441474,-0.1887431910413092,0.3583426651735722,9.782754759238522,54,-0.045701046456826044,-0.3357741763697256,-0.08930351239221203,-0.5117497087473072,0.1873833519970138,8.465845464725643,46,-0.05426706164145356,-0.4614325347254685,-0.3474066559086722,-0.23841439797523878,False,False
EIX,Edison International,Individual equity,,1,easy_to_borrow,2679,2016-01-04,2026-08-28,0.27782164187648056,110018628.16000001,0.059154318056645394,-0.4387996513510146,0.13443891107165618,0.8021745431890888,0.8450962425098163,-0.1590811842594302,0.5927584919746174,16.931690929451285,92,0.12381543047395449,0.9971298701257537,1.0625496720089462,-0.1165267222188856,0.37812616648002983,8.842105263157894,47,0.013570939399051962,0.16869962226634558,0.06519440427133344,-0.20816110754798667,0.22172452407614782,8.277715565509519,46,0.010623480597701684,-0.19495532693666495,-0.21745342949912994,-0.04255446204054458,True,True
EL,The Estee Lauder Companies Inc. Class A,Individual equity,,1,easy_to_borrow,2679,2016-01-04,2026-08-28,0.36309426747463536,276145334.84999996,0.029094131237992427,-0.8581500852428698,0.2457036161153121,0.9862746576047696,0.879828528344671,-0.2792630702457266,0.5920119447555058,16.273236282194848,89,0.144253681411876,0.9413713108269198,0.8306155438584,-0.17367081856159894,0.3583426651735722,9.312430011198208,51,0.09229910800159291,0.5291261769720855,0.3171750891407971,-0.29100364802174117,0.24748040313549832,7.525195968645017,41,0.1014499347034361,0.044903346777849795,0.04921298448627098,-0.10559225168412767,True,True
ELV,"Elevance Health, Inc.",Individual equity,,1,easy_to_borrow,2679,2016-01-04,2026-08-28,0.30960085527507897,403842655.51,0.1184374545339495,-0.5038180610889772,0.12120002410113662,0.6823723334377132,0.30976830485168133,-0.391260249040546,0.5464725643896976,16.743561030235163,92,0.15034368073213478,1.0389589312531078,0.8981970916470565,-0.1673838427337191,0.3631952220977977,9.218365061590145,51,-0.00784376292141653,0.010627351125837127,-0.019788798343006505,-0.3963738871586697,0.20082120194102276,7.713325867861142,43,-0.02914365663099816,-0.3565865978153946,-0.5884287867953752,-0.22387640630682692,True,True
EMB,"iShares J,P. Morgan USD Emerging Markets Bond ETF",Bond ETF,,1,easy_to_borrow,2679,2016-01-04,2026-08-28,0.097586811877879,357460240.8,0.037878228401006186,-0.28735632183908033,0.03033811519317897,0.6053098615564223,0.4345927861429433,-0.0698081426119217,0.2993654348637551,10.159014557670773,56,0.022354449445706193,0.7949436969750475,0.5346981177340936,-0.04180760826396457,0.2564389697648376,6.208286674132139,33,0.007809097668427745,0.2015674013691683,0.10929182029214315,-0.07145180350691926,0.0429264650989175,3.9507278835386335,23,0.007983665747472779,-0.18963383541862522,-0.10010533159115031,-0.02800053434795713,False,False
EME,"EMCOR Group, Inc.",Individual equity,,1,easy_to_borrow,2679,2016-01-04,2026-08-28,0.3335583964890462,35221359.800000004,0.30335376765305155,-0.4799603611539308,0.236564752251472,1.0623109421283705,0.9059508681886923,-0.2611231586150432,0.5606569615528182,18.248600223964164,99,0.25777948240101867,1.4807958002866932,1.687092047855632,-0.1527951499319007,0.3915640164240388,10.535274356103024,58,-0.00679889079711804,0.03211322672870376,-0.013543373450263723,-0.5020086629144564,0.187010078387458,8.089585666293393,43,-0.021214730149546668,-0.4184848581583227,-0.7811411796669396,-0.10832800868314252,False,False
EMR,Emerson Electric Co.,Individual equity,,1,easy_to_borrow,2679,2016-01-04,2026-08-28,0.28761725003448074,226224923.04,0.14723743233411413,-0.5077220077220076,0.22470538273678065,1.0878994267747715,1.0881902674142008,-0.20649457127633952,0.6147816349384099,15.708846584546471,84,0.19197804804901897,1.3326946332428382,1.2998849911566095,-0.14768848733163775,0.425531914893617,8.559910414333705,45,0.03648655925664013,0.30979276391698446,0.1467866174826885,-0.24856870389389019,0.19970138111235536,7.337066069428891,40,0.03272733468776168,-0.24479520646806674,-0.21169472374240872,-0.05880608394470177,True,True
ENPH,"Enphase Energy, Inc. Common Stock",Individual equity,,1,easy_to_borrow,2679,2016-01-04,2026-08-28,0.7913807572266196,227954706.98,0.24947355181931785,-0.9222619047619048,0.5263021366103011,1.077958320531902,0.8749345306493905,-0.6015331641096291,0.545726017170586,17.778275475923852,95,0.463727449486915,1.2218270332016403,1.0196961600788976,-0.45477022238765197,0.2541993281075028,9.594624860022396,53,0.03500111869397582,0.2772993751113694,0.054078498206773726,-0.6472280084433202,0.3027248973497574,8.371780515117582,44,0.0625746871233861,-0.14386871266973822,-0.1447616294295071,-0.14676294172197712,True,True
ENTG,"Entegris, Inc. Common Stock",Individual equity,,1,easy_to_borrow,2679,2016-01-04,2026-08-28,0.4647001139330853,89134448.67,0.2534592646596747,-0.5931924418987424,0.19644230070900237,0.7256415513674577,0.4976473164338364,-0.39474200748577715,0.5169839492347891,18.06047032474804,98,0.20888660655217683,0.9821533093840895,1.2109331741412044,-0.1725005235737468,0.3296005972377753,10.911534154535273,58,-0.0038098828673175378,0.09677787820603688,-0.009047132005093066,-0.42111498596160324,0.1941022769690183,7.337066069428891,41,-0.012444305843174464,-0.25651175801663184,-0.713285857707368,-0.22224148391203036,False,False
EOG,"EOG Resources, Inc.",Individual equity,,1,easy_to_borrow,2679,2016-01-04,2026-08-28,0.3911087524712271,300098332.03999996,0.10390064175012759,-0.7713373828889122,0.18984140314059395,0.7542446370163091,0.46928844989713553,-0.4045303121826368,0.5460992907801419,18.530795072788354,99,0.15181365053975426,0.8688435472769558,0.6974092249515407,-0.2176823091927168,0.3157894736842105,10.06494960806271,54,0.013219715147769762,0.16563044285257278,0.04188119789690614,-0.31564797120443233,0.2370287420679358,9.218365061590145,49,0.03802775260083968,-0.11459891026064672,-0.22812077505440514,-0.18684800298992,True,True
EPD,Enterprise Products Partners L.P.,Individual equity,,1,easy_to_borrow,2679,2016-01-04,2026-08-28,0.251317279057117,91250682.12,0.11369395821586492,-0.5803021824286514,0.16090026154543025,0.9174350251368439,0.664180954520546,-0.24225365158442358,0.5446061963419186,14.58006718924972,79,0.15383358779346645,1.2032937180215533,1.513092029319429,-0.10166836174707694,0.3926838372527062,8.183650615901456,43,0.010860103706167079,0.1482943543188207,0.036942026232606395,-0.2939769366679067,0.15714818962299365,6.396416573348264,36,0.007066673751963792,-0.28585869288470933,-0.848911074798883,-0.14058528983734664,True,True
EQIX,"Equinix, Inc. Common Stock REIT",Individual equity,,1,easy_to_borrow,2679,2016-01-04,2026-08-28,0.27161110416956175,279372581.04,0.14821830731885455,-0.41768128636676527,0.1786649357793928,0.9780344308774838,1.0536903210694113,-0.16956114354174023,0.60321015304218,15.802911534154534,86,0.16938249893742063,1.2048456416141988,1.4914360145080596,-0.11357007427052801,0.42142590518850315,8.653975363941768,46,0.015969983996107606,0.18841853050906804,0.056539768992729104,-0.28245577017057344,0.18999626726390445,7.337066069428891,42,0.009282436841972164,-0.22681121073671506,-0.43774569343864833,-0.055991069271212224,True,True
EQT,EQT CORP,Individual equity,,1,easy_to_borrow,2679,2016-01-04,2026-08-28,0.5148435178194811,175768945.66,-0.00976444180716296,-0.9489556857111283,0.04934591433077595,0.3104933038728257,0.08594876789382588,-0.5741317245144675,0.5905188503172826,17.496080627099662,95,0.07849392137946931,0.4585263103890021,0.2502967609977003,-0.31360342445738043,0.28294139604329976,9.218365061590145,50,-0.037564600918356006,-0.03469346408538127,-0.05790370658815564,-0.6487425957985209,0.3217618514371034,9.594624860022396,51,-0.02914800704869336,-0.1480330065161764,-0.16434799310387443,-0.26052830005708705,True,True
ERIE,Erie Indemnity Company Class A Common Stock,Individual equity,,1,easy_to_borrow,2679,2016-01-04,2026-08-28,0.29542360973407766,16565655.1,0.12462535508028516,-0.608660146234925,0.15357036845516991,0.8995550856350892,0.4960755391288439,-0.30957053178807037,0.5505785740948115,15.896976483762597,87,0.17858895509700123,1.3536244897786391,1.1071719690779283,-0.16130191161336316,0.2926465098917507,7.807390817469205,43,-0.01631868789598845,-0.07180796895728371,-0.04939252769952608,-0.3303877864939685,0.2624113475177305,8.277715565509519,47,-0.02501858664183132,-0.4540694041435499,-0.6110964299490844,-0.1482686201747072,True,True
ES,Eversource Energy,Individual equity,,1,easy_to_borrow,2679,2016-01-04,2026-08-28,0.23972047821252296,109595224.44,0.06765729088924477,-0.41683493185260045,0.04160286882737285,0.3330244243667514,0.12358434151993286,-0.3366354371088569,0.6211272863008586,17.590145576707727,93,0.043270870167167574,0.4509629947770777,0.2746018099758078,-0.15757678425710198,0.39529675251959684,9.594624860022396,51,0.014065923799178037,0.17378113730665176,0.06316591347780129,-0.2226821876663162,0.24785367674505412,8.748040313549831,46,-0.0016680013397947224,-0.1179385704103263,-0.15101746845587494,-0.17905865285175493,False,False
ESLT,Elbit Systems Ltd. Ordinary Shares,Individual equity,,1,easy_to_borrow,2679,2016-01-04,2026-08-28,0.2951092499970868,3800610.85,0.22952112146024373,-0.3288969380448963,0.18030145297176325,0.9615716099282551,0.8324655647864098,-0.21658728072196498,0.4830160507652109,20.22396416573348,107,0.19463644524434276,1.22067452455746,0.8542541045689782,-0.22784373432135674,0.2989921612541993,11.664053751399775,63,-0.000788668235075618,0.05145915587363384,-0.002937770566242189,-0.2684580763856017,0.2045539380365808,8.936170212765957,47,-0.014334992272579505,-0.2591029146292049,-0.02178853978256845,0.011256453599391758,False,False
ESS,"Essex Property Trust, Inc",Individual equity,,1,easy_to_borrow,2679,2016-01-04,2026-08-28,0.2563313616627641,86727562.37,0.05077656237091954,-0.44843785807043,0.049893701220515396,0.3597847643962631,0.15181014028037693,-0.3286585542202064,0.5516983949234789,16.931690929451285,90,0.04664013100747866,0.45592200536675603,0.2754047999494579,-0.1693511914681154,0.3557297499066816,9.40649496080627,50,0.01220093978158121,0.15457940107110635,0.03562788793540743,-0.34245475913984136,0.22732362821948487,7.901455767077267,42,0.0032535702130367383,-0.09613724097049292,-0.12359465966908095,-0.159307362752091,False,False
ET,Energy Transfer LP Common Units representing limited partner interests,Individual equity,,1,easy_to_borrow,2679,2016-01-04,2026-08-28,0.4439744832475179,111675692.8,0.13330704053496834,-0.760033977489913,0.14054346796018669,0.6238730410111579,0.34795603657947444,-0.40391156693752617,0.49645390070921985,16.085106382978722,87,0.12761374117647373,0.7603420272926343,0.666925071423193,-0.19134644451759897,0.3426651735722284,9.688689809630459,52,0.018823116730892764,0.20109738035018063,0.04569253982020508,-0.4119516403544118,0.1612541993281075,6.96080627099664,39,0.012929726783712958,-0.1364689862814764,-0.3189690348437186,-0.2125651224199272,True,False
ETH/USD,Ethereum / US Dollar,Crypto,,,,2068,2021-01-01,2026-08-30,0.6456051593680316,211120.71215344826,0.15920146918738087,-0.7931468046062051,0.34676632283193953,0.9198828723570899,0.6269232936099548,-0.5531240047489492,0.4588974854932302,15.232108317214701,66,0.328915365845855,1.2002315504037382,1.0536869589033457,-0.3121566258997671,0.24032882011605416,8.895551257253386,37,0.0470023725417934,0.3059839134482365,0.07072627925864068,-0.6645673013549781,0.2330754352030948,6.336557059961316,29,0.01785095698608452,-0.2803486780466483,-0.42676366529339094,-0.24096737884918207,True,True
ETN,"Eaton Corporation, plc Ordinary Shares",Individual equity,,1,easy_to_borrow,2679,2016-01-04,2026-08-28,0.3035717970000179,255986759.0,0.2408220007059525,-0.4454865181711607,0.14879406584786636,0.7777223655059357,0.4630592845659435,-0.32132832837449965,0.6024636058230683,18.81298992161254,100,0.21924816063436547,1.4700653013133567,1.5152052389396242,-0.14469865533714787,0.42889137737961924,10.159014557670773,54,-0.05293948472885479,-0.27827947076744786,-0.09818079694289973,-0.5392040641067875,0.1866368047779022,8.842105263157894,48,-0.07045409478649911,-0.692342935807421,-1.0521459543736809,-0.17662967303735178,False,False
ETR,Entergy Corporation,Individual equity,,1,easy_to_borrow,2679,2016-01-04,2026-08-28,0.23790098990287198,60011132.18,0.15540314802484456,-0.41998132586367887,0.11912097480671524,0.772232545712799,0.41446211854584064,-0.2874110068844329,0.5770810003732736,16.085106382978722,86,0.11514946730686959,1.0767497607404444,0.8667309045115208,-0.13285492268418242,0.41843971631205673,9.218365061590145,50,0.016384307368224826,0.19177222731470306,0.050672994315532155,-0.32333410704333987,0.1776782381485629,6.866741321388577,36,0.00397150749984565,-0.3045172150276454,-0.45226878596568015,-0.15455608420025047,False,False
EVRG,"Evergy, Inc. Common Stock",Individual equity,,1,easy_to_borrow,2070,2018-06-05,2026-08-28,0.2413695835923649,94296919.96000001,0.08958305324667393,-0.38803088803088837,0.07367683480426535,0.5154718691537908,0.18752139617856636,-0.39289828417290007,0.5357487922705314,15.704347826086957,65,0.07179693826399935,0.730123974712099,0.3914832691976938,-0.18339720727054332,0.36183574879227054,9.495652173913044,40,0.001106237504294949,0.07508809804875796,0.0037049364759545256,-0.2985847426736088,0.19082125603864733,6.695652173913044,27,0.0018798965402659906,-0.21465210555830816,-0.2039618730191274,-0.20950107690235675,False,False
EW,Edwards Lifesciences Corp,Individual equity,,1,easy_to_borrow,2679,2016-01-04,2026-08-28,0.3241551781124703,204011929.8,0.1230108317607308,-0.5431588613406801,0.11337641232947826,0.5771119061573122,0.37805677289242634,-0.2998925570412643,0.5087719298245614,17.4020156774916,92,0.11001854137793643,0.7911067055838569,0.44175143463231675,-0.24905078456509877,0.3273609555804405,10.629339305711087,56,-0.0163118289620503,-0.0011588864743274667,-0.03925252060848616,-0.4155613119663908,0.21911160880925717,8.277715565509519,44,0.0033578709515418304,-0.21399479942654465,-0.06369466173989041,-0.0508417724761655,False,False
EWG,iShares MSCI Germany ETF,Thematic/industry ETF,,0,hard_to_borrow,2679,2016-01-04,2026-08-28,0.20959716610492152,74270919.25,0.08007663627134631,-0.46778126088470806,0.10211246485819281,0.7496594611336518,0.5514818780919957,-0.18516014562704974,0.5293019783501306,22.105263157894736,119,0.06780044912406158,0.7290383235080877,0.4293796073147216,-0.15790328177920665,0.3613288540500187,11.946248600223964,63,0.0271360396523741,0.2998367253712362,0.13702227909601372,-0.1980410764687357,0.1784247853676745,10.72340425531915,59,0.03431201573413123,0.020621137625564057,0.12210227077727409,-0.027256863847843094,True,False
EWJ,iShares MSCI Japan ETF,Thematic/industry ETF,,1,easy_to_borrow,2679,2016-01-04,2026-08-28,0.17819856066538775,362290326.59999996,0.08881353188738816,-0.3314086005166381,0.04392044672643358,0.42084282604813733,0.34041900757610194,-0.12901878493554741,0.5203434117207913,21.070548712206048,113,0.06532941311166396,0.779125655783107,0.6034818564983966,-0.10825414618216866,0.3885778275475924,11.8521836506159,63,-0.016169124757672293,-0.15394484659381535,-0.06184738114862474,-0.2614358839029328,0.13811123553564764,9.40649496080627,51,-0.021408966385230377,-0.35828282973496967,-0.26306284892229465,-0.02076463875337875,False,False
EWZ,iShares MSCI Brazil ETF,Thematic/industry ETF,,1,easy_to_borrow,2679,2016-01-04,2026-08-28,0.337893526886211,577837989.96,0.10904557500074374,-0.57025576255131,0.20686514821537827,0.9226584230346007,1.0675685269357673,-0.19377224318249764,0.5819335572974991,18.248600223964164,97,0.20876855761176105,1.3004611956990115,1.0370771390886293,-0.201304753275368,0.3404255319148936,9.594624860022396,51,-0.005461216180772666,0.05721084361289331,-0.01711667589932313,-0.31905822210424784,0.25905188503172827,9.218365061590145,49,-0.0019034093963827825,-0.37780277266441087,0.030491387847138007,0.00753251009287037,True,True
EXC,Exelon Corporation Common Stock,Individual equity,,1,easy_to_borrow,2679,2016-01-04,2026-08-28,0.23794936239798642,177485301.28,0.11545451024837194,-0.40042223786066133,0.05698845938221209,0.43795199842215726,0.20913750310477797,-0.27249277884732537,0.5561776782381486,17.778275475923852,95,0.05785611924839684,0.5713598374509186,0.33742960777706665,-0.17146130011987948,0.3833519970138111,9.970884658454647,54,0.0018767917950430757,0.07415415929895935,0.007241790337799423,-0.2591612995541901,0.2112728630085853,8.371780515117582,44,-0.0008676598661847557,-0.1334078390287613,-0.1282921046722887,-0.10103147872744589,False,False
EXE,Expand Energy Corporation Common Stock,Individual equity,,1,easy_to_borrow,2679,2016-01-04,2026-08-28,1.3076048498298551,356067741.76,-0.17709232422624643,-0.9945902880762313,-0.045350131449399256,0.2030535742514476,-0.047140413299016797,-0.9620223556747034,0.47293766330720416,16.085106382978722,85,0.11784096040371339,0.6042181364762328,0.28807958512755255,-0.4090569637259688,0.23964165733482642,8.371780515117582,45,0.04307999346424407,0.3092167405054302,0.05130481313215358,-0.8396871722985602,0.2784621127286301,7.901455767077267,42,-0.16319109185311265,-0.4011645622247852,-0.33521999842656935,-0.5529653919487346,True,True
EXPD,"Expeditors International of Washington, Inc.",Individual equity,,1,easy_to_borrow,2679,2016-01-04,2026-08-28,0.24874022258674386,106845671.52,0.16167446530201834,-0.35622083981337516,0.06208275746867886,0.467876910533584,0.1840951913538421,-0.3372318256230389,0.5263157894736842,16.6494960806271,95,0.09451447277370484,0.8300056123970441,0.7150723526826175,-0.1321746987128375,0.3684210526315789,9.876819708846584,57,-0.03948567798259206,-0.31131231113233443,-0.0949124596668935,-0.41602207045494044,0.18439716312056736,7.337066069428891,41,-0.03243171530502598,-0.3621287018634601,-0.5309771613287754,-0.2050571269102014,False,False
EXPE,"Expedia Group, Inc. Common Stock",Individual equity,,1,easy_to_borrow,2679,2016-01-04,2026-08-28,0.4363447944285267,270739667.38,0.10488234261074458,-0.7050307873706283,0.1829357188715206,0.7190956537734104,0.5214942470216559,-0.35079144193113965,0.5278088839119074,17.966405375139978,96,0.1614243024425117,0.8282916849581906,0.6907494401600489,-0.23369443832644898,0.3456513624486749,10.441209406494961,56,0.02298505230783099,0.2108318293922938,0.0524521080764119,-0.43821026743761204,0.21612541993281076,7.901455767077267,42,0.02151141642900889,-0.10919603118478016,-0.169255193138393,-0.11709700360469066,True,True
EXR,"Extra Space Storage, Inc.",Individual equity,,1,easy_to_borrow,2679,2016-01-04,2026-08-28,0.26802701565282944,100646914.56,0.08650096554825604,-0.5136658513240454,0.1409084089992685,0.8052993951596137,0.5414272750283089,-0.2602536213047283,0.5871593878312803,17.02575587905935,91,0.11317509111817436,0.9106385524906618,0.7360378091453583,-0.15376260527918573,0.3519970138111235,9.40649496080627,50,0.020717335239243795,0.21745214830013138,0.07311225959760782,-0.28336335593055106,0.24449421425905188,8.371780515117582,45,0.02773331788109412,-0.10533915733104815,-0.19461053411704943,-0.10649101602554256,True,True
F,Ford Motor Company,Individual equity,,1,easy_to_borrow,2679,2016-01-04,2026-08-28,0.3697735654912074,442266897.55,0.051212961773594357,-0.6515976331360941,0.2819763492340619,1.0733647734664222,1.164788552160851,-0.2420837230164694,0.5296752519596865,16.743561030235163,90,0.19514535488812879,1.0561967169408872,0.8628979802414081,-0.2261511318331445,0.305337812616648,9.970884658454647,53,0.07066153660098617,0.45649452507108707,0.19062957795032717,-0.3706745687670705,0.23329600597237776,7.525195968645017,41,0.08683099434593311,0.01716805652553499,0.3018905719194429,-0.015932591183324907,True,True
FANG,"Diamondback Energy, Inc. Common Stock",Individual equity,,1,easy_to_borrow,2679,2016-01-04,2026-08-28,0.48508870441367435,187999704.54,0.13741190029273764,-0.8872011251758087,0.2603340020925078,0.8297632954714376,0.5378874349775284,-0.4839934625046296,0.5255692422545726,16.555431131019038,89,0.1806831698031921,0.8801866752883626,0.5677516857121044,-0.3182432995801142,0.3284807764091079,9.40649496080627,50,0.06787931303174988,0.3672405469572,0.14871271462348865,-0.4564459280002181,0.20940649496080627,7.713325867861142,42,0.07965083228931569,-0.05042337981692502,-0.029864250734575992,-0.1657501629245154,True,True
FAST,Fastenal Company Common Stock,Individual equity,,1,easy_to_borrow,2679,2016-01-04,2026-08-28,0.26716530829744345,71076642.56,0.19370805298091098,-0.306968641114982,0.13101285428135268,0.7986492226025118,0.40562515516683806,-0.3229899640407303,0.5994774169466218,16.461366181410973,87,0.15597227022456917,1.191082437652044,1.417291694268842,-0.11004951969681354,0.406494960806271,9.876819708846584,52,-0.016811357364646007,-0.08207383366018803,-0.04193802661507432,-0.40086190795165566,0.20679357969391565,7.148936170212766,38,-0.02495941594321649,-0.3924332150495321,-1.0116665391020039,-0.2129404443439168,False,False
FCX,Freeport-McMoran Inc.,Individual equity,,1,easy_to_borrow,2679,2016-01-04,2026-08-28,0.5214361011338273,410173253.6,0.272313977055366,-0.7259012756516914,0.36055040619151324,1.067442491553284,1.2620988350182258,-0.2856752547325714,0.5367674505412467,17.778275475923852,96,0.3534410567923698,1.2897981807230081,1.6998431337745075,-0.20792569018268925,0.3184023889511012,9.312430011198208,50,0.02449231574017019,0.21896588893103333,0.07912506839212334,-0.30953926786884556,0.23329600597237776,9.03023516237402,48,0.0071093493991434276,-0.22235568916972404,-0.4377442987562816,-0.07774956454988213,True,True
FDS,Factset Research Systems,Individual equity,,1,easy_to_borrow,2679,2016-01-04,2026-08-28,0.2821455650884121,81935666.23,0.0774742950868903,-0.6113073475036667,0.13360134403910262,0.7336303960701654,0.4692285075843564,-0.2847255481703319,0.5699888017917133,17.4020156774916,94,0.1329148399019775,1.045826320311177,0.8387183171278937,-0.15847375356857707,0.3598357596117954,9.500559910414333,50,0.004637471728980325,0.10637802664699807,0.015993074091947234,-0.28996750107694214,0.21911160880925717,8.089585666293393,45,0.0006865041371251213,-0.3121959242410116,-0.3694898095435373,-0.12625179460175484,True,True
FDX,FedEx Corporation,Individual equity,,1,easy_to_borrow,2679,2016-01-04,2026-08-28,0.3263947141738362,306913647.5,0.12109252577508878,-0.6596713418463467,0.20311951635073133,0.9669301466312173,0.8437487289401215,-0.24073460425342597,0.5513251213139231,18.71892497200448,100,0.20605627258634485,1.3242604797647741,1.8326693365109132,-0.11243505223841443,0.3366927958193356,10.253079507278835,55,0.024388503127386274,0.22786101254062738,0.07007910590692408,-0.3480139024572886,0.23777528928704741,9.218365061590145,49,-0.0029367562356135135,-0.3573303331335568,-0.9889206075707917,-0.12829955201501153,True,True
FE,FirstEnergy Corp.,Individual equity,,1,easy_to_borrow,2679,2016-01-04,2026-08-28,0.24687230901561935,119446778.88000001,0.08057402396018509,-0.47675295300326703,0.04119335901227905,0.3447291081316244,0.12854609645072146,-0.3204559309824756,0.5823068309070548,18.154535274356103,96,0.053752015765069494,0.5489080746108135,0.2901529118144595,-0.1852540973272797,0.3803658081373647,10.72340425531915,57,-0.0020320604972665635,0.03345433230831443,-0.0072404253046267275,-0.28065485268773505,0.2291899962672639,7.807390817469205,42,-0.012558656752790442,-0.2041789664791891,-0.16160681536373805,-0.1352018336551959,False,False
FER,Ferrovial N.V. Ordinary Shares,Individual equity,,1,easy_to_borrow,578,2024-05-09,2026-08-28,0.2595274321053735,9752060.195,0.2036530146129525,-0.20387691473498792,-0.06555474993244981,-0.39288016342517984,-0.32558277176684425,-0.2013458807316585,0.4913494809688581,20.49134948096886,23,0.026974049044479864,0.28920143517485924,0.291904457340586,-0.09240711597975804,0.3546712802768166,10.463667820069205,12,-0.07885284345796628,-0.9178205253241816,-0.3730747733111088,-0.21135935501114822,0.1453287197231834,10.899653979238755,12,-0.09252879897692967,-0.682081598600039,-0.6174872291074303,-0.10893876475190045,False,False
FERG,Ferguson Enterprises Inc.,Individual equity,,1,easy_to_borrow,1377,2021-03-08,2026-08-28,0.3006703490141247,179487694.88,0.15211295906795153,-0.43311947706088827,0.23216715939766597,1.1207540612724745,1.616121849924164,-0.1436569646085537,0.5722585330428468,19.03267973856209,53,0.2002050062437768,1.2061119186979918,2.216133690513173,-0.09033976925706899,0.37254901960784315,10.248366013071895,29,0.03332199450285045,0.32121068253037816,0.21994979844005494,-0.15149818158133943,0.20987654320987653,9.15032679738562,25,0.03196215315388917,-0.08535785742551738,-0.6000118405890089,-0.053317195351484714,True,True
FFIV,"F5, Inc. Common Stock",Individual equity,,1,easy_to_borrow,2679,2016-01-04,2026-08-28,0.2979667410752188,104119792.88000001,0.141074516589212,-0.5459332062982645,0.15367434505771493,0.8340012145685364,0.4667144676011129,-0.32926844082548534,0.5498320268756999,18.43673012318029,99,0.11552117207359713,0.9430695959128306,0.8978420024927117,-0.1286653684644642,0.3266144083613289,11.099664053751399,60,0.058676870214353194,0.4454826976872448,0.24955243048225373,-0.23512842612256524,0.23852183650615902,7.148936170212766,39,0.0381531729841178,-0.1090683813442942,-0.43112753489159883,-0.20060307236102115,True,False
FICO,Fair Isaac Corporation,Individual equity,,1,easy_to_borrow,2679,2016-01-04,2026-08-28,0.3852640157824516,97615663.44000001,0.26728573721417304,-0.612839993284084,0.31032733465135753,1.192983711984303,1.5506578204999777,-0.20012625000098272,0.6226203807390818,16.555431131019038,90,0.1908687901310584,1.1545477097157948,0.7986622946243768,-0.23898560307122918,0.42777155655095184,11.099664053751399,60,0.10195145171757702,0.5931877202966447,0.45524072824833545,-0.22395063840149676,0.19970138111235536,5.643896976483762,31,0.11945854452029914,0.038436002268508185,0.7519955258756009,0.03885935307024646,True,False
FIS,"Fidelity National Information Services, Inc.",Individual equity,,1,easy_to_borrow,2679,2016-01-04,2026-08-28,0.298386041837561,249173420.37,-0.016485335608554696,-0.7245911214953269,0.12924143443980207,0.7150302515100215,0.4809168780153026,-0.2687396520021692,0.5718551698394924,16.367301231802912,87,0.08300826845086373,0.7610628605064814,0.4216475224278126,-0.19686649164427383,0.3650615901455767,9.40649496080627,50,0.046381295012020596,0.35405191919182744,0.20313553248756297,-0.2283268438763184,0.22695035460992907,7.901455767077267,42,0.04623316598893834,-0.04603260899645989,0.05926935558748997,-0.07187316035789537,True,True
FISV,"Fiserv, Inc. Common Stock",Individual equity,,1,easy_to_borrow,2679,2016-01-04,2026-08-28,0.31507588174832407,345513432.0,0.016367257926021006,-0.8015896379158082,0.05320282751198335,0.36921633181089414,0.18056343865277236,-0.2946489494714022,0.597237775289287,17.684210526315788,95,0.12256611880854784,1.0689899003033203,1.3121641129199828,-0.09340761388131491,0.38596491228070173,9.594624860022396,51,-0.04306043963610573,-0.21442598281449732,-0.10693881087720886,-0.4026642832745666,0.22695035460992907,8.842105263157894,47,-0.06936329129656449,-0.6997735684924262,-1.1316006742672104,-0.20124133559008728,True,True
FITB,Fifth Third Bancorp,Individual equity,,1,easy_to_borrow,2679,2016-01-04,2026-08-28,0.35952979843213984,140628352.01999998,0.13979816966133773,-0.640564163686929,0.14661116300941868,0.6597397733702612,0.30246717704169773,-0.4847175962805612,0.6129152668906308,18.154535274356103,96,0.14649729408678125,0.9098558674502543,0.5264978452149761,-0.2782486109263457,0.40425531914893614,10.159014557670773,54,0.01646661405570038,0.18034470122688628,0.04006174690429878,-0.41103085432186803,0.23366927958193356,8.559910414333705,45,0.00011386892263742787,-0.250116094079993,-0.22403066817327838,-0.20646898535421554,True,True
FIX,"Comfort Systems USA, Inc.",Individual equity,,1,easy_to_borrow,2679,2016-01-04,2026-08-28,0.4264138079952504,15888168.45,0.4693328792309315,-0.496913035808784,0.2455390908645485,0.9346959830917189,0.5433623277623637,-0.45188832261469103,0.5502053004852557,17.11982082866741,93,0.2855154511435718,1.343202294582056,1.018477864648034,-0.2803354506307708,0.36954087346024633,10.911534154535273,60,-0.04966212205855103,-0.16953225909961975,-0.0776880447230362,-0.639250508049215,0.19708846584546472,7.148936170212766,38,-0.03997636027902329,-0.4085063114903372,-0.4751155368856702,-0.17155287198392022,False,False
FLEX,Flex Ltd. Ordinary Shares,Individual equity,,1,easy_to_borrow,2679,2016-01-04,2026-08-28,0.4420344466858313,54377029.949999996,0.2789786029841108,-0.7000701262272091,0.23988693392770943,0.9129795617848062,0.4711253317094721,-0.5091785938516251,0.4483016050765211,17.872340425531913,96,0.23459229701344486,1.2748991548238169,1.3155113280520316,-0.1783278425742041,0.288167226577081,9.40649496080627,51,0.00261767996672968,0.11111413266860028,0.004448212228450276,-0.5884791085252828,0.1616274729376633,8.653975363941768,47,0.005294636914264572,-0.36191959303901067,-0.8443859963425595,-0.33085075127742103,False,False
FLOT,iShares Floating Rate Bond ETF,Bond ETF,,1,easy_to_borrow,2679,2016-01-04,2026-08-28,0.03973053380192418,47259318.519999996,0.029796068353384886,-0.13524089019320118,0.023216065867696534,3.140847565174189,2.3509908399887154,-0.009875013323236925,0.7047405748413588,4.044792833146697,24,0.022470473805660918,3.932799220368967,5.63012307584867,-0.003991115913975607,0.6995147443075774,3.1041433370660694,16,0.0007292064476547289,0.15887052111724623,0.10543269378950626,-0.006916321886933585,0.005225830533781261,0.9406494960806271,8,0.000745592062035616,-0.7919516551947776,-3.2791322358599544,-0.005883897409261318,False,False
FOX,Fox Corporation Class B Common Stock,Individual equity,,1,easy_to_borrow,2679,2016-01-04,2026-08-28,0.3022276326823718,51058020.5,0.09649484733178082,-0.6071197411003231,0.15718537825952517,0.8576329528739154,0.5199166295321536,-0.3023280451732584,0.5502053004852557,16.273236282194848,92,0.1389166125081085,1.0222554012710705,1.1019688134328447,-0.1260621995965172,0.3583426651735722,9.124300111982082,51,0.025360700475902664,0.2494028221192988,0.07795516655885085,-0.32532417792677104,0.2112728630085853,7.713325867861142,43,0.01826876575141667,-0.16462244839715512,-0.5820521839006911,-0.1762658455767412,True,True
FOXA,Fox Corporation Class A Common Stock,Individual equity,,1,easy_to_borrow,2679,2016-01-04,2026-08-28,0.30898179218769833,163273101.04,0.10726695613555814,-0.6016208146726377,0.1215883857462361,0.6932956579016297,0.368258498538,-0.3301712960568365,0.5147443075774543,16.6494960806271,93,0.13183463751787383,0.950425106915294,0.8308059222158147,-0.15868283312938125,0.3512504665920119,9.124300111982082,51,-0.0006722400652146021,0.06205554324757763,-0.0016048536463065385,-0.4188793581032868,0.185143710339679,7.901455767077267,44,-0.010246251771637738,-0.2571294490136643,-0.4625474236778147,-0.17148846292745523,True,True
FRT,Federal Realty Investment Trust,Individual equity,,1,easy_to_borrow,2679,2016-01-04,2026-08-28,0.28824951363645335,48125816.4,0.021820736747084846,-0.5647687154883676,0.08528654192945395,0.5258488300336638,0.29418101571225946,-0.2899117800751403,0.5117581187010078,17.966405375139978,97,0.05394390498914814,0.5218707974724408,0.27114874591564836,-0.1989458030019049,0.30011198208286677,9.40649496080627,51,0.02320012946717731,0.22356474422964262,0.05961105214463098,-0.3891917460354185,0.22396416573348266,9.312430011198208,50,0.03134263694030581,0.003978032561222977,0.023032269796611105,-0.0909659770732354,True,True
FSLR,"First Solar, Inc. Common Stock",Individual equity,,1,easy_to_borrow,2679,2016-01-04,2026-08-28,0.5049582611390606,176730228.99,0.11108863760060883,-0.6403496790056002,0.2151655088488933,0.7578131569733837,0.692605497673572,-0.3106609889347164,0.541993281075028,17.684210526315788,95,0.10492561005407408,0.5361166759460617,0.32455704245375955,-0.32328865601190304,0.2698768197088466,10.535274356103024,56,0.11677405372065586,0.5819785696418416,0.35331540296398134,-0.33050937700715066,0.3008585293019784,7.525195968645017,41,0.11023989879481921,0.22169648102732198,0.3680484552198125,0.012627667077186655,True,False
FTNT,"Fortinet, Inc. Common Stock",Individual equity,,1,easy_to_borrow,2679,2016-01-04,2026-08-28,0.40729579703640545,56329193.92,0.3656065587603239,-0.38315894369705983,0.29139966466935663,1.0976181822484041,0.6936130433204786,-0.42011849038242155,0.5300485255692422,16.273236282194848,87,0.3154476627361764,1.461698678035055,1.0634457394393328,-0.29662788710074284,0.3654348637551325,10.06494960806271,53,0.0015943758984393597,0.09434768591592786,0.004739644586429238,-0.3363914465241651,0.18365061590145576,6.396416573348264,34,-0.024047998066819787,-0.3640804957866508,-0.3698326961188543,-0.12349060328167871,False,False
FTV,Fortive Corporation,Individual equity,,1,easy_to_borrow,2553,2016-07-05,2026-08-28,0.26600733105708485,87418705.77,0.08495688972896787,-0.5265331406153211,0.07593661735880586,0.5307567108520789,0.29767010309685643,-0.2551032722762133,0.5240893066980024,18.35957696827262,96,0.06262451380940592,0.614373277839605,0.4088278811836103,-0.1531806334443232,0.3337250293772033,10.660399529964748,56,0.018234431810089546,0.2064386322124082,0.06312092593657713,-0.28888093036548934,0.20485703094398747,8.488836662749707,44,0.013312103549399934,-0.08361656698752618,-0.11115777808675387,-0.10192263883189012,False,False
FXI,iShares China Large-Cap ETF,Thematic/industry ETF,,1,easy_to_borrow,2679,2016-01-04,2026-08-28,0.27492761318291464,855928318.6300001,0.026896629230752422,-0.6079967023907668,0.21215595354760386,1.0884879668866503,1.1005340808752477,-0.19277545078738278,0.5539380365808138,18.81298992161254,101,0.12793666270421244,0.9474732881639855,0.7256466348971341,-0.17630711223838091,0.3083240014930944,9.782754759238522,53,0.07077143803063857,0.5589020609682234,0.4844594593054746,-0.14608330309433348,0.2549458753266144,9.40649496080627,50,0.08421929084339141,0.14101467872266482,0.37488744597811363,-0.01646833854900187,True,True
GD,General Dynamics Corporation,Individual equity,,1,easy_to_borrow,2679,2016-01-04,2026-08-28,0.22591013898495899,233233014.5,0.1256894807998954,-0.5162869020680945,0.10353982239959403,0.7302317473114875,0.4387992447959236,-0.23596171512954234,0.528555431131019,17.872340425531913,96,0.09215310806116017,0.8632722028191665,0.588427017658365,-0.15660924005135224,0.38559163867114593,10.535274356103024,57,0.004911298072362902,0.09876133846649283,0.017599561727921854,-0.2790579758910181,0.17394550205300485,8.465845464725643,45,0.011386714338433856,-0.13304045550767896,-0.14962777286244144,-0.0793524750781901,False,False
GDDY,GoDaddy Inc,Individual equity,,1,easy_to_borrow,2679,2016-01-04,2026-08-28,0.3550537258772603,106316453.34,0.10809318068790574,-0.6501516211803119,0.17870019409169413,0.8510782819407582,0.6227151502374111,-0.2869694016976533,0.5177304964539007,17.307950727883537,94,0.14464278238029582,1.001311918396048,0.7397490352169269,-0.1955295316307918,0.3195222097797686,10.159014557670773,56,0.027765557490299075,0.24260297296579436,0.08497052349125564,-0.326766934572981,0.21351250466592012,7.901455767077267,42,0.03405741171139831,-0.15023363645528975,-0.11703388497951583,-0.0914398700668615,True,True
GDX,VanEck Gold Miners ETF,Thematic/industry ETF,,1,easy_to_borrow,2679,2016-01-04,2026-08-28,0.40635579026929164,946691222.4,0.21293357207854524,-0.4974570113829003,0.19451433589557499,0.8375444985402142,0.7084653803645542,-0.2745572914169553,0.5770810003732736,18.907054871220605,100,0.23851066710167546,1.2377700459275753,1.421710855346417,-0.1677631328513416,0.3221351250466592,10.441209406494961,55,-0.015766952347518015,-0.009037630257419833,-0.04160190077120661,-0.37899596064684127,0.2635311683463979,8.842105263157894,47,-0.04399633120610047,-0.40022554738736116,-0.7132454749818629,-0.1067941585656137,False,True
GDXJ,VanEck Junior Gold Miners ETF,Thematic/industry ETF,,1,easy_to_borrow,2597,2016-05-02,2026-08-28,0.4789331887800801,364415351.52,0.1431283392186038,-0.588687782805432,0.1615612358959837,0.6836121743413044,0.4415552367031594,-0.36589133695315024,0.5283018867924528,19.504043126684635,103,0.21308720047005014,1.0816075781856205,1.0936152877923673,-0.19484658165322455,0.2880246438197921,9.800539083557952,51,-0.03524604697499245,-0.08831285385563666,-0.06883845328180421,-0.5120110242847205,0.24412783981517136,9.703504043126685,52,-0.05152596457406644,-0.3979954038443161,-0.6520600510892078,-0.1710447552999257,True,True
GE,GE Aerospace,Individual equity,,1,easy_to_borrow,2679,2016-01-04,2026-08-28,0.35502967007211383,2312076166.0,0.09615319524642563,-0.8118642862223486,0.25759184222518927,1.098261787526838,0.7632115305562817,-0.3375104173772616,0.5042926465098917,18.34266517357223,99,0.23197143915647556,1.4670533155858119,1.4990724931767812,-0.15474330975474704,0.2870474057484136,8.842105263157894,49,0.0461636760223163,0.34023742572176174,0.11001364812950562,-0.419617718412296,0.22209779768570362,9.312430011198208,49,0.025620403068713715,-0.36879152805897397,-0.7358609626204995,-0.18276710762251458,True,True
GEHC,GE HealthCare Technologies Inc. Common Stock,Individual equity,,1,easy_to_borrow,928,2022-12-15,2026-08-28,0.33180043165014117,219739575.745,0.05138126327913395,-0.3735429365843228,0.13986092845788423,0.6969208518556541,0.6430954114690162,-0.21748083715665356,0.5269396551724138,17.107758620689655,31,0.0747759031490356,0.5922441821402892,0.4417508375373576,-0.16927167261502252,0.3297413793103448,9.504310344827587,17,0.07746176319506182,0.5013104405620649,0.5426217805476504,-0.14275461467264028,0.23168103448275862,7.603448275862069,14,0.06508502530884863,0.10467666971536493,0.20134457393165855,-0.048209164541631044,True,True
GEN,Gen Digital Inc. Common Stock,Individual equity,,1,easy_to_borrow,2679,2016-01-04,2026-08-28,0.3301565112443661,92029055.99999999,0.13656044270240142,-0.4838478104809768,0.21199368370869487,1.0509204430759345,0.7559724598200736,-0.280425141094625,0.5684957073534901,17.590145576707727,96,0.18115435510866096,1.1971541016369858,1.06956403148958,-0.16937214582316085,0.3284807764091079,9.876819708846584,54,0.029254108156143488,0.2729713690337632,0.08952379253991807,-0.3267746743760802,0.2616648002986189,8.653975363941768,47,0.03083932860003391,-0.1462336585610513,-0.31359157166950646,-0.11105299527146417,True,True
GEV,GE Vernova Inc.,Individual equity,,1,easy_to_borrow,605,2024-04-02,2026-08-28,0.5340525136612174,1385628889.96,1.1864982748865072,-0.38285190279688197,0.523035609965429,1.4803311447286367,1.9576947625646495,-0.2671691317599654,0.4479338842975207,15.828099173553719,19,0.8943980512593124,2.5705448036304976,7.4814815693473165,-0.11954825297221705,0.3256198347107438,9.163636363636364,11,-0.1960318957502185,-1.1391865772243206,-0.4770427318991904,-0.41093152173135794,0.12231404958677686,6.664462809917356,8,-0.3713624412938834,-1.090213658901861,-5.523786806782667,-0.14762087878774832,False,False
GILD,"Gilead Sciences, Inc. Common Stock",Individual equity,,1,easy_to_borrow,2679,2016-01-04,2026-08-28,0.2581874876860427,495473942.71999997,0.07419521961340236,-0.36004483048472913,0.04254605264746392,0.34066406183991016,0.11219526641114211,-0.3792143288073575,0.5024262784621127,16.837625979843224,92,0.05690258209065435,0.5273891296991641,0.24214776844592836,-0.23499114799135845,0.2732362821948488,9.876819708846584,54,0.007761648107272423,0.12452312842744588,0.031946644829018704,-0.24295659681363901,0.25793206420306086,7.713325867861142,42,-0.014356529443190436,-0.1867250678592539,-0.12995250203478625,-0.14422318081599905,False,False
GIS,"General Mills, Inc.",Individual equity,,1,easy_to_borrow,2679,2016-01-04,2026-08-28,0.22285953717768522,200146911.26999998,0.007148017798499495,-0.5961685823754793,0.12313389380740003,0.882315962349315,0.3985633457357776,-0.3089443500633148,0.5386338185890257,16.837625979843224,89,0.05886806730230587,0.6046409323347326,0.27115984602983506,-0.2170972884231125,0.2866741321388578,9.124300111982082,49,0.04732954794923794,0.4909207969833718,0.1902464111512146,-0.24878024065126114,0.2926465098917507,9.03023516237402,48,0.06426582650509416,0.2776750300145824,0.12740349970594256,-0.09184706164020229,True,True
GL,Globe Life Inc.,Individual equity,,1,easy_to_borrow,2679,2016-01-04,2026-08-28,0.31693273840540626,50598689.23,0.12039656049238423,-0.6162540794396243,0.07993707868484434,0.5237468053460371,0.18634166997525503,-0.42898122945586714,0.48973497573721536,15.802911534154534,86,0.08440840731149968,0.7580175704019056,0.38870796339581815,-0.2171512170064478,0.3609555804404629,9.594624860022396,52,-0.012907065386897676,-0.02230624227875011,-0.03418669433318665,-0.3775464588972609,0.150802538260545,7.337066069428891,40,-0.004471328626655335,-0.23427076505586852,-0.20236629342056311,-0.21183001244941935,False,False
GLD,"SPDR Gold Trust, SPDR Gold Shares",Commodity ETF,Cross-asset,1,easy_to_borrow,2679,2016-01-04,2026-08-28,0.1647420889445587,1323850494.6,0.138588655274122,-0.2640451703972573,0.14504930126547544,1.3082818850112945,0.9641659119796521,-0.1504401882116494,0.5483389324374767,17.966405375139978,96,0.13325491671018286,1.5159788752977172,1.3447713729822401,-0.09909113131600156,0.3292273236282195,10.629339305711087,57,0.012150897726991738,0.21012338436588002,0.057191050894293174,-0.2124615221610523,0.23254945875326613,7.901455767077267,42,0.01179438455529258,-0.20769699028642274,-0.3806054610025881,-0.05134905689564784,True,False
GLW,Corning Incorporated,Individual equity,,1,easy_to_borrow,2679,2016-01-04,2026-08-28,0.3590921492640762,153349145.62,0.251841346251072,-0.5148421917165318,0.2067861879234214,0.914005359274551,0.6925533623197092,-0.29858520537795175,0.5636431504292646,18.530795072788354,99,0.19340668507237546,1.1217472339498946,1.1981641510060854,-0.16141918860614712,0.3706606942889138,11.005599104143336,58,0.03165565036727158,0.27095423200741925,0.11262698253603944,-0.28106630981738423,0.2026875699888018,7.525195968645017,40,0.013379502851045944,-0.20774187467534366,-0.5056107886863762,-0.13716601677180462,False,False
GM,General Motors Company,Individual equity,,1,easy_to_borrow,2679,2016-01-04,2026-08-28,0.36158301756709615,476970296.88,0.11671527471108045,-0.5994043186895017,0.13287184919507578,0.6321459395351459,0.363235200611293,-0.3658011364852969,0.5453527435610303,19.189249720044792,103,0.13598765123397172,0.8511573344963985,0.5150455550559851,-0.2640303365382698,0.3202687569988802,9.782754759238522,53,0.009234070747165868,0.14007859350011287,0.027622567886223543,-0.3342944358106279,0.23516237402015677,9.782754759238522,52,-0.003115802038895943,-0.21901139496125266,-0.15181035444469215,-0.10177079994702709,True,True
GNRC,GENERAC HOLDINGS INC,Individual equity,,1,easy_to_borrow,2679,2016-01-04,2026-08-28,0.45417739878701063,100574072.83000001,0.19004156632762692,-0.8374851720047449,0.33531153944515424,1.0904944972601078,1.222798443121904,-0.27421652467031,0.5363941769316909,17.11982082866741,92,0.24760410642474162,1.1553609068175044,1.1970897362399435,-0.20683838389799047,0.3307204180664427,10.159014557670773,55,0.09054609641000155,0.488328281395218,0.25411733221117,-0.35631609863886926,0.2209779768570362,7.148936170212766,38,0.08770743302041262,-0.06486640955739653,0.025708706881960586,-0.06737814077231952,True,True
GOOG,Alphabet Inc. Class C Capital Stock,Individual equity,,1,easy_to_borrow,2679,2016-01-04,2026-08-28,0.29000832498384305,167018934.16,0.23370106468705298,-0.44601378941026815,0.1740429638278802,0.8758785983725409,0.7468928226987568,-0.23302267546099675,0.5938783128032848,18.248600223964164,99,0.1922716807613971,1.2378825291589566,0.6304795612780043,-0.30496100519365865,0.4158268010451661,10.72340425531915,58,-0.018864455024466653,-0.054832763456826444,-0.05556922517847707,-0.33947666111733343,0.18887644643523702,8.089585666293393,44,-0.01822871693351691,-0.3620039307864157,0.11641326142075248,0.0719383297326619,False,False
GOOGL,Alphabet Inc. Class A Common Stock,Individual equity,Mega-cap 7,1,easy_to_borrow,2679,2016-01-04,2026-08-28,0.2910501131280326,194808930.66,0.23223705675223116,-0.4431726366819283,0.16378743548451302,0.8438720026161826,0.685809307175616,-0.2388235822564767,0.5748413587159388,18.248600223964164,100,0.18581616516620536,1.2141831208210645,0.5520026654660758,-0.3366218621595134,0.41022769690182903,10.72340425531915,59,-0.02203782236515739,-0.079086952769244,-0.059256722883863036,-0.37190417040694623,0.18327734229189996,7.901455767077267,43,-0.02202872968169234,-0.37031111820488194,0.13380664170954015,0.09779827990303669,False,False
GOVT,iShares U.S. Treasury Bond ETF,Bond ETF,,1,easy_to_borrow,2679,2016-01-04,2026-08-28,0.05147000530436268,101392243.92,0.011209699802266382,-0.19084913437757545,0.01501474733995467,0.6693425328404017,0.4577885759989853,-0.032798431693472296,0.19783501306457635,7.525195968645017,41,0.0064156460526201275,0.48540871712461114,0.3549819593982618,-0.018073160854414794,0.09630459126539753,4.1388577827547595,23,0.008544284184235362,0.47401671300209036,0.31722586109996237,-0.026934387236300816,0.1015304217991788,3.3863381858902573,18,0.008599101287334543,0.18393381571579054,0.10280661660072349,-0.014725270839057503,True,False
GPC,Genuine Parts Company,Individual equity,,1,easy_to_borrow,2679,2016-01-04,2026-08-28,0.281584195081479,88848835.78,0.0782168905873557,-0.5489668532070597,0.18440415579121372,0.9767203264298181,0.6448385520499529,-0.28596949609323097,0.5640164240388205,16.6494960806271,89,0.12793030197554445,1.0782626042265833,0.5894483239555385,-0.21703395662754332,0.3441582680104517,9.312430011198208,50,0.05871101115786148,0.4472773289186971,0.18493104413278957,-0.31747515098494816,0.24225457260171707,7.713325867861142,41,0.05647385381566927,-0.10154227779676517,0.05539022809441441,-0.06893553946568765,True,True
GPN,"Global Payments, Inc.",Individual equity,,1,easy_to_borrow,2679,2016-01-04,2026-08-28,0.34683610258785624,195553289.45999998,0.04236555644234019,-0.7016921528210545,0.13449428338351122,0.67539942879069,0.3212967387813481,-0.41859834585821465,0.5337812616648003,17.213885778275476,91,0.14472833543117014,0.9961609593049495,0.5472128368538888,-0.2644827125461131,0.3344531541620007,8.748040313549831,46,0.00893174111446271,0.13650028228153205,0.031347786646913164,-0.28492413882567447,0.20716685330347145,8.277715565509519,44,-0.010234052047658926,-0.3207615305142595,-0.22591609807254065,-0.15411563331210154,True,True
GRMN,Garmin Ltd,Individual equity,,1,easy_to_borrow,2679,2016-01-04,2026-08-28,0.2896354882671146,82642729.67999999,0.2468654739817131,-0.5463338533541335,0.12691611764790633,0.7882283087689512,0.5197227857686112,-0.2441996408916568,0.5341545352743561,17.872340425531913,99,0.15416997602132243,1.1850905243407621,0.983437908725423,-0.15676635469659006,0.3650615901455767,10.911534154535273,61,-0.02436157711269582,-0.15737156859501436,-0.07093986769629201,-0.3434116513579174,0.18327734229189996,7.525195968645017,42,-0.027253858373416096,-0.3968622155718109,-0.46371512295681183,-0.08743328619506674,False,False
GS,Goldman Sachs Group Inc.,Individual equity,,1,easy_to_borrow,2679,2016-01-04,2026-08-28,0.2953935802803169,730302897.09,0.20454898409975653,-0.48749725335091276,0.1719115192390157,0.8820987798048711,0.527685503672773,-0.3257840475860808,0.5707353490108249,18.530795072788354,99,0.19934098881090234,1.3059571478812155,1.4995942575635322,-0.13292994942164016,0.3822321761851437,9.782754759238522,53,-0.019917450298897577,-0.0720801892222057,-0.042662926613157036,-0.4668561648266093,0.19783501306457635,9.124300111982082,48,-0.027429469571886633,-0.42385836807634447,-0.9719087538907591,-0.19285409816444066,False,False
GWW,"W.W. Grainger, Inc.",Individual equity,,1,easy_to_borrow,2679,2016-01-04,2026-08-28,0.2819287480228542,158691622.32,0.21050314622395327,-0.41594329138257413,0.1810246294808806,0.9120564548214951,0.8783350948726545,-0.2060997340737324,0.5991041433370661,16.743561030235163,91,0.18104962534094882,1.2137126594486596,1.446919656531327,-0.1251276285616132,0.3736468831653602,9.782754759238522,53,0.00925497864880409,0.13564108597625266,0.025683295282254888,-0.3603501243548971,0.24113475177304963,7.431131019036954,39,-2.4995860068210973e-05,-0.30165620462716447,-0.5685845616586724,-0.0809721055121192,False,False
HACK,Amplify Cybersecurity ETF,Thematic/industry ETF,,1,easy_to_borrow,2558,2016-06-27,2026-08-28,0.23428861200735288,7402543.47,0.1800617455302913,-0.38689501116902403,0.07993539894844903,0.5624144761670581,0.1989738636134107,-0.401738185592841,0.5226739640344019,21.082095387021113,108,0.10024527595203381,0.9186985557744992,0.3652477445594853,-0.2744583024679228,0.3666927286942924,12.215793588741205,62,-0.0135658718799051,-0.062118241300633426,-0.03787800389265073,-0.3581464302699756,0.15754495699765442,8.866301798279906,46,-0.020309877003584775,-0.35628407960744113,-0.16627388094607456,-0.12727988312491822,False,False
HAL,Halliburton Company,Individual equity,,1,easy_to_borrow,2679,2016-01-04,2026-08-28,0.4512394305365119,284627208.0,0.0238530882346899,-0.9109387923904051,0.4357465654465962,1.2481967392601865,0.9946366206618478,-0.43809624177786977,0.6035834266517357,16.743561030235163,89,0.177088752653916,0.8971797457789116,0.7049296250333786,-0.25121479700265226,0.3240014930944382,9.594624860022396,51,0.23185683696924975,0.914145884399501,0.6461894468658484,-0.35880628830105943,0.284434490481523,7.337066069428891,39,0.2586578127926802,0.3510169934812749,0.28970699562846913,-0.1868814447752175,True,True
HAS,"Hasbro, Inc. Common Stock",Individual equity,,1,easy_to_borrow,2679,2016-01-04,2026-08-28,0.3353388022961715,81155787.79,0.06783270372611283,-0.6383905423623355,0.1560964401443452,0.7898385918729669,0.3888679318030382,-0.40141247806313873,0.5352743561030235,16.461366181410973,88,0.07862229940248189,0.6126963932152532,0.24284885512581925,-0.3237499281672459,0.3277342291899963,8.371780515117582,45,0.08095324446626173,0.5611648638389262,0.313298521938753,-0.25839012570281883,0.22769690182904068,8.653975363941768,47,0.07747414074186332,0.17714219865771375,0.14601907667721895,-0.07766254989589283,True,True
HBAN,Huntington Bancshares Incorporated Common Stock,Individual equity,,1,easy_to_borrow,2679,2016-01-04,2026-08-28,0.34147804447353924,132954592.55000001,0.08709112660671159,-0.5496937882764654,0.12558968769603518,0.6185229177404221,0.2556993868298445,-0.4911614738427551,0.6095558044046286,17.684210526315788,94,0.10348688760611324,0.6983271735826106,0.3958002367568945,-0.2614624196641807,0.40164240388204553,10.347144456886898,55,0.0214346520188462,0.20802177625931453,0.045680569028575826,-0.4692290940035706,0.21575214632325496,7.901455767077267,42,0.022102800089921937,-0.07980425584218853,-0.14010084992705002,-0.2296990541785744,True,True
HCA,"HCA Healthcare, Inc.",Individual equity,,1,easy_to_borrow,2679,2016-01-04,2026-08-28,0.3243575263746255,283618789.3,0.19760236971901857,-0.547413192023428,0.15578712374019554,0.7830622777210839,0.47639094717741604,-0.32701528999076,0.5879059350503919,18.530795072788354,99,0.13338459475426356,0.8534483851203998,0.4999222022150825,-0.2668107040720653,0.3960432997387085,10.629339305711087,56,0.026624779702851598,0.251511799290202,0.0880652223951589,-0.3023302386427086,0.204180664427025,8.842105263157894,48,0.02240252898593198,-0.07038610739931583,-0.023531255037666454,-0.06020458591869471,False,False
HD,"Home Depot, Inc.",Individual equity,,1,easy_to_borrow,2679,2016-01-04,2026-08-28,0.24769642277567455,943138759.1400001,0.11699867673584952,-0.37991929741276986,0.1766946779887666,0.9901222484168696,0.8225537272133593,-0.21481232428107933,0.5923852183650616,17.02575587905935,91,0.16256185262445766,1.4252270514346035,1.3935379501274692,-0.11665405496103487,0.389324374766704,9.218365061590145,49,0.006839648779592755,0.11767873538128211,0.03125626223824461,-0.21882491026786566,0.21388577827547592,8.559910414333705,46,0.014132825364308932,-0.4351048030177339,-0.5709842229141099,-0.09815826932004446,True,True
HEI,HEICO Corporation,Individual equity,,1,easy_to_borrow,2679,2016-01-04,2026-08-28,0.30274085367993675,48760218.6,0.26647562809990677,-0.5772391409433046,0.14659063550109552,0.7879980118926768,0.711788479891306,-0.20594690647912806,0.5397536394176932,17.4020156774916,95,0.18467889940810256,1.2083911184715797,1.4417401987269531,-0.12809443724408376,0.3796192609182531,10.911534154535273,59,-0.007881887701977397,0.005818794986741073,-0.015728218987123257,-0.5011303383066019,0.16424038820455394,7.054871220604703,38,-0.038088263907007036,-0.42039310657890283,-0.7299517188356471,-0.0778524692350443,False,False
HIG,"The Hartford Insurance Group, Inc.",Individual equity,,1,easy_to_borrow,2679,2016-01-04,2026-08-28,0.28589682003839584,120627576.37,0.14083741235846392,-0.5758697261287938,0.0793854610263034,0.5552199570275447,0.2748622439766772,-0.28881908216189733,0.5852930197835013,16.555431131019038,88,0.11180309519080622,0.9606034468457931,0.6378034691230122,-0.1752939590380982,0.41134751773049644,9.03023516237402,48,-0.01764179186043524,-0.10490199624727488,-0.05979847566677198,-0.295020762046585,0.19858156028368795,8.277715565509519,44,-0.03241763416450283,-0.40538348981824845,-0.36294122514633503,-0.11352512312379914,False,False
HII,"Huntington Ingalls Industries, Inc.",Individual equity,,1,easy_to_borrow,2679,2016-01-04,2026-08-28,0.30593715156834417,67349513.98,0.10534064163710632,-0.4970239334027051,0.15339504401519055,0.8572708181759324,0.5786023374927691,-0.265113073479603,0.5442329227323628,16.179171332586787,88,0.18209201205873016,1.4101852600901992,1.262692788838248,-0.1442092753426315,0.337812616648003,8.465845464725643,47,0.00034062870679885116,0.07167931231045664,0.0008467202771666876,-0.4022918973178129,0.2116461366181411,7.713325867861142,41,-0.028696968043539606,-0.5529144419142668,-0.6840904513454789,-0.1209037981369715,True,True
HLT,Hilton Worldwide Holdings Inc.,Individual equity,,1,easy_to_borrow,2679,2016-01-04,2026-08-28,0.30318138438388587,272570322.36,0.21360219068465391,-0.5760385095382422,0.13941405321243372,0.7510936952226732,0.2869599666608475,-0.4858310196878596,0.5080253826054498,16.931690929451285,90,0.12203197151045742,0.92984243212899,0.5604777867849776,-0.21772847093630476,0.37812616648002983,10.06494960806271,53,0.0175220501301101,0.18760542900694607,0.04479406601968271,-0.39116900266233556,0.14147069802164988,6.96080627099664,37,0.017382081701976304,-0.17874873690631676,-0.2735178201241301,-0.2681025487515548,False,False
HON,Honeywell International Inc. Common Stock,Individual equity,,1,easy_to_borrow,2679,2016-01-04,2026-08-28,0.23680006951373947,482781343.54,0.1020219295808662,-0.43012185833967953,0.09219166806449186,0.6335054806393877,0.43843095631994594,-0.21027636560684548,0.5490854796565883,19.283314669652853,105,0.12437511476913898,1.1905473621875657,0.8324165890812936,-0.14941450759217456,0.3676745054124673,10.159014557670773,56,-0.03149845349783853,-0.1972506723223991,-0.10315810915549596,-0.3053415165875051,0.19783501306457635,10.06494960806271,53,-0.03218344670464712,-0.557041881548178,-0.3939856327613476,-0.06086185801467092,False,True
HOOD,"Robinhood Markets, Inc. Class A Common Stock",Individual equity,,1,easy_to_borrow,1277,2021-07-29,2026-08-28,0.7381041964521352,292796568.3,0.24162279176490853,-0.9021167779514137,0.800663191278681,1.5323515621022563,2.1382048408734176,-0.37445579393208406,0.552858261550509,15.984338292873923,40,0.529372434182392,1.511990296341422,2.7614307996903333,-0.19170222706350482,0.2889584964761159,9.274862960062647,23,0.20275231364056467,0.7249350344362819,0.40691098740260045,-0.4982719069218944,0.2654659357870008,6.709475332811277,17,0.271290757096289,0.0203612657608343,-0.6232259588169158,-0.18275356686857924,True,True
HPE,Hewlett Packard Enterprise Company,Individual equity,,1,easy_to_borrow,2679,2016-01-04,2026-08-28,0.3789815573957997,151095972.69,0.214769886273537,-0.5689081225033283,0.19247468829608994,0.8670183833215478,0.5200191679248719,-0.37012998783132756,0.5050391937290034,19.189249720044792,102,0.21695098016902326,1.294205500582929,1.3292893638060312,-0.16320824199469075,0.2952594251586413,10.159014557670773,54,-0.01980915061598032,-0.03263077414286973,-0.047669020913657885,-0.41555606211967955,0.21836506159014557,9.40649496080627,50,-0.02447629187293332,-0.42718711726138114,-0.8092701958811593,-0.2069217458366368,False,True
HPQ,HP Inc.,Individual equity,,1,easy_to_borrow,2679,2016-01-04,2026-08-28,0.35508776879789505,189603825.84,0.13288474368021164,-0.5124035281146622,0.11171023554035608,0.5810880544033266,0.35627468514182753,-0.3135508645411782,0.5587905935050392,18.43673012318029,99,0.14415372631717127,0.9075328454341032,0.7543892160948272,-0.19108667414865466,0.3643150429264651,10.347144456886898,55,-0.004768370245667342,0.04973528263271957,-0.012479034812120005,-0.3821105011291547,0.204180664427025,8.277715565509519,45,-0.03244349077681519,-0.3264447910307766,-0.3981145309529997,-0.12246419039252354,False,True
HRL,Hormel Foods Corporation,Individual equity,,1,easy_to_borrow,2679,2016-01-04,2026-08-28,0.23706029404453327,79964501.55,-0.029021054596977014,-0.5845400340715495,0.0595762669305957,0.510413765721578,0.28303720457908144,-0.21048917233052278,0.5278088839119074,16.743561030235163,91,0.036653209194415615,0.444260526289991,0.213885475252852,-0.17136838839142665,0.2635311683463979,9.218365061590145,50,0.026972657926820576,0.32072833634428993,0.16856420166559555,-0.16001415282902132,0.2904068682344158,8.277715565509519,45,0.022923057736180086,0.06615323943158702,0.06915172932622943,-0.039120783939096127,True,True
HSIC,"Henry Schein, Inc. Common Stock",Individual equity,,1,easy_to_borrow,2679,2016-01-04,2026-08-28,0.271397187957897,74936551.69,0.03691709919138453,-0.4141907475240806,0.06539992918592152,0.4663294272697968,0.24070638227042812,-0.27170002128338333,0.49645390070921985,17.872340425531913,95,0.08241341781017941,0.7350784284500599,0.7689666807339954,-0.1071742376815521,0.2904068682344158,9.970884658454647,53,-0.003189188105497398,0.036804267267770356,-0.014241450114080827,-0.22393703449792512,0.23852183650615902,8.653975363941768,46,-0.01701348862425789,-0.26874900118026307,-0.5282602984635674,-0.16452578360183123,True,True
HST,"Host Hotels & Resorts, Inc. Common Stock",Individual equity,,1,easy_to_borrow,2679,2016-01-04,2026-08-28,0.338585209210138,105635429.19000001,0.07996693114243403,-0.5505037783375311,0.0065799650127913445,0.13546500238391335,0.009516220847210334,-0.6914472791707279,0.5042926465098917,17.966405375139978,95,0.026022215965095352,0.25502794457056027,0.05550296394061813,-0.4688437178406575,0.2974990668159761,9.970884658454647,53,-0.017551733894433985,-0.02984920339183345,-0.033056073388372006,-0.5309685057937972,0.23441582680104517,8.936170212765957,47,-0.019442250952304008,-0.11956294218664693,-0.04598674309340779,-0.22260356133007042,False,False
HSY,The Hershey Company,Individual equity,,1,easy_to_borrow,2679,2016-01-04,2026-08-28,0.23510987577817585,164925765.73,0.09561845379093459,-0.4525159744408941,0.05341886280145869,0.4380160376323446,0.17632700515070418,-0.3029533834355228,0.5606569615528182,16.837625979843224,90,0.05587792227943256,0.5691412158245251,0.4005798674989812,-0.13949258765375838,0.3609555804404629,10.06494960806271,53,-0.0008774819817254365,0.0421905744175929,-0.002241886030410217,-0.3914034744954792,0.23665546845837998,7.713325867861142,42,-0.0024590594779738684,-0.13112517819218056,-0.22425286234827704,-0.16346079578176442,False,False
HUBB,Hubbell Incorporated,Individual equity,,1,easy_to_borrow,2679,2016-01-04,2026-08-28,0.2870428471045026,53705112.599999994,0.17600511033575583,-0.41626650660264075,0.09928948449276231,0.5700656520076404,0.40265200554239955,-0.2465888239126306,0.6084359835759612,19.377379619260918,103,0.1568473052860373,1.0903666539058925,1.0117807894604722,-0.15502103510946819,0.4143337066069429,10.159014557670773,54,-0.046128620001070764,-0.25139232053076904,-0.0909307896304435,-0.5072937361321117,0.20567375886524822,9.782754759238522,52,-0.05755782079327498,-0.5203010018982521,-0.6091287839180727,-0.09156778880316241,False,False
HUBS,"HUBSPOT, INC.",Individual equity,,1,easy_to_borrow,2679,2016-01-04,2026-08-28,0.5230756642739763,169491511.38,0.15783242321025348,-0.8001596094263448,0.20810535357309967,0.7071722444010717,0.34779991172372254,-0.5983479194739121,0.5569242254572602,17.684210526315788,95,0.2398304410113592,1.0559743307507754,0.663696605826337,-0.36135553339580173,0.3407988055244494,10.72340425531915,58,-0.017943483717936526,0.07149942388901874,-0.04046282372257016,-0.4434560435268795,0.21799178798058977,6.96080627099664,37,-0.031725087438259525,-0.34880208634970367,-0.3158966941026145,-0.23699238607811035,True,True
HUM,Humana Inc.,Individual equity,,1,easy_to_borrow,2679,2016-01-04,2026-08-28,0.3432190877747372,345704812.5,0.0833533521942218,-0.6991702781790565,0.13194700173965868,0.6861332412778406,0.5129508229051819,-0.25723128972160525,0.5890257558790594,19.001119820828666,102,0.16249569802995567,1.1441089538172142,0.9680110386761549,-0.16786554237251639,0.3751399776035834,9.970884658454647,54,-0.00040229745323838717,0.08023109047090064,-0.001252637135761776,-0.32116040771355137,0.23329600597237776,9.594624860022396,51,-0.030548696290296995,-0.45797571253937364,-0.455060215770973,-0.08936574734908886,True,True
HWM,Howmet Aerospace Inc.,Individual equity,,1,easy_to_borrow,1611,2020-04-01,2026-08-28,0.3804432294300421,141650551.84,0.6023915056345559,-0.26746849942726225,0.08822359008348135,0.49948989977938263,0.19730700103859372,-0.4471386702908966,0.5108628181253879,17.050279329608937,55,0.14974557859748772,0.8345133410989949,0.4315721623179382,-0.346976917587123,0.39416511483550587,12.201117318435754,39,-0.05069362950168366,-0.4102220785273814,-0.15449950326774506,-0.32811516172859434,0.1409062693978895,5.4748603351955305,18,-0.061521988514006365,-0.33502344131961226,-0.2342651612793445,-0.10016175270377359,False,False
HYG,iShares iBoxx $ High Yield Corporate Bond ETF,Bond ETF,,1,easy_to_borrow,2679,2016-01-04,2026-08-28,0.0833518790558365,1685780475.76,0.05345548435526437,-0.2202791593133323,0.015417637549601793,0.42494714072369033,0.19867024180635579,-0.07760416159672967,0.4154535274356103,10.253079507278835,55,0.01736136922761533,0.7582600423642801,0.6386064535671229,-0.027186335387997307,0.3870847331093692,7.807390817469205,41,-0.001910561710721348,-0.04927531587682972,-0.022025905058161523,-0.08674157568900465,0.028368794326241134,2.4456886898096304,14,-0.0019437316780135383,-0.3333129016405898,-0.4399362117607671,-0.050417826208732364,False,False
IBB,iShares Biotechnology ETF,Thematic/industry ETF,,1,easy_to_borrow,2679,2016-01-04,2026-08-28,0.2380608992062206,232306947.6,0.06570212097899808,-0.3981827592155961,0.08182740720251225,0.5681837836513816,0.4159607612956432,-0.19671905337329065,0.5125046659201195,17.02575587905935,90,0.09406554576101311,0.8417226976636758,0.8685243517422419,-0.10830501824424332,0.3288540500186637,8.748040313549831,46,-0.010352970052708743,-0.03243598827513167,-0.0361901171145652,-0.28607174770766497,0.19260918253079506,8.465845464725643,45,-0.012238138558500866,-0.27353891401229424,-0.45256359044659866,-0.08841403512904733,True,True
IBIT,iShares Bitcoin Trust ETF Shares,Thematic/industry ETF,,1,easy_to_borrow,660,2024-01-11,2026-08-28,0.4928879040259925,1963618303.6799998,0.21029207527703053,-0.5330340861270864,0.3350529449516617,0.9747956321035524,1.0333807544000997,-0.3242299060873911,0.546969696969697,18.709090909090907,24,0.2573638056832832,1.080532415498478,1.157648811925565,-0.22231595889188482,0.31363636363636366,10.309090909090909,13,0.061787319562742304,0.35518812716944886,0.21257708823852559,-0.2906584151412067,0.23333333333333334,8.4,11,0.0776891392683785,-0.10573678339492554,-0.12426805752546533,-0.10191394719550628,True,True
IBKR,"Interactive Brokers Group, Inc. Class A Common Stock",Individual equity,,1,easy_to_borrow,2679,2016-01-04,2026-08-28,0.33494789212820714,12787497.8,0.23845510260606795,-0.5508447729672659,0.2370688928869562,1.0365959112728316,0.728275601918257,-0.32552084988502095,0.5614035087719298,16.367301231802912,88,0.1956373652862562,1.190244859209627,0.9144974170884884,-0.21392883307326604,0.3717805151175812,10.817469204927212,58,0.021477201941527024,0.21062037402071737,0.07043481186309318,-0.30492311079460366,0.1941022769690183,6.020156774916013,32,0.04143152760070001,-0.1536489479367955,-0.1862218151702314,-0.1115920168117549,False,False
IBM,International Business Machines Corporation,Individual equity,,1,easy_to_borrow,2679,2016-01-04,2026-08-28,0.27973124625402707,536079785.12,0.09807081331619494,-0.4058351089985248,0.19883024891642398,1.0801020110164758,0.8347201908216524,-0.23819987955569455,0.5453527435610303,17.307950727883537,92,0.17306210207671846,1.4013598025043101,1.220600596104225,-0.14178438272853422,0.3363195222097798,9.594624860022396,51,0.02104899878820632,0.22238175702703025,0.09736900184460721,-0.21617761699764326,0.23180291153415453,8.465845464725643,45,0.02576814683970552,-0.3212577914878343,-0.3858804052825726,-0.09641549682716033,True,True
ICE,Intercontinental Exchange  Inc.,Individual equity,,1,easy_to_borrow,2679,2016-01-04,2026-08-28,0.22426842970934524,256020973.56,0.13075082281849948,-0.34317484662576625,0.15578495849773244,0.9620300193123402,0.9620006335340414,-0.1619385196509019,0.5617767823814857,15.332586786114222,84,0.15830638798258834,1.3812159256275625,1.6960397685406288,-0.09333884200062381,0.39417693169092943,8.748040313549831,47,0.0014276524117089462,0.07254725636017378,0.004748668102238234,-0.30064270253716774,0.18477043673012317,7.337066069428891,41,-0.002521429484855897,-0.41918590631522223,-0.7340391350065874,-0.06859967765027808,True,True
ICLN,iShares Global Clean Energy ETF,Thematic/industry ETF,,0,hard_to_borrow,2679,2016-01-04,2026-08-28,0.27415623199009725,28373621.759999998,0.07473683927543862,-0.6675241157556286,0.2784237562647105,1.3438111871704845,1.446928851562753,-0.19242394397208917,0.5442329227323628,16.555431131019038,90,0.193152974065661,1.4335789501090201,0.8537865827047353,-0.226230978535369,0.3161627472937663,8.842105263157894,48,0.07254419808702961,0.5405227214830259,0.42752606179008656,-0.16968368614367302,0.23516237402015677,8.277715565509519,44,0.08527078219904949,-0.08976776293853561,0.5931422688580177,0.033807034563279825,True,True
IDXX,"IDEXX Laboratories, Inc. Common Stock",Individual equity,,1,easy_to_borrow,2679,2016-01-04,2026-08-28,0.3267481272680908,185565978.0,0.21320316505006986,-0.5400136023577418,0.15760843892633436,0.8143223400951697,0.40290640092673363,-0.3911787913118675,0.5184770436730123,17.496080627099662,95,0.15306978156238316,1.0521587355295723,0.6299640888107938,-0.24298175766072405,0.3254945875326614,10.347144456886898,56,0.003580226327812852,0.09818843194749513,0.012671962812734474,-0.2825313158443745,0.2030608435983576,7.901455767077267,42,0.004538657363951204,-0.2378363954344026,-0.22705768788406017,-0.14819703365114345,False,False
IEF,iShares 7-10 Year Treasury Bond ETF,Bond ETF,,1,easy_to_borrow,2679,2016-01-04,2026-08-28,0.06542649103405199,480038651.9,0.010238984255743766,-0.2392707937713655,0.017161700427032578,0.5771482730259654,0.29901974587785135,-0.05739320116352142,0.20977976857036207,9.218365061590145,50,0.007487058654988221,0.4397019164962511,0.19009930414890286,-0.03938498717030381,0.09891750653228817,4.891377379619261,27,0.009602745453584527,0.39690128083450965,0.22954966738694577,-0.04183297481062098,0.11086226203807391,4.326987681970884,23,0.009674641772044357,0.13744635652971426,0.10892044172894849,-0.018008213993217614,True,False
IEX,IDEX Corporation,Individual equity,,1,easy_to_borrow,2679,2016-01-04,2026-08-28,0.23969884810066217,70514469.57,0.12483121204529968,-0.3552284575283654,0.16189459185414323,0.9987326254910185,1.1978472989643754,-0.13515461611351687,0.5289287047405749,15.61478163493841,85,0.13215970847178204,1.1757073854659925,1.3832918694885237,-0.09554000235731053,0.3635684957073535,8.465845464725643,47,0.03345111807852508,0.32673103202670545,0.1525342757059452,-0.21930230385078808,0.18253079507278835,7.337066069428891,39,0.029734883382361188,-0.17697475997497403,-0.1854445705241483,-0.03961461375620634,True,True
IFF,International Flavors & Fragrances Inc.,Individual equity,,1,easy_to_borrow,2679,2016-01-04,2026-08-28,0.3047122738784547,112874663.68,-0.0037357602100771548,-0.5741483696841493,0.00744644003858741,0.12927697898406446,0.0248232866122695,-0.29997800673609554,0.49906681597611047,20.12989921612542,109,0.04121082398731968,0.40985820018505914,0.19083636373161986,-0.21594848686844592,0.2974990668159761,10.535274356103024,58,-0.014727374438626595,-0.044656203603557515,-0.04429400378919288,-0.3324913798427016,0.21649869354236656,9.782754759238522,52,-0.03376438394873227,-0.2805812212009947,-0.16601307711935037,-0.08402951986764962,True,True
IGV,iShares Expanded Tech-Software Sector ETF,Thematic/industry ETF,Semis / Software,1,easy_to_borrow,2679,2016-01-04,2026-08-28,0.2635520305204792,47077870.839999996,0.17364796738731458,-0.45849669541839466,0.1320409753197065,0.7729868462901492,0.5957903753933039,-0.22162320972798732,0.5360209033221351,19.47144456886898,107,0.18439621332151335,1.4605482159750356,1.3061234210243566,-0.1411782457563593,0.3982829413960433,11.005599104143336,60,-0.03738929821851589,-0.20838403958825072,-0.09037118033155417,-0.4137303295291914,0.14594998133631953,8.842105263157894,49,-0.05235523800180686,-0.6875613696848863,-0.7103330456310527,-0.08044496397162804,False,True
IJR,iShares Core S&P Small-Cap ETF,Broad index ETF,,1,easy_to_borrow,2679,2016-01-04,2026-08-28,0.2241739872906813,315651439.6,0.11432422448734858,-0.44355444305381764,0.12355704485067465,0.8510751311478375,0.5807203057608424,-0.21276515325014145,0.6125419932810751,17.11982082866741,92,0.08875722703929556,0.7855820032578313,0.5547724819673954,-0.15998851767941857,0.45128779395296753,10.159014557670773,54,0.019647534298074865,0.2499600832325678,0.14901051993935122,-0.13185333697293056,0.1799178798058977,8.277715565509519,45,0.034799817811379086,0.06549312789000616,0.025947823793447067,-0.052776635570722874,True,False
INCY,Incyte Corp. Common Stock,Individual equity,,1,easy_to_borrow,2679,2016-01-04,2026-08-28,0.3535763696030814,123834749.28,0.017595474127142685,-0.6647451853792761,0.11887622384821817,0.593486593630907,0.3597987807261508,-0.33039640548058713,0.5815602836879432,16.555431131019038,91,0.10836916176593814,0.7193163051997792,0.5369670377971316,-0.20181715848055548,0.3045912653975364,7.901455767077267,46,0.03064931503726176,0.25736952747009,0.12339516629949583,-0.24838343313118083,0.2952594251586413,8.653975363941768,47,0.010507062082280028,-0.12582971156887224,-0.17716825707098083,-0.12857924700003165,True,True
INDA,iShares MSCI India ETF,Thematic/industry ETF,,1,easy_to_borrow,2679,2016-01-04,2026-08-28,0.1995201587761808,138808707.2,0.07063137024541777,-0.4445086705202316,0.10678832491815404,0.837809463003167,0.6374556516625118,-0.16752275180186338,0.5670026129152669,21.070548712206048,112,0.08001583099042531,0.9162697609938247,0.4856162089591659,-0.16477174672963524,0.3732736095558044,11.47592385218365,61,0.027677410906111755,0.3269392441721013,0.09967064620241561,-0.2776886872981964,0.20044792833146696,9.970884658454647,53,0.026772493927728735,-0.07846029799065768,0.15183944270334593,-0.002751005072228141,True,True
INTC,Intel Corporation Common Stock,Individual equity,,1,easy_to_borrow,2679,2016-01-04,2026-08-28,0.44490035469930145,1305215317.44,0.11983917220848395,-0.7080045095828646,0.18243156136393757,0.7086706084666294,0.4967405082708218,-0.3672572667749422,0.521089958939903,19.189249720044792,103,0.19415463285926804,0.9104877483874615,0.6639958772330159,-0.2924033710395063,0.3012318029115342,11.099664053751399,59,0.005545612841549863,0.12946539621043138,0.013384563717363466,-0.41432899559928693,0.24524076147816348,8.653975363941768,47,-0.011723071495330473,-0.20181713992083206,-0.16725536896219412,-0.07485389573543588,True,True
INTU,Intuit Inc. Common Stock,Individual equity,,1,easy_to_borrow,2679,2016-01-04,2026-08-28,0.338789976689664,543019291.1999999,0.14302577146387274,-0.6819343202825583,0.1559980725823209,0.7568171116242121,0.4434902386033291,-0.35175085944078743,0.5293019783501306,17.872340425531913,96,0.17780571138741963,1.163793333828686,1.0367623211101822,-0.17150093880439476,0.3680477790220231,9.970884658454647,53,-0.024704065844050827,-0.05952546240334605,-0.052374315142017555,-0.4716828425739522,0.1773049645390071,8.842105263157894,48,-0.021807638805098728,-0.40697622220447405,-0.5932720825068531,-0.18024992063639267,True,True
INVH,Invitation Homes Inc. Common Stock,Individual equity,,1,easy_to_borrow,2407,2017-02-01,2026-08-28,0.25386744652789944,89932905.45,0.06777283439203097,-0.505388331475288,0.06775505255726966,0.4454930070563185,0.23866240721531873,-0.2838949516508553,0.5388450353136685,16.751142501038636,81,0.051803366878330426,0.5364855340444771,0.35896286341910505,-0.14431400057628718,0.3331948483589531,9.21312837557125,45,0.010364539338461931,0.14144217104936546,0.03110644834207854,-0.3331958449413055,0.211882010801828,8.061487328624844,38,0.01595168567893923,-0.09099252698815857,-0.12030045620378632,-0.13958095107456814,False,False
IP,International Paper Co.,Individual equity,,1,easy_to_borrow,2679,2016-01-04,2026-08-28,0.32479322954572915,112151978.39999999,0.04899826095491977,-0.5528639347973742,0.058070590641713826,0.37097272658364794,0.15965846095185002,-0.3637175900075025,0.5576707726763718,18.624860022396415,99,0.07091448713030246,0.5632386327311084,0.2883128253653866,-0.2459636925288725,0.320642030608436,9.782754759238522,52,-0.018559166131391303,-0.03156862955478502,-0.055372879492836063,-0.33516707639869836,0.255692422545726,9.594624860022396,51,-0.012843896488588635,-0.19226590614746047,-0.1286543644135366,-0.11775389747862997,True,True
IQV,IQVIA Holdings Inc.,Individual equity,,1,easy_to_borrow,2679,2016-01-04,2026-08-28,0.3180945154455482,193827471.18,0.13669610927852371,-0.5152330066168933,0.14799610529500407,0.7426237186256766,0.6681986802258899,-0.22148518049298271,0.5098917506532288,17.966405375139978,95,0.11076754741012995,0.8332714270304519,0.7176168247768636,-0.15435472467437217,0.3146696528555431,10.817469204927212,57,0.036765724345258155,0.2968158747076145,0.15521869506295047,-0.23686402163313802,0.19970138111235536,7.337066069428891,39,0.037228557884874114,-0.09064770840477532,-0.04941814455097371,-0.06713045581861055,True,False
IR,Ingersoll Rand Inc. Common Stock,Individual equity,,0,hard_to_borrow,2337,2017-05-12,2026-08-28,0.3442727336202756,119418699.6,0.1469765722295664,-0.550986842105263,0.16237063925126805,0.7206959138370991,0.5687030143807452,-0.2855104248534215,0.5609756097560976,18.22336328626444,84,0.16222825354226256,0.9783169486545682,1.209503167065601,-0.13412801054159096,0.35173299101412064,9.489088575096277,44,0.007416273050077082,0.13270156801476657,0.014579507685955593,-0.5086778792415029,0.20881471972614463,8.734274711168164,40,0.00014238570900548808,-0.2576210348174691,-0.6408001526848557,-0.15138241431183053,True,True
IRDM,Iridium Communications Inc Common Stock,Individual equity,,1,easy_to_borrow,2679,2016-01-04,2026-08-28,0.45908520489534943,22460950.799999997,0.18361589012960167,-0.7533660700142564,0.13820123293219,0.5867404112455242,0.3782715219662784,-0.36534929252355974,0.5412467338559164,17.496080627099662,98,0.12695968803105817,0.6682576640029593,0.5851838952826923,-0.2169569071440801,0.3307204180664427,10.911534154535273,62,0.01285754622139268,0.1645346216128052,0.03548991605988556,-0.36228730999805414,0.22209779768570362,6.96080627099664,38,0.011241544901131828,-0.08151725275743504,-0.20691237331641393,-0.14839238537947963,False,False
IRM,Iron Mountain Inc.,Individual equity,,1,easy_to_borrow,2679,2016-01-04,2026-08-28,0.2947212205265952,67290241.58999999,0.21278221091602667,-0.39027009168249693,0.13873858118329063,0.7856979194352398,0.5442862338153007,-0.25490003708300746,0.5565509518477044,18.624860022396415,100,0.1953271689886802,1.3769696415130466,1.4276383741864758,-0.13681837958438547,0.36954087346024633,10.347144456886898,55,-0.0451712803259795,-0.2871609364806118,-0.09070015517987509,-0.4980286994702109,0.19858156028368795,9.03023516237402,49,-0.056588587805389556,-0.5912717220778068,-0.883352140371175,-0.11808165749862198,False,False
ISRG,"Intuitive Surgical, Inc. Common Stock",Individual equity,,1,easy_to_borrow,2679,2016-01-04,2026-08-28,0.3246805361536041,222868210.0,0.18589869995591757,-0.4990421980187182,0.2132109364304242,0.9637154345498523,0.5925989387041414,-0.35978960221673817,0.5942515864128406,16.743561030235163,89,0.23100373053592183,1.4160808656196555,1.3757717144819914,-0.16790847500662553,0.4012691302724897,9.594624860022396,51,-0.012277704864417816,0.01770420492560308,-0.04269403501026264,-0.28757424453946656,0.21948488241881298,8.277715565509519,44,-0.01779279410549761,-0.4523654310698032,-0.78317277577785,-0.19188112721011263,True,True
IT,"Gartner, Inc.",Individual equity,,1,easy_to_borrow,2679,2016-01-04,2026-08-28,0.3395454692836847,116155071.51,0.07931475115631748,-0.7721457049655678,0.1910856584613434,0.8480170028353652,0.4159333042524469,-0.45941418133077827,0.5871593878312803,17.4020156774916,93,0.12995903916616935,0.978917248161937,0.5668079695633848,-0.22928230749168454,0.3729003359462486,10.253079507278835,55,0.06990433148436193,0.43265947181981257,0.16923380913354216,-0.41306362979279465,0.2288167226577081,7.713325867861142,41,0.061126619295174045,-0.13090024532657185,-0.15087466531093785,-0.23013187383909373,True,True
ITB,iShares U.S. Home Construction ETF,Thematic/industry ETF,,1,easy_to_borrow,2679,2016-01-04,2026-08-28,0.2961015413765483,143980333.68,0.13740337841649675,-0.5210767946577628,0.1828680031353458,0.9028287499233891,0.9411945943943439,-0.19429351190974575,0.5614035087719298,17.11982082866741,91,0.13122306161758357,0.924550716621168,0.7452363492381392,-0.17608247605170346,0.370287420679358,9.782754759238522,52,0.04120299361504243,0.33725546476050805,0.16360207260793622,-0.25184884860097856,0.19820828667413215,7.713325867861142,41,0.05164494151776222,-0.021721966697778816,0.19595824515620475,-0.01821103585804229,True,False
ITW,Illinois Tool Works Inc.,Individual equity,,1,easy_to_borrow,2679,2016-01-04,2026-08-28,0.2356606771058744,202811303.9,0.13759424745664295,-0.378497790868925,0.11202611274920304,0.7269405461339404,0.42088112983659604,-0.26617043342545754,0.5513251213139231,16.743561030235163,90,0.11980286186899569,1.0742050352592727,0.8872724761049867,-0.13502375549269263,0.375886524822695,10.535274356103024,57,-0.020951834046218365,-0.10726725474357904,-0.06456902437945441,-0.32448738768438246,0.18477043673012317,7.337066069428891,40,-0.0077767491197926475,-0.34726448912533225,-0.4663913462683907,-0.1311466779327649,False,False
IVZ,Invesco LTD,Individual equity,,1,easy_to_borrow,2679,2016-01-04,2026-08-28,0.39121450761768356,71145412.38000001,0.044999505500840975,-0.7972666926981649,0.21529753868718737,0.8000813563992341,0.5372459135763495,-0.4007429991491054,0.589772303098171,17.4020156774916,92,0.14048537117826654,0.8755294961220442,0.4234398818357059,-0.3317717040946433,0.3150429264650989,9.876819708846584,52,0.07164861837027403,0.4001155636169968,0.17483825766044778,-0.40979943022208754,0.2889137737961926,7.713325867861142,41,0.07481216750892083,-0.07544813972281017,0.11380603174064363,-0.06897129505446209,True,True
IWD,iShares Russell 1000 Value ETF,Factor/style ETF,,1,easy_to_borrow,2679,2016-01-04,2026-08-28,0.17131465501775336,274800559.44,0.1203346572042423,-0.38518396846254976,0.09035497147666582,0.7606514448550512,0.45115396618605363,-0.2002752458113244,0.6121687196715192,17.590145576707727,96,0.11423843393847588,1.4256801214029136,1.7148651490824118,-0.06661656982159936,0.5020530048525569,9.500559910414333,50,-0.013556904432828087,-0.09044959633312795,-0.046307034003704395,-0.2927612343244351,0.12467338559163867,8.465845464725643,49,-0.023883462461810057,-0.6650286765478624,-1.2637111828963583,-0.13365867598972503,False,False
IWF,iShares Russell 1000 Growth ETF,Factor/style ETF,,1,easy_to_borrow,2679,2016-01-04,2026-08-28,0.20807352851312863,81929685.6,0.17382204602561657,-0.32727272727272694,0.18636521669019324,1.2410526167381217,1.4579514182389333,-0.12782676731115272,0.6043299738708473,17.213885778275476,94,0.18556613269317723,1.894819400774862,1.8129068695012018,-0.10235833721796939,0.5020530048525569,10.06494960806271,53,0.00501188706502842,0.1006308661219739,0.03682146490371485,-0.1361131904484001,0.11086226203807391,7.525195968645017,43,0.0007990839970160035,-0.6537667840367403,-0.3549554512622686,-0.025468430093183336,True,True
IWM,iShares Russell 2000 ETF,Broad index ETF,Indices,1,easy_to_borrow,2679,2016-01-04,2026-08-28,0.22666104588221478,4466708013.900001,0.11138150824487059,-0.4127328400102058,0.1111769098812041,0.7302222375179391,0.6197485826118991,-0.17939034150373467,0.5811870100783875,17.4020156774916,93,0.10772348787395858,0.9663256230171166,0.8003262902174314,-0.1345994617329045,0.4311310190369541,10.06494960806271,53,0.003490528726825204,0.08845423805558472,0.013489581014231861,-0.2587573863964051,0.16610675625233295,8.277715565509519,45,0.0034534220072455213,-0.23610338549917742,-0.18057770760553227,-0.04479087977083018,False,False
IWN,iShares Russell 2000 Value ETF,Broad index ETF,,1,easy_to_borrow,2679,2016-01-04,2026-08-28,0.2303550210138171,140020787.24,0.10943195956515872,-0.4608076009501201,0.12545007217130522,0.7684376945061223,0.6947561357892039,-0.18056705901388115,0.5890257558790594,18.34266517357223,97,0.1069579716957163,0.9231144236980066,0.7525347062757682,-0.14213028422973661,0.41022769690182903,10.06494960806271,53,0.020935111853475075,0.22465237530576396,0.10182805234385463,-0.2055927749927009,0.1873833519970138,8.653975363941768,46,0.018492100475588913,-0.15467672919188424,-0.05777857048656432,-0.038436774784144534,True,False
IWO,iShares Russell 2000 Growth ETF,Broad index ETF,,1,easy_to_borrow,2679,2016-01-04,2026-08-28,0.2400295285932484,111841610.88000001,0.109029164140793,-0.4201241625176707,0.16596770119294146,0.9836428615342733,0.968433023830142,-0.17137757295444245,0.5755879059350504,16.367301231802912,88,0.14211464162616538,1.2413313935554882,1.0211205394712586,-0.13917518660407424,0.41993281075027994,9.970884658454647,53,0.025198480560189473,0.25502032044413486,0.11472709553759969,-0.2196384423584674,0.1705860395670026,7.148936170212766,39,0.02385305956677608,-0.2576885320212149,-0.05268751564111662,-0.032202386350368206,True,True
IYR,iShares U.S. Real Estate ETF,Thematic/industry ETF,,1,easy_to_borrow,2679,2016-01-04,2026-08-28,0.19645669613867628,524999386.44,0.06235859429348367,-0.4232854112656139,0.08948584703210716,0.6765809492413668,0.5441626113768891,-0.16444688620866843,0.5718551698394924,17.4020156774916,95,0.0641447072217618,0.7542297088500441,0.44366859541105363,-0.14457797528430538,0.40276222471071293,9.218365061590145,51,0.02569066690947852,0.28041212027624385,0.12254484711508216,-0.20964297980928037,0.18029115341545351,8.371780515117582,45,0.02534113981034536,-0.07764875960867734,0.10049401596583551,-0.019868910924363048,True,True
IYT,iShares U.S. Transportation ETF,Thematic/industry ETF,,0,hard_to_borrow,2679,2016-01-04,2026-08-28,0.22948984127226923,11166165.059999999,0.10731255847153798,-0.41285563751317145,0.15522674532926306,0.9437427145093655,0.7407734230350308,-0.20954686075707452,0.5483389324374767,17.872340425531913,95,0.11978021861441812,1.113889349356422,0.9012095398670231,-0.13291050895010736,0.3684210526315789,9.970884658454647,53,0.031716428304965794,0.30416180339396603,0.13774627667565015,-0.23025252711293365,0.1877566256065696,8.465845464725643,45,0.03544652671484494,-0.1701466348470564,-0.16043611683199233,-0.07663635180696715,True,True
J,Jacobs Solutions Inc.,Individual equity,,1,easy_to_borrow,2679,2016-01-04,2026-08-28,0.27811458826163454,61520932.5,0.16329399295994018,-0.39323385644455855,0.10430699493542295,0.6574911754223088,0.41220935240773426,-0.2530437369413403,0.509518477043673,17.213885778275476,96,0.15725885737265233,1.2007908420159745,1.320631361998983,-0.11907854220167569,0.3617021276595745,9.876819708846584,54,-0.04063105949017032,-0.28233040680770066,-0.09287953144734543,-0.4374597810412575,0.1590145576707727,7.901455767077267,45,-0.05295186243722938,-0.5432996665936657,-0.9084220095912486,-0.13396519473966462,False,False
JBHT,"J.B. Hunt Transport Services, Inc. Common Stock",Individual equity,,1,easy_to_borrow,2679,2016-01-04,2026-08-28,0.29704732499800024,109623010.2,0.14045476385379718,-0.424161513959154,0.1329526113467776,0.7081026989730701,0.3804657700266967,-0.34944697216111853,0.5543113101903695,18.154535274356103,96,0.14219507941800869,1.0045704690091857,0.8655573108017024,-0.16428153011185798,0.3064576334453154,10.535274356103024,56,-0.0029099413581691325,0.058866650922255126,-0.007879128173128238,-0.3693227593496303,0.2620380739081747,8.183650615901456,43,-0.00924246807123108,-0.2964677700361156,-0.4850915407750057,-0.18516544204926055,False,True
JBL,Jabil Inc.,Individual equity,,1,easy_to_borrow,2679,2016-01-04,2026-08-28,0.3717597763610061,62631316.44,0.2830787155073393,-0.5734945471787578,0.23993241878740235,0.9978991063403173,0.752409741907105,-0.3188853166351283,0.5490854796565883,18.81298992161254,101,0.2376639308533739,1.234508574298588,0.9463884711609528,-0.2511272464697578,0.3788727136991415,11.099664053751399,60,0.006621112267110707,0.12173395668144733,0.012959932097374333,-0.5108909689775409,0.1873833519970138,8.277715565509519,44,0.0022684879340284514,-0.23660946795827065,-0.19397872925384785,-0.0677580701653705,False,False
JBLU,JetBlue Airways Corporation Common Stock,Individual equity,,1,easy_to_borrow,2679,2016-01-04,2026-08-28,0.5409047071746328,102025130.82,-0.13297935403146488,-0.8557894736842109,0.0829674171025574,0.4057228381461478,0.12433237181551363,-0.6673034213942752,0.5013064576334453,17.590145576707727,94,-0.01203150297702038,0.05131788074365474,-0.027822664537158488,-0.4324353248392776,0.24897349757372153,10.159014557670773,55,0.10644500851127647,0.5066811071073418,0.22187643752784977,-0.4797490427432862,0.2698768197088466,8.183650615901456,43,0.09499892007957778,0.35440495740249306,0.1521550363526721,-0.23486809655499763,True,True
JCI,Johnson Controls International plc,Individual equity,,1,easy_to_borrow,2679,2016-01-04,2026-08-28,0.27920893005273184,224286432.4,0.14677331733585697,-0.47155085599194313,0.16807070922820566,0.9156325511914353,0.7901741898015672,-0.21270083406598295,0.58006718924972,16.367301231802912,88,0.1617806197807068,1.2121847539704955,0.9825387408074353,-0.16465571591381523,0.3822321761851437,9.782754759238522,53,0.025846517889311027,0.25102800596269315,0.09328428762683742,-0.2770725761738584,0.22209779768570362,7.337066069428891,39,0.00629008944749887,-0.29655220277906025,-0.19236455100586813,-0.04804511815216772,True,True
JD,"JD.com, Inc. American Depositary Shares",Individual equity,,1,easy_to_borrow,2679,2016-01-04,2026-08-28,0.47387250714507745,390932844.67,0.009725261004494223,-0.791453537936914,0.2812646872064901,0.9598929109713596,0.658849653968741,-0.42690268639017104,0.5259425158641284,16.6494960806271,90,0.16536055280484763,0.8379013671161325,0.48454095895366406,-0.3412725998684062,0.2601717058603957,9.218365061590145,51,0.08463052791126224,0.4677809044813132,0.19557476986624808,-0.4327272273879721,0.2792086599477417,8.183650615901456,44,0.11590413440164249,0.12199154385522715,0.1743086950150769,-0.08563008652176485,True,True
JETS,U.S. Global Jets ETF,Thematic/industry ETF,,1,easy_to_borrow,2679,2016-01-04,2026-08-28,0.338114483398208,45859112.120000005,0.023058145706512878,-0.6472694717994634,0.21816970064152552,0.9283164653964603,0.5582114382590502,-0.3908370300005911,0.5908921239268383,19.189249720044792,105,0.14975818398673524,1.0115743295683335,0.632845765152605,-0.23664246840716774,0.3590892123926838,10.347144456886898,56,0.06347674673898807,0.4129000760895783,0.12887426019508133,-0.49254790400271675,0.24001493094438223,9.03023516237402,50,0.06841151665479028,-0.0832578641718732,-0.07463432689355487,-0.15419456159342337,True,True
JKHY,"Jack Henry & Associates, Inc. Common Stock",Individual equity,,1,easy_to_borrow,2679,2016-01-04,2026-08-28,0.23713633562385567,71450874.42999999,0.09086694014939689,-0.38354727536087274,0.14565777928796875,0.9508424293422523,0.8904008413623213,-0.16358674938481754,0.5998506905561777,15.708846584546471,83,0.15765869650829112,1.3882156263960146,1.8345229859909937,-0.08593988612419878,0.375886524822695,8.936170212765957,47,-0.004392050883870735,0.01741902298193771,-0.011911918499895393,-0.36871062238289365,0.24673385591638672,7.337066069428891,39,-0.012000917220322371,-0.4373731970537623,-0.9441221446286724,-0.07764686326061876,True,True
JNJ,Johnson & Johnson,Individual equity,,1,easy_to_borrow,2679,2016-01-04,2026-08-28,0.18512553916432176,981014428.02,0.12732016271152125,-0.2737286149519571,0.0972675921762014,0.800013611474169,0.5299018422894097,-0.18355775431155796,0.5774542739828294,17.496080627099662,94,0.11209525790746055,1.2575633466665188,0.8927431335003839,-0.12556272202054675,0.3546099290780142,9.594624860022396,51,-0.01039192879140538,-0.06932951711830143,-0.05557929414292397,-0.18697482491739092,0.23068309070548712,8.653975363941768,47,-0.014827665731259154,-0.45754973519234976,-0.3628412912109742,-0.05799503229101122,False,False
JNK,State Street SPDR Bloomberg High Yield Bond ETF,Bond ETF,,1,easy_to_borrow,1840,2019-05-06,2026-08-28,0.09123815303077353,476398827.72,0.04282154226813972,-0.22893014558568203,0.027981265896484198,0.6754072926165398,0.564146729517516,-0.04959926989280794,0.4016304347826087,10.271739130434783,38,0.01666626962208828,0.7317236553033162,0.5031863421825805,-0.033121466591875315,0.3695652173913043,7.806521739130435,28,0.011129508878662264,0.33022649833268,0.1728455511530655,-0.06438990650564325,0.03206521739130435,2.465217391304348,10,0.011314996274395916,-0.05631636268677642,0.06096038733493547,-0.016477803300932625,False,False
JOBY,"Joby Aviation, Inc.",Individual equity,,1,easy_to_borrow,1457,2020-11-09,2026-08-28,0.7670304746967692,31323228.74,-0.06818721743368195,-0.7974522292993635,0.2557566119494179,0.7315778679616485,0.7023760596425886,-0.36413059419986826,0.4948524365133837,15.912148249828414,50,0.13058307707606276,0.5522233702122008,0.41562266805629916,-0.3141866099044779,0.16609471516815374,9.339739190116678,30,0.08412646332973739,0.41005424476137264,0.23845296840517838,-0.3528010739073293,0.35277968428277284,7.61015785861359,24,0.12517353487335514,0.17935449774944767,0.2867533915862895,-0.049943984295390376,True,True
JPM,JPMorgan Chase & Co.,Individual equity,,1,easy_to_borrow,2679,2016-01-04,2026-08-28,0.27317033288248654,1443626960.0,0.2075043737599933,-0.4363019508057675,0.14085569505589746,0.8398880325603096,0.5597032236833088,-0.2516613967826571,0.572601717058604,17.02575587905935,92,0.17041614271076688,1.3578038855812755,1.1608105923379635,-0.14680788048938753,0.4079880552444942,9.500559910414333,50,-0.01903836618256005,-0.08565190414725815,-0.05725846601626071,-0.3324987116691772,0.17543859649122806,7.901455767077267,44,-0.029560447654869426,-0.5179158530209659,-0.6011073686546546,-0.10485351629326956,False,False
KBE,State Street SPDR S&P Bank ETF,Thematic/industry ETF,,1,easy_to_borrow,2679,2016-01-04,2026-08-28,0.2950321815903818,86991557.88,0.09686291843186612,-0.5314382076608049,0.19774487785662154,0.9360153461538302,0.6368715961980312,-0.3104941075047316,0.5823068309070548,18.06047032474804,97,0.14724152726524498,1.0196275229564589,0.8061846186856286,-0.1826399609376097,0.3896976483762598,9.970884658454647,53,0.04531197761404404,0.3484925020899375,0.19388701836544273,-0.23370299876724587,0.21500559910414332,9.03023516237402,49,0.05050335059137656,-0.08361217680262867,-0.1693130224875974,-0.1278541465671219,True,True
KDP,Keurig Dr Pepper Inc. Common Stock,Individual equity,,1,easy_to_borrow,2679,2016-01-04,2026-08-28,0.23701244544487285,150349915.99,0.10100326289517336,-0.36870026525198973,0.08978452227931388,0.6520872624241412,0.4544194963002249,-0.19758070023473473,0.543859649122807,17.307950727883537,95,0.09521717404400265,0.9241846912836083,0.8211351572380229,-0.11595797988272227,0.3131765584173199,8.465845464725643,48,0.009292690609094878,0.1376144998994487,0.03623036327909573,-0.25648902655239436,0.2541993281075028,9.218365061590145,49,-0.005432651764688767,-0.2720974288594671,-0.366715660937798,-0.08162272035201246,False,False
KEY,KeyCorp,Individual equity,,1,easy_to_borrow,2679,2016-01-04,2026-08-28,0.3913546262226454,149338899.55,0.09396895615246148,-0.6523654916512058,0.1711785920683937,0.6964965950118598,0.46783717159112215,-0.3658935254892475,0.5748413587159388,16.837625979843224,90,0.15947679073046195,0.8957119855974118,0.6679486956870855,-0.23875604782252946,0.3837252706233669,9.40649496080627,50,0.015042877677791555,0.1763397158560526,0.038111044931002584,-0.39471176151232923,0.20828667413213886,7.807390817469205,42,0.01170180133793175,-0.19921539058555204,-0.20011152409596333,-0.127137477666718,True,True
KEYS,"Keysight Technologies, Inc.",Individual equity,,1,easy_to_borrow,2679,2016-01-04,2026-08-28,0.3247137059858052,138201772.54000002,0.2583292246259534,-0.42620112537873334,0.1339879525085228,0.7017770895433972,0.40991600971515785,-0.32686684426311685,0.5479656588279209,19.189249720044792,104,0.18097595719916248,1.0930134170570442,1.243202897153598,-0.14557234190293467,0.3997760358342665,11.47592385218365,61,-0.037121301618685654,-0.20078399316371107,-0.07767356433288039,-0.47791422908825687,0.19111608809257186,8.465845464725643,46,-0.046988004690639684,-0.391236327513647,-0.8332868874384401,-0.18129450236018219,False,False
KHC,The Kraft Heinz Company Common Stock,Individual equity,,1,easy_to_borrow,2679,2016-01-04,2026-08-28,0.2703884304524066,212147817.15,-0.051881688492076194,-0.7607817800032306,0.1664323240077319,1.0126747526455682,0.5511260188289723,-0.30198596749499473,0.561030235162374,16.179171332586787,89,0.06467147211569957,0.625681731760934,0.3050271750985416,-0.21201872290495727,0.2780888391190743,7.901455767077267,43,0.09203976757139265,0.756767425927408,0.5685682045715715,-0.1618799061068612,0.2956326987681971,8.842105263157894,50,0.10176085189203232,0.38699302088463416,0.24609884373043067,-0.08996724459003747,True,True
KIM,Kimco Realty Corp.,Individual equity,,1,easy_to_borrow,2679,2016-01-04,2026-08-28,0.3322381260740221,68040638.25,0.04158856073462647,-0.6935681470137827,0.10125363574982504,0.6045517509696612,0.22455089400514028,-0.4509161996367167,0.48226950354609927,16.837625979843224,91,0.08063515621585804,0.6633812165804741,0.3499319176484335,-0.23043098428326236,0.2698768197088466,8.653975363941768,46,0.019257193472450362,0.20679341984185473,0.048228991233284876,-0.39928667343056834,0.21724524076147816,8.559910414333705,47,0.020618479533967005,-0.058829465610812925,-0.12538102364329323,-0.22048521535345433,True,True
KKR,KKR & Co. Inc.,Individual equity,,1,easy_to_borrow,2679,2016-01-04,2026-08-28,0.36891885108632083,130277908.44,0.22126576925510233,-0.4941582420243359,0.14040864344612003,0.6433141086492765,0.40716418660707615,-0.3448452689716003,0.5505785740948115,18.34266517357223,97,0.19783918743654105,1.1244874719041018,1.1066573327210008,-0.17877185790664096,0.3736468831653602,10.629339305711087,56,-0.04725637307644259,-0.16259023415629187,-0.0731940279538027,-0.64563154122723,0.19036954087346025,8.277715565509519,44,-0.057430543990421024,-0.4811733632548253,-0.6994931461139247,-0.16607341106495932,False,False
KLAC,KLA Corporation Common Stock,Individual equity,,1,easy_to_borrow,2679,2016-01-04,2026-08-28,0.42227759251856856,34122624.33,0.3797530026982978,-0.43590934731393316,0.18593177714732567,0.7468354701911211,0.3204082975957002,-0.5802963860253687,0.5655095184770437,19.377379619260918,106,0.31452201386410317,1.426592180156337,1.6636387814841436,-0.18905667345859534,0.3755132512131392,10.911534154535273,60,-0.0882196633682023,-0.3766577447553252,-0.13487561114239802,-0.654081658062423,0.20567375886524822,9.03023516237402,49,-0.1285902367167775,-0.679756709965216,-1.3432304838884432,-0.39123971256677337,False,False
KMB,Kimberly-Clark Corporation Common Stock,Individual equity,,1,easy_to_borrow,2679,2016-01-04,2026-08-28,0.21060352230610183,208319037.5,0.021167993939939844,-0.34063644853099684,0.05825909113883898,0.4857986571693379,0.21580654208631417,-0.2699598009199259,0.562896603210153,16.555431131019038,89,0.07505747375734129,0.8206044565021126,0.6877765452036153,-0.10913060976093714,0.3027248973497574,8.465845464725643,45,-0.01960909313305159,-0.1452622093112675,-0.05043112034691398,-0.38882921890612976,0.272863008585293,9.218365061590145,51,-0.016798382618502306,-0.33480579933277466,-0.47197000311730114,-0.16082919115898875,True,True
KMI,"Kinder Morgan, Inc.",Individual equity,,1,easy_to_borrow,2679,2016-01-04,2026-08-28,0.2939265431435331,205794608.9,0.12559658074542357,-0.5391874180865007,0.09914979494843967,0.5688080608296177,0.3306149020153321,-0.2998951176854141,0.5696155281821575,17.11982082866741,91,0.09672385542901396,0.7388346286096144,0.42220934979745767,-0.22908979982422073,0.3650615901455767,10.535274356103024,56,0.007982969644600102,0.1260985262721918,0.024139522535127488,-0.330701223811838,0.21575214632325496,6.96080627099664,38,0.0024259395194257127,-0.1700265677799967,-0.09159444778212555,-0.07080531786119337,False,False
KO,Coca-Cola Company,Individual equity,,1,easy_to_borrow,2679,2016-01-04,2026-08-28,0.1817252524166055,685662562.85,0.10654792098470134,-0.3699351701782819,0.03689611649628621,0.3793668025381171,0.18852330951298957,-0.19571116479760298,0.5714818962299365,18.154535274356103,98,0.08624062389201725,0.9996377640942505,0.7316587469014626,-0.11787001010681808,0.3994027622247107,9.688689809630459,52,-0.04334128108609492,-0.5740421962376168,-0.1113351725294359,-0.3892865129807557,0.187010078387458,8.842105263157894,48,-0.04934450739573104,-0.6202709615561335,-0.543135437388473,-0.0778411546907849,False,False
KR,The Kroger Co.,Individual equity,,1,easy_to_borrow,2679,2016-01-04,2026-08-28,0.2939940431788487,251503737.59,0.053758812203317685,-0.5136014192785332,0.00652600994504926,0.1247040361384567,0.017872115094091888,-0.36515039829877827,0.5001866368047779,19.001119820828666,105,0.021236573258144986,0.22411401577351406,0.08930508688288302,-0.23779802471941125,0.288167226577081,11.287793952967524,63,-0.008726731529990372,-0.009836029011527277,-0.021051004070082265,-0.41455179529383224,0.23030981709593132,8.277715565509519,45,-0.014710563313095726,-0.09940997963505736,-0.07143297178879113,-0.12735237357936702,False,False
KRE,State Street SPDR S&P Regional Banking ETF,Thematic/industry ETF,,1,easy_to_borrow,2679,2016-01-04,2026-08-28,0.31197755591784304,419889133.38,0.08342138752533157,-0.5501901140684412,0.1404137596816788,0.6845268704240487,0.3709530539315665,-0.3785216436244311,0.5636431504292646,19.001119820828666,103,0.1105949269048705,0.7547368545501711,0.498639253443884,-0.22179346319215654,0.3624486748786861,10.72340425531915,57,0.03341367527910033,0.27457342737521534,0.10730500684842406,-0.3113897129357581,0.22807017543859648,9.03023516237402,50,0.0298188327768083,-0.07020998412612245,-0.12768619951231747,-0.15672818043227454,True,True
KTOS,"Kratos Defense & Security Solutions, Inc. Common Stock",Individual equity,,1,easy_to_borrow,2679,2016-01-04,2026-08-28,0.513846427672016,17608333.400000002,0.27079149818952297,-0.7274368231046925,0.32134886126055195,1.0137398064990655,0.7303920628613608,-0.43996762506104714,0.5102650242627846,18.43673012318029,101,0.3829836604318291,1.476356987867845,1.8795532481317305,-0.2037631340386411,0.2896603210153042,9.970884658454647,57,-0.01847383705361505,0.0313247151891571,-0.03101523539829265,-0.5956374928765497,0.23105636431504292,8.842105263157894,47,-0.06163479917127712,-0.4626171813687796,-1.1491611852703696,-0.23620449102240604,True,True
KVUE,Kenvue Inc.,Individual equity,,1,easy_to_borrow,833,2023-05-04,2026-08-28,0.28292369286370417,326014122.0,-0.06035445091814329,-0.4407976734524298,0.1047081310803184,0.7268574473578833,0.8053950424528312,-0.13000841271809882,0.4957983193277311,13.915966386554622,23,0.07688101583038764,0.6577729303398655,0.8381078516378889,-0.09173164966792924,0.22208883553421369,7.260504201680673,12,0.04930693923214324,0.4501262233964232,0.5832318077546338,-0.08454089536366083,0.28811524609843936,7.260504201680673,12,0.027827115249930756,0.06908451701801777,-0.0327128091850577,-0.03827676305016958,True,True
KWEB,KraneShares CSI China Internet ETF,Thematic/industry ETF,,1,easy_to_borrow,2679,2016-01-04,2026-08-28,0.3933778458367359,222615666.0,-0.009047550534472149,-0.8092759657645151,0.3322338503780582,1.2465438274373057,1.0759595298510627,-0.3087791326352646,0.5136244867487869,19.283314669652853,102,0.20507772675414393,1.1763885824042268,0.9040750202594701,-0.2268370678965187,0.2851810377006346,9.594624860022396,51,0.10702649201532743,0.6170871136224961,0.5424145825829293,-0.19731492377228677,0.23964165733482642,9.876819708846584,52,0.12715612362391426,0.0701552450330789,0.17188450959159263,-0.08194206473874588,True,True
L,Loews Corporation,Individual equity,,1,easy_to_borrow,2679,2016-01-04,2026-08-28,0.25228549930526273,52047156.080000006,0.11048965817141942,-0.4852428964252985,0.01641688964748589,0.18009557787934424,0.03748901600106947,-0.4379119912621221,0.5162374020156775,18.907054871220605,100,0.0364985959110089,0.3615376486060275,0.18796252165424676,-0.1941801779939265,0.3908174692049272,11.8521836506159,63,-0.02619711108998013,-0.10316411421066086,-0.06414649324401592,-0.40839506207027143,0.13363195222097798,7.6192609182530795,40,-0.020081706263523014,-0.18144207072668325,-0.1504735056531773,-0.2437318132681956,False,False
LDOS,"Leidos Holdings, Inc.",Individual equity,,1,easy_to_borrow,2679,2016-01-04,2026-08-28,0.2803410323315064,80691178.99,0.14439968643017043,-0.4947198221413769,0.23036669090560946,1.2223704810633371,1.0417492976476972,-0.22113448161259597,0.5823068309070548,16.555431131019038,92,0.19363512772828928,1.507294893990995,1.3703400686681484,-0.14130443395447512,0.3673012318029115,9.782754759238522,56,0.04223491664646195,0.36759203624873404,0.22508800859047676,-0.187637346435917,0.22732362821948487,7.337066069428891,39,0.03673156317732018,-0.2849244129276578,-0.3285907710204512,-0.07983004765812085,True,True
LEN,Lennar Corporation Class A,Individual equity,,1,easy_to_borrow,2679,2016-01-04,2026-08-28,0.3694400209664057,187751118.17000002,0.07944729832006114,-0.5880566801619447,0.15134725011561878,0.6717925951637312,0.5750489767719372,-0.26319019114721887,0.5244494214259052,16.555431131019038,88,0.1299028495372061,0.7863146286884729,0.6426419721279368,-0.20213875714819496,0.3075774542739828,8.277715565509519,44,0.015427401839790189,0.17580035506037553,0.040167958711387404,-0.38407233861790946,0.22769690182904068,8.465845464725643,45,0.02144440057841268,-0.11452203352474166,-0.06759299535599961,-0.06105143399902391,True,True
LH,Labcorp Holdings Inc.,Individual equity,,1,easy_to_borrow,2679,2016-01-04,2026-08-28,0.2606430152513318,118533080.00999999,0.12313462356240334,-0.4658276863504356,0.1184998148348233,0.7266899049113966,0.5868564109337022,-0.2019230132397929,0.5427398282941396,15.708846584546471,83,0.1214547555767389,1.037557940449627,0.6969710350586584,-0.17426083648729684,0.3725270623366928,9.124300111982082,48,-0.001458730395785257,0.05360732097190591,-0.005326457808693411,-0.2738650052581729,0.1799178798058977,6.7726763717805145,36,-0.0029549407419156015,-0.3108680355382303,-0.1101146241249562,-0.027662176752496048,False,False
LHX,"L3Harris Technologies, Inc.",Individual equity,,0,hard_to_borrow,2679,2016-01-04,2026-08-28,0.25403505853899355,196349503.84,0.12992245987355444,-0.38157416016493495,0.14759784556714584,0.9179905423617872,0.7373628057766959,-0.20016990877601248,0.5326614408361329,17.11982082866741,92,0.1488406032314329,1.264320063596799,1.2122571939155595,-0.12277972362505152,0.3348264277715566,10.159014557670773,55,-0.0032837183107197188,0.032289950748428387,-0.009842927549412427,-0.33361195581651315,0.2108995893990295,7.901455767077267,42,-0.001242757664287053,-0.3463295212350118,-0.47489438813886364,-0.07739018515096097,True,True
LII,Lennox International Inc.,Individual equity,,1,easy_to_borrow,2679,2016-01-04,2026-08-28,0.29762799324412526,80334875.37,0.12752278714141818,-0.4687640584230577,0.1381625487844793,0.7280648943247328,0.6186486702324316,-0.22332958176822792,0.5520716685330347,17.02575587905935,92,0.1208474608287382,0.8988210177280614,0.8320003436158744,-0.1452492919696824,0.3307204180664427,10.72340425531915,59,0.023112099146057385,0.2241361977266298,0.09732242769877615,-0.23747968163712407,0.23068309070548712,6.490481522956327,34,0.017315087955741104,-0.17075612340332869,-0.21335167338344274,-0.07808028979854553,True,False
LIN,Linde plc Ordinary Shares,Individual equity,,1,easy_to_borrow,1966,2018-10-31,2026-08-28,0.23929217091618685,576693562.04,0.16701471158893355,-0.32583107608963324,0.1445663714538723,0.8647071536477818,1.0173011164614605,-0.1421077487427972,0.6174974567650051,18.07324516785351,71,0.11416657578127332,0.962383144754943,1.2190217151887202,-0.09365425927921134,0.4323499491353001,11.023397761953206,43,0.03153851712939648,0.3075471621259923,0.17101416494028887,-0.18442049604726274,0.19735503560528994,7.5625635808748735,30,0.030399795672598984,-0.09767599110716119,-0.20172059872725967,-0.04845348946358585,False,False
LIT,Global X Lithium & Battery Tech ETF,Thematic/industry ETF,,1,easy_to_borrow,2679,2016-01-04,2026-08-28,0.3050410048420981,13911474.0,0.15029078220768644,-0.659088448630508,0.3054417120517916,1.3937096176071377,1.52388701211611,-0.2004359310259145,0.47592385218365063,20.22396416573348,108,0.22634020004595912,1.49842411490948,1.5033043989314632,-0.15056178922036012,0.2788353863381859,11.193729003359461,60,0.0626831355631452,0.4771461901636994,0.30742547553899485,-0.20389701098533153,0.2030608435983576,9.218365061590145,49,0.07910151200583249,-0.10471449730234217,0.020582613184646936,-0.049874141805554384,True,True
LITE,Lumentum Holdings Inc. Common Stock,Individual equity,,1,easy_to_borrow,2679,2016-01-04,2026-08-28,0.5715888464494491,82968618.0,0.4150765539439363,-0.6688699164601115,0.2860658497306492,0.836629675565052,0.6990468110001752,-0.40922273763234074,0.5203434117207913,17.778275475923852,97,0.32814038627954245,1.1543671178618342,1.1237531384807038,-0.2920039776023967,0.3075774542739828,10.253079507278835,55,-0.03370061063275098,0.008172595670848189,-0.05822632458394562,-0.5787865003253707,0.22545726017170586,7.901455767077267,45,-0.04207453654889326,-0.31773744229678225,-0.4247063274805286,-0.11721876002994402,False,False
LLY,Eli Lilly & Co.,Individual equity,,1,easy_to_borrow,2679,2016-01-04,2026-08-28,0.30040026499642364,729840343.89,0.3047305322404845,-0.34474418015125174,0.15956516032519263,0.8941503007951576,0.6749687709442532,-0.23640376739499758,0.5475923852183651,18.248600223964164,97,0.19634754444893,1.369320198632403,1.4078969798057568,-0.13946158509127526,0.3923105636431504,10.347144456886898,55,-0.015005520983729759,-0.05439530070125084,-0.04651855560390859,-0.32257065570774,0.18215752146323255,8.653975363941768,46,-0.036782384123737355,-0.4751698978372455,-0.7329282088615036,-0.09694218230372231,False,False
LMT,Lockheed Martin Corp.,Individual equity,,1,easy_to_borrow,2679,2016-01-04,2026-08-28,0.23749301247094293,432903677.6,0.1264814198938402,-0.3667307692307693,0.1569440227197001,1.035854535562438,0.575593565476838,-0.2726646580728942,0.5240761478163494,16.273236282194848,89,0.15872975677203138,1.4482990987756166,1.2725563253089573,-0.12473299107879898,0.3561030235162374,8.842105263157894,49,0.001972413464481182,0.07336213457312236,0.006919768618671088,-0.2850403782518346,0.19895483389324375,7.807390817469205,42,-0.0017857340523312892,-0.41244456321317857,-0.6969627598321193,-0.1479316669940952,True,True
LNG,Cheniere Energy Inc,Individual equity,,1,easy_to_borrow,2679,2016-01-04,2026-08-28,0.3409067932721998,163086460.39000002,0.2147589948934776,-0.5742929821936258,0.03624763680497467,0.27013498494574023,0.10501318317625928,-0.34517225084144776,0.49197461739455023,16.6494960806271,88,0.10928634633928058,0.7097517514881341,0.3900677769632223,-0.2801727104712489,0.3150429264650989,9.876819708846584,52,-0.06355747641899356,-0.30329203054149173,-0.10982104810827144,-0.5787367495922358,0.2120194102276969,7.713325867861142,42,-0.07303870953430591,-0.43961676654239384,-0.285054593786963,-0.06499954037019884,False,False
LNT,Alliant Energy Corporation Common Stock,Individual equity,,1,easy_to_borrow,2679,2016-01-04,2026-08-28,0.20987399288187442,64270434.449999996,0.11113456725045423,-0.3352412101390029,0.06667906342951158,0.5241541402874458,0.31550651811507496,-0.21133973341619416,0.5987308697275102,16.461366181410973,89,0.07473331486010992,0.7376364016608864,0.49687002257280233,-0.15040817812501428,0.42851810377006344,9.782754759238522,52,-0.007862831302063444,-0.026934976435638816,-0.033541077569237056,-0.23442393244023307,0.1959686450167973,7.6192609182530795,42,-0.008054251430598347,-0.21348226137344062,-0.18136350445772736,-0.060931555291179884,False,False
LOW,Lowe's Companies Inc.,Individual equity,,1,easy_to_borrow,2679,2016-01-04,2026-08-28,0.2897211203227597,523996429.68,0.12119651410807775,-0.48805704099821745,0.17280917582174382,0.8504783099401367,0.7174878079939581,-0.2408531181943081,0.6226203807390818,16.931690929451285,91,0.16381400450862937,1.1818245215932217,0.9002424905559688,-0.18196653260330076,0.3919372900335946,9.218365061590145,49,0.019106038389547386,0.19424391740704836,0.058433645518198706,-0.32696981713381135,0.23814856289660322,8.465845464725643,45,0.008995171313114447,-0.331346211653085,-0.18275468256201077,-0.058886585591007345,True,True
LQD,iShares iBoxx $ Investment Grade Corporate Bond ETF,Bond ETF,,1,easy_to_borrow,2679,2016-01-04,2026-08-28,0.08598185327816242,1461232529.8,0.028776324670126918,-0.24959799892799628,0.0365165777382761,0.9112748799869588,1.1134618289537417,-0.03279553621751785,0.2713699141470698,8.277715565509519,46,0.02182617639881279,0.988343383275337,0.770547786637007,-0.028325532533253206,0.17506532288167226,4.703247480403135,25,0.014376614808632393,0.44056526124220946,0.42647349344895896,-0.03371045335635381,0.09630459126539753,3.574468085106383,21,0.01469040133946331,-0.07706850328837822,0.3429140423167347,-0.004470003684264645,True,False
LRCX,Lam Research Corporation Common Stock,Individual equity,,1,easy_to_borrow,2679,2016-01-04,2026-08-28,0.4549203780534303,63166241.150000006,0.4300082227685622,-0.5639367816091956,0.2879005910086754,0.9409536248759265,0.6317051742153071,-0.45575151630869626,0.5640164240388205,17.966405375139978,95,0.31943802651813225,1.2998585368515578,0.9973539971523953,-0.32028550287077484,0.3747667039940276,11.193729003359461,59,-0.014400179568545113,0.0521193222137196,-0.03569039966478713,-0.40347487570313256,0.19746173945502052,7.148936170212766,38,-0.03153743550945687,-0.35890491197563135,-0.3656488229370881,-0.13546601343792142,False,False
LULU,lululemon athletica inc. Common Stock,Individual equity,,1,easy_to_borrow,2679,2016-01-04,2026-08-28,0.4023104396594309,388326692.95,0.0752561663758875,-0.793796084413933,0.31077879760515725,1.1325142256509424,1.3270555897515508,-0.23418672134400997,0.5345278088839119,17.872340425531913,97,0.22367703333552158,1.1784836932413443,1.2855558498772885,-0.1739924666492494,0.3281075027995521,9.40649496080627,52,0.07814866382362684,0.47440325366615466,0.2591356423279244,-0.30157435357631446,0.22247107129525942,8.842105263157894,47,0.08710176426963567,-0.04596946759040188,0.041499739874262254,-0.060194254694760585,True,True
LUNR,"Intuitive Machines, Inc. Class A Common Stock",Individual equity,,1,easy_to_borrow,1199,2021-11-17,2026-08-28,1.6836603804726171,29736232.47,0.1027731450163143,-0.9742651542871082,0.22982612514219958,0.6476242388115205,0.3898299852989176,-0.5895547644083132,0.42952460383653046,15.132610508757297,40,0.03749687582187433,0.279301139996062,0.1035958820264627,-0.3619533430131525,0.16930775646371976,9.668056713928273,27,0.20221836711076158,0.6244678689703206,0.36433885822537465,-0.5550282725694669,0.2735613010842369,6.305254378648874,15,0.19232924932032525,0.36832309881545855,0.2862341032724549,-0.2276014213951607,True,False
LUV,Southwest Airlines Co.,Individual equity,,1,easy_to_borrow,2679,2016-01-04,2026-08-28,0.37332147904152985,257614630.55999997,0.006555283377395638,-0.647543741588155,0.23621357718695268,0.9774817786897793,0.8179294151058703,-0.2887945742315404,0.5640164240388205,19.09518477043673,102,0.18867214182105396,1.1880716382532495,0.9060900646374991,-0.20822669752651612,0.3113101903695409,10.159014557670773,54,0.04741272842047595,0.33347850976059124,0.16428315058605086,-0.28860372017056823,0.2642777155655095,9.312430011198208,50,0.04754143536589872,-0.2105898595634702,-0.08816064953162883,-0.0805678767050243,True,True
LVS,Las Vegas Sands Corp.,Individual equity,,1,easy_to_borrow,2679,2016-01-04,2026-08-28,0.386338338908861,221978448.6,0.030190888097040958,-0.5877551020408155,0.260106723408537,1.0691939172790952,0.9501766501475375,-0.2737456486308617,0.5643896976483762,16.6494960806271,88,0.1579024736141359,0.9637627475095278,0.6239048718439091,-0.2530874188359288,0.3400522583053378,8.653975363941768,46,0.09473315357583534,0.5820054765682284,0.3449142089381453,-0.2746571498677347,0.25121313923105637,8.371780515117582,44,0.10220424979440113,0.10543116976956735,0.3262717783036284,-0.020658229794932925,True,True
LYB,LyondellBasell Industries N.V. Class A,Individual equity,,1,easy_to_borrow,2679,2016-01-04,2026-08-28,0.36058643985113104,152978888.07999998,0.02711208147330324,-0.6816360370319193,0.24063114413491737,1.0102625010280604,0.912786992764878,-0.2636224508480708,0.5087719298245614,15.802911534154534,86,0.10081281861424607,0.6885348557808422,0.37785559930692036,-0.26680250021214835,0.2859275849197462,9.40649496080627,50,0.11785230144572534,0.6893655154086729,0.34807296779010694,-0.33858504495181596,0.23665546845837998,6.96080627099664,39,0.1398183255206713,0.3217276452472182,0.5349313934579576,0.003180049364077564,True,True
LYV,Live Nation Entertainment Inc.,Individual equity,,1,easy_to_borrow,2679,2016-01-04,2026-08-28,0.3812666480503673,133314811.65,0.20986373772783962,-0.6122502628811777,0.1429477203479217,0.6585389749959959,0.5978222608375016,-0.23911408074310125,0.5128779395296752,17.4020156774916,95,0.15909734354913652,0.9987024460510275,0.8998474290341715,-0.17680479869781884,0.3516237402015677,9.688689809630459,52,-0.018582718708760937,0.0027224174754490764,-0.044254565045958066,-0.4199051259336276,0.1787980589772303,8.277715565509519,46,-0.016149623201214824,-0.34016347105503164,-0.3020251681966699,-0.06230928204528241,False,False
MA,Mastercard Incorporated,Individual equity,,1,easy_to_borrow,2679,2016-01-04,2026-08-28,0.2685614640661629,1005223267.4399999,0.19594064482096285,-0.40995903120857957,0.09224170888829475,0.5787629906021006,0.306274811447879,-0.30117301665204743,0.5345278088839119,17.02575587905935,90,0.15030271852609856,1.2336626100884662,0.8803159512068839,-0.17073724305465388,0.40201567749160133,10.253079507278835,54,-0.052862948342807914,-0.32871146724647726,-0.11778290357935839,-0.44881682091654784,0.13699141470698023,7.337066069428891,39,-0.058061009637803807,-0.6548996194863657,-0.5740411397590048,-0.13043577359739356,False,False
MAA,"Mid-America Apartment Communities, Inc.",Individual equity,,1,easy_to_borrow,2679,2016-01-04,2026-08-28,0.23991913860562156,74695514.39999999,0.07346595190328786,-0.4539793836010676,0.09266471778350738,0.6117005222782252,0.33226589884869473,-0.278887234906115,0.5890257558790594,17.4020156774916,92,0.06577863644404025,0.6414811606462681,0.3504778712331008,-0.187682709360818,0.3837252706233669,9.970884658454647,53,0.02990523025452707,0.2905510422199683,0.14359921939249276,-0.20825482465046385,0.21911160880925717,7.807390817469205,42,0.026886081339467127,-0.0297806383680429,-0.018211972384406083,-0.09120452554529701,True,False
MAR,Marriott International Class A Common Stock,Individual equity,,1,easy_to_borrow,2679,2016-01-04,2026-08-28,0.32585195714518556,301236308.09999996,0.1825239644754959,-0.6126384899466555,0.16066675377705564,0.809784733675626,0.37605658528782887,-0.4272408995419755,0.5565509518477044,17.684210526315788,96,0.14559825324009856,0.9709235215281699,0.4961216217143369,-0.2934729043595946,0.38559163867114593,10.159014557670773,55,0.012540859394777115,0.15659756143027465,0.02735483083965287,-0.45845135977219065,0.18477043673012317,8.089585666293393,44,0.015068500536957075,-0.16113878785254387,-0.12006503642650801,-0.13376799518238092,False,False
MAS,Masco Corporation,Individual equity,,1,easy_to_borrow,2679,2016-01-04,2026-08-28,0.29710323320035664,111441684.48,0.11237912643327541,-0.4484304932735427,0.12862563361141977,0.6933741454507358,0.3831165223964898,-0.3357350207890649,0.49272116461366183,18.06047032474804,96,0.11437656342959346,0.8570449973894413,0.515487579942331,-0.22188034761650144,0.3038447181784248,9.782754759238522,52,0.005552810982973222,0.11293581726893777,0.015206338853153936,-0.3651642276682212,0.19671519223590891,9.03023516237402,48,0.014249070181826307,-0.16367085193870545,-0.13237105754584116,-0.11385467317256348,True,True
MBB,iShares MBS ETF,Bond ETF,,1,easy_to_borrow,2679,2016-01-04,2026-08-28,0.0519529989076489,120237485.32000001,0.014022182864901422,-0.17643257216717012,0.011762377080781317,0.5082289704913611,0.24296998368172476,-0.04841082384970352,0.2892870474057484,8.653975363941768,48,0.007179337387497986,0.5336593096088573,0.3399627755309236,-0.02111801027711324,0.21015304217991787,4.891377379619261,26,0.004550371044317991,0.24540776695519334,0.10901206409468255,-0.04174190335819861,0.07913400522583053,3.7625979843225084,22,0.004583039693283331,-0.02543033911749626,-0.09699279184919882,-0.02729281357259028,False,False
MCD,McDonald's Corporation,Individual equity,,1,easy_to_borrow,2679,2016-01-04,2026-08-28,0.20307330628334325,657803201.16,0.10572573660176388,-0.3689614811662054,0.12407617349359135,0.9528473320654111,0.8194342150522801,-0.15141688156830901,0.5602836879432624,15.896976483762597,85,0.08835537014508055,1.0419195600695585,0.87103944440305,-0.1014367038287608,0.36916759985069053,9.218365061590145,49,0.02769269880732228,0.31671924009032754,0.1565748080296722,-0.17686560919860295,0.1963419186263531,7.054871220604703,38,0.0357208033485108,-0.08907222800414749,-0.05160522935076994,-0.049980177739548215,True,False
MCHP,Microchip Technology Incorporated Common Stock,Individual equity,,1,easy_to_borrow,2679,2016-01-04,2026-08-28,0.4185788911558318,191249106.18,0.13703440189315463,-0.6376641400661895,0.2608287523981845,0.9186685342613368,0.7411844232844063,-0.35190803287847783,0.5684957073534901,17.496080627099662,93,0.2633443689747941,1.2703178819165029,1.2446569096936295,-0.21157988753673163,0.3404255319148936,9.03023516237402,48,0.013450994835288999,0.17159255568194887,0.025565483215846938,-0.5261388850632523,0.25046659201194477,9.03023516237402,48,-0.0025156165766095917,-0.3516493476551661,-0.5034724864092233,-0.1403281453417462,True,True
MCK,McKesson Corporation,Individual equity,,1,easy_to_borrow,2679,2016-01-04,2026-08-28,0.2909407134600065,292409238.40000004,0.1628039209522778,-0.44231083065876053,0.10331399502567229,0.6631408343800551,0.3075855256707199,-0.3358870506028727,0.521089958939903,18.06047032474804,96,0.11990544154815663,0.9269588029928463,0.7091098216615229,-0.16909290759392515,0.341545352743561,11.664053751399775,62,-0.010656081195324907,-0.0410522835554662,-0.024557272492369542,-0.4339277172835857,0.19223590892123926,6.58454647256439,35,-0.016591446522484343,-0.26381796861279116,-0.401524295990803,-0.16679414300894757,False,False
MCO,Moody's Corporation,Individual equity,,1,easy_to_borrow,2679,2016-01-04,2026-08-28,0.27813403402021386,208172824.74,0.18146582307173698,-0.420156533996068,0.145329683447029,0.7858474533471861,0.7418700748642983,-0.19589640877968084,0.5733482642777156,17.4020156774916,95,0.18988244063413573,1.3348507440552966,1.6575349525348226,-0.11455712613707103,0.42665173572228443,9.688689809630459,52,-0.030328344068399127,-0.13742338620969585,-0.07987392227001568,-0.3797027015384752,0.15864128406121686,8.277715565509519,45,-0.04455275718710672,-0.5490032907081105,-0.9156648776705243,-0.08133928264260981,False,True
MDB,"MongoDB, Inc. Class A Common Stock",Individual equity,,1,easy_to_borrow,2226,2017-10-19,2026-08-28,0.6588494135423922,311359078.105,0.34738351959773883,-0.7652257149206025,0.42002165032881544,1.0021297498627684,1.022332254874403,-0.4108465211052317,0.5296495956873315,18.566037735849054,82,0.36623093152953845,1.1699610652018224,1.0237674532126455,-0.35772863298230784,0.3252470799640611,11.320754716981131,50,0.04543056660870293,0.3007237140438382,0.12828339370207947,-0.35414222603285006,0.21159029649595687,7.471698113207546,33,0.05379071879927699,-0.16783131533905404,-0.0014351983382425715,-0.05311788812292384,True,True
MDLZ,"Mondelez International, Inc. Class A Common Stock",Individual equity,,1,easy_to_borrow,2679,2016-01-04,2026-08-28,0.2151747543844439,373739713.90000004,0.05795709861466536,-0.2973507315144328,0.02557388678871697,0.24362078765283945,0.06760784881362651,-0.3782680152894097,0.5845464725643897,18.154535274356103,97,0.03701687714679003,0.4281284337150898,0.19717630821703044,-0.18773491339560855,0.3542366554684584,9.876819708846584,53,-0.014789427734274163,-0.06536661047974002,-0.04143597432064237,-0.35692240804644093,0.2612915266890631,9.218365061590145,50,-0.011442990358073057,-0.18450764606225034,-0.12956845940340395,-0.19053310189380113,False,False
MDT,Medtronic plc,Individual equity,,1,easy_to_borrow,2679,2016-01-04,2026-08-28,0.23169193218720216,459400265.5,0.04198286291808473,-0.45323315887219284,0.14029650956244244,0.8730485443688804,0.4667347540518288,-0.3005915208681099,0.5994774169466218,16.461366181410973,87,0.0869206664549862,0.8311544254630912,0.5706376990013287,-0.15232198399633567,0.3654348637551325,9.500559910414333,50,0.0442898027932892,0.3919857511463404,0.16704932375129197,-0.2651300933084242,0.2620380739081747,8.465845464725643,45,0.053375843107456244,0.0418941189057892,-0.10390294494949986,-0.14826953687177424,True,True
MDY,State Street SPDR S&P MIDCAP 400 ETF Trust,Broad index ETF,,1,easy_to_borrow,2679,2016-01-04,2026-08-28,0.2072339931348272,370815485.4,0.11385657152306328,-0.4222379003809793,0.13457003838981563,0.8991189271401733,0.7787562973223293,-0.17280122016672017,0.6237402015677491,16.743561030235163,90,0.12132455762472882,1.156318198389495,1.382077263110279,-0.08778420777409757,0.4833893243747667,9.40649496080627,50,0.009128660550996148,0.13628594302518401,0.03566682622794648,-0.25594260876072716,0.14669652855543114,7.901455767077267,43,0.013245480765086803,-0.25719927124932174,-0.6033209657879496,-0.0850170123926226,True,True
MELI,"MercadoLibre, Inc. Common Stock",Individual equity,,1,easy_to_borrow,2679,2016-01-04,2026-08-28,0.4817042663958444,467487910.0,0.31243991616669065,-0.6912323492949797,0.188252561068889,0.6729879397571648,0.2887097814089191,-0.6520477420273274,0.5767077267637178,16.837625979843224,93,0.27715681558411176,1.1876642760808445,0.8435908309509729,-0.3285441299446975,0.353116834639791,10.253079507278835,57,-0.050708785059520145,-0.06985724970925322,-0.08072652577435559,-0.6281551766672067,0.24412094064949608,7.148936170212766,39,-0.08890425451522277,-0.5146763363236797,-0.5548810495420538,-0.3235036120826299,False,False
MET,"MetLife, Inc.",Individual equity,,1,easy_to_borrow,2679,2016-01-04,2026-08-28,0.29956284748707923,227518480.7,0.11837249367270641,-0.5514393581878241,0.1016188629655459,0.5635430109670234,0.27621782052913324,-0.3678939424360129,0.5449794699514744,17.496080627099662,95,0.1041640911284305,0.8060960495436997,0.5865430482304633,-0.17758984859283944,0.374020156774916,9.40649496080627,51,-0.004831818400289678,0.05298944318103227,-0.01072085191101521,-0.4506935120822996,0.20082120194102276,8.653975363941768,47,-0.002545228162884605,-0.24255303857667632,-0.3103252277013301,-0.19030409384317348,False,False
META,"Meta Platforms, Inc. Class A Common Stock",Individual equity,Mega-cap 7,1,easy_to_borrow,2679,2016-01-04,2026-08-28,0.3878010118752677,4965329691.28,0.17796495062349016,-0.7673485548370068,0.2962244119215087,1.0657634390804955,1.1459448237077514,-0.25849797110044315,0.5509518477043673,18.06047032474804,96,0.238766047594694,1.171401481245256,1.0128225285747237,-0.23574322337664944,0.3885778275475924,10.535274356103024,56,0.04474988947171776,0.3179705376892663,0.18083739042288735,-0.24745927469463236,0.167973124300112,8.089585666293393,43,0.057458364326814726,-0.10563804216476047,0.13312229513302776,-0.02275474772379371,True,True
MGM,MGM RESORTS INTERNATIONAL,Individual equity,,1,easy_to_borrow,2679,2016-01-04,2026-08-28,0.4522098820733281,189326198.97,0.06794509511998092,-0.8042261251372115,0.1589629995056201,0.6253353872886909,0.344424580457961,-0.46153209882481794,0.5311683463979097,17.590145576707727,96,0.12712437500283857,0.7196546104602007,0.5524434882097644,-0.2301129033392988,0.307204180664427,9.218365061590145,50,0.021409980423862107,0.2049999393006115,0.033311430187743137,-0.6427217415522393,0.24150802538260546,8.936170212765957,48,0.03183862450278152,-0.09431922317150987,-0.20801890775180343,-0.23141919548551915,True,True
MKC,"McCormick & Company, Incorporated Non-VTG CS",Individual equity,,1,easy_to_borrow,2679,2016-01-04,2026-08-28,0.24143342248164948,82305267.76,0.045919906212857464,-0.5200722175021254,0.11792274214193754,0.7431444737561712,0.4309065902764049,-0.27366196016240096,0.5826801045166107,17.590145576707727,93,0.10348861446239987,0.9210041974244617,0.5096379716652889,-0.2030629980812484,0.3490108249346771,8.748040313549831,46,0.01327644593072641,0.16712523177184754,0.03750392604719824,-0.35400149611051823,0.23964165733482642,9.218365061590145,50,0.014434127679537667,-0.1778597236682905,-0.07873138138888403,-0.07059896208115257,True,True
MLM,Martin Marietta Materials,Individual equity,,1,easy_to_borrow,2679,2016-01-04,2026-08-28,0.309106753584117,154451883.88,0.14532213456200727,-0.48340931171063384,0.17237983347113528,0.8604344650574304,0.46141996997113627,-0.37358555045183317,0.5442329227323628,15.708846584546471,83,0.16101211633102985,1.0466108994173833,0.68259206347885,-0.23588337009139393,0.3594624860022396,8.277715565509519,44,0.002252825232583522,0.08752224739803607,0.006854051337791969,-0.3286851996806416,0.1941022769690183,7.99552071668533,42,0.011367717140105427,-0.1861764343599529,-0.22117209350771377,-0.13770218036043924,True,True
MMM,3M Company,Individual equity,,1,easy_to_borrow,2679,2016-01-04,2026-08-28,0.26300865833340353,312983425.29999995,0.07170080837060655,-0.5909943714821765,0.09172552530047495,0.6045798918514702,0.3094904199344193,-0.2963759760961632,0.5199701381112355,17.4020156774916,93,0.06444688984867541,0.6461365828095359,0.30758610170041895,-0.20952471354328306,0.3198954833893244,10.253079507278835,54,0.02420868581552238,0.24377353668623847,0.0990832454873436,-0.2443267345195579,0.2206047032474804,8.465845464725643,46,0.027278635451799538,-0.04155669095806569,0.001904318234000335,-0.08685126255288012,True,False
MNST,Monster Beverage Corporation,Individual equity,,1,easy_to_borrow,2679,2016-01-04,2026-08-28,0.2648556865305205,58101499.75,0.13644599084607112,-0.3041207196749852,0.14257662104497326,0.8266608879272132,0.6688469008565244,-0.21316779798544305,0.5584173198954834,15.050391937290033,83,0.1447858079888904,1.0515733329649244,1.0958955394446734,-0.13211643151888197,0.37812616648002983,8.465845464725643,45,0.0024390681061188246,0.0814963692217892,0.008532790991060454,-0.2858464608677468,0.21313923105636431,7.337066069428891,43,-0.0022091869439171408,-0.22491244503771124,-0.427048638588149,-0.08105136646656108,True,True
MO,"Altria Group, Inc.",Individual equity,,1,easy_to_borrow,2679,2016-01-04,2026-08-28,0.229397917181121,288003340.8,0.08613781310781143,-0.5369869746866558,0.09705187104400559,0.6952473137615323,0.37114972625637294,-0.2614898090399417,0.562896603210153,18.81298992161254,101,0.10604156893887695,1.0669272581506242,1.0245428909745034,-0.10350134667179678,0.3273609555804405,10.347144456886898,56,-0.0004320890700894031,0.05287771274662234,-0.0013256129226583277,-0.3259541776515803,0.25083986562150057,9.03023516237402,48,-0.008989697894871362,-0.3716799443890919,-0.6533931647181304,-0.1579884623681449,True,True
MOAT,VanEck Morningstar Wide Moat ETF,Factor/style ETF,,1,easy_to_borrow,2597,2016-05-02,2026-08-28,0.18560502502179238,28565854.38,0.14401550750144487,-0.3330163560289081,0.11649616279167696,1.0021648930019516,0.9952724494510157,-0.11704952031570381,0.5937620331151329,17.757412398921833,94,0.11931604807504881,1.3466308673605136,1.3110808774446858,-0.09100586403761557,0.4686176357335387,10.382749326145552,53,0.0003205976338596095,0.043434492525879304,0.002089724091628058,-0.15341625008966564,0.13246053138236427,7.37466307277628,41,-0.002819885283371848,-0.3444659743585621,-0.31580842799367015,-0.026043656278088245,False,False
MOS,The Mosaic Company,Individual equity,,1,easy_to_borrow,2679,2016-01-04,2026-08-28,0.44191033710155947,124234376.83,0.0024253436471664003,-0.7879450343535294,0.23205492012102225,0.8427478049732914,0.6242893304599704,-0.37171053355989025,0.5326614408361329,17.778275475923852,94,0.12516217067219504,0.667552638396464,0.41837187411474985,-0.29916487798571734,0.2848077640910788,10.253079507278835,54,0.08703206562474008,0.48321164917628445,0.21239842542241702,-0.40975852552414693,0.26577081000373276,7.901455767077267,42,0.1068927494488272,0.17519516657682743,0.20591745634522052,-0.07254565557417292,True,True
MPC,MARATHON PETROLEUM CORPORATION,Individual equity,,1,easy_to_borrow,2679,2016-01-04,2026-08-28,0.40612009357315343,330030525.44,0.24159442179048973,-0.7967503692762183,0.4391680419647028,1.3412216118565652,1.1776057497632668,-0.37293299735755236,0.5867861142217246,15.520716685330347,83,0.3222078672579798,1.4223060546234645,1.8292332756553593,-0.17614367262291486,0.40388204553938034,10.06494960806271,54,0.0905432220535709,0.4979826377597157,0.2075313630085593,-0.4362869338926695,0.1948488241881299,6.020156774916013,32,0.11696017470672304,-0.0810844427668993,-0.6516275258920925,-0.1967893247346375,True,True
MPWR,"Monolithic Power Systems, Inc. Common Stock",Individual equity,,1,easy_to_borrow,2679,2016-01-04,2026-08-28,0.46984391948211274,136293309.6,0.34030322461742446,-0.5164654932144161,0.18765871017407298,0.7225737549413238,0.3574397525004115,-0.525007945706478,0.521089958939903,17.307950727883537,95,0.22141804754469652,1.0371763675421295,0.7822768059155513,-0.28304309404336236,0.3676745054124673,10.441209406494961,56,-0.009194339170099264,0.06791943774152187,-0.021428151510340953,-0.4290775695543404,0.1713325867861142,7.337066069428891,40,-0.03375933737062353,-0.3146026126008057,-0.4248370534151398,-0.24196485166311565,False,False
MRK,"Merck & Co., Inc.",Individual equity,,1,easy_to_borrow,2679,2016-01-04,2026-08-28,0.23124177188336106,734242488.2,0.13674040286506606,-0.4344367668327175,0.03544876655489859,0.3100907047586809,0.1316205057239771,-0.26932556108877603,0.5270623366927958,18.34266517357223,97,0.05839530105539925,0.5493658501789874,0.28354739689501873,-0.20594546694787563,0.3486375513251213,10.817469204927212,57,-0.03722863950389499,-0.34179951473200637,-0.10783493701768992,-0.34523727220045364,0.20156774916013437,9.218365061590145,49,-0.02294653450050066,-0.23927514542030653,-0.15192689117104163,-0.0633800941409004,False,False
MRNA,"Moderna, Inc. Common Stock",Individual equity,,1,easy_to_borrow,1941,2018-12-07,2026-08-28,0.9673110165666281,432636714.48999995,0.29716594010315345,-0.9538464714017378,0.6378980778670114,1.279436999775666,1.4229733953679629,-0.44828531576450104,0.49768160741885625,17.656877897990725,71,0.4045078342561288,1.216917667865574,1.2710388006022464,-0.31824979226791816,0.17877382792375066,10.126738794435857,41,0.1919004676705769,0.6754388570757226,0.37256406214412097,-0.5150804577504928,0.3230293663060278,7.530139103554869,30,0.23339024361088256,0.06251933191009207,0.15193459476571647,-0.13003552349658287,True,True
MRSH,Marsh,Individual equity,,1,easy_to_borrow,2679,2016-01-04,2026-08-28,0.20892729739059102,230602226.64,0.14624726453969505,-0.3580178173719374,0.08033670621563926,0.6239265356668751,0.4137973792401434,-0.1941450338887154,0.5330347144456887,18.624860022396415,99,0.100508041383647,1.1145403409341144,0.9987912939276216,-0.10062967308056092,0.3818589025755879,11.099664053751399,59,-0.013881452194942745,-0.07337677721599135,-0.04983836301400596,-0.27852945713810207,0.16573348264277715,7.713325867861142,42,-0.02017133516800773,-0.4906138052672393,-0.5849939146874781,-0.09351536080815448,False,False
MRVL,"Marvell Technology, Inc. Common Stock",Individual equity,,1,easy_to_borrow,2679,2016-01-04,2026-08-28,0.5268172751571091,390065830.44,0.3626430624229766,-0.6187298409520631,0.19263865263853108,0.668203188667218,0.5156792891859437,-0.3735629036850254,0.513251213139231,19.47144456886898,104,0.2711842903149153,1.0695895171555163,1.8241339781502046,-0.14866467790371107,0.3169092945128779,11.193729003359461,60,-0.07386998575911741,-0.17240646060022868,-0.12450211071713663,-0.5933231600141045,0.20567375886524822,8.842105263157894,47,-0.07854563767638423,-0.40138632848829836,-1.308454688964261,-0.22489822578131435,False,False
MS,Morgan Stanley,Individual equity,,1,easy_to_borrow,2679,2016-01-04,2026-08-28,0.3176397395277133,525573660.69,0.2322083567180664,-0.513346145633141,0.2330606768485881,1.0862255510372103,0.6707920108060068,-0.3474410444581,0.5808137364688316,16.555431131019038,89,0.22425352828181877,1.367190969825311,1.5815999613876583,-0.14178903247131092,0.4132138857782755,9.782754759238522,53,-0.004093443895980209,0.0443229920206159,-0.008991143998358559,-0.4552750903252707,0.18141097424412095,7.901455767077267,42,0.00880714856676934,-0.2809654187881008,-0.9108079505816515,-0.20565201198678906,True,False
MSCI,"MSCI, Inc.",Individual equity,,1,easy_to_borrow,2679,2016-01-04,2026-08-28,0.308906281911526,167345083.76,0.23103787602436632,-0.43744127779517705,0.11371034970105343,0.6468777845931989,0.3761472024103585,-0.3023027925567313,0.5013064576334453,17.872340425531913,97,0.1589136167110985,1.1227837976610267,1.1189584982061425,-0.14201922320252336,0.337812616648003,10.535274356103024,58,-0.04035156486992619,-0.23067363361577298,-0.10246347381009466,-0.3938141404878933,0.1709593131765584,7.713325867861142,42,-0.04520326701004507,-0.47590601306782776,-0.742811295795784,-0.16028356935420796,False,False
MSFT,Microsoft Corporation Common Stock,Individual equity,Mega-cap 7,1,easy_to_borrow,2679,2016-01-04,2026-08-28,0.2752033618674566,6424342419.839999,0.25053722149312807,-0.3714874655188092,0.20953698154795086,1.092531520111899,1.0640893332887644,-0.19691672023469886,0.5699888017917133,16.461366181410973,89,0.21750455714504136,1.416274157908612,1.0782165611775225,-0.20172622548804497,0.43635684957073534,10.629339305711087,56,-0.01639096658724315,-0.06946711671787867,-0.03801451088827738,-0.4311765745300611,0.1455767077267637,6.7726763717805145,38,-0.007967575597090493,-0.323742637796713,-0.014127227888758087,0.0048095052533461136,False,False
MSI,"Motorola Solutions, Inc. New",Individual equity,,1,easy_to_borrow,2679,2016-01-04,2026-08-28,0.25094133152434883,166335072.96,0.2231318196950154,-0.32809579439252334,0.1181544763159712,0.732313224259365,0.4622087243389886,-0.25563013005638446,0.5923852183650616,18.43673012318029,100,0.13784146067525138,1.051530099984757,0.8838447329294826,-0.155956646614139,0.41097424412094063,11.664053751399775,63,-0.011307387522072943,-0.04093727242757421,-0.038107114244290155,-0.2967264183161601,0.20642030608435982,7.525195968645017,40,-0.01968698435928018,-0.31921687572539204,-0.42163600859049405,-0.09967348344224547,False,False
MSTR,Strategy Inc Common Stock Class A,Individual equity,,1,easy_to_borrow,2679,2016-01-04,2026-08-28,0.7300770982894912,12525005.610000001,0.2078474025725019,-0.8926802421574026,0.30366222962753353,0.7764050315196622,0.5818188452944136,-0.5219188620022672,0.5446061963419186,18.154535274356103,99,0.34004421903707116,1.0318141131757064,0.8620838331987127,-0.39444449129193915,0.2821948488241881,11.193729003359461,61,-0.01638453507128268,0.14680319279645104,-0.019627578919322278,-0.8347710707790355,0.2792086599477417,7.525195968645017,41,-0.03638198940953763,-0.25540908165604415,-0.2802649879042991,-0.12747437071032808,True,True
MTB,M&T Bank Corp.,Individual equity,,1,easy_to_borrow,2679,2016-01-04,2026-08-28,0.32409917907344565,126803645.08,0.09869518190513227,-0.5297307893361204,0.12686976906826386,0.6425760005965652,0.24155905037955502,-0.525212236382437,0.6050765210899589,16.743561030235163,90,0.11190011677706346,0.78656038872364,0.27385307001972886,-0.40861370211771586,0.3714072415080254,8.653975363941768,47,0.03369941764407969,0.2786272498315498,0.08784742897991579,-0.38361302129609565,0.24412094064949608,8.183650615901456,43,0.014969652291200397,-0.1439843881270748,-0.03229401964017384,-0.11659853426472111,True,True
MTD,Mettler-Toledo International,Individual equity,,1,easy_to_borrow,2679,2016-01-04,2026-08-28,0.2959057731156889,135517976.55,0.14571557601187868,-0.4347412380398581,0.23841633304056753,1.200465328535119,1.0319149589110537,-0.23104261739955834,0.5845464725643897,15.896976483762597,85,0.1974813492982017,1.3538770538410618,1.4720819187579801,-0.13415105965354157,0.3971631205673759,9.124300111982082,48,0.03685819525024514,0.3342086031562454,0.11955107937251855,-0.30830499769387953,0.19708846584546472,7.337066069428891,40,0.040934983742365816,-0.15341172530594283,-0.44016695984692644,-0.09689155774601677,True,True
MTSI,"MACOM Technology Solutions Holdings, Inc. Common Stock",Individual equity,,1,easy_to_borrow,2679,2016-01-04,2026-08-28,0.5259890079395776,26965036.319999997,0.19619030220875233,-0.8078389507396678,0.22612552186415513,0.7587600315493486,0.8066999667400281,-0.28030932340056447,0.5016797312430011,19.75363941769317,106,0.2520270364040642,1.0959482436088712,1.313523362225055,-0.19187099647557138,0.3184023889511012,11.47592385218365,61,-0.02446399036845337,0.03335315250607823,-0.050091904580316954,-0.4883821163004095,0.1937290033594625,8.465845464725643,46,-0.025901514539909076,-0.33718821205952265,-0.506823395485027,-0.0884383269249931,True,True
MTUM,iShares MSCI USA Momentum Factor ETF,Factor/style ETF,,1,easy_to_borrow,2679,2016-01-04,2026-08-28,0.21189903991826242,98678610.88,0.15703886811349288,-0.3407847428482099,0.1307110572674468,0.9091367445371051,0.9086643536853206,-0.14384965882871348,0.5714818962299365,17.966405375139978,99,0.1267826126078202,1.3329523706863737,1.088512474200126,-0.11647327487081316,0.45539380365808135,11.381858902575587,60,-0.0007367507502858972,0.05097212006878477,-0.003083409666647587,-0.2389402738971509,0.12355356476297126,7.337066069428891,43,0.0039284446596266065,-0.4238156261492686,-0.17984812051480537,-0.02737638395790032,False,False
MU,"Micron Technology, Inc. Common Stock",Individual equity,,1,easy_to_borrow,2679,2016-01-04,2026-08-28,0.5189559571610336,1309867208.0,0.4846797821336404,-0.5762667366762924,0.2827717315060885,0.9124571812001235,0.641245161693176,-0.440972888995285,0.48189622993654346,18.624860022396415,99,0.38871675822713314,1.4418897422756707,1.4128772607759894,-0.27512422276060955,0.3090705487122061,10.911534154535273,58,-0.07763693729235199,-0.24979146304762795,-0.1307645904847135,-0.5937152940606487,0.1784247853676745,8.089585666293393,43,-0.10594502672104467,-0.5294325610755471,-0.7716320990828134,-0.16584866623467542,False,False
MUB,iShares National Muni Bond ETF,Bond ETF,,0,hard_to_borrow,2679,2016-01-04,2026-08-28,0.04773459725200612,147033807.84,0.020017186417267574,-0.13674614305750343,0.022380459091756455,1.3411088953693477,0.9866238120194476,-0.022683882974552927,0.3038447181784248,8.277715565509519,45,0.01546477512709199,1.358674299101637,0.8445431450009034,-0.018311409214120666,0.23329600597237776,4.703247480403135,25,0.006810363228797467,0.5640074277023247,0.23137669548667053,-0.029434093241208936,0.07054871220604703,3.574468085106383,20,0.006915683964664465,-0.01756540373228921,0.14208066701854416,-0.0043724737604322605,True,False
NBIS,Nebius Group N.V. Class A Ordinary Shares,Individual equity,,1,easy_to_borrow,2636,2016-01-04,2026-08-28,0.5976370456873972,102375555.45,0.2847013946580279,-0.8015496704059211,0.1977215140741082,0.6480295734002333,0.36385586750947324,-0.5434061443820482,0.4317147192716237,13.766312594840667,74,0.24373445332694588,0.9728122227620318,0.8902689880847956,-0.27377619190272284,0.27883156297420336,8.603945371775417,46,-0.03653727407036822,0.030726689905356326,-0.06007781305312441,-0.6081658471499248,0.16047040971168436,5.544764795144157,31,-0.04601293925283767,-0.32478264936179857,-0.5264131205753224,-0.2696299524793253,False,False
NCLH,Norwegian Cruise Line Holdings Ltd. Ordinary Shares,Individual equity,,1,easy_to_borrow,2679,2016-01-04,2026-08-28,0.6029014834149761,209746497.23999998,-0.11075271598010583,-0.8724766125061547,0.384617785376667,1.0212731576839107,0.6509420663141132,-0.5908633122368666,0.521089958939903,16.6494960806271,90,0.17071145902173135,0.7828455418159985,0.5178860013278869,-0.3296313447052406,0.2717431877566256,9.03023516237402,49,0.18037808986835024,0.6788432556199533,0.28678954841402204,-0.6289562882115511,0.25681224337439346,7.99552071668533,43,0.21390632635493567,0.23842761586791217,0.13305606498622635,-0.26123196753162603,True,True
NDAQ,"Nasdaq, Inc. Common Stock",Individual equity,,0,hard_to_borrow,2679,2016-01-04,2026-08-28,0.24360462591548201,42621573.160000004,0.18777735520258254,-0.38299639988922674,0.12834766680594978,0.7975892277319276,0.6734751762351412,-0.19057520059378952,0.5699888017917133,18.154535274356103,97,0.13438965845475592,1.1924152591809598,1.803774174396899,-0.07450470261871323,0.3967898469578201,10.629339305711087,56,0.0022598499641399705,0.0825463560532027,0.009881807083741317,-0.2286879256991502,0.18924972004479285,7.713325867861142,42,-0.006041991648806144,-0.39482603144903217,-1.1302989981617577,-0.11607049797507629,False,False
NDSN,Nordson Corporation Common Stock,Individual equity,,1,easy_to_borrow,2679,2016-01-04,2026-08-28,0.2869676648342565,42532978.519999996,0.17849671565187952,-0.4423434779998795,0.15037008506941452,0.8262558964839942,0.7279024749672195,-0.20657998872195937,0.5027995520716685,15.61478163493841,83,0.13481318105563922,1.1026254173565089,0.9072274238438032,-0.1485991026202157,0.3583426651735722,9.218365061590145,49,0.012283266904485224,0.15669964787734972,0.036390262008874394,-0.3375426893461151,0.1601343784994401,6.7726763717805145,36,0.015556904013775297,-0.27636952087251465,-0.17932494887658368,-0.05798088610174368,False,False
NEE,"NextEra Energy, Inc.",Individual equity,,1,easy_to_borrow,2679,2016-01-04,2026-08-28,0.2502748400114556,406293683.9,0.14378750560799003,-0.4496889864617637,0.0983293657908979,0.6252813182225814,0.38903416365353605,-0.25275252144299476,0.5826801045166107,17.213885778275476,93,0.09696372707673051,0.8373108933128364,0.8091188959114509,-0.1198386634729417,0.404628592758492,10.72340425531915,58,-0.0027123496012220194,0.044429481386700415,-0.011302440184092885,-0.2399791157523129,0.2034341172079134,7.807390817469205,42,0.0013656387141673942,-0.212029575090255,-0.4200847322579149,-0.13291385797005306,False,False
NEM,Newmont Corporation,Individual equity,,1,easy_to_borrow,2679,2016-01-04,2026-08-28,0.3677830545490483,318238103.09999996,0.22805706242689094,-0.624093844734414,0.2940233397646794,1.170870232284228,0.9095982381210619,-0.32324528285371057,0.59163867114595,15.896976483762597,85,0.25434620562507804,1.296276368693664,1.3147028440249198,-0.19346288538207268,0.3508771929824561,9.312430011198208,49,0.036773892509243566,0.3035074743883492,0.10948615224644545,-0.33587711098357154,0.2545726017170586,7.148936170212766,39,0.03967713413960139,-0.1254061364094361,-0.4051046059038579,-0.1297823974716379,True,True
NET,"Cloudflare, Inc. Class A common stock",Individual equity,,1,easy_to_borrow,1749,2019-09-13,2026-08-28,0.6735215200518501,305687879.49,0.4997312339351352,-0.8258227848101268,0.2609419613671322,0.7431347996553173,0.528790586218643,-0.4934693774204947,0.4745568896512293,17.289879931389365,61,0.35782242683844845,1.1822861403899525,1.407317361777603,-0.2542585180548599,0.2938822184105203,10.373927958833619,37,-0.07134987871491605,-0.05286043309456071,-0.10595039090895755,-0.6734272342253698,0.180674671240709,6.915951972555746,24,-0.09688046547131623,-0.43915134073463524,-0.8785267755589599,-0.2392108593656348,False,False
NFLX,"Netflix, Inc. Common Stock",Individual equity,,1,easy_to_borrow,2679,2016-01-04,2026-08-28,0.4167881739662468,230066676.36,0.20760393684617795,-0.7594332803238395,0.23673574290804011,0.885122679885195,0.6398456682264656,-0.3699888186540795,0.5938783128032848,18.34266517357223,97,0.21595108357691228,1.136806548021022,1.1228134743778553,-0.19233032779248538,0.3826054497946995,10.629339305711087,56,0.0004426896075220288,0.10907553968058789,0.0007754133656502196,-0.5709078887888569,0.23553564762971257,8.653975363941768,46,0.02078465933112783,-0.2516838681358271,-0.4829678061513897,-0.17765849086159413,True,True
NI,NiSource Inc.,Individual equity,,1,easy_to_borrow,2679,2016-01-04,2026-08-28,0.2281745148356749,82804438.5,0.1059327375768584,-0.3093967993434551,0.04621276617208725,0.4002223241189748,0.1595871072660049,-0.28957706523910065,0.5558044046285927,16.837625979843224,92,0.0530333376240284,0.5622719977775091,0.34132035045389164,-0.15537701620634126,0.3624486748786861,10.72340425531915,57,-0.008025817515766365,-0.035726149841096476,-0.02514977137124649,-0.31912089367707774,0.22321761851437102,7.054871220604703,40,-0.006820571451941149,-0.16204967365853434,-0.18173324318788675,-0.1342000490327594,False,False
NKE,"Nike, Inc.",Individual equity,,1,easy_to_borrow,2679,2016-01-04,2026-08-28,0.32059634960343636,677557143.25,-0.027577619979182955,-0.7651658623006896,0.17619757331134078,0.8629434659495353,0.602463789197913,-0.2924616822961601,0.5692422545726017,16.273236282194848,86,0.08626721419865757,0.7604821830124842,0.543426247092439,-0.15874686704998842,0.3027248973497574,8.653975363941768,46,0.08148622923933702,0.5172587096418224,0.3307194100605758,-0.24639082787554467,0.2821948488241881,8.559910414333705,45,0.08993035911268321,0.10246128293705115,0.05903754210547396,-0.13371481524617168,True,True
NOBL,ProShares S&P 500 Dividend Aristocrats ETF,Factor/style ETF,,1,easy_to_borrow,2679,2016-01-04,2026-08-28,0.16515331431248587,17418931.2,0.10895880547034431,-0.3544798556825014,0.10275907415236185,0.8815234604325861,0.7753900358629401,-0.1325256572816288,0.6002239641657335,17.684210526315788,99,0.10305253881120602,1.293806260080977,1.5393191682511485,-0.06694683009001057,0.4669652855543113,10.347144456886898,55,0.0023520584027563185,0.07106825343933265,0.012275703945739602,-0.1916027311470494,0.14184397163120568,7.525195968645017,45,-0.00029346465884416695,-0.4122827996483909,-0.7639291323882084,-0.06557882719161823,False,False
NOC,Northrop Grumman Corp.,Individual equity,,1,easy_to_borrow,2679,2016-01-04,2026-08-28,0.2501551867238882,305180691.29,0.12337413893290505,-0.3638241744271048,0.10841443522655769,0.7086373694094497,0.3400773015054841,-0.31879350590768374,0.5487122060470325,16.367301231802912,88,0.11713616003203486,1.0009488839600795,0.6107074943738084,-0.1918040323905652,0.3650615901455767,10.159014557670773,55,-0.00634518027544706,0.008735166250754304,-0.019232178240128295,-0.32992520120304025,0.21052631578947367,7.525195968645017,40,-0.008721724805477171,-0.29231151455062987,-0.27063019286832435,-0.12698947351711853,False,False
NOW,"SERVICENOW, INC.",Individual equity,,1,easy_to_borrow,2679,2016-01-04,2026-08-28,0.417072688458012,125528845.68,0.2244589258695644,-0.6454203691045798,0.18252622346815506,0.7673772304436105,0.3584741252085977,-0.509175448470492,0.5614035087719298,18.34266517357223,97,0.23207229458089929,1.1755446125834383,0.7578418949395698,-0.30622785059857993,0.3833519970138111,10.06494960806271,53,-0.027140567007264638,-0.0620667123296788,-0.054978019782111885,-0.49366214197651626,0.18402388951101156,8.277715565509519,44,-0.04954607111274423,-0.40816738213982784,-0.39936776973097204,-0.20294759787191208,False,True
NRG,"NRG Energy, Inc.",Individual equity,,1,easy_to_borrow,2679,2016-01-04,2026-08-28,0.4076563753530276,115757508.72,0.2641308013230883,-0.5191715645116144,0.2071459758064056,0.830250188620485,0.47199782148127634,-0.43887061842005315,0.5606569615528182,19.09518477043673,102,0.2376079687644561,1.2054663963098329,1.5776088645328243,-0.15061272417153837,0.3542366554684584,10.72340425531915,58,-0.020283432140700608,-0.011035232187884667,-0.03507094986061577,-0.5783542282519882,0.21649869354236656,8.748040313549831,46,-0.03046199295805052,-0.3752162076893478,-1.105611043051548,-0.2882578942485148,False,False
NSC,Norfolk Southern Corp.,Individual equity,,1,easy_to_borrow,2679,2016-01-04,2026-08-28,0.2760990537659091,258453165.06,0.17049898582947653,-0.44420154625433195,0.21498723334305425,1.0603258245906717,0.9885504415774611,-0.21747725184361089,0.5819335572974991,15.802911534154534,84,0.16593923315277448,1.1987416561703415,1.4237780748162918,-0.1165485240206311,0.38633818589025753,9.218365061590145,49,0.047076606777556096,0.37586959609179665,0.21235741988309187,-0.22168571648437319,0.22321761851437102,7.148936170212766,38,0.04904800019027977,-0.13841583157966975,-0.43522763323883074,-0.10092872782297979,True,False
NTAP,"NetApp, Inc. Common Stock",Individual equity,,1,easy_to_borrow,2679,2016-01-04,2026-08-28,0.3586295531351876,130515742.5,0.23454794979602034,-0.5807854137447401,0.19582467301530482,0.8420382425284721,0.44318767222924516,-0.44185496412908276,0.5681224337439343,18.624860022396415,101,0.20587625167298262,1.1847534422798165,0.919698983767627,-0.22385177683853974,0.37775289287047403,10.72340425531915,58,-0.00403044079587489,0.06964964301518967,-0.00803525969424025,-0.5015943415947026,0.2108995893990295,8.277715565509519,45,-0.010051578657677807,-0.34271519975134435,-0.4765113115383819,-0.21800318729054302,False,False
NTES,"NetEase, Inc. American Depositary Shares",Individual equity,,1,easy_to_borrow,2679,2016-01-04,2026-08-28,0.4202802510603189,80909460.53999999,0.14732326393331285,-0.5734760981367512,0.12434835975360148,0.566303148845077,0.3567700416381331,-0.3485392416432944,0.541993281075028,19.001119820828666,103,0.14235275483694587,0.7594067875855536,0.4968788669300301,-0.2864938807248404,0.3146696528555431,10.535274356103024,59,-0.021473406722739674,-0.02170332085975391,-0.05896822303081144,-0.36415217585104476,0.24412094064949608,9.218365061590145,49,-0.018004395083344393,-0.19310363874047654,-0.140108825291897,-0.06204536091845403,False,False
NTRS,Northern Trust Corporation Common Stock,Individual equity,,1,easy_to_borrow,2679,2016-01-04,2026-08-28,0.3023153174152473,91269838.52,0.12524110364914742,-0.5003005581794753,0.07895570351349357,0.4795555432091423,0.16148736774118846,-0.4889280481680387,0.5539380365808138,18.248600223964164,97,0.11016771496396172,0.8193748126488608,0.5725655756335262,-0.1924106506788581,0.39455020530048523,10.911534154535273,58,-0.028869274022083835,-0.11794517209256479,-0.0600681207998708,-0.48060890931260714,0.2123926838372527,8.842105263157894,47,-0.031212011450468147,-0.3398192694397185,-0.41107820789233773,-0.2965173974891806,False,False
NUE,Nucor Corporation,Individual equity,,1,easy_to_borrow,2679,2016-01-04,2026-08-28,0.3535583551868515,179391937.01,0.21601611509575247,-0.571987746766508,0.27300589426661914,1.0685235905580093,1.0908139658831504,-0.25027722673644603,0.593505039193729,19.001119820828666,101,0.2502858618950683,1.2727948631741677,1.8509526503333968,-0.13522002405085098,0.3583426651735722,10.347144456886898,55,0.037521294214699186,0.2948276452350546,0.11515083137043582,-0.3258447530786349,0.25046659201194477,9.03023516237402,48,0.022720032371550847,-0.2042712726161584,-0.7601386844502465,-0.11505720268559505,True,True
NVDA,NVIDIA Corporation Common Stock,Individual equity,Mega-cap 7,1,easy_to_borrow,2679,2016-01-04,2026-08-28,0.4930648038740685,199382070.576,0.6966198360671105,-0.6633603847309889,0.42353544419931666,1.2397980580960177,1.4597015546420558,-0.29015208132951187,0.5367674505412467,17.590145576707727,94,0.5489325356477308,1.9030756150532142,3.4150325933501984,-0.16074005756683563,0.4008958566629339,10.629339305711087,57,-0.08310059997053887,-0.2837830062433699,-0.13794863487552886,-0.6024024815143738,0.14632325494587534,7.148936170212766,38,-0.12539709144841416,-0.6632775569571965,-1.9553310387081426,-0.12941202376267624,False,False
NVMI,Nova Ltd. Ordinary Shares,Individual equity,,1,easy_to_borrow,2679,2016-01-04,2026-08-28,0.4340673397001368,8256338.4,0.39771873817925774,-0.5275965198477431,0.31708794831661247,1.0852881525607159,0.9322119408966341,-0.3401457698681978,0.5378872713699141,17.966405375139978,96,0.30149412223571526,1.3438475544765067,1.4068524009317247,-0.21430401798798715,0.3497573721537887,11.664053751399775,63,0.008940671619791285,0.14516871815245277,0.027311628894501522,-0.32735768541404187,0.19671519223590891,6.678611422172452,35,0.01559382608089721,-0.25855940191579085,-0.47464046003509064,-0.12584175188021063,False,False
NVO,Novo-Nordisk A/S,Individual equity,,1,easy_to_borrow,2679,2016-01-04,2026-08-28,0.32442226559758564,54627143.599999994,0.0632203648316978,-0.7491542503418986,0.15394201973140653,0.7952040588530084,0.8664600077752564,-0.17766777271887224,0.5543113101903695,19.941769316909294,106,0.15801793514964801,1.0866640466873414,1.193022827372054,-0.1324517281012334,0.3505039193729003,10.72340425531915,57,0.0091525202684406,0.13593839630597768,0.02689761723058698,-0.3402725300898658,0.20865994774169466,9.218365061590145,49,-0.0040759154182414825,-0.291459987834333,-0.32656281959679756,-0.04521604461763884,True,True
NVR,"NVR, Inc.",Individual equity,,1,easy_to_borrow,2679,2016-01-04,2026-08-28,0.31528334363505134,105330379.77,0.14223908710309408,-0.4613363316880357,0.07771868157380757,0.5133862391296642,0.2719730826458533,-0.28575872589203277,0.5472191116088092,14.862262038073908,83,0.07647317455703884,0.61062179490611,0.40109873978536315,-0.19065922420489612,0.3628219484882419,9.03023516237402,49,-0.008825087685027655,-0.010746318887365637,-0.020735237933897838,-0.4256082188765462,0.2108995893990295,6.58454647256439,37,0.001245507016768732,-0.09723555577644583,-0.12912565713950985,-0.09509950168713666,False,False
NWS,News Corporation Class B Common Stock,Individual equity,,1,easy_to_borrow,2679,2016-01-04,2026-08-28,0.29759536117607166,12324404.18,0.10471144035284397,-0.5185393258426955,0.12730166417027777,0.702423550160475,0.48286381672319034,-0.2636388558458824,0.5427398282941396,17.684210526315788,95,0.13499963127563097,1.0012806690694527,1.0360087830119893,-0.13030741967567727,0.3266144083613289,9.782754759238522,52,-1.3423158756742382e-06,0.07600641238175739,-4.550769248525536e-06,-0.29496460979847594,0.23777528928704741,8.842105263157894,47,-0.007697967105353198,-0.2988571189089777,-0.553144966288799,-0.13333143617020515,True,True
NWSA,News Corporation Class A Common Stock,Individual equity,,1,easy_to_borrow,2679,2016-01-04,2026-08-28,0.29560219555119976,47042905.92,0.09641885632382041,-0.506190172303765,0.1398493037518982,0.7479046353066482,0.5107538739871269,-0.27380958006286793,0.5595371407241508,17.02575587905935,92,0.12988949620645918,0.9496566452417988,0.8188113912937839,-0.15863176500417753,0.3437849944008959,9.688689809630459,52,0.025482749827751228,0.24064607980456101,0.094554310886613,-0.26950383952678225,0.23329600597237776,8.089585666293393,43,0.009959807545439014,-0.20175200993515063,-0.308057517306657,-0.1151778150586904,True,True
NXPI,NXP Semiconductors N.V. Common Stock,Individual equity,,1,easy_to_borrow,2679,2016-01-04,2026-08-28,0.40865379600944934,402029279.73,0.1081952961296817,-0.5326208326686872,0.11672328298907608,0.5336551077858317,0.2025918005452476,-0.576150084430523,0.5330347144456887,17.590145576707727,93,0.0626854132933865,0.4140101387386671,0.17075397715935436,-0.3671095358141263,0.3277342291899963,10.911534154535273,58,0.050800298028651714,0.3421502784189123,0.1111222370087789,-0.457156905729304,0.21052631578947367,7.054871220604703,37,0.05403786969568958,0.1196449690471646,0.03183782338589325,-0.20904054861639665,True,False
O,Realty Income Corporation,Individual equity,,1,easy_to_borrow,2679,2016-01-04,2026-08-28,0.2534945161765521,165034746.23999998,0.06682426458116786,-0.4827933523585698,0.05845865894108293,0.45505339352293184,0.13215478814048257,-0.44234991227817244,0.5957446808510638,18.154535274356103,98,0.08817789193100078,0.8429658765119301,0.43515643643705476,-0.20263492516157622,0.3766330720418066,9.782754759238522,52,-0.020381297754955452,-0.1338447306784765,-0.04018719072908653,-0.5071590570326667,0.24150802538260546,8.936170212765957,49,-0.029719232989917854,-0.3879124829889983,-0.30300164829657217,-0.23971498711659622,False,True
ODFL,"Old Dominion Freight Line, Inc. Common Stock",Individual equity,,1,easy_to_borrow,2679,2016-01-04,2026-08-28,0.3300418143456291,82035149.19,0.24909464387275015,-0.4518098560837337,0.15962326706172747,0.8066370989905559,0.5373480781354226,-0.29705748202471316,0.5423665546845838,17.213885778275476,91,0.1838282640308584,1.1401069849132328,0.7215741954784829,-0.25476003047608997,0.3419186263531168,10.347144456886898,55,-0.01975612532206017,-0.06680884697007784,-0.05781222714840588,-0.34172918596174384,0.2206047032474804,7.6192609182530795,40,-0.02420499696913092,-0.3334698859226769,-0.18422611734306027,-0.04229745154862319,False,False
OIH,VanEck Oil Services ETF,Thematic/industry ETF,,0,hard_to_borrow,2597,2016-05-02,2026-08-28,0.4166746145032462,228133100.57999998,-0.017459621935273173,-0.8960850652489123,0.32198764910886823,1.0552413598263077,0.7667513299373295,-0.4199375162938236,0.5679630342703119,17.660377358490567,91,0.13324832039177736,0.7371498628946354,0.4038881219621077,-0.3299139369200824,0.313438582980362,9.897574123989218,51,0.17145494608851242,0.7628962487277827,0.4900173229108565,-0.34989568342199884,0.27031189834424335,7.9568733153638815,41,0.18873932871709087,0.3180914969316724,0.3628632079752218,-0.09002357937374117,True,True
OKE,"Oneok, Inc.",Individual equity,,1,easy_to_borrow,2679,2016-01-04,2026-08-28,0.40172605936441375,123727132.65,0.20466492147927928,-0.8056246299585553,0.171032482018445,0.7028720689006532,0.3608655989161006,-0.4739506412696578,0.5606569615528182,17.590145576707727,95,0.21133243469849372,1.162412533114335,0.7790489834410924,-0.2712697650474164,0.4079880552444942,11.005599104143336,58,-0.06291234361335851,-0.16528804989393256,-0.09850697300169986,-0.6386587842088385,0.17394550205300485,7.713325867861142,43,-0.04029995268004871,-0.45954046421368167,-0.4181833845249918,-0.2026808762222414,False,True
OKTA,"Okta, Inc. Class A Common Stock",Individual equity,,1,easy_to_borrow,2361,2017-04-07,2026-08-28,0.5466982541195253,210715468.48000002,0.2321576809065402,-0.845705668654466,0.1580803408865019,0.616791996618448,0.3675682623456298,-0.43007070272529857,0.43456162642947904,17.39771283354511,84,0.1581480404110498,0.7932868719264912,0.5580986914488711,-0.28336930875161914,0.26217704362558236,10.353240152477763,50,0.017123073968017044,0.18704547413082523,0.048000816469786094,-0.35672463985680514,0.1901736552308344,7.257941550190598,35,-6.769952454788175e-05,-0.1764948753080432,-0.19053042910324136,-0.14670139397367943,False,False
OMC,Omnicom Group Inc.,Individual equity,,1,easy_to_borrow,2679,2016-01-04,2026-08-28,0.28763835617590483,120739516.98,0.0523287962120198,-0.43214013709063126,0.01865354169073319,0.19186760243457454,0.04484296632539606,-0.4159747496491789,0.5024262784621127,18.154535274356103,97,0.03709719390085131,0.3630220599948319,0.147734752502967,-0.251106752286374,0.27398282941396046,10.441209406494961,56,-0.018900528908416758,-0.05560566680634567,-0.04881754636545281,-0.3871667118811256,0.26689063083240017,9.03023516237402,48,-0.018443652210118122,-0.17115445756025735,-0.10289178617757094,-0.16486799736280489,False,False
ON,ON Semiconductor Corporation Common Stock,Individual equity,,1,easy_to_borrow,2679,2016-01-04,2026-08-28,0.5146748232357725,252589591.38,0.20846451542211453,-0.7044129891756876,0.23097337802679263,0.7534714178349968,0.5473073741387178,-0.4220176612644201,0.5625233296005973,17.778275475923852,94,0.22682315435464906,0.9661579009287034,0.797048268967514,-0.2845789435669597,0.337812616648003,9.40649496080627,50,0.021861701547136736,0.21345613487164122,0.03577481759857919,-0.6110919080690151,0.23068309070548712,8.371780515117582,44,0.0041502236721435715,-0.21268648309370652,-0.24974089482879624,-0.1374387176974604,True,True
ORCL,Oracle Corp,Individual equity,,1,easy_to_borrow,2679,2016-01-04,2026-08-28,0.35179008949347906,720764618.13,0.16204749870583668,-0.6457267853841893,0.2856994286432135,1.2856520252530306,1.3324648649851962,-0.21441423046181984,0.5625233296005973,17.4020156774916,95,0.2173073156362777,1.386509042073075,2.0670431626449823,-0.10512954908895655,0.3639417693169093,10.06494960806271,56,0.06013768291177124,0.4435189536622073,0.24580057554713475,-0.24466046419097676,0.22583053378126167,8.089585666293393,44,0.06839211300693582,-0.10085701682004444,-0.7345782976597861,-0.10928468137286329,True,True
ORLY,"O'Reilly Automotive, Inc. Common Stock",Individual equity,,1,easy_to_borrow,2679,2016-01-04,2026-08-28,0.2655148991001215,21065648.240000002,0.17176357401735554,-0.42014004668222715,0.104438873389054,0.6619064463757385,0.4489772165410675,-0.23261508500064632,0.5274356103023516,16.743561030235163,91,0.13989830101439105,1.1259907049887041,0.9918297548636755,-0.14105071997322738,0.3617021276595745,9.03023516237402,49,-0.02084237330335814,-0.11088440378674211,-0.05066970237911371,-0.4113379855167546,0.18439716312056736,7.901455767077267,43,-0.03545942762533705,-0.46408425861296565,-0.542852538322608,-0.09156436502741894,False,False
OTIS,Otis Worldwide Corporation,Individual equity,,1,easy_to_borrow,1609,2020-04-03,2026-08-28,0.2383202437402804,177670538.24,0.0844956717687857,-0.32444618702215455,0.06890500125858834,0.5007048677868773,0.3198315770928057,-0.21544152045560572,0.5618396519577378,15.661901802361715,52,0.0947549579924496,0.841875535019829,0.7508668166577507,-0.12619409446567598,0.34990677439403356,8.457426973275325,29,-0.023373852208335766,-0.15679154414562377,-0.10732578833791714,-0.21778411852650714,0.2399005593536358,8.457426973275325,27,-0.025849956733861257,-0.34117066723295175,-0.431035239564945,-0.08924742598992974,False,True
OXY,Occidental Petroleum Corporation,Individual equity,,1,easy_to_borrow,2679,2016-01-04,2026-08-28,0.49535226670859545,413150672.05,0.015814532780366486,-0.8838845291479822,0.13023287045732213,0.5568031395171815,0.29053531505413727,-0.4482514300647239,0.5341545352743561,17.778275475923852,96,0.08510359768503295,0.4981006600814522,0.24351855945162024,-0.34947479106593704,0.2795819335572975,9.500559910414333,50,0.03896737423810537,0.2939439334051895,0.09021054135900879,-0.4319603191718784,0.2616648002986189,8.653975363941768,48,0.045129272772289175,0.058702479435729316,0.04701675560251703,-0.09877663899878686,True,True
PANW,"Palo Alto Networks, Inc. Common Stock",Individual equity,,1,easy_to_borrow,2679,2016-01-04,2026-08-28,0.39675658448629103,83783556.99,0.2728412201091346,-0.4797551789077207,0.21989431621429967,0.945317994254809,0.5921102957234506,-0.37137391091237315,0.5255692422545726,18.43673012318029,99,0.22894460169702335,1.2124858969850254,0.923225572689006,-0.24798338398512354,0.3665546845837999,10.911534154535273,59,0.006021483326941857,0.1172722288155002,0.017242043368752735,-0.3492325821343437,0.1784247853676745,7.901455767077267,43,-0.009050285482723686,-0.2671679027302164,-0.3311152769655553,-0.12339052692724961,False,False
PAVE,Global X U.S. Infrastructure Development ETF,Thematic/industry ETF,,1,easy_to_borrow,2383,2017-03-08,2026-08-28,0.24260392636082387,17766796.634999998,0.15742599990817174,-0.4408852649970878,0.17314660469237464,1.0444204026590307,0.8608063975065391,-0.201144653657223,0.5841376416281997,17.977339488040286,86,0.15363516484610673,1.248315849330481,1.5813079561877474,-0.09715701754672368,0.42257658413764165,10.151909357952162,49,0.017488958721963987,0.2071978797892667,0.07571027737961378,-0.2309984763927595,0.1716323961393202,8.036928241712129,38,0.01951143984626791,-0.2038954466714502,-0.7205015586812084,-0.10398763611049933,True,False
PAYX,"Paychex, Inc. Common Stock",Individual equity,,1,easy_to_borrow,2679,2016-01-04,2026-08-28,0.25170252005342986,158376986.92000002,0.1234379942126882,-0.4495358483112788,0.12502859327235538,0.7916815556895573,0.6792873501018806,-0.18405847430193334,0.5655095184770437,17.966405375139978,97,0.1412311318506796,1.2980260539152386,1.1573506080841116,-0.12202968647890966,0.3796192609182531,9.312430011198208,51,-0.010780142927515612,-0.021681301367639676,-0.04860503814795249,-0.22179064842416407,0.19708846584546472,8.842105263157894,48,-0.01620253857832421,-0.5063444982256813,-0.47806325798223104,-0.06202878782302368,True,True
PCAR,PACCAR Inc. Common Stock,Individual equity,,1,easy_to_borrow,2679,2016-01-04,2026-08-28,0.26306090581895347,101552266.66000001,0.17981107225601667,-0.3787598334104586,0.09567639252646365,0.5799771836329864,0.2958163577834655,-0.32343171704012996,0.58006718924972,17.872340425531913,95,0.15336523414179415,1.1587533513863333,0.6593338843051726,-0.23260632858785257,0.37737961926091823,9.218365061590145,49,-0.03211772521773182,-0.1686999113321595,-0.08501796506363152,-0.377775746498912,0.20716685330347145,8.842105263157894,47,-0.0576888416153305,-0.5787761677533468,-0.3635175265217071,-0.09082538845227739,False,False
PCG,PG&E Corporation,Individual equity,,1,easy_to_borrow,2679,2016-01-04,2026-08-28,0.5329382989540332,204433960.192,-0.09727241745047954,-0.9464746345657781,0.23023850911344979,0.7076036683670949,0.42345303813750046,-0.5437167486768355,0.5718551698394924,15.99104143337066,88,0.12848012321661906,0.7187319852530781,0.5884818214608981,-0.21832471034987777,0.36058230683090703,9.218365061590145,49,0.08455343460857123,0.40152943109465655,0.17356559501898372,-0.4871555022141526,0.23665546845837998,7.525195968645017,43,0.10175838589683073,-0.011128316885983258,-0.16502878332339765,-0.32539203832695773,True,True
PDBC,Invesco Actively Managed Exch-Traded Commodity Fd Tr Invesco Optimum Yield Diversified Commodity Strategy No K-1 ETF,Commodity ETF,,1,easy_to_borrow,2679,2016-01-04,2026-08-28,0.1798128695655803,23845264.5,0.09682015986803161,-0.4073610676676044,0.110050102716162,0.9464263808085859,0.42076480021309026,-0.2615477878863173,0.5102650242627846,20.882418812989922,112,0.09262111493734371,1.1415747976863801,0.5381385206790457,-0.17211389145766876,0.3202687569988802,12.604703247480403,68,0.016763156766096632,0.23574202264602767,0.07242574408598028,-0.23145301408565766,0.19223590892123926,8.465845464725643,45,0.017428987778818295,-0.19514841687779427,-0.1173737204659554,-0.08943389642864852,True,False
PDD,PDD Holdings Inc. American Depositary Shares,Individual equity,,1,easy_to_borrow,2034,2018-07-26,2026-08-28,0.6869838714712688,637999635.9100001,0.15542606988695695,-0.8741248397593926,0.42266780478506294,1.0048072529924532,1.1006458740213296,-0.3840179795893842,0.5245821042281219,17.345132743362832,70,0.3517600045119238,1.1031639665708255,1.1961310135897516,-0.29408150153739787,0.2689282202556539,9.415929203539823,38,0.07458243931425002,0.38007618923539394,0.15318838452535127,-0.48686745764269945,0.27974434611602755,8.176991150442477,33,0.07090780027313914,-0.09835671357837228,-0.09548513956842197,-0.08993647805198635,True,True
PEG,Public Service Enterprise Group Incorporated,Individual equity,,1,easy_to_borrow,2679,2016-01-04,2026-08-28,0.21708859764448402,135907092.15,0.09853556333999802,-0.4077014688368392,0.05310152031217652,0.41400688465465857,0.24990561337147488,-0.2124863047123443,0.557297499066816,16.6494960806271,91,0.07539374448080882,0.7152645635703654,0.5622471059694185,-0.13409361058571567,0.3673012318029115,9.218365061590145,51,-0.02351643313980234,-0.16274989450201136,-0.074657462024008,-0.31499106053511483,0.21537887271369915,8.183650615901456,45,-0.022292224168632302,-0.3012576789157068,-0.31234149259794364,-0.07839269412662864,False,False
PEP,"PepsiCo, Inc. Common Stock",Individual equity,,1,easy_to_borrow,2679,2016-01-04,2026-08-28,0.19554439084614172,649083022.5999999,0.06577184751479281,-0.3032324268855813,0.0737477677721945,0.5455773019917016,0.3684963016596488,-0.20013163616580754,0.6229936543486375,16.179171332586787,86,0.07818329502228138,0.8073455387697348,0.4818398352340258,-0.16225992395234068,0.42777155655095184,8.842105263157894,47,-0.010346356364198228,-0.030960626119671788,-0.03365748262814402,-0.3074013727796362,0.2123926838372527,8.277715565509519,44,-0.00443552725008689,-0.2617682367780332,-0.11334353357437699,-0.03787171221346686,True,True
PFE,Pfizer Inc.,Individual equity,,1,easy_to_borrow,2679,2016-01-04,2026-08-28,0.2376592802385844,763445449.64,0.03328870357901281,-0.5896246309574017,0.1686619809881773,1.0457280964640603,0.8685019226430439,-0.1941987422145267,0.5516983949234789,17.213885778275476,93,0.10569688377511688,0.9905708791182667,0.8026998389409163,-0.13167672229082983,0.2904068682344158,9.124300111982082,51,0.06605212318423326,0.5789924192452672,0.3602398745949785,-0.18335594653006237,0.2848077640910788,8.465845464725643,45,0.06296509721306043,0.0551572173457936,0.06580208370212759,-0.06252201992369688,True,True
PFG,Principal Financial Group Inc Common Stock,Individual equity,,1,easy_to_borrow,2679,2016-01-04,2026-08-28,0.31751386002357224,72278327.1,0.1319588397392546,-0.6472109346139647,0.047397318485379314,0.3217932845858244,0.10157086926987804,-0.4666428359438636,0.49384098544232924,18.81298992161254,101,0.08292871191190088,0.6390025613029233,0.4159512195298278,-0.19937124359351488,0.3404255319148936,11.099664053751399,59,-0.021893033364604353,-0.04204944165683056,-0.04331867999726119,-0.5053947480853187,0.1705860395670026,8.653975363941768,47,-0.03553139342652156,-0.3172092767170989,-0.3143803502599497,-0.2672715923503487,False,False
PG,Procter & Gamble Company,Individual equity,,1,easy_to_borrow,2679,2016-01-04,2026-08-28,0.1861263602896154,861426798.88,0.08872536167149003,-0.23768809849521078,0.059283926639647655,0.5445903127626215,0.22133656521145614,-0.26784515510580076,0.59163867114595,16.931690929451285,94,0.0703810561760807,0.8101774558391431,0.45873538239575556,-0.153424084727265,0.3994027622247107,9.03023516237402,49,-0.012808037788626492,-0.11846598872134781,-0.0450231001826725,-0.28447702927298124,0.21015304217991787,8.653975363941768,49,-0.011097129536433048,-0.26558714307652165,-0.23739881718429942,-0.11442107037853577,False,False
PGR,Progressive Corporation,Individual equity,,1,easy_to_borrow,2679,2016-01-04,2026-08-28,0.24501188344857025,249301026.48000002,0.23623887903510132,-0.30352045670789707,0.10785370526448301,0.7516156528587288,0.3412760976183747,-0.31603064503242273,0.559163867114595,17.02575587905935,91,0.15450294429764067,1.2850224906924697,0.8423936306141433,-0.18340944029337092,0.41284061216871965,9.500559910414333,50,-0.03779934429565124,-0.3444195165603489,-0.0897335502812103,-0.42123981696025914,0.1541620007465472,7.901455767077267,43,-0.04664923903315765,-0.5334068378337409,-0.5011175329957687,-0.1326212047390518,False,False
PH,Parker-Hannifin Corporation,Individual equity,,1,easy_to_borrow,2679,2016-01-04,2026-08-28,0.3129005454883297,219577247.12,0.2645999243473125,-0.5468244336569578,0.2317479550379793,1.0266147701789108,0.7918448327010296,-0.2926683934369734,0.593505039193729,16.931690929451285,90,0.24741321165261865,1.434556573616497,1.8568601831086138,-0.13324277934508688,0.458006718924972,9.594624860022396,51,-0.012822982964919794,0.00015801801661251616,-0.026665642360613098,-0.4808803325083284,0.14968271743187755,8.277715565509519,45,-0.015665256614639356,-0.4079418034375861,-1.065015350407584,-0.1594256140918865,False,False
PHM,"Pultegroup, Inc.",Individual equity,,1,easy_to_borrow,2679,2016-01-04,2026-08-28,0.36242424324596334,143608882.68,0.222417902173772,-0.6210502386906116,0.21647814194354464,0.9245380449611769,0.5626066795539909,-0.38477705617565494,0.5121313923105636,15.802911534154534,86,0.19805270873661174,1.1614084121504196,0.7634216965691024,-0.2594276657667466,0.3523702874206794,9.970884658454647,53,-0.003322456843993682,0.07317319031293823,-0.0064787055482003015,-0.5128272645322824,0.1765584173198955,6.96080627099664,39,0.018425433206932906,-0.2368703671892427,-0.2008150170151115,-0.12534939040890836,False,False
PINS,"Pinterest, Inc. Class A Common Stock",Individual equity,,1,easy_to_borrow,1851,2019-04-18,2026-08-28,0.6078039301100853,309362030.54,-0.006900564645163865,-0.8270330902972518,0.3099707027548,0.8721467899405965,0.4868968501628981,-0.6366249907985542,0.5164775796866559,15.792544570502432,58,0.16226424731606648,0.7064675364674721,0.37721189478920153,-0.43016736629353935,0.26904376012965964,8.985413290113453,34,0.1396344628285886,0.5749881559606843,0.2818276345017185,-0.4954605075384726,0.2814694759589411,7.351701782820098,27,0.1477064554387335,0.1656792534731244,0.10968495537369655,-0.20645762450501481,True,True
PKG,Packaging Corp of America,Individual equity,,1,easy_to_borrow,2679,2016-01-04,2026-08-28,0.2770472461624822,80332840.83,0.1688007296763694,-0.38181276680234333,0.1101779633285509,0.6697993016972941,0.5229800094677189,-0.2106733743813427,0.5879059350503919,17.496080627099662,94,0.130503626888133,1.0056547367689723,1.0884518309085571,-0.11989839438204486,0.40425531914893614,9.40649496080627,52,-0.012285349540110846,-0.035976712513538525,-0.046280962901589104,-0.26545146794447994,0.1944755505785741,8.465845464725643,45,-0.020325663559582097,-0.33585543507167825,-0.5654718214408382,-0.09077497999929784,False,False
PL,Planet Labs PBC,Individual equity,,1,easy_to_borrow,1343,2021-04-26,2026-08-28,0.7954775687219184,9063580.0,0.14083445899322955,-0.8572635135135136,0.16714493814655107,0.565354524659642,0.36263443778904936,-0.46091854696873036,0.45122859270290394,16.51228592702904,47,0.17626445525954604,0.740031896921522,0.5248337967079353,-0.33584814157392273,0.17051377513030527,8.631422189128816,26,0.016957730911570712,0.23585514727040502,0.034534922593556,-0.4910313861463502,0.2889054355919583,7.880863737900224,21,-0.009119517112994968,-0.17467737226188007,-0.16219935891888593,-0.12507040539480763,True,True
PLD,"PROLOGIS, INC.",Individual equity,,1,easy_to_borrow,2679,2016-01-04,2026-08-28,0.26772331739836996,273356733.96000004,0.1530121046553925,-0.4329734000526726,0.1573116170506248,0.8871946076187296,0.6974468478046494,-0.22555355658398046,0.5994774169466218,17.307950727883537,93,0.1196191842009473,0.9124147082034713,0.7475085644228388,-0.1600238310223333,0.43486375513251213,10.159014557670773,55,0.02749491984583896,0.2726688398908201,0.11619925434628312,-0.2366187287562267,0.18141097424412095,8.089585666293393,43,0.03769243284967749,-0.025220100584741667,-0.05006171661818937,-0.06552972556164716,True,False
PLTR,Palantir Technologies Inc. Class A Common Stock,Individual equity,,1,easy_to_borrow,1485,2020-09-30,2026-08-28,0.7024616791312188,1302837983.26,0.6570192471824057,-0.8461538461538461,0.32156422051242406,0.8331095079385403,0.5956213477160036,-0.5398802808957548,0.5959595959595959,17.478787878787877,56,0.49174350937093214,1.3693891440966273,1.8035286916701014,-0.27265632736652967,0.298989898989899,9.672727272727272,31,-0.05750518145975192,-0.021418645075071723,-0.08427632820531322,-0.6823408504421113,0.2915824915824916,8.145454545454545,26,-0.17017928885850808,-0.5362796361580869,-1.2079073439540977,-0.2672239535292251,False,False
PM,Philip Morris International Inc.,Individual equity,,1,easy_to_borrow,2679,2016-01-04,2026-08-28,0.2406189243078684,378988001.45,0.129500174298516,-0.4286083473316965,0.2007818677474802,1.20364852890072,0.7107767058611952,-0.2824823409261953,0.5655095184770437,17.11982082866741,92,0.1827615932864195,1.4660034656572856,1.1518592608158555,-0.15866660060272508,0.3751399776035834,10.159014557670773,54,0.027958508540774307,0.29896030819230357,0.14443914856185056,-0.19356600214797126,0.19932810750279956,7.525195968645017,41,0.018020274461060692,-0.2623549367565656,-0.4410825549546603,-0.1238157403234702,True,True
PNC,PNC Financial Services Group,Individual equity,,1,easy_to_borrow,2679,2016-01-04,2026-08-28,0.29047211487826263,263258076.88,0.13024092854030123,-0.4958396069419131,0.17180978220931586,0.849801409802147,0.47334985412765224,-0.36296574449346397,0.6095558044046286,17.213885778275476,92,0.13688532735374936,0.9739059291899403,0.7258013474934022,-0.18859888842379657,0.42067935796939154,9.40649496080627,50,0.04252278342317917,0.33825579046980486,0.1400131439673553,-0.303705653757004,0.20044792833146696,7.6192609182530795,41,0.0349244548555665,-0.12410451938779332,-0.25245149336574996,-0.1743668560696674,True,True
PNR,Pentair plc,Individual equity,,1,easy_to_borrow,2679,2016-01-04,2026-08-28,0.3143314380743195,71788309.95,0.03841048656246282,-0.6798958014097458,0.2266893462253885,1.1028440179155306,1.0068844089204663,-0.22513939456906884,0.5550578574094811,14.95632698768197,80,0.15254743351820732,1.1448161131240107,1.193722998653232,-0.12779131648658237,0.3374393430384472,8.465845464725643,46,0.06497004523003502,0.4730215613329346,0.2331338739320708,-0.2786812749869443,0.2374020156774916,6.866741321388577,36,0.07414191270718118,-0.04197209520848011,-0.1868385897327658,-0.09734807808248647,True,True
PNW,Pinnacle West Capital Corporation,Individual equity,,1,easy_to_borrow,2679,2016-01-04,2026-08-28,0.2235383041008961,60750626.050000004,0.08251570008272324,-0.3926748340990299,0.05316920475973741,0.3968974334527396,0.2076162566311118,-0.25609364903542853,0.5599104143337066,18.71892497200448,100,0.041586290197316744,0.45310400177437615,0.25647803195347624,-0.16214367320496392,0.3292273236282195,11.099664053751399,60,0.007462449511935532,0.12158136659345337,0.03303930123311502,-0.22586583957338602,0.24374766703994027,8.371780515117582,44,0.011582914562420665,-0.05620656832163656,-0.04886177532236444,-0.0939499758304646,False,False
PODD,Insulet Corporation Common Stock,Individual equity,,1,easy_to_borrow,2679,2016-01-04,2026-08-28,0.4293392753232014,102381396.69,0.13701599148692933,-0.6223003231109347,0.2984785687220832,1.1169749515191414,0.8674008699849243,-0.34410683577856094,0.5345278088839119,15.802911534154534,87,0.17100524727735533,0.9332601039144114,0.629846208082708,-0.2715031782090206,0.3516237402015677,9.03023516237402,50,0.123985888402669,0.6993650025833582,0.4207600146415359,-0.2946712712430578,0.21015304217991787,7.337066069428891,40,0.1274733214447279,0.18371484760473,0.2375546619022163,-0.07260365756954035,True,True
PPG,"PPG Industries, Inc.",Individual equity,,1,easy_to_borrow,2679,2016-01-04,2026-08-28,0.27434923123634136,161476512.45000002,0.03389377420664852,-0.4602105778648403,0.09313742055392882,0.5580769755478068,0.29666187506994884,-0.31395143218847477,0.5845464725643897,17.496080627099662,93,0.06896652515134072,0.6243222496093941,0.4964711647901295,-0.1389134556898074,0.3273609555804405,8.465845464725643,45,0.012460075418627925,0.15678239321346155,0.03339055776299755,-0.3731616436918529,0.2616648002986189,9.970884658454647,53,0.0241708954025881,-0.06624527406158731,-0.19980928972018064,-0.17503797649866737,True,True
PPL,PPL Corporation,Individual equity,,1,easy_to_borrow,2679,2016-01-04,2026-08-28,0.22534010331642632,125131285.92,0.04559455196037132,-0.48724309000708743,0.09297781403221372,0.6090253099775189,0.23186835016031712,-0.400993986319942,0.6285927584919746,17.02575587905935,92,0.0841524171358623,0.8356174074820798,0.39655090881149996,-0.2122108795263512,0.4001493094438223,9.03023516237402,49,0.016761727810387983,0.18955849563246102,0.05075439480042555,-0.33025175211521673,0.2515864128406122,8.183650615901456,44,0.008825396896351423,-0.22659209750456089,-0.16468255865118284,-0.18878310679359078,True,True
PPLT,abrdn Physical Platinum Shares ETF,Commodity ETF,,0,hard_to_borrow,2679,2016-01-04,2026-08-28,0.29075295200045476,898046.43,0.06397865490694188,-0.5113857016769645,0.13876077832047162,0.7945236562730353,0.4038894333330885,-0.3435612988816058,0.49085479656588277,20.788353863381857,110,0.13463270916027414,1.037282140581245,0.8383258761527868,-0.16059710548137374,0.23777528928704741,11.193729003359461,59,0.01000320285598022,0.14062387915616253,0.023631697192182832,-0.4232959983631305,0.2620380739081747,9.782754759238522,52,0.004128069160197478,-0.24275848430820957,-0.43443644281969823,-0.18296419340023207,True,True
PRU,"Prudential Financial, Inc.",Individual equity,,1,easy_to_borrow,2679,2016-01-04,2026-08-28,0.3170317874513356,147867858.2,0.08749360325292588,-0.6589231699939504,0.09571468658549676,0.5119959342848788,0.2629232859521225,-0.3640403558737133,0.5748413587159388,18.43673012318029,98,0.12997590436611794,0.9245990484419119,0.7997777271797492,-0.16251503380126764,0.40276222471071293,10.159014557670773,54,-0.0268219177818676,-0.060379575749908265,-0.05812457204434006,-0.46145574648543863,0.1776782381485629,8.653975363941768,46,-0.03426121778062119,-0.4126031141570331,-0.5368544412276266,-0.20152532207244567,True,True
PSA,Public Storage,Individual equity,,1,easy_to_borrow,2679,2016-01-04,2026-08-28,0.23295741489979763,178737324.32000002,0.06443929001869231,-0.37928623452294286,0.10258193226126888,0.7254302966757867,0.5421148695056991,-0.18922545392418988,0.5263157894736842,16.931690929451285,92,0.06777408820966291,0.6972532930704034,0.3950267040567952,-0.17156837123578017,0.30869727510265027,9.40649496080627,51,0.022719469976448137,0.2544463452763271,0.14358716450896247,-0.1582277221933025,0.23180291153415453,8.465845464725643,47,0.034807844051605974,0.028177003605383333,0.1470881654489039,-0.01765708268840971,True,True
PSKY,Paramount Skydance Corporation Class B Common Stock,Individual equity,,1,easy_to_borrow,267,2025-08-07,2026-08-28,0.6642714721961013,96903584.30000001,-0.054840835249651665,-0.5986639260020556,0.2513796045701564,0.9222200780128543,0.9610232353745247,-0.26157494982126017,0.5655430711610487,14.157303370786517,7,-0.03303040326466422,-0.22901237250220446,-0.21043320482251532,-0.15696383701670513,0.1198501872659176,6.606741573033708,3,0.27738644396778467,1.0594852665934598,1.2953958423447545,-0.21413257237702443,0.449438202247191,9.438202247191011,5,0.2844100078348206,1.1512324505150588,1.17145644019704,-0.10461111280455504,True,True
PSX,PHILLIPS 66,Individual equity,,1,easy_to_borrow,2679,2016-01-04,2026-08-28,0.35023281632194747,238536265.67,0.15274983445748958,-0.6421180096873624,0.26771969964823783,1.0402712929073525,0.7727613573818961,-0.34644550622363957,0.64501679731243,17.4020156774916,92,0.22953029016805626,1.2823800145341897,1.11050438562518,-0.20669012490107164,0.38596491228070173,9.688689809630459,51,0.035915981168840316,0.2768942205110484,0.08182751088484601,-0.43892305632251305,0.2765957446808511,8.465845464725643,45,0.03818940948018157,-0.24210872162683716,-0.33774302824328384,-0.13975538132256793,True,True
PTC,PTC Inc. Common Stock,Individual equity,,1,easy_to_borrow,2679,2016-01-04,2026-08-28,0.33191271866536565,89914039.86,0.15574872191969047,-0.5437423486203974,0.15560790124377766,0.8278443572081159,0.4587235435850637,-0.3392193477309987,0.5289287047405749,18.34266517357223,98,0.14726234112255576,1.0336055074560608,0.6650304799151193,-0.22143698006345736,0.3460246360582307,11.193729003359461,60,0.0009301459932922196,0.07690858316952105,0.0022278133741671477,-0.41751522101349625,0.1877566256065696,7.713325867861142,41,0.008345560121221895,-0.20576115024794495,-0.20630693633005565,-0.11778236766754135,False,False
PWR,"Quanta Services, Inc.",Individual equity,,1,easy_to_borrow,2679,2016-01-04,2026-08-28,0.3408682426002288,101187531.52,0.3782024127247101,-0.45532606173125967,0.21178140210176943,0.9434053800898079,0.7412363492769146,-0.28571372991673283,0.5643896976483762,18.624860022396415,100,0.23516733948111668,1.2921567314604372,1.5960693536606085,-0.1473415543890727,0.4005225830533781,11.47592385218365,62,-0.011943146499809876,0.0017841347109857557,-0.02126110271667057,-0.5617369267702846,0.18066442702500934,7.525195968645017,41,-0.023385937379347244,-0.3487513513706293,-0.8548330043836939,-0.13837217552766012,False,False
PYPL,"PayPal Holdings, Inc. Common Stock",Individual equity,,1,easy_to_borrow,2679,2016-01-04,2026-08-28,0.38831882909618426,824190444.5600001,0.04256676380772051,-0.8730547927291754,0.29848847253098176,1.075539023677126,1.094515417321857,-0.2727128990666444,0.6267263904441956,17.684210526315788,96,0.23769779749622177,1.2817698365701733,1.404460974205961,-0.16924485753732588,0.3624486748786861,9.970884658454647,54,0.03007655485353755,0.24462979739123691,0.06857648368171367,-0.43858409237097773,0.27398282941396046,8.842105263157894,47,0.06079067503475999,-0.20623081289304723,-0.3099455568841041,-0.10346804152931854,True,True
Q,"Qnity Electronics, Inc.",Individual equity,,1,easy_to_borrow,206,2025-11-03,2026-08-28,0.574130894291893,227770631.92000002,0.30371083370170293,-0.3153040309724433,0.4096567682294594,1.3234814525895924,2.702393566478707,-0.15159034320942877,0.30097087378640774,12.233009708737864,5,0.49360144364089353,1.5688334694065278,4.4665966189054025,-0.110509518937006,0.2815533980582524,9.786407766990292,4,-0.05620286172648936,-0.7139982392549652,-0.719073930031497,-0.07816006029314337,0.019417475728155338,2.446601941747573,1,-0.08394467541143413,-0.24535201681693541,-1.7642030524266956,-0.04108082427242277,True,True
QCOM,QUALCOMM Incorporated Common Stock,Individual equity,,1,easy_to_borrow,2679,2016-01-04,2026-08-28,0.3918277279236202,906256732.8,0.1501444509182739,-0.4428946600525234,0.17346987992643048,0.7275370238271034,0.4915990290785877,-0.3528686381898841,0.5670026129152669,17.684210526315788,98,0.14676345733814888,0.8776724886258622,0.824432733776892,-0.17801750382447334,0.3064576334453154,9.40649496080627,53,0.0260718648303917,0.2268517512077245,0.059542386230148465,-0.4378706746756241,0.2627846211272863,8.465845464725643,48,0.026706422588281598,-0.15013546479875883,-0.33283370469830426,-0.17485113436541078,True,False
QQQ,"Invesco QQQ Trust, Series 1",Broad index ETF,Indices,1,easy_to_borrow,2679,2016-01-04,2026-08-28,0.22272896485706645,12211166075.6,0.20204933100582867,-0.35002552322613567,0.1715945553319953,1.0691672321991776,1.0301283775341095,-0.1665758939121289,0.5912653975363942,17.684210526315788,97,0.1823716890118856,1.7347796309979078,1.283095219153236,-0.142134181695603,0.45949981336319523,10.911534154535273,58,-0.0071052854265435395,0.005743891770035536,-0.024194225786179746,-0.29367690825644144,0.13251213139231055,6.7726763717805145,39,-0.010777133679890305,-0.6656123987987301,-0.25296684161912664,-0.024441712216525913,False,False
QUAL,iShares MSCI USA Quality Factor ETF,Factor/style ETF,,1,easy_to_borrow,2679,2016-01-04,2026-08-28,0.17641352962375884,109909208.99000001,0.14239217329709475,-0.34054221854304656,0.13304249633771037,1.0350335001169535,1.0395271542303126,-0.12798366622391677,0.6633072041806645,18.154535274356103,98,0.15227516117681406,1.7403096939301237,1.9630703492534067,-0.07756989515670043,0.5524449421425905,9.688689809630459,51,-0.01618631771332879,-0.11590974226914544,-0.053781183674694186,-0.3009661857060425,0.11720791340052258,8.653975363941768,48,-0.019232664839103686,-0.7052761938131702,-0.9235431950230941,-0.05041377106721634,False,True
RBLX,Roblox Corporation,Individual equity,,1,easy_to_borrow,1375,2021-03-10,2026-08-28,0.7063264697894538,499221171.14,-0.10247174271017812,-0.8278652019002374,0.28014819232256105,0.7656343203569089,0.6097043704289328,-0.45948201441540293,0.5636363636363636,16.311272727272726,45,0.2692278851442753,0.9844026049989316,0.9009398485488865,-0.29883003352322757,0.25236363636363635,7.330909090909091,21,0.014024688959493714,0.22114316473940293,0.02619939879549546,-0.5353057552566824,0.32581818181818184,9.34690909090909,25,0.010920307178285737,-0.2187682846420227,-0.29123547811995376,-0.16065198089217536,True,True
RCL,Royal Caribbean Group,Individual equity,,1,easy_to_borrow,2679,2016-01-04,2026-08-28,0.5265142523533529,272166819.81,0.11667977189886458,-0.8329744693940326,0.3555458005689398,1.0044488797750564,0.6560108989968011,-0.5419815449905712,0.5584173198954834,16.931690929451285,91,0.22871310215664575,1.0426664895861133,1.0070945522030892,-0.22710191575986582,0.35498320268757,9.594624860022396,51,0.11965351323488216,0.5220088151878997,0.2126116174091163,-0.5627797516099028,0.21649869354236656,7.525195968645017,41,0.12683269841229405,-0.03821760981105693,-0.3510836532062881,-0.31487962923070534,True,True
RDDT,"Reddit, Inc.",Individual equity,,1,easy_to_borrow,612,2024-03-21,2026-08-28,0.8180362155000894,735418865.46,0.5791964000987679,-0.6141277804910535,0.747830233945654,1.1898586805995877,1.577074227272047,-0.47418835525529923,0.6209150326797386,16.47058823529412,20,0.5862539515417238,1.2044156934543169,2.356641812873181,-0.2487666765222043,0.35784313725490197,10.705882352941178,13,0.03521125631133093,0.29832921281623226,0.09002147034571334,-0.39114287042977214,0.2761437908496732,6.588235294117648,8,0.16157628240393018,-0.014557012854729212,-0.7795675856011339,-0.22542167873309493,True,True
RDW,Redwire Corporation,Individual equity,,1,easy_to_borrow,1412,2021-01-14,2026-08-28,0.912167070267697,2271544.95,0.007746874385574198,-0.8726307808946171,0.6037128252638586,1.06095623199699,1.2556968581474062,-0.4807791158723985,0.53328611898017,15.705382436260624,48,0.26101007327439296,0.7597583898314483,0.7585584132429565,-0.3440869796151016,0.17138810198300283,9.637393767705383,33,0.2810889684041529,0.7544249714801531,0.6647876043585744,-0.422825225021101,0.3661473087818697,6.781869688385269,19,0.34270275198946565,0.3011978421655418,0.4971384449044497,-0.13669213625729693,True,True
REG,Regency Centers Corporation Common Stock,Individual equity,,1,easy_to_borrow,2679,2016-01-04,2026-08-28,0.2927941641664911,53759269.08,0.049664997995940485,-0.5701420159334969,0.061260856118408036,0.4071536340636559,0.20553982146718444,-0.2980486004177476,0.5337812616648003,16.273236282194848,87,0.08587242085784252,0.7568703356700425,0.5958313591769604,-0.14412202301077381,0.3131765584173199,7.713325867861142,41,-0.009975566308647155,0.008550702611373508,-0.021934198012116966,-0.45479512417716017,0.23889511011571482,8.748040313549831,47,-0.02461156473943449,-0.34971670160638657,-0.390291537709776,-0.1539265774069738,True,True
REGN,"Regeneron Pharmaceuticals, Inc. Common Stock",Individual equity,,1,easy_to_borrow,2679,2016-01-04,2026-08-28,0.3270102918923963,426551908.23999995,0.04221243009927855,-0.5969190192603295,0.1686255484947654,0.843814071189094,0.5525472302614944,-0.305178524585062,0.5808137364688316,16.367301231802912,87,0.11303581945015373,0.776434696716866,0.6501030444258565,-0.17387369651526885,0.3191489361702128,9.03023516237402,48,0.04701192645206387,0.38715350536563137,0.21732964615994255,-0.21631621494228037,0.2631578947368421,7.901455767077267,42,0.05558972904461168,0.06737937447222797,-0.0975558141643621,-0.13130482806979316,True,True
RF,Regions Financial Corp.,Individual equity,,1,easy_to_borrow,2679,2016-01-04,2026-08-28,0.3566359059642556,145777783.54,0.1562996890725823,-0.6071625344352611,0.19620383892197002,0.8187490127139789,0.4396995765120537,-0.4462224878139981,0.5890257558790594,16.743561030235163,90,0.17118250562818527,1.0250755586440887,0.5176422690252508,-0.330696536723192,0.3803658081373647,9.03023516237402,49,0.03272153502796815,0.2592297722216171,0.07737706808388028,-0.4228841417523924,0.21687196715192236,7.901455767077267,42,0.025021333293784753,-0.2063265459301098,-0.07794269251319708,-0.1155259510908061,True,True
RIO,Rio Tinto plc,Individual equity,,1,easy_to_borrow,2679,2016-01-04,2026-08-28,0.3186068508801033,118846495.30000001,0.2109646240678218,-0.39310716208939145,0.2832781283670316,1.2767292266188552,1.222444349887984,-0.23173089915544143,0.561030235162374,20.035834266517355,107,0.24349627891458359,1.3876157509565383,1.065424295710028,-0.22854395182748388,0.3561030235162374,11.569988801791713,62,0.026346442082391786,0.2601830807199097,0.11862047598672124,-0.22210703390990516,0.2123926838372527,8.842105263157894,47,0.039781849452448004,-0.11088652433768309,0.15702005417795606,-0.0031869473279575455,True,True
RIVN,"Rivian Automotive, Inc. Class A Common Stock",Individual equity,,1,easy_to_borrow,1204,2021-11-10,2026-08-28,0.7733829459529077,480966935.29499996,-0.3189858664117021,-0.951165629905238,0.275105985768076,0.7240422114107148,0.46916530258009204,-0.5863732553434344,0.5191029900332226,15.069767441860465,38,0.14241059261055344,0.6582249649369066,0.5544167605195602,-0.25686559778080353,0.14285714285714285,7.116279069767442,18,0.11318978585110395,0.4616733150593202,0.19171415838827732,-0.5904091111615318,0.3812292358803987,8.372093023255815,21,0.13269539315752255,0.06581724647380816,-0.0852514579394682,-0.3295076575626309,True,True
RJF,"Raymond James Financial, Inc.",Individual equity,,1,easy_to_borrow,2679,2016-01-04,2026-08-28,0.31043086747116316,69892313.62,0.17543407504734865,-0.45595685569537514,0.1237378167759502,0.6653111120376876,0.29716615389704093,-0.416392698674633,0.60321015304218,18.06047032474804,96,0.15234848308073334,1.05360759866049,0.7925206825712395,-0.19223281667105108,0.41284061216871965,10.347144456886898,55,-0.025144373886959004,-0.09514411517306931,-0.05753925951277761,-0.43699508995897407,0.1941022769690183,8.089585666293393,43,-0.02861066630478315,-0.3882964866228025,-0.4953545286741986,-0.22415988200358195,False,False
RKLB,Rocket Lab Corporation Common Stock,Individual equity,,1,easy_to_borrow,1446,2020-11-24,2026-08-28,0.7894673927779703,32843303.24,0.389689991850211,-0.8296332046332052,0.5894451841776709,1.1747463452357363,1.7900249043807899,-0.32929440408069255,0.5428769017980636,16.38174273858921,50,0.3901371260822788,1.1072623481277402,1.069527440114078,-0.36477523759527475,0.21507607192254496,10.804979253112034,34,0.11596888149864637,0.4818440238028424,0.30072529325627967,-0.38563062070012544,0.3326417704011065,6.970954356846473,20,0.1993080580953921,0.06748399710799613,0.7204974642667119,0.0354808335145822,True,True
RL,Ralph Lauren Corporation,Individual equity,,1,easy_to_borrow,2679,2016-01-04,2026-08-28,0.38624632806656856,109150616.52,0.1359180491605838,-0.5514477343366584,0.11514553996436927,0.5544330399002911,0.20022596279837906,-0.5750779686863937,0.5188503172825681,18.71892497200448,99,0.10914425907740966,0.6551759307699687,0.5032462088172384,-0.2168804397631281,0.3221351250466592,11.287793952967524,60,0.01553073302489949,0.17500896370924202,0.02968022433195729,-0.5232687209906712,0.22321761851437102,8.371780515117582,44,0.006001280886959615,-0.10074289086967758,-0.3030202460188593,-0.3581975289232656,False,False
RMBS,Rambus Inc. Common Stock,Individual equity,,1,easy_to_borrow,2679,2016-01-04,2026-08-28,0.4650475225710149,17127799.919999998,0.20715039244320144,-0.5295262816353024,0.22754840779623398,0.8177740650137603,0.5904326172420903,-0.38539267843824787,0.5453527435610303,18.71892497200448,101,0.17990754368860506,0.8678738909169562,0.8081855936860769,-0.2226067194146082,0.3284807764091079,12.040313549832026,66,0.05287148040100553,0.3411127276633227,0.1061757760923225,-0.49796179832047993,0.2564389697648376,7.6192609182530795,40,0.04764086410762891,-0.05009982590319595,-0.2177529764439866,-0.16278595902363968,True,False
RMD,ResMed Inc.,Individual equity,,1,easy_to_borrow,2679,2016-01-04,2026-08-28,0.31340311235314494,115092291.05,0.16819869774715523,-0.5399422860360363,0.12611613164583235,0.7496377132977958,0.7411746382803268,-0.17015710620974156,0.5151175811870101,18.34266517357223,97,0.14459182940740778,1.0988435418975901,1.3234964842227623,-0.10924987797932906,0.3486375513251213,10.817469204927212,57,-0.0009957575110250971,0.057437797355434306,-0.0032688597865124123,-0.3046192177265221,0.20716685330347145,7.713325867861142,41,-0.018475697761575427,-0.3492058285997943,-0.5823218459424355,-0.0609072282304125,False,False
ROK,"Rockwell Automation, Inc.",Individual equity,,1,easy_to_borrow,2679,2016-01-04,2026-08-28,0.31184727154360053,169729111.35999998,0.16777599164226076,-0.4509205291886387,0.12389645218026302,0.6359345130505691,0.4939895817709819,-0.2508078241976013,0.5188503172825681,17.590145576707727,94,0.14506386551058648,0.9908624686353145,1.039481738714308,-0.1395540297706528,0.3456513624486749,10.72340425531915,58,-0.001235293730430631,0.07747706406641389,-0.003657177304208188,-0.3377724478956,0.19111608809257186,7.431131019036954,39,-0.02116741333032346,-0.3549279555847453,-0.5454921569433262,-0.1112537944269485,False,False
ROL,"Rollins, Inc.",Individual equity,,1,easy_to_borrow,2679,2016-01-04,2026-08-28,0.24872596865277125,42331929.300000004,0.13165037075524788,-0.4459688607985203,0.12504526989851183,0.8554900817422718,0.6280579417782346,-0.1990983022115258,0.5946248600223965,18.907054871220605,102,0.1316445400526407,1.18498618015939,1.1345420796406205,-0.11603319296393189,0.3979096677864875,11.287793952967524,61,0.002411965381563741,0.07572131389371672,0.012155792898873523,-0.19842106571158002,0.21463232549458752,8.183650615901456,44,-0.006599270154128867,-0.32949609841711813,-0.5064841378623859,-0.08306510924759392,False,False
ROP,"Roper Technologies, Inc. Common Stock",Individual equity,,1,easy_to_borrow,2679,2016-01-04,2026-08-28,0.23605217101848514,192175030.32,0.08758622334163446,-0.4651242034960992,0.1086726244166385,0.7859644935278611,0.7599960881313087,-0.1429910312878644,0.5345278088839119,15.896976483762597,88,0.09743338218739361,0.9544695108032876,0.8578717081958588,-0.11357570281959783,0.3478910041060097,8.936170212765957,51,-0.0013569655192109398,0.038367652474648954,-0.006266982975292559,-0.2165261218293948,0.20156774916013437,8.277715565509519,44,0.011239242229244883,-0.16850501727542644,-0.09787562006455008,-0.029415328468266555,True,True
ROST,"Ross Stores, Inc. Common Stock",Individual equity,,1,easy_to_borrow,2679,2016-01-04,2026-08-28,0.31339921236338675,240870770.72,0.1556933078074334,-0.5141923275417167,0.11990766798093233,0.6405221226248485,0.30905052037928876,-0.38798727092830365,0.6073161627472937,17.213885778275476,91,0.164858755085328,1.1328252493249868,1.1093777571602643,-0.14860470567512196,0.41881298992161253,9.03023516237402,48,-0.026668604033852072,-0.08982715867181847,-0.058712282486971794,-0.4542252984249048,0.2108995893990295,8.559910414333705,45,-0.04495108710439566,-0.4923031267001383,-0.8003272367809755,-0.2393825652531817,False,True
RSG,Republic Services Inc.,Individual equity,,1,easy_to_borrow,2679,2016-01-04,2026-08-28,0.18579901304361815,127149501.6,0.18591505323225865,-0.34023539668700964,0.1725957024994318,1.3049502626929255,1.9015416932274336,-0.09076619414349518,0.561030235162374,14.862262038073908,80,0.15222541783014099,1.6563360125866213,1.7761581611085049,-0.08570487761919621,0.41134751773049644,9.03023516237402,49,0.008358829827601166,0.1346668037621849,0.04835137745350848,-0.17287676727800505,0.17431877566256065,6.7726763717805145,37,0.020370284669290806,-0.35138574989369586,0.12538353211892872,-0.0050613165242989755,False,False
RSP,Invesco S&P 500 Equal Weight ETF,Broad index ETF,,1,easy_to_borrow,2679,2016-01-04,2026-08-28,0.18073508899365057,256089430.37999997,0.12483779527274752,-0.39034508768621534,0.11529432457808775,0.9128782900053584,0.7978447234965425,-0.14450722199779942,0.6177678238148563,16.6494960806271,90,0.12170476575573663,1.4255310556190233,1.7532969733387125,-0.06941480399865207,0.5005599104143337,9.688689809630459,51,-0.003637017224848993,0.012804468124688132,-0.014912622804963076,-0.24388850119903493,0.12430011198208286,7.713325867861142,44,-0.0064104411776488845,-0.5126527656136649,-0.95545224984217,-0.07509241799914734,False,False
RTX,RTX Corporation,Individual equity,,1,easy_to_borrow,2679,2016-01-04,2026-08-28,0.3495745510913112,618952779.3000001,0.03348339970509384,-0.8400505651397978,0.07831679184989904,0.48310770190076363,0.13531551441895703,-0.5787717113310346,0.6035834266517357,17.11982082866741,92,0.12580934313055625,1.0544319321631752,0.712277830222837,-0.176629592825031,0.3982829413960433,9.218365061590145,50,-0.044195908368108716,-0.208185422585512,-0.08763139084245256,-0.5043387756741874,0.21500559910414332,8.277715565509519,46,-0.047492551280657214,-0.5713242302624115,-0.5769623158038799,-0.40214211850600357,True,True
RUN,Sunrun Inc. Common Stock,Individual equity,,1,easy_to_borrow,2679,2016-01-04,2026-08-28,0.7848719092940619,99728945.28,-0.022720778600442637,-0.9412953367875647,0.13007180476154567,0.4991137390871126,0.15601299969568985,-0.8337241448805958,0.5405001866368048,17.4020156774916,97,0.22358894943106722,0.8034979584881571,0.4708482126171206,-0.47486417796574054,0.25121313923105637,9.970884658454647,58,-0.05753960079591658,0.06330712075480441,-0.07809451045704556,-0.7367944361155214,0.3098170959313177,8.371780515117582,44,-0.09351714466952155,-0.3043842194010445,-0.3148352129214308,-0.3588599669148552,True,True
RVTY,"Revvity, Inc.",Individual equity,,1,easy_to_borrow,2679,2016-01-04,2026-08-28,0.3082167058206197,80275198.5,0.09168086970346523,-0.5900880503144647,0.04886305665503543,0.3288475919377216,0.09375244300975799,-0.5211923560215881,0.5643896976483762,19.283314669652853,103,0.10495496270264182,0.762112744996566,0.31798421982244174,-0.33006343132765303,0.3534901082493468,10.629339305711087,56,-0.04480534292973981,-0.20675034130436928,-0.10162253530413247,-0.44089967639213,0.22135125046659201,9.03023516237402,50,-0.05609190604760639,-0.4332651530588444,-0.22423177681268375,-0.19112892469393505,False,True
S,"SentinelOne, Inc.",Individual equity,,0,hard_to_borrow,1297,2021-06-30,2026-08-28,0.6343823698187631,98671342.2,-0.12369500771431863,-0.8435124508519011,0.141210262319033,0.5285275087590351,0.3563595902593065,-0.3962577861768243,0.4811102544333076,14.377794911333845,40,0.1632843439697238,0.7539177504221747,0.7157694338044038,-0.22812422025602175,0.2259059367771781,7.77178103315343,20,-0.016760823928985702,0.12135701828841383,-0.04229777814764863,-0.3962577861768243,0.30763299922898996,6.994602929838087,21,-0.022074081650690802,-0.2253902416631396,-0.3594098435450973,-0.16813356592080253,True,True
SBAC,SBA Communications Corporation Class A Common Stock,Individual equity,,1,easy_to_borrow,2679,2016-01-04,2026-08-28,0.28422221391972846,160271065.64,0.06705320805728499,-0.5450410224926048,0.13179362616775592,0.7396126721570074,0.3732921066026594,-0.35305762923093376,0.5957446808510638,15.896976483762597,85,0.09133466551783975,0.742440440050988,0.4722583013633014,-0.19339980949869495,0.3561030235162374,9.124300111982082,49,0.04711521096580973,0.3859983230739536,0.1486399682472068,-0.3169753836831508,0.2553191489361702,7.148936170212766,38,0.040458960649916165,-0.0028277678939805373,-0.098966194760642,-0.1596578197322388,True,True
SBUX,Starbucks Corporation Common Stock,Individual equity,,1,easy_to_borrow,2679,2016-01-04,2026-08-28,0.2912978588409125,607206097.92,0.0818490845332307,-0.43679397525551344,0.12771665346745076,0.7478474251620667,0.4181624289333234,-0.30542354987089326,0.5636431504292646,17.778275475923852,96,0.09791276246383274,0.8306781760015414,0.6194983000767833,-0.15805170482581954,0.3266144083613289,8.748040313549831,48,0.028811210347801097,0.27271172604800276,0.10960736602602315,-0.2628583405695626,0.24449421425905188,9.218365061590145,49,0.02980389100361802,-0.08283075083947466,-0.2013358711434599,-0.14737184504507372,True,True
SCCO,Southern Copper Corporation,Individual equity,,1,easy_to_borrow,2679,2016-01-04,2026-08-28,0.3740590747440763,47541369.94,0.27123561314479616,-0.5482584419037481,0.23368683151072234,0.96924180587657,0.6452728956373751,-0.3621519408155145,0.528555431131019,17.590145576707727,93,0.24553742775726595,1.2999180774907027,1.0988230622661532,-0.22345492753936458,0.3258678611422172,10.253079507278835,54,-0.017211717707372842,-0.01622376393459347,-0.04102465725946279,-0.41954567952917554,0.20865994774169466,7.901455767077267,42,-0.01185059624654361,-0.3306762716141326,-0.4535501666287781,-0.13869701327614992,False,False
SCHD,Schwab US Dividend Equity ETF,Factor/style ETF,,1,easy_to_borrow,2679,2016-01-04,2026-08-28,0.16490323769896606,37364887.5,0.13645318655724203,-0.33397068196303314,0.11796961174147302,0.9982883807301981,1.0881731401606674,-0.10841069990392793,0.5789473684210527,16.837625979843224,92,0.1342366066999907,1.646990578397596,1.8313556350249753,-0.07329903822758055,0.47368421052631576,9.688689809630459,51,-0.009482195798507842,-0.059437918068686084,-0.046506810889314534,-0.20388832554172154,0.11720791340052258,7.337066069428891,43,-0.01626699495851769,-0.6487021976673979,-0.743182494864308,-0.03511166167634738,False,False
SCHW,The Charles Schwab Corporation,Individual equity,,1,easy_to_borrow,2679,2016-01-04,2026-08-28,0.3303438673170823,431466165.25999993,0.13777998084286103,-0.5095972901768908,0.2199971325475809,0.9901468938341086,0.7241027885188783,-0.30382030843656294,0.58006718924972,17.11982082866741,92,0.22643813308907879,1.3910395959454114,1.4320112728762486,-0.15812594312492334,0.3803658081373647,9.40649496080627,50,0.004593778951396343,0.11157848772264552,0.01232080327348458,-0.37284735819802817,0.20903322135125046,8.089585666293393,44,-0.006441000541497877,-0.4008927021113028,-0.7079084843573703,-0.1456943653116396,True,True
SEDG,"SolarEdge Technologies, Inc. Common Stock",Individual equity,,1,easy_to_borrow,2679,2016-01-04,2026-08-28,0.7396541398694242,106504569.63,0.010868754034470518,-0.9715879781717482,0.16438063103463985,0.5540287340386371,0.2301635763904385,-0.7141904623335901,0.5080253826054498,16.461366181410973,89,0.18343167590105236,0.702022759203058,0.5578539346633897,-0.3288166749450919,0.270996640537514,9.03023516237402,49,-0.03976133932194148,0.08086840145932502,-0.051108056531214405,-0.7779857427694813,0.25681224337439346,8.559910414333705,45,-0.019051044866412514,-0.14799402516442095,-0.32769035827295123,-0.38537378738849815,True,True
SHOP,Shopify Inc. Class A subordinate voting shares,Individual equity,,1,easy_to_borrow,2679,2016-01-04,2026-08-28,0.5885628984154331,168795764.15,0.46853419122489504,-0.8481604164202059,0.305079662576518,0.8510021662115879,0.5986961726791659,-0.5095734305620934,0.5785740948114968,19.09518477043673,101,0.3329095131199258,1.1519539803078462,0.65709370523901,-0.5066393277939467,0.3814856289660321,12.51063829787234,66,-0.04573700587159513,0.0021151307223109097,-0.06706886473089059,-0.6819409580751346,0.21351250466592012,7.148936170212766,38,-0.027829850543407808,-0.3009518140962584,-0.058397532559844145,-0.0029341027681466514,False,False
SHV,iShares Trust iShares 0-1 Year Treasury Bond ETF,Bond ETF,,1,easy_to_borrow,2679,2016-01-04,2026-08-28,0.0027803329854052187,186240749.76,0.02190874900684081,-0.0045156434791967515,0.01799261361253035,6.610814663083865,2.319698006812302,-0.007756446554547658,0.6629339305711086,4.797312430011198,27,0.01824183792318923,6.922337349465654,2.35182925517535,-0.007756446554547658,0.6222471071295259,4.044792833146697,23,-0.00024475944846980013,-0.37646791005630703,-0.08585957137584811,-0.002850694972589274,0.04068682344158268,0.7525195968645016,4,-0.00024922431065887984,-0.3115226863817897,-0.03213124836304804,0.0,False,False
SHW,The Sherwin-Williams Company,Individual equity,,1,easy_to_borrow,2679,2016-01-04,2026-08-28,0.2660605898856723,214575658.73999998,0.1517322220679196,-0.4245921091664199,0.2518193890571927,1.37482724397432,1.570259390255286,-0.16036801984432203,0.5565509518477044,14.862262038073908,79,0.19290199820696685,1.4996698739175374,1.4164472851558558,-0.13618720599668577,0.3792459873086973,7.901455767077267,42,0.054372392445791506,0.4795054677454952,0.2752501293444192,-0.1975381176942358,0.1881298992161254,7.525195968645017,40,0.05891739085022585,-0.12484262994321726,0.1538121050994301,-0.024180813847636262,True,True
SHY,iShares 1-3 Year Treasury Bond ETF,Bond ETF,,1,easy_to_borrow,2679,2016-01-04,2026-08-28,0.015493352093182642,221614470.69,0.016755121620984692,-0.0570245726495745,0.008793345901685345,0.9060660398682904,0.6357071352800182,-0.01383238509319551,0.322508398656215,8.371780515117582,44,0.007386684922408238,0.8652306377848452,0.5341753094129843,-0.013828203573328035,0.24897349757372153,5.92609182530795,31,0.001396346606850063,0.3040350225467948,0.15114829800962964,-0.009238255575733323,0.07353490108249347,2.4456886898096304,13,0.0014066609792771079,0.04083540208344516,0.10153182586703391,-4.1815198674743925e-06,False,False
SIL,Global X Silver Miners ETF (NEW),Thematic/industry ETF,,1,easy_to_borrow,2679,2016-01-04,2026-08-28,0.42648795744685236,9962331.03,0.18523056714146113,-0.6787564766839371,0.26281741572853257,1.0163516476009924,1.0002137224946737,-0.2627612577370254,0.5513251213139231,19.09518477043673,102,0.25859221711878244,1.253960697195992,1.193314482559827,-0.21670081181288092,0.3131765584173199,9.688689809630459,51,0.007039984911727526,0.12711493512173488,0.027526156368604483,-0.25575619121880466,0.24449421425905188,9.594624860022396,52,0.004225198609750125,-0.23760904959499962,-0.1931007600651533,-0.04606044592414449,True,True
SJM,The J.M. Smucker Company,Individual equity,,1,easy_to_borrow,2679,2016-01-04,2026-08-28,0.2536000763376143,105925347.94,0.03938397443607178,-0.3810934744268072,0.04873185894032317,0.3990677237275797,0.19541873679422275,-0.24937147655210845,0.5330347144456887,16.837625979843224,90,0.04549058269429307,0.4522858978251965,0.2526250406029213,-0.18007155025378363,0.2825681224337439,9.312430011198208,49,-0.0053014811468775624,-0.001579376761144693,-0.015901394778855334,-0.3333972409720395,0.272863008585293,8.465845464725643,46,0.0032412762460301003,-0.05321817409761681,-0.05720630380869854,-0.06929992629832482,True,True
SKYY,First Trust Cloud Computing ETF,Thematic/industry ETF,,1,easy_to_borrow,2679,2016-01-04,2026-08-28,0.2668366060545137,15316147.44,0.17970183386951333,-0.5320404721753802,0.1517992381017894,0.8602268343206059,0.6099878264309936,-0.2488561763436472,0.528555431131019,19.75363941769317,107,0.1938020550032029,1.5155145434311612,1.8305096187053684,-0.10587327868851615,0.41172079134005224,11.47592385218365,61,-0.03433887572288763,-0.18190768753082864,-0.09819505256890512,-0.3497006704975433,0.1257932064203061,8.653975363941768,48,-0.0420028169014135,-0.6552877091105553,-1.2205217922743747,-0.14298289765513106,False,True
SLB,SLB Limited,Individual equity,,1,easy_to_borrow,2679,2016-01-04,2026-08-28,0.40054751680742945,417559520.42,0.01017569685197417,-0.8428378985181857,0.191388579815563,0.7738747593736778,0.5357221245731522,-0.3572534547981491,0.5808137364688316,18.154535274356103,96,0.09990071322962679,0.6453249195887292,0.4367593649032849,-0.2287317027575324,0.3023516237402016,9.312430011198208,49,0.093590752567281,0.518173610796819,0.22650376249907764,-0.41319734177776457,0.2818215752146323,9.03023516237402,48,0.09148786658593622,0.1285498397849486,0.09896275966986728,-0.12852175204061667,True,True
SLV,iShares Silver Trust,Commodity ETF,,1,easy_to_borrow,2679,2016-01-04,2026-08-28,0.3194983139671744,342580907.76,0.1531865078447061,-0.52282196969697,0.2587629635962265,1.1887242247809706,0.8234475062576603,-0.3142434236910039,0.5487122060470325,19.47144456886898,103,0.24048786468809924,1.4599062984412017,1.474759495347368,-0.16306920921465518,0.2855543113101904,11.005599104143336,58,0.02681912359768046,0.25296349894971354,0.07550190456978859,-0.35521121951156576,0.2698768197088466,8.653975363941768,46,0.018275098908127285,-0.27118207366023106,-0.6513119890897077,-0.1511742144763487,True,True
SMCI,"Super Micro Computer, Inc. Common Stock",Individual equity,,1,easy_to_borrow,2679,2016-01-04,2026-08-28,0.7132733530626827,1999477.989,0.29549768537215826,-0.8484134332126925,0.309931478224043,0.8912920446490638,0.7548122538646597,-0.41060737506205713,0.42142590518850315,14.862262038073908,81,0.3163143981573615,1.1626960704964522,1.0272052763387203,-0.30793688997081925,0.22433743934303846,8.277715565509519,47,-0.01389459402810167,0.09382763712800773,-0.021009579499390755,-0.6613456508496323,0.24524076147816348,7.148936170212766,38,-0.0063829199333185205,-0.27140402584738843,-0.2723930224740606,-0.10267048509123788,True,True
SMH,VanEck Semiconductor ETF,Thematic/industry ETF,,1,easy_to_borrow,2679,2016-01-04,2026-08-28,0.3291215977963311,416230854.87,0.3432470873584048,-0.4530440414507768,0.1953482323740261,0.8474011653711612,0.6107162079730338,-0.31986744386952914,0.6196341918626354,19.001119820828666,103,0.24390198284237385,1.3503209665967357,1.2900301369848206,-0.18906688754763856,0.4568868980963046,12.228443449048152,66,-0.038199138354317874,-0.1310884735238911,-0.09490272343811275,-0.40250834718381934,0.1776782381485629,7.525195968645017,42,-0.048553750468347756,-0.5029198012255746,-0.6793139290117868,-0.13080055632189058,False,False
SNA,Snap-on Incorporated,Individual equity,,1,easy_to_borrow,2679,2016-01-04,2026-08-28,0.2706387637746767,73109222.16,0.10917329922474228,-0.4738355000979938,0.06322595316401558,0.4253615574122779,0.24489359887145656,-0.2581772388309854,0.5281821575214632,18.81298992161254,100,0.07421112326018142,0.6649589776695937,0.4573408385609015,-0.16226655702495096,0.3169092945128779,10.347144456886898,55,-0.013076366861780042,-0.02142198229770692,-0.03302157572298212,-0.3959946360972485,0.22396416573348266,8.842105263157894,47,-0.010985170096165842,-0.23959742025731579,-0.21244723968944496,-0.09591068180603446,False,False
SNAP,Snap Inc.,Individual equity,,1,easy_to_borrow,2387,2017-03-02,2026-08-28,0.7165736653485293,344793952.89,-0.14698869133355064,-0.9527132715678017,0.3319649934409754,0.849202728891935,0.43933570137319355,-0.7556066861932258,0.5324675324675324,17.102639296187686,83,0.22775093411330727,0.8917488222299801,0.7028808573631878,-0.3240249492178521,0.24549643904482615,8.868035190615837,44,0.151355379662798,0.5626918090221974,0.29070740663717143,-0.5206450754510803,0.3054042731462086,9.0791788856305,44,0.10421405932766814,-0.04254609333804504,-0.2635451559899943,-0.4315817369753737,True,True
SNDK,Sandisk Corporation Common Stock,Individual equity,,1,easy_to_borrow,387,2025-02-13,2026-08-28,1.066383674854148,1930873308.87,10.269383559580366,-0.5649293361884368,2.755709266379839,2.1255821366136702,6.338802805157562,-0.4347365505892782,0.5555555555555556,20.186046511627907,15,3.7375478507702713,2.8526240698470766,13.110543105974568,-0.2850795592950718,0.4005167958656331,14.976744186046512,11,-0.20724615672869584,-0.2890683394988436,-0.4618212425869638,-0.448758388782149,0.15503875968992248,5.209302325581395,4,-0.9818385843904323,-0.7270419332334064,-6.771740300817005,-0.1496569912942064,False,False
SNOW,Snowflake Inc.,Individual equity,,1,easy_to_borrow,1495,2020-09-16,2026-08-28,0.6198772154349357,890828017.36,0.04408849282093885,-0.7298763343203367,0.25394309041774576,0.7118931313454565,0.43144604793081687,-0.5885859695218856,0.5698996655518395,17.024749163879598,50,0.28373304617899797,0.922464119888094,1.0189796802838675,-0.2784481885840506,0.28695652173913044,9.270903010033445,27,-0.060424678000634224,-0.008745277387659525,-0.10527502803438703,-0.5739697165494662,0.2976588628762542,9.102341137123746,27,-0.029789955761252207,-0.21057098854263745,-0.5875336323530507,-0.31013778093783495,True,True
SNPS,"Synopsys, Inc. Common Stock",Individual equity,,1,easy_to_borrow,2679,2016-01-04,2026-08-28,0.34795796821939445,233016062.4,0.2401128032892994,-0.42305725575269215,0.29413344312911494,1.131457190287327,1.6336052262913316,-0.1800517275503991,0.5774542739828294,17.02575587905935,92,0.23286892856148533,1.4342346940739352,1.6478920428843282,-0.1413132186462237,0.3997760358342665,10.629339305711087,58,0.04720520182950194,0.3222772583940355,0.2297652170099556,-0.20544973013672718,0.1862635311683464,6.96080627099664,37,0.0612645145676296,-0.3027775037866083,-0.014286816592996576,-0.038738508904175406,True,False
SO,The Southern Company,Individual equity,,1,easy_to_borrow,2679,2016-01-04,2026-08-28,0.21677581669282808,244399411.38,0.1062349607974249,-0.38432087511394675,0.06425101055860472,0.4850585816505945,0.17338802528135489,-0.3705619834723032,0.6285927584919746,16.837625979843224,90,0.08095096001861868,0.7601813708929048,0.429013911157898,-0.1886907578361131,0.4326241134751773,9.40649496080627,51,-0.017558898877471862,-0.10726244135225917,-0.04433245545112118,-0.39607323119811066,0.21351250466592012,8.371780515117582,45,-0.016699949460013963,-0.2751227892423103,-0.2556258858765431,-0.18187122563619007,False,False
SOLV,Solventum Corporation,Individual equity,,1,easy_to_borrow,606,2024-04-01,2026-08-28,0.31626566752966756,78237219.63999999,0.12190841292521903,-0.31458749643162953,0.2046909236197152,0.9762362084589155,1.452409926279271,-0.1409319228105833,0.5346534653465347,17.88118811881188,21,0.2189417398522271,1.2968212732157554,2.265169835093391,-0.09665577232234346,0.3184818481848185,7.900990099009901,9,0.014577155711186451,0.17265024106755825,0.08570931257567327,-0.17007668447131918,0.21782178217821782,9.98019801980198,12,-0.014250816232511898,-0.3205850647568399,-0.8127599088141202,-0.04427615048823985,True,True
SOXX,iShares Semiconductor ETF,Thematic/industry ETF,Semis / Software,1,easy_to_borrow,2679,2016-01-04,2026-08-28,0.34113623746242194,98269315.85000001,0.319540317143318,-0.4575009792401108,0.2077489395918195,0.8717334497055989,0.7115934445395794,-0.29194892278165774,0.5938783128032848,18.81298992161254,102,0.26489502410968213,1.418110753689599,1.9387695854458071,-0.1366304826000101,0.4333706606942889,11.8521836506159,64,-0.0503728516614651,-0.19107192323213568,-0.10415671868162996,-0.48362556250871336,0.17506532288167226,7.901455767077267,44,-0.05714608451786263,-0.5463773039840001,-1.2271761409062276,-0.15531844018164764,False,False
SPG,"Simon Property Group, Inc.",Individual equity,,1,easy_to_borrow,2679,2016-01-04,2026-08-28,0.3599453769560161,201290219.91,0.062241411208210584,-0.7700345867981464,0.16270838756840056,0.7321133759504923,0.4847653076946287,-0.33564362999114716,0.5677491601343785,17.213885778275476,92,0.13428742636896152,0.9489549259281794,0.6294247508764289,-0.2133494531029736,0.3546099290780142,9.03023516237402,48,0.045154065941008126,0.31653728583281426,0.10029530691601414,-0.45021115473348616,0.23665546845837998,7.99552071668533,43,0.028420961199439043,-0.21684154997768712,-0.14465944318180018,-0.12229417688817357,True,True
SPGI,S&P Global Inc.,Individual equity,,1,easy_to_borrow,2679,2016-01-04,2026-08-28,0.2625478636168146,392860523.82,0.17292764242648628,-0.3976183360537021,0.26251237562921115,1.341941718267389,1.1697898262923707,-0.22440986383104367,0.6405375139977604,14.862262038073908,80,0.22286146783631566,1.6605887717311298,1.7625201533174646,-0.1264447770522451,0.4748040313549832,8.465845464725643,45,0.03169997128516955,0.2920383909967833,0.16029672260443803,-0.19775807496323627,0.1761851437103397,7.148936170212766,39,0.039650907792895485,-0.3186470534637409,-0.5927303270250939,-0.09796508677879856,True,True
SPLV,Invesco S&P 500 Low Volatility ETF,Factor/style ETF,,1,easy_to_borrow,2679,2016-01-04,2026-08-28,0.14867758767153638,123356595.60000001,0.08883369371060734,-0.36259259259259236,0.07753071113002408,0.7706242654823974,0.43018064652068905,-0.18022826400279568,0.5714818962299365,15.896976483762597,88,0.08715982411175638,1.292629226797383,1.1252894485332507,-0.07745547087939386,0.4419559537140724,9.40649496080627,50,-0.013377116228455166,-0.12535746515333349,-0.0571261435345172,-0.23416802536954628,0.14184397163120568,6.866741321388577,40,-0.009629112981732302,-0.5220049613149855,-0.6951088020125618,-0.10277279312340182,False,False
SPOT,Spotify Technology S.A.,Individual equity,,1,easy_to_borrow,2114,2018-04-03,2026-08-28,0.4709877750083954,328689515.65999997,0.16780962385175102,-0.8051235634548399,0.2391564025425581,0.8232951319907343,0.6061398727646594,-0.39455646013146084,0.511352885525071,17.04635761589404,72,0.2211105961381612,0.9656454583937906,0.7214095454843678,-0.3064980183894066,0.3051087984862819,9.417218543046356,40,0.024465613550172627,0.22068740373965223,0.06621500457746292,-0.3694874553931511,0.22894985808893092,8.105960264900661,34,0.018045806404396902,-0.14235032640305623,-0.11526967271970834,-0.08805844174205424,True,True
SPY,State Street SPDR S&P 500 ETF Trust,Broad index ETF,Indices,1,easy_to_borrow,2679,2016-01-04,2026-08-28,0.17504029031474233,26052653209.079998,0.1518941033063903,-0.3379381911340269,0.14510790873786772,1.1692370085882233,1.3922832659744393,-0.10422297838673567,0.624113475177305,17.4020156774916,96,0.14910596459269643,1.8291531898372908,2.0224699463301476,-0.0737246874116746,0.5274356103023516,10.441209406494961,55,-0.006869614732168072,-0.025612293644198966,-0.03759197164233265,-0.18274153847339414,0.09854423292273236,7.337066069428891,44,-0.003998055854828708,-0.6599161812490675,-0.6301866803557084,-0.03049829097506107,False,False
SRE,Sempra,Individual equity,,1,easy_to_borrow,2679,2016-01-04,2026-08-28,0.24639906327592753,99808047.0,0.09017865032346384,-0.44993876301285995,0.056100287539873284,0.401076207562711,0.14279323190720228,-0.3928777771227382,0.5502053004852557,17.02575587905935,90,0.06407573199205507,0.6113517666120037,0.38614536589952536,-0.16593681460553256,0.3732736095558044,9.40649496080627,50,-0.015648988373247796,-0.04745912730435938,-0.04498204018909422,-0.34789414413981723,0.19970138111235536,8.748040313549831,46,-0.00797544445218179,-0.21027555904929274,-0.24335213399232308,-0.22694096251720564,False,False
STE,STERIS plc,Individual equity,,1,easy_to_borrow,2679,2016-01-04,2026-08-28,0.2504336606054505,81034036.2,0.12488214319578983,-0.3617847940779515,0.08029008839335883,0.545147448393312,0.255364632561827,-0.3144135019320641,0.5378872713699141,16.6494960806271,89,0.0967578370127471,0.8520093050557977,0.4509700857316483,-0.21455488972349102,0.3706606942889138,10.06494960806271,54,-0.02375886482847278,-0.12968443251360193,-0.06471637905782775,-0.36712290110117085,0.19970138111235536,8.089585666293393,43,-0.016467748619388267,-0.3068618566624858,-0.1956054531698213,-0.09985861220857306,False,False
STLD,"Steel Dynamics, Inc.",Individual equity,,1,easy_to_borrow,2679,2016-01-04,2026-08-28,0.39290885097964157,111253748.38,0.3002988292973221,-0.6846100759144238,0.25874954186460686,0.9448475695079056,0.8983311813862146,-0.28803357517361305,0.593505039193729,17.4020156774916,93,0.28255379423660143,1.297982117156135,1.9573627403035654,-0.14435433372599116,0.3923105636431504,9.782754759238522,53,-0.005828552250584096,0.07399401074721138,-0.011355251432299696,-0.5132913423656073,0.21948488241881298,7.807390817469205,41,-0.023804252371994572,-0.3531345476482294,-1.0590315589173507,-0.1436792414476219,False,False
STM,STMicroelectronics N.V.,Individual equity,,0,hard_to_borrow,2679,2016-01-04,2026-08-28,0.4511393360647824,93472428.0,0.22137512819027716,-0.6673604541154217,0.4688065340778218,1.3975220280354426,1.7898571571710509,-0.2619239933195515,0.5483389324374767,17.966405375139978,96,0.3691247879017241,1.5758187425899515,2.322215662026047,-0.1589537069867475,0.3389324374766704,10.911534154535273,59,0.07554754416880871,0.43408518540402163,0.27038785526263964,-0.2794043545166851,0.21724524076147816,7.431131019036954,39,0.09968174617609771,-0.1782967145545089,-0.5323585048549959,-0.10297028633280403,True,True
STT,State Street Corporation,Individual equity,,1,easy_to_borrow,2679,2016-01-04,2026-08-28,0.32766636436363916,154768565.06,0.1392693248677812,-0.5959816303099869,0.23106480408071106,1.0920407475615528,0.6513282817334698,-0.3547593595440788,0.545726017170586,17.213885778275476,92,0.18982714794160693,1.3349247431367435,1.1800939099933516,-0.16085766254202294,0.3534901082493468,9.688689809630459,52,0.04149270660899962,0.33238260986011414,0.1495268431980669,-0.2774933632086205,0.19223590892123926,7.713325867861142,41,0.04123765613910413,-0.2428839955751907,-0.5287656282598818,-0.19390169700205584,True,True
STX,Seagate Technology Holdings PLC Ordinary Shares (Ireland),Individual equity,,1,easy_to_borrow,2679,2016-01-04,2026-08-28,0.4469828336646161,151945756.04999998,0.4008497179686139,-0.5699009123908566,0.42635787278996995,1.397931055598287,1.6833185479121748,-0.25328412932821476,0.5408734602463606,18.624860022396415,100,0.36129391206139494,1.5107700183817725,1.5522929885065073,-0.23274853055221434,0.3318402388951101,11.47592385218365,62,0.03792552197985022,0.29151694692969427,0.12976647163323224,-0.2922597917822848,0.23553564762971257,7.901455767077267,42,0.06506396072857501,-0.1128389627834856,0.1310255594056675,-0.02053559877600042,True,False
STZ,"Constellation Brands, Inc.",Individual equity,,1,easy_to_borrow,2679,2016-01-04,2026-08-28,0.26955846684190204,245063218.88,0.00898895448781456,-0.5353066165933694,0.10709389227430632,0.6602449634157972,0.41852408582743855,-0.2558846573013295,0.5151175811870101,16.931690929451285,91,0.07568809887778438,0.6947663624495871,0.48467339125128533,-0.15616309920043225,0.3075774542739828,8.842105263157894,48,0.03484595984064298,0.31529348304813093,0.12596985194617946,-0.27662142411289725,0.23292273236282196,8.465845464725643,46,0.03140579339652194,-0.034521399033789923,-0.06614930542384678,-0.09972155810089722,True,True
SW,Smurfit WestRock plc,Individual equity,,1,easy_to_borrow,2679,2016-01-04,2026-08-28,0.45785177169116964,88335297.75,-0.12370510508656496,-0.9034998473903751,0.05549787007257301,0.33682858289739415,0.12946613220253841,-0.42866708944198206,0.5278088839119074,19.001119820828666,101,0.051708887632619494,0.3898755231457027,0.21169105562135251,-0.24426581218013355,0.3057110862262038,10.72340425531915,57,-0.003640284989267162,0.08887025314803454,-0.008952748187502614,-0.40661089902525516,0.25942515864128407,9.40649496080627,50,0.0037889824399535144,-0.05304694024830853,-0.0822249234188141,-0.18440127726184852,True,True
SWK,"Stanley Black & Decker, Inc.",Individual equity,,1,easy_to_borrow,2679,2016-01-04,2026-08-28,0.3589552564461026,132780614.33,0.019980463274226423,-0.713073282193569,0.21901466333266884,0.8646879526934017,0.6007949426346768,-0.364541456311566,0.5864128406121687,16.837625979843224,89,0.1381682182329369,0.8651080651722073,0.7584767889924833,-0.182165387574314,0.3419186263531168,9.124300111982082,49,0.0672178061040285,0.40909784171325164,0.17505659071040916,-0.3839775802284696,0.24785367674505412,8.465845464725643,45,0.08084644509973193,-0.0004201124788055788,-0.15768184635780647,-0.18237606873725198,True,True
SWKS,"Skyworks Solutions, Inc. Common Stock",Individual equity,,1,easy_to_borrow,2679,2016-01-04,2026-08-28,0.4040174583898764,187760445.0,0.005627322148811453,-0.7287919229430196,0.20147469486685177,0.7831870009768745,0.648501348122192,-0.3106773724530323,0.5524449421425905,18.154535274356103,99,0.16402681294523158,0.9277463207773998,0.8674392101848247,-0.18909315029727847,0.3094438223217619,10.06494960806271,55,0.04670733669857241,0.3120022442574109,0.15291135018240187,-0.3054536935476476,0.26726390444195597,8.653975363941768,47,0.037447881921620185,-0.14455931980052528,-0.21893786206263277,-0.12158422215575382,True,True
SYF,SYNCHRONY FINANCIAL,Individual equity,,1,easy_to_borrow,2679,2016-01-04,2026-08-28,0.38868467586980665,176256701.92000002,0.11908497221998515,-0.6636977886977884,0.17294559631451345,0.7124030073090541,0.3631769883146961,-0.47620196730266007,0.6073161627472937,18.248600223964164,97,0.2218108129966645,1.1675972639969296,1.0558667451805086,-0.21007462732311377,0.38521836506159013,9.03023516237402,48,-0.024920422895078786,-0.018470011512908134,-0.04225876158562696,-0.5897102035180016,0.24972004479283313,9.970884658454647,53,-0.04886521668215105,-0.4551942566878755,-0.6926897568658126,-0.2661273399795463,True,True
SYK,Stryker Corporation,Individual equity,,1,easy_to_borrow,2679,2016-01-04,2026-08-28,0.26320786026900084,286244565.59999996,0.142490978259465,-0.4380594172538561,0.07443308760606238,0.5029666982737272,0.2722168730424811,-0.27343304172936644,0.5330347144456887,19.001119820828666,101,0.09180480019240234,0.757151726029269,0.643385926003315,-0.1426900970039704,0.3833519970138111,11.099664053751399,59,-0.0026394913115702634,0.040098367511241004,-0.008880439701210233,-0.2972252951856147,0.1881298992161254,8.465845464725643,46,-0.01737171258633996,-0.25418502775554175,-0.3711690529608339,-0.13074294472539605,False,False
SYY,Sysco Corporation,Individual equity,,1,easy_to_borrow,2679,2016-01-04,2026-08-28,0.307508717003734,171683016.42,0.09664333566496275,-0.6614481409001958,0.08007934440460884,0.5094893995331139,0.222973513356305,-0.359142856024538,0.48525569242254574,17.307950727883537,93,0.03202341667979414,0.33940596883146873,0.09251952282348114,-0.3461260467252075,0.3172825681224337,10.347144456886898,55,0.04418765041027317,0.36554107091727095,0.21057996677559765,-0.2098378639092544,0.16536020903322135,7.713325867861142,42,0.04805592772481471,0.17008343070164517,0.13045399053282386,-0.013016809299330467,False,False
T,AT&T Inc.,Individual equity,,1,easy_to_borrow,2679,2016-01-04,2026-08-28,0.23354549752714543,576184462.0500001,0.05964157700880013,-0.42999006951340635,0.15389391721550472,1.003824708572062,0.713767326136945,-0.215607960157563,0.5139977603583427,16.461366181410973,89,0.10801911984166312,1.101142709842687,0.9195657655187929,-0.1174675307542814,0.2803284807764091,9.500559910414333,50,0.05130328554634711,0.4661508201481877,0.23201779994220445,-0.22111788646873964,0.25681224337439346,7.525195968645017,42,0.04587479737384159,-0.09731800127062495,-0.20579843938184783,-0.0981404294032816,True,True
TAN,Invesco Solar ETF,Thematic/industry ETF,,0,hard_to_borrow,2679,2016-01-04,2026-08-28,0.37920677306178596,26460397.599999998,0.05221450529891736,-0.7852841705848385,0.3011197325590802,1.1027207859944885,0.6916142254129523,-0.4353868406614775,0.5416200074654722,16.555431131019038,88,0.2036320200427253,1.107238057093339,0.7467704354103171,-0.2726835589451778,0.2933930571108623,9.03023516237402,48,0.10006127371327223,0.5688785227156579,0.3975186862703951,-0.25171464177462544,0.25793206420306086,7.337066069428891,39,0.09748771251635491,-0.004517271098850362,-0.05515620999736481,-0.16270328171629966,True,True
TAP,Molson Coors Beverage Company Class B,Individual equity,,1,easy_to_borrow,2679,2016-01-04,2026-08-28,0.2825046993062589,94855078.00000001,-0.04772794372495537,-0.6773549447968039,0.06305711716096307,0.4257609464713604,0.18368395853622269,-0.343291366668408,0.5128779395296752,17.496080627099662,97,0.09197230538030143,0.7633459333592358,0.6067917768574733,-0.15157144326612126,0.2523329600597238,8.653975363941768,48,-0.024748137956389638,-0.1125925685884385,-0.05336664802624082,-0.46373791256705454,0.2848077640910788,9.782754759238522,54,-0.02891518821933836,-0.3375849868878754,-0.42310781832125066,-0.19171992340228672,True,True
TDG,TransDigm Group Incorporated,Individual equity,,1,easy_to_borrow,2679,2016-01-04,2026-08-28,0.33778199964066813,149075186.4,0.22730295132737566,-0.6264243134955536,0.1794096006873913,0.8923617581188141,0.5248027773889987,-0.3418609969634513,0.528555431131019,16.273236282194848,88,0.1849358821479905,1.2589283987491053,0.7216010618107845,-0.25628549060600425,0.40350877192982454,9.40649496080627,50,0.016780198275543556,0.1813424094982272,0.05962078788735849,-0.2814487843945701,0.14669652855543114,7.6192609182530795,42,-0.005526281460599192,-0.3665666406302912,-0.19679828442178582,-0.08557550635744704,False,False
TDY,Teledyne Technologies Incorporated,Individual equity,,1,easy_to_borrow,2679,2016-01-04,2026-08-28,0.2752306816867892,79656020.25,0.20244230606657454,-0.4894686088412932,0.11314581949143965,0.6542733079537555,0.30704240806678323,-0.3685022541473485,0.5390070921985816,17.02575587905935,92,0.13617847931443294,1.0947626878948848,0.8887437423976238,-0.15322580944092512,0.3792459873086973,9.40649496080627,52,-0.010985773651453368,-0.003074560762285342,-0.029341092045051365,-0.37441597724397635,0.16610675625233295,7.807390817469205,41,-0.023032659822993296,-0.44048937994112936,-0.5817013343308406,-0.21527644470642338,False,False
TEAM,Atlassian Corporation Class A Common Stock,Individual equity,,1,easy_to_borrow,2679,2016-01-04,2026-08-28,0.5353607510106878,263707259.28000003,0.20000521521532755,-0.8752537489358915,0.20829429790292497,0.69261945875909,0.47379368502182284,-0.43963080236776686,0.48898842851810376,18.530795072788354,102,0.22886493010333875,0.9373378328505374,0.5743640868678921,-0.3984666439564132,0.2937663307204181,10.817469204927212,59,-0.016968877877289512,0.07282034299276975,-0.031513860170985654,-0.5384576115150916,0.22172452407614782,8.089585666293393,45,-0.020570632200413774,-0.24471837409144737,-0.10057040184606925,-0.04116415841135368,True,True
TECH,Bio-Techne Corp Common Stock,Individual equity,,1,easy_to_borrow,2679,2016-01-04,2026-08-28,0.3401053004090388,18526005.619999997,0.1254830895620631,-0.6721597812879705,0.16633591744826015,0.7839115177018384,0.6944965573080782,-0.23950574800973945,0.5487122060470325,15.896976483762597,85,0.12076301154243652,0.7890902709855766,0.37824370004356894,-0.31927302828447934,0.3404255319148936,9.500559910414333,51,0.04695587963711212,0.3539308536115314,0.18553671046741968,-0.25308134179385267,0.22583053378126167,7.148936170212766,39,0.045572905905823635,-0.00517875328373818,0.3162528572645093,0.0797672802747399,True,False
TEL,TE Connectivity plc,Individual equity,,1,easy_to_borrow,2679,2016-01-04,2026-08-28,0.2825976987241739,173427758.0,0.13529663140334236,-0.4770871884184186,0.06671837190322782,0.45974838733683454,0.20805187099581698,-0.32068143191353105,0.5013064576334453,18.248600223964164,100,0.13331521049917217,1.138267243617997,1.0634973560770207,-0.12535546960919497,0.3273609555804405,9.40649496080627,53,-0.04125923696122158,-0.2532615830056619,-0.10774350714127351,-0.38293942768284295,0.18477043673012317,8.842105263157894,47,-0.06659683859594434,-0.6785188562811625,-0.8554454850812037,-0.19532596230433608,False,False
TER,"Teradyne, Inc. Common Stock",Individual equity,,1,easy_to_borrow,2679,2016-01-04,2026-08-28,0.46087528855652754,158853438.42,0.3163213553646653,-0.5911809121111435,0.35752928535892314,1.105164429226932,1.250987144948181,-0.2857977292594265,0.5793206420306084,16.555431131019038,88,0.30409684521220703,1.2722279663136367,1.1753227270667448,-0.2587347612779871,0.4008958566629339,9.782754759238522,52,0.04531921574692599,0.30475884382202445,0.12494677349890987,-0.3627081714704813,0.1866368047779022,7.148936170212766,38,0.05343244014671611,-0.16706353708670463,0.0756644178814363,-0.027062967981439368,True,False
TFC,Truist Financial Corporation,Individual equity,,1,easy_to_borrow,2679,2016-01-04,2026-08-28,0.3286927230985004,224340640.5,0.0731453518531,-0.5911219329462458,0.0614609466049707,0.372708905891415,0.1341978547275491,-0.4579875492775187,0.5408734602463606,19.377379619260918,104,0.05687089032024595,0.4436988376827172,0.19511670144895332,-0.29147115494428644,0.3590892123926838,10.72340425531915,57,0.013819165605897243,0.16544050791531012,0.03461554152605736,-0.3992185300783079,0.1963419186263531,9.218365061590145,49,0.004590056284724753,-0.0709899317913022,-0.06091884672140421,-0.1665163943332323,False,False
TGT,Target Corporation,Individual equity,,1,easy_to_borrow,2679,2016-01-04,2026-08-28,0.33094375618775895,467878053.46,0.11118561982845465,-0.6439625775990206,0.27535779184819464,1.2164955277324618,0.9675488211716886,-0.28459317589239586,0.5994774169466218,17.4020156774916,93,0.18719820663711384,1.2631756996288672,0.8628469303475329,-0.21695413178524625,0.36058230683090703,10.06494960806271,53,0.09004909824077623,0.5942110664250734,0.514511383942381,-0.1750186702396863,0.25867861142217247,7.713325867861142,42,0.0881595852110808,-0.04668017189640539,0.10470189082415571,-0.0676390441071496,True,True
TIP,iShares TIPS Bond ETF,Bond ETF,,1,easy_to_borrow,2679,2016-01-04,2026-08-28,0.05664601745607089,185407706.70000002,0.02719560973549351,-0.14507772020725285,0.012346402571460358,0.4999563495477343,0.4366599830754014,-0.028274637131858293,0.23777528928704741,7.713325867861142,44,0.00897130144700986,0.5852623358092418,0.38057319230411607,-0.023573130289852084,0.16424038820455394,5.832026875699888,33,0.0033450913020123263,0.17795832129528508,0.15279942197407334,-0.02189204159803637,0.07353490108249347,1.8812989921612542,11,0.003375101124450497,-0.08530598626150748,0.05608679077128531,-0.004701506842006209,False,False
TJX,"TJX Companies, Inc. (The)",Individual equity,,1,easy_to_borrow,2679,2016-01-04,2026-08-28,0.2577773469191497,364135513.59,0.15028497120844952,-0.42551384406319026,0.05045830221005687,0.3746752522247399,0.11515541482830782,-0.43817568010404206,0.5752146323254946,16.837625979843224,90,0.07516383092227308,0.6712044775377574,0.42980041489313814,-0.17488077795588253,0.41881298992161253,9.782754759238522,52,-0.026625298369532424,-0.15857010505840383,-0.05215878307236449,-0.5104662494251984,0.1769316909294513,8.183650615901456,44,-0.024705528712216207,-0.29652922531301745,-0.3146450000648303,-0.26329490214815954,False,False
TKO,"TKO Group Holdings, Inc.",Individual equity,,1,easy_to_borrow,2679,2016-01-04,2026-08-28,0.3595098316776604,51703772.4,0.265241243711134,-0.6907741721120828,0.1361943058098285,0.6634080127636366,0.4647578179109375,-0.2930436037031392,0.5434863755132512,18.81298992161254,101,0.1848359435637199,1.1126605619025238,0.9234036270088727,-0.20016809351556064,0.3617021276595745,11.287793952967524,60,-0.015530801363492386,-0.009535903602318749,-0.03567439953582247,-0.4353486411984908,0.20604703247480402,7.901455767077267,43,-0.04864163775389141,-0.44925254913888724,-0.4586458090979352,-0.09287551018757856,False,False
TLT,iShares 20 Year Treasury Bond ETF,Bond ETF,,1,easy_to_borrow,2679,2016-01-04,2026-08-28,0.14710080995111977,1661286418.0100002,-0.00818789463486913,-0.48350102019277974,0.032499774119541414,0.5375850867015608,0.2915926971766123,-0.11145606331785773,0.17207913400522584,7.901455767077267,43,0.006446558299544547,0.21549446098137767,0.11218814870895069,-0.057462025835445685,0.06308324001493094,4.1388577827547595,23,0.025886338032707457,0.4970613629426138,0.3197443709556549,-0.0809594800851009,0.10899589399029488,3.7625979843225084,20,0.026053215819996867,0.3220906257201831,0.1794045484676616,-0.05399403748241205,True,True
TMO,"Thermo Fisher Scientific, Inc.",Individual equity,,1,easy_to_borrow,2679,2016-01-04,2026-08-28,0.26376150337210436,623856786.9000001,0.15492344570147787,-0.4095423208916684,0.1355112273173631,0.7888214626754776,0.46478495232927136,-0.2915568299667365,0.5856662933930571,17.778275475923852,94,0.16424051292270536,1.233203137541903,1.107638288668226,-0.14827991647000638,0.40388204553938034,9.124300111982082,48,-0.010812788456136868,-0.01708181355431399,-0.02206760088539492,-0.48998477506873594,0.20791340052258306,8.842105263157894,47,-0.02872928560534227,-0.44438167486642544,-0.6428533363389546,-0.1432769134967301,False,True
TMUS,"T-Mobile US, Inc. Common Stock",Individual equity,,1,easy_to_borrow,2679,2016-01-04,2026-08-28,0.266340875826271,515514058.8,0.16280272213073976,-0.37131978738643623,0.030138566515802045,0.25795299135919925,0.08868991458728073,-0.339819546067353,0.5177304964539007,17.684210526315788,96,0.06504767417932777,0.5585928146217433,0.47176333915484886,-0.13788200307353027,0.3512504665920119,10.347144456886898,56,-0.030093682751602624,-0.1933722801139764,-0.08566250197636831,-0.3513052042293203,0.1866368047779022,8.089585666293393,44,-0.03490910766352573,-0.300639823262544,-0.3830734245675681,-0.20193754299382272,False,False
TPL,Texas Pacific Land Corporation,Individual equity,,1,easy_to_borrow,2679,2016-01-04,2026-08-28,0.4660800333663172,2970600.9000000004,0.3781719989803427,-0.6492747104464185,0.5040508563354194,1.4145753992381445,1.3237172037853124,-0.38078439631518834,0.5158641284061217,15.802911534154534,86,0.4322810580789622,1.7114610131565247,2.006526730039039,-0.21543747791017553,0.3120567375886525,9.218365061590145,50,0.047833315490626305,0.31539843739558293,0.08228152101066838,-0.5813372784446265,0.21351250466592012,7.148936170212766,39,0.07176979825645713,-0.2968856139183802,-0.6828095262537266,-0.1653469184050128,True,True
TPR,"Tapestry, Inc. Common Stock",Individual equity,,1,easy_to_borrow,2679,2016-01-04,2026-08-28,0.4390529292283381,122017707.48,0.1632257986990724,-0.7887247101614003,0.2439570312667958,0.8625183875161965,0.4423252284864664,-0.551533160569565,0.5770810003732736,16.6494960806271,89,0.21354651133635327,1.111307495272684,0.7252510706386477,-0.29444494462904647,0.3706606942889138,9.40649496080627,50,0.02212482140648464,0.21267239660553702,0.04325082264251586,-0.5115468343655454,0.23516237402015677,8.183650615901456,44,0.030410519930442526,-0.24878910775648755,-0.2829258421521813,-0.25708821594051856,True,True
TRGP,Targa Resources Corp.,Individual equity,,1,easy_to_borrow,2679,2016-01-04,2026-08-28,0.5236639022427557,89167720.32,0.3108232055883502,-0.9198662207357858,0.22275721862681896,0.7317753644798674,0.3261977288133294,-0.682890158178552,0.555431131019037,17.778275475923852,96,0.3349771534117445,1.3165978084363086,1.246155327477725,-0.26880850727473393,0.406494960806271,10.441209406494961,55,-0.08171225690701411,-0.10073248474537451,-0.11012029581425685,-0.7420272194404616,0.17245240761478164,7.713325867861142,43,-0.11221993478492553,-0.5848224439564412,-0.9199575986643956,-0.4140816509038181,False,True
TRI,Thomson Reuters Corporation Common Shares,Individual equity,,1,easy_to_borrow,2679,2016-01-04,2026-08-28,0.24732899577765988,41585218.949999996,0.11271137680487708,-0.6409990574929311,0.10272196126056676,0.6632450249183206,0.28099553482839235,-0.36556438992278084,0.5468458379992535,18.248600223964164,99,0.06106451512790767,0.5815413896409907,0.2956973786362249,-0.20651016728501648,0.3751399776035834,11.099664053751399,60,0.034001483344889616,0.3247565754090049,0.12958777958062223,-0.2623818654423028,0.19036954087346025,8.089585666293393,44,0.04165744613265909,0.08170363527732993,-0.01470184380783257,-0.15905422263776436,False,False
TRMB,Trimble Inc. Common Stock,Individual equity,,1,easy_to_borrow,2679,2016-01-04,2026-08-28,0.3365898983835994,61326767.2,0.10264890336707788,-0.5735478478896783,0.15613766525725348,0.7526364959489981,0.45429009804522075,-0.3436959465528815,0.5640164240388205,18.248600223964164,98,0.13139557744945374,0.8659996851236605,0.8480229511509875,-0.15494342136744743,0.3643150429264651,10.159014557670773,54,0.032586418752322155,0.2758124336256324,0.10654893153658207,-0.3058352466081189,0.2288167226577081,8.465845464725643,46,0.02474208780779974,-0.11336318917466248,-0.3937328531057667,-0.18875252518543406,True,True
TROW,"T. Rowe Price Group, Inc. Common Stock",Individual equity,,1,easy_to_borrow,2679,2016-01-04,2026-08-28,0.29719856803162886,126478961.89999999,0.08299377659483476,-0.5816099621970197,0.18558251575106532,0.9368756388752171,0.7404262399219403,-0.250642813213414,0.5964912280701754,16.367301231802912,88,0.13996776376775943,1.0760674502236245,0.7493201118882741,-0.1867930161583986,0.3650615901455767,9.40649496080627,51,0.04161937207098676,0.33612678014668385,0.12804859115380254,-0.3250279577148696,0.24300111982082867,7.054871220604703,38,0.04561475198330589,-0.1391918113484074,-0.008893871966333733,-0.06384979705501537,True,True
TRV,"The Travelers Companies, Inc.",Individual equity,,1,easy_to_borrow,2679,2016-01-04,2026-08-28,0.23144551140294695,207088051.36,0.14505546219262055,-0.4628272251308898,0.10310487480488573,0.7094998581316836,0.3417959205153164,-0.30165624753343256,0.53826054497947,16.837625979843224,89,0.11813021335244911,1.1100711128030478,0.9537481305477329,-0.12385891994840137,0.38521836506159013,9.782754759238522,52,-0.020077701851427987,-0.11387179329576276,-0.04339237366332205,-0.4627011651219928,0.19223590892123926,8.371780515117582,44,-0.015025338547563383,-0.40057125467136423,-0.6119522100324165,-0.1777973275850312,False,False
TSCO,Tractor Supply Company Common Stock,Individual equity,,1,easy_to_borrow,2679,2016-01-04,2026-08-28,0.2923472151121293,35554487.56,0.08838952358630214,-0.5269695979078125,0.21259737606689488,1.03941564715426,0.6161124010804852,-0.3450626471631797,0.574468085106383,15.144456886898096,81,0.153853258690259,1.1684325097894248,0.5472066621223263,-0.28116115782206175,0.3419186263531168,8.183650615901456,43,0.05370056474673768,0.4029840754318453,0.14466986992397848,-0.371193841364179,0.24300111982082867,7.337066069428891,40,0.058744117376635874,-0.12901686263516488,0.06890573895815888,-0.06390148934111795,True,True
TSLA,"Tesla, Inc. Common Stock",Individual equity,Mega-cap 7,1,easy_to_borrow,2679,2016-01-04,2026-08-28,0.5848507271162411,6148164129.01,0.3453435192126053,-0.7363221699148724,0.5103130928981174,1.2559490440923389,1.4080959195377964,-0.36241358689941117,0.5169839492347891,18.530795072788354,99,0.42688475134164605,1.4773857819425669,1.5922257006913747,-0.26810567820647824,0.286300858529302,10.441209406494961,56,0.06643676754567784,0.3672604731880487,0.12920214005607228,-0.5142079497819853,0.23852183650615902,8.465845464725643,45,0.08342834155647139,-0.221436737850228,-0.18412978115357825,-0.09430790869293293,True,True
TSM,Taiwan Semiconductor Manufacturing Company Ltd.,Individual equity,,1,easy_to_borrow,2679,2016-01-04,2026-08-28,0.34180089763447935,712826646.51,0.3447498468930055,-0.566202484004516,0.25070147191149417,1.0373895130914241,0.9497876946740718,-0.2639552747601396,0.5446061963419186,18.71892497200448,99,0.2625625429829561,1.3305073280875148,1.4663625039188,-0.17905704918208654,0.37812616648002983,12.13437849944009,64,-0.020804465761203983,-0.054154302607458786,-0.06105292177544229,-0.3407611815487641,0.1787980589772303,7.337066069428891,39,-0.011861071071461948,-0.2931178149960907,-0.5165748092447282,-0.08489822557805304,False,False
TSN,"Tyson Foods, Inc.",Individual equity,,1,easy_to_borrow,2679,2016-01-04,2026-08-28,0.27909618933298125,147264498.03,0.028978915532288596,-0.5244219277734479,0.1903788318765265,1.0830701530319555,0.7651995227870955,-0.24879632854854294,0.5263157894736842,15.61478163493841,83,0.1316856470030503,1.2112429281588586,1.3822830381919993,-0.09526677486782498,0.2974990668159761,8.465845464725643,45,0.05197424545018614,0.427842638421761,0.1737909625763022,-0.29906184234043276,0.25009331840238896,8.089585666293393,43,0.05869318487347619,-0.12817277512690306,-0.6170835154049038,-0.15352955368071797,True,True
TT,Trane Technologies plc,Individual equity,,1,easy_to_borrow,2679,2016-01-04,2026-08-28,0.2762731485567258,185870871.9,0.2514862751422051,-0.4442108803497852,0.20266980088779674,1.0899944620370297,1.1474831746145258,-0.1766211525984942,0.6114221724524076,16.555431131019038,90,0.23005116953457883,1.6028907681029894,2.245269348483597,-0.10246038841172889,0.42851810377006344,9.03023516237402,49,-0.020164365310851307,-0.09466539827123725,-0.07338090171236777,-0.27479037243082505,0.18962299365434865,7.901455767077267,43,-0.02738136864678209,-0.5128963060659597,-1.0977861738690713,-0.07416076418676532,False,False
TTD,"The Trade Desk, Inc. Class A Common Stock",Individual equity,,1,easy_to_borrow,2498,2016-09-21,2026-08-28,0.6843593930930983,172586454.97,0.16406525804903693,-0.9066016772991186,0.211971903105866,0.6467128214713762,0.32806978343353194,-0.6461183376518193,0.522417934347478,19.066453162530024,94,0.2922734783442362,0.9834690096895793,0.933766261595322,-0.313004967479648,0.2898318654923939,10.088070456365092,50,-0.043028084676072664,0.04480166038994705,-0.06057079836656041,-0.7103767134729955,0.24419535628502803,9.180144115292233,45,-0.08030157523837023,-0.3367561882182031,-0.60569647816179,-0.33311337017217124,True,True
TTWO,"Take-Two Interactive Software, Inc. Common Stock",Individual equity,,1,easy_to_borrow,2679,2016-01-04,2026-08-28,0.3392026678333893,215471383.53,0.1990571465774631,-0.561404331114653,0.0526000403615261,0.34623821028035484,0.17647438085764763,-0.2980604896070196,0.5535647629712579,18.81298992161254,102,0.1057843371456837,0.7213562126286348,0.2901439432896305,-0.3645926085732093,0.3717805151175812,10.535274356103024,57,-0.053683939837604555,-0.2908884337301269,-0.11692238022409247,-0.45914169498358104,0.19820828667413215,8.842105263157894,48,-0.05318429678415759,-0.37511800234827997,-0.11366956243198287,0.06653211896618971,False,False
TXN,Texas Instruments Incorporated Common Stock,Individual equity,,1,easy_to_borrow,2679,2016-01-04,2026-08-28,0.31227638511524436,687606425.76,0.19037677894296556,-0.3341276271267206,0.0916783881718819,0.5070782939527747,0.2348887733241396,-0.39030553429375026,0.555431131019037,18.34266517357223,98,0.1556172945984693,1.0048827520757155,0.9921124957527947,-0.15685448501522004,0.3538633818589026,10.72340425531915,57,-0.03404595743257055,-0.13863995318617076,-0.07549778703757122,-0.45095305132093066,0.21500559910414332,7.6192609182530795,41,-0.0639389064265874,-0.49780445812294083,-0.7572237224286551,-0.23345104927853022,False,False
TXT,"Textron, Inc.",Individual equity,,1,easy_to_borrow,2679,2016-01-04,2026-08-28,0.3284625301445297,85191765.75,0.06888503124726064,-0.6996367700475001,0.05642385413082396,0.3588362168756505,0.11442014874033614,-0.4931286556782202,0.5222097797685704,19.47144456886898,105,0.10323977903872739,0.7736505812693203,0.5936051203615725,-0.17391996042056157,0.3422918999626726,9.970884658454647,54,-0.027725730435798512,-0.07935163623533388,-0.04344450588593935,-0.6381872660398202,0.185143710339679,9.312430011198208,50,-0.04681592490790343,-0.4148143643936698,-0.4791849716212364,-0.3192086952576586,False,True
TYL,"Tyler Technologies, Inc.",Individual equity,,1,easy_to_borrow,2679,2016-01-04,2026-08-28,0.29961290281420994,81464482.08,0.07983674197729251,-0.5743730092463745,0.10166557893009998,0.570150954475086,0.31962434345336166,-0.31807833480910885,0.595371407241508,16.837625979843224,91,0.11328699949010312,0.8699844167156929,0.5800617514795089,-0.1953016195278393,0.3680477790220231,10.06494960806271,54,0.00035642202136854095,0.08398829571464783,0.0009018137398778291,-0.3952279784701731,0.24785367674505412,7.148936170212766,40,-0.011621420560003148,-0.2998334622406069,-0.26043740802614723,-0.12277671528126954,True,True
UAL,"United Airlines Holdings, Inc. Common Stock",Individual equity,,1,easy_to_borrow,2679,2016-01-04,2026-08-28,0.5113158076903357,385668807.00000006,0.06681227439042003,-0.7940020682523269,0.32401184920225834,0.9812647853338722,0.4915850286112593,-0.6591165929475118,0.5539380365808138,17.684210526315788,94,0.2414154829427162,1.153396317491068,0.7878286153849335,-0.30643147282072314,0.3292273236282195,9.594624860022396,51,0.06485167036893458,0.36319358643900895,0.08697751128463209,-0.7456142330482283,0.23366927958193356,8.653975363941768,46,0.08259636625954214,-0.1721315321571958,-0.29624358677367424,-0.35268512012678865,True,True
UBER,"Uber Technologies, Inc.",Individual equity,,1,easy_to_borrow,1836,2019-05-10,2026-08-28,0.5017204238997974,1028430845.3249999,0.09178507671326508,-0.6764769297110818,0.09745840445322451,0.444385317111513,0.1889257340775062,-0.5158556346444709,0.5130718954248366,19.627450980392158,73,0.0843448100427977,0.4888049421072148,0.24002338771695808,-0.3514024647558901,0.2690631808278867,9.745098039215687,35,0.01622872503797379,0.18941762502303267,0.03225647217565938,-0.503115311234188,0.25326797385620914,10.431372549019608,39,0.01311359441042681,-0.04441962499570179,-0.05109765363945187,-0.16445316988858083,True,False
UDR,"UDR, Inc.",Individual equity,,1,easy_to_borrow,2679,2016-01-04,2026-08-28,0.2527562157068078,66959586.54,0.03760895791120533,-0.44428969359331516,0.03220343186251151,0.2668525121357827,0.0857141268061094,-0.3757074015973778,0.5614035087719298,17.590145576707727,93,0.04431047549971123,0.4501937042395807,0.24662759111119129,-0.17966552444545425,0.3512504665920119,9.40649496080627,50,-0.0029741268926607445,0.04986053181509994,-0.00927449117524223,-0.3206781737633242,0.23068309070548712,8.371780515117582,44,-0.012107043637199721,-0.183341192103798,-0.16091346430508188,-0.19604187715192356,False,True
UHS,"Universal Health Services, Inc. Class B",Individual equity,,1,easy_to_borrow,2679,2016-01-04,2026-08-28,0.34079923698008574,94189179.84,0.04031425939578592,-0.563010695542417,0.1601190509239574,0.7762454748926291,0.4125236463108889,-0.38814514599555194,0.555431131019037,16.085106382978722,87,0.16051801026470325,1.2085620054556074,1.664533136958856,-0.0964342533654654,0.3221351250466592,7.807390817469205,43,0.01538376215588988,0.17606409397829106,0.03723382588286813,-0.4131663021760058,0.24337439343038447,8.653975363941768,47,-0.0003989593407458525,-0.43231653056297836,-1.2520094906479673,-0.29171089263008654,True,True
ULTA,"Ulta Beauty, Inc. Common Stock",Individual equity,,1,easy_to_borrow,2679,2016-01-04,2026-08-28,0.38312831594556784,273301301.28000003,0.10340007548679697,-0.6492262343404569,0.18863277690527536,0.843634911879302,0.3832900654473856,-0.49214105428247545,0.5625233296005973,17.872340425531913,95,0.10326786202504334,0.6789668590150163,0.4608763404921676,-0.22406848204610397,0.3594624860022396,10.911534154535273,58,0.07302933687509339,0.4794974497058964,0.1793566128622705,-0.40717392969041655,0.22471071295259426,8.277715565509519,45,0.08536491488023201,0.16466805286428565,-0.077586275044782,-0.2680725722363715,True,False
UMC,United Microelectronic Corp.,Individual equity,,1,easy_to_borrow,2679,2016-01-04,2026-08-28,0.40633640071977256,31031995.575999998,0.30208198067365877,-0.5444444444444443,0.3034785927913415,1.074318564823914,1.4441072890019215,-0.21014961637724805,0.49944008958566627,18.81298992161254,102,0.30570852010171556,1.2780717315088646,1.6491122005849832,-0.1853776353078176,0.3023516237402016,10.347144456886898,56,0.015061442601288055,0.173148080168342,0.03732910898492965,-0.40347715257196726,0.2120194102276969,8.465845464725643,46,-0.00222992731037408,-0.20375316668495058,-0.20500491158306167,-0.02477198106943046,True,True
UNG,"United States Natural Gas Fund, LP Unit",Commodity ETF,,1,easy_to_borrow,2679,2016-01-04,2026-08-28,0.5404134927933187,302892687.68,-0.21556649262386574,-0.9387716174974566,0.241923068216076,0.7797328540507164,0.47901099973818556,-0.5050469996478256,0.5535647629712579,20.50615901455767,109,0.09875351778991126,0.5447645962993837,0.2091021747439383,-0.4722739871588736,0.2112728630085853,10.629339305711087,56,0.1259417016819293,0.551638762137386,0.3697632778513977,-0.34060089042304353,0.3527435610302352,10.347144456886898,55,0.14316955042616475,0.23496825775133268,0.2699088249942473,-0.032773012488952036,True,True
UNH,UNITEDHEALTH GROUP INCORPORATED (Delaware),Individual equity,,1,easy_to_borrow,2679,2016-01-04,2026-08-28,0.29709380287220233,1179605498.0400002,0.13966577473942654,-0.6139084330921337,0.15732286495424352,0.8566286756478977,0.7596089758157377,-0.20711032908121685,0.5658827920865995,17.4020156774916,93,0.13069878200612361,1.0067956145942951,0.9523421005648101,-0.13723931970308723,0.41172079134005224,10.535274356103024,56,0.03723790549548789,0.32279134947836885,0.11220280123428412,-0.3318803549096211,0.17431877566256065,7.431131019036954,40,0.02662408294811991,-0.15016693894639743,-0.19273312474907234,-0.06987100937812962,True,False
UNP,Union Pacific Corp.,Individual equity,,1,easy_to_borrow,2679,2016-01-04,2026-08-28,0.2498644110809074,520848070.6,0.16170890315856346,-0.387186285996177,0.07846544386363363,0.5258031929727957,0.37963595155578284,-0.2066860199674848,0.5255692422545726,18.34266517357223,97,0.09796708301899226,0.8343851277307753,0.7635643247608387,-0.12830233137159364,0.3557297499066816,10.06494960806271,53,-0.018870026927982675,-0.09090440705156043,-0.05773764313013718,-0.3268236440730836,0.1862635311683464,9.03023516237402,48,-0.01950163915535863,-0.3085819347579797,-0.38392837320505585,-0.07838368859589118,False,False
UPS,"United Parcel Service, Inc. Class B",Individual equity,,1,easy_to_borrow,2679,2016-01-04,2026-08-28,0.2722752910094585,384556402.08,0.04983191694032563,-0.5791788856304995,0.13215707456092907,0.7865329799915581,0.5270359193101661,-0.25075534649309783,0.5636431504292646,18.43673012318029,98,0.10272177795256354,0.8284378587950326,0.49551687667089306,-0.20730227927390688,0.3366927958193356,11.099664053751399,59,0.031137315889088857,0.3003398392691238,0.1637697130380221,-0.1901286587823462,0.2687569988801792,8.371780515117582,44,0.029435296608365524,-0.04190487880347449,0.031519042639273076,-0.043453067219190955,True,True
URA,Global X Uranium ETF,Thematic/industry ETF,,1,easy_to_borrow,2679,2016-01-04,2026-08-28,0.37732948735468186,12497251.74,0.15348446969980833,-0.6146143437077127,0.2167699331673527,0.8926558839168428,0.6350365990622733,-0.34135029931730865,0.5244494214259052,20.600223964165732,109,0.17812067567121814,0.9984720032772634,0.7005793594468672,-0.25424767839556517,0.2777155655095185,11.381858902575587,60,0.0366180968173051,0.28676255017980556,0.12412878808404969,-0.2950008405182396,0.2534527808883912,9.40649496080627,50,0.03864925749613457,-0.10581611936042057,-0.06554276038459395,-0.08710262092174348,True,True
URI,"United Rentals, Inc.",Individual equity,,1,easy_to_borrow,2679,2016-01-04,2026-08-28,0.4273712429348483,228880792.44,0.2911164351141413,-0.6325892612296391,0.3480070325609643,1.1538328089480243,1.2339357526426402,-0.2820301071718363,0.5819335572974991,17.213885778275476,92,0.33277205928693987,1.4306342996515098,2.268612631777056,-0.14668527126478703,0.3994027622247107,9.03023516237402,48,0.02931279268098863,0.24192222155239654,0.09066395901602307,-0.32331251579040543,0.1881298992161254,8.371780515117582,45,0.015234973274024455,-0.2768014907034855,-1.0346768791344159,-0.13534483590704927,True,True
USB,U.S. Bancorp,Individual equity,,1,easy_to_borrow,2679,2016-01-04,2026-08-28,0.2988095522320887,291390356.13,0.07718384480186269,-0.5212930700735579,0.16121718892402837,0.8496976277366716,0.3920772538201081,-0.41118730391331915,0.5651362448674878,17.213885778275476,92,0.11910236574588651,0.9243400997849324,0.6563369726296723,-0.18146526969019028,0.3676745054124673,9.218365061590145,50,0.027914977416455544,0.25542227527461564,0.0730173306142527,-0.3823061892515508,0.20679357969391565,8.559910414333705,46,0.04211482317814186,-0.0746424720482608,-0.26425971880956417,-0.22972203422312887,True,True
USMV,iShares MSCI USA Min Vol Factor ETF,Factor/style ETF,,1,easy_to_borrow,2679,2016-01-04,2026-08-28,0.1411241372008041,172960988.45000002,0.10817475726180525,-0.3307174887892377,0.07643892648842732,0.7999887023657732,0.6583999694494739,-0.11609801038165646,0.6200074654721911,17.213885778275476,96,0.09034578518882563,1.3749531542669842,1.6204342766760371,-0.055754057100143584,0.5065322881672266,10.629339305711087,57,-0.014164209234743153,-0.15509305669033363,-0.06007602572592487,-0.2357714090369798,0.12056737588652482,6.96080627099664,41,-0.013906858700398317,-0.5749644519012109,-0.9620343072265632,-0.060343953281512874,False,False
USO,"United States Oil Fund, LP",Commodity ETF,Cross-asset,1,easy_to_borrow,2679,2016-01-04,2026-08-28,0.39761902425625606,510468670.62,0.03733796228909969,-0.8675373134328356,0.3147761896068,1.1136355211778397,0.7119662664901637,-0.44212233700141024,0.5307950727883539,18.624860022396415,99,0.20895783797459666,1.2853883071783943,0.7732808040687638,-0.2702224558984593,0.3184023889511012,10.347144456886898,55,0.0968847362732177,0.5082079968144951,0.1880908150427598,-0.5150955204866985,0.22695035460992907,8.277715565509519,44,0.10581835163220332,-0.17175278600055455,-0.06131453757860006,-0.17189988110295096,True,True
V,VISA Inc.,Individual equity,,1,easy_to_borrow,2679,2016-01-04,2026-08-28,0.24393167295255788,1454439730.9,0.17269895327426132,-0.36363189701763876,0.10038291807679789,0.6564802752932626,0.3823338845829113,-0.2625530253126944,0.5524449421425905,15.896976483762597,86,0.15120320427171197,1.4197928133513338,1.1511980798756754,-0.13134421166515609,0.40388204553938034,8.748040313549831,46,-0.033846062412596134,-0.19064604866170054,-0.10093396037892623,-0.33532878612442496,0.1530421799178798,6.96080627099664,39,-0.05082028619491408,-0.7633125380580712,-0.7688641952927641,-0.13120881364753834,False,False
VEA,Vanguard FTSE Developed Markets ETF,Broad index ETF,,1,easy_to_borrow,2679,2016-01-04,2026-08-28,0.17516318369625705,385028632.48,0.10040586289254039,-0.35729671513193484,0.08624808237160586,0.7082148270093185,0.6594720792537256,-0.13078352379862124,0.6035834266517357,20.600223964165732,110,0.0830303936641339,1.0211681596228168,0.672367962295935,-0.12348951514675088,0.45315416200074654,11.758118701007838,62,0.0069284454360463155,0.11831617474355773,0.040781206766652374,-0.1698930950153208,0.15677491601343785,8.653975363941768,47,0.0032176887074719662,-0.31295333261349834,-0.012895883042209344,-0.007294008651870354,False,False
VEEV,Veeva Systems Inc.,Individual equity,,1,easy_to_borrow,2679,2016-01-04,2026-08-28,0.386260002924783,178254584.76,0.23761237000600088,-0.5568914956011728,0.2542875076720037,0.994136257081201,1.0017243735575678,-0.25384977583096624,0.5696155281821575,17.590145576707727,95,0.21964104425771191,1.080707468332518,0.7472788828367095,-0.29392111740658733,0.40313549832026874,11.381858902575587,60,0.034648046478302996,0.2814610260628313,0.0924976474013646,-0.3745830023974409,0.19671519223590891,6.7726763717805145,39,0.034646463414291784,-0.08657121125131695,0.2544454907208583,0.04007134157562109,True,False
VICI,VICI Properties Inc. Common Stock,Individual equity,,1,easy_to_borrow,2155,2018-02-01,2026-08-28,0.28793596980353137,128120622.99399999,0.08147893313622068,-0.6022255943348507,0.07766229524952717,0.5139323757267243,0.306000453909726,-0.2537979740135893,0.5624129930394431,16.955916473317863,72,0.1263026653986814,1.0703966815385513,0.8719092748041033,-0.1448575775582368,0.35359628770301627,7.7178654292343385,33,-0.04833338884779981,-0.31463418532616244,-0.10252585896680079,-0.4714263243914961,0.2162412993039443,9.93967517401392,42,-0.04864037014915423,-0.5564643058118269,-0.5659088208943772,-0.10894039645535247,False,True
VLO,Valero Energy Corporation,Individual equity,,1,easy_to_borrow,2679,2016-01-04,2026-08-28,0.4029513039152535,302051825.46,0.2106163810207884,-0.7187983211840071,0.4204650563222725,1.3426564173210833,2.130092743687636,-0.19739284008561975,0.6192609182530795,15.708846584546471,83,0.3656337087468202,1.597734459473079,2.1928195824296908,-0.16674135513770372,0.38521836506159013,7.99552071668533,42,0.06332272534222727,0.39275027365593407,0.28457467593896774,-0.22251707792793196,0.2515864128406122,8.089585666293393,43,0.05483134757545227,-0.2550780421519956,-0.06272683874205498,-0.03065148494791603,True,True
VLTO,Veralto Corporation,Individual equity,,1,easy_to_borrow,730,2023-10-02,2026-08-28,0.23651708142582004,135536563.735,0.056427672307427734,-0.27097576134244905,0.018855059096315463,0.20586586616575864,0.10202426654457497,-0.18480955301038682,0.541095890410959,16.56986301369863,24,0.04205181443453854,0.4409609442105376,0.2875728508992655,-0.1462301267419328,0.363013698630137,9.665753424657535,14,-0.01988200783979155,-0.19141264493315555,-0.20962048952936374,-0.09484763576514055,0.19315068493150686,7.594520547945206,11,-0.023196755338223074,-0.23509507804477897,-0.18554858435469052,-0.03857942626845401,False,False
VLUE,iShares MSCI USA Value Factor ETF,Factor/style ETF,,1,easy_to_borrow,2679,2016-01-04,2026-08-28,0.19878846071881093,34487370.4,0.14727417868745474,-0.3946753246753244,0.09750790780313334,0.725013822884639,0.4218520939318067,-0.2311424056102841,0.5804404628592759,20.600223964165732,110,0.11811600828794577,1.2156400335384911,1.2824457432785767,-0.09210214849790199,0.45091452034341173,12.322508398656215,65,-0.01394127406144463,-0.07943440073592332,-0.04864225816536405,-0.28660828233035407,0.13699141470698023,8.277715565509519,46,-0.02060810048481243,-0.49062621065385215,-0.8605936493467701,-0.1390402571123821,False,False
VMC,Vulcan Materials Company(Holding Company),Individual equity,,1,easy_to_borrow,2679,2016-01-04,2026-08-28,0.3016924595911769,151438821.17000002,0.11741743190096376,-0.492302309307208,0.1610801015471821,0.8860936571975663,0.629474497288881,-0.2558961518551538,0.5345278088839119,16.179171332586787,87,0.11208128688650598,0.8304602899085521,0.5853158061871012,-0.19148857027564747,0.3430384471817842,9.03023516237402,48,0.031908696391841795,0.3073964581059174,0.14832715483191464,-0.21512376764727237,0.19932810750279956,8.089585666293393,44,0.04899881466067613,0.055633367289014135,0.044158691101779834,-0.06440758157950632,True,False
VMRK,Vivmark Residential,Individual equity,,1,easy_to_borrow,2679,2016-01-04,2026-08-28,0.24789986557952182,108317083.2,0.03251863437251701,-0.45900920648838295,0.005573707543772732,0.11841205321430233,0.016927537114299587,-0.3292686647878814,0.5755879059350504,18.43673012318029,98,0.03353290508679718,0.35868243730120214,0.21677889631476593,-0.15468712894500092,0.3628219484882419,9.782754759238522,52,-0.001968354734239619,0.054368886286188245,-0.006254025087177991,-0.31473406435083573,0.22396416573348266,8.465845464725643,45,-0.02795919754302445,-0.24027038408689982,-0.19985135920046634,-0.1745815358428805,False,True
VNQ,Vanguard Real Estate ETF,Thematic/industry ETF,,1,easy_to_borrow,2679,2016-01-04,2026-08-28,0.1975693081808091,318805279.32,0.06074273647125139,-0.4243319630010277,0.08103213258965813,0.6229780525746881,0.47867270541157453,-0.16928504941593592,0.5655095184770437,17.4020156774916,95,0.05905981421939854,0.6948567928222484,0.5100284526644077,-0.11579709702638719,0.391190742814483,9.03023516237402,50,0.02155709206815848,0.2457821020250242,0.09229102949318849,-0.23357732800834663,0.18999626726390445,8.748040313549831,47,0.02197231837025959,-0.07187874024756036,-0.03135574725283313,-0.05348795238954873,True,False
VRSK,"Verisk Analytics, Inc. Common Stock",Individual equity,,1,easy_to_borrow,2679,2016-01-04,2026-08-28,0.24196051024356388,148260057.66,0.09711727776368573,-0.5081137178438897,0.22045189868242288,1.2452602223117437,1.3410880851628135,-0.16438286278239445,0.5905188503172826,15.426651735722285,84,0.1508888654799534,1.4046718350503804,1.2954250809244738,-0.11647826470387024,0.406494960806271,9.03023516237402,50,0.05815891539746554,0.47287509478198736,0.32997761123595587,-0.17625109527772798,0.20007465472191116,7.337066069428891,39,0.06956303320246948,-0.1594116127386367,0.04566300423833969,-0.04790459807852421,True,True
VRSN,"VeriSign, Inc. Common Stock",Individual equity,,1,easy_to_borrow,2679,2016-01-04,2026-08-28,0.2630437749756686,120094310.7,0.12628925628164156,-0.38847117794486163,0.11484973266881515,0.7301476098913813,0.5951038465228281,-0.19299107767472568,0.5632698768197089,15.802911534154534,86,0.1390770754563504,1.1795318546427958,1.3162632553101226,-0.1056605317327518,0.3710339678984696,8.842105263157894,48,-0.00914867953270393,-0.011182155169007757,-0.0377933230861848,-0.24207131804316495,0.2108995893990295,7.525195968645017,41,-0.024227342787535244,-0.4493842447514145,-0.7211594087872945,-0.08733054594197387,False,True
VRT,Vertiv Holdings Co Class A Common Stock,Individual equity,,1,easy_to_borrow,2032,2018-07-30,2026-08-28,0.5528009754020311,75023190.84,0.4995804556227521,-0.7123374340949032,0.45101486769199184,1.144336966022411,1.3188491679873735,-0.34197607932699536,0.546751968503937,14.633858267716535,60,0.42292836685812163,1.4623971650746939,2.576764081405954,-0.16413158267378525,0.37450787401574803,9.673228346456693,40,-0.010398473275620712,0.11038362441815293,-0.02101093973565663,-0.494907577026361,0.18011811023622049,5.704724409448819,23,0.02808650083387021,-0.3180601990522829,-1.2579149134185803,-0.17784449665321012,False,False
VRTX,Vertex Pharmaceuticals Incorporated Common Stock,Individual equity,,1,easy_to_borrow,2679,2016-01-04,2026-08-28,0.33537675092438524,375652829.71999997,0.14974059192225653,-0.4166059133252332,-0.023343490605323813,-0.020009756414088913,-0.04585223250164487,-0.5091025961382885,0.561030235162374,17.02575587905935,91,0.09216675271471786,0.6623811459245164,0.5102068446133469,-0.18064585704365677,0.3643150429264651,9.876819708846584,53,-0.10584457623243049,-0.7455028242063786,-0.1496965652419503,-0.7070608204093187,0.21836506159014557,7.525195968645017,41,-0.11551024332004167,-0.6823909023386052,-0.5560590771149917,-0.3284567390946317,False,False
VST,Vistra Corp.,Individual equity,,1,easy_to_borrow,2339,2017-05-10,2026-08-28,0.4295065251298101,103528588.8,0.28976885758580395,-0.5333333333333332,0.2456434461226391,0.9155371952147968,0.6641374068877359,-0.3698684091199851,0.55622060709705,15.622060709705002,73,0.2997117294956757,1.3388818235351108,1.0658734064393036,-0.28118886134602405,0.3539974348011971,7.757161179991449,37,-0.0424078833616226,-0.13367113376298742,-0.08429115106351047,-0.5031119260629117,0.2099187687045746,8.295852928601967,39,-0.054068283373036596,-0.42334462832031394,-0.4017359995515677,-0.08867954777396103,False,True
VTI,Vanguard Morningstar Total Stock Market ETF,Broad index ETF,,1,easy_to_borrow,2679,2016-01-04,2026-08-28,0.18161806853007417,598637351.04,0.14903082720984728,-0.3499680918953413,0.1547849581875227,1.1733570073904573,1.3504643886705336,-0.11461609760765401,0.6263531168346398,17.590145576707727,96,0.15230688174056795,1.7875750719242212,2.5424259537203713,-0.059906122936518535,0.5337812616648003,10.629339305711087,56,-0.004306250099937459,0.008414335926645743,-0.024820375351629342,-0.17349657444462352,0.09779768570362075,7.713325867861142,45,0.0024780764469547467,-0.6142180645337638,-1.1919615650498376,-0.054709974671135475,True,True
VTR,"Ventas, Inc.",Individual equity,,1,easy_to_borrow,2679,2016-01-04,2026-08-28,0.343176152084433,106258836.5,0.0910079312876313,-0.769297484822203,0.25563312695182594,1.024747170726468,0.8406945280898113,-0.3040737371428647,0.5890257558790594,16.743561030235163,89,0.1594576440148019,1.0958222797938162,0.8801971940917727,-0.18116127282061778,0.3870847331093692,9.03023516237402,48,0.08556246367391118,0.494242195334094,0.230502863554384,-0.3711991354663752,0.20977976857036207,7.901455767077267,42,0.09617548293702405,-0.07107510906734826,-0.039502666001961395,-0.1229124643222469,True,True
VTRS,Viatris Inc. Common Stock,Individual equity,,1,easy_to_borrow,1454,2020-11-12,2026-08-28,0.337726576347439,94235481.293,0.04883633021924849,-0.5434201736806957,0.15844153654824233,0.8210516567281295,0.5811133808000647,-0.27265167484201336,0.5639614855570839,16.464924346629985,47,0.10777066822948411,0.7905833896778512,0.5096952532021084,-0.21144138100644627,0.2640990371389271,9.012379642365888,26,0.056494123446153566,0.43957867556282715,0.2515028278135407,-0.22462619580578713,0.3074277854195323,8.145804676753782,23,0.05067086831875822,0.030468267050278275,0.0714181275979563,-0.06121029383556709,True,True
VTV,Vanguard Morningstar Value ETF,Factor/style ETF,,1,easy_to_borrow,2679,2016-01-04,2026-08-28,0.16404028687329808,243874464.96,0.129280076844839,-0.36877237109412797,0.11140157902189052,0.9538572443449531,0.7336005555971257,-0.15185590873934585,0.6207540126913027,17.02575587905935,93,0.12297451396771408,1.5970145327590017,1.9551162265275932,-0.06289882529701285,0.5098917506532288,9.312430011198208,49,-0.005276119949223612,-0.00962500197235458,-0.021791703761198974,-0.24211599088539193,0.12392683837252706,8.277715565509519,48,-0.011572934945823565,-0.6431572884140486,-1.2215156709304675,-0.088957083442333,False,False
VUG,Vanguard Morningstar Growth ETF,Factor/style ETF,,1,easy_to_borrow,2679,2016-01-04,2026-08-28,0.21117844985494727,33683399.059999995,0.17481305600879748,-0.35615661055419034,0.21624721001303882,1.3876697546702275,1.660373677834555,-0.13024008565051848,0.5983575961179545,16.085106382978722,87,0.20139787549283295,2.024992248687226,2.368611850882046,-0.08502780876395366,0.48413587159387833,9.124300111982082,48,0.013977822234950699,0.1768704811967333,0.10126883054704224,-0.1380268949433321,0.11571481896229936,7.148936170212766,41,0.01484933452020587,-0.6373224940169986,-0.7082381730474911,-0.04521227688656482,True,True
VWO,Vanguard FTSE Emerging Markets ETF,Broad index ETF,,1,easy_to_borrow,2679,2016-01-04,2026-08-28,0.19243888827754044,411987607.8,0.09277862316828323,-0.3650714106740164,0.10235453842283193,0.8044146806058685,0.5869936186248873,-0.17437078560174368,0.5531914893617021,20.600223964165732,113,0.11808805234227493,1.2284195012761183,1.3790698395907426,-0.08562876871944292,0.3885778275475924,11.005599104143336,58,-0.010010930307149835,-0.061595066888956294,-0.04649761985246861,-0.21529984414069625,0.17469204927211646,9.782754759238522,56,-0.015733513919443,-0.4240048206702498,-0.7920762209658553,-0.08874201688230077,True,True
VXX,iPath Series B S&P 500 VIX Short-Term Futures ETN,Thematic/industry ETF,,0,hard_to_borrow,2165,2018-01-18,2026-08-28,0.7330633199990061,1065330921.5999999,-0.4114468305423642,-0.9961427645935624,0.3054920572979216,0.8666403136014349,0.9969745785330812,-0.3064191042337444,0.5842956120092379,17.57598152424942,83,-0.1031704543888452,-0.2881010998866066,-0.14887329802741284,-0.6930084558874209,0.08545034642032333,7.91501154734411,42,0.4587917612411896,1.3484502590400866,1.706270877031035,-0.26888565433379585,0.5103926096997691,10.592147806004618,46,0.4086625116867668,1.1547414134880416,1.145847876560494,0.38658935165367647,True,True
VZ,Verizon Communications,Individual equity,,1,easy_to_borrow,2679,2016-01-04,2026-08-28,0.2040854115290341,624460065.39,0.06398966393282235,-0.4121699196326062,0.09566867692608594,0.8062805201533386,0.70354659805106,-0.13598058350520625,0.5046659201194476,16.837625979843224,90,0.06706983264624888,0.8236505134552154,0.5735212820911053,-0.11694392996491221,0.2698768197088466,8.371780515117582,45,0.026766517496961573,0.33048542824153,0.1551043524626669,-0.1725710276467205,0.24412094064949608,9.03023516237402,48,0.028598844279837055,-0.01736999330187683,0.1300253159599547,-0.019036653540294046,True,True
WAB,Wabtec Inc.,Individual equity,,1,easy_to_borrow,2679,2016-01-04,2026-08-28,0.3134841920048785,95488825.5,0.1502746359917153,-0.6408237986270024,0.10234375901272363,0.604765980577843,0.23735785098777745,-0.43117916086118313,0.5699888017917133,17.966405375139978,97,0.10745093614233547,0.8286072205823867,0.4944555159959882,-0.21731163404233778,0.3986562150055991,10.817469204927212,58,0.002973719530061647,0.09156531568537725,0.007580828249912954,-0.3922684213424559,0.19186263531168346,7.525195968645017,41,-0.0051071771296118396,-0.22384124000454364,-0.25709766500821074,-0.21386752681884535,False,False
WAT,Waters Corp,Individual equity,,1,easy_to_borrow,2679,2016-01-04,2026-08-28,0.3037593389251728,120756204.8,0.11500861273496787,-0.4426654108782666,0.1407893581545061,0.7732214213105431,0.6013433159793625,-0.23412475771051533,0.5416200074654722,16.461366181410973,87,0.13327472509618565,0.9458953205322602,0.6366104101096168,-0.20935052738650206,0.3676745054124673,9.500559910414333,50,0.0014914503475611518,0.07819722796836583,0.0065406050730008386,-0.22802941484997385,0.1862635311683464,7.525195968645017,40,0.007514633058320452,-0.17267389922171716,-0.035267094130254306,-0.02477423032401327,True,True
WBD,"Warner Bros. Discovery, Inc. Series A Common Stock",Individual equity,,1,easy_to_borrow,1105,2022-04-04,2026-08-28,0.5279982598871181,326627408.25,0.02789788534673332,-0.7419230769230769,0.15336119888960553,0.6192424760065774,0.5083185338574852,-0.3017029454460196,0.5230769230769231,17.104072398190045,37,0.2551356581831359,1.1967337493846713,1.2936913186324335,-0.1972152510483265,0.22171945701357465,7.981900452488687,17,-0.024628285579478826,0.011309385951356575,-0.09022160268956161,-0.2729754830915706,0.31312217194570136,9.578280542986425,21,-0.10177445929353035,-0.5774912733780938,-0.7853727847749483,-0.10448769439769312,True,True
WDAY,"Workday, Inc. Class A Common Stock",Individual equity,,1,easy_to_borrow,2679,2016-01-04,2026-08-28,0.40463237442750677,359180151.36,0.09533075743507968,-0.6338009830409178,0.19258527959517124,0.800921173298585,0.5567014173381022,-0.34593998433851336,0.5625233296005973,17.684210526315788,96,0.18558680814751005,1.035945891069989,0.8605747490750945,-0.21565448945250842,0.3228816722657708,9.594624860022396,52,0.018475708032393845,0.19108873359255577,0.04037653310482578,-0.45758530046220436,0.2530795072788354,8.465845464725643,46,0.006998471447661192,-0.235024717771404,-0.30387333173699227,-0.13028549488600494,True,True
WDC,Western Digital Corporation Common Stock,Individual equity,,1,easy_to_borrow,2679,2016-01-04,2026-08-28,0.5052472606635777,184733865.0,0.27284093754907146,-0.7049229839927511,0.3733606193698187,1.1642700353934714,1.4272503473933664,-0.2615943447144359,0.5065322881672266,17.496080627099662,93,0.2644185933632004,1.1237475002424537,1.2566746424461264,-0.21041133833058623,0.3150429264650989,10.72340425531915,57,0.08503580698699142,0.48423697218920536,0.2290633012004786,-0.37123278386949987,0.19895483389324375,6.96080627099664,37,0.10894202600661829,0.04052253515101767,0.17057570494724006,-0.05118300638384965,True,False
WEC,"WEC Energy Group, Inc.",Individual equity,,1,easy_to_borrow,2679,2016-01-04,2026-08-28,0.21363310979162553,116647676.88000001,0.10656046584661838,-0.3230114643659141,0.02594260387580971,0.2548173865410999,0.08953876557391348,-0.2897360010440876,0.6065696155281821,18.248600223964164,98,0.06417238663390168,0.6954479695778735,0.41985515971955334,-0.15284410623122102,0.3755132512131392,9.970884658454647,53,-0.033278080504137386,-0.28222118722105444,-0.0968051308838822,-0.3437636022005327,0.24486748786860768,9.03023516237402,48,-0.03822978275809197,-0.44063058303677355,-0.33031639414563985,-0.13689189481286657,False,False
WELL,Welltower Inc.,Individual equity,,1,easy_to_borrow,2679,2016-01-04,2026-08-28,0.31693053207267174,164617067.88000003,0.16675626529030252,-0.6332363059010322,0.12522941389730002,0.7262672277762503,0.3364867088881877,-0.37216749009516725,0.5561776782381486,17.11982082866741,92,0.1200238032364902,0.920970061945345,0.5692611691536285,-0.21084136726722524,0.3684210526315789,9.782754759238522,53,0.005953111816120904,0.11088193003870309,0.015861607224041365,-0.3753158007277976,0.20903322135125046,7.901455767077267,42,0.005205610660809823,-0.19470283416909473,-0.23277446026544074,-0.161326122827942,False,False
WFC,Wells Fargo & Co.,Individual equity,,1,easy_to_borrow,2679,2016-01-04,2026-08-28,0.31302260814745914,923200050.72,0.07738396913570056,-0.6445771527644009,0.16825966703743256,0.7932087566850571,0.5438305905406031,-0.3093972092856554,0.59163867114595,18.248600223964164,98,0.12095680405244758,0.8656153464124988,0.7053051837789232,-0.171495696946928,0.3572228443449048,10.159014557670773,55,0.04534012844359481,0.33210478227512485,0.12684140573504238,-0.35745526613214385,0.25009331840238896,8.277715565509519,44,0.047302862984984984,-0.07240658972744174,-0.16147459323832003,-0.13790151233872738,True,True
WM,"Waste Management, Inc.",Individual equity,,1,easy_to_borrow,2679,2016-01-04,2026-08-28,0.19472538754479282,217711150.85999998,0.1653179849109927,-0.3006253853606974,0.11520708454019202,1.0189357204955396,0.8942417761260992,-0.12883214318086877,0.5796939156401643,15.896976483762597,86,0.1455935791569707,1.588446322739115,1.746958390741133,-0.08334118312640737,0.40388204553938034,9.218365061590145,49,-0.029779375744111936,-0.36855351010125836,-0.09103389685332712,-0.3271240359191935,0.19970138111235536,7.6192609182530795,42,-0.03038649461677867,-0.5695106022435754,-0.8527166146150338,-0.045490960054461405,False,False
WMB,Williams Companies Inc.,Individual equity,,1,easy_to_borrow,2679,2016-01-04,2026-08-28,0.378930377456875,185597289.43,0.16327432670674846,-0.6808914177335229,0.18548069454106142,0.8838642890147066,0.5430683805353579,-0.3415420620847308,0.5580440462859276,16.179171332586787,87,0.18604550858998126,1.1449302365659093,1.053843025749007,-0.1765400577166144,0.3747667039940276,9.218365061590145,49,-0.012939450744495873,-0.00811912313671239,-0.02513923096368048,-0.5147114787715641,0.2127659574468085,7.901455767077267,43,-0.0005648140489198372,-0.2610659475512027,-0.5107746452136491,-0.1650020043681164,True,True
WMT,Walmart Inc. Common Stock,Individual equity,,1,easy_to_borrow,2679,2016-01-04,2026-08-28,0.22105831545871685,307549756.02,0.18495853057994815,-0.25743162901308025,0.12900415327450832,0.9347947858340457,0.7062319498429144,-0.1826654165153565,0.555431131019037,16.461366181410973,88,0.14213791949424537,1.3200085174347702,1.1041104785129234,-0.12873523280540233,0.3960432997387085,9.970884658454647,53,-0.008768660330932931,-0.04593373446872571,-0.028763392075744774,-0.30485487622050167,0.1687196715192236,7.054871220604703,38,-0.013133766219737053,-0.3852137316007245,-0.39787852867000906,-0.05393018370995417,False,False
WRB,W.R. Berkley Corporation,Individual equity,,1,easy_to_borrow,2679,2016-01-04,2026-08-28,0.24249224743526046,25497053.74,0.17396221459432604,-0.45357142857142874,0.04387716282061538,0.34015388539182023,0.12555124906330295,-0.3494761155143308,0.5349010824934677,18.71892497200448,100,0.07495292688371546,0.6892161064404648,0.5252696983206735,-0.14269417619814273,0.393057110862262,12.040313549832026,64,-0.031296102403488346,-0.1970221326474651,-0.07094522707199528,-0.4411304846727607,0.15677491601343785,7.431131019036954,41,-0.031075764063100086,-0.3490622210486446,-0.39971844925737054,-0.20678193931618805,False,False
WSM,"Williams-Sonoma, Inc.",Individual equity,,1,easy_to_borrow,2679,2016-01-04,2026-08-28,0.43721797989009453,58769520.24999999,0.24786289614119417,-0.5970193740685547,0.21959264233308007,0.8256523116451935,0.6977229935157073,-0.3147275414080739,0.543859649122807,16.931690929451285,93,0.18831947687953243,0.9355995816685845,1.0337414717976097,-0.1821727017994712,0.324374766703994,9.782754759238522,54,0.05189118832648898,0.34243000001004525,0.15637012018326946,-0.3318484904000284,0.23814856289660322,7.713325867861142,42,0.031273165453547636,-0.109947270023391,-0.33601847828190234,-0.1325548396086027,False,False
WST,"West Pharmaceutical Services, Inc.",Individual equity,,1,easy_to_borrow,2679,2016-01-04,2026-08-28,0.34056461975506447,109260160.7,0.18558667713777566,-0.5929220653645331,0.20338727781637478,1.0223529058087626,0.601263394535919,-0.33826652289943215,0.5203434117207913,15.802911534154534,86,0.22623754378888083,1.4569736591282763,1.5043005600475936,-0.15039384402125267,0.3602090332213512,9.03023516237402,49,-0.03519888829414941,-0.18773109370188892,-0.08900840769038638,-0.3954557688144237,0.1769316909294513,8.277715565509519,45,-0.022850265972506056,-0.43462075331951366,-0.9030371655116746,-0.1878726788781795,True,True
WTW,Willis Towers Watson Public Limited Company Ordinary Shares,Individual equity,,1,easy_to_borrow,2678,2016-01-05,2026-08-28,0.24690266121652923,129698415.99000001,0.1175939528780352,-0.32942017149857095,0.029766257968355747,0.26390451494361433,0.12082194754015697,-0.246364659520676,0.5246452576549664,17.408513816280806,92,0.06568705355836535,0.5949562746060862,0.4788158936745771,-0.13718645188292133,0.388722927557879,10.633308439133682,56,-0.02856908856678453,-0.1881944556984369,-0.0915291491895328,-0.3121310404363692,0.1755041075429425,7.716206123973115,41,-0.0359207955900096,-0.3310517596624719,-0.35799394613442015,-0.10917820763775465,False,False
WY,Weyerhaeuser Company,Individual equity,,1,easy_to_borrow,2679,2016-01-04,2026-08-28,0.31267680719544855,104858024.60000001,0.016572373705287413,-0.6169455322178721,0.1366253295493638,0.6896605802447405,0.49621555358483327,-0.27533463746215736,0.5770810003732736,18.43673012318029,98,0.07507029860463676,0.6555211652859696,0.32211330471346716,-0.2330555661816417,0.3202687569988802,9.970884658454647,53,0.061586278728626986,0.4160790140190376,0.16239540454473836,-0.3792365855504277,0.2597984322508399,8.465845464725643,45,0.06155503094472703,0.03413941495877093,0.1741022488713661,-0.04227907128051567,True,True
WYNN,"Wynn Resorts, Limited Common stock",Individual equity,,1,easy_to_borrow,2679,2016-01-04,2026-08-28,0.47111984292609665,231619141.29,0.044278618966148375,-0.7740214491806845,0.22818545639519128,0.7977317622874646,0.4260506689352445,-0.5355829084025525,0.5255692422545726,17.966405375139978,95,0.15269462734687278,0.7908023304640438,0.4370292174046644,-0.34939226318474303,0.2933930571108623,9.782754759238522,52,0.07869280521199085,0.42680192125608757,0.17705736924782298,-0.44444806531518266,0.24113475177304963,8.559910414333705,45,0.0754908290483185,0.006929431823420762,-0.010978548469419869,-0.18619064521780948,True,True
XBI,State Street SPDR S&P Biotech ETF,Thematic/industry ETF,,1,easy_to_borrow,2679,2016-01-04,2026-08-28,0.32385291152643075,626851308.6,0.08712632053899316,-0.6389354932021978,0.09514606019205663,0.4976223618248071,0.3162044840108503,-0.3009004141408437,0.593505039193729,17.02575587905935,91,0.12624401831417775,0.7925447643758196,0.5445492165740986,-0.23183215487557185,0.3654348637551325,9.124300111982082,48,-0.018257879287376322,-0.01515878297623816,-0.053318717136847625,-0.3424290805893869,0.24188129899216126,8.277715565509519,45,-0.031097958122121128,-0.29492240255101243,-0.22834473256324833,-0.06906825926527183,True,True
XE,"X-Energy, Inc. Class A Common Stock",Individual equity,,0,hard_to_borrow,259,2016-12-30,2026-08-28,2.080290176618547,58807533.42,0.1467009181667338,-0.6156197887715398,0.38539363551659256,0.9333548110966038,1.5174957206620217,-0.25396686809005364,0.47104247104247104,13.621621621621623,8,0.01273674705874539,0.1667656204051061,0.07462597872504015,-0.17067443906731206,0.04633204633204633,3.891891891891892,3,0.40095713249812204,1.0295591663658317,1.6317037643677916,-0.24572912145819192,0.4362934362934363,11.675675675675677,6,0.37265688845784717,0.7665891906914977,1.4428697419369816,-0.08329242902274159,True,False
XEL,Xcel Energy Inc. Common Stock,Individual equity,,1,easy_to_borrow,2679,2016-01-04,2026-08-28,0.21433963507385104,166939501.23000002,0.10847452170774807,-0.34415004465614873,0.07444179525848993,0.595049148753837,0.2823113095175241,-0.2636869043103959,0.572601717058604,15.99104143337066,87,0.06419923248317416,0.6879674237528913,0.3836304153257087,-0.16734656564878447,0.3743934303844718,9.40649496080627,51,0.013625096508473211,0.18841063346659334,0.056468794241697505,-0.24128541597957853,0.2045539380365808,6.7726763717805145,37,0.010242562775315767,-0.09291827499905436,-0.1013191058081846,-0.0963403386616114,False,False
XHB,State Street SPDR S&P Homebuilders ETF,Thematic/industry ETF,,1,easy_to_borrow,2679,2016-01-04,2026-08-28,0.2726564372313923,138757559.49,0.12212089353195088,-0.4956055734190782,0.1584655637597523,0.8494384923873741,0.8195730081347951,-0.19335136978265333,0.5520716685330347,18.248600223964164,97,0.12439479163664346,0.977996861677407,0.7054564956448922,-0.17633233573521512,0.3826054497946995,10.911534154535273,58,0.02083269125409437,0.2120091429802978,0.055168341479003076,-0.3776204014040052,0.18402388951101156,8.277715565509519,44,0.03407077212310883,-0.12855836929003284,0.11411651248990284,-0.01701903404743821,True,True
XLB,State Street Materials Select Sector SPDR ETF,Sector ETF,Sector SPDRs,1,easy_to_borrow,2679,2016-01-04,2026-08-28,0.2069883413656756,185313460.41,0.11075111047724051,-0.3727810650887562,0.10244942953119462,0.7225830072103365,0.6321091418047231,-0.16207553847219036,0.5722284434490481,17.966405375139978,97,0.08856328735308949,0.9173351619985128,0.6443398548962647,-0.13744809773927102,0.39343038447181783,10.253079507278835,55,0.006646204510041498,0.11491004969788789,0.02719358975468835,-0.2444033527752859,0.18439716312056736,8.277715565509519,45,0.013886142178105132,-0.1947521547881763,-0.012230713091541556,-0.024627440732919337,False,False
XLC,State Street Communication Services Select Sector SPDR ETF,Sector ETF,Sector SPDRs,1,easy_to_borrow,2060,2018-06-19,2026-08-28,0.22191630251693284,310755446.64,0.11558141600516847,-0.4666014191338397,0.0970120220819446,0.6334750810359846,0.5107684036320481,-0.189933483340193,0.5951456310679611,19.08349514563107,78,0.10469646587956727,1.0377800814356555,0.504628169838829,-0.20747249586364913,0.4179611650485437,10.275728155339806,42,-0.00674465865653584,0.017152005727634142,-0.031617698591170466,-0.21331908889849904,0.18155339805825244,9.052427184466021,37,-0.007684443797622675,-0.4043050003996709,0.006140233793219152,0.017539012523456132,False,False
XLE,State Street Energy Select Sector SPDR ETF,Sector ETF,Sector SPDRs,1,easy_to_borrow,2679,2016-01-04,2026-08-28,0.29172821312517816,537786595.2,0.11369888354618674,-0.6681489515545921,0.1503603440933423,0.7690940154185423,0.5848559243041583,-0.2570895460659579,0.5539380365808138,18.530795072788354,100,0.1398012607023147,1.0140031175496085,0.8081739487408262,-0.17298412169822075,0.3471444568868981,9.876819708846584,52,0.006727027117387374,0.12084778957958961,0.018098798259128253,-0.37168363451946607,0.21948488241881298,9.218365061590145,51,0.010559083391027624,-0.2449091021310662,-0.22331802443666782,-0.08410542436773716,True,True
XLF,State Street Financial Select Sector SPDR ETF,Sector ETF,Sector SPDRs,1,easy_to_borrow,2679,2016-01-04,2026-08-28,0.22418514795909653,1459870839.63,0.11031651560894074,-0.42851972493666335,0.11110693211045386,0.7369947812989713,0.3459595800981063,-0.32115581848881436,0.6297125793206421,17.213885778275476,93,0.11686033971661525,1.1665730110091368,0.9452356554535508,-0.12363090520590059,0.45091452034341173,9.500559910414333,50,0.005914162601953432,0.10952497230162074,0.017223388558330863,-0.3433797351737027,0.18962299365434865,7.713325867861142,43,-0.005753407606161387,-0.42957822971016546,-0.5992760753554445,-0.19752491328291377,True,True
XLI,State Street Industrial Select Sector SPDR ETF,Sector ETF,Sector SPDRs,1,easy_to_borrow,2679,2016-01-04,2026-08-28,0.19767614844281572,897472907.38,0.14049120354113342,-0.42328179810315747,0.1064685618828436,0.8425465322206632,0.618420790130711,-0.1721620029306261,0.5767077267637178,17.11982082866741,92,0.12921965576239658,1.3386670121287896,1.3967378960577996,-0.09251532168426913,0.4412094064949608,9.40649496080627,50,-0.022842904264106068,-0.20508751647860388,-0.0678660456746113,-0.33658811320211635,0.14818962299365435,8.465845464725643,47,-0.022751093879552986,-0.49612047990812636,-0.7783171059270886,-0.07964668124635699,False,False
XLK,State Street Technology Select Sector SPDR ETF,Sector ETF,Sector SPDRs,1,easy_to_borrow,2679,2016-01-04,2026-08-28,0.24644511492869575,482283860.04,0.23959087128478118,-0.3355586788475039,0.19671724175086558,1.1073527590127257,1.1099656487301888,-0.177228225013911,0.589772303098171,18.81298992161254,102,0.21079084522220426,1.8046991338909577,2.2598669456507414,-0.09327577697788125,0.46248600223964165,11.758118701007838,62,-0.008133372576858422,0.011582870058959435,-0.026555998513237054,-0.3062725196645977,0.13885778275475924,7.148936170212766,41,-0.01407360347133868,-0.697346374878232,-1.1499012969205527,-0.08395244803602975,False,False
XLP,State Street Consumer Staples Select Sector SPDR ETF,Sector ETF,Sector SPDRs,1,easy_to_borrow,2679,2016-01-04,2026-08-28,0.15002719416389715,691969303.56,0.07949978654427059,-0.24518966465090708,0.044561814804598976,0.49446894215443943,0.27767838391186506,-0.16047995590014263,0.5901455767077267,15.99104143337066,90,0.0761352521321994,1.1380655922175438,1.2627610588269378,-0.06029268292682899,0.42851810377006344,7.901455767077267,43,-0.020435110157284386,-0.24122750575718346,-0.06805070576978792,-0.30029240587768957,0.18141097424412095,7.901455767077267,46,-0.03157343732760043,-0.6435966500631043,-0.9850826749150727,-0.10018727297331365,False,False
XLRE,State Street Real Estate Select Sector SPDR ETF,Sector ETF,Sector SPDRs,1,easy_to_borrow,2679,2016-01-04,2026-08-28,0.19849485826903232,150731681.42000002,0.07091702460208604,-0.38837829825081516,0.07705169518558708,0.5949988114377489,0.26110829070886143,-0.2950947860613915,0.5561776782381486,17.02575587905935,90,0.0664622697688888,0.7322150001033704,0.667499291923854,-0.09956904909566644,0.38559163867114593,8.842105263157894,47,0.010843839291199364,0.1535065426282562,0.03777707832982902,-0.28704811940517383,0.18365061590145576,8.559910414333705,45,0.010589425416698273,-0.13721618866562146,-0.4063910012149926,-0.19552573696572506,True,False
XLU,State Street Utilities Select Sector SPDR ETF,Sector ETF,Sector SPDRs,1,easy_to_borrow,2679,2016-01-04,2026-08-28,0.18775079961120897,374380031.59999996,0.09935365197925106,-0.3606613847743716,0.047904723232097934,0.41467962302831984,0.165821484001902,-0.2888933452769513,0.5983575961179545,17.213885778275476,93,0.058991984595666125,0.6906250757999517,0.40028828740358896,-0.1473737465023245,0.404628592758492,10.159014557670773,54,-0.016997152328530607,-0.11153621938492561,-0.05557715493979941,-0.305829838661978,0.21687196715192236,7.99552071668533,44,-0.01108726136356819,-0.27594545277163185,-0.23446680340168696,-0.14151959877462683,False,False
XLV,State Street Health Care Select Sector SPDR ETF,Sector ETF,Sector SPDRs,1,easy_to_borrow,2679,2016-01-04,2026-08-28,0.1655707842982531,951973001.4799999,0.1043412072311114,-0.2840619694397277,0.07918725141248584,0.7407218958314595,0.4693467004391419,-0.16871803154980036,0.5513251213139231,17.02575587905935,92,0.09125860710738332,1.1691834582647047,0.9273187793768828,-0.09841125741970314,0.3908174692049272,9.500559910414333,50,-0.017242278718687554,-0.16912124943479645,-0.06956579910403335,-0.2478556839820426,0.17469204927211646,8.089585666293393,45,-0.012071355694897479,-0.4284615624332452,-0.4579720789377409,-0.07030677413009723,False,False
XLY,State Street Consumer Discretionary Select Sector SPDR ETF,Sector ETF,Sector SPDRs,1,easy_to_borrow,2679,2016-01-04,2026-08-28,0.2171720651493783,316053789.0,0.12195134671890284,-0.396751968503937,0.16312444477346588,1.0511939193594946,0.9274008908733512,-0.17589420754151797,0.5767077267637178,17.213885778275476,93,0.15965283712252787,1.583429244071068,1.73398247698231,-0.09207292417416779,0.43449048152295633,8.936170212765957,47,-0.0006835837970854408,0.055800684060541415,-0.0028321354223840574,-0.24136691758546214,0.14968271743187755,8.653975363941768,48,0.0034716076509380134,-0.5322353247115734,-0.8065815861089588,-0.08382128336735017,True,True
XME,State Street SPDR S&P Metals & Mining ETF,Thematic/industry ETF,,1,easy_to_borrow,2679,2016-01-04,2026-08-28,0.3362021083664012,117708937.5,0.22962050336153128,-0.6168038603462966,0.29304560130629276,1.1557625391477828,1.085650983241663,-0.26992616027600613,0.6047032474804032,18.34266517357223,97,0.2612065279998963,1.304436909091034,1.6684732548286318,-0.15655421940025327,0.389324374766704,10.06494960806271,53,0.03742924571924444,0.30703893673223526,0.19962438317830933,-0.18749836629832806,0.22321761851437102,8.653975363941768,46,0.03183907330639646,-0.14867436994325112,-0.5828222715869689,-0.11337194087575286,True,True
XOM,ExxonMobil Holdings Corporation,Individual equity,,1,easy_to_borrow,2679,2016-01-04,2026-08-28,0.27773614433935606,1184176244.86,0.11556133249872036,-0.6134247917687415,0.16159575555592287,0.8648655214290182,0.6500365391176794,-0.24859488018206366,0.5524449421425905,18.624860022396415,100,0.13495247149319067,0.9842215741694637,0.751105208983901,-0.17967186204946584,0.3419186263531168,10.347144456886898,55,0.03332235835033237,0.30318728126683464,0.09543499764632292,-0.34916287705924487,0.22545726017170586,8.465845464725643,46,0.026643284062732198,-0.11935605274044547,-0.10106866986622154,-0.06892301813259782,True,True
XOP,State Street SPDR S&P Oil & Gas Exploration & Production ETF,Thematic/industry ETF,,1,easy_to_borrow,2679,2016-01-04,2026-08-28,0.402411374973274,784933769.9399999,0.060039879050292955,-0.8261101836393987,0.2393067442415706,0.8432780918607294,0.7900993468984812,-0.3028818403419321,0.572601717058604,17.590145576707727,94,0.1833338429113509,0.941328751525591,0.7733805897223074,-0.23705513863126482,0.3232549458753266,9.312430011198208,49,0.05331083640079637,0.33141215000990165,0.15921788546589835,-0.3348294461065092,0.2736095558044046,8.465845464725643,46,0.055972901330219704,-0.0980506596648616,0.01671875717617377,-0.06582670171066729,True,True
XRT,State Street SPDR S&P Retail ETF,Thematic/industry ETF,,0,hard_to_borrow,2679,2016-01-04,2026-08-28,0.2683776642235401,260599417.64999998,0.08394934692817047,-0.47025982392097965,0.152442488294652,0.8202595214316917,0.7360960325458312,-0.2070959243828835,0.5509518477043673,16.555431131019038,90,0.1208853619645105,0.9670213481513861,0.7417188905142238,-0.16298002317387694,0.3351997013811124,8.653975363941768,47,0.033592798612824604,0.2906746854411998,0.15095950520367943,-0.2225285421245924,0.22321761851437102,8.089585666293393,44,0.031557126330141516,-0.1467618267196944,-0.0056228579683925695,-0.04411590120900655,True,True
XYL,Xylem Inc,Individual equity,,1,easy_to_borrow,2679,2016-01-04,2026-08-28,0.269795363049933,95996369.94,0.12587684884783923,-0.46693386773547185,0.21156196321828524,1.0808345757488893,0.8275560924663079,-0.2556466747622893,0.6229936543486375,15.520716685330347,85,0.17719419591156926,1.4369679161678894,1.322559543956649,-0.13397823691284583,0.3844718178424785,9.218365061590145,50,0.03177087810950496,0.2766825213406938,0.11916135363903958,-0.26662065459364004,0.24934677118327733,7.054871220604703,38,0.03436776730671598,-0.35613334041900013,-0.4950034514903412,-0.12166843784944348,True,True
XYZ,"Block, Inc.",Individual equity,,1,easy_to_borrow,2679,2016-01-04,2026-08-28,0.5688658579993765,602810353.88,0.1987906642824353,-0.8608282175934139,0.4426969341015059,1.1408922202008087,1.0732510963805348,-0.41248216339537946,0.5576707726763718,17.11982082866741,92,0.41895619177515075,1.4995050207341194,1.1331858586652652,-0.36971533713686,0.3404255319148936,9.40649496080627,50,0.08334899705665832,0.41468580711137554,0.19794401723270602,-0.42107358546064044,0.2374020156774916,7.525195968645017,40,0.023740742326355146,-0.3586128005333107,-0.05993476228473038,-0.042766826258519464,True,True
YUM,"Yum! Brands, Inc.",Individual equity,,1,easy_to_borrow,2679,2016-01-04,2026-08-28,0.24668245575116554,192485706.06,0.09374263203981714,-0.521693625118935,0.1188862906046595,0.7369170857934064,0.3855431047424446,-0.3083605675792839,0.5558044046285927,17.11982082866741,92,0.09897810675348317,0.9842112674051621,0.7011071879026469,-0.1411740008679342,0.3639417693169093,9.218365061590145,50,0.014241717370999218,0.16572270041914208,0.047004010282307364,-0.30298941059418283,0.20492721164613661,8.653975363941768,47,0.01990818385117632,-0.24729418161175565,-0.31556408316020235,-0.16718656671134968,True,True
ZBH,"Zimmer Biomet Holdings, Inc.",Individual equity,,1,easy_to_borrow,2679,2016-01-04,2026-08-28,0.28242547939949975,157661281.4,0.0073418792696517965,-0.5353044496487103,0.1464661377176424,0.8048118816603891,0.40660367675260006,-0.3602184291283731,0.5539380365808138,15.896976483762597,86,0.1058288246073793,0.8426660618730273,0.5294917746411556,-0.19986868479515296,0.3546099290780142,8.748040313549831,47,0.03628102569867919,0.3173493762954631,0.1071002054783514,-0.33875775995605184,0.2209779768570362,8.089585666293393,44,0.040637313110263085,-0.0378541802126382,-0.12288809788855554,-0.16034974433322013,True,True
ZBRA,Zebra Technologies Corporation Class A Common Stock,Individual equity,,1,easy_to_borrow,2679,2016-01-04,2026-08-28,0.4077698600328809,100831734.25,0.1711058189620276,-0.6778293059962581,0.24995192475629224,0.9277347531525743,0.8399526401906977,-0.2975785928829805,0.5893990294886151,18.154535274356103,96,0.19104424264178888,1.0131333212098668,1.0777595151903374,-0.17726054834046123,0.3631952220977977,10.629339305711087,56,0.06986382507750588,0.4190232529326665,0.18629919563428152,-0.3750087317320119,0.2560656961552818,8.277715565509519,44,0.05890768211450337,-0.08539856805729251,-0.2378068749996397,-0.12031804454251926,True,True
ZS,"Zscaler, Inc. Common Stock",Individual equity,,1,easy_to_borrow,2125,2018-03-16,2026-08-28,0.5823419611902465,309807244.59000003,0.22621661958346428,-0.7640869895330547,0.36275197157763817,1.0083870004226123,0.6420122416079905,-0.5650234498162929,0.5703529411764706,17.551058823529413,76,0.2909999433193631,1.159861635224921,0.9436194044892121,-0.30838698519228036,0.32188235294117645,10.435764705882354,45,0.051467654864849166,0.31613536162024536,0.12359409064053893,-0.4164248840548348,0.2630588235294118,7.826823529411765,34,0.07175202825827509,-0.1514746348023086,-0.3016071628812216,-0.2566364646240126,True,True
ZTS,ZOETIS INC.,Individual equity,,1,easy_to_borrow,2679,2016-01-04,2026-08-28,0.27156761405026253,280735093.94,0.05670076915066935,-0.6947949189512858,0.07909254155270795,0.5071394581873909,0.2778725975377876,-0.2846359887716249,0.5195968645016797,18.43673012318029,98,0.0881021944865521,0.8659957339515655,0.4494929570895317,-0.19600350371897723,0.3198954833893244,9.782754759238522,52,-0.007842063902206209,0.02134912700825431,-0.01996247987667896,-0.3928401656834054,0.21313923105636431,9.03023516237402,48,-0.009009652933844148,-0.35885627576417456,-0.1716203595517441,-0.08863248505264765,True,True
