symbol,group,watchlist_section,period,bars,both_sharpe,both_cagr,both_max_drawdown,long_sharpe,long_cagr,long_max_drawdown,short_sharpe,short_cagr,short_max_drawdown,d_sharpe,d_cagr,d_ddred
A,Individual equity,,2016-2019,1006,0.9856079304147074,0.13488673537714657,-0.13998186427303816,1.7857008107010348,0.20677262193421075,-0.05817264930736987,-0.46847273999586714,-0.04465785215890117,-0.2503597291055324,-0.8000928802863274,-0.07188588655706418,-0.08180921496566829
A,Individual equity,,2020-2022,756,0.7263220538398133,0.16261731023645787,-0.2731746840081125,1.2606973369855612,0.21243694770191057,-0.15502334011096108,-0.10191290084518509,-0.03748637644902664,-0.20420399101951392,-0.5343752831457479,-0.049819637465452704,-0.11815134389715143
A,Individual equity,,2023-present,917,0.9564046475845285,0.17909258502270542,-0.1875490395789059,0.28845399402441996,0.028990676277423466,-0.23223826696392136,1.0074570024942704,0.15042150866430593,-0.1122941927745752,0.6679506535601085,0.15010190874528195,0.04468922738501546
AAL,Individual equity,,2016-2019,1006,0.8504874356801203,0.20932825929427268,-0.2550535281845583,0.48260636363574555,0.06651563191228682,-0.22311199409164362,0.6878084740338833,0.13168878485187863,-0.21590404019199927,0.36788107204437476,0.14281262738198586,-0.03194153409291467
AAL,Individual equity,,2020-2022,756,-0.35313672541575064,-0.2657536729039659,-0.7505025213104205,0.008005532414137411,-0.014455984984592885,-0.24012986923945123,-0.41858654002670154,-0.26786011316563374,-0.753629712636286,-0.36114225782988807,-0.251297687919373,-0.5103726520709693
AAL,Individual equity,,2023-present,917,1.2533216911799352,0.40785274930805526,-0.2583642722956213,0.6916855291389437,0.13001057838630925,-0.17915849089890146,1.071654714759277,0.24929798826751748,-0.13799601032974307,0.5616361620409915,0.277842170921746,-0.07920578139671985
AAPL,Individual equity,Mega-cap 7,2016-2019,1006,1.8054266999047208,0.3802733631920139,-0.15264060847979644,2.2558932610386933,0.3001200216583144,-0.08118998158310198,0.5476261619018583,0.07209084962715107,-0.14444517479457297,-0.45046656113397243,0.08015334153369946,-0.07145062689669446
AAPL,Individual equity,Mega-cap 7,2020-2022,756,1.0464805701571924,0.2712808038593866,-0.1900189795668069,1.9007141450386895,0.3216750799802852,-0.09431658879260607,-0.05990932497272995,-0.03493490458945403,-0.3107721372298805,-0.8542335748814971,-0.05039427612089864,-0.09570239077420084
AAPL,Individual equity,Mega-cap 7,2023-present,917,1.4316206717641036,0.24640471360313776,-0.11175567605992587,1.7402446858002556,0.2311018287979434,-0.06076698020751603,0.23789107857184058,0.0201319946383145,-0.13716310224728112,-0.30862401403615203,0.015302884805194372,-0.05098869585240984
ABBV,Individual equity,,2016-2019,1006,0.5889156426834011,0.07790352959572266,-0.3210774822785516,0.95590583046425,0.09629597973077386,-0.18629230449452294,-0.05131383291447596,-0.010686990045906897,-0.20763807865720008,-0.3669901877808489,-0.018392450135051197,-0.13478517778402865
ABBV,Individual equity,,2020-2022,756,1.4345090681703652,0.3127340351027048,-0.1716741884042815,1.8411733564584407,0.2815553173275416,-0.09276190612118951,0.35754452528836855,0.04414880520455933,-0.1675779007063477,-0.40666428828807555,0.031178717775163234,-0.078912282283092
ABBV,Individual equity,,2023-present,917,0.9764956529140923,0.14763381443634271,-0.1735591563985006,1.1439984062546662,0.1485360220356653,-0.14475398795515748,-0.019305177907645014,-0.0057647287134822145,-0.15314588861686107,-0.16750275334057385,-0.0009022075993225798,-0.028805168443343132
ABNB,Individual equity,,2020-2022,518,0.15524935636241594,-0.01064863727042431,-0.3789418028101069,0.46907566408740203,0.08338694811224223,-0.18221706185643616,0.009917956906571863,-0.04343699222340569,-0.3545604095824012,-0.3138263077249861,-0.09403558538266654,-0.19672474095367076
ABNB,Individual equity,,2023-present,917,0.8210825377346054,0.21088520380022735,-0.24668441845941902,1.0887026133829953,0.23725288946975187,-0.16541832877110152,-0.042864677636346826,-0.023898268109423304,-0.21040003017517794,-0.26762007564838997,-0.02636768566952452,-0.0812660896883175
ABT,Individual equity,,2016-2019,1006,0.8393531725516205,0.09818599617540746,-0.1290478050152749,1.5183208323217372,0.15845487976211392,-0.1013044918789836,-0.5237141394869059,-0.040625829040500494,-0.24339565765114002,-0.6789676597701167,-0.060268883586706457,-0.027743313136291303
ABT,Individual equity,,2020-2022,756,0.33240470919463644,0.04797971885777752,-0.27632207826957944,0.6777428983583412,0.08689458053477916,-0.18863493008466092,-0.20309896907281857,-0.04174854108477044,-0.25688985577027046,-0.3453381891637048,-0.038914861677001644,-0.08768714818491852
ABT,Individual equity,,2023-present,917,1.111254108134818,0.17888293466564442,-0.22869509676684385,0.8533423219799274,0.0877073400426549,-0.15628040100545593,0.6083353951756277,0.06867499708953217,-0.2563418054019261,0.2579117861548905,0.09117559462298952,-0.07241469576138793
ACGL,Individual equity,,2016-2019,1006,1.4405723540648225,0.16327436978627885,-0.09660811801049518,1.6660021628866788,0.13705564299708595,-0.04519559478041135,0.42797950702169624,0.030744758533317595,-0.09524331744632941,-0.22542980882185626,0.026218726789192903,-0.05141252323008383
ACGL,Individual equity,,2020-2022,756,0.5300026953411434,0.11807773147836476,-0.36236381463382583,0.8734325740963813,0.13955915284262255,-0.20926489834116246,0.08129041361458185,-0.007830857071049246,-0.3257794977954075,-0.3434298787552379,-0.02148142136425779,-0.15309891629266337
ACGL,Individual equity,,2023-present,917,0.6398584958843679,0.08938711122345988,-0.23506856804911624,1.052794119302767,0.1243417276818537,-0.1343020394684461,-0.48965584685925456,-0.055937766561463764,-0.2080978761879586,-0.41293562341839907,-0.03495461645839382,-0.10076652858067014
ACHR,Individual equity,,2020-2022,512,1.3210345775891745,0.7284573489324893,-0.43982722017147746,0.21668950355868624,0.023397267501669594,-0.26108920601123053,1.2916438627980418,0.6215268863368657,-0.3979120656271843,1.1043450740304883,0.7050600814308197,-0.17873801416024693
ACHR,Individual equity,,2023-present,917,1.085411541749444,0.5647345225150415,-0.3328759991265817,1.2250758445702616,0.53738975141041,-0.2679686563048246,0.4704208055491582,0.11146572230207452,-0.36206678552804694,-0.13966430282081754,0.027344771104631516,-0.06490734282175714
ACN,Individual equity,,2016-2019,1006,1.4169774595044082,0.19059159262917613,-0.08520504797645023,2.2259855884690727,0.2300072599638352,-0.04345232809724686,-0.16682935406758284,-0.018540630870078956,-0.10701430493835618,-0.8090081289646645,-0.039415667334659066,-0.04175271987920337
ACN,Individual equity,,2020-2022,756,1.1257692876280825,0.26278786618993544,-0.17910915482681222,1.3452097295144134,0.22353831056072182,-0.10879566540966912,0.24695151786138564,0.027797768309344217,-0.18283282379364252,-0.21944044188633094,0.03924955562921362,-0.0703134894171431
ACN,Individual equity,,2023-present,917,0.9657606244815621,0.20633378096590604,-0.219306931422526,0.814256656489825,0.10000085378097623,-0.10397938602549317,0.7256695281800192,0.12230197670349097,-0.2149879035648633,0.15150396799173704,0.10633292718492982,-0.11532754539703283
ACWI,Broad index ETF,,2016-2019,1006,1.0466485312586955,0.07854214199057918,-0.12686056581969352,1.964632513461013,0.11081744888049938,-0.039875455269423266,-0.4823524196086564,-0.026499989740192853,-0.14114401827669087,-0.9179839822023175,-0.0322753068899202,-0.08698511055027025
ACWI,Broad index ETF,,2020-2022,756,1.0124140616849757,0.18447213287526432,-0.10251965853100209,1.4851743581721968,0.15318815705652655,-0.06141471979347668,0.32052102274317723,0.03868936781565968,-0.1577938146480874,-0.47276029648722107,0.031283975818737764,-0.04110493873752541
ACWI,Broad index ETF,,2023-present,917,0.9868512968652411,0.09526611345103042,-0.06911159948016854,1.5138105172105099,0.11510166776059672,-0.06139464498076663,-0.3256025110511505,-0.022479483114504428,-0.08484579910500312,-0.5269592203452688,-0.019835554309566295,-0.007716954499401907
ADBE,Individual equity,,2016-2019,1006,0.8113553629100269,0.11705912138073482,-0.19552127592633983,1.7335234944197182,0.21365243859626815,-0.13974421259106995,-0.6993382654525484,-0.07018252388922808,-0.2921345840962992,-0.9221681315096913,-0.09659331721553333,-0.05577706333526988
ADBE,Individual equity,,2020-2022,756,1.1476428602996742,0.3261311222695247,-0.2742174826190622,1.3869769248369572,0.2546271518653451,-0.15569051783059717,0.44483590333128814,0.07781370807721988,-0.23664164615533378,-0.239334064537283,0.07150397040417955,-0.11852696478846503
ADBE,Individual equity,,2023-present,917,0.5096666668619013,0.09748948051072204,-0.2735039078437923,0.5045292669511872,0.07039083570579385,-0.24000330473018472,0.34011472897794454,0.04688302800311095,-0.23987634560587634,0.005137399910714158,0.027098644804928185,-0.033500603113607585
ADI,Individual equity,,2016-2019,1006,1.1085741050309115,0.1873069278753956,-0.14965188691787623,1.756955714969612,0.2175515770192078,-0.10196393206160526,-0.13699108450943612,-0.024181758643763818,-0.1640792439434935,-0.6483816099387005,-0.030244649143812197,-0.047687954856270975
ADI,Individual equity,,2020-2022,756,0.006368189730482842,-0.04785380211183132,-0.3543436434990892,0.92919407135253,0.17710715722071457,-0.11278995696017602,-0.49170623603288394,-0.14656297550284114,-0.4308948119434518,-0.9228258816220472,-0.2249609593325459,-0.24155368653891318
ADI,Individual equity,,2023-present,917,0.5051649161650512,0.09248998659992269,-0.21350312527963144,0.7717486507571862,0.13155371149658612,-0.193291515307901,-0.06851558679773063,-0.018237768319907977,-0.14332980321653943,-0.266583734592135,-0.03906372489666343,-0.020211609971730438
ADM,Individual equity,,2016-2019,1006,0.41968048106344097,0.04693435287324599,-0.11831820547532279,0.7927125509496716,0.07448793035202272,-0.0950454029835962,-0.31893582327379755,-0.030744069453282563,-0.16408394300502016,-0.37303206988623067,-0.027553577478776736,-0.023272802491726585
ADM,Individual equity,,2020-2022,756,0.8430797685375409,0.1728677675216317,-0.1955342043526812,1.6288613226796962,0.21461867734894224,-0.0733626298001625,-0.13899265701282487,-0.04040629304730725,-0.2688848717841743,-0.7857815541421553,-0.041750909827310556,-0.1221715745525187
ADM,Individual equity,,2023-present,917,0.5228266606258185,0.07356789009423625,-0.22261293693623285,0.7447800869289799,0.08015308018396694,-0.1743790468712717,0.21477997854275144,0.018788802924728953,-0.14295292180334973,-0.2219534263031614,-0.006585190089730686,-0.04823389006496115
ADP,Individual equity,,2016-2019,1006,0.8800619357525855,0.1043682836127302,-0.12745370449596527,1.788519583883195,0.16844640351294893,-0.06983252512648896,-0.5766420121240045,-0.05329592730099475,-0.21791504772008852,-0.9084576481306096,-0.06407811990021872,-0.057621179369476305
ADP,Individual equity,,2020-2022,756,1.3323422019779367,0.3102962891460268,-0.12456238100368522,2.0324657890731737,0.2800156083603902,-0.062312971985447496,0.2629048843043522,0.03210988151965366,-0.15143167061683993,-0.7001235870952369,0.030280680785636616,-0.06224940901823772
ADP,Individual equity,,2023-present,917,1.1505272974342338,0.1796037908714494,-0.1037375013052011,1.1464902737704197,0.1240607144991821,-0.08322222807834778,0.5286030074331505,0.05495536298891257,-0.13468443905163008,0.004037023663814088,0.0555430763722673,-0.020515273226853314
ADSK,Individual equity,,2016-2019,1006,0.18364581326858892,0.017117067839629296,-0.38554095475501293,0.8847857480716732,0.14085526573733897,-0.18337828214591323,-0.6625191228324476,-0.08594624477245161,-0.37001347721364386,-0.7011399348030842,-0.12373819789770968,-0.2021626726090997
ADSK,Individual equity,,2020-2022,756,0.5362791301850618,0.12768843499673466,-0.35858199493513276,1.0485978507298965,0.21033941836543102,-0.21717493323438486,-0.09167235283011864,-0.05434056452771452,-0.34486325259466477,-0.5123187205448347,-0.08265098336869636,-0.1414070617007479
ADSK,Individual equity,,2023-present,917,0.5990542470026881,0.11000248668153634,-0.2836019791686828,1.0925388298456176,0.1665253403345064,-0.17990432624186414,-0.13031882189174782,-0.032013144827163775,-0.32215615382274443,-0.4934845828429295,-0.05652285365297005,-0.10369765292681865
AEE,Individual equity,,2016-2019,1006,0.7294367493152579,0.07191372452167344,-0.10249087418161607,0.9842303194093531,0.0779388921304951,-0.06550437992502145,-0.010191621047454611,-0.0027491759615965172,-0.10984715516897914,-0.2547935700940952,-0.006025167608821658,-0.036986494256594615
AEE,Individual equity,,2020-2022,756,0.647855785852449,0.10517427203088547,-0.2013508764447094,0.8209050421427802,0.08437204145476973,-0.12111158339683381,0.05935879954749533,-0.0019331549092846956,-0.23881550446637012,-0.1730492562903312,0.020802230576115743,-0.08023929304787558
AEE,Individual equity,,2023-present,917,0.22950505474476113,0.021558078272197356,-0.1351873219951294,0.9675725143522538,0.09828761240894268,-0.07209797558386344,-0.5614027256529672,-0.0493566503073507,-0.24185120660554793,-0.7380674596074926,-0.07672953413674533,-0.06308934641126596
AEP,Individual equity,,2016-2019,1006,0.6983881413872292,0.07375546363655272,-0.09020426816597937,1.159075774647912,0.09846252983365855,-0.060008157538193774,-0.18878741047663988,-0.016578483051981063,-0.17493947747462701,-0.46068763326068274,-0.02470706619710583,-0.0301961106277856
AEP,Individual equity,,2020-2022,756,1.1144111473369396,0.17658059300621964,-0.12201959104625071,1.4258753204803845,0.15823169959742778,-0.08055047305420926,0.2506066180003981,0.02267045640416665,-0.10679188233588355,-0.3114641731434449,0.018348893408791866,-0.04146911799204145
AEP,Individual equity,,2023-present,917,0.21634920159308546,0.02060765867461245,-0.15049718406152157,0.9016717173791151,0.09090055578208212,-0.08613597797410388,-0.54274926252555,-0.05406241804452616,-0.23136105559399844,-0.6853225157860297,-0.07029289710746967,-0.06436120608741769
AES,Individual equity,,2016-2019,1006,0.3582993329371455,0.03973668761626392,-0.32378117373195114,0.7757430318892152,0.07862170789000533,-0.22533825380878902,-0.4583129909917057,-0.042889389864062766,-0.21809739375856407,-0.41744369895206973,-0.03888502027374141,-0.09844291992316212
AES,Individual equity,,2020-2022,756,1.0058743500856553,0.28233295653539026,-0.3110044739296506,1.0924750755248362,0.20017197710234025,-0.18987774595611706,0.43967925342917313,0.07736344199568501,-0.17028322120032358,-0.08660072543918096,0.08216097943305001,-0.12112672797353352
AES,Individual equity,,2023-present,917,1.5290929407428315,0.4610371025350384,-0.1784649043247586,0.9471618917616056,0.1595938033342128,-0.1299137055510845,1.2523783214742978,0.2844097133967911,-0.15071977985723806,0.5819310489812259,0.3014432992008256,-0.04855119877367409
AFL,Individual equity,,2016-2019,1006,0.8355155791330063,0.08461407746880534,-0.14709320820694227,1.2315938617325384,0.10342224613001538,-0.08043406477699755,-0.2955811832996684,-0.02037600787916194,-0.1277706745428807,-0.39607828259953204,-0.018808168661210045,-0.06665914342994472
AFL,Individual equity,,2020-2022,756,0.9750959173037123,0.261402885741443,-0.27297356076072743,1.076527502134987,0.14874521036827004,-0.12083492679778307,0.42344848158886056,0.07711504640345268,-0.3011160175056373,-0.10143158483127468,0.11265767537317295,-0.15213863396294436
AFL,Individual equity,,2023-present,917,0.1167819101141566,0.0068488123993306615,-0.28886388683854747,0.5505548976329394,0.047919200103099246,-0.13466103418813447,-0.3220920377356293,-0.025333710604517834,-0.19273149184992078,-0.4337729875187828,-0.041070387703768585,-0.154202852650413
AGG,Bond ETF,,2016-2019,1006,1.3374926074959568,0.022872095313747787,-0.011712279583483975,1.2428238591925567,0.01737112347515768,-0.00985054745324676,0.5549163241620885,0.005407045385562359,-0.011068838477797827,0.09466874830340011,0.005500971838590107,-0.0018617321302372147
AGG,Bond ETF,,2020-2022,756,1.0379971308683789,0.036071174710872844,-0.025488386299327148,1.3227949132705052,0.01279476993101114,-0.009559368539778346,0.6972375961648979,0.022982350887779113,-0.025708397651820203,-0.2847977824021264,0.023276404779861704,-0.015929017759548803
AGG,Bond ETF,,2023-present,917,0.5978321758020568,0.013629003695143194,-0.022945482376542703,0.7419309755447874,0.01265204734592662,-0.018429884531709573,0.07007461992235853,0.0009647502829595034,-0.02129396446773768,-0.14409879974273054,0.0009769563492165734,-0.00451559784483313
AIG,Individual equity,,2016-2019,1006,1.0713964186232248,0.1534289146715997,-0.13946205742592577,1.3268838602844202,0.12430522470975625,-0.04412782317716668,0.04188205770748894,-0.0017727980605941607,-0.20893858959074751,-0.2554874416611954,0.029123689961843446,-0.09533423424875909
AIG,Individual equity,,2020-2022,756,1.0292257040281796,0.3366189310789047,-0.24949707595288428,1.4677665139669167,0.2978860386904334,-0.12747730548771408,0.30643780141639465,0.04759279035727082,-0.40997215810848475,-0.4385408099387371,0.03873289238847133,-0.12201977046517021
AIG,Individual equity,,2023-present,917,0.23348998987976605,0.025187057738910834,-0.12759073402345278,0.6000080453898091,0.06342893223576596,-0.10215510815691009,0.02311079561622234,-0.003840432193295662,-0.1440620945732749,-0.3665180555100431,-0.03824187449685512,-0.025435625866542688
AIR,Individual equity,,2016-2019,1006,0.36095704099677006,0.05058780517483097,-0.2418388460542551,0.5661807516193454,0.07303498087267979,-0.2177111625041681,-0.0503528878334683,-0.012549375404888763,-0.20319022461609915,-0.20522371062257538,-0.02244717569784882,-0.024127683550086987
AIR,Individual equity,,2020-2022,756,0.7192575295717404,0.2628019356427913,-0.5932841732373948,1.0375936517921878,0.27632950063396367,-0.15582641424864863,0.13848996042233194,-0.035779210548534834,-0.7191998906207369,-0.3183361222204474,-0.013527564991172358,-0.43745775898874617
AIR,Individual equity,,2023-present,917,1.0344406474239698,0.22535934833754645,-0.18026573032737248,1.5771373284722,0.30759478813289065,-0.1156523903702873,-0.2594989579474756,-0.04357262989256161,-0.22267204371375193,-0.5426966810482301,-0.0822354397953442,-0.06461333995708518
AIZ,Individual equity,,2016-2019,1006,1.0729775674951052,0.1463837882503396,-0.1488596686365492,1.107262304414103,0.11620571981238736,-0.09118908649493118,0.19779753217245985,0.01392871012617447,-0.10314784047691683,-0.034284736918997805,0.030178068437952232,-0.05767058214161802
AIZ,Individual equity,,2020-2022,756,0.047169474407965956,-0.021107671246129445,-0.33521735961387633,0.28120507708178494,0.02851585111147159,-0.15195380248264068,-0.19687636815994147,-0.06829455612944124,-0.3999683298077281,-0.23403560267381898,-0.049623522357601035,-0.18326355713123565
AIZ,Individual equity,,2023-present,917,0.8877848573372173,0.13458121954972713,-0.2242586867998173,1.1476491624511715,0.15256867751112901,-0.15924281381413752,-0.22190438189222958,-0.02246350480393211,-0.21666724602404663,-0.2598643051139542,-0.017987457961401887,-0.06501587298567979
AJG,Individual equity,,2016-2019,1006,1.0968379246542102,0.12092925979012858,-0.10945742347895748,1.5890698999667479,0.14757701820264857,-0.053655266419613046,-0.3333490007200567,-0.02303138926474735,-0.11328055174735674,-0.4922319753125377,-0.026647758412519984,-0.05580215705934444
AJG,Individual equity,,2020-2022,756,0.9763238294802058,0.20153663981714787,-0.17333511656083067,1.940612515861619,0.24696996649155567,-0.07297354052918925,-0.11424771105559672,-0.034511893670936655,-0.2563711314393682,-0.9642886863814132,-0.045433326674407803,-0.10036157603164142
AJG,Individual equity,,2023-present,917,0.5134252012335989,0.06887683549508106,-0.14246566723927778,1.065158448651821,0.12346328196244816,-0.12323759568732062,-0.2611349571488663,-0.03249039785135832,-0.18154696820499794,-0.5517332474182222,-0.0545864464673671,-0.01922807155195716
AKAM,Individual equity,,2016-2019,1006,0.3613748284250733,0.05322893136616891,-0.32354839150377,0.798982455754165,0.1263962618915202,-0.2257961027796339,-0.5661815985634725,-0.0664406126295064,-0.33362587360546503,-0.43760762732909175,-0.07316733052535129,-0.0977522887241361
AKAM,Individual equity,,2020-2022,756,0.45001387844360685,0.0734554416394464,-0.17833132853696543,0.7180589561730621,0.08790310223220521,-0.16037079132469512,-0.08302557445298085,-0.025227636467657022,-0.2853828589761237,-0.2680450777294553,-0.014447660592758815,-0.01796053721227031
AKAM,Individual equity,,2023-present,917,0.3715172262407719,0.06494767448936001,-0.2455327196293019,0.6450208637888146,0.11392857798588074,-0.13429807539685867,-0.2519450610237233,-0.05165457582268729,-0.3251405006603062,-0.27350363754804274,-0.048980903496520733,-0.11123464423244322
ALAB,Individual equity,,2023-present,613,1.422259465344099,1.1275225762336039,-0.3969317790774167,1.9352921073043214,1.4290937373270167,-0.17256897152350092,-0.14367647709419454,-0.16362594902816419,-0.6056875446863842,-0.5130326419602225,-0.30157116109341287,-0.2243628075539158
ALB,Individual equity,,2016-2019,1006,0.635461011679599,0.1209945048573342,-0.3478238979432138,0.9935843508287515,0.14892801885891793,-0.22921155702629425,0.025696974123656117,-0.008156320781165571,-0.2084626393383079,-0.3581233391491525,-0.027933514001583726,-0.11861234091691952
ALB,Individual equity,,2020-2022,756,1.068846812497192,0.37866253975464326,-0.2520065075811049,1.7411433815137851,0.47381505525017076,-0.15211244276784908,-0.0955809535816205,-0.060626940596853696,-0.4815814647362896,-0.6722965690165932,-0.0951525154955275,-0.0998940648132558
ALB,Individual equity,,2023-present,917,1.2191919837582192,0.5096000793635085,-0.24671298171110012,0.6861132352017661,0.16312390034108493,-0.18707732284299383,0.9243046764323274,0.26235788031430407,-0.2978268941440443,0.5330787485564531,0.34647617902242356,-0.05963565886810629
ALGN,Individual equity,,2016-2019,1006,1.539112133987522,0.4610390409406224,-0.21620337053800665,1.874815088978403,0.4307283102321333,-0.15937187056870195,0.21248095294859498,0.02308949057411014,-0.25202805068247847,-0.335702954990881,0.03031073070848911,-0.0568314999693047
ALGN,Individual equity,,2020-2022,756,0.539749292567489,0.14650695767978195,-0.3565234404416239,0.05175264568744264,-0.009632046134033234,-0.29514013146022433,0.6097187269809472,0.164446962943416,-0.2737547142553346,0.4879966468800464,0.15613900381381518,-0.06138330898139954
ALGN,Individual equity,,2023-present,917,1.2055798973660201,0.40842376640913103,-0.19262021038664778,0.8040981355894611,0.17908755677345356,-0.1173326378972559,0.7847493133121995,0.16878566354789148,-0.20901679638079607,0.40148176177655903,0.22933620963567747,-0.07528757248939189
ALK,Individual equity,,2016-2019,1006,0.9979982769870591,0.19761469811568122,-0.19447353070023476,0.6095272067820879,0.0819777272803841,-0.22446493151245983,0.784976436879543,0.10868696848579673,-0.1553553972266548,0.3884710702049712,0.11563697083529711,0.029991400812225066
ALK,Individual equity,,2020-2022,756,0.21630055103261472,0.011659405261021272,-0.5836704343094932,-0.7481816894401233,-0.14886632698784663,-0.4439553014049207,0.5098129591820177,0.12394346194132533,-0.3934406380664268,0.964482240472738,0.1605257322488679,-0.1397151329045725
ALK,Individual equity,,2023-present,917,1.739312398578044,0.6159385441145644,-0.3939260525875218,1.048991724935933,0.2249567936031096,-0.24759958371665014,1.415860404342937,0.32401890811239253,-0.2533171617810025,0.690320673642111,0.3909817505114548,-0.14632646887087164
ALL,Individual equity,,2016-2019,1006,1.0903918515224595,0.1112228546838383,-0.10976677551845837,1.834968735893923,0.16372121273221496,-0.04148886504404192,-0.5444103904120275,-0.033887897266765,-0.15307876039755175,-0.7445768843714635,-0.05249835804837666,-0.06827791047441645
ALL,Individual equity,,2020-2022,756,0.7439039579658946,0.14202344422865854,-0.22443122208953448,0.8794888083297905,0.11986878945687685,-0.1569347878481947,-0.059410040623914424,-0.022762761386877273,-0.2652261685273444,-0.1355848503638959,0.02215465477178169,-0.06749643424133978
ALL,Individual equity,,2023-present,917,0.22745938947897876,0.023199681842228204,-0.19229003486682228,0.7800857196593175,0.0832814442356491,-0.08551236365041659,-0.08259633938461103,-0.012969799070442711,-0.1649623907263138,-0.5526263301803387,-0.06008176239342089,-0.10677767121640569
ALLE,Individual equity,,2016-2019,1006,1.4954100388634162,0.21679318320094954,-0.07421261008234448,1.8594014379901558,0.2191541024308974,-0.04938768641226976,0.3282817266891331,0.025204159861472508,-0.15353838361672523,-0.3639913991267396,-0.0023609192299478554,-0.024824923670074717
ALLE,Individual equity,,2020-2022,756,0.027441522005253058,-0.022705677299939442,-0.4073736671445617,0.5832841789761766,0.07848356320470362,-0.12799363641837902,-0.38034552007402705,-0.08833336343743958,-0.39593997266116343,-0.5558426569709235,-0.10118924050464306,-0.27938003072618267
ALLE,Individual equity,,2023-present,917,1.2267420503472055,0.2431517297652852,-0.12681693839368435,1.4994836993110983,0.2303973486645352,-0.07941641234709373,0.221549938714271,0.020717257978482895,-0.11393850004790784,-0.27274164896389275,0.01275438110075,-0.04740052604659062
ALNY,Individual equity,,2016-2019,1006,0.289781661196086,0.042494550174672074,-0.404475235104126,0.6326934781328469,0.1453975923067865,-0.23622876465642295,-0.10174115653335274,-0.07465627877746994,-0.5488468122678225,-0.3429118169367609,-0.10290304213211443,-0.16824647044770302
ALNY,Individual equity,,2020-2022,756,0.12285587857257313,-0.010649829160232716,-0.3626476930151168,0.4827028737641562,0.09016459472357297,-0.26987864574413856,-0.08693256509846009,-0.0464312848754882,-0.32732346172599314,-0.3598469951915831,-0.10081442388380568,-0.09276904727097823
ALNY,Individual equity,,2023-present,917,0.45599295374376525,0.09498821444751271,-0.23546134665943963,0.45005300855576086,0.06007811185070122,-0.173571239507037,0.2919757115719336,0.04385227621525023,-0.18287494131892568,0.005939945188004392,0.03491010259681149,-0.06189010715240262
AMAT,Individual equity,,2016-2019,1006,1.1597100439252974,0.26719217299547227,-0.20830871675955265,1.6563211484295497,0.33048824905923224,-0.14493607949258303,-0.1310403106101377,-0.027032595495893874,-0.2417627640007879,-0.4966111045042523,-0.06329607606375998,-0.06337263726696962
AMAT,Individual equity,,2020-2022,756,0.5835761348840541,0.16318681709785143,-0.35156544061129746,0.8206990930789881,0.1836691771893768,-0.2771083860049133,-0.010984190678246047,-0.04723032869232213,-0.3650307693287488,-0.237122958194934,-0.020482360091525376,-0.07445705460638419
AMAT,Individual equity,,2023-present,917,1.068227149309577,0.34746365572137794,-0.23091633097274744,1.233266154619602,0.3487223854835415,-0.15502615314964296,0.08909320038603909,-0.0009332756508763085,-0.1866895441502664,-0.16503900531002502,-0.0012587297621635685,-0.07589017782310448
AMCR,Individual equity,,2016-2019,142,1.13206045236926,0.20014814056701447,-0.11433323814943497,0.544594070444741,0.061939280024856824,-0.07809731070003734,0.4296513523474582,0.055787978925323056,-0.07545233157689157,0.5874663819245189,0.13820886054215764,-0.03623592744939763
AMCR,Individual equity,,2020-2022,756,0.41620852601629704,0.06886152644692878,-0.3085563163164212,0.007760530781338365,-0.008223588597439102,-0.22756042142874944,0.5561964296864956,0.08136275947725813,-0.1489673870299627,0.40844799523495867,0.07708511504436788,-0.08099589488767178
AMCR,Individual equity,,2023-present,917,0.588384564352483,0.08352979250173487,-0.11539135174443782,0.6828454238138677,0.06520721260080364,-0.08888479724517939,0.23367814000056036,0.021677124031465933,-0.11757668145857036,-0.09446085946138472,0.018322579900931224,-0.026506554499258428
AMD,Individual equity,,2016-2019,1006,0.888758608627198,0.3049837094588095,-0.45997677159739137,1.239826948769567,0.4017518948274428,-0.24435337502970955,-0.1993977741927854,-0.06454701689331788,-0.34864340477254496,-0.351068340142369,-0.0967681853686333,-0.2156233965676818
AMD,Individual equity,,2020-2022,756,0.19495206907450724,0.0020345414039748544,-0.4416209132902911,0.8461926966021542,0.2043459834392467,-0.2118157234942193,-0.28588401801624547,-0.12296049583374136,-0.5326677856358397,-0.651240627527647,-0.20231144203527185,-0.22980518979607178
AMD,Individual equity,,2023-present,917,1.3986991870956853,0.6352299642080528,-0.2145945737716115,1.526268972034094,0.5863065282639879,-0.16230564138511783,0.13470716525756962,0.003324220703769143,-0.2348701070854361,-0.12756978493840876,0.0489234359440649,-0.05228893238649368
AME,Individual equity,,2016-2019,1006,1.3699088168723215,0.18056993375648434,-0.1048128988003505,1.6991093628516494,0.17258142013191402,-0.07757430355327122,0.25686226768026754,0.01848160409540056,-0.10296477134956017,-0.3292005459793279,0.007988513624570315,-0.027238595247079278
AME,Individual equity,,2020-2022,756,0.7633080082508571,0.15554599581777295,-0.1560091329597768,1.176735583811441,0.15494619270579313,-0.1069821600342662,0.06554804837421926,-0.003935292932639944,-0.20375814553002758,-0.41342757556058396,0.0005998031119798242,-0.049026972925510615
AME,Individual equity,,2023-present,917,0.6123234913482133,0.08454455439918696,-0.14816231916321376,0.5499929837062083,0.05920439662378496,-0.12571842568597302,0.3737585694459865,0.0318226459672204,-0.09521591311882582,0.062330507642004984,0.025340157775401995,-0.02244389347724074
AMGN,Individual equity,,2016-2019,1006,1.0322423156869442,0.14690039062697013,-0.17772926077810192,1.7468305545092229,0.20202242483224175,-0.08507582298950189,-0.21335416390374862,-0.024368352051588715,-0.17873113974271904,-0.7145882388222786,-0.05512203420527162,-0.09265343778860002
AMGN,Individual equity,,2020-2022,756,0.5461556333617408,0.08163051150865908,-0.14922831315618856,0.6820393385391087,0.07852755241289366,-0.12798132711375132,0.3272173990661994,0.03449258745034944,-0.1099607585607274,-0.13588370517736792,0.003102959095765412,-0.021246986042437244
AMGN,Individual equity,,2023-present,917,0.7267956800590549,0.12271892557815423,-0.30057309240520513,1.40345019967241,0.2227843182014333,-0.0925635872795042,-0.42410031830118866,-0.05159621147426818,-0.2521142761183732,-0.6766545196133551,-0.10006539262327907,-0.20800950512570093
AMP,Individual equity,,2016-2019,1006,0.9041803291790065,0.15467742347419566,-0.16257696237722907,1.4570853994528274,0.20126313604356927,-0.07545846662245204,-0.09209033340004441,-0.018635267559812152,-0.2521946029321418,-0.552905070273821,-0.046585712569373605,-0.08711849575477704
AMP,Individual equity,,2020-2022,756,0.8153281637192731,0.26828641107159745,-0.3524933803257485,1.3000540948401178,0.29471440087440604,-0.17692384822372886,0.08977333097242433,-0.022099038987616226,-0.37320373649749616,-0.4847259311208447,-0.026427989802808582,-0.17556953210201964
AMP,Individual equity,,2023-present,917,1.0538997285244616,0.18107495345492453,-0.13833819448956453,1.4031940390988031,0.17247713487973182,-0.06657914186047242,0.08914116193184544,0.0033234323449813363,-0.1978648920812589,-0.34929431057434157,0.008597818575192706,-0.0717590526290921
AMT,Individual equity,,2016-2019,1006,1.0904721874535306,0.1362845975280429,-0.12694980447732673,1.767456611357409,0.19993338513111159,-0.06104612716725166,-0.5929771779870611,-0.04283235744383984,-0.17988848293329573,-0.6769844239038785,-0.06364878760306869,-0.06590367731007507
AMT,Individual equity,,2020-2022,756,0.7028677935113378,0.14793796637808487,-0.26299545990917617,0.3467841729586565,0.04013977980279204,-0.17684499850039537,0.6109147170245508,0.1042749252051709,-0.22547329544374284,0.3560836205526813,0.10779818657529283,-0.0861504614087808
AMT,Individual equity,,2023-present,917,0.6013543218232056,0.09820531570979596,-0.21396979467356914,0.40977069320719767,0.0425718769180925,-0.17191162556393458,0.718527160997909,0.09845151773583982,-0.10446913568591232,0.19158362861600792,0.05563343879170346,-0.04205816910963456
AMZN,Individual equity,Mega-cap 7,2016-2019,1006,1.2022893013508933,0.21226219744159813,-0.19673908680091,1.7765331050619193,0.24589505948177015,-0.08635142502548498,-0.29887169194350305,-0.041270785328094584,-0.20470823993757337,-0.574243803711026,-0.03363286204017202,-0.11038766177542503
AMZN,Individual equity,Mega-cap 7,2020-2022,756,1.317890929338256,0.3893872167487107,-0.15713773578509316,1.2233123238966588,0.21238240909097805,-0.09022919428725751,0.7440687931669265,0.15146651238866915,-0.14166751184343407,0.09457860544159713,0.17700480765773263,-0.06690854149783565
AMZN,Individual equity,Mega-cap 7,2023-present,917,0.986324753227609,0.22249629724283815,-0.1557396240467006,1.2484042447119772,0.2424249383717525,-0.107856151470611,0.0893258534665902,0.003021876844878202,-0.19047492142880273,-0.26207949148436815,-0.01992864112891435,-0.0478834725760896
ANET,Individual equity,,2016-2019,1006,1.2479196272465736,0.31588350511904006,-0.16448515798478225,1.7325519759781374,0.3731332167543444,-0.13817332788836467,-0.41397205204501103,-0.08004396422887805,-0.3897341797067856,-0.4846323487315638,-0.057249711635304346,-0.026311830096417577
ANET,Individual equity,,2020-2022,756,1.2500396256776904,0.38295846464339034,-0.22283827425837732,1.5394496633570232,0.3488431680922621,-0.11387609949290645,0.2750078389687714,0.036346424936529065,-0.20194289294212575,-0.2894100376793327,0.034115296551128216,-0.10896217476547088
ANET,Individual equity,,2023-present,917,1.2558284508079147,0.3774615992680568,-0.25580923669745514,1.6954643982790276,0.42002447917348396,-0.16826340558645891,0.0007680871488696468,-0.0184556890927271,-0.2615742640087583,-0.4396359474711129,-0.042562879905427176,-0.08754583111099623
AON,Individual equity,,2016-2019,1006,1.0725325939234205,0.10480249496635952,-0.11421850522146637,1.2796895708775535,0.10487191669912899,-0.10627735535284277,-0.18927396351214432,-0.014748316575650011,-0.12938950175994568,-0.20715697695413304,-6.942173276947017e-05,-0.007941149868623598
AON,Individual equity,,2020-2022,756,0.5932022324615844,0.11370447369965109,-0.33480162487371024,0.8918254001636794,0.12579087437039704,-0.21073739033883565,-0.03523607763721946,-0.02158996948093339,-0.271259108694788,-0.29862316770209496,-0.012086400670745956,-0.12406423453487458
AON,Individual equity,,2023-present,917,0.5629144268394379,0.0685750389770543,-0.20480618848526433,0.8077165837397478,0.07181095732700427,-0.07990472000859439,-0.09196127185754062,-0.01394554083605315,-0.21064383902054618,-0.24480215690030982,-0.003235918349949962,-0.12490146847666994
AOS,Individual equity,,2016-2019,1006,1.4331413280114822,0.21002288713141337,-0.12229762015588708,1.430146436241481,0.15756351332352359,-0.07293906560808361,0.6045356271576299,0.05460941871130265,-0.13339010192317202,0.002994891770001118,0.052459373807889786,-0.04935855454780347
AOS,Individual equity,,2020-2022,756,0.8423744858898629,0.1913308252704793,-0.2143070068246692,0.5649463049070125,0.0793967847358521,-0.15133869879345463,0.5913797807181628,0.096974857132055,-0.25248459899035547,0.2774281809828504,0.11193404053462719,-0.06296830803121456
AOS,Individual equity,,2023-present,917,0.2938967407261433,0.03549724739924609,-0.21504438750139176,0.4579269552623416,0.04999260880596923,-0.09980807668503022,0.014253061566610752,-0.004706824321900949,-0.2263767676665983,-0.16403021453619832,-0.01449536140672314,-0.11523631081636154
APA,Individual equity,,2016-2019,1006,0.8472060645233934,0.22560386713013436,-0.3035775588329168,0.44116580911383546,0.07261630829866994,-0.19989736438908845,0.7462148826648867,0.1431942069652603,-0.21917608057885263,0.40604025540955796,0.15298755883146442,-0.10368019444382837
APA,Individual equity,,2020-2022,756,0.9785222446970249,0.577541248960002,-0.6770047202194762,1.0612725843154625,0.41403884036062477,-0.23213455553979412,0.4164300453913711,0.08720073225610592,-0.6652944890791677,-0.08275033961843759,0.16350240859937726,-0.4448701646796821
APA,Individual equity,,2023-present,917,0.9358496427990989,0.24455348528458543,-0.22171490517233805,1.0488101139329338,0.19602940569040483,-0.22132556795631564,0.40578325972818735,0.06665826015818488,-0.19174919479045782,-0.1129604711338349,0.04852407959418059,-0.0003893372160224118
APD,Individual equity,,2016-2019,1006,0.7355872492043406,0.07659057020081717,-0.14492965195977792,1.3114388612882835,0.11550566772492576,-0.09821746159364286,-0.4805858650170199,-0.03443966014426292,-0.14043520054765957,-0.5758516120839429,-0.0389150975241086,-0.046712190366135053
APD,Individual equity,,2020-2022,756,1.251143102315806,0.2529491868166249,-0.1640451263041861,1.5753098186152001,0.25720417167568455,-0.08482044306103886,0.12081589731879297,0.007342797558755665,-0.17457749660000588,-0.3241667162993942,-0.004254984859059618,-0.07922468324314724
APD,Individual equity,,2023-present,917,0.7228251165899687,0.11287640656244924,-0.16485157254465077,0.6279915260746313,0.06423688769106217,-0.08369295260481358,0.5438035051813125,0.06652729046888561,-0.17451205789975222,0.09483359051533746,0.048639518871387066,-0.0811586199398372
APH,Individual equity,,2016-2019,1006,1.5646108909436631,0.22151430513298243,-0.0816057479039658,1.921764393478805,0.20419135296283142,-0.05385458101018936,0.1972027540410216,0.013953149391088937,-0.12256325174799998,-0.3571535025351418,0.017322952170151007,-0.027751166893776436
APH,Individual equity,,2020-2022,756,0.5627738463716604,0.10703104861577128,-0.20285226812167978,0.9047372584871801,0.13516033094823965,-0.1002028678420579,0.06103729578336431,-0.003291892619667336,-0.24938211437563795,-0.3419634121155197,-0.028129282332468364,-0.10264940027962188
APH,Individual equity,,2023-present,917,0.8851322119327165,0.17216237109480392,-0.20237862558893494,1.6141258724292642,0.27667936452141295,-0.12019205695190527,-0.6209660004055388,-0.08186628242854799,-0.29581878525747185,-0.7289936604965477,-0.10451699342660903,-0.08218656863702967
APO,Individual equity,,2016-2019,1006,1.1252119899392767,0.22362012120195573,-0.13647250732836758,1.5923073720848064,0.275012856854125,-0.10111773591583628,-0.3945322595984356,-0.05013191714089438,-0.23510440306230063,-0.4670953821455297,-0.051392735652169286,-0.035354771412531294
APO,Individual equity,,2020-2022,756,0.9289625387537397,0.25896076791913836,-0.2083858628833617,1.1342010289429791,0.2189631866411006,-0.16004484702326072,0.14498704349738278,0.00728364434131179,-0.2800102357528015,-0.20523849018923945,0.039997581278037764,-0.04834101586010098
APO,Individual equity,,2023-present,917,1.3462642597909096,0.3552867510688156,-0.1950431190801718,1.4682666280237708,0.3039501591763001,-0.13846417284096757,0.20664430805398284,0.02081220320170507,-0.18559301756181945,-0.12200236823286126,0.05133659189251549,-0.05657894623920423
APP,Individual equity,,2020-2022,433,1.3315467541997772,0.8232046647482218,-0.3961548334077669,0.5826856578433574,0.15314046009340054,-0.3380665880497411,1.3098969950376464,0.6491352514153188,-0.32914936733984224,0.7488610963564198,0.6700642046548213,-0.058088245358025814
APP,Individual equity,,2023-present,917,1.2601916427116497,0.6570216546616743,-0.49386694660568886,1.916501083457712,0.9482215330908115,-0.3374113114663816,-0.2569419329797717,-0.12154277153885085,-0.5366701782235213,-0.6563094407460623,-0.2911998784291372,-0.15645563513930727
APTV,Individual equity,,2016-2019,532,1.0757254795411515,0.2268640299325133,-0.16179690015309467,0.5816645994132899,0.0749224504850785,-0.13332204295078987,1.118132477001683,0.1963150059297445,-0.09914210499424347,0.49406088012786165,0.1519415794474348,-0.028474857202304804
APTV,Individual equity,,2020-2022,756,0.7852848051582383,0.23610797197864009,-0.33334768660080005,0.9773404766093117,0.19685519033330046,-0.18229059568938388,0.26795955882852407,0.037729245923919574,-0.2888133536785603,-0.19205567145107338,0.03925278164533963,-0.15105709091141617
APTV,Individual equity,,2023-present,917,1.1071768192633824,0.30796977246324375,-0.23514989699832423,1.0287471743032441,0.15134953823399533,-0.12912353133306376,0.6287932437070484,0.12838982259753928,-0.23478475191824288,0.07842964496013827,0.15662023422924842,-0.10602636566526047
ARE,Individual equity,,2016-2019,1006,0.7062390934654261,0.07468211508317779,-0.21601987867440386,1.4034803251603174,0.13313742415461927,-0.08742198408737845,-0.71863783521517,-0.04785317219916607,-0.19017518473937944,-0.6972412316948913,-0.058455309071441475,-0.12859789458702542
ARE,Individual equity,,2020-2022,756,0.652818560649069,0.1378622629657078,-0.29115338570114435,0.48985731200799854,0.05973704019132198,-0.156813594157592,0.4323834692705024,0.06975221492042816,-0.24790105215737224,0.16296124864107042,0.07812522277438583,-0.13433979154355236
ARE,Individual equity,,2023-present,917,1.0861692036924386,0.3043116671383672,-0.1982472972543573,0.7603728188539826,0.106714626514268,-0.1564647848091668,0.8740687368120346,0.19838757268116414,-0.19318668471871214,0.3257963848384561,0.19759704062409922,-0.04178251244519049
ARES,Individual equity,,2016-2019,1006,1.4090798362627976,0.2952047050780324,-0.15095461054307524,1.508412584956429,0.26791028640567704,-0.10908343949399657,-0.07407759036275981,-0.015325092606943702,-0.23229821999993105,-0.09933274869363129,0.02729441867235538,-0.04187117104907867
ARES,Individual equity,,2020-2022,756,0.8681225338237261,0.22344771535156327,-0.32359418476089097,1.1985308353525335,0.23535411720931143,-0.18352748161424426,0.1306771097856963,0.006098138585502566,-0.2260845235562723,-0.3304083015288074,-0.011906401857748161,-0.1400667031466467
ARES,Individual equity,,2023-present,917,0.8293100347121642,0.19767837484931694,-0.2138632831970052,1.1388346205706132,0.2172620142717001,-0.11451497400660693,0.1335864560003874,0.007828676734133344,-0.2257997826933249,-0.309524585858449,-0.01958363942238317,-0.09934830919039828
ARKK,Factor/style ETF,,2016-2019,1006,1.3935678043880093,0.2452216845675994,-0.13145577629490746,1.5705766317951493,0.20757158506547668,-0.14008363927561218,0.34847539007329975,0.033303793785758096,-0.08866434961099245,-0.17700882740713997,0.037650099502122725,0.008627862980704726
ARKK,Factor/style ETF,,2020-2022,756,1.2581181637780248,0.5240853704960546,-0.401026501970856,1.369993744594872,0.28486091663330537,-0.23358449041054852,0.5677079147371001,0.14695719116832118,-0.37190259824574623,-0.11187558081684723,0.23922445386274926,-0.16744201156030747
ARKK,Factor/style ETF,,2023-present,917,1.1871796565107746,0.3402205431423788,-0.26386549573512175,1.4276261904533163,0.3175450172923473,-0.2171108200066303,0.1503637600869961,0.010711592433752415,-0.18314940767863463,-0.24044653394254167,0.02267552585003152,-0.04675467572849146
ARKX,Individual equity,,2020-2022,444,0.760719378538069,0.14525482435517434,-0.15391588698165792,-0.2054506131786724,-0.024180482771421152,-0.1315721265400729,1.010050562998726,0.18246588825820864,-0.13430965516809856,0.9661699917167414,0.1694353071265955,-0.022343760441585037
ARKX,Individual equity,,2023-present,917,1.2671874292183678,0.24084499231139977,-0.12202743285949746,1.7232366924902376,0.2556383589701616,-0.08114609088255764,-0.10863060218505416,-0.02053684305309611,-0.17039913396260087,-0.4560492632718698,-0.014793366658761853,-0.04088134197693982
ARM,Individual equity,,2023-present,742,1.8599427238534343,1.1089412983022005,-0.3097208358268225,1.766352815619277,0.6825885704011665,-0.11836316961511861,0.8844081499384489,0.26455603736643973,-0.3335830559882048,0.09358990823415736,0.42635272790103396,-0.19135766621170391
ASML,Individual equity,,2016-2019,1006,0.338200472920002,0.04447618446275459,-0.32205785682884436,1.249675051998085,0.18436330059701622,-0.1365617797855918,-1.3587801718807215,-0.12967147559166303,-0.44281738970913387,-0.911474579078083,-0.13988711613426164,-0.18549607704325255
ASML,Individual equity,,2020-2022,756,1.0403198035835728,0.35816693758223206,-0.1898073377849433,1.3032403464389082,0.31395216408315685,-0.18579970906702714,0.2554312434349724,0.03365021551597058,-0.34721732571910424,-0.2629205428553354,0.04421477349907521,-0.004007628717916156
ASML,Individual equity,,2023-present,917,0.7307617384884811,0.19301316605663454,-0.2253702599721088,1.0705501658140262,0.2573803339896472,-0.20272522990890285,0.043659304767795525,-0.00989786963678485,-0.2042974084179484,-0.33978842732554504,-0.06436716793301267,-0.02264503006320595
ASTS,Individual equity,,2020-2022,756,0.6593126205045446,0.2226263259696506,-0.3364052945715639,-0.12369651204971817,-0.04186219373940858,-0.24044575001978763,0.8275045202512725,0.3089049578497174,-0.35051527764873447,0.7830091325542629,0.2644885197090592,-0.09595954455177624
ASTS,Individual equity,,2023-present,917,0.7067178828452138,0.2851783596827804,-0.5345764112450315,1.110114392435382,0.5317896865191074,-0.3663005153934418,-0.20700704695915714,-0.20203446749155474,-0.7734718427099188,-0.40339650959016826,-0.24661132683632703,-0.16827589585158975
ASX,Individual equity,,2016-2019,1006,1.0099538245465942,0.18832366922678356,-0.15326582595510585,0.9395889225029497,0.12626307485884758,-0.11088546270821742,0.6323076163156779,0.08234410902566602,-0.19204196717991107,0.07036490204364454,0.062060594367935984,-0.04238036324688843
ASX,Individual equity,,2020-2022,756,0.7342912011668223,0.19376077112314594,-0.295869665749233,0.7618661413267326,0.14673821001745635,-0.29290473027797537,0.2919268137748533,0.04100548904267631,-0.158031368190777,-0.027574940159910244,0.047022561105689586,-0.002964935471257646
ASX,Individual equity,,2023-present,917,1.2195480568541186,0.35710248447865145,-0.24368296428900393,1.4383402874944546,0.3763489775942823,-0.15224181102469647,0.020516098233266607,-0.00927946892680187,-0.1780135186533709,-0.21879223064033604,-0.01924649311563087,-0.09144115326430746
ATO,Individual equity,,2016-2019,1006,0.5832502535432482,0.05666642427484736,-0.09678198369789537,0.7585963593166357,0.0625010489558131,-0.07200532329540066,-0.17925428801972493,-0.012547292157250034,-0.12014737338221171,-0.1753461057733875,-0.005834624680965739,-0.02477666040249471
ATO,Individual equity,,2020-2022,756,0.2582209240089172,0.031163659022179324,-0.28507155244297644,0.20525622143061756,0.01847484715463721,-0.20948460741241892,-0.05071100876236266,-0.017010245566763893,-0.2045301320371944,0.05296470257829966,0.012688811867542116,-0.07558694503055752
ATO,Individual equity,,2023-present,917,-0.029177181241102336,-0.010981275436789617,-0.1716790369512382,0.42057034374564123,0.03345170147680432,-0.07861267222441715,-0.46142787696501786,-0.04286567959960497,-0.21759054245051068,-0.4497475249867436,-0.044432976913593936,-0.09306636472682106
AVAV,Individual equity,,2016-2019,1006,0.9886652689871561,0.23535780970802223,-0.20223096511648786,1.1871406794609585,0.20200295967961068,-0.15986742358877504,0.3762251916894617,0.053707111890921366,-0.1787190804465839,-0.19847541047380235,0.03335485002841154,-0.04236354152771282
AVAV,Individual equity,,2020-2022,756,0.9497622542669353,0.2626656958432594,-0.23161613369170342,1.057974243896676,0.21167382253703715,-0.10883420165208169,0.34878891939878415,0.052455378200977565,-0.23744426435230148,-0.10821198962974066,0.050991873306222235,-0.12278193203962173
AVAV,Individual equity,,2023-present,917,1.4767412663671005,0.5602885990657782,-0.25356172975431035,1.758070083589203,0.4707946179984033,-0.19259114360330054,0.30996805498433233,0.04778043235253726,-0.288100462146924,-0.28132881722210246,0.08949398106737494,-0.06097058615100981
AVGO,Individual equity,,2016-2019,1006,0.3109955653266996,0.041960341100409915,-0.21990849343888774,0.6930998691371559,0.08847899879630172,-0.13664367784752673,-0.12520117228631478,-0.025709048516450395,-0.30499867589119734,-0.38210430381045635,-0.04651865769589181,-0.08326481559136101
AVGO,Individual equity,,2020-2022,756,0.9761567627453012,0.276304988503256,-0.27031146344797974,1.1752246912094988,0.2333463695210647,-0.12417988366964494,0.27991900138295517,0.03926470520616254,-0.19808284072148974,-0.19906792846419763,0.04295861898219133,-0.1461315797783348
AVGO,Individual equity,,2023-present,917,0.923801334302323,0.28862880030528704,-0.25396165854581243,1.3259760410016392,0.3659668317186322,-0.15695891559121178,-0.2416876119980428,-0.0708434408377806,-0.28928156485444323,-0.4021747066993162,-0.07733803141334517,-0.09700274295460065
AVY,Individual equity,,2016-2019,1006,1.3070620109621003,0.1785582810442572,-0.11497252882825548,1.5920716067230434,0.1709623783510752,-0.08182665804074674,-0.0509683253739029,-0.008124284897620848,-0.12877913037214528,-0.2850095957609431,0.0075959026931819995,-0.03314587078750875
AVY,Individual equity,,2020-2022,756,0.9119720135246633,0.21736260096630522,-0.2248956683309271,0.820673588244543,0.13602247584993554,-0.16291137416307555,0.37503051282651534,0.05332199002110394,-0.1696057160374661,0.09129842528012033,0.08134012511636968,-0.06198429416785156
AVY,Individual equity,,2023-present,917,0.252212832922351,0.025925173471423424,-0.16451640380177923,0.4425547545485256,0.03645488382667117,-0.13994912912684898,-0.0009486398639521275,-0.006284684638678262,-0.17121792030593885,-0.19034192162617458,-0.010529710355247746,-0.02456727467493025
AWK,Individual equity,,2016-2019,1006,0.8205136133443706,0.09056612759194693,-0.16206355166704423,1.343614106547388,0.13116220582614369,-0.11273503940743879,-0.4899725795101114,-0.0329164289199535,-0.19590063320190865,-0.5231004932030175,-0.04059607823419675,-0.04932851225960544
AWK,Individual equity,,2020-2022,756,0.43142162496708664,0.06483511042271739,-0.21836915551957714,0.587037319999293,0.0679243808179919,-0.1639970410519127,0.11244742055132145,0.005685987873776055,-0.2292984436213058,-0.15561569503220635,-0.0030892703952745126,-0.054372114467664434
AWK,Individual equity,,2023-present,917,0.3648266850604038,0.04478178570681335,-0.20055155735005847,0.2113179804854998,0.017016074776091905,-0.1624475057859539,0.3789066245770198,0.03789819845397058,-0.14206660855616426,0.15350870457490398,0.027765710930721443,-0.03810405156410457
AXON,Individual equity,,2016-2019,1006,1.2511089364173817,0.32302058004888323,-0.2438586045461485,2.027246126426398,0.42131653400083047,-0.11391135589399282,-0.07744900487462261,-0.027584003858734274,-0.3135907026228466,-0.7761371900090164,-0.09829595395194723,-0.12994724865215568
AXON,Individual equity,,2020-2022,756,0.9041701020561965,0.3186704097990498,-0.2940640747570693,1.4491045586216036,0.41083561383151923,-0.13408780792747577,-0.06673844681926219,-0.060293254164165866,-0.33725771685953054,-0.5449344565654071,-0.09216520403246942,-0.15997626682959354
AXON,Individual equity,,2023-present,917,0.31484521346620475,0.04947572910469611,-0.27568091982198417,0.6095432495213028,0.10729897483009365,-0.2906716631503271,-0.046095749084968454,-0.02274000571188839,-0.26940704381753255,-0.29469803605509803,-0.05782324572539754,0.014990743328342937
AXP,Individual equity,,2016-2019,1006,1.1594830163392171,0.14891679233064514,-0.17177393391509765,1.627103240593181,0.16621886905034766,-0.11375938781357797,-0.243370704642644,-0.024192795208662354,-0.16491166056089934,-0.46762022425396377,-0.01730207671970252,-0.05801454610151968
AXP,Individual equity,,2020-2022,756,0.038760324974323135,-0.025600902234732326,-0.37315694648715503,0.507177573248759,0.05854681549708052,-0.13778005622982314,-0.25410984154023913,-0.08358269648051786,-0.37826794607060366,-0.46841724827443587,-0.08414771773181284,-0.23537689025733188
AXP,Individual equity,,2023-present,917,1.3019711408114554,0.26025939862045133,-0.09594822002713277,1.4868226389601833,0.2124287522825805,-0.08065735319787304,0.40183376883675476,0.047424104376629694,-0.12281825794608325,-0.18485149814872792,0.04783064633787082,-0.01529086682925973
AZO,Individual equity,,2016-2019,1006,0.8905510223548544,0.14623047272351597,-0.13269309971236398,0.9427069926135629,0.11477543674918511,-0.0922335632823641,0.3413085669786193,0.03410406382132547,-0.10954802759842064,-0.05215597025870855,0.03145503597433086,-0.04045953642999989
AZO,Individual equity,,2020-2022,756,0.944096313952132,0.21571927772422383,-0.15931288468780902,1.7013372594892429,0.29425084039140037,-0.09571302893962341,-0.3604173345574836,-0.07536514438003394,-0.3690656012945076,-0.7572409455371109,-0.07853156266717654,-0.06359985574818561
AZO,Individual equity,,2023-present,917,0.17605658023887819,0.015189266480671648,-0.16031803253134636,0.44039868042084684,0.042530139927675625,-0.11137969016847915,-0.09950747326692787,-0.015337153081279364,-0.1781120588872478,-0.2643421001819687,-0.027340873447003977,-0.048938342362867204
BA,Individual equity,,2016-2019,1006,0.8426236939472602,0.12592125503279616,-0.212350438790454,1.6409218985171343,0.19733272961194803,-0.12572948016511032,-0.5079317587653929,-0.05729367739986879,-0.24134169393568605,-0.7982982045698741,-0.07141147457915187,-0.08662095862534369
BA,Individual equity,,2020-2022,756,0.8308406956861917,0.3162257149983503,-0.44287149530529957,1.0236396113236141,0.23690980893286406,-0.23507698844747227,0.3967222239127855,0.0840340158794799,-0.6025740480906814,-0.19279891563742246,0.07931590606548622,-0.2077945068578273
BA,Individual equity,,2023-present,917,0.8407697159776304,0.1645937653320393,-0.25091487184851347,1.0125874110045296,0.13071523357666592,-0.1496429789268613,0.2097021699926723,0.02106821441760487,-0.16204229462820696,-0.17181769502689925,0.033878531755373364,-0.10127189292165217
BABA,Individual equity,,2016-2019,1006,0.7756805795384643,0.1548380342536635,-0.23824032390346883,1.2894614474682233,0.21604179686107572,-0.14526262067050766,-0.0988592401206446,-0.02477486816344343,-0.18191219788479784,-0.5137808679297591,-0.061203762607412227,-0.09297770323296117
BABA,Individual equity,,2020-2022,756,1.098832671893155,0.3638814639787502,-0.1791624007007444,0.13583494955197759,0.007305534264960167,-0.20435564474051326,1.2559822927242745,0.3524947941564993,-0.20922822583204304,0.9629977223411773,0.35657592971379004,0.02519324403976886
BABA,Individual equity,,2023-present,917,1.2850477842908348,0.42460914732713473,-0.42347061907923556,1.2536755853580257,0.3265293743978166,-0.2842139100713411,0.6684530509673937,0.11676899556763187,-0.2793675054922573,0.03137219893280907,0.09807977292931813,-0.13925670900789444
BAC,Individual equity,,2016-2019,1006,1.2632213767196354,0.22776757473806275,-0.12968204750116719,1.7155927430471418,0.2310316642990382,-0.08157229914144792,0.145716653820248,0.010447130462675425,-0.14044231144221475,-0.4523713663275064,-0.0032640895609754583,-0.04810974835971926
BAC,Individual equity,,2020-2022,756,0.5760044759789481,0.1384862770865205,-0.39344183058526216,0.840296995921867,0.1278519935357485,-0.1896330243821276,0.2005488085725416,0.01787788987397998,-0.42188454601292424,-0.2642925199429189,0.010634283550772006,-0.20380880620313457
BAC,Individual equity,,2023-present,917,1.108976999466194,0.2079727271455718,-0.16463467112997987,1.1135723394714405,0.15434620454678272,-0.11677283068867828,0.4239258956882018,0.04645618653014383,-0.12222331652527463,-0.004595340005246529,0.053626522598789084,-0.047861840441301595
BALL,Individual equity,,2016-2019,1006,0.7754080272307196,0.09950311096511344,-0.17163680671272052,0.9621335307052659,0.09330742455664742,-0.0867230439496024,0.14990204812438365,0.009851043706107232,-0.13309135165320796,-0.1867255034745463,0.006195686408466017,-0.08491376276311813
BALL,Individual equity,,2020-2022,756,0.5401449346186153,0.10069785463886793,-0.24531458177624943,0.4984110286563179,0.054653669765778234,-0.1907395485775284,0.3857765846757291,0.057330366319642945,-0.2287692149587106,0.041733905962297424,0.0460441848730897,-0.054575033198721035
BALL,Individual equity,,2023-present,917,0.8056464797155236,0.13676185553407239,-0.19338013796779674,0.9265170132235598,0.11206836544448961,-0.11925060041763869,0.12182522323950001,0.007381240858804761,-0.20803536336037765,-0.12087053350803623,0.02469349008958277,-0.07412953755015805
BAX,Individual equity,,2016-2019,1006,1.4391735023581358,0.19995854388744383,-0.12843316149181272,2.323371252799587,0.25875802746837584,-0.05290497215219914,-0.46409731821433836,-0.042573928097128455,-0.17893913945314155,-0.8841977504414511,-0.05879948358093201,-0.07552818933961358
BAX,Individual equity,,2020-2022,756,0.24034506502540048,0.02661874486348914,-0.193887661727289,0.39469460704900067,0.03310163168421698,-0.11229168270660694,-0.06830235102005028,-0.019540244834643894,-0.14619412330534043,-0.15434954202360018,-0.00648288682072784,-0.08159597902068205
BAX,Individual equity,,2023-present,917,1.5034062051807093,0.40307680786118194,-0.1492012444265316,1.5283225757135568,0.21849009426356036,-0.08173530870688628,0.7848475551238729,0.1557007533642336,-0.18560875849374736,-0.024916370532847454,0.18458671359762158,-0.06746593571964532
BBY,Individual equity,,2016-2019,1006,0.5961045858376877,0.10073406849322808,-0.23905447984436856,1.0332657150178257,0.15001563914064264,-0.16696525637872717,-0.2271184686134424,-0.035672362861211226,-0.20370227309004596,-0.43716112918013805,-0.04928157064741456,-0.0720892234656414
BBY,Individual equity,,2020-2022,756,0.5406331176519893,0.1296077796173054,-0.3212737051779502,1.0586176345521539,0.2114157496681428,-0.1867798697356935,-0.20976232219892332,-0.08191556568380565,-0.3805530194576814,-0.5179845169001646,-0.0818079700508374,-0.13449383544225668
BBY,Individual equity,,2023-present,917,0.3982132376953434,0.06964131621495762,-0.300054594204369,0.6979348860865623,0.09519713835914345,-0.15144343729229026,-0.05113058634330103,-0.028111460424560586,-0.2677266421464011,-0.2997216483912189,-0.025555822144185836,-0.1486111569120787
BDX,Individual equity,,2016-2019,1006,0.3528889292104194,0.03558918001924671,-0.2163431082302565,1.0573919225836694,0.09953198655582818,-0.12248253064229053,-0.790957655043735,-0.06395060671665387,-0.2318910031445779,-0.7045029933732501,-0.06394280653658146,-0.09386057758796595
BDX,Individual equity,,2020-2022,756,0.514918311146443,0.07867751477572726,-0.15501913487711994,1.1336313568808207,0.12030991819298609,-0.06715129961822097,0.11442835149158687,0.0058788992929124095,-0.18024099872609967,-0.6187130457343777,-0.04163240341725882,-0.08786783525889896
BDX,Individual equity,,2023-present,917,0.49018357641719223,0.0756169960266655,-0.22476968309277057,0.6872646610081027,0.0685407974104193,-0.09670196915043172,0.1218297095523213,0.007480700354928871,-0.18144987909063182,-0.19708108459091045,0.007076198616246199,-0.12806771394233885
BEN,Individual equity,,2016-2019,1006,0.420113733702043,0.056397474874938736,-0.17320965883960626,0.15339018979202348,0.01062367976650025,-0.1462083057855923,0.35091687342254585,0.03690461723720362,-0.17510719888042092,0.2667235439100195,0.045773795108438486,-0.027001353054013966
BEN,Individual equity,,2020-2022,756,0.6760855185724124,0.15740148140894417,-0.34038520969589625,0.8477648343280367,0.15237180686270424,-0.17871808226589958,0.09639739602932108,-0.00020835885047632008,-0.2751634927117603,-0.17167931575562434,0.005029674546239926,-0.16166712742999667
BEN,Individual equity,,2023-present,917,1.2431353366932099,0.25713595326121075,-0.25748233542613463,1.229157499673,0.17854301349594204,-0.147665313470419,0.5261790625257065,0.06668652638492678,-0.17841567017925342,0.013977837020209938,0.07859293976526871,-0.10981702195571563
BF.B,Individual equity,,2016-2019,1006,0.7149627119431332,0.0806687122990859,-0.18369416798707638,1.2771263733214289,0.1194743557128024,-0.11390791817554413,-0.5229535260736901,-0.041226239757303884,-0.16090081470169137,-0.5621636613782957,-0.038805643413716506,-0.06978624981153225
BF.B,Individual equity,,2020-2022,756,0.33147968708555536,0.04691891830199335,-0.3170628394108983,0.6542785481438661,0.07427941150924733,-0.14059721193729247,-0.031555758775523475,-0.016903959953527226,-0.3343426809493185,-0.32279886105831074,-0.027360493207253977,-0.17646562747360584
BF.B,Individual equity,,2023-present,917,0.63614101921983,0.12549066520734664,-0.24917727147661106,-0.12356412583314592,-0.022080258279998155,-0.208195537865283,0.7628271677896507,0.13524512174524084,-0.1231690125258812,0.7597051450529759,0.1475709234873448,-0.040981733611328064
BG,Individual equity,,2016-2019,1006,0.006530958830058199,-0.00898001907768231,-0.2185989741999831,0.2649043763065717,0.020908157956867734,-0.11351979974838633,-0.17945597901452767,-0.02420050478745439,-0.15723360391893193,-0.2583734174765135,-0.029888177034550045,-0.10507917445159676
BG,Individual equity,,2020-2022,756,1.1726262214897818,0.3194487746863752,-0.26702723319894006,1.4598542432141484,0.2801553549599676,-0.16332767863372988,0.18481571516231404,0.017554462035733964,-0.3170421547756045,-0.28722802172436657,0.03929341972640765,-0.10369955456521018
BG,Individual equity,,2023-present,917,0.2421415559299262,0.026007387141686378,-0.34999081018320266,0.39366491819775845,0.040991255869513354,-0.17918025041256802,0.07224167796644375,0.0017672276635181117,-0.2539386458417907,-0.15152336226783225,-0.014983868727826977,-0.17081055977063464
BIDU,Individual equity,,2016-2019,1006,0.9826997531711599,0.2125740306888113,-0.16133728457694663,0.8506589600978589,0.11862709317306996,-0.08519574613094583,0.6058584959463478,0.09530619216697733,-0.1449446407522874,0.13204079307330097,0.09394693751574135,-0.0761415384460008
BIDU,Individual equity,,2020-2022,756,1.3489701527867437,0.5828442047218143,-0.24230574027507468,1.1053055179482225,0.2875935569949355,-0.15081442353260954,0.799706118437126,0.21877077921450283,-0.3277190894066764,0.2436646348385212,0.2952506477268788,-0.09149131674246513
BIDU,Individual equity,,2023-present,917,0.542653352586727,0.130935680105563,-0.3706962143413731,0.41427390287679244,0.07441788493566026,-0.34190927700319784,0.2019972854615043,0.020407165330363686,-0.2625709524035985,0.12837944970993453,0.05651779516990274,-0.028786937338175278
BIIB,Individual equity,,2016-2019,1006,0.5846415353407743,0.09264210178851706,-0.25674768272037707,0.7714174168647262,0.09036324542237706,-0.11545683488676306,-0.07022162237429211,-0.017915621385701908,-0.24705260252536487,-0.18677588152395186,0.002278856366140003,-0.141290847833614
BIIB,Individual equity,,2020-2022,756,-0.1965734332385053,-0.06638740168622514,-0.3518168670908648,-0.3760719641323217,-0.0616637707414226,-0.3111492256975724,0.23210593106013547,0.026179869172453074,-0.20389508006211865,0.1794985308938164,-0.004723630944802548,-0.040667641393292375
BIIB,Individual equity,,2023-present,917,0.8108002606974406,0.1405262444409856,-0.28604616575372643,-0.22695366700717107,-0.03240173822257186,-0.22666213250862532,1.2069791539649133,0.17520290278529527,-0.14005823533991635,1.0377539277046117,0.17292798266355747,-0.05938403324510111
BIL,Bond ETF,,2016-2019,1006,4.4155524691034245,0.010119592108097208,-0.000999749999999855,4.4155524691034245,0.010119592108097208,-0.000999749999999855,,0.0,0.0,0.0,0.0,0.0
BIL,Bond ETF,,2020-2022,756,2.4223704224416647,0.00453322693471736,-0.0024797180044541234,3.0090664350921457,0.004694734503527087,-0.001998500533768377,-0.1557090981885276,-0.0001607528767336719,-0.0007610317879588324,-0.586696012650481,-0.00016150756880972672,-0.0004812174706857464
BIL,Bond ETF,,2023-present,917,18.2338955729601,0.04575705021943999,-0.00025412960609905166,18.2338955729601,0.04575705021943999,-0.00025412960609905166,,0.0,0.0,0.0,0.0,0.0
BKNG,Individual equity,,2016-2019,1006,0.24618117517338753,0.02220636477840454,-0.2182722504158855,1.3839621557613468,0.13374510854779675,-0.09980327222321206,-1.0002420255837003,-0.08116488217145024,-0.30122024382005264,-1.1377809805879593,-0.11153874376939221,-0.11846897819267344
BKNG,Individual equity,,2020-2022,756,0.29604353378768916,0.044814272786445786,-0.38179970641120975,-0.24591734390120726,-0.05970853714237967,-0.31471242743791183,0.570709862802294,0.11623379535300127,-0.2613860389747814,0.5419608776888964,0.10452280992882546,-0.06708727897329791
BKNG,Individual equity,,2023-present,917,1.3797327535849562,0.31779873261580294,-0.15945001030247696,1.4368256705581481,0.25835274139784214,-0.11730561325192379,0.4692940369144751,0.056149712714378186,-0.1166821927560806,-0.057092916973191965,0.05944599121796079,-0.04214439705055317
BKR,Individual equity,,2016-2019,628,1.182780028646273,0.26044862893860454,-0.14380795097015298,0.9964830022622275,0.13214720371501754,-0.09956616412669828,0.8073423542810647,0.13114061911503705,-0.15523032444193707,0.18629702638404555,0.128301425223587,-0.0442417868434547
BKR,Individual equity,,2020-2022,756,1.1017949333185644,0.4912473561730182,-0.3625305083168485,1.2993578325112338,0.38966446181803605,-0.17389097895966144,0.41026305946539265,0.08629495664285369,-0.43207975154480804,-0.19756289919266945,0.10158289435498213,-0.18863952935718709
BKR,Individual equity,,2023-present,917,0.8947828398529596,0.17512951920914754,-0.1632609754272939,1.2816578453877754,0.2154815645712107,-0.12684803421416702,-0.2157167821431527,-0.03319840180076916,-0.21240268216581737,-0.3868750055348158,-0.04035204536206316,-0.03641294121312688
BLDR,Individual equity,,2016-2019,1006,0.9693382884140042,0.25354839538818164,-0.20228721245233716,1.1661429713363825,0.2629737495807649,-0.25021217519968375,0.15056214442019838,0.011027357050353626,-0.22228092833457513,-0.1968046829223783,-0.00942535419258328,0.04792496274734659
BLDR,Individual equity,,2020-2022,756,0.6130204019941121,0.18885900941077405,-0.32684290154959905,0.9689599213263766,0.2691403807364803,-0.22710716143355225,-0.10694306778941673,-0.0868731817013183,-0.4998340649969413,-0.35593951933226453,-0.08028137132570623,-0.0997357401160468
BLDR,Individual equity,,2023-present,917,1.4869986892469607,0.5275935901744315,-0.19942011027330298,0.9157350094316157,0.17689277735867837,-0.29459236425129376,1.1159688666452876,0.2829958939651176,-0.16865444177916888,0.571263679815345,0.35070081281575316,0.09517225397799078
BLK,Individual equity,,2016-2019,1006,1.3168902703401126,0.20551550199932622,-0.12474064536568041,1.7609890331154399,0.20353758434013858,-0.10142634397638584,0.039160593421068576,-0.001424834003064479,-0.11436432881920566,-0.4440987627753272,0.0019779176591876446,-0.02331430138929458
BLK,Individual equity,,2020-2022,756,1.8373204058832662,0.564212512585051,-0.1087341267486085,1.7276474995364601,0.3247573245764548,-0.08648550463428295,0.931193553186682,0.1807540019340168,-0.10426335547546484,0.10967290634680604,0.23945518800859622,-0.022248622114325545
BLK,Individual equity,,2023-present,917,0.8782076904026312,0.1333887349522116,-0.16208722742197657,1.1176777341543602,0.1296357703558535,-0.12947700336110535,0.14022023446042414,0.009355274554081916,-0.12689527678741042,-0.23947004375172898,0.0037529645963580993,-0.03261022406087122
BMY,Individual equity,,2016-2019,1006,1.2703482273090396,0.20132335452905958,-0.14742407768464716,1.3190869079632768,0.14348042480179823,-0.07605300307729068,0.5901885689017268,0.06275023653446188,-0.13682472246272148,-0.04873868065423714,0.05784292972726135,-0.07137107460735648
BMY,Individual equity,,2020-2022,756,0.6132943426508414,0.09075570208597705,-0.23631546626866728,0.924962669423426,0.08706098150845909,-0.1050076335686213,0.09183104500876671,0.003398816294915008,-0.2120549831106383,-0.3116683267725846,0.0036947205775179626,-0.13130783270004598
BMY,Individual equity,,2023-present,917,0.7683138321915317,0.14121969170772153,-0.19891652963924922,0.6809272345496888,0.09463572475247917,-0.128016590390582,0.37046256468359745,0.04142035018610679,-0.2153223576955594,0.08738659764184287,0.04658396695524236,-0.07089993924866722
BND,Bond ETF,,2016-2019,1006,1.1973442867633388,0.020476411150221807,-0.01612397642185237,1.0479809273044414,0.014752760226842243,-0.011408726509013034,0.5866769035544678,0.005640438880994525,-0.013244322653320983,0.14936335945889745,0.005723650923379564,-0.004715249912839337
BND,Bond ETF,,2020-2022,756,1.442245880558753,0.04715422477234976,-0.01931006205818786,1.262665012533457,0.012176922307480353,-0.00968159222429188,1.1149557088458404,0.034556510521037476,-0.01931006205818797,0.17958086802529594,0.03497730246486941,-0.00962846983389598
BND,Bond ETF,,2023-present,917,0.4118691142609571,0.009403978234109323,-0.02650084347905768,0.6242448608204705,0.010693329360384807,-0.02180918592647485,-0.07309433983095158,-0.0012757095439538402,-0.02174852119668713,-0.21237574655951336,-0.0012893511262754842,-0.004691657552582829
BNDX,Bond ETF,,2016-2019,1006,1.204882522164859,0.015075097600866005,-0.014858320891537047,1.492921480518031,0.016189970561567346,-0.01247966211511109,-0.17237735726661568,-0.0010971107696378102,-0.008204898937938299,-0.28803895835317217,-0.0011148729607013408,-0.002378658776425957
BNDX,Bond ETF,,2020-2022,756,1.309250285964416,0.03812015842996508,-0.02149471846297879,0.5590438363249967,0.004274495858475724,-0.015003530149090616,1.2030591288062251,0.03370160519964016,-0.0214947184629789,0.7502064496394193,0.033845662571489354,-0.006491188313888174
BNDX,Bond ETF,,2023-present,917,0.8568885552433905,0.01486123007891349,-0.020483425721571025,1.0927572967120835,0.016833243225164995,-0.020483425721571913,-0.23571628074483492,-0.0019393673047082283,-0.013200048825630861,-0.23586874146869308,-0.0019720131462515056,8.881784197001252e-16
BNO,Commodity ETF,,2016-2019,1006,0.8584376760879922,0.16118284231045066,-0.22815538288163195,0.9239261804271152,0.12125067844684834,-0.13045101944585946,0.33450665830893866,0.039953114715651994,-0.16133028264888183,-0.06548850433912301,0.03993216386360232,-0.09770436343577249
BNO,Commodity ETF,,2020-2022,756,1.3565309838490573,0.48650378913711645,-0.32232059535109103,2.290053520332172,0.5069167836876478,-0.1727024612835215,0.08123980187972571,-0.01569228600946182,-0.5453027838424,-0.9335225364831146,-0.02041299455053136,-0.14961813406756952
BNO,Commodity ETF,,2023-present,917,0.9168309881858638,0.17880319724018778,-0.19588455366079005,1.2670624592839108,0.19452396302060526,-0.10527240377141878,0.04856049052225364,-0.002680098886806981,-0.20532940356475515,-0.350231471098047,-0.01572076578041748,-0.09061214988937127
BNY,Individual equity,,2016-2019,1006,0.9140506352610278,0.11741871017425831,-0.08901899903521404,1.4158864690694448,0.1456431698407028,-0.07152695054894775,-0.22111648739860348,-0.022094179876975928,-0.15657848357858062,-0.501835833808417,-0.02822445966644449,-0.017492048486266287
BNY,Individual equity,,2020-2022,756,0.6676836699129616,0.16167465968271677,-0.24089954598371133,1.1374091648065734,0.156980552906421,-0.0985528392848336,0.1078248004239668,-0.004425754382766489,-0.37180486913880484,-0.4697254948936118,0.004694106776295781,-0.14234670669887772
BNY,Individual equity,,2023-present,917,2.1387448801148223,0.3895540117593401,-0.1321372200987988,2.5290564100097224,0.39625165436705734,-0.08221605278873845,0.0024262250799427167,-0.003570937471751634,-0.13875574941012192,-0.39031152989490003,-0.0066976426077172135,-0.049921167310060355
BR,Individual equity,,2016-2019,1006,1.13809812404162,0.1484421260211537,-0.14499614121814042,1.7120416718437284,0.17613094536188223,-0.07114247477069191,-0.426247409622099,-0.04011058468729323,-0.21913844172322205,-0.5739435478021084,-0.027688819340728532,-0.07385366644744851
BR,Individual equity,,2020-2022,756,0.7740544777468802,0.15809467381816145,-0.20950455526295853,1.1177018162080186,0.1316344786197161,-0.06695835332092237,0.23905515750836256,0.027429785888295033,-0.27279640955494,-0.3436473384611384,0.026460195198445335,-0.14254620194203615
BR,Individual equity,,2023-present,917,0.5968322540295652,0.08811273478784298,-0.263964005120915,0.22235802369606888,0.01973817103797937,-0.31858913210802875,0.49272772334852655,0.05093450145341505,-0.1366658074561461,0.3744742303334963,0.06837456374986361,0.05462512698711375
BRK.B,Individual equity,,2016-2019,1006,0.792755927356925,0.08046844531930741,-0.12034628986672458,1.3674621027132159,0.10444940396103664,-0.08743170809603196,-0.19102952524217873,-0.01724506865574027,-0.0994431478295178,-0.5747061753562909,-0.023980958641729222,-0.03291458177069262
BRK.B,Individual equity,,2020-2022,756,1.22612603619103,0.21958407978908756,-0.13493110660298835,1.426797000561074,0.16742267518393006,-0.06840665814492664,0.2941908969690751,0.03119396155746701,-0.20752323366994108,-0.20067096437004395,0.0521614046051575,-0.06652444845806171
BRK.B,Individual equity,,2023-present,917,0.32898795766901506,0.028002322055625806,-0.12855693137849855,0.7214244895649249,0.05862816183804909,-0.10475908789233435,-0.3208044541326933,-0.020529582912041544,-0.08654325755895687,-0.3924365318959098,-0.03062583978242328,-0.023797843486164205
BRO,Individual equity,,2016-2019,1006,1.3498083008165584,0.14853920557786338,-0.13265690912710626,1.5038243443824755,0.1478284833354213,-0.1024914888554076,0.08067465071033686,0.0028663431455902,-0.07281161043849294,-0.15401604356591703,0.0007107222424420634,-0.030165420271698662
BRO,Individual equity,,2020-2022,756,0.5924075942683266,0.10250173526002104,-0.18652506150547843,1.173953457862371,0.1412918827005487,-0.11862164414624865,-0.12940154707293,-0.033687750141929595,-0.26836898340580984,-0.5815458635940444,-0.03879014744052767,-0.06790341735922978
BRO,Individual equity,,2023-present,917,0.6907456102794552,0.10836073302743232,-0.10642860328199599,1.0659883827235404,0.11531006110513897,-0.0908477819028447,0.3217237207409562,0.035426691399131904,-0.13558361251499895,-0.3752427724440851,-0.006949328077706651,-0.015580821379151288
BSX,Individual equity,,2016-2019,1006,1.3842994152497698,0.21836565040638445,-0.20371057198338605,1.9461416172519952,0.2500130206889526,-0.07849477311354025,-0.3705982909374158,-0.03876755795838116,-0.2874020259847878,-0.5618422020022253,-0.031647370282568144,-0.1252157988698458
BSX,Individual equity,,2020-2022,756,0.4116890487511134,0.07274139579264127,-0.24335985921184122,0.03469659117570671,-0.006536713404046712,-0.16561133591556054,0.3491338305517518,0.04913686698225961,-0.23602599202122088,0.37699245757540667,0.07927810919668798,-0.07774852329628068
BSX,Individual equity,,2023-present,917,0.9436154988083647,0.16286248521566926,-0.22215578520788082,1.156185886026603,0.13366885865337408,-0.132469190233531,0.2717225567616571,0.028166125484900606,-0.15966302793069398,-0.2125703872182383,0.029193626562295183,-0.08968659497434983
BTC/USD,Bitcoin,Cross-asset,2020-2022,730,1.1204364438942076,0.39894841197492403,-0.26240062807556075,1.0761479614262075,0.26148041843386083,-0.22190509950138881,0.6186773671177938,0.13777479112077162,-0.28773440236454917,0.0442884824680001,0.1374679935410632,-0.040495528574171935
BTC/USD,Bitcoin,Cross-asset,2023-present,1338,0.9479876404438762,0.2120076419515824,-0.19331769759521122,1.075046243797735,0.18294980029442431,-0.13601557253275898,0.2402535822781251,0.025844953652725655,-0.3242302661728801,-0.12705860335385888,0.02905784165715808,-0.05730212506245225
BWXT,Individual equity,,2016-2019,1006,1.428576886067597,0.2046209977981439,-0.09338125021838695,1.8291916593909001,0.18925690110810667,-0.0877946147449109,0.265386405360636,0.02125760144472366,-0.10257831452390487,-0.4006147733233032,0.015364096690037243,-0.005586635473476043
BWXT,Individual equity,,2020-2022,756,0.7894334467756942,0.15619959932079452,-0.29602195514872687,0.5950248591528912,0.08155476754948943,-0.19835204350413715,0.7114849400443829,0.1042518531632457,-0.1995804540196816,0.194408587622803,0.0746448317713051,-0.09766991164458971
BWXT,Individual equity,,2023-present,917,1.3150333269929215,0.32268327032355404,-0.2471372103257372,1.3093915026147172,0.2461320537856797,-0.2192210578867364,0.5049798193395657,0.06615534772820175,-0.14928018750823446,0.005641824378204374,0.07655121653787433,-0.027916152439000808
BX,Individual equity,,2016-2019,1006,0.5013370291523206,0.06532395201717334,-0.1993192475060408,0.7350344485899534,0.08209253376221382,-0.19825392749129167,-0.08477754242085589,-0.011974349223278336,-0.14197478995093016,-0.23369741943763278,-0.01676858174504048,-0.001065320014749127
BX,Individual equity,,2020-2022,756,0.9781109783692326,0.2669865224206891,-0.318333754638092,1.3996469474445732,0.28138943769775415,-0.18491768627696104,0.1725773196934172,0.014131669616015419,-0.27079369894059546,-0.42153596907534063,-0.014402915277065054,-0.13341606836113096
BX,Individual equity,,2023-present,917,1.6332266146909833,0.4763616682556211,-0.1869247514488398,1.4679715902952828,0.30236457546335593,-0.142464532454202,0.8257979627193232,0.13896566167587343,-0.1393451967722854,0.1652550243957005,0.17399709279226516,-0.04446021899463781
BXP,Individual equity,,2016-2019,1006,0.8067028543811736,0.09376628879772642,-0.10947056092707008,0.7775158460537165,0.06837289388547085,-0.08304311110064122,0.4614536249455143,0.035052156116959,-0.12543738457516962,0.02918700832745713,0.025393394912255562,-0.02642744982642886
BXP,Individual equity,,2020-2022,756,0.5846090626071802,0.14135053286608357,-0.320161823937387,0.6305393223835861,0.07885356628168894,-0.09873344038775089,0.28143119991438553,0.0409697984621622,-0.42072179537048104,-0.04593025977640597,0.06249696658439463,-0.22142838354963612
BXP,Individual equity,,2023-present,917,1.0126664794682179,0.25804073068566247,-0.25853500611618085,1.3900546213534242,0.24584392635624752,-0.15693181923837196,0.12521251916287424,0.005005165391709365,-0.4068394723978396,-0.3773881418852063,0.012196804329414945,-0.1016031868778089
C,Individual equity,,2016-2019,1006,0.6944264741458479,0.1000124610514117,-0.11263025274348215,1.014921311868618,0.11402747319433737,-0.060839574899083315,-0.07145368808807147,-0.013557828190517762,-0.15878218825937251,-0.3204948377227701,-0.014015012142925665,-0.051790677844398836
C,Individual equity,,2020-2022,756,1.0964473015653868,0.36719372544819806,-0.336993717758612,0.6931695229676241,0.11327837004787833,-0.23835256650655823,0.906067063481425,0.24544829646512256,-0.1797622499275151,0.4032777785977627,0.25391535540031973,-0.09864115125205375
C,Individual equity,,2023-present,917,1.1206201473643465,0.21927935343565852,-0.13426052801644173,1.4237101703954074,0.210488498549674,-0.12850443435036973,0.15949558688938148,0.012556140048646247,-0.13852515221294448,-0.3030900230310609,0.008790854885984523,-0.005756093666071993
CAH,Individual equity,,2016-2019,1006,0.7180469850898961,0.11389309351859178,-0.16909253976944083,0.8689785416230397,0.1026882332491692,-0.094872883304157,0.12147654817300027,0.007416436400815574,-0.1962995748504941,-0.1509315565331436,0.011204860269422579,-0.07421965646528383
CAH,Individual equity,,2020-2022,756,0.5852440652726736,0.11214505565920918,-0.17823520460694564,0.9103003516673519,0.13479713936292637,-0.11764990755559857,-0.12316352427820902,-0.03601398236910369,-0.19840321577848108,-0.3250562863946783,-0.022652083703717185,-0.060585297051347076
CAH,Individual equity,,2023-present,917,1.3248318543014364,0.2427128751978822,-0.13547731872730207,1.7347252115153673,0.27375324232280995,-0.07114937756424378,0.12379573112181266,0.007573583676057538,-0.15740997708647975,-0.40989335721393094,-0.031040367124927748,-0.06432794116305829
CARR,Individual equity,,2020-2022,692,1.3369879875244526,0.340357652992618,-0.1744624064721454,1.8603209756319035,0.4081157552545105,-0.11249475828987754,-0.21761217824092896,-0.040327732166321684,-0.1509556243278235,-0.5233329881074509,-0.0677581022618925,-0.061967648182267854
CARR,Individual equity,,2023-present,917,0.7543006369879145,0.1485370564734252,-0.20742830916714006,1.1787264207230124,0.17691480742193155,-0.09438391607303931,0.08421922970983121,0.0008012669834516206,-0.26378575047540953,-0.4244257837350979,-0.028377750948506364,-0.11304439309410075
CASY,Individual equity,,2016-2019,1006,0.27254145170521293,0.029107299886614424,-0.2105198053683751,0.6437244115260767,0.06730878979742472,-0.13890535112516167,-0.1192991267057165,-0.015577189789716117,-0.19975119613689796,-0.3711829598208638,-0.03820148991081029,-0.07161445424321344
CASY,Individual equity,,2020-2022,756,-0.2806451884234923,-0.08295710414448176,-0.3502683326128505,0.7168426363476847,0.0815491570113136,-0.0943196695273335,-0.7517703056154125,-0.14980940410808086,-0.43378250790363093,-0.997487824771177,-0.16450626115579536,-0.255948663085517
CASY,Individual equity,,2023-present,917,1.026027512085739,0.14912395763884323,-0.09834879303151345,1.1382575446005285,0.14663342409632785,-0.09751093306006231,0.0735132648477792,0.002717293658355935,-0.10377194578164295,-0.11223003251478958,0.002490533542515383,-0.0008378599714511381
CAT,Individual equity,,2016-2019,1006,1.2911225250708178,0.22747807808598108,-0.18281545550862732,1.5366916118943772,0.2138423289254554,-0.11462134345245123,0.1409666847106284,0.009614467720093778,-0.17266012577743084,-0.24556908682355938,0.013635749160525679,-0.06819411205617609
CAT,Individual equity,,2020-2022,756,0.7167306783481412,0.14753976423998116,-0.2058093913339517,0.8643619615651995,0.14226312751075754,-0.14178258617354178,0.25913001762441706,0.02840735015805551,-0.1416082043370558,-0.14763128321705832,0.005276636729223627,-0.06402680516040993
CAT,Individual equity,,2023-present,917,1.758539280700123,0.4547332599386471,-0.15829084594859866,1.977222408334946,0.4508447550931727,-0.10472807195301392,0.14283348892044398,0.010004743406107464,-0.16644192698927318,-0.2186831276348229,0.0038885048454744275,-0.053562773995584734
CB,Individual equity,,2016-2019,1006,-0.12661209652369548,-0.019627833195533073,-0.21288464005068586,0.2952513290506465,0.020954832197870976,-0.14113610210257332,-0.5997086506360356,-0.04655182898842447,-0.18763952787901528,-0.421863425574342,-0.04058266539340405,-0.07174853794811253
CB,Individual equity,,2020-2022,756,0.6433120614976354,0.13928206554870282,-0.1719215782146054,0.7852823826169334,0.11871432542739657,-0.1591942807217267,0.1342396038159067,0.007344043470852268,-0.2420298014397696,-0.14197032111929797,0.020567740121306244,-0.012727297492878709
CB,Individual equity,,2023-present,917,0.2776014417218256,0.0276366133993855,-0.11710914001206696,0.5568244907387546,0.05379436558549533,-0.09613600820750678,-0.4206554029397399,-0.03391524038851246,-0.18455745125247724,-0.279223049016929,-0.02615775218610983,-0.020973131804560174
CBOE,Individual equity,,2016-2019,1006,1.2779546012121832,0.15879215790726064,-0.1358623559922224,1.7077736349222288,0.1760054891426459,-0.07719242875090893,-0.089399895851059,-0.00958752652784356,-0.13583227455518165,-0.4298190337100456,-0.017213331235385265,-0.05866992724131348
CBOE,Individual equity,,2020-2022,756,0.17668012690492296,0.013625070070054202,-0.24257718210886048,0.24663845774005755,0.02558307945831917,-0.09887538810580843,0.07487602735856995,-0.004540824350878436,-0.27416312668744447,-0.06995833083513459,-0.011958009388264967,-0.14370179400305205
CBOE,Individual equity,,2023-present,917,0.5642395776028063,0.0883725363546013,-0.2043384295680477,1.167761112962303,0.1662591573131993,-0.09946649195312951,-0.47038262412140397,-0.059216600632949645,-0.23711873263990169,-0.6035215353594966,-0.077886620958598,-0.1048719376149182
CBRE,Individual equity,,2016-2019,1006,0.4264235105236684,0.06139757031631765,-0.2248178667509152,1.087399746859065,0.13722253709379006,-0.11602401222752035,-0.5329513497590749,-0.0708582125855518,-0.3113853916197681,-0.6609762363353966,-0.07582496677747241,-0.10879385452339485
CBRE,Individual equity,,2020-2022,756,0.5680720232282345,0.13042540660461865,-0.25884961222515157,0.7727403106601742,0.11650718338982013,-0.16443947200395737,0.1207109739687343,9.022018173854285e-05,-0.41086327241697695,-0.20466828743193977,0.01391822321479852,-0.0944101402211942
CBRE,Individual equity,,2023-present,917,0.9404423139176475,0.1717116270937249,-0.14685139359071553,0.8698255103619078,0.12834061359237747,-0.1305163942604174,0.746995305122363,0.08336544955636693,-0.09735257404370579,0.07061680355573974,0.04337101350134742,-0.01633499933029814
CCEP,Individual equity,,2016-2019,1006,1.3775540679778542,0.26260331460951036,-0.09904025162607788,1.6399913331884697,0.1748813618698013,-0.055647788265208886,0.6368677970519103,0.09002878247581636,-0.0971398236197667,-0.2624372652106155,0.08772195273970906,-0.043392463360868994
CCEP,Individual equity,,2020-2022,756,0.508712847836552,0.09585412628350753,-0.24423654817887974,0.4664814402234729,0.05829173882062921,-0.15247375390472595,0.18296147147671132,0.0169517810242521,-0.24682459664697487,0.04223140761307914,0.03756238746287832,-0.09176279427415379
CCEP,Individual equity,,2023-present,917,0.5618575591442919,0.06568127698840365,-0.15470224860249548,1.4806336769279975,0.15251895396050896,-0.10174918569857083,-0.9794479798904114,-0.0790523490435836,-0.2643521931181664,-0.9187761177837056,-0.08683767697210532,-0.05295306290392465
CCI,Individual equity,,2016-2019,1006,0.341697699361472,0.03232786079936667,-0.18555441656757954,1.009499727939164,0.08366178982312378,-0.07821796276122805,-0.494538877143591,-0.04019489255908437,-0.18194236812379294,-0.667802028577692,-0.05133392902375711,-0.10733645380635148
CCI,Individual equity,,2020-2022,756,0.6722787094137693,0.12610996356130366,-0.33332199748060964,0.4132645250889258,0.051163105921059104,-0.18361997080716386,0.6482828216169162,0.09283631529119063,-0.2261617941457923,0.2590141843248435,0.07494685764024456,-0.1497020266734458
CCI,Individual equity,,2023-present,917,0.5289439639892767,0.08621698704982417,-0.2473286135328866,0.031762662434746215,-0.002265200859046246,-0.19968848942305084,0.7056412194889145,0.10492460915807289,-0.10599986160561892,0.49718130155453044,0.08848218790887041,-0.04764012410983576
CCL,Individual equity,,2016-2019,1006,0.7318553334657518,0.10753786993928038,-0.1569201940397441,0.8978592307510174,0.09081738956313679,-0.10823912077795905,0.13226470302659135,0.008773930574016875,-0.14249374056586828,-0.16600389728526554,0.0167204803761436,-0.04868107326178506
CCL,Individual equity,,2020-2022,756,0.7544748917525699,0.3084466153089114,-0.4861159933017878,-0.20223923608375477,-0.10854412909383071,-0.47927596279248175,0.8416613822540187,0.3440201251417916,-0.4863486909405025,0.9567141278363247,0.4169907444027421,-0.006840030509306039
CCL,Individual equity,,2023-present,917,1.1712077407398223,0.4002289217912358,-0.3225249046646188,1.268745374743654,0.3279047134658535,-0.23453852734568703,0.4776361036659888,0.09023096894772298,-0.23459407775625685,-0.09753763400383164,0.07232420832538233,-0.08798637731893177
CDNS,Individual equity,,2016-2019,1006,1.3882524367063982,0.22356437675832863,-0.14851078474911528,1.9392792634972416,0.23670600052624602,-0.09007573214120213,-0.11328085372239696,-0.018503928785291834,-0.16428343799647993,-0.5510268267908434,-0.013141623767917388,-0.05843505260791315
CDNS,Individual equity,,2020-2022,756,1.1880157527778767,0.34473263386401043,-0.30413021828425546,1.6610925120334201,0.3546508184400059,-0.19930293460844173,-0.015375663509046279,-0.024468186256525692,-0.1890750380477737,-0.4730767592555434,-0.00991818457599547,-0.10482728367581373
CDNS,Individual equity,,2023-present,917,0.6668392894523565,0.13354672447328597,-0.21199970190631112,1.0108770271599616,0.17464946136314619,-0.13744667724728643,-0.3464031199079013,-0.0613360035282865,-0.2910291830500208,-0.34403773770760515,-0.041102736889860214,-0.07455302465902469
CDW,Individual equity,,2016-2019,1006,1.1166439153425392,0.17384439426632126,-0.15419909253784714,1.6621516085041252,0.2309953925313757,-0.09075058772054756,-0.29140657764051975,-0.0321356005033232,-0.19900611364311094,-0.5455076931615861,-0.05715099826505443,-0.06344850481729958
CDW,Individual equity,,2020-2022,756,0.8868687745384237,0.22734713572494702,-0.15936154529317137,0.9997158975787169,0.16667941863378655,-0.10322566965982949,0.3566302369661081,0.055650579141751866,-0.23860951510881456,-0.1128471230402932,0.06066771709116048,-0.05613587563334188
CDW,Individual equity,,2023-present,917,0.22947075472926876,0.026496728585088114,-0.3422994711013585,0.30359781793354823,0.029842214102103304,-0.19693794136623755,0.13530565131059133,0.009125358724376698,-0.1811262646675048,-0.07412706320427948,-0.00334548551701519,-0.14536152973512095
CEG,Individual equity,,2020-2022,230,0.848788427616884,0.20916508858829563,-0.19789300787954622,1.2597769578860605,0.33156150850449784,-0.10740669615242426,-1.1881231407382422,-0.09191946382835126,-0.11863630244360945,-0.4109885302691765,-0.1223964199162022,-0.09048631172712196
CEG,Individual equity,,2023-present,917,1.0211349549299396,0.30704644709323703,-0.2867228155212581,1.35065076485218,0.33533507361564796,-0.1886324321564362,-0.07569744735778185,-0.036262429488147396,-0.3078215819018034,-0.3295158099222404,-0.02828862652241093,-0.0980903833648219
CF,Individual equity,,2016-2019,1006,-0.09478015283701917,-0.05705010905919239,-0.4879004931623844,0.15372302009591554,0.010890010064122935,-0.29416335379180214,-0.38258199259443953,-0.0810365562757962,-0.292903941081032,-0.24850317293293472,-0.06794011912331532,-0.19373713937058223
CF,Individual equity,,2020-2022,756,1.0374923787737196,0.35061296497146843,-0.42492312255113607,1.3976646527962184,0.3292964467692592,-0.14277206255566433,0.16992761908398954,0.009513027746195002,-0.4509941601277939,-0.36017227402249885,0.021316518202209256,-0.28215105999547174
CF,Individual equity,,2023-present,917,0.32485114384772623,0.04910042557795724,-0.2621989903781863,0.5283185818992725,0.07536250748162532,-0.24729476679001305,-0.11292471136430386,-0.03028400793424768,-0.263031196309767,-0.20346743805154627,-0.026262081903668077,-0.014904223588173227
CFG,Individual equity,,2016-2019,1006,1.092749526298719,0.20206692232103163,-0.17210433967214467,1.4775587782022734,0.20766873202037095,-0.08277446140202405,-0.011720545260807654,-0.009460770520012929,-0.18608149835298604,-0.3848092519035544,-0.005601809699339322,-0.08932987827012062
CFG,Individual equity,,2020-2022,756,0.8305635328298321,0.28324030216111185,-0.3357014539248363,0.9160316356682987,0.18702380336286328,-0.1918879136010302,0.3834465797251669,0.07641923785881266,-0.3885545599375394,-0.08546810283846662,0.09621649879824856,-0.1438135403238061
CFG,Individual equity,,2023-present,917,1.3167541612924705,0.33474736776579617,-0.21954503829320604,1.4812030176721582,0.26302527524084196,-0.1074759372472951,0.4551625794572787,0.06744051868730327,-0.20695256780278104,-0.16444885637968776,0.0717220925249542,-0.11206910104591095
CHD,Individual equity,,2016-2019,1006,0.7821183430027819,0.0914713852918092,-0.16417967621374763,1.32604251884172,0.132633506382678,-0.0894343671126181,-0.43527841481905505,-0.03347216356423033,-0.19738951312582853,-0.543924175838938,-0.04116212109086881,-0.07474530910112953
CHD,Individual equity,,2020-2022,756,1.5915404761500667,0.26601158748585285,-0.12036860415709139,1.6162510725639665,0.20216523756885696,-0.08017682153337291,0.41245009550443523,0.03859346784877382,-0.2000106775648961,-0.024710596413899832,0.06384634991699589,-0.040191782623718475
CHD,Individual equity,,2023-present,917,0.7005381853438091,0.08751941684804043,-0.11481567209320531,0.68933299888901,0.06229702434916118,-0.104643665307951,0.10899035144860987,0.005907710185305559,-0.11445598348268216,0.011205186454799065,0.025222392498879254,-0.010172006785254317
CHRW,Individual equity,,2016-2019,1006,0.6565359062753808,0.07374092377049668,-0.16233424425114007,1.1387246546966117,0.10931327624416376,-0.07145599678992565,-0.3509503467312032,-0.030363101868659093,-0.15476915639978206,-0.48218874842123083,-0.03557235247366708,-0.09087824746121442
CHRW,Individual equity,,2020-2022,756,1.1360626239981075,0.22004716237574695,-0.16170074027186132,1.3052584244933287,0.17112517116902226,-0.0982678427010053,0.35676309458282446,0.041773494764774766,-0.1680865466473075,-0.1691958004952212,0.04892199120672469,-0.06343289757085602
CHRW,Individual equity,,2023-present,917,0.12812500280377093,0.006223482664563296,-0.2113566953577748,0.6100434514250168,0.07066467386609032,-0.14334748895673732,0.04693139833710209,-0.0049363654401366475,-0.20061100422198264,-0.4819184486212459,-0.06444119120152703,-0.06800920640103747
CHTR,Individual equity,,2016-2019,1006,1.3287011353410785,0.252889749217728,-0.1352794716116057,1.390332330260167,0.19893964064708825,-0.11095528239373442,0.3876111900912786,0.040372126668268615,-0.18008256140132584,-0.06163119491908842,0.053950108570639754,-0.024324189217871273
CHTR,Individual equity,,2020-2022,756,0.7821159750762936,0.17462828146609732,-0.19273904028417388,0.42008386301311523,0.04579548324010285,-0.1718652882654439,0.5628560644384063,0.10254548221797655,-0.18010199748387512,0.36203211206317837,0.12883279822599447,-0.020873752018729985
CHTR,Individual equity,,2023-present,917,0.9743956096057698,0.24414168739381115,-0.16632440736516396,0.719604399786252,0.09858903302223854,-0.10728058162489895,0.637975222112895,0.12140129581723924,-0.2621511934281454,0.25479120981951775,0.1455526543715726,-0.05904382574026501
CI,Individual equity,,2016-2019,1006,0.5913763638020096,0.09064343931188246,-0.18332642594091808,0.844693430037412,0.08684194785104471,-0.12141694562261673,0.129636438194041,0.008571398146511644,-0.21183605393029203,-0.2533170662354024,0.003801491460837747,-0.061909480318301346
CI,Individual equity,,2020-2022,756,0.3852594045723152,0.06613597967052676,-0.21564536128167155,0.6660597469105888,0.09750053509986767,-0.14206921400960437,-0.05088008952501796,-0.026302154134828726,-0.26133336739089297,-0.28080034233827356,-0.03136455542934091,-0.07357614727206718
CI,Individual equity,,2023-present,917,0.3054544688764002,0.03765173174280023,-0.3760167837121655,0.46573994072270514,0.04482956691228002,-0.21210150590468546,-0.029325584926761496,-0.012594528128254234,-0.2854260041397201,-0.16028547184630493,-0.007177835169479785,-0.16391527780748005
CIBR,Thematic/industry ETF,,2016-2019,1006,0.35766945800184863,0.03423789620714901,-0.15501921202735358,0.7197642532834547,0.05885123479461574,-0.11664352772545239,-0.12322366240773214,-0.01223392048716987,-0.1248228128973845,-0.3620947952816061,-0.024613338587466727,-0.03837568430190119
CIBR,Thematic/industry ETF,,2020-2022,756,0.6677170217413058,0.13132513746813612,-0.29543240573604046,0.5109755183080954,0.061460058777554005,-0.23049689167701026,0.49039961330429127,0.07377701265892411,-0.19665449001594992,0.15674150343321036,0.06986507869058212,-0.0649355140590302
CIBR,Thematic/industry ETF,,2023-present,917,0.6335836952502482,0.09064864185892896,-0.21609182200250243,1.3668161495074933,0.18372562368188472,-0.09191969699946079,-0.9439896002892372,-0.08485527849663577,-0.30113802141105794,-0.7332324542572451,-0.09307698182295576,-0.12417212500304164
CIEN,Individual equity,,2016-2019,1006,0.33635248909755355,0.04999956120279059,-0.21582096690668395,0.39128459533011484,0.04804623307300204,-0.2335871300678083,-0.0728739758119898,-0.023274239720806777,-0.19472579867133244,-0.054932106232561284,0.001953328129788545,0.017766163161124338
CIEN,Individual equity,,2020-2022,756,1.1451554269957434,0.3141791833898302,-0.1467185316963936,0.9902255089319696,0.19164931552213926,-0.1399594577766491,0.6460575035303139,0.11055060422507323,-0.17531771708123312,0.15492991806377376,0.12252986786769093,-0.006759073919744507
CIEN,Individual equity,,2023-present,917,1.5399720702717488,0.5632272728039929,-0.1696790158144027,1.6642411161253425,0.47835707360003465,-0.16242817775693252,0.2746508231392487,0.036142077655887395,-0.24313003576184222,-0.12426904585359377,0.08487019920395822,-0.007250838057470177
CINF,Individual equity,,2016-2019,1006,0.6802828572020234,0.07490694662021458,-0.16040747035671166,1.1278490063146924,0.10359212142514607,-0.07836098808594638,-0.45696380998902336,-0.03630376923903811,-0.18237377394467025,-0.447566149112669,-0.02868517480493149,-0.08204648227076528
CINF,Individual equity,,2020-2022,756,0.3160587843967572,0.05075451392018415,-0.30039208001838036,0.3735799974004763,0.04916306618542343,-0.20206295396018947,0.1421433710407402,0.002139357278100995,-0.33920118022738377,-0.057521213003719096,0.0015914477347607203,-0.09832912605819089
CINF,Individual equity,,2023-present,917,0.3008849758881745,0.03577469290668556,-0.20367335372811224,0.9031677276537623,0.10397154351012161,-0.07525200431586498,-0.5819152078824702,-0.06610761737167159,-0.24869080111252662,-0.6022827517655878,-0.06819685060343605,-0.12842134941224725
CL,Individual equity,,2016-2019,1006,0.46592499773922674,0.04586455869173123,-0.11115352568189496,0.43931209698332035,0.032942841613388785,-0.08148841900845172,0.12933171772532198,0.007088065189144732,-0.10920585454577392,0.026612900755906388,0.012921717078342443,-0.029665106673443242
CL,Individual equity,,2020-2022,756,0.40842857739556654,0.05852748500892213,-0.3131078661553879,0.8001546025137662,0.08027871437862766,-0.09838462622176447,-0.05533929309015844,-0.01916756390503338,-0.2572906726576003,-0.3917260251181997,-0.021751229369705527,-0.2147232399336234
CL,Individual equity,,2023-present,917,0.9126844261015198,0.11783444239547403,-0.14369842578290049,1.2436864268101646,0.12299753743703556,-0.0849358473814894,0.1947542028194705,0.013942393813062504,-0.1070552548698318,-0.33100200070864483,-0.005163095041561538,-0.05876257840141108
CLX,Individual equity,,2016-2019,1006,1.0410099945849378,0.12704713308455173,-0.10185248613811071,1.494044775161461,0.1378416105558149,-0.04720757565472622,-0.09930510092885299,-0.013799428704819094,-0.1162918544069268,-0.45303478057652313,-0.010794477471263164,-0.05464491048338449
CLX,Individual equity,,2020-2022,756,0.22069402175311514,0.024022180716463115,-0.2860853605849696,-0.13487827276465544,-0.020233828933590936,-0.17453106115419004,0.28906263939715254,0.03199745175672897,-0.20817054761041276,0.3555722945177706,0.04425600965005405,-0.11155429943077955
CLX,Individual equity,,2023-present,917,1.2652637198168213,0.2236037875737158,-0.16485667098000711,0.7011278801151614,0.071495142496663,-0.11242234624118874,0.8958463140979612,0.1210298143118842,-0.0979076152751932,0.5641358397016599,0.1521086450770528,-0.05243432473881837
CMCSA,Individual equity,,2016-2019,1006,0.7264305200659114,0.10303868257791993,-0.1270758385504257,0.7695619955168027,0.07956822512128459,-0.09804739926456263,0.29218249626446896,0.02589451419606048,-0.10863400255944655,-0.043131475450891354,0.02347045745663534,-0.029028439285863072
CMCSA,Individual equity,,2020-2022,756,0.4832084332665113,0.07643291244109918,-0.1881109293429417,1.2131128033238974,0.12351513332720088,-0.09772246870043289,-0.1213193199792138,-0.03219751569456741,-0.27933996141284034,-0.7299043700573861,-0.0470822208861017,-0.09038846064250883
CMCSA,Individual equity,,2023-present,917,0.6754755539120556,0.0976283798458284,-0.17446318278961748,0.5611408113455949,0.06174119809297407,-0.10620383457818783,0.3817512977550688,0.03678835608371123,-0.16379502969941628,0.1143347425664607,0.035887181752854325,-0.06825934821142965
CME,Individual equity,,2016-2019,1006,0.7067380772439276,0.08035061365355656,-0.14782998694183125,1.293371821205437,0.1354443524077209,-0.07484730843027543,-0.7222392030514494,-0.05116949210055932,-0.21533369547984704,-0.5866337439615095,-0.055093738754164345,-0.07298267851155582
CME,Individual equity,,2020-2022,756,0.324448123750238,0.053053994800031035,-0.2650953462127663,0.013289479344662444,-0.007527247706759721,-0.15947929468582145,0.3320457109359903,0.051999499686093964,-0.18703507255512186,0.31115864440557556,0.060581242506790756,-0.10561605152694487
CME,Individual equity,,2023-present,917,0.6265448610149151,0.07664073432296181,-0.17795267446596863,0.943833714449148,0.09647138530462884,-0.1401350016931634,-0.2548120821157201,-0.024113814527875976,-0.1690934217071285,-0.31728885343423285,-0.01983065098166703,-0.03781767277280523
CMG,Individual equity,,2016-2019,1006,1.4292704661132696,0.31551053880800195,-0.23682699483725766,1.3562137979229687,0.20203863945114175,-0.09464852366107224,0.5229015463812844,0.07225741683543352,-0.2041080747669226,0.07305666819030088,0.1134718993568602,-0.14217847117618543
CMG,Individual equity,,2020-2022,756,1.051999276489459,0.29691219059771634,-0.27794679923027765,1.2417359751855066,0.25012388365098137,-0.17386543898617868,0.37840330533802746,0.059391940638888974,-0.2340950136402684,-0.1897366986960476,0.04678830694673497,-0.10408136024409897
CMG,Individual equity,,2023-present,917,1.3710159134713358,0.30517471863357315,-0.13970847994587798,1.4474847553621413,0.220467514308194,-0.10652220938063583,0.5255774863088698,0.0719584496414698,-0.1303010249098201,-0.0764688418908055,0.08470720432537915,-0.03318627056524215
CMI,Individual equity,,2016-2019,1006,1.0503356276996327,0.16650556697288277,-0.15260041035454397,1.383543515388959,0.17388474458969205,-0.12403508023990495,0.13618333140405978,0.008941899119048857,-0.1429309763553357,-0.3332078876893263,-0.007379177616809285,-0.02856533011463902
CMI,Individual equity,,2020-2022,756,0.8298554461580886,0.17832075295310124,-0.26810015594580117,0.8628777678801189,0.13150919052267485,-0.12483986262191438,0.39222115000045904,0.053192619980209965,-0.2530792185455315,-0.033022321722030346,0.04681156243042639,-0.1432602933238868
CMI,Individual equity,,2023-present,917,1.010128435187747,0.193053294465658,-0.18744245064260034,1.2569712200601761,0.20864154857300687,-0.15156796729725264,-0.22440476932196313,-0.029816334386413734,-0.18794237577816053,-0.24684278487242906,-0.015588254107348876,-0.03587448334534771
CMS,Individual equity,,2016-2019,1006,0.7453516942050114,0.07878160663652878,-0.11254123938362537,1.0435417197722927,0.09140296694073391,-0.06985780271254405,-0.11089459474061443,-0.009753602643140846,-0.13293219423539893,-0.29819002556728136,-0.012621360304205131,-0.04268343667108132
CMS,Individual equity,,2020-2022,756,0.7400599556126918,0.11673069116438817,-0.19691812204313763,1.2008403443730853,0.13145023219502328,-0.08128651916443208,-0.11174737533961546,-0.02321422278196017,-0.27134936188246883,-0.4607803887603935,-0.014719541030635108,-0.11563160287870555
CMS,Individual equity,,2023-present,917,0.146083423615787,0.010290554956074782,-0.15270791697739516,0.655085298648075,0.05563402027900555,-0.06885688427016867,-0.6391060577033654,-0.05271610894158085,-0.2529093513255831,-0.509001875032288,-0.045343465322930765,-0.08385103270722649
CNC,Individual equity,,2016-2019,1006,0.9868070945562152,0.18937183252814171,-0.18489993570575525,1.259341847908696,0.18677529071623544,-0.14235090527263605,-0.010510824441038494,-0.010014419252154627,-0.23358841623083548,-0.2725347533524808,0.002596541811906272,-0.042549030433119195
CNC,Individual equity,,2020-2022,756,0.268430516654208,0.03503786531656128,-0.3284464087517702,0.1341942578872339,0.008531108981622015,-0.21829543011204078,0.19812127710646693,0.017607451032059185,-0.21679589246291542,0.13423625876697406,0.026506756334939263,-0.11015097863972945
CNC,Individual equity,,2023-present,917,0.9597973738956918,0.21796790158195178,-0.15160420110308825,1.067098287875846,0.16820696631775878,-0.1048983108229804,0.44351832668774804,0.06449570499111545,-0.1555206824130948,-0.10730091398015418,0.04976093526419301,-0.046705890280107853
CNP,Individual equity,,2016-2019,1006,0.6399278297641275,0.06731793322168,-0.15828587646174297,1.1322662092575098,0.10797038703556683,-0.10295508639310524,-0.6173679047159804,-0.037871039316342836,-0.16291974615863092,-0.4923383794933822,-0.040652453813886824,-0.055330790068637725
CNP,Individual equity,,2020-2022,756,0.7311469082989139,0.19090682458436303,-0.25771279933289215,0.8735397924383917,0.16097272703227739,-0.14602046329655627,0.22481100326215514,0.025783635442155672,-0.2820031533450802,-0.14239288413947782,0.029934097552085648,-0.11169233603633588
CNP,Individual equity,,2023-present,917,0.5160309056552496,0.0637347896710514,-0.09587244613089985,0.9672881911652171,0.10110400952476684,-0.05970815673009067,-0.30328111439023764,-0.031130668416495255,-0.18970131961520476,-0.4512572855099676,-0.03736921985371544,-0.03616428940080918
COF,Individual equity,,2016-2019,1006,0.618256230747879,0.08884701204160272,-0.16598994602749695,0.8307952309622149,0.09100284222907651,-0.11142689320572863,-0.002144235004106052,-0.006357002990287297,-0.15968589185888837,-0.2125390002143358,-0.002155830187473784,-0.05456305282176832
COF,Individual equity,,2020-2022,756,0.37268903378669527,0.0730853087896477,-0.3687951688434452,0.3676090706357815,0.059080502205921315,-0.25085576626791495,0.43112999042979055,0.09073063953880656,-0.29674498627098833,0.005079963150913747,0.014004806583726381,-0.11793940257553026
COF,Individual equity,,2023-present,917,0.6676741419261466,0.13007442257525104,-0.16628287848027568,1.0029525890214308,0.16356757871294625,-0.11483738605033433,-0.026291757326459206,-0.014643126407992701,-0.253751905570188,-0.3352784470952842,-0.03349315613769521,-0.05144549242994134
COHR,Individual equity,,2016-2019,1006,0.3345925403612001,0.05432777836772229,-0.3508433633028786,1.2481238035139282,0.20717610336195857,-0.12913615141306045,-0.4244215565996378,-0.10094084471517495,-0.3746181590670933,-0.913531263152728,-0.15284832499423628,-0.22170721188981812
COHR,Individual equity,,2020-2022,756,0.87279302996918,0.3078062844124103,-0.4367632200906888,0.6337964425871699,0.13694606688011746,-0.39316536705487215,0.49799007709839005,0.11367429844838206,-0.25583398888369957,0.23899658738201002,0.17086021753229286,-0.04359785303581665
COHR,Individual equity,,2023-present,917,0.9941598298899431,0.40063928681356464,-0.3578817013426766,1.3189119394592572,0.4814075786540555,-0.2674398969951086,-0.1285751036610846,-0.06998041876851835,-0.4058670653691091,-0.3247521095693141,-0.08076829184049084,-0.09044180434756799
COIN,Individual equity,,2020-2022,434,1.0361060304787622,0.5927882687137054,-0.5209930495179027,0.6565320725106798,0.12614493064473997,-0.19322317989991578,0.9876583444375613,0.5288828348916914,-0.462441642483742,0.37957395796808235,0.4666433380689654,-0.32776986961798693
COIN,Individual equity,,2023-present,917,0.8725754928341818,0.4029234789696057,-0.3988481190244937,1.3189027436282506,0.5782041128509956,-0.3004373332204455,-0.2444747339084284,-0.17635318791664822,-0.6722221640328152,-0.44632725079406876,-0.17528063388138992,-0.09841078580404816
COO,Individual equity,,2016-2019,1006,0.5655978629974532,0.07064855545694271,-0.2349242995078935,1.2904521197061611,0.12466345090289965,-0.10433905592729054,-0.6910971546986963,-0.07365546414526614,-0.3745204455289083,-0.724854256708708,-0.054014895445956945,-0.13058524358060297
COO,Individual equity,,2020-2022,756,0.8551255547771067,0.1719906283426409,-0.14074590266182674,0.9282097027581787,0.1203608702786485,-0.09272032179572853,0.28496389253908155,0.03438602807131619,-0.1718018521485818,-0.07308414798107199,0.05162975806399239,-0.048025580866098205
COO,Individual equity,,2023-present,917,0.6745232749552259,0.11841450060772618,-0.2281062475995208,0.5237916712196242,0.05695965857762508,-0.18727295168160019,0.4815467884943251,0.06649606823473975,-0.19539360074814305,0.15073160373560168,0.0614548420301011,-0.04083329591792062
COP,Individual equity,,2016-2019,1006,0.6931271413164721,0.12759795028144083,-0.2263169521664693,0.9483020053289282,0.14774441365055813,-0.20943723559912764,-0.23600499415060708,-0.03792316384683003,-0.23965484921522906,-0.25517486401245604,-0.020146463369117296,-0.016879716567341663
COP,Individual equity,,2020-2022,756,1.459606676849776,0.5742775533002562,-0.1570610893635005,1.8652063740021378,0.4967146502138924,-0.12258940232852866,0.38322372442867536,0.07014698031549726,-0.25844247560738043,-0.4055996971523619,0.07756290308636382,-0.03447168703497183
COP,Individual equity,,2023-present,917,0.47014286715585535,0.06876164806869012,-0.2051844873272144,0.4628115407185841,0.0475868235288357,-0.19932904146848984,0.2833145778696515,0.02904737037000027,-0.1348281412796266,0.007331326437271246,0.02117482453985442,-0.005855445858724551
COPX,Thematic/industry ETF,,2016-2019,1006,1.2923437740160886,0.29076064791745826,-0.22430724518530054,1.4898756960382804,0.25817035511621933,-0.132463498052235,0.2630291563602242,0.027691873789877697,-0.19854692416383957,-0.19753192202219183,0.03259029280123893,-0.09184374713306553
COPX,Thematic/industry ETF,,2020-2022,756,1.6839541654845294,0.664619672747139,-0.24393567457211018,2.0395965212790883,0.4891617182217143,-0.10697810648605743,0.6080010828639845,0.13588715971715692,-0.350607582532493,-0.35564235579455894,0.17545795452542468,-0.13695756808605275
COPX,Thematic/industry ETF,,2023-present,917,1.0322345209313166,0.26010374813944925,-0.29334735021723524,1.6872271908021088,0.32042105127279985,-0.1417105306572588,-0.15455498781942376,-0.045680355576888654,-0.23422975676440405,-0.6549926698707922,-0.0603173031333506,-0.15163681955997643
COR,Individual equity,,2016-2019,1006,1.0201717934243528,0.16939549691065192,-0.1733228710963729,1.3017777422599919,0.16322151691499398,-0.103528759210333,0.07584979079719928,0.0022046138491811362,-0.18542100641780046,-0.28160594883563905,0.006173979995657941,-0.0697941118860399
COR,Individual equity,,2020-2022,756,-0.04379527033473179,-0.02529674005766036,-0.3193671163461089,0.9775437368356716,0.13831709536643233,-0.12500609882829972,-0.9073010518201343,-0.11989299279197174,-0.33097510597033364,-1.0213390071704034,-0.1636138354240927,-0.1943610175178092
COR,Individual equity,,2023-present,917,1.4373755548834857,0.25312912196956416,-0.09221347377009725,1.5399419869828033,0.18371655372939077,-0.11311212905974433,0.5241823700679896,0.05849402977029938,-0.09483522383543075,-0.1025664320993176,0.06941256824017339,0.020898655289647072
COST,Individual equity,,2016-2019,1006,1.8995405527392109,0.24398571498707033,-0.09442330861150816,2.310915194419557,0.23348522091388735,-0.05207014930255982,0.25447162129790685,0.01652612307760437,-0.14848894357197673,-0.4113746416803461,0.010500494073182987,-0.04235315930894834
COST,Individual equity,,2020-2022,756,1.9153046812405639,0.37790887176753185,-0.10319090303440581,1.777457662295618,0.24473550747713002,-0.09405678566862874,0.9982822270615098,0.12624516085593496,-0.08010552802530269,0.1378470189449459,0.13317336429040183,-0.009134117365777072
COST,Individual equity,,2023-present,917,1.2648811336325396,0.17040371280712852,-0.12009256519300793,1.772668878411816,0.1987560915740596,-0.0666620940968996,-0.16284678682051104,-0.01585450984889003,-0.1177461154142484,-0.5077877447792765,-0.028352378766931086,-0.05343047109610832
CPAY,Individual equity,,2016-2019,1006,0.8508570000454958,0.12739491957470084,-0.15469614280998967,1.288521856020546,0.17125705453758888,-0.12026601852365737,-0.37816993015658185,-0.037908518390942336,-0.164124790033628,-0.4376648559750502,-0.043862134962888044,-0.0344301242863323
CPAY,Individual equity,,2020-2022,756,-0.1921001890522054,-0.07035464087799936,-0.41092965451416164,-0.19839333399152553,-0.03228934129582839,-0.24879845995305794,-0.03668931895299199,-0.02696990936914434,-0.28256703047070564,0.006293144939320122,-0.038065299582170975,-0.1621311945611037
CPAY,Individual equity,,2023-present,917,1.1160135442717636,0.21718831306812625,-0.18453031463501868,1.0638775603998276,0.15255107382956612,-0.1226603183858177,0.420978521359453,0.04919430371090017,-0.1077248312477519,0.052135983871935965,0.06463723923856013,-0.061869996249200976
CPER,Commodity ETF,,2016-2019,1006,0.580373648481773,0.06221985765430138,-0.11446491422617133,0.8209156870619155,0.07163195801824074,-0.12775213025579268,-0.11745038308054065,-0.011256196062086055,-0.17558787267135612,-0.24054203858014256,-0.009412100363939357,0.013287216029621352
CPER,Commodity ETF,,2020-2022,756,1.1068093123118143,0.18934928402841278,-0.16632574603255523,0.9649054853230565,0.11757360065613742,-0.15746051826904606,0.47706809785121834,0.05355685895807483,-0.1685057684338661,0.1419038269887578,0.07177568337227536,-0.008865227763509176
CPER,Commodity ETF,,2023-present,917,0.8523712459827686,0.1274248578396775,-0.17113331958092104,1.2039805291271253,0.14014104339916056,-0.10243206759218337,-0.004525114405030805,-0.0059389279759862745,-0.12776035875752445,-0.3516092831443567,-0.012716185559483062,-0.06870125198873767
CPRT,Individual equity,,2016-2019,1006,1.5628078913028822,0.26650019337955255,-0.19907792903632326,1.9854738159463459,0.2939249565022912,-0.09186145633480702,-0.3038778636639177,-0.029429738927845284,-0.1663535784388871,-0.42266592464346364,-0.02742476312273867,-0.10721647270151624
CPRT,Individual equity,,2020-2022,756,0.9274265748607255,0.23343208172074914,-0.24506118424180767,1.672265299521832,0.2587102219004027,-0.10420399297136884,0.11823305374084056,0.0007858908608926463,-0.3522444397110338,-0.7448387246611063,-0.025278140179653574,-0.14085719127043883
CPRT,Individual equity,,2023-present,917,0.7081108458368329,0.11132790164003725,-0.16295814541160258,0.5826480502901427,0.06255696241617481,-0.13824047737656053,0.42906819986566713,0.04764725537804271,-0.1387411507185431,0.12546279554669026,0.04877093922386244,-0.02471766803504205
CPT,Individual equity,,2016-2019,1006,-0.08899271574992386,-0.016748264714020467,-0.19393296466900134,0.5051975463207223,0.04017225983713679,-0.09133362015040769,-0.7472164700491047,-0.060092607152124056,-0.24322737732418376,-0.5941902620706462,-0.05692052455115726,-0.10259934451859365
CPT,Individual equity,,2020-2022,756,0.7099016517453004,0.14161841438403533,-0.2710434801662559,0.7486673031640623,0.0936614140170382,-0.1861834625005837,0.3642533695255289,0.05032911500800652,-0.25396654896508997,-0.03876565141876187,0.04795700036699713,-0.0848600176656722
CPT,Individual equity,,2023-present,917,0.6000892310452566,0.08530270413851349,-0.159947635120274,0.35509469593557863,0.03302523344093822,-0.12332312860525818,0.48985225865014836,0.050606189476556374,-0.10529786404562813,0.24499453510967795,0.05227747069757527,-0.03662450651501581
CRDO,Individual equity,,2020-2022,234,0.9422605315821492,0.39337622539142436,-0.24916422197517285,0.33050348924627837,0.055992423105720945,-0.13553113553113538,0.9677794961030026,0.31949452941474976,-0.1804238902767552,0.6117570423358708,0.3373838022857034,-0.11363308644403747
CRDO,Individual equity,,2023-present,917,0.8316565526243143,0.3877120938537302,-0.4935501364129846,1.4014198818911363,0.7345238287902609,-0.23935022665097827,-0.41727672895100304,-0.21760627492801887,-0.686134278115461,-0.569763329266822,-0.3468117349365307,-0.25419990976200635
CRH,Individual equity,,2016-2019,1006,1.238687670020658,0.1642614099049815,-0.15035432457757647,1.7786147140924793,0.1779672174583815,-0.051413519517743644,-0.020012101579020322,-0.005708189231264704,-0.207301306225404,-0.5399270440718213,-0.013705807553400007,-0.09894080505983283
CRH,Individual equity,,2020-2022,756,0.29245653576254244,0.044507142390925125,-0.3880172587954287,-0.002617124497805638,-0.013858588498095958,-0.21290624099429878,0.4571616129225219,0.07753520575200401,-0.25362989844961026,0.2950736602603481,0.058365730889021084,-0.17511101780112992
CRH,Individual equity,,2023-present,917,0.8382161667463911,0.16136501719409457,-0.1348775666842189,0.8096982666401717,0.12268248548511029,-0.1476271724358943,0.37728432368481846,0.04081552622507756,-0.11283137814405342,0.02851790010621935,0.03868253170898428,0.012749605751675386
CRL,Individual equity,,2016-2019,1006,0.584121980734367,0.0894987433118073,-0.23536814837408548,0.7662838261370293,0.09077116008711128,-0.14160004438242602,0.001526947311748767,-0.007100899801800953,-0.19236597574277103,-0.18216184540266223,-0.0012724167753039861,-0.09376810399165947
CRL,Individual equity,,2020-2022,756,0.9887865764107894,0.2851462258147044,-0.19582714621524977,1.55805723529009,0.27476488141812827,-0.12406776239778283,0.1471724200802568,0.006118333038779733,-0.2712113300923017,-0.5692706588793007,0.01038134439657612,-0.07175938381746694
CRL,Individual equity,,2023-present,917,1.0695817436836965,0.2701275148022404,-0.24705412970105212,1.2333685689107299,0.24695540799773874,-0.1547070711003251,0.33391898512450935,0.044286747604985965,-0.21567256830850745,-0.16378682522703336,0.023172106804501658,-0.092347058600727
CRM,Individual equity,,2016-2019,1006,0.5258252245806555,0.07245290051345887,-0.27400034153703223,1.0275963356648656,0.12595838480715948,-0.17362932651729912,-0.43157914314049606,-0.0464568605678406,-0.2529748950704249,-0.5017711110842101,-0.05350548429370061,-0.10037101501973311
CRM,Individual equity,,2020-2022,756,0.31150045842130564,0.0493475224099682,-0.22821395988112714,-0.032157801905729776,-0.01853123072219487,-0.2653885707854313,0.4238467250615825,0.07298984131381658,-0.21973849566255066,0.3436582603270354,0.06787875313216307,0.037174610904304184
CRM,Individual equity,,2023-present,917,1.037444979059897,0.2607368891377484,-0.25439487143071726,1.1735388324666602,0.24627336026178392,-0.15077657673887646,0.16950687029137287,0.01433741413928069,-0.2268175484685141,-0.13609385340676328,0.014463528875964471,-0.1036182946918408
CRWD,Individual equity,,2016-2019,141,0.38134853343841735,0.06299703332380902,-0.2462739593762745,-0.5741774965919979,-0.19671946554437025,-0.1983692010923579,0.5115277918835324,0.13879136578573537,-0.2462739593762744,0.9555260300304153,0.25971649886817927,-0.047904758283916604
CRWD,Individual equity,,2020-2022,756,0.9463775648790601,0.3869887950547284,-0.3552189843215513,1.184304766500255,0.37047027292361356,-0.2357072020427856,0.2384347562304791,0.024095352390347324,-0.4589992065390679,-0.23792720162119496,0.01651852213111482,-0.11951178227876569
CRWD,Individual equity,,2023-present,917,1.6586296775256288,0.6094977873477572,-0.2243470242604797,1.7715443727805582,0.5005025345652832,-0.18682300013551045,0.4915830312601069,0.0824096578378315,-0.1747976424301917,-0.11291469525492936,0.10899525278247402,-0.037524024124969246
CRWV,Individual equity,,2023-present,357,0.6873532704810783,0.25968047932247007,-0.6222086054855165,1.3678967774245472,0.9364733554748261,-0.4051233769631306,-0.1658103791461431,-0.20182049498640042,-0.5481837289642134,-0.6805435069434689,-0.6767928761523561,-0.21708522852238588
CSCO,Individual equity,,2016-2019,1006,0.985391228142235,0.14691207620899083,-0.1409877491207927,1.7922526797389788,0.19590187542079063,-0.07805990293765541,-0.25894414740012195,-0.03423297305253681,-0.1996867340245425,-0.8068614515967438,-0.0489897992117998,-0.06292784618313729
CSCO,Individual equity,,2020-2022,756,1.2303002318603773,0.3128354986211437,-0.16061905544645128,1.2893311802081104,0.19083512183016027,-0.09823688945644071,0.5661212577832401,0.09882915779012902,-0.16605953977125,-0.05903094834773315,0.12200037679098341,-0.06238216599001056
CSCO,Individual equity,,2023-present,917,0.9822466518047298,0.164263356869929,-0.1819230841884446,1.394538134679196,0.2071589113702652,-0.09965687652127053,-0.19846347320920354,-0.022581046379403058,-0.17516469113743593,-0.41229148287446626,-0.04289555450033622,-0.08226620766717407
CSGP,Individual equity,,2016-2019,1006,0.7795455184102676,0.12856691977306256,-0.17485149553398738,1.1696588664089849,0.17638205690478204,-0.12165913861515609,-0.3980413130298695,-0.04454571678205399,-0.2053068936591934,-0.3901133479987172,-0.047815137131719476,-0.053192356918831285
CSGP,Individual equity,,2020-2022,756,0.15797923114045215,0.008148797705189503,-0.34421721625863744,0.5299837987969277,0.07423605299354685,-0.15464546032315019,-0.16663554857416615,-0.05028661943946422,-0.30148528676171016,-0.37200456765647555,-0.06608725528835735,-0.18957175593548725
CSGP,Individual equity,,2023-present,917,0.4841001669006343,0.08685669371168303,-0.3831702051192051,0.4567899338213504,0.05050903878766988,-0.20473663992220326,0.3469368653084715,0.04857825951281369,-0.24915211927764724,0.027310233079283874,0.03634765492401315,-0.17843356519700182
CSX,Individual equity,,2016-2019,1006,0.890000091384511,0.14175919326513609,-0.16733512081115498,1.0928919892319664,0.14616988324608027,-0.10462115129760075,-0.035231068413516455,-0.007791795587189676,-0.16530845465519228,-0.20289189784745543,-0.004410689980944182,-0.06271396951355424
CSX,Individual equity,,2020-2022,756,0.7540265016757322,0.3062996719066522,-0.3349828606422983,0.47159252717912575,0.055571070167802494,-0.1341080496348379,0.6362295898535457,0.23172022530148184,-0.330963940140923,0.2824339744966064,0.2507286017388497,-0.2008748110074604
CSX,Individual equity,,2023-present,917,1.16394414167339,0.18659883768841512,-0.11398653081682308,1.1538781834136538,0.14724694198576715,-0.13152189366880784,0.3832056196312987,0.03454892272022425,-0.10435357576132287,0.010065958259736218,0.039351895702647965,0.01753536285198476
CTAS,Individual equity,,2016-2019,1006,1.7090370476294952,0.23631974966675107,-0.08623543951174384,1.7244061729106601,0.19320618446278104,-0.06239483009746294,0.5575881577664249,0.04234350602882242,-0.1022511133813474,-0.015369125281164964,0.04311356520397003,-0.0238406094142809
CTAS,Individual equity,,2020-2022,756,0.8833548003767093,0.22971030473959475,-0.24390266690702123,1.1746967468443896,0.17563061717613193,-0.16437921120740084,0.3985305845618753,0.06978713349055687,-0.24889106986681986,-0.2913419464676803,0.05407968756346282,-0.07952345569962038
CTAS,Individual equity,,2023-present,917,0.8403815684631532,0.12446213353997804,-0.11387390102590422,1.0137849860113666,0.1136403628808278,-0.08296341778900596,0.14752609328921704,0.010265477470975615,-0.13562064162891352,-0.17340341754821342,0.010821770659150243,-0.030910483236898267
CTSH,Individual equity,,2016-2019,1006,0.4367126745748121,0.055634958949901225,-0.20600348303422855,0.8451604913069509,0.08495564169360992,-0.15883882789521675,-0.00940167943353376,-0.007959096319216763,-0.16910604528917828,-0.4084478167321388,-0.029320682743708693,-0.0471646551390118
CTSH,Individual equity,,2020-2022,756,0.3398201259997295,0.056826122295583925,-0.19406327105542254,0.16401577051468533,0.013207916438653156,-0.17619939266901852,0.1387329699060464,0.004960900292793724,-0.2828831506940783,0.17580435548504417,0.04361820585693077,-0.01786387838640402
CTSH,Individual equity,,2023-present,917,1.9095437097179937,0.4357919060394,-0.10560420731250098,1.289886912216603,0.1700271672749798,-0.08046409435920054,1.3359732506972573,0.21543927052941347,-0.13610585672534137,0.6196567975013907,0.2657647387644202,-0.02514011295330043
CTVA,Individual equity,,2016-2019,148,0.8962663654012257,0.2006687857761431,-0.08786577528768857,1.0825319135204041,0.1825440543626553,-0.07741252370839546,0.3760154017818648,0.051645197259727826,-0.07415594464949538,-0.1862655481191784,0.018124731413487805,-0.01045325157929311
CTVA,Individual equity,,2020-2022,756,0.7047347852727758,0.16536515319404566,-0.23049027388877352,0.9235137524315596,0.16924233377369569,-0.13107170393215128,-0.16553379997372575,-0.05117183099757883,-0.3144551237041453,-0.21877896715878387,-0.0038771805796500303,-0.09941856995662224
CTVA,Individual equity,,2023-present,917,0.256134067861229,0.027112744409301337,-0.2238796533294749,0.4941577755586603,0.052367207763053036,-0.18493467792179696,-0.3803887504669792,-0.04013330061011533,-0.16268481312246452,-0.2380237076974313,-0.0252544633537517,-0.03894497540767794
CVNA,Individual equity,,2016-2019,674,1.4056821937570025,0.7242155576509686,-0.3153700506898166,1.5534321479994015,0.652004226166359,-0.2530133401665866,0.19504982967334186,0.013758791477610277,-0.32172192553807366,-0.147749954242399,0.07221133148460956,-0.06235671052323
CVNA,Individual equity,,2020-2022,756,1.3179680258112865,1.2146178638839928,-0.4699721965500355,1.1595500612985896,0.38911808767500977,-0.2454666307129827,0.9636333547717926,0.586492358459145,-0.4748263197505812,0.15841796451269685,0.8254997762089831,-0.22450556583705283
CVNA,Individual equity,,2023-present,917,0.793022011170042,0.3554583019101958,-0.42056532672295843,1.3941130262842314,0.8601615631716144,-0.2920345391134599,-0.4185701947118549,-0.1888923700398385,-0.5574158895661263,-0.6010910151141894,-0.5047032612614186,-0.12853078760949854
CVS,Individual equity,,2016-2019,1006,1.1347974650332588,0.17074761346822664,-0.16034162416977416,0.8556873307184519,0.07916948914224986,-0.09121445499244096,0.8447958296630447,0.09728756059616628,-0.11816777938976719,0.2791101343148069,0.09157812432597678,-0.06912716917733319
CVS,Individual equity,,2020-2022,756,0.4954913948655471,0.07384492376268925,-0.14808123640062631,1.1474182926857728,0.15877350696650527,-0.10328993723126412,-0.7489864072690867,-0.08375351207621784,-0.2705936228724405,-0.6519268978202257,-0.08492858320381602,-0.0447912991693622
CVS,Individual equity,,2023-present,917,1.009642840270167,0.20358439957680075,-0.19012100694244827,1.3560129826196679,0.18385751399871553,-0.11685950334465678,0.19094904327074472,0.018337171285648823,-0.26736310548841635,-0.3463701423495009,0.019726885578085218,-0.07326150359779149
CVX,Individual equity,,2016-2019,1006,0.7044476533857504,0.08392073340352257,-0.10457503188355166,1.0978986737118475,0.11967233506605446,-0.08328968287026672,-0.4098575905932146,-0.029395983003765336,-0.12210578194215282,-0.393451020326097,-0.035751601662531884,-0.021285349013284938
CVX,Individual equity,,2020-2022,756,0.7865638732776047,0.22281117302094788,-0.28205895174819406,1.0878900217698018,0.2119280775734389,-0.1659990800626776,0.1653156992473539,0.008979984579035039,-0.3113820369046507,-0.3013261484921971,0.010883095447508984,-0.11605987168551646
CVX,Individual equity,,2023-present,917,0.8160232930377499,0.11870174906503772,-0.14462155094002938,0.754359595658129,0.08195725894582351,-0.10570298510999987,0.3458615247221584,0.031047148596312413,-0.0745617826737488,0.06166369737962085,0.03674449011921421,-0.038918565830029506
D,Individual equity,,2016-2019,1006,0.27811936774603563,0.025772416468787807,-0.191016194346053,0.5813842940567618,0.049467944794238106,-0.11135571049238802,-0.11270222540896627,-0.012781633871575604,-0.1351572633859328,-0.3032649263107262,-0.0236955283254503,-0.07966048385366498
D,Individual equity,,2020-2022,756,0.3304012103919109,0.04698583917204835,-0.21086561118092817,0.303105568779281,0.023561453297513912,-0.1016417321881099,0.2641246108695327,0.03283869588937738,-0.19475823970474204,0.027295641612629873,0.023424385874534437,-0.10922387899281827
D,Individual equity,,2023-present,917,0.1746084258357755,0.01518630870422566,-0.2747764262428065,0.45464246491552984,0.047323283719530984,-0.11775166185727803,-0.17439327183759606,-0.024151503091353055,-0.25303290142410295,-0.2800340390797543,-0.032136975015305325,-0.15702476438552848
DAL,Individual equity,,2016-2019,1006,0.9524945706134174,0.17689187705592246,-0.15086986940858682,1.1510062879116123,0.1517832947382476,-0.12827464661855548,0.32188580843685133,0.035886352932776866,-0.15283765707544117,-0.19851171729819495,0.025108582317674877,-0.022595222790031344
DAL,Individual equity,,2020-2022,756,-0.04945923191036384,-0.0907930681583039,-0.5177778961039619,0.3599297495606503,0.05424590361029846,-0.20875490076438008,-0.2074001448262502,-0.11692240742027182,-0.5503477908404051,-0.40938898147101416,-0.14503897176860236,-0.3090229953395818
DAL,Individual equity,,2023-present,917,2.0234123178461725,0.6497889984484215,-0.170530498166666,1.5919823361644243,0.3400060907880409,-0.134641470432872,1.1430798593097062,0.21469262116594234,-0.1366524451391946,0.4314299816817482,0.30978290766038064,-0.03588902773379399
DASH,Individual equity,,2020-2022,519,0.6704122826939516,0.24902302304834367,-0.3852052715504869,0.46388709990700117,0.09580277494010558,-0.23347704531702884,0.6622796998779945,0.23662736673014795,-0.3375663361933119,0.20652518278695042,0.1532202481082381,-0.15172822623345805
DASH,Individual equity,,2023-present,917,1.2767700504509056,0.4291499146813065,-0.22512737806195549,1.7496137724030716,0.47466341300785153,-0.18068259223259941,0.0055088667118165895,-0.023010768147962102,-0.31774437994011095,-0.47284372195216595,-0.045513498326545054,-0.04444478582935607
DBA,Commodity ETF,,2016-2019,1006,1.1801576072968707,0.09402154381509509,-0.06599377735407963,0.6502254229338075,0.03336689336342635,-0.05622308514884733,1.0326369128456478,0.06139206479083659,-0.0539474695208918,0.5299321843630632,0.060654650451668735,-0.0097706922052323
DBA,Commodity ETF,,2020-2022,756,0.2937253906700744,0.021692996207439252,-0.14622628302948837,0.7561229670934502,0.04770307907896121,-0.09445224717001344,-0.37088953651439416,-0.02277080106839402,-0.14413072588048914,-0.46239757642337576,-0.026010082871521956,-0.05177403585947493
DBA,Commodity ETF,,2023-present,917,0.962732976487595,0.09713995698942646,-0.10550839691218805,1.6713666571579349,0.13169318371846606,-0.04397397660014157,-0.31111797977378697,-0.023584339031333723,-0.13956676067677853,-0.7086336806703398,-0.0345532267290396,-0.06153442031204648
DBC,Commodity ETF,,2016-2019,1006,0.9184853294715375,0.08976571322614091,-0.09105999196771386,0.8376701302001018,0.059632541628604985,-0.06617746489290222,0.44820269215827435,0.02843737844368399,-0.07676686881385963,0.08081519927143566,0.030133171597535924,-0.024882527074811644
DBC,Commodity ETF,,2020-2022,756,1.304123669446282,0.21519775254372076,-0.2083397306487741,1.9618381424136366,0.21262681174754805,-0.1041002472864081,0.15313130281539403,0.011502599862588836,-0.20463855818649224,-0.6577144729673545,0.002570940796172705,-0.10423948336236599
DBC,Commodity ETF,,2023-present,917,0.69018197576775,0.07256500895306828,-0.13309173757434412,0.685528007275629,0.05127267267243352,-0.09736217568377126,0.29782761861984935,0.020686401861535808,-0.10554262612107057,0.004653968492120963,0.02129233628063476,-0.03572956189057286
DD,Individual equity,,2016-2019,1006,0.37436656126032114,0.046414339682064654,-0.16257405621030696,0.08363408714302843,0.0033701381689561494,-0.17186949245947492,0.3537553048950189,0.03621502277143507,-0.13573338658226664,0.2907324741172927,0.043044201513108504,0.009295436249167954
DD,Individual equity,,2020-2022,756,1.2160760063420806,0.39788272363910804,-0.29738394696009607,1.4200979156898585,0.27311896202717034,-0.12776548672566368,0.5109758448094197,0.10408561018503426,-0.3178616167167758,-0.20402190934777797,0.1247637616119377,-0.1696184602344324
DD,Individual equity,,2023-present,917,0.17381736178767626,0.015118201459390912,-0.3213148222080934,0.34703057462217973,0.03957313520418948,-0.18234808255823165,-0.19278994426385243,-0.03763172555152816,-0.35868742225444417,-0.17321321283450347,-0.024454933744798568,-0.13896673964986173
DDOG,Individual equity,,2020-2022,756,0.46207676549250565,0.11347812258747747,-0.537873078529101,1.1597826991320164,0.3318541702457405,-0.28862511335574126,-0.2043092384955076,-0.14224258550482716,-0.6081947714000349,-0.6977059336395107,-0.21837604765826302,-0.2492479651733598
DDOG,Individual equity,,2023-present,917,1.3703572307147807,0.5222281474353021,-0.2322981721865166,1.6155152829329178,0.5343579086192192,-0.11509715994020919,0.014070564555893924,-0.021447907001704514,-0.3345055623749491,-0.24515805221813713,-0.012129761183917065,-0.11720101224630741
DE,Individual equity,,2016-2019,1006,0.8467094633591183,0.14159635018021133,-0.182291917486209,1.021886085669177,0.1351635184654112,-0.1324162138220577,0.03266909602584243,-0.002678087028305076,-0.11253552427272762,-0.1751766223100586,0.006432831714800136,-0.04987570366415128
DE,Individual equity,,2020-2022,756,1.108918835111924,0.30424674106561467,-0.18140233859936294,1.6089748176200676,0.2946813480129986,-0.1646105889394759,0.21034783995268538,0.022738851162718232,-0.1684938986519411,-0.5000559825081436,0.009565393052616056,-0.016791749659887056
DE,Individual equity,,2023-present,917,0.0653445281970558,-0.0036950323888966796,-0.2703343716691875,0.5104135518119158,0.0638286885574757,-0.21444914303379814,-0.589856734776034,-0.06849689252053504,-0.261516408597782,-0.44506902361486,-0.06752372094637238,-0.05588522863538936
DECK,Individual equity,,2016-2019,1006,0.7765061879066373,0.14485237230619896,-0.21232732915622066,1.1774923846561856,0.1785405422624622,-0.08637913091498517,0.04686512076360754,-0.0028684926723661075,-0.28149730360004044,-0.4009861967495483,-0.033688169956263225,-0.1259481982412355
DECK,Individual equity,,2020-2022,756,0.9266224199052326,0.29022756396165694,-0.3259075053555368,0.8677763660556773,0.1694430020490021,-0.16015772300031683,0.523021547748246,0.11036847322472076,-0.39602433829929495,0.058846053849555324,0.12078456191265485,-0.16574978235521998
DECK,Individual equity,,2023-present,917,1.459636261429572,0.4426326301572785,-0.20529199702005352,1.19062094177341,0.21481068168358686,-0.14456049853382236,0.9641364805809708,0.21611894765338402,-0.1592010415832612,0.269015319656162,0.22782194847369164,-0.06073149848623116
DELL,Individual equity,,2016-2019,254,0.3988870920083252,0.06827296286664963,-0.1622253364297288,0.3885176502729286,0.047682980564282884,-0.07726006899298898,0.43902060626947975,0.06617665490862623,-0.10718807529838292,0.010369441735396556,0.02058998230236675,-0.08496526743673982
DELL,Individual equity,,2020-2022,756,1.0207383691292637,0.2933978033324063,-0.21125135121104832,0.9208870456054107,0.17423941959705913,-0.16602184857535696,0.6104910639835708,0.11721621993693487,-0.1814652362582203,0.09985132352385306,0.11915838373534715,-0.045229502635691365
DELL,Individual equity,,2023-present,917,1.4242644491501475,0.5999878480724723,-0.3057990204992902,1.474467108265274,0.5288883951598959,-0.19124667957097796,0.3021862672610399,0.04197400222166414,-0.244128992055484,-0.05020265911512656,0.07109945291257636,-0.11455234092831224
DG,Individual equity,,2016-2019,1006,0.5294211009915923,0.06671437236716993,-0.22671947556116068,1.3589913047653643,0.1549563153235276,-0.09568311929401174,-1.0735931120382234,-0.09551693006628736,-0.35034517209307237,-0.829570203773772,-0.08824194295635768,-0.13103635626714893
DG,Individual equity,,2020-2022,756,1.332204845103539,0.25810829069360697,-0.10973606945406178,1.143012809215945,0.15334053642391643,-0.08301334365926782,0.5904742309324377,0.07141425198205242,-0.10761460979616533,0.18919203588759403,0.10476775426969054,-0.026722725794793956
DG,Individual equity,,2023-present,917,0.7615537970542199,0.1640378238623874,-0.22457354998552215,0.4338823610989131,0.054456637836434174,-0.12908498535137924,0.5422787548586396,0.08734317431114746,-0.24364422313460343,0.3276714359553068,0.10958118602595324,-0.0954885646341429
DGX,Individual equity,,2016-2019,1006,0.8265409845141325,0.10236230691241421,-0.09518770588537939,1.1628787826311624,0.10626427225818169,-0.08400153308429037,-0.011059223929250054,-0.00506740538189554,-0.13051822241885114,-0.3363377981170299,-0.0039019653457674774,-0.011186172801089023
DGX,Individual equity,,2020-2022,756,1.2938334431894298,0.26304176359581355,-0.1424219246655033,1.3965128808827176,0.20668954564067277,-0.10969520330854066,0.4255422022461169,0.049594045557019406,-0.14898954649690277,-0.1026794376932878,0.05635221795514078,-0.03272672135696264
DGX,Individual equity,,2023-present,917,0.1561467901679306,0.0116628791466169,-0.22098830133832148,0.14664576875308682,0.009379734896058256,-0.1611527833070614,-0.03014955701791572,-0.005782192976619416,-0.1526002075401579,0.009501021414843769,0.002283144250558644,-0.05983551803126008
DHI,Individual equity,,2016-2019,1006,0.5680080160228274,0.08348423291853213,-0.3512334366309453,0.8635641580471657,0.10650446779207168,-0.21761626091447372,0.08189672115938912,0.002925713994816226,-0.21672170063003215,-0.29555614202433833,-0.023020234873539547,-0.13361717571647158
DHI,Individual equity,,2020-2022,756,0.9076976520493338,0.28408816372462065,-0.27699605041619924,1.0815421591418848,0.2275674628455302,-0.16532209571025536,0.3205916459113744,0.05220663929485747,-0.30753533705601277,-0.17384450709255095,0.056520700879090446,-0.11167395470594388
DHI,Individual equity,,2023-present,917,1.4295738844438786,0.35212403449805674,-0.13518210742263115,1.5640338592317475,0.2869309640686155,-0.08756485208421394,0.5404256711705273,0.07504083340869006,-0.12532935564977932,-0.13445997478786897,0.06519307042944122,-0.04761725533841721
DHR,Individual equity,,2016-2019,1006,1.0383911296298094,0.11948590058000108,-0.12007538289625885,1.5413375781912118,0.1604392869784661,-0.0960779396861462,-0.5410737414540002,-0.035623027964823195,-0.16388632961424443,-0.5029464485614024,-0.04095338639846502,-0.023997443210112657
DHR,Individual equity,,2020-2022,756,0.8300127232016178,0.16563919412543338,-0.18732727826785278,1.460853429472282,0.22380011444251058,-0.1052482327936134,-0.24345421535028014,-0.050158801325932756,-0.25490900494634405,-0.6308407062706641,-0.0581609203170772,-0.08207904547423939
DHR,Individual equity,,2023-present,917,0.7402933396622378,0.11833578619998497,-0.17502439059557406,0.124381241925995,0.007776436687582322,-0.16624743003069187,1.113908087951334,0.1416586016118615,-0.12661368573280407,0.6159120977362428,0.11055934951240265,-0.008776960564882197
DIA,Broad index ETF,Indices,2016-2019,1006,1.757090270434455,0.14805294989221407,-0.06377771123569198,2.652831671775297,0.15878270924991167,-0.03780324075929831,-0.15469839346171935,-0.010690532805866848,-0.08019741504174627,-0.895741401340842,-0.0107297593576976,-0.025974470476393674
DIA,Broad index ETF,Indices,2020-2022,756,1.1412499114429446,0.21454983438727537,-0.1385602590854147,1.7338369050431262,0.17967629760766846,-0.055308529945553575,0.28897536886315384,0.033761737802634695,-0.17154962391708817,-0.5925869936001815,0.03487353677960692,-0.08325172913986112
DIA,Broad index ETF,Indices,2023-present,917,0.740114223750619,0.06702722323187582,-0.09542113725895018,1.0313920954033697,0.07332304704117965,-0.052559665219906404,-0.11186270273620032,-0.009198391764264957,-0.10235611954427193,-0.29127787165275076,-0.006295823809303824,-0.04286147203904378
DIS,Individual equity,,2016-2019,1006,0.759340279726371,0.09393071982455847,-0.15525525293418763,1.0494834807590692,0.10453788196236058,-0.07783986451464853,-0.0950251074309307,-0.011333437161728077,-0.11407314457057438,-0.2901432010326982,-0.010607162137802106,-0.0774153884195391
DIS,Individual equity,,2020-2022,756,1.0643397620220363,0.3083997703054415,-0.2224646503441926,0.7669989679838708,0.12078503480783542,-0.15607342690991122,0.782851168813024,0.17360531816894786,-0.1874827757027111,0.2973407940381655,0.1876147354976061,-0.06639122343428139
DIS,Individual equity,,2023-present,917,0.9786829271687502,0.17738566814696632,-0.23183186143500567,1.1174186776626922,0.14831740519632053,-0.1745208831735683,0.44597510256544143,0.05383941560979899,-0.11289912328351648,-0.13873575049394204,0.029068262950645796,-0.057310978261437384
DLR,Individual equity,,2016-2019,1006,0.7418353575378762,0.10109200009121366,-0.15904006929706926,1.4203117359037944,0.156491662118607,-0.0891926402052382,-0.41305606064843037,-0.04462975679207082,-0.23306522095653093,-0.6784763783659182,-0.055399662027393326,-0.06984742909183106
DLR,Individual equity,,2020-2022,756,0.6701614645699128,0.13720183146591336,-0.28163267004214965,0.4365357156266207,0.06356771590651111,-0.1921682936607675,0.545357751216313,0.07644159317148591,-0.2398887252305244,0.23362574894329208,0.07363411555940225,-0.08946437638138216
DLR,Individual equity,,2023-present,917,0.8087125285151815,0.15728110754868552,-0.14273445099232152,1.2004104447320247,0.166604439212529,-0.0956654552608609,-0.007506533354934607,-0.013785984345027757,-0.1876092281610401,-0.39169791621684324,-0.00932333166384347,-0.04706899573146062
DLTR,Individual equity,,2016-2019,1006,1.1953324563913084,0.19780752702139193,-0.22603537942496676,1.5191268972713614,0.2006863992662138,-0.07001855050734429,0.021272103204082043,-0.0033269082723138554,-0.2585773448042876,-0.32379444088005305,-0.0028788722448218618,-0.15601682891762247
DLTR,Individual equity,,2020-2022,756,1.0020969412642973,0.2391837428143302,-0.16727151166565812,0.9385190544351262,0.13671115056701,-0.11843249929058952,0.5529126510328016,0.09373766777398429,-0.15958374489581373,0.06357788682917109,0.1024725922473202,-0.0488390123750686
DLTR,Individual equity,,2023-present,917,1.2199176773260918,0.309546594499311,-0.21283353435393748,1.0955219160937764,0.18734314025918963,-0.16496826733691183,0.8487728809078919,0.15820659963816275,-0.14048635346286997,0.12439576123231544,0.12220345424012136,-0.04786526701702565
DOC,Individual equity,,2016-2019,1006,0.8063833729045109,0.11554032380436241,-0.17289948650501363,1.0483254867864202,0.11776786223798119,-0.15214771664029514,-0.01760581559367312,-0.007380779029704798,-0.1756542940411907,-0.24194211388190934,-0.002227538433618781,-0.020751769864718494
DOC,Individual equity,,2020-2022,756,0.38476672192383204,0.06602690419865875,-0.3275978901827933,0.3605508840146494,0.04186656034150582,-0.11775015897782115,0.1186108958574779,0.004030735451617806,-0.400750494407734,0.024215837909182636,0.024160343857152933,-0.20984773120497213
DOC,Individual equity,,2023-present,917,0.8414335198883655,0.1395654735384375,-0.12197023126386075,0.8375869108669738,0.10066478614663632,-0.07694014048224718,0.4233658776180039,0.0453854386850312,-0.16084363273411728,0.003846609021391667,0.03890068739180119,-0.045030090781613574
DOV,Individual equity,,2016-2019,1006,1.0083441347639317,0.15835735381486638,-0.21398323275029196,1.2001031147995784,0.15523819114945248,-0.12458647269093914,0.20235312819047707,0.015342583042369906,-0.14187180710117242,-0.19175898003564673,0.0031191626654138993,-0.08939676005935282
DOV,Individual equity,,2020-2022,756,0.9568511210851072,0.23918744718239227,-0.21651480848508808,1.2133402652410217,0.17779305384318844,-0.12976033275456722,0.19643966213887054,0.019613830761424866,-0.27375707458246445,-0.2564891441559145,0.06139439333920382,-0.08675447573052086
DOV,Individual equity,,2023-present,917,0.625224457494237,0.09805226025855163,-0.19200194332759402,0.6575436319537713,0.07831569013974349,-0.1136274409948198,0.1911735654144566,0.016024042756719314,-0.18825894063034354,-0.03231917445953425,0.01973657011880814,-0.07837450233277421
DOW,Individual equity,,2016-2019,1006,0.07708083706980036,0.0018627355162981196,-0.19552955393628368,0.3219131234027369,0.024234950584614223,-0.11481539508615657,-0.23194244473246275,-0.02482833818757102,-0.14041445283548526,-0.24483228633293658,-0.022372215068316104,-0.08071415885012712
DOW,Individual equity,,2020-2022,756,1.0880477150127912,0.3313116566237049,-0.29959445899180204,0.6166289329504623,0.10391970651152582,-0.14236112144762547,0.9562711219206924,0.22470198881018866,-0.28507621617453993,0.4714187820623289,0.22739195011217905,-0.15723333754417657
DOW,Individual equity,,2023-present,917,1.0158133528111577,0.22202491292881077,-0.2889234195633422,0.4462825827452437,0.05342068765046437,-0.2166032991645268,0.9746087595462527,0.16688200141783782,-0.1513886601014487,0.569530770065914,0.1686042252783464,-0.07232012039881541
DPZ,Individual equity,,2016-2019,1006,1.4848571704545204,0.30814581178890466,-0.20636482178795035,2.0320914161926185,0.36471639342867723,-0.08877867243363491,0.05109958848290957,-0.0009977163052464766,-0.17801492643109396,-0.5472342457380981,-0.05657058163977258,-0.11758614935431544
DPZ,Individual equity,,2020-2022,756,0.9831634286806977,0.2392894986744769,-0.17962784732272175,0.7951054471286054,0.1534740231465066,-0.12588684020943297,0.44834011517925704,0.055450832141154205,-0.15833383985876803,0.1880579815520923,0.08581547552797031,-0.053741007113288775
DPZ,Individual equity,,2023-present,917,0.21938387923641453,0.024624749059837914,-0.25321866517027214,0.3932545110046839,0.045541675579991114,-0.18299548805620458,0.022172593072756742,-0.00909297672993259,-0.173326838423435,-0.17387063176826936,-0.0209169265201532,-0.07022317711406756
DRI,Individual equity,,2016-2019,1006,0.6908094452224957,0.09423991145365496,-0.17990446073901345,1.0251449063864868,0.1148487060079213,-0.09406997126709848,-0.15364189828649608,-0.0199338491240153,-0.1638179469449642,-0.33433546116399115,-0.02060879455426634,-0.08583448947191497
DRI,Individual equity,,2020-2022,756,0.7341667831366769,0.22705008016613548,-0.4018724595862193,0.18018770347343382,0.0163917186197311,-0.26507226557663255,0.7068594858699241,0.19261576954743664,-0.3574787385325561,0.5539790796632431,0.21065836154640438,-0.13680019400958676
DRI,Individual equity,,2023-present,917,0.2735971501412162,0.030452159166796555,-0.26336866382674673,0.7445065302519667,0.0873346346731938,-0.1254710234007983,-0.429517929439183,-0.04430474440771315,-0.23975055580805593,-0.47090938011075045,-0.056882475506397245,-0.13789764042594843
DTE,Individual equity,,2016-2019,1006,0.7870108932607938,0.08142375386558975,-0.10978210501061103,1.0527169625567645,0.08518462213774147,-0.06867828344591032,0.16396357786081978,0.009169802065605914,-0.1040405539383431,-0.26570606929597074,-0.0037608682721517184,-0.041103821564700715
DTE,Individual equity,,2020-2022,756,0.4255522561923597,0.07777605262759191,-0.27465333431799976,0.4509597529549731,0.05003197461369013,-0.12731620909624108,0.2991981398765401,0.04222184782880323,-0.23491631560483583,-0.02540749676261339,0.027744078013901774,-0.14733712522175868
DTE,Individual equity,,2023-present,917,0.33251975369662773,0.0355896715465851,-0.15565388539060132,0.8396975235273825,0.08095671188130482,-0.08295397111582592,-0.15699582933052147,-0.01834979888833943,-0.21080036818534598,-0.5071777698307547,-0.04536704033471972,-0.0726999142747754
DUK,Individual equity,,2016-2019,1006,0.37044126986639325,0.033940783086409576,-0.13754275550636985,0.7057826564362482,0.05445969863392497,-0.07959343990102741,-0.23215849882023581,-0.01884996513243309,-0.13538058923186824,-0.3353413865698549,-0.020518915547515393,-0.057949315605342444
DUK,Individual equity,,2020-2022,756,0.46770092204044994,0.07839786855027553,-0.2691817316588755,0.719539023297705,0.07751489226053998,-0.1237856480521149,0.14836003808324325,0.010410854083113152,-0.25774079387467974,-0.2518381012572551,0.0008829762897355486,-0.1453960836067606
DUK,Individual equity,,2023-present,917,0.5601946266229741,0.0639706288870634,-0.13513427149704582,1.0020291898167115,0.0969879279348671,-0.07469781355065186,-0.5006334852968646,-0.04231262539274272,-0.18661036262862463,-0.4418345631937374,-0.033017299047803705,-0.06043645794639396
DVA,Individual equity,,2016-2019,1006,0.8235296811721783,0.14670590679515172,-0.21578811453249558,0.7334157392801417,0.10321385286364237,-0.22942672664335007,0.46620433218952156,0.05061133749869118,-0.12038374274047392,0.09011394189203659,0.043492053931509345,0.013638612110854487
DVA,Individual equity,,2020-2022,756,0.40014459327838603,0.06606230177255434,-0.23963738793696754,0.7730236310746272,0.11298658728480881,-0.1358176947571642,-0.13198872759274577,-0.03402575011543263,-0.24446817706483348,-0.3728790377962412,-0.04692428551225447,-0.10381969317980333
DVA,Individual equity,,2023-present,917,1.0802476523866968,0.24629797067561388,-0.2067856993492333,1.5360665599517056,0.28584354523955957,-0.1331001732340712,0.12345495750169859,0.007525953478851433,-0.20572805742421352,-0.45581890756500876,-0.039545574563945696,-0.0736855261151621
DVN,Individual equity,,2016-2019,1006,0.9924309998683077,0.2805198562549607,-0.3025708106952971,0.8974308202786351,0.1656037166541804,-0.1984871926764643,0.6086208033774198,0.11866049336352269,-0.2087884808312913,0.09500017958967266,0.11491613960078029,-0.10408361801883281
DVN,Individual equity,,2020-2022,756,1.4138901742150973,0.8975924588651227,-0.3335698296306514,1.4560319733739036,0.5771462060888961,-0.1789977908158773,0.6445202524286666,0.2087504946179226,-0.4800219509112721,-0.042141799158806226,0.3204462527762266,-0.1545720388147741
DVN,Individual equity,,2023-present,917,0.4172979288557621,0.06892142292775194,-0.24993440577636317,0.25470267694114346,0.024318219311423972,-0.22184957983073272,0.3298997122029123,0.04374847190421871,-0.22928256979669626,0.16259525191461865,0.04460320361632797,-0.028084825945630443
DXCM,Individual equity,,2016-2019,1006,1.4306449035093374,0.4719840890766218,-0.22049087739154383,1.4871528392476392,0.298956511442271,-0.13547273009914462,0.6148937189033696,0.12763225661858146,-0.1502950574248545,-0.05650793573830182,0.17302757763435084,-0.0850181472923992
DXCM,Individual equity,,2020-2022,756,0.9557673247744854,0.31451949764151355,-0.25129245709662706,1.0373108017203387,0.24745977948240672,-0.21231069250299495,0.4097962962415615,0.0748085581105129,-0.19063427264488808,-0.08154347694585329,0.06705971815910683,-0.03898176459363212
DXCM,Individual equity,,2023-present,917,0.6857162106090321,0.19912225920924165,-0.2761819877542411,0.3479570080456206,0.04477332578539328,-0.21139332748003758,0.5049710886055354,0.11801035504495183,-0.21083218247080904,0.3377592025634115,0.15434893342384837,-0.06478866027420349
EBAY,Individual equity,,2016-2019,1006,0.8270328748016491,0.13877789364286763,-0.13613789999497716,1.0698031953576916,0.15545786566216568,-0.10230299613416438,-0.12512866866764896,-0.01830360521230512,-0.14555505993320972,-0.24277032055604253,-0.01667997201929805,-0.03383490386081278
EBAY,Individual equity,,2020-2022,756,1.3380191479467656,0.3773447166980708,-0.1443989226204363,1.3915372614588946,0.23928780618175538,-0.09746980559814944,0.5469682549250121,0.09808689076949895,-0.2789539074591241,-0.053518113512128984,0.1380569105163154,-0.04692911702228686
EBAY,Individual equity,,2023-present,917,0.6607579640723787,0.11145571082708638,-0.1680250785131674,1.1964440958515439,0.18153532066278832,-0.11523239312102729,-0.5825379222134381,-0.06832131517345175,-0.2919593876261237,-0.5356861317791651,-0.07007960983570194,-0.052792685392140104
ECHO,Individual equity,,2016-2019,1006,1.0754151607635034,0.16935255542774086,-0.1346909998645719,1.005704764188928,0.1161035457396411,-0.10300001785956348,0.7746322432875153,0.09112870572099951,-0.16869354135551007,0.06971039657457534,0.05324900968809976,-0.03169098200500842
ECHO,Individual equity,,2020-2022,756,0.05796653198454893,-0.020865922255728475,-0.45223893815054816,-0.3864655950536447,-0.0693126567661646,-0.331214345957635,0.5129295902371804,0.0972954960065946,-0.23710607833659925,0.4444321270381936,0.04844673451043613,-0.12102459219291317
ECHO,Individual equity,,2023-present,917,0.865320996773448,0.2995346220243553,-0.30470912095292957,1.6357573437352388,0.518684702348281,-0.1586122186651856,-0.11262449539476715,-0.07742809657175143,-0.5671185946828283,-0.7704363469617909,-0.2191500803239257,-0.14609690228774397
ECL,Individual equity,,2016-2019,1006,1.0960737988421345,0.10999800544701466,-0.08635253811145116,1.4899075359080511,0.1227499526240341,-0.059033526032923,-0.2302626798831049,-0.01618780343827486,-0.12391870702188579,-0.3938337370659166,-0.01275194717701944,-0.02731901207852816
ECL,Individual equity,,2020-2022,756,0.46274769549820727,0.09137267538913241,-0.26819418301003817,0.6755222542514533,0.08122374965083257,-0.11836479494105356,0.12342239739334743,-7.886744404939083e-05,-0.36817258925404805,-0.21277455875324602,0.010148925738299841,-0.1498293880689846
ECL,Individual equity,,2023-present,917,1.0467757147712287,0.15405007277857297,-0.11069181183232968,1.108826676944974,0.1349772999237453,-0.11069181183232968,-0.2111788056080681,-0.02363189246694286,-0.125187203518361,-0.06205096217374528,0.01907277285482767,0.0
ED,Individual equity,,2016-2019,1006,0.5844681179633634,0.05979499706429481,-0.18449847074262482,0.955886067881819,0.0793664496015467,-0.11142319399018086,-0.2107221564783372,-0.0180392332849989,-0.1709352654566646,-0.37141794991845556,-0.0195714525372519,-0.07307527675244396
ED,Individual equity,,2020-2022,756,0.7016518744675916,0.10836196309470658,-0.24700171073027133,0.8244952450411115,0.08591251552127988,-0.09497117989618853,0.160887813238975,0.012534803221038171,-0.208188726706932,-0.1228433705735199,0.022449447573426706,-0.1520305308340828
ED,Individual equity,,2023-present,917,0.16359162987261394,0.012905968326946793,-0.18967940063464395,0.4892156468583649,0.04073819185822902,-0.12148255591753088,-0.1951257759003678,-0.022532826677733042,-0.1687423500094043,-0.32562401698575094,-0.02783222353128223,-0.06819684471711307
EEM,Broad index ETF,,2016-2019,1006,0.4874733865854745,0.054246723105698225,-0.1876324036033976,1.2441420243733046,0.11689264948365885,-0.10937388248786428,-0.536457617173946,-0.04720826407472467,-0.23974587139253356,-0.75666863778783,-0.06264592637796063,-0.07825852111553333
EEM,Broad index ETF,,2020-2022,756,1.0578863957767342,0.20323677140761398,-0.14323789416961752,1.0191042462804898,0.12209748933261677,-0.11637770224586974,0.5399062375991784,0.07252616243624654,-0.16722966506648507,0.03878214949624437,0.08113928207499721,-0.026860191923747778
EEM,Broad index ETF,,2023-present,917,1.3198097774721569,0.17686033644081767,-0.08451427822832713,1.626067697027793,0.1727685209752503,-0.04612562401343179,-0.008713158745320465,-0.004208012045170961,-0.1018641708677821,-0.3062579195556361,0.004091815465567361,-0.038388654214895346
EFA,Broad index ETF,,2016-2019,1006,0.4151481376087268,0.03334463001538368,-0.12787235032744448,0.7685860116369223,0.053253086240881986,-0.11807941551418077,-0.5683368246611715,-0.034368470486632274,-0.18187149574812878,-0.3534378740281955,-0.019908456225498306,-0.00979293481326371
EFA,Broad index ETF,,2020-2022,756,0.8847921083359189,0.1609405473255361,-0.12193143688601293,0.8878568572614921,0.09126001738727485,-0.11272856551745347,0.4523476194356199,0.0609136209263339,-0.15341341267864406,-0.0030647489255731797,0.06968052993826124,-0.009202871368559462
EFA,Broad index ETF,,2023-present,917,0.6371350492097325,0.06324179121454732,-0.10159790934274571,0.794615806411681,0.061373838725422125,-0.07949170690263518,0.16205408184771286,0.008975717951100748,-0.07929285560403154,-0.15748075720194843,0.0018679524891251909,-0.022106202440110523
EFX,Individual equity,,2016-2019,1006,1.0528158173906608,0.12980000352261434,-0.11441259630258294,1.201735196561323,0.1146915756633371,-0.09724535227908626,0.002313958865792655,-0.003174433728264092,-0.13179778061349656,-0.14891937917066222,0.01510842785927724,-0.017167244023496675
EFX,Individual equity,,2020-2022,756,1.2524731531687865,0.3682269026589826,-0.2011536913391173,1.609789397026956,0.3337035924912004,-0.07780297071679487,0.23981909983468166,0.028869123629527982,-0.2667106884699483,-0.3573162438581694,0.034523310167782206,-0.12335072062232244
EFX,Individual equity,,2023-present,917,1.1818389198456092,0.24602347186145201,-0.20747237159375886,1.0353128600017538,0.14611566925707709,-0.23571380667693786,0.7654049281590654,0.10967464471527788,-0.09968004750802884,0.14652605984385536,0.09990780260437493,0.028241435083179
EG,Individual equity,,2016-2019,1006,0.8030780645493759,0.0900143477136135,-0.152454499339313,1.0270452044951304,0.09798676798893302,-0.1179140688207162,0.1976371400124242,0.01157366594493836,-0.09328822550906013,-0.22396713994575446,-0.007972420275319525,-0.03454043051859679
EG,Individual equity,,2020-2022,756,0.3779942199247987,0.06385253843919281,-0.19928433467557627,0.7043049816248388,0.10936603323370275,-0.18874319104130965,-0.30504650657371857,-0.06427440388516525,-0.32782848387836194,-0.3263107617000401,-0.045513494794509946,-0.010541143634266614
EG,Individual equity,,2023-present,917,-0.5445972335241396,-0.08333239666631376,-0.42715758901654755,0.28685780768058594,0.022100262538772508,-0.15332466697697955,-0.8276497719122392,-0.09018756802851546,-0.33041769331978976,-0.8314550412047255,-0.10543265920508627,-0.273832922039568
EIX,Individual equity,,2016-2019,1006,0.27591001335922644,0.028249395745223005,-0.1590811842594302,0.8928373419461912,0.09698978092320232,-0.1165267222188856,-0.642204969828299,-0.0518248544273292,-0.20816110754798667,-0.6169273285869648,-0.06874038517797931,-0.04255446204054458
EIX,Individual equity,,2020-2022,756,1.274894768203221,0.30774623255964206,-0.1373718416361821,1.0736877917535945,0.14688581938864687,-0.10440034512510776,0.8149558551249533,0.1451222960320544,-0.14097857541220538,0.20120697644962648,0.1608604131709952,-0.03297149651107434
EIX,Individual equity,,2023-present,917,0.7872789798211486,0.12383940526181791,-0.1316836968220747,1.0394350318297927,0.13482793042063834,-0.08960355066781156,-0.08311107276550336,-0.013860786589542928,-0.15179194210455393,-0.2521560520086441,-0.010988525158820428,-0.04208014615426314
EL,Individual equity,,2016-2019,1006,1.2264941871906838,0.18340203247416031,-0.12554901898939896,1.4292074006966553,0.1680393030682823,-0.09843506505421573,0.3766618780955811,0.03163688503916462,-0.12466304297880737,-0.2027132135059715,0.015362729405878017,-0.027113953935183233
EL,Individual equity,,2020-2022,756,0.6520178260071885,0.13956103196442537,-0.2792630702457266,0.6505886063242216,0.09039984898567344,-0.17084043213693678,0.24669603922908895,0.02995375934463862,-0.2784731554322233,0.0014292196829669424,0.04916118297875194,-0.10842263810878983
EL,Individual equity,,2023-present,917,1.1901876751958766,0.41822868830672455,-0.24300015206500847,0.8725378123827973,0.16407410999451488,-0.17367081856159927,0.8382126751187516,0.22069529075691352,-0.2910036480217414,0.3176498628130794,0.25415457831220967,-0.0693293335034092
ELV,Individual equity,,2016-2019,1006,1.6695115505876015,0.29067318893916294,-0.10753009022064175,1.7657355814425022,0.2438477676219466,-0.06499673616867885,0.399353118634427,0.035066325926198516,-0.12884121884569455,-0.09622403085490072,0.04682542131721634,-0.0425333540519629
ELV,Individual equity,,2020-2022,756,0.03763677075491347,-0.01839403693876973,-0.2544185126253705,0.5452075433506647,0.07724507692697391,-0.12915643400016774,-0.3480541777825412,-0.07337493266911421,-0.3796421944877322,-0.5075707725957512,-0.09563911386574364,-0.12526207862520278
ELV,Individual equity,,2023-present,917,0.4532210230493535,0.07207187879612187,-0.28412188997475585,0.8027573040345436,0.11455354589767186,-0.16738384273371887,0.08256467629203529,0.002012207390051257,-0.14065307461414234,-0.3495362809851901,-0.04248166710154999,-0.11673804724103698
EMB,Bond ETF,,2016-2019,1006,1.3192701449109203,0.036459139389722006,-0.025277083294605207,1.305780363377309,0.032003448875475016,-0.025277083294605096,0.34644361713721983,0.004317515139220518,-0.019501236204343186,0.013489781533611245,0.0044556905142469905,-1.1102230246251565e-16
EMB,Bond ETF,,2020-2022,756,0.5104590329423179,0.03818942035047468,-0.06020371118897083,0.19352284472028974,0.0028323872641318193,-0.023383738422504186,0.48228816756135806,0.0352571711238816,-0.05883214282544491,0.3169361882220281,0.03535703308634286,-0.036819972766466647
EMB,Bond ETF,,2023-present,917,0.43277770309819263,0.017278062206391942,-0.0453534854568336,0.7347154361258447,0.028084774146198477,-0.04180760826396457,-0.6933498742808467,-0.010511498868156721,-0.04473417928087864,-0.30193773302765203,-0.010806711939806535,-0.003545877192869029
EME,Individual equity,,2016-2019,1006,0.5934530257051462,0.08373390714067286,-0.15395714794627424,0.6842049908659807,0.07972589449157441,-0.1459764039074638,0.26954522999008795,0.022545202452416424,-0.13837351952032584,-0.0907519651608345,0.004008012649098447,-0.007980744038810439
EME,Individual equity,,2020-2022,756,0.5337343892667373,0.11763319613376977,-0.26112315861504365,1.128466482270011,0.20326346815246032,-0.14480904380310455,-0.2260386422514074,-0.06963450294510032,-0.4097734794731215,-0.5947320930032737,-0.08563027201869056,-0.1163141148119391
EME,Individual equity,,2023-present,917,2.0242941548475795,0.5533833298155757,-0.14634496662449037,2.395328400270884,0.5423910781036265,-0.1527951499319007,0.17773274682816068,0.015230827857600104,-0.18906196414645515,-0.37103424542330465,0.010992251711949175,0.006450183307410318
EMR,Individual equity,,2016-2019,1006,1.4731181498930184,0.23740157377013182,-0.0942930690347269,1.6940002484295877,0.19820311583703143,-0.07584211147276587,0.3730610202092628,0.03441240766417919,-0.09431704037500266,-0.22088209853656937,0.039198457933100395,-0.018450957561961023
EMR,Individual equity,,2020-2022,756,0.5900592098778048,0.1279332850424988,-0.20649457127633897,0.773303467737273,0.11698310948037371,-0.14768848733163764,0.23275494383244993,0.027016472515106305,-0.24856870389389096,-0.18324425785946818,0.010950175562125075,-0.058806083944701326
EMR,Individual equity,,2023-present,917,1.3787994200705223,0.2959542891248008,-0.19430006801884347,1.5772225263207953,0.2504122422860622,-0.13177610361305903,0.39441812124285347,0.04665716006213616,-0.12063104140820324,-0.19842310625027304,0.04554204683873864,-0.06252396440578445
ENPH,Individual equity,,2016-2019,1006,1.5629979250689814,1.0372216249294652,-0.3365734254724816,1.4626531983593687,0.7170474399881315,-0.4353417522472566,0.5437557384773137,0.13640842599947334,-0.36769430473870257,0.1003447267096127,0.32017418494133376,0.09876832677477498
ENPH,Individual equity,,2020-2022,756,1.3899048609401075,0.8098151401841547,-0.3939654850207991,1.8891695886919477,0.9790315077525158,-0.21267478840563114,-0.08993078358608839,-0.08550463542671471,-0.5671595324003151,-0.4992647277518403,-0.16921636756836111,-0.18129069661516795
ENPH,Individual equity,,2023-present,917,0.14677099623155176,-0.03379396511047583,-0.571082495148893,-0.08551545251081157,-0.04188810119030473,-0.3351499300368549,0.2828536108387464,0.03449407352732914,-0.48755583724268703,0.23228644874236332,0.008094136079828895,-0.23593256511203808
ENTG,Individual equity,,2016-2019,1006,0.7084238826815573,0.1322292768178588,-0.2257056813247833,1.0036292283870554,0.1590769552740805,-0.1385542664094792,-0.07887049316012566,-0.018191329017080315,-0.22747286328382255,-0.29520534570549806,-0.026847678456221713,-0.08715141491530409
ENTG,Individual equity,,2020-2022,756,0.5232262728596812,0.13535358110260032,-0.3947420074857775,1.034053931595343,0.2069219142648362,-0.13591063163221118,0.05428608669891525,-0.03257389661442944,-0.4200296221385167,-0.5108276587356618,-0.07156833316223588,-0.2588313758535663
ENTG,Individual equity,,2023-present,917,0.9709150764276867,0.32720748121347265,-0.21743504661822488,0.9965437710967918,0.26769493879397643,-0.17250052357374657,0.271728893751505,0.03695737307756741,-0.27001436070214446,-0.025628694669105112,0.05951254241949622,-0.044934523044478314
EOG,Individual equity,,2016-2019,1006,0.397163391013182,0.06204834750114596,-0.27964544635228406,0.4978545882305084,0.06177245419438626,-0.1535505262754815,-0.19001229443041306,-0.040124859515188294,-0.2378567160311239,-0.10069119721732639,0.00027589330675970025,-0.12609492007680256
EOG,Individual equity,,2020-2022,756,1.3455177846994542,0.6257891471304051,-0.4045303121826367,1.36476848356862,0.3914663684534081,-0.21768230919271736,0.577315858629106,0.15043479723888642,-0.31564797120443244,-0.01925069886916586,0.23432277867699702,-0.18684800298991933
EOG,Individual equity,,2023-present,917,0.3114567363828588,0.04196032356620738,-0.2384845206420496,0.6684130080788234,0.07767130860447469,-0.12431084105933754,-0.15274181681412638,-0.031726234368155026,-0.21507729186380287,-0.3569562716959646,-0.03571098503826731,-0.11417367958271207
EPD,Individual equity,,2016-2019,1006,0.9501722781403782,0.1359588793032347,-0.07828890458461923,1.1716880984089424,0.14306183833799757,-0.07383109519546427,0.03673326185474098,-0.0004154811678187542,-0.11314317154489761,-0.2215158202685642,-0.007102959034762879,-0.004457809389154965
EPD,Individual equity,,2020-2022,756,1.2230580500882695,0.34979087629097716,-0.24225365158442336,1.3081883858235268,0.22727399305030271,-0.10166836174707694,0.5600764946602755,0.1043062651298603,-0.21272409470419096,-0.0851303357352573,0.12251688324067445,-0.14058528983734642
EPD,Individual equity,,2023-present,917,0.5704775947124981,0.049943902854218125,-0.14555225977443176,1.264551452999345,0.10794621905443469,-0.07677469736676423,-1.1721362598631655,-0.048566061316099196,-0.18937308751743542,-0.6940738582868468,-0.058002316200216564,-0.06877756240766753
EQIX,Individual equity,,2016-2019,1006,0.6117175617415347,0.0801398033354852,-0.1515530899000651,1.309488166188986,0.14822483939310493,-0.08256582746596985,-0.5852778747109629,-0.05794927455998189,-0.2218312270706293,-0.6977706044474512,-0.06808503605761973,-0.06898726243409525
EQIX,Individual equity,,2020-2022,756,1.2713738298656305,0.32625307865283304,-0.16956114354174023,1.2377426843688746,0.21722625406051455,-0.09768737959302987,0.620913865892297,0.10183327076468962,-0.16473829645726745,0.03363114549675594,0.1090268245923185,-0.07187376394871037
EQIX,Individual equity,,2023-present,917,1.0497261907258408,0.17690057152971894,-0.1290524694338826,1.1329964795328156,0.15424681459157275,-0.11357007427052823,0.3732727134547875,0.032340162471286016,-0.1251719844142879,-0.08327028880697473,0.022653756938146197,-0.015482395163354368
EQT,Individual equity,,2016-2019,1006,0.027043879247344433,-0.035090017191429346,-0.41958220175616845,0.08766621925093582,0.0016724626189339453,-0.2631615055877864,0.042018719131857556,-0.022333407826211737,-0.3650347657019609,-0.06062234000359139,-0.03676247981036329,-0.15642069616838206
EQT,Individual equity,,2020-2022,756,0.35954173136479944,0.06535126740789932,-0.5741317245144677,0.7976743600287716,0.22017091353956442,-0.2715401621105149,-0.32652607975516634,-0.12688357377947412,-0.6427493127877835,-0.4381326286639721,-0.1548196461316651,-0.3025915624039528
EQT,Individual equity,,2023-present,917,0.6422173899161642,0.13623080564920298,-0.21408217844586397,0.40093581080101603,0.056410273070159445,-0.16713588172104143,0.22771354730063423,0.025093248409933988,-0.27770395592619046,0.24128157911514814,0.07982053257904353,-0.046946296724822534
ERIE,Individual equity,,2016-2019,1006,1.2366250161084684,0.1778956393703104,-0.16147261927859957,1.9854939570940577,0.2001643012149148,-0.08706000018007831,0.11512921321012262,0.006671411390432702,-0.2028101255653454,-0.7488689409855893,-0.02226866184460441,-0.07441261909852126
ERIE,Individual equity,,2020-2022,756,1.1310313189279328,0.20593008980273142,-0.1834711166082561,1.3830641039850748,0.20138442212363006,-0.08159020937152128,0.19652492812313954,0.016161230749004662,-0.15469544018909065,-0.252032785057142,0.004545667679101362,-0.10188090723673482
ERIE,Individual equity,,2023-present,917,0.5073491864926727,0.08694716949291825,-0.30957053178807026,0.9477119096504362,0.13726182472420922,-0.16130191161336338,-0.40692817873831894,-0.06628114553985576,-0.32130777742721095,-0.4403627231577635,-0.05031465523129097,-0.14826862017470688
ES,Individual equity,,2016-2019,1006,0.5215566863589342,0.053592367065781854,-0.13737831708136228,0.7786250169192163,0.06851509051390225,-0.08027392697514912,-0.08868213841071564,-0.008234109877675144,-0.10549590544289622,-0.2570683305602821,-0.0149227234481204,-0.057104390106213154
ES,Individual equity,,2020-2022,756,0.3712878516725569,0.05857060195215813,-0.33663543710885613,0.3202020620107055,0.02980533747954639,-0.15757678425710175,0.33903154177206135,0.04715826961078751,-0.2226821876663163,0.0510857896618514,0.02876526447261174,-0.17905865285175437
ES,Individual equity,,2023-present,917,0.173441382704093,0.014994657328703864,-0.2133252263845702,0.28570531992368875,0.027204919790154047,-0.14639232048026796,0.1619498319992537,0.011958959484239529,-0.15568539656244207,-0.11226393721959574,-0.012210262461450183,-0.06693290590430223
ESLT,Individual equity,,2016-2019,1006,1.057876198882962,0.1381314878672555,-0.17070016285262202,1.4591530228845202,0.15008734476642527,-0.08269973945113118,0.07111374921366752,0.0023827580361002187,-0.1722687872431361,-0.4012768240015583,-0.011955856899169781,-0.08800042340149083
ESLT,Individual equity,,2020-2022,756,0.7034110094931586,0.14972577552796595,-0.10669914015385029,0.8275093245838777,0.14222626763389834,-0.12363999914389778,0.2312898705102053,0.025091615566374514,-0.18317841462914775,-0.12409831509071911,0.007499507894067614,0.01694085899004749
ESLT,Individual equity,,2023-present,917,1.2171821109368002,0.25523301133964194,-0.21658728072196554,1.4995203616334405,0.29242520913067116,-0.22784373432135663,-0.2289826757538552,-0.02502831750321899,-0.14019909905530703,-0.2823382506966403,-0.037192197791029225,0.011256453599391092
ESS,Individual equity,,2016-2019,1006,0.3214799300506195,0.030455809277437407,-0.13912092138518084,0.5746465315020631,0.04754899486373909,-0.11191049816771703,-0.19371018391738853,-0.016931140398146804,-0.13152091121804954,-0.25316660145144365,-0.017093185586301685,-0.02721042321746381
ESS,Individual equity,,2020-2022,756,0.4865285360412554,0.10019751200426774,-0.32865855422020784,0.19635522256130372,0.01765668063681103,-0.16935119146811572,0.4077274659803624,0.07242623392354264,-0.3424547591398418,0.2901733134799517,0.08254083136745671,-0.15930736275209212
ESS,Individual equity,,2023-present,917,0.28619938560487285,0.031079681167952566,-0.19433106274548606,0.6285924774909861,0.07013515291912986,-0.08661222134401536,0.008197315302983824,-0.00347828073190648,-0.10575441629758098,-0.3423930918861133,-0.039055471751177295,-0.1077188414014707
ET,Individual equity,,2016-2019,1006,0.30593674801131987,0.04580128649913595,-0.25615173443275574,0.19738163216719357,0.019739112544045145,-0.19134644451759897,0.16421396456271908,0.013321685879046141,-0.1750812759427267,0.1085551158441263,0.026062173955090806,-0.06480528991515677
ET,Individual equity,,2020-2022,756,0.795770359231813,0.2665409187412824,-0.40391156693752617,1.0489821648993702,0.2312970912207184,-0.17172189267770344,0.35668358012865503,0.05977091624665887,-0.4119516403544121,-0.2532118056675572,0.035243827520563986,-0.23218967425982273
ET,Individual equity,,2023-present,917,1.1898017093101438,0.1505681490078079,-0.10021820571935802,1.5606800288309248,0.17104881606900513,-0.07087401708264007,-0.08015046706335542,-0.00786706247926272,-0.09286095526259086,-0.370878319520781,-0.020480667061197222,-0.02934418863671795
ETH/USD,Crypto,,2020-2022,730,1.1313263737503372,0.6165587476516163,-0.5531240047489492,1.8512251178886943,0.7893437957052678,-0.10382703970771479,0.060413788597453895,-0.07432902413970122,-0.6645673013549781,-0.7198987441383571,-0.17278504805365147,-0.4492969650412344
ETH/USD,Crypto,,2023-present,1338,0.7946478823061087,0.21906633703032408,-0.2788109890065925,0.6884411225563734,0.12981923872823797,-0.312156625899767,0.5990153314669628,0.11977780224504908,-0.24244081811433105,0.10620675974973537,0.0892470983020861,0.03334563689317449
ETN,Individual equity,,2016-2019,1006,0.9377810292929816,0.1358383780450052,-0.14670837260522684,1.517600171855352,0.17596839104848683,-0.08436243856157288,-0.21834219538224714,-0.026446774007711782,-0.18882826648597995,-0.5798191425623704,-0.040130013003481624,-0.06234593404365396
ETN,Individual equity,,2020-2022,756,0.5329461074040678,0.10763082436040672,-0.32132832837449965,1.2889518015930808,0.19002142054346627,-0.14469865533714776,-0.2524097611829289,-0.07495384869134081,-0.41974177100414634,-0.756005694189013,-0.08239059618305955,-0.1766296730373519
ETN,Individual equity,,2023-present,917,0.9490372975424225,0.1987005816931584,-0.17638133750797125,1.6172313405446463,0.2941936482086478,-0.10874982259092181,-0.3990134849662934,-0.06318503984186463,-0.21001724707535696,-0.6681940430022238,-0.09549306651548939,-0.06763151491704944
ETR,Individual equity,,2016-2019,1006,0.7855277389618978,0.09243020225766707,-0.13462979082352355,0.9631725894569932,0.09564318020088969,-0.09383384388592375,0.1912114112161868,0.011437493258729337,-0.10773428915836214,-0.17764485049509549,-0.003212977943222617,-0.0407959469375998
ETR,Individual equity,,2020-2022,756,1.0278367638672652,0.24084577582867106,-0.2874110068844328,0.8714839902926397,0.10129299622109156,-0.13285492268418253,0.8148634437882856,0.159073253323603,-0.15775712708265788,0.15635277357462551,0.1395527796075795,-0.15455608420025024
ETR,Individual equity,,2023-present,917,0.5052867065366622,0.05538246737251251,-0.2025172683141162,1.4041103921951101,0.1487291998236373,-0.08090035387105143,-1.2559144719607689,-0.0830482176763373,-0.32197392630136934,-0.898823685658448,-0.09334673245112479,-0.12161691444306477
EVRG,Individual equity,,2016-2019,397,0.7267636680340682,0.05883398259027817,-0.07505172023011097,1.2967009073760951,0.09924287147757793,-0.04734708013683231,-0.9749396600615085,-0.03981308408980411,-0.08930698814706572,-0.5699372393420269,-0.040408888887299765,-0.027704640093278665
EVRG,Individual equity,,2020-2022,756,0.5199442372312036,0.09584453089311018,-0.39289828417289996,0.5488803411310502,0.0570436803898442,-0.18339720727054276,0.20660536342664723,0.021273596536087958,-0.298584742673609,-0.028936103899846577,0.03880085050326598,-0.2095010769023572
EVRG,Individual equity,,2023-present,917,0.5399563469204407,0.06212072248648948,-0.1204746769353231,0.7288731662193748,0.07231186624184227,-0.11574120620357298,0.07377675233362285,0.0027338617401875265,-0.1307445249543958,-0.1889168192989341,-0.010191143755352794,-0.004733470731750122
EW,Individual equity,,2016-2019,1006,1.0758720252266483,0.2300376178696284,-0.17735366319815893,1.305770823032429,0.2279041026170492,-0.09269601751795942,-0.014134327461993978,-0.010600271083097135,-0.24951547871998203,-0.2298987978057807,0.00213351525257921,-0.08465764568019951
EW,Individual equity,,2020-2022,756,0.48997544443534785,0.09747023038990488,-0.21572568630459632,1.0402948610276275,0.14336609841657588,-0.1364509877897958,-0.1464603727277538,-0.05727339648774987,-0.2885631943582915,-0.5503194165922796,-0.045895868026671005,-0.07927469851480051
EW,Individual equity,,2023-present,917,0.14596143238898152,0.009990971298261986,-0.29989255704126483,-0.19254600798089846,-0.030286192314466498,-0.249050784565098,0.14844609915676096,0.01234291066130666,-0.2449272939536502,0.33850744036988,0.040277163612728484,-0.050841772476166835
EWG,Thematic/industry ETF,,2016-2019,1006,0.05391238019572795,0.00011862929072314898,-0.18516014562704974,0.29118927742150347,0.020672122155748207,-0.15790328177920665,-0.4670903635492739,-0.03406828627086844,-0.1980410764687357,-0.23727689722577552,-0.020553492865025058,-0.027256863847843094
EWG,Thematic/industry ETF,,2020-2022,756,1.3048826366485191,0.28193848742578087,-0.0961489561780785,0.7033966918551844,0.08289232052199358,-0.1380570750916803,1.0765737820557881,0.18185812953454317,-0.09017124033129742,0.6014859447933347,0.1990461669037873,0.0419081189136018
EWG,Thematic/industry ETF,,2023-present,917,0.7555464768386739,0.08237338584352605,-0.12419400840520045,1.2774496976736196,0.10910223203277636,-0.062285971749175384,-0.24439611835149602,-0.021275062600735084,-0.09479119600520625,-0.5219032208349457,-0.02672884618925031,-0.06190803665602507
EWJ,Thematic/industry ETF,,2016-2019,1006,0.4273889053809956,0.03271140455522792,-0.1083133831364349,0.8778520387550451,0.05570488282593189,-0.07822504353196502,-0.32314407066449685,-0.01966793039713799,-0.13598425054546326,-0.45046313337404953,-0.02299347827070397,-0.030088339604469883
EWJ,Thematic/industry ETF,,2020-2022,756,0.6042923772310422,0.08211187594826663,-0.12901878493554653,0.8310032228268974,0.07277853272439705,-0.08764578442870419,0.19430372771915416,0.016352723797419033,-0.1929424441542823,-0.2267108455958552,0.009333343223869583,-0.04137300050684234
EWJ,Thematic/industry ETF,,2023-present,917,0.2652380385883766,0.02552412383702274,-0.10339467691441595,0.7098233416927336,0.06982561623026462,-0.10825414618216778,-0.5173910457678824,-0.03844610006387461,-0.15172556070096888,-0.44458530310435707,-0.04430149239324188,0.004859469267751826
EWZ,Thematic/industry ETF,,2016-2019,1006,0.9421643954210251,0.20582838591589403,-0.18302484707068012,1.6571462370056564,0.3135736794168642,-0.13138386158662696,-0.4885561754093709,-0.08329626345688879,-0.31244928198882893,-0.7149818415846313,-0.10774529350097017,-0.05164098548405316
EWZ,Thematic/industry ETF,,2020-2022,756,1.194870105735454,0.3614584998416519,-0.15681665839974213,1.243441949637794,0.20504913502563316,-0.16202704145551894,0.5407723786893993,0.10902636373983565,-0.2251318126493238,-0.04857184390233993,0.15640936481601875,0.005210383055776813
EWZ,Thematic/industry ETF,,2023-present,917,0.5940259979987428,0.09373727163740342,-0.17627585314361072,0.864427946837572,0.10619191999167676,-0.10334799112296167,0.018062096891643693,-0.005883048081909759,-0.20323909174084775,-0.2704019488388292,-0.012454648354273345,-0.07292786202064905
EXC,Individual equity,,2016-2019,1006,0.5335269280489268,0.05552587081848359,-0.0922060220306431,0.6225286786347025,0.05203856950178043,-0.10875611367064664,0.02377690520032264,-0.0010359213026772673,-0.12702453396641145,-0.08900175058577575,0.003487301316703162,0.01655009164000354
EXC,Individual equity,,2020-2022,756,0.963616944880615,0.20442182708172307,-0.18822058526418395,0.6007246498884857,0.07806322210551797,-0.17146130011988003,0.5089884701510636,0.07937538375059439,-0.18883090143678483,0.36289229499212927,0.1263586049762051,-0.016759285144303915
EXC,Individual equity,,2023-present,917,-0.34868790895744284,-0.04944328469795556,-0.2724927788473258,0.5266734579926203,0.047801817342789654,-0.12658989948078148,-0.5622467756384996,-0.054798289511835296,-0.2495919279583323,-0.8753613669500632,-0.09724510204074521,-0.14590287936654434
EXE,Individual equity,,2016-2019,1006,0.5089902043606658,0.13596337372105416,-0.5240412505129584,0.6184716921618634,0.15429060594402944,-0.4078995487689314,0.4272525397295625,0.09247064223143409,-0.44907178737387266,-0.1094814878011976,-0.018327232222975276,-0.11614170174402694
EXE,Individual equity,,2020-2022,756,-0.23878409376731188,-0.39886105099732205,-0.9577724029976202,0.6298475163268978,0.10533823473051607,-0.15779790864075527,0.21472638404564656,-0.03344120991247068,-0.8142340197451838,-0.8686316100942097,-0.5041992857278381,-0.799974494356865
EXE,Individual equity,,2023-present,917,0.8416556053703066,0.15503826978741175,-0.1597116485626605,0.7097954091295726,0.08922995978845383,-0.1439618603285613,0.45372096212231644,0.05573558708004911,-0.14573448619334084,0.13186019624073397,0.06580830999895793,-0.015749788234099227
EXPD,Individual equity,,2016-2019,1006,0.14499133361999347,0.01031938954108269,-0.19286194492106634,0.6249899441984635,0.053903695072244906,-0.08942080007722975,-0.43654232747786775,-0.03993978760888661,-0.15791997365465693,-0.47999861057847004,-0.043584305531162215,-0.1034411448438366
EXPD,Individual equity,,2020-2022,756,1.1305515271854671,0.22284718961097028,-0.14574210082024242,1.0064071706782636,0.1437970675642637,-0.09427541863381039,0.5663395491340053,0.07303800469097643,-0.14691629878775114,0.12414435650720357,0.07905012204670658,-0.05146668218643202
EXPD,Individual equity,,2023-present,917,0.06543272336265371,-0.0011558308474729495,-0.2891575176276322,0.8666591519454256,0.1001871994213892,-0.10910893095373742,-1.2182775313333072,-0.12286809859895154,-0.37317934044494405,-0.8012264285827719,-0.10134303026886216,-0.18004858667389478
EXPE,Individual equity,,2016-2019,1006,0.13365151547724602,0.008219256462118407,-0.18540127039888377,0.5898931845074732,0.06677948297320135,-0.14241642926783227,-0.29154436107562837,-0.04680551264430344,-0.2039070522396842,-0.45624166903022717,-0.05856022651108295,-0.0429848411310515
EXPE,Individual equity,,2020-2022,756,0.8163049670109205,0.2877328257514318,-0.3507914419311392,0.7398321062568043,0.17029224600649928,-0.1635377354987967,0.5498609935125836,0.13564411667253062,-0.4382102674376117,0.07647286075411619,0.1174405797449325,-0.18725370643234251
EXPE,Individual equity,,2023-present,917,1.1358347754256957,0.3143509820188217,-0.2567496177160793,1.1354851024403534,0.2669709731969261,-0.2336944383264492,0.16770631696137328,0.014212018390595382,-0.1626148792468879,0.0003496729853422753,0.047380008821895636,-0.023055179389630087
EXR,Individual equity,,2016-2019,1006,0.4784025058583249,0.054595243082332656,-0.23740828362358812,0.9070198186582491,0.08713329751563004,-0.1262291310831507,-0.2753136765475988,-0.027351354895134072,-0.25213062815270704,-0.4286173127999242,-0.03253805443329738,-0.11117915254043742
EXR,Individual equity,,2020-2022,756,1.2067682014750425,0.2814630724134568,-0.26025362130472873,1.7154644847849978,0.2647924274287139,-0.11321616681506352,0.12819312210228834,0.007396146295572281,-0.21084793049431938,-0.5086962833099553,0.01667064498474291,-0.1470374544896652
EXR,Individual equity,,2023-present,917,0.7161910297422549,0.13014692750241785,-0.20947354554350806,0.2697723885568072,0.028306765734305683,-0.1537626052791855,0.6578411401346199,0.08790704795022508,-0.15630662614732627,0.4464186411854477,0.10184016176811217,-0.05571094026432255
F,Individual equity,,2016-2019,1006,0.9169429734374632,0.15524990427285723,-0.190910366397939,0.664522889181785,0.08236334777665633,-0.16022697953245124,0.5938773824860788,0.06454368140789457,-0.1275675556593422,0.2524200842556782,0.0728865564962009,-0.03068338686548777
F,Individual equity,,2020-2022,756,1.628586648811181,0.7435306630998881,-0.23475781249999994,1.808895840076113,0.5180070846852485,-0.1296100753463355,0.6471816211203342,0.15851146004309435,-0.3706745687670703,-0.18030919126493195,0.22552357841463966,-0.10514773715366443
F,Individual equity,,2023-present,917,0.61655489680969,0.1152428641246388,-0.2420837230164693,0.6067801503185655,0.09402455413473576,-0.22615113183314484,0.13718653953389964,0.009595385530947853,-0.13234338844252536,0.00977474649112453,0.02121830998990304,-0.015932591183324463
FANG,Individual equity,,2016-2019,1006,0.1155445437703008,0.0012596689998227717,-0.31685879270206185,0.23643026574734483,0.02421197165266542,-0.2784781353342548,-0.004147731025179629,-0.014474074421335192,-0.19126650652791288,-0.12088572197704403,-0.02295230265284265,-0.03838065736780705
FANG,Individual equity,,2020-2022,756,1.45970743252177,0.9737952286015497,-0.48399346250462993,1.2792366798446997,0.4547023122638365,-0.24133725680909413,0.8306609636188678,0.33224213969684113,-0.456445928000218,0.18047075267707036,0.5190929163377132,-0.2426562056955358
FANG,Individual equity,,2023-present,917,0.7265678558222948,0.12075888196879525,-0.15399904101201844,1.2140670074361641,0.16183036434407327,-0.12996436792595367,-0.1722677712098566,-0.028229392916234497,-0.19597499500348226,-0.48749915161386936,-0.04107148237527802,-0.024034673086064773
FAST,Individual equity,,2016-2019,1006,0.4397484517507593,0.05671474538199117,-0.1664858956154288,1.0325705422911484,0.11999176318784599,-0.07516946842483208,-0.5205478882297522,-0.05538772600361175,-0.22477876761257953,-0.5928220905403891,-0.06327701780585482,-0.09131642719059674
FAST,Individual equity,,2020-2022,756,0.7176807805715751,0.13985749459970087,-0.22440840847056276,1.3450839933226526,0.185071565076941,-0.08112883833770002,-0.17977975753098968,-0.044252894822392363,-0.2478296766013529,-0.6274032127510775,-0.04521407047724013,-0.14327957013286274
FAST,Individual equity,,2023-present,917,1.310279222304261,0.21074406846023686,-0.10821509647521299,1.2245963656655876,0.1724959516745268,-0.06752017583978165,0.6526469343694467,0.051580836922017426,-0.09293997843771284,0.08568285663867337,0.03824811678571005,-0.04069492063543134
FCX,Individual equity,,2016-2019,1006,0.736497686251687,0.21174232082867617,-0.2856752547325714,0.9400826714178256,0.23570504233167644,-0.20243651180419442,0.0642342153581349,-0.010778643758280415,-0.27810735396547603,-0.20358498516613865,-0.023962721503000273,-0.08323874292837696
FCX,Individual equity,,2020-2022,756,1.5307086832575254,0.7544203273617796,-0.2631727922313537,1.5654810361082323,0.5814901420754521,-0.20792569018268925,0.6171515725121771,0.14290519164017268,-0.2586131111765573,-0.0347723528507069,0.17293018528632742,-0.055247102048664454
FCX,Individual equity,,2023-present,917,0.9895111978211321,0.2527627958949532,-0.1888449264219617,1.5415061016961273,0.31536498671635305,-0.1192652000398805,-0.05344477355890174,-0.02716517821281117,-0.27423110974747944,-0.5519949038749953,-0.06260219082139984,-0.06957972638208121
FDS,Individual equity,,2016-2019,1006,1.1162880798677008,0.15620195779437474,-0.12369233482263686,1.8400307657629071,0.21898449767616968,-0.06191522729612842,-0.5799568478891288,-0.05351187949975866,-0.2456430739482346,-0.7237426858952063,-0.06278253988179494,-0.061777107526508446
FDS,Individual equity,,2020-2022,756,0.824385353380192,0.1863558584731817,-0.1720234174390295,1.0871451085223203,0.15877863546609294,-0.13460813214001133,0.2680851193543789,0.03381878006766148,-0.1639848471527291,-0.26275975514212824,0.027577223007088758,-0.037415285299018164
FDS,Individual equity,,2023-present,917,0.4196869665941442,0.06848555397623546,-0.2847255481703318,0.26633217122609754,0.026190174638681674,-0.15847375356857718,0.3605972632719174,0.04752636827133494,-0.21476101019876148,0.15335479536804664,0.042295379337553785,-0.12625179460175462
FDX,Individual equity,,2016-2019,1006,1.158152417889639,0.21454052222954356,-0.1561836653930071,1.3555806457087356,0.16401192633573802,-0.07609765075434727,0.3563566672793974,0.04228730245533341,-0.1778732457159239,-0.19742822781909664,0.05052859589380554,-0.08008601463865983
FDX,Individual equity,,2020-2022,756,1.0971555214069177,0.30863123593850306,-0.2407346042534254,1.190505259243848,0.2048101325411673,-0.11243505223841466,0.5539531588374318,0.10492018702790928,-0.17707249544392822,-0.09334973783693035,0.10382110339733575,-0.12829955201501075
FDX,Individual equity,,2023-present,917,0.6656926415740819,0.11098622069267217,-0.181032632821442,1.4580466055197718,0.2549993171211349,-0.10048609502696393,-0.43011892085872594,-0.0556869094149538,-0.21772374666914063,-0.7923539639456899,-0.14401309642846272,-0.08054653779447807
FE,Individual equity,,2016-2019,1006,0.6153585882747722,0.06580493801813403,-0.12439833409222323,0.7335787690591622,0.06811453985354876,-0.07369537627042089,-0.127980768712029,-0.012044325966241054,-0.15231259770114602,-0.11822018078439,-0.002309601835414732,-0.05070295782180234
FE,Individual equity,,2020-2022,756,0.3654839492525954,0.055650888435765156,-0.3204559309824764,0.28814494476095115,0.0290203839941916,-0.18525409732727904,0.5418100464629991,0.07341507655095292,-0.11823284369118803,0.07733900449164427,0.026630504441573555,-0.13520183365519733
FE,Individual equity,,2023-present,917,0.08996865975523068,0.003374026638576666,-0.2172541391738605,0.6496268062244791,0.05874625818925705,-0.143337730706793,-0.4949700979179785,-0.04977445709084305,-0.2472658624929831,-0.5596581464692484,-0.055372231550680384,-0.07391640846706748
FER,Individual equity,,2023-present,578,-0.39288016342517984,-0.06555474993244981,-0.2013458807316585,0.28920143517485924,0.026974049044479864,-0.09240711597975804,-0.9178205253241816,-0.07885284345796628,-0.21135935501114822,-0.682081598600039,-0.09252879897692967,-0.10893876475190045
FERG,Individual equity,,2020-2022,460,0.8820862202094318,0.1798936223740728,-0.12375106747714404,1.1077426006837872,0.16645423526031977,-0.06785725038940771,0.1516342137822926,0.011521572563670146,-0.13868403284639563,-0.22565638047435532,0.013439387113753032,-0.05589381708773633
FERG,Individual equity,,2023-present,917,1.2489256858568858,0.2592553760799021,-0.14365696460855348,1.252612735513792,0.21750166053290454,-0.09033976925706877,0.4431087354949603,0.044434198493008115,-0.1514981815813392,-0.0036870496569061384,0.04175371554699758,-0.053317195351484714
FFIV,Individual equity,,2016-2019,1006,0.7792002124446149,0.11004331894422448,-0.13036293978915547,0.9203141432088562,0.08797822272354217,-0.09390922260389778,0.38329619573648527,0.0413267062960454,-0.12477608085810421,-0.14111393076424128,0.022065096220682312,-0.036453717185257695
FFIV,Individual equity,,2020-2022,756,1.0115523796849026,0.2639978475694029,-0.23672563036261351,1.2986781730209056,0.1917746286645592,-0.1074241559889536,0.6225681413179002,0.12392193190201439,-0.18389572831335255,-0.28712579333600297,0.07222321890484373,-0.1293014743736599
FFIV,Individual equity,,2023-present,917,0.7497244186334671,0.11622623556643052,-0.1507665433290971,0.6823449923927856,0.08571216244207136,-0.1286653684644644,0.3217916981005754,0.026180433398133918,-0.1231309809839718,0.0673794262406815,0.030514073124359165,-0.0221011748646327
FICO,Individual equity,,2016-2019,1006,1.2011946341622572,0.21987516661084028,-0.18414563196445555,1.4894461863906618,0.211404091550756,-0.14226048207889597,0.05809461800427379,-0.00010246343853193007,-0.16252383937618908,-0.2882515522284046,0.008471075060084265,-0.04188514988555958
FICO,Individual equity,,2020-2022,756,1.4886823474352047,0.49896398057903135,-0.1472906140203637,0.8322308500354048,0.1431862898524976,-0.12863839375104724,1.2537823675887085,0.31871386476061225,-0.13077836364595496,0.6564514973997999,0.35577769072653376,-0.018652220269316455
FICO,Individual equity,,2023-present,917,0.9957558024442759,0.26853725639571535,-0.20012625000098228,1.1710231617215314,0.2087853233574133,-0.2389856030712293,0.36381077699089187,0.05723201347966844,-0.22395063840149665,-0.17526735927725556,0.05975193303830206,0.038859353070247016
FIS,Individual equity,,2016-2019,1006,0.7053476063742556,0.08017349519872252,-0.15186228445616912,1.313430872911154,0.13487318949248506,-0.10513164325421986,-0.4594240613835887,-0.032687349383532016,-0.1550129472480153,-0.6080832665368983,-0.054699694293762535,-0.04673064120194925
FIS,Individual equity,,2020-2022,756,0.4901545784776313,0.09755076611487645,-0.2687396520021692,-0.04550952742209232,-0.01343560408232114,-0.17449546392105142,0.5200683060635317,0.09806934489569463,-0.21773685552151179,0.5356641058997236,0.11098637019719759,-0.09424418808111779
FIS,Individual equity,,2023-present,917,1.0318698040096672,0.2137922013732103,-0.15729777021014268,0.9644673812135501,0.11106381535923049,-0.1423316019530888,0.5968576638158062,0.09612872736613864,-0.1479809306025317,0.06740242279611708,0.10272838601397982,-0.01496616825705388
FISV,Individual equity,,2016-2019,1006,0.26442440823931385,0.025153504217799938,-0.15668760515084468,0.9333441143155741,0.09385177369359687,-0.0792801923066313,-0.7468532398268442,-0.05435416656810155,-0.23697100156582374,-0.6689197060762602,-0.06869826947579694,-0.07740741284421337
FISV,Individual equity,,2020-2022,756,0.12039326131396304,-0.00040629857448060136,-0.2946489494714022,0.4112830764908053,0.04443826331020917,-0.09340761388131458,-0.11494340957428764,-0.04639182021979382,-0.3294670244788631,-0.29088981517684226,-0.04484456188468977,-0.2012413355900876
FISV,Individual equity,,2023-present,917,0.743870608386831,0.1326036420550214,-0.29029645605358845,1.7812488533696835,0.2257057220013845,-0.070698754930269,-0.10555285461953792,-0.027724030057643123,-0.246650508006798,-1.0373782449828526,-0.0931020799463631,-0.21959770112331944
FITB,Individual equity,,2016-2019,1006,0.7991188517034812,0.13432566216902897,-0.13924709096302867,1.2743892830983945,0.16547960073006585,-0.122525869417772,-0.1687182829514209,-0.030731263485129112,-0.21367131550262008,-0.4752704313949133,-0.031153938561036876,-0.01672122154525668
FITB,Individual equity,,2020-2022,756,0.4212155272054823,0.0923918967653623,-0.48471759628056077,0.49265944539124135,0.08379668193726975,-0.2614178423228716,0.2473510078201721,0.029928770814849015,-0.4110308543218689,-0.07144391818575907,0.008595214828092557,-0.2232997539576892
FITB,Individual equity,,2023-present,917,0.9956038603877863,0.20751544409762768,-0.20955915045891726,1.0853507123244395,0.17946768274826375,-0.1675911839509041,0.48878340507500395,0.059339797174261966,-0.10752459702694228,-0.08974685193665322,0.02804776134936393,-0.041967966508013155
FIX,Individual equity,,2016-2019,1006,0.603812197449241,0.09049550167981724,-0.2615596574181047,0.3870553903169946,0.038503823152777894,-0.2584427354106801,0.5146877840895056,0.05852710677252815,-0.10824952650920439,0.21675680713224638,0.05199167852703934,-0.0031169220074246384
FIX,Individual equity,,2020-2022,756,0.8899054742266559,0.2842460179955415,-0.21816766693266487,1.5300520028042732,0.35712430010686314,-0.14069620123254478,-0.008060571932589624,-0.03922152966284076,-0.3380313016833415,-0.6401465285776173,-0.07287828211132164,-0.07747146570012009
FIX,Individual equity,,2023-present,917,1.2821707398444664,0.40519582311590296,-0.4518883226146909,1.8362845363967784,0.5535728689578141,-0.2803354506307709,-0.9957063224853271,-0.16324661910562,-0.5140778709900533,-0.554113796552312,-0.14837704584191114,-0.17155287198392
FLEX,Individual equity,,2016-2019,1006,0.588660074897505,0.1296073111801912,-0.17265635133119672,0.7091835590071579,0.08293735932635937,-0.11687209971059442,0.25966414525094256,0.036621812510109875,-0.24364991705563166,-0.12052348410965286,0.046669951853831826,-0.0557842516206023
FLEX,Individual equity,,2020-2022,756,0.7470558226726346,0.21024013044348955,-0.5091785938516247,1.075088736123341,0.23312623622131867,-0.1783278425742043,0.03671745656836973,-0.0187230191161184,-0.49817601012171886,-0.3280329134507064,-0.022886105777829124,-0.33085075127742036
FLEX,Individual equity,,2023-present,917,1.4835810674432113,0.400967917796504,-0.2253910413301221,1.949727261857739,0.42690034315423286,-0.15551085035403,-0.025509090264082063,-0.016107234292477846,-0.2590421712623263,-0.46614619441452776,-0.025932425357728883,-0.0698801909760921
FLOT,Bond ETF,,2016-2019,1006,2.7409912694683376,0.0158398660496597,-0.003355882665094123,2.766102498664071,0.01596713826907803,-0.003355882665094123,-0.5007457125694801,-0.00012527198432443765,-0.0004999999999999449,-0.025111229195733387,-0.00012727221941832845,0.0
FLOT,Bond ETF,,2020-2022,756,0.7150203894184024,0.0070332455784754,-0.009875013323237924,0.9362399314517097,0.004267889621228704,-0.0034778075662318386,0.31830322498135866,0.002753603879826594,-0.00691632188693414,-0.2212195420333073,0.0027653559572466957,-0.006397205757006086
FLOT,Bond ETF,,2023-present,917,7.233126256286857,0.04501461748342539,-0.00399111591397594,7.233126256286857,0.04501461748342539,-0.00399111591397594,,0.0,0.0,0.0,0.0,0.0
FOX,Individual equity,,2016-2019,1006,1.0299922205683125,0.15617136548758492,-0.1277877204646064,1.4578699617224866,0.18470740930477247,-0.10061993215849219,-0.03279760615168365,-0.007720713321287875,-0.10463061034794574,-0.4278777411541741,-0.02853604381718755,-0.027167788306114216
FOX,Individual equity,,2020-2022,756,0.7324441464219581,0.16290698480117838,-0.30232804517325873,0.16845254633917212,0.013849659878999665,-0.12606219959651743,0.7202348966800987,0.1352790538404447,-0.27912918318304236,0.563991600082786,0.1490573249221787,-0.1762658455767413
FOX,Individual equity,,2023-present,917,0.8973348763105348,0.1535984386629088,-0.23267541266298175,1.3117066265043011,0.2004939324570556,-0.09857281684580133,-0.1631604864916722,-0.022671296415915587,-0.24519544695897744,-0.4143717501937664,-0.046895493794146814,-0.13410259581718043
FOXA,Individual equity,,2016-2019,1006,1.057766324012915,0.16964047126123183,-0.143012918742091,1.4035349529389562,0.1913269679962355,-0.13655031448305976,-0.00330687631548656,-0.005045407547597969,-0.12264838290826974,-0.3457686289260413,-0.02168649673500367,-0.006462604259031224
FOXA,Individual equity,,2020-2022,756,0.32777179248980615,0.05059583012125257,-0.3051104989712867,0.09904068856023705,0.0038280873729292786,-0.15868283312938036,0.3222637417568185,0.043856411266249395,-0.28908778567334914,0.22873110392956908,0.04676774274832329,-0.14642766584190636
FOXA,Individual equity,,2023-present,917,0.7525362558068118,0.13046813931524914,-0.20256768548259263,1.2006667377741145,0.18126640918256687,-0.11664876467215268,-0.20943856700653382,-0.03130117395042453,-0.24842690811876145,-0.44813048196730265,-0.050798269867317725,-0.08591892081043995
FRT,Individual equity,,2016-2019,1006,0.20813382217957144,0.017551635734009308,-0.1701534339209957,0.0069930870591028834,-0.002272537759775428,-0.1989458030019049,0.08153497755485925,0.0033019979548034595,-0.12807883602549286,0.20114073512046857,0.019824173493784736,0.028792369080909208
FRT,Individual equity,,2020-2022,756,0.6765898271806484,0.16703419096092165,-0.2899117800751404,0.7935161959354909,0.12168644785320026,-0.18527325484540413,0.2068998902285079,0.022327629337615118,-0.38919174603541873,-0.11692636875484252,0.04534774310772138,-0.10463852522973627
FRT,Individual equity,,2023-present,917,0.7082897401315277,0.09710202093742559,-0.14039231996394652,0.6731443856254142,0.06323555203930997,-0.10325611030305104,0.4653617685415879,0.0462192702511377,-0.1965273156329217,0.035145354506113446,0.03386646889811562,-0.03713620966089548
FSLR,Individual equity,,2016-2019,1006,0.5711171299746426,0.122658068862316,-0.27447248378999745,0.14020901758035062,0.009090591064652154,-0.2692346241647021,0.7272704516902535,0.13048492790408917,-0.2247131921226554,0.43090811239429194,0.11356747779766385,-0.005237859625295327
FSLR,Individual equity,,2020-2022,756,1.0776174600404682,0.3972010984151717,-0.304220311180995,1.1703631942174895,0.3366406100642827,-0.2305667353184031,0.45088163159482164,0.08612445502962784,-0.28893288404246176,-0.09274573417702126,0.06056048835088901,-0.07365357586259191
FSLR,Individual equity,,2023-present,917,0.6510527475496444,0.18135722427163237,-0.3106609889347156,0.29028645231191513,0.04326635281628799,-0.30145807675736225,0.5832328191129229,0.12749678928754182,-0.15601819928449412,0.36076629523772924,0.13809087145534438,-0.009202912177353362
FTNT,Individual equity,,2016-2019,1006,1.1785174486993273,0.2659927505398547,-0.2017028101265339,1.6492375670551571,0.31300033263589433,-0.10240043291257461,0.060300122787762034,-0.0016981101114903474,-0.18711042070262796,-0.47072011835582983,-0.04700758209603961,-0.09930237721395929
FTNT,Individual equity,,2020-2022,756,0.8742196956356753,0.2424386900436779,-0.38366751749688344,1.1988176013004572,0.27554468711783087,-0.2864984054464118,0.001000921394618883,-0.01905561877661277,-0.2718815697278607,-0.32459790566478197,-0.03310599707415296,-0.09716911205047163
FTNT,Individual equity,,2023-present,917,1.2496602833300938,0.3625933048257324,-0.18284903413452636,1.543747850819826,0.35204114558096555,-0.10932933287432778,0.2080770592749772,0.022632642491326127,-0.16981263442541739,-0.2940875674897321,0.010552159244766823,-0.07351970126019858
FTV,Individual equity,,2016-2019,880,1.2738808075547203,0.16401767275479706,-0.12064827887120044,1.2778267193904664,0.11689608395135243,-0.0915016441109816,0.5138810644384536,0.0421897699173035,-0.08115732168745438,-0.003945911835746108,0.047121588803444636,-0.029146634760218837
FTV,Individual equity,,2020-2022,756,0.3464538602202793,0.05254800487614575,-0.19776268124592933,0.2838678888301406,0.028785664514657805,-0.14451286587566825,0.06586237343200307,-0.003186302912234762,-0.21033741317777277,0.06258597139013872,0.023762340361487944,-0.05324981537026108
FTV,Individual equity,,2023-present,917,0.18071527511313915,0.015924931003916898,-0.17932751009959513,0.42722263714470465,0.04041601111115534,-0.10303479106017566,0.17664931813616136,0.013371813251541909,-0.11378535657137301,-0.2465073620315655,-0.02449108010723844,-0.07629271903941948
FXI,Thematic/industry ETF,,2016-2019,1006,0.9480937773472867,0.13462407620000638,-0.16897485552929292,1.2679602728728832,0.14487752063285741,-0.11070098907021542,0.04038784790457542,-0.0004997646632167729,-0.1258731429328045,-0.31986649552559643,-0.010253444432851033,-0.058273866459077506
FXI,Thematic/industry ETF,,2020-2022,756,1.3992718427828246,0.3446555044314814,-0.11350870852667472,0.8790015417043805,0.11978798112069922,-0.13308943326347655,1.0862955002274859,0.20081258872392183,-0.11472497148942007,0.5202703010784441,0.2248675233107822,0.019580724736801836
FXI,Thematic/industry ETF,,2023-present,917,0.9661991862561211,0.19648864746221406,-0.19277545078738278,0.7741828307623075,0.11629268516512403,-0.17630711223838036,0.4214080991101008,0.05069155139449322,-0.1460833030943336,0.19201635549381357,0.08019596229709003,-0.016468338549002426
GD,Individual equity,,2016-2019,1006,0.7607744575584078,0.08690306174414086,-0.10480652024015857,0.9493531611294311,0.08767224900692172,-0.07129481112848113,-0.12215744589331805,-0.012508192972365495,-0.144206640475954,-0.18857870357102335,-0.0007691872627808571,-0.033511709111677446
GD,Individual equity,,2020-2022,756,0.7176739702606197,0.13618321503061792,-0.2359617151295419,0.9835005260108599,0.12848188075134304,-0.12189986645630857,0.10474186325534458,0.0040800914383805065,-0.2753610396039372,-0.26582655575024017,0.007701334279274885,-0.11406184867323332
GD,Individual equity,,2023-present,917,0.8065463459991865,0.0954383835239423,-0.14834210873083442,0.6816561556683787,0.06788946662139117,-0.11425064424322906,0.36217772778293716,0.025074184002051414,-0.14637694289057157,0.12489019033080784,0.027548916902551124,-0.03409146448760536
GDDY,Individual equity,,2016-2019,1006,0.6127883971498271,0.0980691240560525,-0.19157350830787812,1.0290243369263632,0.13757493094929418,-0.11233873939196715,-0.19932164647916634,-0.033920970261073435,-0.2062934238105648,-0.41623593977653606,-0.03950580689324168,-0.07923476891591097
GDDY,Individual equity,,2020-2022,756,0.5790096485871671,0.13248610555341522,-0.17734292824619147,0.8887771993116137,0.13909970336302457,-0.12049041690124118,0.18435743692707546,0.01639191954217134,-0.2556482991688769,-0.3097675507244466,-0.006613597809609351,-0.056852511344950285
GDDY,Individual equity,,2023-present,917,1.4348900462462642,0.3166928676542109,-0.23637576494363033,1.0852278627558218,0.15706857455195022,-0.14940354484417562,0.7483597141717296,0.11011710450089529,-0.17761299020899846,0.3496621834904423,0.15962429310226067,-0.08697222009945471
GDX,Thematic/industry ETF,,2016-2019,1006,0.683270053531817,0.1403572194845253,-0.23841369291328174,0.9782072110113817,0.18189690956180682,-0.1677631328513416,0.04507366952301904,-0.003873967925554389,-0.2124912134711029,-0.2949371574795647,-0.04153969007728153,-0.07065056006194015
GDX,Thematic/industry ETF,,2020-2022,756,0.7802257783805153,0.18436654548471743,-0.23682010044489366,0.8387287996920226,0.14581840825068992,-0.12797078170309628,0.27035058074782686,0.03364244888758505,-0.16718661305488214,-0.05850302131150731,0.0385481372340275,-0.10884931874179737
GDX,Thematic/industry ETF,,2023-present,917,1.0398589492390757,0.26576250860956474,-0.27455729141695506,1.843252529789784,0.3900951014278675,-0.12864442826129396,-0.2929436920475632,-0.06709423766186995,-0.37899596064684127,-0.8033935805507082,-0.12433259281830278,-0.1459128631556611
GDXJ,Thematic/industry ETF,,2016-2019,924,0.6487595985727767,0.13182670552381826,-0.21234671886793155,0.6808943053256699,0.09954393815068951,-0.1456845872124498,0.27846489579245476,0.03445414006863179,-0.1797217371025569,-0.032134706752893205,0.03228276737312874,-0.06666213165548174
GDXJ,Thematic/industry ETF,,2020-2022,756,0.7204230834674564,0.18645859431237,-0.2685590098863889,1.079386541768168,0.23757938982957638,-0.13731550198511544,-0.0281804604239026,-0.026405404076444094,-0.265192926115958,-0.35896345830071164,-0.051120795517206385,-0.13124350790127348
GDXJ,Thematic/industry ETF,,2023-present,917,0.6913612371442593,0.17164726820151643,-0.3658913369531511,1.414944140582374,0.3174688484194663,-0.194846581653224,-0.47209047747889515,-0.10746636288685918,-0.47756235498474053,-0.7235829034381146,-0.1458215802179499,-0.17104475529992713
GE,Individual equity,,2016-2019,1006,1.1569273490206105,0.26368349361038446,-0.21308459107620703,1.1744758996322324,0.1558845273168339,-0.07715860379669315,0.8054335778122776,0.13900239653675572,-0.28696532466039404,-0.01754855061162197,0.10779896629355057,-0.13592598727951388
GE,Individual equity,,2020-2022,756,0.4816906309825737,0.10208280686724591,-0.33751041737726195,0.7531668018448338,0.10734494714298437,-0.13737732593095253,0.2052396508437451,0.0200023224112873,-0.3893577968385783,-0.27147617086226006,-0.005262140275738458,-0.20013309144630942
GE,Individual equity,,2023-present,917,1.8618052692735798,0.3947556645712169,-0.1188471722858444,2.2703729342521473,0.44264516097993534,-0.1137296646440934,-0.26660606380818075,-0.026898139438517266,-0.15980062209640156,-0.40856766497856745,-0.047889496408718424,-0.005117507641751007
GEHC,Individual equity,,2023-present,917,0.7010965008921467,0.141652262882064,-0.21748083715665356,0.595790740123884,0.07570602047373765,-0.16927167261502252,0.5043112630067869,0.0784264921072726,-0.14275461467264028,0.1053057607682627,0.06594624240832636,-0.048209164541631044
GEN,Individual equity,,2016-2019,1006,1.0817156294103987,0.2136723626885968,-0.280425141094625,1.6154501395738365,0.24226566197009358,-0.11174202922418441,-0.08905410235207721,-0.023085136575198062,-0.3267746743760802,-0.5337345101634379,-0.028593299281496787,-0.1686831118704406
GEN,Individual equity,,2020-2022,756,0.7061426572898564,0.1375842234120419,-0.19042175698476815,0.8644781913593722,0.13848914452521788,-0.15306287021086817,0.09743232005862218,0.003955407080252105,-0.15336595180311707,-0.15833553406951584,-0.0009049211131759716,-0.03735888677389998
GEN,Individual equity,,2023-present,917,1.330170564005169,0.2750479365518006,-0.14818972352685822,1.0743489607599366,0.15198031688242142,-0.1693721458231614,0.8131492294873103,0.11249717954333072,-0.15637144522365543,0.2558216032452325,0.12306761966937918,0.021182422296303183
GEV,Individual equity,,2023-present,605,1.4803311447286367,0.523035609965429,-0.2671691317599654,2.5705448036304976,0.8943980512593124,-0.11954825297221705,-1.1391865772243206,-0.1960318957502185,-0.41093152173135794,-1.090213658901861,-0.3713624412938834,-0.14762087878774832
GILD,Individual equity,,2016-2019,1006,-0.007953863246799742,-0.013469029161799706,-0.25586547266939264,0.2974073827262049,0.026717203260744782,-0.16812374654398277,0.005857337996475005,-0.0066379583775243445,-0.1511496066896254,-0.3053612459730047,-0.04018623242254449,-0.08774172612540987
GILD,Individual equity,,2020-2022,756,0.32752226542373475,0.039917809425859874,-0.17289469146379444,0.09363182403483937,0.0043040234953253265,-0.1504944254386198,0.49336982629370685,0.0539128566614695,-0.0955150439393252,0.23389044138889536,0.03561378593053455,-0.022400266025174642
GILD,Individual equity,,2023-present,917,0.7179082592919763,0.10997032858270184,-0.1450892286223383,0.9995032189881911,0.13793588912375787,-0.11894042335208421,-0.08891522916364451,-0.01330670498572395,-0.1759447590931592,-0.28159495969621473,-0.027965560541056034,-0.026148805270254094
GIS,Individual equity,,2016-2019,1006,1.2593376571184576,0.17115935008400207,-0.1270686679821722,0.8157056347771281,0.07667709318134341,-0.1020024496560823,0.5012644546449407,0.04661546187966237,-0.09807927348603995,0.4436320223413295,0.09448225690265866,-0.025066218326089906
GIS,Individual equity,,2020-2022,756,-0.19616880080571053,-0.034797244282496864,-0.22286711669464188,0.23213050668554636,0.020758823562472495,-0.1513856731740867,-0.7636060010250155,-0.05597039483138189,-0.16708892781264695,-0.4282993074912569,-0.05555606784496936,-0.07148144352055519
GIS,Individual equity,,2023-present,917,1.2976988571500983,0.2154586901670117,-0.19859166528668548,0.7616787652802308,0.07156622361583476,-0.07489651644135198,1.083128555187095,0.14179498987961114,-0.1725192023582971,0.5360200918698674,0.14389246655117693,-0.1236951488453335
GL,Individual equity,,2016-2019,1006,0.7970777380070501,0.08108494034200953,-0.15199755638062096,1.155142771299982,0.09576897407080986,-0.08167734339824184,-0.28347284937556594,-0.021902244550667138,-0.16623132598408985,-0.35806503329293193,-0.014684033728800339,-0.07032021298237912
GL,Individual equity,,2020-2022,756,0.12542265323571705,-0.002632477656990706,-0.4289812294558675,0.3318887432365706,0.04121671710514274,-0.21715121700644724,-0.0168538171542404,-0.030069530798054855,-0.377546458897261,-0.20646609000085353,-0.04384919476213345,-0.21183001244942024
GL,Individual equity,,2023-present,917,1.123213940358434,0.15178308955038,-0.09111880599523992,1.0557547622467354,0.1086132101170163,-0.10479281289731057,0.17126005306437672,0.011578811220068541,-0.1195996138605927,0.06745917811169866,0.0431698794333637,0.013674006902070657
GLD,Commodity ETF,Cross-asset,2016-2019,1006,1.2020808201042559,0.09388389218035975,-0.0626335502642148,1.0793787549650773,0.06434076089914642,-0.041724018442787836,0.5966522781729832,0.028954388820571664,-0.06768885823582205,0.12270206513917858,0.02954313128121333,-0.020909531821426963
GLD,Commodity ETF,Cross-asset,2020-2022,756,1.4677529742660427,0.16143687169543064,-0.07308359021720778,1.351025807507881,0.11394176841011228,-0.07435696608526299,0.525289920358393,0.03425796081959476,-0.09325450945573854,0.11672716675816175,0.04749510328531836,0.0012733758680552043
GLD,Commodity ETF,Cross-asset,2023-present,917,1.3530378209606941,0.18991542712907972,-0.15044018821164884,1.9909836201504734,0.2313271302651121,-0.09909113131600156,-0.2389494618592731,-0.0235179368412044,-0.21246152216105219,-0.6379457991897792,-0.041411703136032374,-0.05134905689564728
GLW,Individual equity,,2016-2019,1006,1.087308581234185,0.16102978637922605,-0.1233006419025986,1.2341916634458516,0.12057539623864888,-0.06608551404806251,0.4097518483824775,0.04058743496408268,-0.11531518617999437,-0.14688308221166668,0.04045439014057717,-0.057215127854536085
GLW,Individual equity,,2020-2022,756,0.2414527654830135,0.028285679034813382,-0.2692388759016946,0.6286353631611711,0.09376929900531694,-0.12595540640365166,0.05329462911001032,-0.01638536569881499,-0.2810663098173839,-0.38718259767815755,-0.06548361997050356,-0.14328346949804294
GLW,Individual equity,,2023-present,917,1.4985213031997213,0.4366729619141472,-0.29858520537795186,1.5001368691827024,0.3740582630947673,-0.16141918860614723,0.5181114158221181,0.06292175953267032,-0.16483754905844716,-0.001615565982981071,0.06261469881937987,-0.13716601677180462
GM,Individual equity,,2016-2019,1006,0.4442825701172221,0.06181768927105247,-0.17076611854847634,0.5353925624099786,0.05379340479958161,-0.1372722264248183,0.2070896858224135,0.01837914247307526,-0.14170726655347,-0.09110999229275646,0.008024284471470855,-0.03349389212365805
GM,Individual equity,,2020-2022,756,1.076736845629681,0.3651176290478402,-0.3088355992547557,1.3209066229955935,0.30289073116472554,-0.08969279466687208,0.30497133252422803,0.047760642082000704,-0.33152660375129495,-0.2441697773659124,0.06222689788311464,-0.2191428045878836
GM,Individual equity,,2023-present,917,0.3034647984459281,0.042970615033120385,-0.3658011364852968,0.6627124827149972,0.1017314206423161,-0.26403033653827,-0.1393863756357315,-0.031096543041226443,-0.2564771301194433,-0.35924768426906906,-0.05876080560919572,-0.10177079994702676
GNRC,Individual equity,,2016-2019,1006,0.8105046747821579,0.129125700357001,-0.1894915921509478,1.4419564419891788,0.20227818315144908,-0.08839792767754728,-0.5644632123649388,-0.05978133530421936,-0.24507135127931234,-0.6314517672070209,-0.07315248279444808,-0.10109366447340051
GNRC,Individual equity,,2020-2022,756,1.6545112971639355,0.822609863354999,-0.27421652467031,1.360832779572997,0.34875711038969825,-0.2068383838979907,1.0557590733858349,0.351325490197705,-0.259757435081279,0.29367851759093844,0.4738527529653007,-0.0673781407723193
GNRC,Individual equity,,2023-present,917,0.829452330459447,0.24194727016186013,-0.22153729224211016,0.9175333545915516,0.21841681697256,-0.200357345318392,0.4348482572311667,0.07533479512803809,-0.2685580393009235,-0.08808102413210461,0.023530453189300138,-0.021179946923718163
GOOG,Individual equity,,2016-2019,1006,0.4840710117028405,0.06601317720669342,-0.23302267546099675,1.248288952220546,0.1469941230290066,-0.12352968963903788,-0.6145843463124876,-0.07000147728706352,-0.3392432405542275,-0.7642179405177055,-0.08098094582231319,-0.10949298582195888
GOOG,Individual equity,,2020-2022,756,0.7906687378543683,0.18080752591008897,-0.22296749071835642,0.6315821725686445,0.08958096340116928,-0.30496100519365843,0.3358001539960921,0.04930037081757033,-0.1989350154801156,0.15908656528572385,0.0912265625089197,0.08199351447530201
GOOG,Individual equity,,2023-present,917,1.3101938694048185,0.29902368198090445,-0.13037536662037152,1.7145219950538992,0.3398902811513327,-0.10121828197818084,-0.06237380571602725,-0.015574701828458992,-0.15129096427043132,-0.4043281256490807,-0.04086659917042823,-0.02915708464219069
GOOGL,Individual equity,Mega-cap 7,2016-2019,1006,0.45789290394097243,0.06055790133918615,-0.22947073653444194,1.3130789667023344,0.1522893895829449,-0.12024360718001548,-0.7425665320453226,-0.08095851903342643,-0.3459346955353295,-0.8551860627613619,-0.09173148824375876,-0.10922712935442647
GOOGL,Individual equity,Mega-cap 7,2020-2022,756,0.6305082566745103,0.1320324629033538,-0.23882358225647704,0.4495543464992679,0.057658086772334194,-0.3366218621595133,0.29623671483570113,0.04084136539118122,-0.19643963832276568,0.18095391017524237,0.0743743761310196,0.09779827990303624
GOOGL,Individual equity,Mega-cap 7,2023-present,917,1.3844762447311665,0.31835817144364964,-0.13381649796141182,1.7260437515113964,0.34472381678245667,-0.10381310247021236,0.015642616895333555,-0.0054716159120581365,-0.17226447600054262,-0.34156750678022996,-0.02636564533880703,-0.030003395491199458
GOVT,Bond ETF,,2016-2019,1006,0.6613891575008164,0.011454330237059551,-0.015378198937103238,0.4189736420842636,0.006064657593343847,-0.01587265911143987,0.5709821282943518,0.005357183162172152,-0.011472876819615951,0.24241551541655282,0.005389672643715704,0.0004944601743366306
GOVT,Bond ETF,,2020-2022,756,1.1187770776476682,0.033698628131329844,-0.01621312189994184,0.6576053831371602,0.005970690966670578,-0.010069714915147188,0.9639025597862915,0.027563364831250325,-0.014741905837495572,0.461171694510508,0.027727937164659267,-0.006143406984794653
GOVT,Bond ETF,,2023-present,917,0.19189098761937584,0.003727368029468492,-0.023042312870946047,0.4931782613403134,0.007167962435005615,-0.016415437380982167,-0.23295157082046564,-0.003416107872632246,-0.025339110115602526,-0.30128727372093755,-0.003440594405537123,-0.006626875489963879
GPC,Individual equity,,2016-2019,1006,1.357050309358953,0.18671234238072154,-0.11820700897788605,1.424779881699341,0.1417358887565756,-0.09852301385194051,0.5955118478761238,0.05223223181480163,-0.06668961056006861,-0.06772957234038812,0.04497645362414593,-0.01968399512594554
GPC,Individual equity,,2020-2022,756,1.0220617694147967,0.26693226902459544,-0.28596949609323075,1.453903026094919,0.21838538125199491,-0.12795749448422444,0.3346582957295721,0.050783701459351294,-0.31747515098494816,-0.4318412566801224,0.04854688777260052,-0.1580120016090063
GPC,Individual equity,,2023-present,917,0.7303612352092794,0.11803385053551985,-0.25233248080582327,0.4295409197049592,0.04439739839351109,-0.21703395662754377,0.5850406095163815,0.07248939935674303,-0.15204529707256298,0.3008203155043202,0.07363645214200876,-0.0352985241782795
GPN,Individual equity,,2016-2019,1006,0.8051577516687067,0.12307441306916389,-0.16911289805050733,1.37354627377025,0.19133567997515555,-0.10973077261407627,-0.5252450220193228,-0.049180938622965464,-0.22309219942969316,-0.5683885221015432,-0.06826126690599166,-0.059382125436431066
GPN,Individual equity,,2020-2022,756,0.7307910304750832,0.184448781877258,-0.22234251551733897,0.8044095152265351,0.11148842960393957,-0.15808458033269035,0.4421007462941589,0.08308910017267723,-0.26299403179108827,-0.07361848475145194,0.07296035227331843,-0.06425793518464862
GPN,Individual equity,,2023-present,917,0.5672347677868016,0.10711877943201498,-0.41859834585821487,0.8006106665313765,0.12263654772923949,-0.2644827125461131,0.1765845323549774,0.015621480028457979,-0.2391983021054741,-0.23337589874457487,-0.01551776829722451,-0.15411563331210176
GRMN,Individual equity,,2016-2019,1006,0.7146390265190359,0.09017861710068575,-0.12272255712940705,1.1918056723194996,0.13937401549639006,-0.09394019767637674,-0.6567125702454416,-0.0454308059362416,-0.17614201244264582,-0.47716664580046375,-0.049195398395704304,-0.028782359453030315
GRMN,Individual equity,,2020-2022,756,0.9528598785573444,0.210817061462234,-0.2441996408916568,1.02501935795975,0.15381983610868155,-0.15676635469658995,0.2832189045997011,0.03485169934033272,-0.23768715068193158,-0.07215947940240552,0.05699722535355245,-0.08743328619506685
GRMN,Individual equity,,2023-present,917,0.7268139089208783,0.1014661664687928,-0.19014310251544386,1.3685370092548785,0.17091593972346186,-0.09836268481250099,-0.4998040670849718,-0.04809381264526447,-0.22821770072459313,-0.6417231003340003,-0.06944977325466906,-0.09178041770294287
GS,Individual equity,,2016-2019,1006,0.8603216794884565,0.144413157412413,-0.2026891801146531,1.0181466242994186,0.12665007703646736,-0.13292994942164016,0.2816469459174244,0.027806905731739162,-0.15619873458915168,-0.1578249448109621,0.01776308037594565,-0.06975923069301293
GS,Individual equity,,2020-2022,756,0.7047126358135914,0.14841170861482933,-0.32578404758607993,1.3664170363870132,0.22414182478078004,-0.12541586720926257,-0.2732617258230659,-0.06186384178117044,-0.41031681423976507,-0.6617044005734217,-0.07573011616595071,-0.20036818037681736
GS,Individual equity,,2023-present,917,1.0920712218117905,0.22309531480737133,-0.18288899723021368,1.5251706667644,0.262999936011292,-0.11163417384918939,-0.23108176224627874,-0.03556900012703257,-0.22570088612502492,-0.43309944495260955,-0.03990462120392069,-0.07125482338102429
GWW,Individual equity,,2016-2019,1006,0.8100480631846363,0.14041471662114846,-0.20079522549879214,0.6711090288062092,0.08146776339850992,-0.1251276285616132,0.6188011028549363,0.07616650959362259,-0.12185692322881325,0.13893903437842714,0.05894695322263854,-0.07566759693717895
GWW,Individual equity,,2020-2022,756,0.7645644961388114,0.17801406414595222,-0.2060997340737324,1.1184121685191137,0.18000976546012581,-0.1015431867555624,0.09349013264791782,-0.0016912583036080564,-0.2709711044648485,-0.35384767238030235,-0.0019957013141735924,-0.10455654731816999
GWW,Individual equity,,2023-present,917,1.2464313473577797,0.22982644581904665,-0.11751028180777112,1.8203295518965936,0.3018199268823729,-0.04822798217374258,-0.48272011586502733,-0.050880127605409387,-0.2174052536719786,-0.5738982045388139,-0.07199348106332626,-0.06928229963402854
HACK,Thematic/industry ETF,,2016-2019,885,0.6176714117862117,0.06850508453345983,-0.1133633800311713,1.203621655636378,0.09723854364248519,-0.08521079670611087,-0.25816156557767417,-0.026187066864821418,-0.1409411501483535,-0.5859502438501663,-0.02873345910902536,-0.028152583325060432
HACK,Thematic/industry ETF,,2020-2022,756,0.6059263791184192,0.10896602606527872,-0.32797822170286417,0.3802855357018085,0.039983724561574396,-0.2674483879891396,0.5222570771707759,0.07533755375541462,-0.16015229873022363,0.22564084341661067,0.06898230150370432,-0.06052983371372456
HACK,Thematic/industry ETF,,2023-present,917,0.5113296160240159,0.067480402811541,-0.1834068922512816,1.2228436905782216,0.15559177400870627,-0.08825153221015558,-0.8326315740481584,-0.06981648201808965,-0.26251732733744626,-0.7115140745542057,-0.08811137119716528,-0.09515536004112601
HAL,Individual equity,,2016-2019,1006,1.431082687088924,0.3555505420909466,-0.20794120032530516,0.66400920969565,0.0922056042005095,-0.25121479700265226,1.3086058087403332,0.24271799764748558,-0.135621930222381,0.7670734773932739,0.2633449378904371,0.04327359667734709
HAL,Individual equity,,2020-2022,756,1.4826388835896436,0.8673777088637218,-0.4380962417778699,1.278334507949396,0.3955111722381828,-0.18875038781102182,0.9646253439255547,0.3739417587590941,-0.35880628830105954,0.20430437564024762,0.471866536625539,-0.24934585396684805
HAL,Individual equity,,2023-present,917,1.0004597906845367,0.23126222295700605,-0.1568003038500987,0.7239949886888805,0.1105132063894152,-0.12061910439062717,0.7228367807644898,0.11504745359432511,-0.14198860089127419,0.27646480199565626,0.12074901656759085,-0.036181199459471514
HAS,Individual equity,,2016-2019,1006,1.0632425851075173,0.16729333244187772,-0.17105627329694817,1.2947165231752082,0.17830287867707484,-0.0695020863699255,0.3629481623534549,0.028966613359430404,-0.1419575076498154,-0.2314739380676909,-0.01100954623519712,-0.10155418692702267
HAS,Individual equity,,2020-2022,756,0.32545762918368887,0.05321480845654469,-0.4014124780631395,-0.6547643113759852,-0.08832224046562998,-0.27793340774538466,0.6539790322131187,0.1311976660204508,-0.2583901257028186,0.9802219405596742,0.14153704892217467,-0.12347907031775485
HAS,Individual equity,,2023-present,917,1.072964071864836,0.2352995788836414,-0.2243621009021357,0.8447904029098987,0.1245077224016986,-0.15635702970628285,0.675046732861661,0.09906355176186965,-0.17941028642509982,0.2281736689549374,0.11079185648194279,-0.06800507119585286
HBAN,Individual equity,,2016-2019,1006,1.0542002951838354,0.18749272942466422,-0.15251654695546923,1.1177959082105566,0.1490395143497929,-0.09568599622156027,0.3386203900107359,0.03416894198130738,-0.13758745904295067,-0.06359561302672123,0.038453215074871316,-0.05683055073390897
HBAN,Individual equity,,2020-2022,756,-0.02735907613494326,-0.05112126148746299,-0.4911614738427551,0.2580559351929218,0.030509429320200177,-0.22510815423412034,-0.3103120719477994,-0.09857316621709289,-0.46922909400357016,-0.28541501132786506,-0.08163069080766316,-0.26605331960863476
HBAN,Individual equity,,2023-present,917,0.9674135520292098,0.2218556723231917,-0.16370749968057308,0.7332124587312423,0.11684362812746918,-0.16050746361869828,0.7514442289516726,0.11701099165012563,-0.10936510531376453,0.23420109329796746,0.10501204419572252,-0.0032000360618748003
HCA,Individual equity,,2016-2019,1006,0.736815561168789,0.10811345910061743,-0.1785128689863703,1.428532518734725,0.1883221667637709,-0.12550514899823684,-0.42760487720566126,-0.046389052129358066,-0.1847058790028826,-0.6917169575659361,-0.08020870766315347,-0.05300771998813347
HCA,Individual equity,,2020-2022,756,0.8522114225326889,0.23588376768621222,-0.3270152899907598,0.4824040952094847,0.0862778240787534,-0.26681070407206586,0.5903511476387314,0.10865933364242686,-0.30233023864270847,0.3698073273232042,0.14960594360745882,-0.06020458591869393
HCA,Individual equity,,2023-present,917,0.8431487505414135,0.14539772781274252,-0.22591227342840814,0.8616168719913865,0.11435795613981692,-0.13584467307945414,0.4281165198369406,0.04481000765567811,-0.157274842362793,-0.018468121449973007,0.031039771672925598,-0.090067600348954
HD,Individual equity,,2016-2019,1006,1.07826754589448,0.13497627190085715,-0.1601236509061693,1.724184796393892,0.16166282134739585,-0.06183895491452418,-0.34397277791021585,-0.033971948772954286,-0.2025899413409724,-0.6459172504994122,-0.0266865494465387,-0.09828469599164513
HD,Individual equity,,2020-2022,756,1.215635468531216,0.31483837466047593,-0.17039875743483102,1.8784404088538307,0.2709842745486726,-0.11665405496103476,0.22349736228725445,0.026134675497583526,-0.20641015282127873,-0.6628049403226146,0.04385410011180335,-0.05374470247379626
HD,Individual equity,,2023-present,917,0.7620439449019205,0.11716638195844564,-0.16135201378886466,0.7640654175569064,0.08108398885360013,-0.08229901890496383,0.3640468402956407,0.03723795811857222,-0.12276153017032698,-0.0020214726549858675,0.03608239310484551,-0.07905299488390083
HEI,Individual equity,,2016-2019,1006,1.6768423108810868,0.2864014938009043,-0.09446095310244318,1.9523527056872498,0.27704590692799247,-0.06623004079281436,0.14995617218341445,0.009516574427902436,-0.09446095310244318,-0.275510394806163,0.009355586872911825,-0.02823091230962882
HEI,Individual equity,,2020-2022,756,0.6235621317780509,0.14017267950328782,-0.20594690647912872,1.0490325771163909,0.18646222127791634,-0.12809443724408365,0.11835719011436344,0.004146842766635794,-0.32408494965401113,-0.42547044533834,-0.04628954177462852,-0.07785246923504507
HEI,Individual equity,,2023-present,917,0.17372857697275285,0.015313854722106779,-0.20575727665990173,0.6685767861583726,0.08966160672187096,-0.12691106921673023,-0.332753700122521,-0.036247324198804054,-0.2891884914763069,-0.4948482091856197,-0.07434775199976418,-0.0788462074431715
HIG,Individual equity,,2016-2019,1006,0.8827530027919449,0.1032122771852717,-0.1488957140866679,1.2820516372010706,0.12846226059536825,-0.08738860813406057,-0.4530509043521669,-0.034691865538490574,-0.1602231063575379,-0.3992986344091257,-0.025249983410096544,-0.06150710595260733
HIG,Individual equity,,2020-2022,756,0.16623409150584903,0.012506371346357126,-0.28881908216189744,0.6273155784882651,0.0878703779718959,-0.17529395903809863,-0.28080180342522826,-0.05590095708189702,-0.2950207620465849,-0.46108148698241613,-0.07536400662553877,-0.11352512312379881
HIG,Individual equity,,2023-present,917,0.8113020201648481,0.11090089089370547,-0.11436253164368593,1.0989769174854949,0.11361035245577078,-0.08744592883839664,0.4025022131803396,0.03474915513177623,-0.08661623242545902,-0.28767489732064677,-0.0027094615620653073,-0.02691660280528929
HII,Individual equity,,2016-2019,1006,0.994972265653881,0.1434657626354472,-0.14828631190213815,1.7995782246228649,0.21812674403115717,-0.09580714808631174,-0.29808107668835077,-0.03255426609440981,-0.21117923485406542,-0.8046059589689839,-0.07466098139570998,-0.0524791638158264
HII,Individual equity,,2020-2022,756,0.5637588279449743,0.10526850709904179,-0.26304001301148827,0.7315649314640535,0.07795297092372211,-0.14420927534263095,0.25565230432788677,0.031235830354793492,-0.2770707940205055,-0.1678061035190792,0.027315536175319677,-0.11883073766885732
HII,Individual equity,,2023-present,917,1.0505798591252167,0.20602919148382415,-0.2651130734796032,1.533475855871261,0.23413849011623666,-0.07573589992273688,0.15642176731273383,0.012017021498531122,-0.21599036551518214,-0.4828959967460442,-0.028109298632412516,-0.18937717355686634
HLT,Individual equity,,2016-2019,1006,1.5320513665268836,0.22180344153456133,-0.08516202262165884,1.8074066744717756,0.23072315150769795,-0.08259018187841505,-0.02087791809446702,-0.0037456804382567377,-0.08886543377181333,-0.27535530794489205,-0.008919709973136625,-0.0025718407432437917
HLT,Individual equity,,2020-2022,756,0.047481777345340426,-0.025842000449054936,-0.4858310196878596,-0.29084091786510724,-0.05787400751293659,-0.21117093283390287,0.3100551250652886,0.04854873697272688,-0.3911690026623359,0.33832269521044767,0.03203200706388165,-0.2746600868539567
HLT,Individual equity,,2023-present,917,1.1961883012803871,0.20094515488076325,-0.147235404974712,1.346572410221309,0.1709106687649875,-0.1019691209842778,0.19662162495073257,0.01590548869455799,-0.1186949072310014,-0.1503841089409219,0.03003448611577575,-0.0452662839904342
HON,Individual equity,,2016-2019,1006,0.7006980197060454,0.0735870421593372,-0.11136279795569493,1.5175868323189468,0.13417519765269215,-0.047776071734141334,-0.7886568230625975,-0.05918551558086871,-0.2176781854628289,-0.8168888126129014,-0.060588155493354945,-0.06358672622155359
HON,Individual equity,,2020-2022,756,0.8512401234938863,0.18778806560081818,-0.21027636560684582,1.122142016757221,0.15668425777145933,-0.14941450759217478,0.1442547319320403,0.009367886610073706,-0.26886779720662035,-0.2709018932633346,0.031103807829358843,-0.06086185801467103
HON,Individual equity,,2023-present,917,0.36716311767693816,0.0385859157290771,-0.12268945631154149,1.0373369705125877,0.0880104919120901,-0.0666689865694472,-0.3246969272193926,-0.03367903661054383,-0.13308724276928618,-0.6701738528356496,-0.04942457618301299,-0.05602046974209429
HOOD,Individual equity,,2020-2022,360,1.5760941569383278,0.8436111015983545,-0.35362759596805704,-0.5736711806230145,-0.10010083094529543,-0.1845091931428009,1.9064655342444978,1.0486863028609839,-0.3381690043133687,2.1497653375613424,0.9437119325436499,-0.16911840282525614
HOOD,Individual equity,,2023-present,917,1.5149946359430628,0.7840772976997807,-0.37445579393208417,1.9622274657882162,0.883358909193878,-0.19170222706350482,0.05386796441703592,-0.024175557515609736,-0.43127397230554665,-0.44723282984515333,-0.09928161149409731,-0.18275356686857935
HPE,Individual equity,,2016-2019,1006,0.7292796883202591,0.1138614541743379,-0.13818568075526616,1.2820719325972436,0.15765073833545928,-0.09787207196788517,-0.2466355350943154,-0.03477957710060242,-0.233669699083482,-0.5527922442769845,-0.04378928416112138,-0.040313608787380995
HPE,Individual equity,,2020-2022,756,0.4003962070955775,0.07508297314197554,-0.37012998783132756,0.7468576076678741,0.10411260217878526,-0.1510474678635314,0.03723724741361229,-0.017985087022936885,-0.4155560621196792,-0.34646140057229663,-0.029029629036809723,-0.21908251996779615
HPE,Individual equity,,2023-present,917,1.4187843244992433,0.39973852869237136,-0.2179103772474702,1.7053220099830002,0.3928821169685328,-0.16320824199469053,0.050045304301475226,-0.0046453641725725525,-0.2683565252559291,-0.2865376854837569,0.006856411723838551,-0.05470213525277967
HPQ,Individual equity,,2016-2019,1006,0.4994890345418413,0.07251971175963368,-0.15504807743733628,1.1808005853747665,0.1473107978043784,-0.10712643219291196,-0.3095622854675653,-0.04293432968893707,-0.23129789497637865,-0.6813115508329253,-0.07479108604474471,-0.04792164524442433
HPQ,Individual equity,,2020-2022,756,0.6300930857450262,0.14904479465527976,-0.313550864541178,0.8704977286263365,0.14953240971934467,-0.1910866741486542,0.24358527695155777,0.03035171372382872,-0.38211050112915446,-0.24040464288131025,-0.00048761506406491684,-0.12246419039252376
HPQ,Individual equity,,2023-present,917,0.6333022145275293,0.12528870701938133,-0.19632885687357715,0.7770607870862843,0.13629816049094345,-0.1307000714943608,0.1378919010623349,0.0095733303151746,-0.18093087080405734,-0.14375857255875502,-0.011009453471562125,-0.06562878537921635
HRL,Individual equity,,2016-2019,1006,0.6020578932217855,0.06873075302507647,-0.17724169415255264,0.6912795802507242,0.06305004416929427,-0.10346119660306963,0.3387454820605702,0.025128220960074055,-0.13661396549241778,-0.08922168702893873,0.005680708855782202,-0.07378049754948302
HRL,Individual equity,,2020-2022,756,0.9726066302591875,0.12085070055647917,-0.09149877620309976,0.6999413844670519,0.05929233865884331,-0.08086958570793945,0.7389694630205899,0.06959660105266341,-0.09348726208945923,0.2726652457921356,0.06155836189763586,-0.010629190495160312
HRL,Individual equity,,2023-present,917,0.08503232260325705,0.002085281049875931,-0.2104891723305221,-0.06532018592810104,-0.009354296192053413,-0.1499050293299211,0.011725147389471096,-0.004926822521408636,-0.16001415282901887,0.1503525085313581,0.011439577241929344,-0.060584143000601
HSIC,Individual equity,,2016-2019,1006,0.3776475167292662,0.04312077165215045,-0.1949623062426391,0.8468189898459008,0.0860044161962954,-0.0745175965190481,-0.17148390638594346,-0.023924007343739118,-0.22265601409120817,-0.46917147311663454,-0.04288364454414495,-0.120444709723591
HSIC,Individual equity,,2020-2022,756,0.7055186315570995,0.1265539076786899,-0.18810805278855236,0.6728908833589641,0.08739147162681071,-0.10717423768155221,0.2637348970996619,0.02750925954796246,-0.19280370352757448,0.03262774819813541,0.03916243605187919,-0.08093381510700015
HSIC,Individual equity,,2023-present,917,0.3273726396254199,0.041352969042737664,-0.2717000212833831,0.7023870774433405,0.07441547216249411,-0.08544916400403979,0.02593417707973407,-0.0051268887704043475,-0.22393703449792568,-0.3750144378179206,-0.03306250311975645,-0.18625085727934332
HST,Individual equity,,2016-2019,1006,0.4597844610649683,0.06265145333035105,-0.1808310351241057,0.8549890799257653,0.10138769532305059,-0.10002923000964747,-0.2785983529875973,-0.03636785082597849,-0.22908690662636466,-0.39520461886079705,-0.03873624199269954,-0.08080180511445822
HST,Individual equity,,2020-2022,756,-0.5129546109650809,-0.17167069609985997,-0.6419451775906656,-0.9898427000925647,-0.16087043625434716,-0.4384208852638579,-0.007596111403169994,-0.02910687683885027,-0.4719246133046163,0.4768880891274838,-0.010800259845512805,-0.2035242923268077
HST,Individual equity,,2023-present,917,0.6945445161827456,0.11379345419729026,-0.24474225155384977,0.9279880672838106,0.1204203595734159,-0.16809841142286308,0.1671420697537847,0.013349693433210685,-0.18546086470292866,-0.23344355110106496,-0.006626905376125647,-0.07664384013098668
HSY,Individual equity,,2016-2019,1006,0.8613466218297035,0.08940997925025895,-0.08807041638661273,0.9415224441299314,0.08212226843538328,-0.0853529652461058,0.27268894889116635,0.016089510309527988,-0.08711431074635245,-0.0801758223002279,0.00728771081487567,-0.0027174511405069213
HSY,Individual equity,,2020-2022,756,-0.3429704989651474,-0.056646751935279904,-0.28470943113708,0.562941981658764,0.05557487770083225,-0.09586714771115634,-1.324839286319731,-0.12870082295298035,-0.33854255116929355,-0.9059124806239114,-0.11222162963611215,-0.18884228342592368
HSY,Individual equity,,2023-present,917,0.6991606598631066,0.1120053801498353,-0.1955168278716286,0.28893802756089604,0.028061256078603103,-0.13949258765375838,0.7887764906545797,0.09801719390883479,-0.095211127741049,0.41022263230221057,0.0839441240712322,-0.056024240217870225
HUBB,Individual equity,,2016-2019,1006,0.9329556586302019,0.12694183179786456,-0.141924967178369,1.3088265006517228,0.1463238133335769,-0.11340012429470503,-0.1902095016009396,-0.019939125901137555,-0.1463991779317353,-0.3758708420215209,-0.019381981535712356,-0.02852484288366397
HUBB,Individual equity,,2020-2022,756,0.14404465240167452,0.004277964175232407,-0.24658882391263015,0.5882873077742069,0.08495212049068335,-0.11226641001927629,-0.19401401009025512,-0.05758617184937975,-0.3771851754663492,-0.4442426553725324,-0.08067415631545094,-0.13432241389335386
HUBB,Individual equity,,2023-present,917,0.7782439927970464,0.15250007502156104,-0.20844550539582896,1.3866650489834493,0.23197815586677817,-0.15502103510946807,-0.3973216110840689,-0.06478463899245857,-0.2622240234410923,-0.608421056186403,-0.07947808084521713,-0.05342447028636088
HUBS,Individual equity,,2016-2019,1006,0.24490596248697627,0.03056070868614147,-0.26338521281925986,1.0621007331227874,0.21619300903124739,-0.14638232343773872,-0.8547077627414517,-0.13175437533141576,-0.4434560435268795,-0.8171947706358111,-0.18563230034510592,-0.11700288938152115
HUBS,Individual equity,,2020-2022,756,1.2130782287315,0.5781568665156374,-0.30061438088104375,1.6809562149407034,0.4876154860307689,-0.108167170265556,0.3457093400874982,0.06086342965308145,-0.3039353680434971,-0.4678779862092033,0.09054138048486848,-0.19244721061548775
HUBS,Individual equity,,2023-present,917,0.5825687118377727,0.15389136000711323,-0.5983479194739121,0.4900092066340164,0.08967711162127401,-0.36135553339580173,0.3326064901065399,0.05483604405006237,-0.40109685035887266,0.09255950520375628,0.06421424838583922,-0.23699238607811035
HUM,Individual equity,,2016-2019,1006,0.25919922450487964,0.02811974239497461,-0.21567986415736573,1.18476250576202,0.13702329155129833,-0.12396797044468877,-0.62507807512918,-0.06900594950282046,-0.32116040771355137,-0.9255632812571403,-0.10890354915632372,-0.09171189371267696
HUM,Individual equity,,2020-2022,756,0.7025487509797456,0.14256506884251996,-0.22924840433424476,0.8183565153451972,0.11148803690299092,-0.14098780048124648,0.19519797818646145,0.019445705426132553,-0.2445262368644281,-0.1158077643654516,0.031077031939529043,-0.08826060385299828
HUM,Individual equity,,2023-present,917,0.988935298862381,0.24830518768672305,-0.25723128972160625,1.3784761553386735,0.23598293084597555,-0.16786554237251594,0.3951741813866218,0.06331232004724585,-0.17120844888534092,-0.38954085647629255,0.012322256840747503,-0.08936574734909031
HWM,Individual equity,,2020-2022,694,-0.14616435379825402,-0.0645269598734508,-0.4471386702908966,-0.05263492013270159,-0.030953003200885676,-0.346976917587123,-0.203606218047929,-0.03862908718033842,-0.22884282111321907,-0.09352943366555243,-0.03357395667256513,-0.10016175270377359
HWM,Individual equity,,2023-present,917,1.153877382235979,0.220199895600659,-0.2198148886186162,1.6213417343977476,0.3085807954185673,-0.17047720557538215,-0.7312066524110918,-0.05972351103219453,-0.26859379760822344,-0.46746435216176874,-0.08838089981790831,-0.04933768304323405
HYG,Bond ETF,,2016-2019,1006,0.6360225326776043,0.016324454484956785,-0.021563398938821976,0.9052820168304113,0.020409385404707825,-0.021563398938821976,-0.30664889813058294,-0.004003227506704121,-0.019552747554588024,-0.269259484152807,-0.00408493091975104,0.0
HYG,Bond ETF,,2020-2022,756,0.17451625966807113,0.008295632288739752,-0.06220269062214423,0.3815517444212078,0.006402541781181714,-0.02211019849940643,0.06182454822667513,0.0018810470253860512,-0.08076667044145835,-0.20703548475313668,0.0018930905075580373,-0.0400924921227378
HYG,Bond ETF,,2023-present,917,0.7363918807773593,0.02032734927949087,-0.032853692183431926,0.8484217252416754,0.023122547280455485,-0.027186335387997196,-0.5405375002043906,-0.0027320265870351967,-0.011615800702350243,-0.11202984446431608,-0.002795198000964616,-0.00566735679543473
IBB,Thematic/industry ETF,,2016-2019,1006,0.539937086481179,0.07109574166166466,-0.11044780289866984,0.8595112878503945,0.08548915643380162,-0.08171506587512944,-0.11318049495650447,-0.01843693260960244,-0.1342656655179718,-0.31957420136921555,-0.014393414772136959,-0.0287327370235404
IBB,Thematic/industry ETF,,2020-2022,756,0.33500633491844406,0.048517376552063674,-0.1544560760467225,0.6020990400786818,0.07531731026900101,-0.1083050182442431,-0.005889877389109749,-0.012379632772779647,-0.21119760240375174,-0.2670927051602377,-0.02679993371693734,-0.04615105780247941
IBB,Thematic/industry ETF,,2023-present,917,0.9198513124103382,0.12229117466803596,-0.14535795818248798,1.0904906655274487,0.11939058215792908,-0.08601087937953045,0.04362558924307746,0.0002812852668248045,-0.13571471270077518,-0.17063935311711043,0.002900592510106881,-0.05934707880295753
IBIT,Thematic/industry ETF,,2023-present,660,0.9747956321035524,0.3350529449516617,-0.3242299060873911,1.080532415498478,0.2573638056832832,-0.22231595889188482,0.35518812716944886,0.061787319562742304,-0.2906584151412067,-0.10573678339492554,0.0776891392683785,-0.10191394719550628
IBKR,Individual equity,,2016-2019,1006,0.8423126728298922,0.1394398576594349,-0.2873853241824391,1.0507585691979775,0.13118064489824488,-0.14997966710849175,0.012907616613172976,-0.00574242646459,-0.2352095424367906,-0.2084458963680853,0.008259212761190016,-0.13740565707394736
IBKR,Individual equity,,2020-2022,756,0.5902926336109029,0.13176941340527404,-0.24113921479015143,0.6472865475764943,0.1008708486122818,-0.1761000906405421,0.14486327363702534,0.007885217648113008,-0.29640573403862913,-0.05699391396559139,0.030898564792992245,-0.06503912414960933
IBKR,Individual equity,,2023-present,917,1.642358922456981,0.4568472456012296,-0.15834660854053162,1.7500894168037435,0.360095521979235,-0.1073177402469998,0.45637994169324814,0.0638810667923071,-0.15016285515401595,-0.10773049434676252,0.09675172362199458,-0.051028868293531815
IBM,Individual equity,,2016-2019,1006,0.9547713656827268,0.1416913415151877,-0.23250781359162498,1.141158784798722,0.12149184076758401,-0.14178438272853422,0.24617692514572126,0.021323215392258676,-0.14611585232236046,-0.1863874191159951,0.020199500747603683,-0.09072343086309076
IBM,Individual equity,,2020-2022,756,0.7858970073841576,0.16012138578758006,-0.23819987955569444,1.0864754265570593,0.13138652340509305,-0.11500284889317203,0.2321862952177472,0.026291727605657123,-0.2052882325583415,-0.30057841917290173,0.028734862382487014,-0.12319703066252241
IBM,Individual equity,,2023-present,917,1.5212464320867216,0.2995013419729662,-0.20073855994897227,1.8866176918099689,0.2696752340902877,-0.06161330973414747,0.21115025737108215,0.01644741765538127,-0.16196924083088704,-0.36537125972324724,0.029826107882678476,-0.1391252502148248
ICE,Individual equity,,2016-2019,1006,0.6374200337625449,0.06714669067309842,-0.12949040392665678,1.154979218436581,0.10101685460333631,-0.06231908860670554,-0.40650577347877387,-0.03338884282107124,-0.1655149574733994,-0.5175591846740362,-0.033870163930237895,-0.06717131531995124
ICE,Individual equity,,2020-2022,756,0.5693153578701088,0.10910449250540055,-0.1619385196509019,1.2785986858795377,0.17580023504515063,-0.09170921194870663,-0.11458302554966504,-0.03659971141687324,-0.2929817602723154,-0.709283328009429,-0.06669574253975008,-0.07022930770219526
ICE,Individual equity,,2023-present,917,1.8359888951790886,0.305131396590812,-0.11246994224930196,1.730090906054332,0.20955026980393243,-0.054536076967446,0.763497930341996,0.07483011069089796,-0.09217568677919108,0.10589798912475668,0.09558112678687958,-0.057933865281855956
ICLN,Thematic/industry ETF,,2016-2019,1006,0.9756429339107983,0.1101448600886199,-0.08548549149390616,0.979875993138694,0.08142130292421723,-0.06690333524948455,0.33137200843368925,0.023507800142231527,-0.10728078176662725,-0.004233059227895741,0.02872355716440267,-0.01858215624442161
ICLN,Thematic/industry ETF,,2020-2022,756,2.2271291040508436,0.8212043721928397,-0.17770745637616803,2.456650891102359,0.5415216438341932,-0.07584190118157208,0.8560158681582483,0.18143289098620619,-0.16968368614367324,-0.22952178705151516,0.2796827283586465,-0.10186555519459595
ICLN,Thematic/industry ETF,,2023-present,917,0.7100591790172995,0.11485365659590108,-0.18311217010780745,0.6990110018192442,0.0760223348838247,-0.16273089804231022,0.3794425131933773,0.042535637481663446,-0.14553528200499088,0.011048177198055287,0.03883132171207637,-0.020381272065497225
IDXX,Individual equity,,2016-2019,1006,1.0501477242980888,0.18696565243435304,-0.14576178135960505,1.5782347787763173,0.2243427891742198,-0.08237069972464994,-0.16715849801441546,-0.027462751025697618,-0.1858702509075828,-0.5280870544782286,-0.037377136739866756,-0.0633910816349551
IDXX,Individual equity,,2020-2022,756,1.3742990544132423,0.35898374252513654,-0.28718162354704757,1.4467273659958808,0.2625079893576894,-0.14639920383722593,0.49599691033683796,0.07504047605555786,-0.24685756584961305,-0.07242831158263852,0.09647575316744716,-0.14078241970982164
IDXX,Individual equity,,2023-present,917,0.030933763175508965,-0.01325236228867388,-0.3410348922258071,0.08047751192564824,0.0018791752221118951,-0.24298175766072372,-0.054961522296412144,-0.018490601935921225,-0.2687054314057885,-0.049543748750139276,-0.015131537510785775,-0.09805313456508336
IEF,Bond ETF,,2016-2019,1006,1.1176707377598236,0.02613396239320087,-0.015755143198096233,0.9036185002764221,0.01744254692574243,-0.013645284063784069,0.6567836745089111,0.008542414010226596,-0.017801876661772797,0.21405223748340152,0.008691415467458441,-0.002109859134312164
IEF,Bond ETF,,2020-2022,756,0.7939994129840676,0.030460475357515948,-0.027901260580215137,0.5172921846550985,0.005141334991697777,-0.008173543657658988,0.6832867909911217,0.02518963202923774,-0.02790126058021558,0.2767072283289691,0.02531914036581817,-0.01972771692255615
IEF,Bond ETF,,2023-present,917,-0.10017897094443995,-0.003321970170604094,-0.03254353210714278,-0.06230251921653309,-0.0014054461660242268,-0.03254353210714278,-0.07874906474977642,-0.0019192213668918212,-0.027254110228972728,-0.03787645172790686,-0.001916524004579867,0.0
IEX,Individual equity,,2016-2019,1006,1.4328987722152196,0.2003403563296393,-0.11734951257924242,1.7441443467732616,0.20261677329064587,-0.06608783063605672,0.14414024751987445,0.008323874683397126,-0.1344364294403706,-0.311245574558042,-0.0022764169610065554,-0.0512616819431857
IEX,Individual equity,,2020-2022,756,0.6796439936298361,0.1317567387967844,-0.13515461611351653,1.2306270675926323,0.1537279944207548,-0.0955400023573103,-0.08463553832856786,-0.03141471170281862,-0.19343941256852815,-0.5509830739627962,-0.021971255623970398,-0.03961461375620623
IEX,Individual equity,,2023-present,917,1.0324802655069125,0.14568870434460357,-0.11353345829032446,0.46577073555216325,0.04324566315102962,-0.0921575620895434,1.148473334215393,0.1200223353451586,-0.05948867765268484,0.5667095299547493,0.10244304119357395,-0.021375896200781064
IFF,Individual equity,,2016-2019,1006,0.1044636830018605,0.00527114181771049,-0.20351060512683916,0.8348932513528643,0.07452439558720125,-0.08908684592429861,-0.4417021619025079,-0.04293401067462832,-0.1981639021243421,-0.7304295683510038,-0.06925325376949076,-0.11442375920254055
IFF,Individual equity,,2020-2022,756,0.32851414503821624,0.05030305820922032,-0.27167798818881694,0.2940344384342631,0.032137994471550746,-0.1496013778765546,0.2871652189850186,0.03645046926167517,-0.27959919446720993,0.034479706603953164,0.018165063737669573,-0.12207661031226236
IFF,Individual equity,,2023-present,917,-0.06548478795772575,-0.024256336355414576,-0.29856779656932453,0.1719310139853847,0.013134614651657328,-0.21594848686844526,-0.13473048734869167,-0.0244167385519789,-0.26717935383851044,-0.23741580194311046,-0.037390951007071904,-0.08261930970087927
IGV,Thematic/industry ETF,Semis / Software,2016-2019,1006,0.5899153776062561,0.06246427816784794,-0.14030563274341745,1.6965107505558672,0.14365855349063295,-0.04918104849238225,-0.7770390664363125,-0.06386884273587157,-0.254378884835078,-1.1065953729496112,-0.081194275322785,-0.0911245842510352
IGV,Thematic/industry ETF,Semis / Software,2020-2022,756,0.8237334905261758,0.1861572988519593,-0.22162320972798744,1.280908555037005,0.1854289904538311,-0.1411782457563593,0.11623728141583008,0.0032606502066199194,-0.1877070252285582,-0.4571750645108291,0.0007283083981282079,-0.08044496397162815
IGV,Thematic/industry ETF,Semis / Software,2023-present,917,0.9374763494026543,0.16778830705186354,-0.20562221708390682,1.5631185254574276,0.22987470852102,-0.07503471950456297,-0.2807568451316985,-0.040751488740001784,-0.23879396668469477,-0.6256421760547732,-0.06208640146915645,-0.13058749757934385
IJR,Broad index ETF,,2016-2019,1006,1.1391396565491227,0.1313264783553676,-0.08610586560151345,1.1455221105615243,0.10004351296484892,-0.07011445109293357,0.24201477476517042,0.016044700481061547,-0.11796706527883893,-0.006382454012401562,0.03128296539051867,-0.015991414508579882
IJR,Broad index ETF,,2020-2022,756,0.7559382147320078,0.13611925509417966,-0.212765153250141,0.48219942284445505,0.06355221322134308,-0.15998851767941857,0.5739297076764204,0.06401886849179217,-0.11647962371252152,0.2737387918875528,0.07256704187283658,-0.05277663557072243
IJR,Broad index ETF,,2023-present,917,0.7654969543929036,0.1049200191849946,-0.16472834100610256,0.8783187218680235,0.09749819212500088,-0.11718007910166728,-0.08363530442493566,-0.011708099354913681,-0.13185333697293067,-0.11282176747511996,0.007421827059993724,-0.047548261904435285
INCY,Individual equity,,2016-2019,1006,0.533156032865537,0.11273674238327969,-0.33039640548058713,0.6956158404747887,0.11324646768507907,-0.20181715848055548,0.08584658895988985,-0.001803976002168084,-0.2176778307736309,-0.16245980760925172,-0.0005097253017993797,-0.12857924700003165
INCY,Individual equity,,2020-2022,756,0.6809275729946371,0.14884136639985912,-0.1703495765497668,1.198392177604662,0.19652044009877412,-0.16040947736560562,0.10177497209462154,0.0006149438964544451,-0.19431787602233708,-0.5174646046100249,-0.047679073698915,-0.009940099184161166
INCY,Individual equity,,2023-present,917,0.6152992557164365,0.10138914683870448,-0.21301386005827738,0.3168775587321335,0.03560002608565083,-0.17615138702722055,0.7716112714401694,0.09381403233481556,-0.1184882842961178,0.298421696984303,0.06578912075305365,-0.03686247303105683
INDA,Thematic/industry ETF,,2016-2019,1006,0.77406521948417,0.08971422556898156,-0.11642164673104038,0.8225106398953398,0.06885342898297542,-0.10296722748667353,0.16546246646926308,0.01061582102273384,-0.11830730438727488,-0.04844542041116984,0.020860796586006147,-0.013454419244366855
INDA,Thematic/industry ETF,,2020-2022,756,0.8492689973122298,0.141000120708906,-0.16752275180186327,1.0748684189748647,0.11643144526049731,-0.09489786721389526,0.27918554197775564,0.02923841653573578,-0.27768868729819596,-0.2255994216626349,0.024568675448408683,-0.07262488458796801
INDA,Thematic/industry ETF,,2023-present,917,0.9876182263672499,0.09792323801215086,-0.1072910803222753,0.8856290563063445,0.06293484843805208,-0.07561727587571632,0.6769773714965728,0.04541745784019424,-0.08490193676347779,0.10198917006090547,0.03498838957409878,-0.031673804446558984
INTC,Individual equity,,2016-2019,1006,0.6560206389037154,0.10007684715432741,-0.26099139616001443,1.3929461625822774,0.17695489738087744,-0.13142439771293601,-0.26162474631291927,-0.03709131109865449,-0.22915609256328417,-0.736925523678562,-0.07687805022655003,-0.12956699844707842
INTC,Individual equity,,2020-2022,756,0.656703780161975,0.15402122144615582,-0.2869188984022919,0.5662558618417641,0.08774482608040879,-0.22671382866682122,0.5239777057690671,0.09354147211473607,-0.1829847036688581,0.09044791832021082,0.06627639536574703,-0.060205069735470684
INTC,Individual equity,,2023-present,917,0.8528406132873907,0.30580933486197504,-0.36725726677494175,1.0045111009201864,0.31035751557560554,-0.2924033710395054,0.07362283085942636,-0.015970893292459265,-0.41432899559928693,-0.15167048763279567,-0.004548180713630501,-0.07485389573543633
INTU,Individual equity,,2016-2019,1006,0.5249629497149867,0.06606280858503366,-0.3005244112177081,1.234696985463177,0.15110686023836561,-0.11893357870557986,-1.2505964440467652,-0.09441567839132325,-0.3269343698666157,-0.7097340357481904,-0.08504405165333195,-0.18159083251212826
INTU,Individual equity,,2020-2022,756,0.8153831949588077,0.21909229941586483,-0.2546737863040953,1.2393132564818592,0.22447442197175427,-0.13369522166792847,0.08988878399882601,-0.007170309449041956,-0.22913813549107065,-0.42393006152305146,-0.005382122555889435,-0.12097856463616685
INTU,Individual equity,,2023-present,917,0.938471682811548,0.20925512475215635,-0.3517508594407871,1.0748665979212078,0.1697284743094043,-0.17150093880439432,0.32058822768842693,0.04253381601179895,-0.2995902047307011,-0.13639491510965973,0.039526650442752054,-0.18024992063639278
INVH,Individual equity,,2016-2019,734,0.41117656652025814,0.038134306986338684,-0.1204796200857764,0.8663311976192105,0.0673369950527678,-0.1035920406602443,-0.3734679072119863,-0.027360325934345786,-0.10870307768652876,-0.4551546310989524,-0.029202688066429117,-0.016887579425532095
INVH,Individual equity,,2020-2022,756,0.6672692010984049,0.154930282851087,-0.2838949516508549,0.6412245645918366,0.07679072444032142,-0.14431400057628752,0.3627246391541334,0.06069704551614974,-0.27751123023311697,0.026044636506568297,0.07813955841076559,-0.13958095107456736
INVH,Individual equity,,2023-present,917,0.23262472881953844,0.023650120057766344,-0.1395784935682638,0.24391815220737273,0.019604384207785985,-0.10428575064561629,0.060567797059994724,0.0006906484913313804,-0.17681145282646593,-0.01129342338783429,0.004045735849980359,-0.0352927429226475
IP,Individual equity,,2016-2019,1006,0.9398165442794936,0.15610858488922985,-0.19420327343506005,1.356403424588668,0.1607771241293845,-0.10385898192225373,0.029899423680508713,-0.004021908377679018,-0.19881916916983422,-0.41658688030917446,-0.0046685392401546455,-0.09034429151280632
IP,Individual equity,,2020-2022,756,0.07225872589643287,-0.010036600366390536,-0.36371759000750226,-0.1944810152078986,-0.036905447642257116,-0.22652562536996557,0.34166535784563096,0.047613454137014344,-0.2960795435022425,0.26673974110433146,0.02686884727586658,-0.1371919646375367
IP,Individual equity,,2023-present,917,0.17825689928187802,0.01418649206751632,-0.2259300342776337,0.5051054510849838,0.0699385447018892,-0.13080519017439607,-0.39204332295144056,-0.08484018581849262,-0.3351670763986979,-0.3268485518031058,-0.055752052634372884,-0.09512484410323763
IQV,Individual equity,,2016-2019,1006,0.262829091582911,0.02660434668094913,-0.22148518049298271,0.777144990952316,0.07930158046428515,-0.08366499938656224,-0.5242031376945585,-0.04764230293526073,-0.23686402163313802,-0.514315899369405,-0.05269723378333602,-0.13782018110642047
IQV,Individual equity,,2020-2022,756,0.9953183383504765,0.2743331027708342,-0.17635547276343833,0.9248351838914602,0.14484914634917234,-0.15435472467437228,0.5725634011836854,0.11310132591230393,-0.23679957912493532,0.0704831544590162,0.12948395642166188,-0.022000748089066047
IQV,Individual equity,,2023-present,917,0.8789837383506085,0.19071247955775883,-0.19985157350289762,0.8294670558497301,0.11813479982572783,-0.14021886601224376,0.49238792962740974,0.07325689238270106,-0.15922135373253343,0.04951668250087837,0.072577679732031,-0.05963270749065386
IR,Individual equity,,2016-2019,664,1.2210572098477728,0.29523782959389755,-0.1400028098868058,1.4467810061261595,0.2688626820742577,-0.13412801054159096,0.2625858528001499,0.02898843823903774,-0.14700861334942517,-0.22572379627838668,0.026375147519639874,-0.005874799345214843
IR,Individual equity,,2020-2022,756,0.700347539771949,0.1836320955640589,-0.28551042485342126,0.8781703584502064,0.15629350876900183,-0.12006855825732732,0.21583570593962156,0.02364329349575134,-0.37848983563186456,-0.17782281867825744,0.027338586795057074,-0.16544186659609394
IR,Individual equity,,2023-present,917,0.37526162521341033,0.0588108893299879,-0.2132459917895323,0.6930402377070409,0.09526546444266915,-0.10580197602581187,-0.0601985916305743,-0.02090493226980672,-0.2436469194312706,-0.3177786124936306,-0.03645457511268124,-0.10744401576372042
IRDM,Individual equity,,2016-2019,1006,0.3091148724037226,0.048343331840931425,-0.36534929252355974,0.5307351732049383,0.09379553313747913,-0.2169569071440801,-0.1672485647048178,-0.044724692565463076,-0.3337154178416374,-0.22162030080121575,-0.0454522012965477,-0.14839238537947963
IRDM,Individual equity,,2020-2022,756,0.7894253362421564,0.23557956728842866,-0.25716439817239767,0.8722413679368366,0.19256507208766638,-0.20240429916984393,0.2450536532897104,0.030948745910563735,-0.24666246421795068,-0.08281603169468021,0.04301449520076228,-0.05476009900255374
IRDM,Individual equity,,2023-present,917,0.693300318075268,0.16414946876546987,-0.2881142403958924,0.6353880152620003,0.11142563253537707,-0.18926707700661094,0.4194623100655779,0.06437959263933934,-0.2545325365873824,0.05791230281326776,0.0527238362300928,-0.09884716338928146
IRM,Individual equity,,2016-2019,1006,0.7966433887436549,0.11447104343614711,-0.20337271188708228,1.080968096459758,0.11148276371326693,-0.09874061997400208,0.14325424821650945,0.009868830469913714,-0.16307183889089483,-0.2843247077161032,0.0029882797228801827,-0.1046320919130802
IRM,Individual equity,,2020-2022,756,0.4579918715628546,0.080393877728552,-0.23431319313748789,1.407264129377616,0.22019455544283817,-0.13681837958438603,-0.6339796764633653,-0.11295867994234232,-0.3641739509003239,-0.9492722578147614,-0.13980067771428617,-0.09749481355310186
IRM,Individual equity,,2023-present,917,1.1172848011346985,0.21763961013908673,-0.16488325897266487,1.6255772867725684,0.2728112006444503,-0.10460306157130461,-0.34782811127845126,-0.04590806892805588,-0.17076135999137732,-0.5082924856378699,-0.05517159050536358,-0.06028019740136026
ISRG,Individual equity,,2016-2019,1006,0.4996033349927205,0.0726011740190109,-0.340327898461549,1.2454268234014707,0.16722727114808444,-0.16790847500662553,-0.3349168215147783,-0.045458157683011424,-0.28757424453946656,-0.7458234884087502,-0.09462609712907355,-0.17241942345492345
ISRG,Individual equity,,2020-2022,756,1.0770996028595923,0.31231536759019707,-0.22186569298823577,1.4954456620283652,0.28845180555518923,-0.09934102508625309,0.2941556113089608,0.042345756124344325,-0.2720949314946407,-0.4183460591687729,0.023863562035007835,-0.12252466790198269
ISRG,Individual equity,,2023-present,917,1.2987602886622622,0.30170361036011006,-0.1292429440924635,1.5315956239080162,0.2568248321890363,-0.13482917970311126,-0.02989433279895374,-0.019060006637894755,-0.21304253888728808,-0.23283533524575395,0.044878778171073774,0.0055862356106477495
IT,Individual equity,,2016-2019,1006,1.3571742910689446,0.20662841679263355,-0.10355960683976273,1.7246078615324978,0.19535250899495793,-0.09124068377756522,0.3792206850546599,0.03487902828029932,-0.12928079258296465,-0.3674335704635532,0.011275907797675622,-0.012318923062197507
IT,Individual equity,,2020-2022,756,0.7733527222696964,0.18788327685099948,-0.21060951153061624,0.876255576403962,0.14304708264576593,-0.12585371008116875,0.3613311700712787,0.05567009940550216,-0.3212249569455127,-0.10290285413426559,0.04483619420523355,-0.0847558014494475
IT,Individual equity,,2023-present,917,0.700463390079553,0.17687383663525602,-0.4594141813307784,0.46213680238290045,0.05228821848710252,-0.22928230749168432,0.5607478734684043,0.1220152173852489,-0.34662315931753196,0.2383265876966526,0.1245856181481535,-0.23013187383909406
ITB,Thematic/industry ETF,,2016-2019,1006,0.9012248129271777,0.12098888991365486,-0.19201986832450324,1.0604437058695728,0.11762673494471398,-0.15500251786418262,0.048876173253125314,0.0006304897255220432,-0.1539651582958953,-0.1592188929423951,0.003362154968940878,-0.03701735046032062
ITB,Thematic/industry ETF,,2020-2022,756,0.9634356890233716,0.26561998874852955,-0.19429351190974642,0.9011410729080651,0.14961003911858195,-0.1760824760517039,0.4740906266776258,0.08711518667423168,-0.25184884860097945,0.06229461611530651,0.1160099496299476,-0.018211035858042512
ITB,Thematic/industry ETF,,2023-present,917,0.9483852484501889,0.1866565882479596,-0.1449471768961309,0.8785046884948688,0.13119249873345828,-0.13443484199156674,0.426055262038335,0.049596873575722844,-0.12735789033893807,0.06988055995532005,0.055464089514501325,-0.010512334904564158
ITW,Individual equity,,2016-2019,1006,1.3471059427023233,0.18813686959238196,-0.12323595315480029,1.8731810602146894,0.19602471360202878,-0.05038793238157968,-0.1976241391375999,-0.022256559923225505,-0.1519739877725047,-0.5260751175123661,-0.007887844009646816,-0.07284802077322061
ITW,Individual equity,,2020-2022,756,0.4186352748208016,0.06848202498423972,-0.26617043342545754,0.9487786741245435,0.11579828680794146,-0.10301149521089414,-0.2822392912555423,-0.06437026151990788,-0.2833395552898692,-0.5301433993037419,-0.047316261823701744,-0.1631589382145634
ITW,Individual equity,,2023-present,917,0.5258613473402892,0.06874717341210834,-0.13572811595040757,0.44338820837705223,0.04484062968778435,-0.1350237554926922,0.22972658519846328,0.0178427094214737,-0.08852932786036904,0.08247313896323699,0.023906543724323992,-0.0007043604577153806
IVZ,Individual equity,,2016-2019,1006,1.0620987768930994,0.20550020123591928,-0.16932391655630008,0.7751680888765882,0.08428376631430679,-0.12655077401963288,0.7858113171450167,0.11989747285190844,-0.17743928045476764,0.2869306880165112,0.12121643492161249,-0.0427731425366672
IVZ,Individual equity,,2020-2022,756,0.5410195588039207,0.15210709384596766,-0.4007429991491056,0.6531067169260234,0.12851839119465658,-0.2774601312572924,0.24000853405309325,0.02090236440572424,-0.40074299914910594,-0.11208715812210268,0.023588702651311078,-0.1232828678918132
IVZ,Individual equity,,2023-present,917,1.0993408283276587,0.2813194357331943,-0.13925951027789651,1.306513195887853,0.21602724561042463,-0.10686913023071587,0.40152447588036394,0.06277047913709422,-0.1679649822040159,-0.20717236756019441,0.06529219012276966,-0.032390380047180645
IWD,Factor/style ETF,,2016-2019,1006,0.9663023852071599,0.07429342792000448,-0.08426771340086292,1.7467268640406168,0.10407800252075439,-0.06589485842034604,-0.32700236985579195,-0.0183571245626708,-0.10988814874856145,-0.7804244788334569,-0.029784574600749902,-0.018372854980516884
IWD,Factor/style ETF,,2020-2022,756,0.5009960310090288,0.07979051247693691,-0.20027524581132405,1.1528205676910623,0.12001477188302934,-0.06661656982159947,-0.02010689654523277,-0.01591223493821614,-0.2758165231980527,-0.6518245366820336,-0.04022425940609242,-0.13365867598972458
IWD,Factor/style ETF,,2023-present,917,1.2221814281074845,0.11718328559170077,-0.06499631911350323,1.5871694435908965,0.12070494613767635,-0.0409790285624283,-0.07189500009601692,-0.006307310558654633,-0.08790674174178192,-0.364988015483412,-0.00352166054597558,-0.024017290551074932
IWF,Factor/style ETF,,2016-2019,1006,1.1360317230281813,0.1012466915287129,-0.08691013954531168,2.120927433026575,0.13726206190836443,-0.04252960503376413,-0.3849250584427154,-0.027764124346424612,-0.11501750240517983,-0.9848957099983937,-0.03601537037965152,-0.044380534511547554
IWF,Factor/style ETF,,2020-2022,756,1.155732217721039,0.24695750107044678,-0.1278267673111526,1.6493999836591828,0.19879146966493266,-0.10235833721796983,0.3509549337632594,0.047639434056707675,-0.1361131904484002,-0.4936677659381439,0.04816603140551412,-0.02546843009318278
IWF,Factor/style ETF,,2023-present,917,1.6617765834135476,0.23553577739332465,-0.10624801759031788,2.1263690762383467,0.22962412167177026,-0.051453705792044,0.12468795717380231,0.007152218951913314,-0.1104041440833905,-0.4645924928247991,0.0059116557215543875,-0.054794311798273876
IWM,Broad index ETF,Indices,2016-2019,1006,1.104660475106702,0.12403943963420994,-0.06770357440529218,1.2744139301585395,0.11000822824831813,-0.04754447873643508,0.2721291701164391,0.017901475160437386,-0.09231322962779598,-0.1697534550518376,0.014031211385891806,-0.020159095668857097
IWM,Broad index ETF,Indices,2020-2022,756,0.6185852923529801,0.12337457766777304,-0.17939034150373456,0.8079695248073604,0.11110397557910079,-0.13459946173290482,0.18589609819776007,0.017675083071564623,-0.183010112443863,-0.1893842324543803,0.012270602088672256,-0.04479087977082974
IWM,Broad index ETF,Indices,2023-present,917,0.6703933994363734,0.08740374154424613,-0.12666142376915335,0.9390742006881422,0.10244945412631368,-0.12375864746197685,-0.22780522421043153,-0.02345063728971164,-0.11996548613501312,-0.26868080125176874,-0.01504571258206755,-0.0029027763071765023
IWN,Broad index ETF,,2016-2019,1006,0.921254450913065,0.09692775786240238,-0.15527392848687205,1.141666790029292,0.088414232330698,-0.09365802802286372,0.19895844193347534,0.01233583728047849,-0.1333460695677552,-0.22041233911622704,0.008513525531704369,-0.06161590046400833
IWN,Broad index ETF,,2020-2022,756,0.7675449501000098,0.18032712924327443,-0.18056705901388126,0.7928681173576207,0.12145787252554041,-0.14213028422973628,0.39742891145192627,0.06260525100841341,-0.1916389351456711,-0.025323167257610968,0.05886925671773402,-0.03843677478414498
IWN,Broad index ETF,,2023-present,917,0.8330767299788088,0.11303916205014852,-0.09451717470130938,1.0319924247261134,0.11563110942697619,-0.07643638569565248,0.007859933941126687,-0.0029779730008655525,-0.10883959565091672,-0.19891569474730464,-0.0025919473768276635,-0.018080789005656905
IWO,Broad index ETF,,2016-2019,1006,1.27339718203892,0.1559517350286661,-0.0824785202913434,1.3649939149760952,0.12168413768982367,-0.050312127538786444,0.39380968438371244,0.030366754686526498,-0.08448134162364651,-0.09159673293717518,0.03426759733884244,-0.03216639275255695
IWO,Broad index ETF,,2020-2022,756,0.887406634876467,0.19594259390668878,-0.16176675718948708,1.2287513313379337,0.16363844149618867,-0.13917518660407335,0.2615757326579179,0.0325793594342314,-0.21963844235846697,-0.3413446964614667,0.03230415241050011,-0.022591570585413723
IWO,Broad index ETF,,2023-present,917,0.9704760976530831,0.1526797240963127,-0.11709011909411537,1.20226408387959,0.14716237668447651,-0.11345554229742683,0.17841948153838874,0.01354636399155762,-0.12218430656994594,-0.23178798622650687,0.005517347411836182,-0.003634576796688549
IYR,Thematic/industry ETF,,2016-2019,1006,0.5064713622273402,0.043869920403337925,-0.16444688620866843,0.9868570561737777,0.06812925574685158,-0.0775511833128304,-0.19937305807472147,-0.014798507371024505,-0.13464502396129163,-0.4803856939464375,-0.024259335343513655,-0.08689570289583803
IYR,Thematic/industry ETF,,2020-2022,756,1.2295947542568224,0.25367643610829127,-0.1303351123919102,1.1552676524264194,0.11958206109561997,-0.07356369836959198,0.7166007001683931,0.11631265839324367,-0.20964297980928048,0.07432710183040303,0.1340943750126713,-0.05677141402231822
IYR,Thematic/industry ETF,,2023-present,917,0.19724360713003058,0.017043060848892067,-0.1589397677176162,0.2219662827312174,0.016335481628090287,-0.1445779752843046,0.04044732385805863,-0.00024948182842710054,-0.1103285581615161,-0.024722675601186822,0.0007075792208017795,-0.014361792433311593
IYT,Thematic/industry ETF,,2016-2019,1006,0.8502907138894665,0.09989166122694204,-0.12181130734557866,1.1978982634979016,0.10282110691560953,-0.07992863125716765,0.1067524286478968,0.005511474418975482,-0.10626948955163362,-0.3476075496084351,-0.002929445688667487,-0.04188267608841101
IYT,Thematic/industry ETF,,2020-2022,756,0.9797939373901804,0.22052728432250968,-0.2095468607570744,1.2572244230824878,0.15867926668319243,-0.11527732740542296,0.3175606143888748,0.043962827517547653,-0.22994387700135943,-0.27743048569230744,0.06184801763931724,-0.09426953335165145
IYT,Thematic/industry ETF,,2023-present,917,1.0938768430844468,0.16510746848669178,-0.12741406625843865,0.9537022934524928,0.10707525724723954,-0.10303798357245253,0.5470669814459925,0.05097687352481306,-0.09152056622709959,0.14017454963195397,0.058032211239452236,-0.024376082685986122
J,Individual equity,,2016-2019,1006,0.8271694135091051,0.11850352027934163,-0.15937282993926505,1.2023055733167385,0.14870280767809851,-0.11907854220167569,-0.2134137397868459,-0.024346252519694356,-0.17047270567321715,-0.3751361598076334,-0.03019928739875688,-0.04029428773758936
J,Individual equity,,2020-2022,756,0.27437589806808327,0.03630550236714947,-0.2530437369413404,1.0440731301615913,0.136155299531874,-0.11280595589066977,-0.4543433181112642,-0.08593410941303403,-0.3092107213415273,-0.769697232093508,-0.09984979716472453,-0.14023778105067064
J,Individual equity,,2023-present,917,0.9188258697238856,0.14751860275656137,-0.14941796623972026,1.3279569464429124,0.18455610240933384,-0.11015385557559954,-0.15145587091590235,-0.019865208189278172,-0.21422237245017683,-0.4091310767190268,-0.037037499652772476,-0.03926411066412072
JBHT,Individual equity,,2016-2019,1006,1.0734801553478315,0.16753138863851702,-0.12528555974410027,1.399402291129022,0.1506476078347876,-0.07518616463568428,0.14308627798347665,0.009941044614541816,-0.1701252747273524,-0.32592213578119056,0.01688378080372943,-0.05009939510841599
JBHT,Individual equity,,2020-2022,756,0.38667205458541654,0.0692201132188901,-0.349446972161119,0.8647004280406686,0.15111412193922824,-0.11571605916849537,-0.07038284949454193,-0.03436184940119402,-0.3384444565154806,-0.47802837345525206,-0.08189400872033814,-0.2337309129926236
JBHT,Individual equity,,2023-present,917,0.7882671935808213,0.14978756231049206,-0.2575496668453876,0.9059316089065873,0.1257513009738711,-0.16428153011185775,0.13706446488510682,0.009506147789788644,-0.22820787918238705,-0.11766441532576599,0.024036261336620957,-0.09326813673352985
JBL,Individual equity,,2016-2019,1006,1.676289458684276,0.32792927077607725,-0.1472498065935005,1.7634489050790503,0.26684499913967064,-0.14314830534899636,0.4965048659589807,0.052647272166330694,-0.19537334831892428,-0.08715944639477424,0.06108427163640662,-0.0041015012445041465
JBL,Individual equity,,2020-2022,756,0.7886415296251611,0.22412561953867005,-0.2760008800856978,0.8707809096810292,0.18740065312084675,-0.218329958726875,0.23698570083238793,0.028778697769915595,-0.3960920510702811,-0.08213938005586807,0.0367249664178233,-0.05767092135882279
JBL,Individual equity,,2023-present,917,0.7539463123180087,0.1623175645989361,-0.31888531663512776,1.2323825144284086,0.24837166007232003,-0.25112724646975737,-0.3678691995328323,-0.058611344787870445,-0.2663612973149272,-0.47843620211039994,-0.08605409547338394,-0.06775807016537039
JBLU,Individual equity,,2016-2019,1006,0.5969901005290843,0.10116377132989696,-0.14282422800339234,0.3337650956243345,0.03272017062003907,-0.12024929205093171,0.4840042157343076,0.06573909617064677,-0.13892341861404578,0.2632250049047498,0.06844360070985789,-0.02257493595246063
JBLU,Individual equity,,2020-2022,756,0.14875439044879238,-0.034893604159862646,-0.6601326292947667,-0.3962048690898733,-0.11093484364144901,-0.4007389160018803,0.5137359846095315,0.12269112916701919,-0.47974904274328534,0.5449592595386656,0.07604123948158636,-0.2593937132928864
JBLU,Individual equity,,2023-present,917,0.5824477571104426,0.1693136893914633,-0.39353210297300967,0.2286725246910767,0.026603740282226118,-0.2864362582003255,0.5863531211392768,0.13912066118497535,-0.3319577139238654,0.3537752324193659,0.14270994910923718,-0.10709584477268419
JCI,Individual equity,,2016-2019,1006,0.6959007893832692,0.10232001122607626,-0.18301020382571576,0.9368003634564146,0.10085927113516258,-0.09533770550563347,0.3041110076176272,0.02955652829686617,-0.12844417602869318,-0.24089957407314544,0.0014607400909136814,-0.08767249832008228
JCI,Individual equity,,2020-2022,756,1.3595142413752845,0.35379922776317785,-0.17505667112257128,1.6684750124624053,0.2801277987750461,-0.08020976125203771,0.4262961149520922,0.06575261106454566,-0.17857843143505703,-0.3089607710871207,0.07367142898813173,-0.09484690987053357
JCI,Individual equity,,2023-present,917,0.6677611501838386,0.10214591153534291,-0.21270083406598295,1.054590156370739,0.1377696268766746,-0.12698929386835345,-0.03531495320944513,-0.009856043368274725,-0.2770725761738576,-0.3868290061869003,-0.035623715341331685,-0.0857115401976295
JD,Individual equity,,2016-2019,1006,1.3361687164427216,0.38033985980726515,-0.20677968220175003,1.3757198317043393,0.2639376244685392,-0.1364098596471759,0.43115634389269614,0.06846103040904672,-0.22728108514580703,-0.0395511152616177,0.11640223533872596,-0.07036982255457414
JD,Individual equity,,2020-2022,756,0.9750016374110466,0.323101572132932,-0.267603604628453,0.8687681701478378,0.18730016394634474,-0.14127715364627258,0.5386400581292182,0.11437832850558172,-0.2767578719689501,0.10623346726320881,0.13580140818658726,-0.12632645098218043
JD,Individual equity,,2023-present,917,0.6048145990332173,0.14986770738820976,-0.42690268639017126,0.32895274413541115,0.049770215946316254,-0.2746449158903148,0.44434794263328486,0.07832669719032115,-0.43272722738797176,0.2758618548978062,0.1000974914418935,-0.15225777049985645
JETS,Thematic/industry ETF,,2016-2019,1006,1.4066917974560904,0.23211229053168747,-0.09166537860545176,1.2476268500183203,0.13742141576750666,-0.07145522302101048,0.6957101590796145,0.07716492915680573,-0.07192081646983894,0.1590649474377701,0.09469087476418081,-0.02021015558444128
JETS,Thematic/industry ETF,,2020-2022,756,0.4127050941023598,0.08802361147911375,-0.39083703000059034,0.6126482808922848,0.10443127479250514,-0.23664246840716752,0.1692864654911083,0.005819162103907871,-0.47747954777852775,-0.19994318678992506,-0.016407663313391385,-0.15419456159342282
JETS,Thematic/industry ETF,,2023-present,917,1.4643177447081084,0.32050430525677087,-0.13762293729216546,1.3278479735465176,0.2026722199254325,-0.13078213177673637,0.7289438493709914,0.09797522831170391,-0.1240823370494678,0.13646977116159076,0.11783208533133838,-0.006840805515429094
JKHY,Individual equity,,2016-2019,1006,1.3478949789038328,0.14999734772157258,-0.1286003052816619,1.5537595089675582,0.12424086316573923,-0.06512116345706309,0.5015619641718992,0.03707127590630788,-0.09049079218376832,-0.2058645300637254,0.025756484555833348,-0.0634791418245988
JKHY,Individual equity,,2020-2022,756,0.7326470458644488,0.12650648464006298,-0.15616607699858676,1.6305396709756106,0.235957663029281,-0.085939886124199,-0.5900953556566298,-0.08167406240095443,-0.24918179898604642,-0.8978926251111617,-0.10945117838921803,-0.07022619087438775
JKHY,Individual equity,,2023-present,917,0.9347947062921288,0.15688297043822907,-0.1635867493848171,1.130412656693732,0.1326705878799197,-0.06999689730065173,0.2003185512459323,0.017603650163082296,-0.2061040872652361,-0.19561795040160324,0.024212382558309375,-0.09358985208416537
JNJ,Individual equity,,2016-2019,1006,1.1907363085510887,0.12104521341295493,-0.12281045176803629,2.0301228164353304,0.15494101609893707,-0.05306636066551418,-0.40169694516178084,-0.029820923986298986,-0.1763337326205332,-0.8393865078842417,-0.033895802685982135,-0.06974409110252211
JNJ,Individual equity,,2020-2022,756,0.30554981277017956,0.03633206500263331,-0.18355775431155785,0.5270148436625991,0.046194641585407314,-0.1255627220205472,0.09671452595553127,0.004231929127383571,-0.15897428145595272,-0.22146503089241953,-0.009862576582774008,-0.05799503229101066
JNJ,Individual equity,,2023-present,917,1.015239721970743,0.1234541687119719,-0.14951069703405395,1.239356904198533,0.12202459890395145,-0.06557410644471606,0.027927238938283663,-0.0007870105816827344,-0.16219226772830253,-0.2241171822277901,0.0014295698080204478,-0.08393659058933789
JNK,Bond ETF,,2016-2019,167,1.491935356582792,0.014098070291616915,-0.007802882546472767,1.491935356582792,0.014098070291616915,-0.007802882546472767,,0.0,0.0,0.0,0.0,0.0
JNK,Bond ETF,,2020-2022,756,0.6703622720032438,0.037815194174601885,-0.04959926989280927,0.5857278024955962,0.010063251243477955,-0.02084571327148077,0.5183697528311314,0.027475450569020232,-0.06438990650564325,0.08463446950764764,0.02775194293112393,-0.028753556621328502
JNK,Bond ETF,,2023-present,917,0.8036804002887779,0.02247282434584741,-0.03312146659187565,0.8086098632363546,0.022613361587242364,-0.03312146659187565,-0.5245085035589765,-0.00013742949845352292,-0.0004999999999999449,-0.00492946294757679,-0.00014053724139495571,0.0
JOBY,Individual equity,,2020-2022,540,0.5669759231185163,0.16399475353176052,-0.36413059419986826,-0.06503107977857193,-0.04390586555549969,-0.2815136111675738,0.5831465109834507,0.15644150753545438,-0.30178192397482706,0.6320070028970882,0.2079006190872602,-0.08261698303229448
JOBY,Individual equity,,2023-present,917,0.8255491292782613,0.3131416731718779,-0.30548867655158773,0.8287620410699706,0.24788276116480534,-0.3141866099044781,0.2933480054873923,0.0436758805702222,-0.3528010739073293,-0.0032129117917093497,0.06525891200707257,0.008697933352890375
JPM,Individual equity,,2016-2019,1006,0.9408208233147628,0.12332446829851951,-0.13321812644814912,1.4457328185042377,0.1545317110513067,-0.09100839062418586,-0.35592170644415466,-0.033907607527489336,-0.19347793660899493,-0.5049119951894749,-0.03120724275278719,-0.04220973582396326
JPM,Individual equity,,2020-2022,756,0.5027979790440625,0.09518229933836864,-0.2516613967826573,0.6511621914737755,0.07763868851837574,-0.14680788048938753,0.20585460170979875,0.021403319104392082,-0.27583802660333245,-0.14836421242971298,0.017543610819992894,-0.10485351629326978
JPM,Individual equity,,2023-present,917,1.2509979394042057,0.20015639954167752,-0.13202963374593524,1.8618452444394176,0.2718050844508657,-0.0828651757190565,-0.38017989243441225,-0.035139768370443636,-0.15176129856214038,-0.6108473050352119,-0.07164868490918819,-0.04916445802687874
KBE,Thematic/industry ETF,,2016-2019,1006,1.0373015175879239,0.1482237650640874,-0.11877960229730777,1.263685581688315,0.12509447606201696,-0.08150696009092961,0.060805990128157614,0.0007367707797809597,-0.1830281638344592,-0.22638406410039114,0.023129289002070452,-0.03727264220637816
KBE,Thematic/industry ETF,,2020-2022,756,0.7068133384022451,0.1881684738844931,-0.3104941075047325,0.7966743256381625,0.139923245489874,-0.17087650861973602,0.4321301023252741,0.08093791816498741,-0.23370299876724665,-0.0898609872359174,0.04824522839461909,-0.13961759888499647
KBE,Thematic/industry ETF,,2023-present,917,1.3244955079075353,0.2628625898380117,-0.15485969741131078,1.1658631354076043,0.17823976188448953,-0.08910072154202875,0.589832617358833,0.06661940234389463,-0.12016055075757404,0.158632372499931,0.08462282795352216,-0.06575897586928203
KDP,Individual equity,,2016-2019,1006,0.3401650587781707,0.03028158778189849,-0.09296691901964282,0.8825692929274228,0.06903519467973451,-0.07579385074433298,-0.49596507480817353,-0.03555732328333361,-0.1748768173632138,-0.5424042341492521,-0.038753606897836024,-0.017173068275309844
KDP,Individual equity,,2020-2022,756,0.7238944464134788,0.12325220893721034,-0.1702190433974169,1.0872256751648592,0.1306351418970848,-0.07097678067868618,0.06431485921319986,-0.00032825875722075626,-0.24033908553079075,-0.36333122875138046,-0.007382932959874466,-0.09924226271873071
KDP,Individual equity,,2023-present,917,0.8533623849657388,0.1304771602010717,-0.11184297190360859,0.8539485638694253,0.09555186196837995,-0.06468756306198764,0.61989378729507,0.06930885748887672,-0.08698278368073642,-0.0005861789036865073,0.03492529823269175,-0.04715540884162095
KEY,Individual equity,,2016-2019,1006,0.8994762402513415,0.15320115617921126,-0.11921936062810068,0.9825777816176913,0.1302476886682553,-0.0903991837612822,0.3060558795567815,0.031044961721393705,-0.13642335399550065,-0.08310154136634973,0.02295346751095595,-0.02882017686681848
KEY,Individual equity,,2020-2022,756,0.7912481564904469,0.2717686888954396,-0.3658935254892475,1.0490582053540771,0.23915552574318344,-0.23875604782252935,0.2522591086583154,0.02980999108841842,-0.36674956011396287,-0.25781004886363024,0.03261316315225615,-0.12713747766671812
KEY,Individual equity,,2023-present,917,0.544508578883821,0.11298949870005814,-0.2939196582052883,0.7331428091546622,0.1288353763453638,-0.15221438234652307,0.005070603684359666,-0.014037368049721,-0.3094847065817625,-0.18863423027084125,-0.01584587764530565,-0.14170527585876525
KEYS,Individual equity,,2016-2019,1006,0.7628140396119338,0.11800260272927265,-0.2374009613112572,1.4173865638002643,0.19955744777213202,-0.11847849504873076,-0.60233731849134,-0.07294171310700959,-0.27301056754524333,-0.6545725241883305,-0.08155484504285937,-0.11892246626252645
KEYS,Individual equity,,2020-2022,756,0.5245405806507333,0.10004242811400044,-0.2959602125973565,1.1964487776760209,0.21131118284545503,-0.1380064671666339,-0.5286515538291413,-0.09262441121907539,-0.2733710673432991,-0.6719081970252876,-0.11126875473145459,-0.1579537454307226
KEYS,Individual equity,,2023-present,917,0.8255868348551673,0.18101142086556976,-0.23908598742640375,0.7805118283467534,0.1368998969460249,-0.14557234190293444,0.4288081807696768,0.054123593382380264,-0.11830116279653446,0.045075006508413895,0.04411152391954487,-0.0935136455234693
KHC,Individual equity,,2016-2019,1006,1.2552951213111625,0.17929849683574672,-0.10502558815514562,0.49090591770718384,0.03809154460429398,-0.06856023841817738,1.2603948654543358,0.14472511365246943,-0.09145614702926741,0.7643892036039787,0.14120695223145274,-0.036465349736968244
KHC,Individual equity,,2020-2022,756,1.5682004578505098,0.35376124118760943,-0.10133391744858078,1.2687385667911908,0.18654529822479549,-0.07244404138258509,0.8456716769980777,0.1247400652454822,-0.12213726953432247,0.299461891059319,0.16721594296281395,-0.02888987606599569
KHC,Individual equity,,2023-present,917,0.2014474222078737,0.0193114443794975,-0.3019859674949945,0.061976078901255394,0.001051714536955517,-0.2120187229049576,0.160684526771246,0.012105291168988508,-0.16187990610686165,0.1394713433066183,0.018259729842541983,-0.08996724459003691
KIM,Individual equity,,2016-2019,1006,1.303503123491359,0.18586537851853224,-0.11063031812680812,1.0155640319376174,0.09502542401669745,-0.07403655137036624,0.8801854242863356,0.08849423453393235,-0.13039525935379204,0.28793909155374164,0.0908399545018348,-0.03659376675644188
KIM,Individual equity,,2020-2022,756,-0.03859829276736885,-0.04509826685984086,-0.4509161996367168,0.5032336604998283,0.07795558306195982,-0.2304309842832628,-0.4472648993841668,-0.10205768555956418,-0.35508528160646624,-0.5418319532671971,-0.12305384992180068,-0.220485215353454
KIM,Individual equity,,2023-present,917,0.9231595982994846,0.1420230605502053,-0.11113473109631655,0.6473622828309739,0.06724789274085796,-0.09950857509335242,0.5030514620185212,0.05279519743430394,-0.07691359853121527,0.2757973154685107,0.07477516780934734,-0.011626156002964128
KKR,Individual equity,,2016-2019,1006,0.25647663691127986,0.03031870978456097,-0.25333339898193363,1.036857876443981,0.14019463457416848,-0.1019060103243985,-1.0057549111741468,-0.12124213713699183,-0.40622233490050286,-0.7803812395327012,-0.1098759247896075,-0.15142738865753513
KKR,Individual equity,,2020-2022,756,0.7621016901377755,0.211015390709401,-0.3310634627213196,1.357920467947868,0.28799868209180324,-0.11271006387527915,-0.1060004031511987,-0.05468657637344421,-0.3256786647084885,-0.5958187778100925,-0.07698329138240223,-0.21835339884604044
KKR,Individual equity,,2023-present,917,0.8586332814285604,0.2131649893589398,-0.23553793894506103,1.029040790498041,0.19100483946511848,-0.17877185790664096,0.33634183632800235,0.04783629269300582,-0.29316809509188413,-0.17040750906948054,0.022160149893821313,-0.05676608103842007
KLAC,Individual equity,,2016-2019,1006,1.3810678766583089,0.3024243455161222,-0.16241193942572918,2.063224831423594,0.34049117160819553,-0.13386039804857996,0.006604536343427855,-0.009693729016422847,-0.22407989349129154,-0.682156954765285,-0.03806682609207335,-0.028551541377149214
KLAC,Individual equity,,2020-2022,756,0.12037231143523261,-0.012672095336360378,-0.5802963860253691,0.9517195819778873,0.19590138805919644,-0.1890566734585959,-0.6114839773281805,-0.16649608637064695,-0.5703626380907714,-0.8313472705426547,-0.2085734833955568,-0.39123971256677326
KLAC,Individual equity,,2023-present,917,0.8478569393332592,0.24463056936547778,-0.2236343608397986,1.4298613575495194,0.3909402274620428,-0.18760283711150805,-0.472635477301736,-0.10325918774172071,-0.34849320818080065,-0.5820044182162601,-0.14630965809656504,-0.03603152372829055
KMB,Individual equity,,2016-2019,1006,0.11122801317770065,0.006204183383432316,-0.18852430902017403,0.5648794701561627,0.044185819315780694,-0.10913060976093714,-0.41510791925487384,-0.03969908087014595,-0.2510285519552705,-0.45365145697846204,-0.03798163593234838,-0.0793936992592369
KMB,Individual equity,,2020-2022,756,0.7042143371610133,0.10924874556257946,-0.23048721197766264,1.0389671578919843,0.12279858435233848,-0.0914272293909637,-0.009511607587382408,-0.00851398993759711,-0.2345049542594233,-0.334752820730971,-0.013549838789759017,-0.13905998258669894
KMB,Individual equity,,2023-present,917,0.6500432047439785,0.07590819028562135,-0.192603629929605,0.8874891043673041,0.07091898096247573,-0.08343742405384358,-0.018058543970226878,-0.006347146494136591,-0.22588756157998457,-0.23744589962332563,0.004989209323145616,-0.10916620587576142
KMI,Individual equity,,2016-2019,1006,0.008207078797640228,-0.012134180706362296,-0.2998951176854141,0.09889575664090465,0.004393090175133008,-0.22908979982422073,-0.09188612537984511,-0.015077013753618806,-0.17457264691627483,-0.09068867784326443,-0.016527270881495304,-0.07080531786119337
KMI,Individual equity,,2020-2022,756,1.2715661834911867,0.3856463687404723,-0.18587942440862304,1.2190516662758646,0.20959182213278416,-0.11500199749484086,0.7255211477631662,0.15509364554281535,-0.18587942440862304,0.052514517215322076,0.17605454660768816,-0.07087742691378218
KMI,Individual equity,,2023-present,917,0.21721996362927537,0.020895963048784827,-0.20347456583712298,0.9852233791423413,0.11410299172634897,-0.10192186332059605,-0.9473702668332813,-0.07593358390498328,-0.30308114089683647,-0.768003415513066,-0.09320702867756414,-0.10155270251652693
KO,Individual equity,,2016-2019,1006,0.4210388633163019,0.03603797958927535,-0.12638694023082597,1.1993225689390732,0.08907022501302442,-0.05693546540695338,-0.7331572293669947,-0.046943007015679106,-0.1873492029675441,-0.7782837056227713,-0.05303224542374907,-0.0694514748238726
KO,Individual equity,,2020-2022,756,0.28697360214527196,0.030961916968683223,-0.19571116479760298,0.9452861950118578,0.0983092166005528,-0.11787001010681908,-0.6136244471899894,-0.06067817722717128,-0.2673004205615219,-0.6583125928665858,-0.06734729963186958,-0.0778411546907839
KO,Individual equity,,2023-present,917,0.46054602764764374,0.042760823646547985,-0.1523081621653748,0.8962732146370836,0.07332303976763788,-0.10610901133009021,-0.3842659550608093,-0.024780662782784235,-0.1999240730698736,-0.4357271869894399,-0.03056221612108989,-0.046199150835284586
KR,Individual equity,,2016-2019,1006,-0.002617264587903654,-0.015444543652234577,-0.3307441958283317,-0.24908599492218514,-0.03305967728989556,-0.21633542518073634,0.2406934263589619,0.024573246786564473,-0.2643395248507143,0.2464687303342815,0.017615133637660985,-0.11440877064759536
KR,Individual equity,,2020-2022,756,0.28915395999562515,0.03991774338969778,-0.17084874825872376,0.5866654579612265,0.09166183120225568,-0.12368420320903895,-0.3269266148105094,-0.046068248158181224,-0.1916431567474315,-0.29751149796560133,-0.051744087812557904,-0.047164545049684814
KR,Individual equity,,2023-present,917,0.09977572791332968,0.0038172571259253996,-0.21770232822916902,0.2865820450068233,0.02631099232966827,-0.14396126966995593,-0.08087121593239405,-0.013267815174538788,-0.16528192130359465,-0.18680631709349366,-0.02249373520374287,-0.07374105855921309
KRE,Thematic/industry ETF,,2016-2019,1006,0.40121255310209447,0.04785263525181627,-0.14326246370893736,0.7291885927584919,0.07024887155535331,-0.101854398523339,-0.251137483089074,-0.03135934484035452,-0.21843635213366863,-0.32797603965639743,-0.022396236303537043,-0.041408065185598364
KRE,Thematic/industry ETF,,2020-2022,756,0.6155248727738861,0.15929346844643555,-0.37852164362443164,0.7305220858327303,0.13803820463517824,-0.194837841650355,0.3097657505284226,0.04793396893988633,-0.30737052725733494,-0.11499721305884414,0.021255263811257308,-0.18368380197407663
KRE,Thematic/industry ETF,,2023-present,917,1.0925886630874218,0.23456433302580915,-0.15882590057448376,0.8844563683230426,0.13356513284803184,-0.09133595302362074,0.6994385435807012,0.09677691521715781,-0.13128324120243007,0.2081322947643791,0.1009992001777773,-0.06748994755086302
KTOS,Individual equity,,2016-2019,1006,1.1540654822520384,0.32369372004171515,-0.30440555805663505,1.6720023277788991,0.43496234306912784,-0.15968400533602445,-0.19823488644854098,-0.0426507211713919,-0.3545427649614038,-0.5179368455268607,-0.1112686230274127,-0.1447215527206106
KTOS,Individual equity,,2020-2022,756,0.4535271138916222,0.10338590508232604,-0.37453201144476367,0.6092765361811145,0.10941629483482362,-0.14882178710735505,0.2739723518029713,0.03901144751200447,-0.42242213937062734,-0.15574942228949235,-0.006030389752497589,-0.22571022433740862
KTOS,Individual equity,,2023-present,917,1.359115932118806,0.5300908788754823,-0.23949045568552452,1.8572875423906314,0.5927759675135107,-0.19330733822201385,-0.038531890060278844,-0.03748827278043676,-0.28851155660207917,-0.49817161027182544,-0.06268508863802835,-0.04618311746351067
KVUE,Individual equity,,2023-present,833,0.7268574473578833,0.1047081310803184,-0.13000841271809882,0.6577729303398655,0.07688101583038764,-0.09173164966792924,0.4501262233964232,0.04930693923214324,-0.08454089536366083,0.06908451701801777,0.027827115249930756,-0.03827676305016958
KWEB,Thematic/industry ETF,,2016-2019,1006,1.2624796242605092,0.23868323509653377,-0.12529410630558802,1.4990009826007131,0.19382881774405214,-0.08129238533895311,0.34015954596954084,0.03757190033093871,-0.11747613598449236,-0.23652135834020394,0.044854417352481635,-0.044001720966634905
KWEB,Thematic/industry ETF,,2020-2022,756,1.6499123691838125,0.647742585154695,-0.15039083540957332,1.4592090566713538,0.3089563521613623,-0.11014492753623173,1.010508991268381,0.2720956824755847,-0.129611357908188,0.19070331251245864,0.33878623299333266,-0.04024590787334159
KWEB,Thematic/industry ETF,,2023-present,917,0.8954971634269204,0.21106538772232875,-0.308779132635264,0.7687535119977623,0.13730799161958274,-0.2268370678965188,0.4268699192236707,0.05990039915578094,-0.1973149237722871,0.1267436514291581,0.07375739610274601,-0.08194206473874521
L,Individual equity,,2016-2019,1006,0.4384469802303634,0.04422424725676399,-0.15780362538736237,0.3095350172539368,0.02286265640768681,-0.15425928488067753,0.08170683024961138,0.0033550591897135718,-0.07769881182686911,0.1289119629764266,0.021361590849077183,-0.00354434050668484
L,Individual equity,,2020-2022,756,0.1273518388371382,-0.007913277500533833,-0.43791199126212255,0.38406758107405176,0.05257557035641813,-0.1633330868683429,-0.09180273483115244,-0.054909793703984855,-0.3700773841487568,-0.25671574223691357,-0.060488847856951966,-0.27457890439377963
L,Individual equity,,2023-present,917,0.11528728105122985,0.006669977618618761,-0.23218449458664037,0.44484701429584705,0.03840644886019273,-0.14492437429254879,-0.5113391800152938,-0.034075720787767105,-0.21660463139286923,-0.3295597332446172,-0.03173647124157397,-0.08726012029409158
LDOS,Individual equity,,2016-2019,1006,1.6163367714055246,0.22789140435854938,-0.15815684909241468,1.9067034003583252,0.23008409908822625,-0.08053676144287758,0.22852235234377416,0.01468207900460805,-0.11186075757946035,-0.29036662895280063,-0.0021926947296768695,-0.0776200876495371
LDOS,Individual equity,,2020-2022,756,0.9450446610205802,0.2104996189801982,-0.22113448161259597,1.0105270213515418,0.1260943077409662,-0.14130443395447545,0.47802998242120187,0.07671888753328227,-0.1683588978840076,-0.06548236033096166,0.084405311239232,-0.07983004765812052
LDOS,Individual equity,,2023-present,917,1.2797250033208796,0.24974866971937426,-0.1562290856922559,1.5346860146823131,0.21170226582695673,-0.08090540632902776,0.38922310618946027,0.04490271094568987,-0.1876373464359169,-0.25496101136143356,0.038046403892417535,-0.07532367936322815
LEN,Individual equity,,2016-2019,1006,0.49851315331926943,0.07350580289875808,-0.26112113154520644,0.8288082547671574,0.09612966293591452,-0.18864728578394752,-0.07808242488142701,-0.01724806966603687,-0.22507862586880234,-0.33029510144788793,-0.02262386003715644,-0.07247384576125893
LEN,Individual equity,,2020-2022,756,0.9046978395953134,0.31700921521955516,-0.2401592159645608,0.8697518508832983,0.20917272671261578,-0.1720430533753905,0.43212432145605356,0.08770042333957284,-0.2952491709629409,0.03494598871201504,0.10783648850693939,-0.0681161625891703
LEN,Individual equity,,2023-present,917,0.6266624056429843,0.11282484259302983,-0.26319019114721975,0.7818753571165407,0.1046438446521245,-0.20213875714819485,0.03796074099494569,-0.005477129205658016,-0.19215778859746957,-0.1552129514735564,0.008180997940905321,-0.06105143399902491
LH,Individual equity,,2016-2019,1006,0.9850526226640582,0.12171575489471276,-0.13388906704713643,1.4048989911595302,0.14020702265362583,-0.056445258326626835,-0.17312582778547425,-0.016997608368550465,-0.16463062817456908,-0.41984636849547197,-0.018491267758913077,-0.0774438087205096
LH,Individual equity,,2020-2022,756,0.6653374886525396,0.14465676014954965,-0.20192301323979267,0.8016803262312218,0.11131178239831918,-0.17426083648729707,0.24568079016682168,0.03000506093732591,-0.27382567790463197,-0.13634283757868215,0.033344977751230465,-0.027662176752495604
LH,Individual equity,,2023-present,917,0.6878998421515831,0.09393437453803011,-0.19481493759204993,0.9843395546645709,0.10951676652347708,-0.1347781081193703,-0.05735823143643429,-0.009782127184390976,-0.13233162379217012,-0.29643971251298784,-0.015582391985446975,-0.06003682947267963
LHX,Individual equity,,2016-2019,1006,0.9053848796346232,0.1153942228186644,-0.16366380900646627,1.6482273283657474,0.1853858382296787,-0.08710281343389514,-0.8268662050112309,-0.06276102555588692,-0.22798672084548177,-0.7428424487311241,-0.06999161541101429,-0.07656099557257112
LHX,Individual equity,,2020-2022,756,0.4896835225245659,0.08625237153098486,-0.2001699087760126,0.7894169011078433,0.10055106301145966,-0.1227797236250513,-0.010847192582160587,-0.01692348374909114,-0.3248139932417685,-0.2997333785832775,-0.014298691480474801,-0.0773901851509613
LHX,Individual equity,,2023-present,917,1.5170856868638987,0.23885591536156014,-0.0981862665686225,1.348297237771604,0.15004568060607526,-0.058308421103924646,0.7846124112430052,0.0784990659506346,-0.12928649013745486,0.16878844909229462,0.08881023475548488,-0.03987784546469786
LII,Individual equity,,2016-2019,1006,0.8159902045946892,0.11083230066646443,-0.13641183650883826,0.9705674798244893,0.09620164958947774,-0.12000817307797962,0.20580098718396772,0.015896603312652413,-0.09716741384247973,-0.15457727522980014,0.01463065107698669,-0.01640366343085864
LII,Individual equity,,2020-2022,756,0.9725689319102905,0.2380080197199932,-0.1732232230372629,0.8369654604875613,0.12151031663878009,-0.14524929196968217,0.6136921030969248,0.10945474728198734,-0.2276633091246395,0.13560347142272922,0.1164977030812131,-0.027973931067580726
LII,Individual equity,,2023-present,917,0.4964113257661995,0.09062933910343385,-0.22332958176822948,0.942661685222721,0.14796346839435692,-0.10624897662797028,-0.14129161375983995,-0.03553462283078346,-0.23747968163712418,-0.4462503594565215,-0.057334129290923075,-0.1170806051402592
LIN,Individual equity,,2016-2019,293,0.23805017540207882,0.022236409163303827,-0.08280351887035031,0.6593407722505849,0.06794132957513432,-0.08296884879785482,-0.6685927424217435,-0.04279722035855038,-0.06652444080401654,-0.421290596848506,-0.045704920411830496,0.00016532992750450948
LIN,Individual equity,,2020-2022,756,1.1601524026716419,0.27102923120090194,-0.12665983387882274,1.5564792130229594,0.24092497017882963,-0.06503753252362243,0.27603095479552725,0.03389051930107945,-0.11699029126213589,-0.39632681035131756,0.03010426102207231,-0.061622301355200304
LIN,Individual equity,,2023-present,917,0.73157960639855,0.08843540320821819,-0.1421077487427974,0.3858978315887374,0.033357885408664245,-0.09365425927921067,0.6732021112851547,0.054504647975988973,-0.13024990198430686,0.3456817748098126,0.05507751779955394,-0.04845348946358674
LIT,Thematic/industry ETF,,2016-2019,1006,1.077429895571273,0.14219737090631956,-0.2004359310259145,1.5150968179530404,0.14753619308817534,-0.09087384353842076,-0.004677092986344272,-0.004652421609020019,-0.1705685612081851,-0.4376669223817673,-0.0053388221818557735,-0.10956208748749374
LIT,Thematic/industry ETF,,2020-2022,756,1.482787464684135,0.45698157550950147,-0.1905192168837595,1.7870544211077377,0.3636531923848072,-0.11256064948285538,0.3848742024695623,0.06198441580501468,-0.20389701098533008,-0.3042669564236027,0.09332838312469427,-0.07795856740090412
LIT,Thematic/industry ETF,,2023-present,917,1.6992088686723779,0.38064574352113145,-0.1376417085367304,1.339308368526895,0.20852254210345578,-0.1505617892203608,1.0458488226999587,0.14242448561868915,-0.10181387281184895,0.3599005001454829,0.17212320141767568,0.012920080683630375
LITE,Individual equity,,2016-2019,1006,0.611788044487335,0.1745985023514176,-0.40922273763234074,1.1801967661469108,0.27052585093804193,-0.22237647552382445,-0.14474212624636904,-0.08252381148271559,-0.48187769981855966,-0.5684087216595758,-0.09592734858662433,-0.1868462621085163
LITE,Individual equity,,2020-2022,756,0.26223054284410935,0.03264385959356453,-0.38571292141795366,0.6366762464488367,0.10125420645828154,-0.17544310556624187,-0.010253912271238244,-0.0429311641351765,-0.34194313552113587,-0.37444570360472734,-0.06861034686471701,-0.21026981585171178
LITE,Individual equity,,2023-present,917,1.4160590045277828,0.7023026424721448,-0.4049893194379872,1.4596028692279275,0.6272199182291991,-0.2920039776023965,0.2479107942723308,0.030980975072190553,-0.2587193592496383,-0.04354386470014471,0.07508272424294571,-0.11298534183559072
LLY,Individual equity,,2016-2019,1006,0.864382597560379,0.11409748246650131,-0.1521693992872919,1.4031526630503697,0.15302214538058134,-0.12856033447452975,-0.306068455132663,-0.029722408713626414,-0.15601042291376066,-0.5387700654899906,-0.03892466291408003,-0.02360906481276215
LLY,Individual equity,,2020-2022,756,0.5528796722756156,0.09809978882369674,-0.23640376739499802,0.9017826239055148,0.15286019588119726,-0.13946158509127515,-0.07701010813142461,-0.017901886250903498,-0.1607256295045867,-0.34890295162989915,-0.054760407057500515,-0.09694218230372287
LLY,Individual equity,,2023-present,917,1.2408333795192001,0.26722473850443373,-0.2264747265678706,1.924426843893898,0.2843673749428126,-0.13408483108208347,0.10346845332676007,0.0038307543703939295,-0.23708552825247997,-0.6835934643746979,-0.017142636438378878,-0.09238989548578713
LMT,Individual equity,,2016-2019,1006,1.526466442482269,0.17509078226800456,-0.08510272252389983,1.8449562636008094,0.1718554157647716,-0.0536829095253788,0.04581815065556301,0.0008269835687388927,-0.1291514211831697,-0.3184898211185405,0.0032353665032329726,-0.031419812998521035
LMT,Individual equity,,2020-2022,756,0.43723597839749134,0.07057729865562634,-0.2726646580728931,0.917323267738966,0.10991583524094861,-0.12473299107879887,-0.22095819942815473,-0.049202185105504115,-0.27207059900977426,-0.48008728934147465,-0.03933853658532227,-0.1479316669940942
LMT,Individual equity,,2023-present,917,1.4205984057011274,0.2124833635768153,-0.1216824560102675,1.6219195721029351,0.18583918234736352,-0.07940540327977075,0.5260939218073236,0.047540838538761454,-0.13912683159331796,-0.20132116640180775,0.02664418122945178,-0.042277052730496756
LNG,Individual equity,,2016-2019,1006,-0.07616408501732429,-0.03804436613301554,-0.34517225084144776,0.31989481962401733,0.04062083462622157,-0.2801727104712489,-0.31471349396837234,-0.05519702807820681,-0.27172002598473155,-0.39605890464134164,-0.07866520075923711,-0.06499954037019884
LNG,Individual equity,,2020-2022,756,0.603124554527866,0.14796267526203222,-0.31155609161717024,1.277703858014889,0.26370922085568993,-0.1516783488887078,-0.2676143790888918,-0.09044918384171707,-0.49360180861772074,-0.674579303487023,-0.11574654559365771,-0.15987774272846245
LNG,Individual equity,,2023-present,917,0.28596633243318914,0.03335671456692535,-0.19879785529103433,0.5905293457880424,0.0686186591276976,-0.11272838200607849,-0.42962552853241237,-0.05009802175526612,-0.2856205996806165,-0.30456301335485325,-0.03526194456077225,-0.08606947328495584
LNT,Individual equity,,2016-2019,1006,0.26775312988011984,0.024507897786580246,-0.21133973341619416,0.6990515202880385,0.06614532907254933,-0.15040817812501428,-0.3661225603050742,-0.028767456825530502,-0.1571886241487781,-0.4312983904079187,-0.041637431285969084,-0.060931555291179884
LNT,Individual equity,,2020-2022,756,0.8851244352854213,0.16185967062317963,-0.19196297413870744,1.0316206246751904,0.12686747423175548,-0.07858913888486208,0.27476322470977316,0.030280872650229496,-0.19022511552388044,-0.14649618938976916,0.034992196391424146,-0.11337383525384537
LNT,Individual equity,,2023-present,917,0.3742276627509337,0.03908200898007963,-0.13172220538135515,0.4846647191712829,0.042708597377194124,-0.09958592193482285,-0.16037744758152886,-0.01551187746202276,-0.11384245543795268,-0.11043705642034918,-0.003626588397114494,-0.0321362834465323
LOW,Individual equity,,2016-2019,1006,0.7320654161999264,0.11291986426596567,-0.1463745828160683,0.9941711829314759,0.1297312207724064,-0.08908715644553755,0.2839809794595324,0.026229604191789102,-0.14175689301870087,-0.2621057667315495,-0.016811356506440722,-0.05728742637053075
LOW,Individual equity,,2020-2022,756,1.0820214543010964,0.32633469438977136,-0.240853118194308,1.8878741058410862,0.3361164788911597,-0.10682806281655244,0.0941257401825959,-0.007970368788976279,-0.2463701336587052,-0.8058526515399898,-0.009781784501388335,-0.13402505537775555
LOW,Individual equity,,2023-present,917,0.7674711744423136,0.12241758152853954,-0.14450645752467328,0.654906821988804,0.07302930063340884,-0.18196653260330065,0.3341414119840396,0.034051238090951674,-0.12961913557443494,0.1125643524535096,0.0493882808951307,0.037460075078627364
LQD,Bond ETF,,2016-2019,1006,1.344971571502792,0.03408265535456123,-0.028378048734942984,1.5306630488526536,0.03113922947947456,-0.028325532533253206,0.19680353471191148,0.0028545377684567885,-0.016314120589345005,-0.1856914773498617,0.0029434258750866693,-5.251620168977844e-05
LQD,Bond ETF,,2020-2022,756,1.2670733491218789,0.07473701556836132,-0.03279553621751763,1.3185025307188383,0.022064158570235026,-0.022395697174479978,0.9272409900891125,0.051535763735037765,-0.03279553621751763,-0.05142918159695942,0.052672856998126294,-0.01039983904303765
LQD,Bond ETF,,2023-present,917,0.26198484384191456,0.008628965194737326,-0.02769400197958438,0.4315320903496855,0.011511751718459307,-0.0243988839076964,-0.1185573936763513,-0.0028499782813434793,-0.03371045335635392,-0.16954724650777092,-0.0028827865237219807,-0.0032951180718879813
LRCX,Individual equity,,2016-2019,1006,1.6913030689609532,0.4191251476029594,-0.16604274657377904,2.1244612549664463,0.43691441563169,-0.07622308615147366,0.18861622717688792,0.016712478632049388,-0.15682971742035234,-0.43315818600549316,-0.017789268028730598,-0.08981966042230538
LRCX,Individual equity,,2020-2022,756,0.3503181032227829,0.061848885637185935,-0.4557515163086956,0.49842526878032883,0.0986418669868816,-0.32028550287077506,0.06258675476356865,-0.03208816574322948,-0.40347487570313245,-0.14810716555754594,-0.036792981349695664,-0.13546601343792053
LRCX,Individual equity,,2023-present,917,1.0616654187329253,0.35755498531116725,-0.3407239815047537,1.3731058148565871,0.3974009504536351,-0.2237352052790449,-0.04964821769575994,-0.03311007272180155,-0.2547308371919996,-0.3114403961236618,-0.039845965142467854,-0.1169887762257088
LULU,Individual equity,,2016-2019,1006,0.9854514897262916,0.20604754433443717,-0.22499669453494542,1.1308979101057095,0.19597139217703363,-0.09147011371357738,0.13375944632200318,0.008946819802695627,-0.2505257370617916,-0.1454464203794179,0.01007615215740354,-0.13352658082136803
LULU,Individual equity,,2020-2022,756,1.2940317513263995,0.4577309655381525,-0.23418672134400997,1.6905660065283594,0.4219876490907375,-0.12827110730468583,0.22336680510829912,0.025724698975450044,-0.301574353576314,-0.39653425520195995,0.03574331644741502,-0.10591561403932415
LULU,Individual equity,,2023-present,917,1.1497085328995396,0.3157056677292167,-0.2025604651827655,0.7013467540819419,0.10866809791236665,-0.17399246664924917,0.9893861066667992,0.20818183393243817,-0.20848534266646557,0.44836177881759764,0.20703756981685006,-0.028567998533516326
LUNR,Individual equity,,2020-2022,282,0.201137227948676,0.0010526016525727044,-0.0030638442052438597,0.38668223163619586,0.0019497119894889003,-0.002057613168724326,-0.5812336986146819,-0.000895364633754836,-0.0015379023883695941,-0.18554500368751986,-0.0008971103369161959,-0.0010062310365195337
LUNR,Individual equity,,2023-present,917,0.7402681468732687,0.31018418735971,-0.589554764408313,0.31798001963984146,0.048680005113943325,-0.3619533430131522,0.7147079222181055,0.2726232084837865,-0.5550282725694671,0.42228812723342724,0.26150418224576666,-0.22760142139516082
LUV,Individual equity,,2016-2019,1006,0.8487619413283486,0.14744206756081701,-0.2887945742315404,1.2972915559519238,0.1660444523507092,-0.13983075954026025,0.22686095179806992,0.02195622121174501,-0.1522997416538041,-0.4485296146235752,-0.01860238478989218,-0.14896381469128017
LUV,Individual equity,,2020-2022,756,0.6732472327642463,0.17794313911040782,-0.2740104050680371,0.6482152934975534,0.10096414560750255,-0.208226697526516,0.38571104325607425,0.06991961891767895,-0.2886037201705679,0.025031939266692893,0.07697899350290527,-0.06578370754152107
LUV,Individual equity,,2023-present,917,1.4791597404279975,0.3959980317816909,-0.1731620342293505,1.5778191363797878,0.29319338433901887,-0.11397600682021725,0.3972084143514341,0.05737321883476554,-0.2774928277195998,-0.0986593959517903,0.10280464744267204,-0.05918602740913326
LVS,Individual equity,,2016-2019,1006,1.3310241036258368,0.2466122486044371,-0.13607725934392434,1.27456850166685,0.17829310415938893,-0.085007105108718,0.5172630075118753,0.060991715450321005,-0.20695028135816484,0.0564556019589868,0.06831914444504816,-0.05107015423520633
LVS,Individual equity,,2020-2022,756,0.7221816787309054,0.197260775822228,-0.2737456486308607,0.23319527868738668,0.02718763392108592,-0.2530874188359291,0.7646738082802322,0.17235793409559697,-0.2746571498677345,0.4889864000435188,0.1700731419011421,-0.020658229794931593
LVS,Individual equity,,2023-present,917,1.3323276148916536,0.33000935944192067,-0.14554277948210947,1.4627659110064641,0.25384353533918813,-0.12429180207114232,0.4805227146886658,0.07076905941486622,-0.19583443064166806,-0.1304382961148105,0.07616582410273254,-0.021250977410967153
LYB,Individual equity,,2016-2019,1006,1.0213541466546079,0.18015027486309365,-0.16282547004620174,0.774906487347468,0.0993028011666579,-0.13182056223645022,0.5229868810701026,0.05746658153532436,-0.11330522711804769,0.24644765930713985,0.08084747369643575,-0.031004907809751514
LYB,Individual equity,,2020-2022,756,0.562465831712597,0.13626637609734926,-0.2636224508480708,0.18315869763803988,0.017034915552721852,-0.26680250021214846,0.5207220637946939,0.10739682926702643,-0.33858504495181607,0.37930713407455713,0.11923146054462741,0.003180049364077675
LYB,Individual equity,,2023-present,917,1.5608496329950972,0.40901918958480876,-0.14186587073063694,1.0851913084419,0.17681807866768873,-0.10515623980088762,1.1172507782951575,0.1973126646558676,-0.1673470671844174,0.4756583245531971,0.23220111091712003,-0.036709630929749326
LYV,Individual equity,,2016-2019,1006,-0.035597667324024945,-0.01569148114441854,-0.20328553141243355,0.9841762262065026,0.10971220790618053,-0.14924774017777898,-1.2758016896513116,-0.11559998421805584,-0.3947555702619897,-1.0197738935305276,-0.12540368905059907,-0.054037791234654575
LYV,Individual equity,,2020-2022,756,0.7708271882173208,0.24750680239081424,-0.23911408074310125,0.8323717627786362,0.1720535939377712,-0.17680479869781862,0.38377335569929893,0.07421323646760203,-0.32818410947089505,-0.06154457456131546,0.07545320845304304,-0.06230928204528263
LYV,Individual equity,,2023-present,917,1.2258072034859562,0.2527892834858685,-0.21401149607060244,1.3304569592607973,0.20471623086526258,-0.1322385849623725,0.22000885863930686,0.02117026569181557,-0.18240848280058353,-0.10464975577484115,0.048073052620605905,-0.08177291110822993
MA,Individual equity,,2016-2019,1006,0.7931186631319226,0.10052462896227232,-0.22403619583841117,1.701400069731462,0.1847102911057248,-0.11896230936424579,-0.8891722516667505,-0.07359890691432014,-0.2636264440772029,-0.9082814065995394,-0.08418566214345247,-0.10507388647416538
MA,Individual equity,,2020-2022,756,0.48067836340192904,0.09794292616263656,-0.30117301665204865,0.7603456614700034,0.11529946496390853,-0.17073724305465454,0.04019275336028193,-0.015562222834773709,-0.3185470810604435,-0.27966729806807433,-0.01735653880127197,-0.1304357735973941
MA,Individual equity,,2023-present,917,0.6700288820232884,0.07858721837766769,-0.15937320169975533,1.4702219543406831,0.14244203082177664,-0.052480980121712206,-0.688945894728859,-0.059996379238485,-0.23373326643995673,-0.8001930723173948,-0.06385481244410895,-0.10689222157804312
MAA,Individual equity,,2016-2019,1006,0.646676495942203,0.07494121747458227,-0.11202440595892427,1.1437710420054215,0.10563855017686219,-0.07878439259731174,-0.1961462796387749,-0.02140014304968585,-0.12220116563196104,-0.49709454606321846,-0.030697332702279923,-0.03324001336161253
MAA,Individual equity,,2020-2022,756,0.8810808745107427,0.19427911562317357,-0.278887234906115,0.8385374532514285,0.11178025351183773,-0.16353691055432307,0.4897749398654415,0.07732059756200482,-0.2082548246504633,0.04254342125931421,0.08249886211133584,-0.11535032435179193
MAA,Individual equity,,2023-present,917,0.301273910374498,0.033808111935577534,-0.1646846396374131,-0.06810397315790687,-0.011348259231885094,-0.187682709360818,0.5021970430034793,0.04960910180088418,-0.10366622649975266,0.36937788353240486,0.04515637116746263,0.0229980697234049
MAR,Individual equity,,2016-2019,1006,1.2219616570050347,0.19839123647551737,-0.2208342394969589,1.9126618878336228,0.24523229870203034,-0.11971992664316444,-0.13764904457145144,-0.021272176948689103,-0.15090210136578064,-0.6907002308285881,-0.046841062226512964,-0.10111431285379446
MAR,Individual equity,,2020-2022,756,0.21456984862616102,0.021233008568465994,-0.41931189776650735,-0.052684714302269786,-0.027470560792953513,-0.28580441116805977,0.18197792547235075,0.016530531949497718,-0.45845135977219054,0.2672545629284308,0.04870356936141951,-0.13350748659844758
MAR,Individual equity,,2023-present,917,1.2797386586220079,0.24535211773255328,-0.11432341354623188,1.2746719491617289,0.19657611783121642,-0.11081229208515753,0.47135836761925043,0.04757902999561425,-0.11555225220216547,0.005066709460278984,0.04877599990133685,-0.0035111214610743513
MAS,Individual equity,,2016-2019,1006,1.0887504031231996,0.1706058519744147,-0.1483031356917116,1.250136944693727,0.15152950510146335,-0.14737957438768423,0.03264535439466405,-0.0019500605372538837,-0.14726154768903377,-0.16138654157052734,0.019076346872951344,-0.000923561304027376
MAS,Individual equity,,2020-2022,756,0.37233388487734953,0.06367393815589173,-0.2975407622051637,0.6786569866814297,0.08935249591856675,-0.11642074137108627,-0.015273504943958849,-0.024789647640180434,-0.3141966317934384,-0.3063231018040802,-0.025678557762675025,-0.1811200208340774
MAS,Individual equity,,2023-present,917,0.7229130985026977,0.1386012635974767,-0.18971345653920602,0.671111327970974,0.09531306390257255,-0.22188034761650133,0.3422885683552685,0.03978486562433514,-0.14751727303030282,0.051801770531723745,0.04328819969490416,0.03216689107729531
MBB,Bond ETF,,2016-2019,1006,1.021865815159162,0.013941065157391686,-0.01566521819810418,0.8638627204491404,0.009568147956872775,-0.0129406344249412,0.5472928290773817,0.004331473025737331,-0.009627020311396839,0.1580030947100216,0.004372917200518911,-0.0027245837731629807
MBB,Bond ETF,,2020-2022,756,0.9020778468214468,0.024526696286665484,-0.023836889656274618,0.673311180414764,0.0039342366558483555,-0.010940191003937394,0.7752212751751512,0.020511761506821324,-0.023836889656274618,0.22876666640668275,0.020592459630817128,-0.012896698652337224
MBB,Bond ETF,,2023-present,917,-0.02120777845638078,-0.0010014294998701434,-0.0362135754107773,0.3821767407890439,0.007241453611835702,-0.02081432414191764,-0.3874601339387336,-0.008183621794106699,-0.0367938626644112,-0.4033845192454247,-0.008242883111705845,-0.01539925126885966
MCD,Individual equity,,2016-2019,1006,0.7882582672170008,0.07945174667978128,-0.15141688156830901,1.073628734920617,0.08360088435948843,-0.1014367038287608,-0.1615685032649517,-0.01442552154451937,-0.17686560919860295,-0.2853704677036163,-0.004149137679707149,-0.049980177739548215
MCD,Individual equity,,2020-2022,756,1.177137102668362,0.21581107852336578,-0.11768557215246978,0.9799889058141735,0.10090619529870848,-0.09004900461780174,0.699080599647233,0.09686385090396787,-0.12084339001029898,0.19714819685418838,0.1149048832246573,-0.027636567534668033
MCD,Individual equity,,2023-present,917,0.9267331837523655,0.1015574880532506,-0.10445253372353958,1.114777488080792,0.08330644101788498,-0.07561030233425226,0.27722443834946,0.01971395483497984,-0.10445253372353946,-0.18804430432842645,0.01825104703536562,-0.02884223138928732
MCHP,Individual equity,,2016-2019,1006,1.147731608849357,0.24247702166733198,-0.1690039420413666,1.671785973995253,0.2719973155040052,-0.10021435786874655,0.06968326381315583,-0.0007369008072489747,-0.17832949852252733,-0.524054365145896,-0.029520293836673206,-0.06878958417262004
MCHP,Individual equity,,2020-2022,756,0.24335230739804,0.02362472444083763,-0.3519080328784773,0.7089593056932368,0.14569560671173587,-0.21157988753673063,-0.24898178704796534,-0.10627642231392787,-0.45691076661220853,-0.4656069982951968,-0.12207088227089824,-0.14032814534174665
MCHP,Individual equity,,2023-present,917,1.443781788265611,0.5214763233289428,-0.22928596610689367,1.5020581775897033,0.3591537747756006,-0.10682916131034437,0.6506920243811096,0.1416507814963015,-0.20366582446827752,-0.05827638932409229,0.16232254855334216,-0.1224568047965493
MCK,Individual equity,,2016-2019,1006,0.7428513585972218,0.11645134188103823,-0.11103093657926122,0.7985803777483372,0.09616229397303222,-0.09405362372155468,0.37965557675021633,0.03750399017072592,-0.12544575124928803,-0.05572901915111539,0.020289047908006008,-0.01697731285770654
MCK,Individual equity,,2020-2022,756,0.24173441439903792,0.02846805387221707,-0.290476436158966,1.0857811355556606,0.17037176828840717,-0.1560662502998419,-1.0682344993460264,-0.12969478338085738,-0.3486581161269916,-0.8440467211566227,-0.1419037144161901,-0.13441018585912412
MCK,Individual equity,,2023-present,917,1.0273316779915638,0.1540149124549548,-0.10416285591235486,0.926897860295104,0.10562922508131467,-0.10186460118059315,0.4914621980189901,0.043763032195609286,-0.10403052729208628,0.10043381769645976,0.04838568737364013,-0.0022982547317617064
MCO,Individual equity,,2016-2019,1006,0.9377973173295548,0.13050788251535872,-0.1629756318134401,1.4809353315285045,0.18118815021858792,-0.1051968152544771,-0.28776514265445347,-0.02764293017734043,-0.16489010973640406,-0.5431380141989497,-0.0506802677032292,-0.057778816558963
MCO,Individual equity,,2020-2022,756,0.8218182635814283,0.21899098457930388,-0.19589640877968095,1.4067355185724597,0.2741597347964684,-0.09309790776095672,0.005308856753222962,-0.026226023353188577,-0.30027580739372906,-0.5849172549910314,-0.0551687502171645,-0.10279850101872423
MCO,Individual equity,,2023-present,917,0.7543444303664647,0.10361918356152167,-0.14883450962937583,1.1997104274146848,0.13369521120334227,-0.10129429132372625,-0.34339000333024106,-0.03662472140326645,-0.2012554599994666,-0.4453659970482201,-0.030076027641820602,-0.047540218305649584
MDB,Individual equity,,2016-2019,553,1.2392785324177626,0.45605592141194706,-0.18108304640796236,1.6773096979905828,0.566147771285447,-0.12744843100991055,-0.19971114905153634,-0.057459034436940226,-0.2018088647588563,-0.4380311655728202,-0.11009184987349996,-0.05363461539805181
MDB,Individual equity,,2020-2022,756,1.1713835285566239,0.6333977818570262,-0.41084652110523145,1.2431567978937148,0.4402404063148426,-0.3577286329823075,0.5219029229170327,0.1384796607195966,-0.33534804898593207,-0.07177326933709094,0.1931573755421836,-0.05311788812292395
MDB,Individual equity,,2023-present,917,0.7345127235558042,0.24626146832547113,-0.3133867207688976,0.7928380564222693,0.20467386232863372,-0.24053700747326323,0.2675120136129682,0.037291791442812805,-0.33515515601805645,-0.05832533286646513,0.04158760599683742,-0.07284971329563439
MDLZ,Individual equity,,2016-2019,1006,-0.2821800993929631,-0.04086664217210145,-0.3782680152894097,0.18597593532459922,0.012923955348584037,-0.18773491339560855,-0.653448736396316,-0.05814202584010586,-0.2963261287351011,-0.46815603471756234,-0.05379059752068549,-0.19053310189380113
MDLZ,Individual equity,,2020-2022,756,0.19229596232140003,0.01849131086615019,-0.27314797274443736,0.4283822485792898,0.038678783158954344,-0.1776474201153012,-0.19621318180742314,-0.04218964109810164,-0.2772477074930555,-0.23608628625788977,-0.020187472292804154,-0.09550055262913615
MDLZ,Individual equity,,2023-present,917,0.7835358462213641,0.11009278791026311,-0.15172142742083072,0.6826296059482326,0.06270398525637089,-0.0970282112845543,0.5629185160833775,0.059420520976027236,-0.12064953992897542,0.10090624027313144,0.047388802653892226,-0.054693216136276424
MDT,Individual equity,,2016-2019,1006,1.0318615072561594,0.13018169807066426,-0.13705945236715977,1.3845647567296893,0.1234558891118811,-0.06866933864648239,0.08742167535304558,0.003886957826942705,-0.13055795543823479,-0.3527032494735298,0.006725808958783164,-0.06839011372067738
MDT,Individual equity,,2020-2022,756,0.33816704358603356,0.05237830194572646,-0.3005915208681099,0.10300469737499851,0.004934105228565411,-0.15232198399633623,0.23540633759651136,0.027253206977670752,-0.2651300933084251,0.23516234621103504,0.04744419671716105,-0.1482695368717737
MDT,Individual equity,,2023-present,917,1.496463105131137,0.2302427220819303,-0.10561029403414868,1.12270590545848,0.11821764489471298,-0.061745868783362856,0.9574896814880364,0.10537529272017632,-0.09477790368005634,0.37375719967265697,0.11202507718721733,-0.04386442525078582
MDY,Broad index ETF,,2016-2019,1006,1.317786964250507,0.1332534516279813,-0.060193237229430374,1.6272447859246228,0.12339429185376183,-0.046498508065496824,0.1358060395585261,0.006916788571680543,-0.1280309679572197,-0.30945782167411595,0.009859159774219473,-0.01369472916393355
MDY,Broad index ETF,,2020-2022,756,0.709444513281555,0.1438190332900895,-0.17280122016672017,0.8396779441715766,0.11108223978146836,-0.08778420777409768,0.23071704795655348,0.025755206029803634,-0.22641312086243437,-0.1302334308900216,0.03273679350862113,-0.08501701239262249
MDY,Broad index ETF,,2023-present,917,1.0058275303088138,0.1284376652367749,-0.07533663939806978,1.2411649166292467,0.1275561378946226,-0.06027572141026538,0.016297873871136813,-0.001976259667955005,-0.10117420747229366,-0.23533738632043288,0.0008815273421522996,-0.0150609179878044
MELI,Individual equity,,2016-2019,1006,0.8178174308169917,0.21742927139747947,-0.35673329885060234,1.076448426637016,0.23162091418273034,-0.2736760184826089,0.08063532831701231,-0.00363612597416918,-0.23713622197711148,-0.25863099582002436,-0.014191642785250869,-0.08305728036799342
MELI,Individual equity,,2020-2022,756,0.7655169422523889,0.28999623370863836,-0.576143168238546,1.4688403205262681,0.48246358932173283,-0.22106538346984794,-0.11514900288447753,-0.11129508461788251,-0.5373358328235465,-0.7033233782738793,-0.19246735561309447,-0.3550777847686981
MELI,Individual equity,,2023-present,917,0.4486308799203575,0.08127456719722725,-0.29738736459935866,1.0583601702430983,0.17535324168579836,-0.27979281925090915,-0.1881133742011579,-0.04949558365104645,-0.25934486183844063,-0.6097292903227407,-0.0940786744885711,-0.01759454534844951
MET,Individual equity,,2016-2019,1006,0.3044543475520819,0.0331478641998777,-0.18915004175719607,0.5223445116333683,0.043724363840212055,-0.0995059784719905,-0.07970694746324239,-0.014942208739141205,-0.22678909014384085,-0.21789016408128636,-0.010576499640334358,-0.08964406328520558
MET,Individual equity,,2020-2022,756,0.635929058801679,0.1599589481459669,-0.3678939424360126,0.6572063901638182,0.11262743508759598,-0.17758984859283944,0.26935652343336886,0.0369424623779282,-0.3841560876852025,-0.021277331362139162,0.04733151305837091,-0.19030409384317315
MET,Individual equity,,2023-present,917,0.791216238063149,0.13273578689558319,-0.21289667910619892,1.3639640313513635,0.16713284706600184,-0.09616705905944711,-0.13775227580231095,-0.02716564062732829,-0.3055005259794955,-0.5727477932882145,-0.03439706017041866,-0.1167296200467518
META,Individual equity,Mega-cap 7,2016-2019,1006,0.9534968857976072,0.1532403456532092,-0.09539544499010977,1.3495807734183936,0.1678921483868261,-0.06537566383390336,-0.06883066535442912,-0.014003480303172111,-0.16545600055639986,-0.3960838876207864,-0.014651802733616881,-0.030019781156206404
META,Individual equity,Mega-cap 7,2020-2022,756,0.9028788390042657,0.3010670822412773,-0.25849797110044326,0.5820771218652159,0.10199134583660685,-0.23574322337664932,0.6524589115160091,0.16596998704809307,-0.24745927469463147,0.3208017171390498,0.19907573640467047,-0.022754747723793933
META,Individual equity,Mega-cap 7,2023-present,917,1.4302529916728586,0.4690344806041593,-0.2064389748550598,1.5796426490401787,0.4552889858425817,-0.129702309477434,0.18481845055529286,0.016914305680145958,-0.18603556808784238,-0.14938965736732013,0.013745494761577604,-0.0767366653776258
MGM,Individual equity,,2016-2019,1006,0.5835930699122804,0.09591499729739117,-0.1750334079247705,1.4164584761780699,0.19034019296851734,-0.0800349119702044,-0.5715165948144137,-0.08415811042638055,-0.2959799511464689,-0.8328654062657894,-0.09442519567112617,-0.09499849595456611
MGM,Individual equity,,2020-2022,756,0.6032922968089818,0.1952626889224065,-0.4354349934813425,0.4527954486783782,0.09094182146491048,-0.2301129033392989,0.3591493477180853,0.07009267152606857,-0.6027284573480884,0.1504968481306036,0.10432086745749602,-0.2053220901420436
MGM,Individual equity,,2023-present,917,0.887700540615453,0.2013728280430327,-0.1841997085995144,0.6092335308167262,0.09057310689111953,-0.1435491717637304,0.6574642048416043,0.10791682247751821,-0.15286986825615312,0.27846700979872685,0.11079972115191317,-0.04065053683578401
MKC,Individual equity,,2016-2019,1006,0.8503350017779231,0.10434426178329725,-0.15238539028589704,1.2373181203248707,0.11598777443575159,-0.07209501327879786,-0.19284210494324602,-0.020282666082431455,-0.11363873513593492,-0.38698311854694756,-0.011643512652454335,-0.08029037700709918
MKC,Individual equity,,2020-2022,756,0.5711490606534477,0.09607741863698771,-0.1775074967021203,1.2273167964124259,0.15380430890645336,-0.101930829347744,-0.2562803614744428,-0.04872499513245565,-0.338381829390325,-0.6561677357589781,-0.05772689026946565,-0.07557666735437629
MKC,Individual equity,,2023-present,917,0.8440943900226171,0.151595644589003,-0.27366196016240085,0.45082705016987284,0.05059918560949961,-0.20306299808124806,0.8020718074758537,0.10759780600448954,-0.17149888450201467,0.39326733985274426,0.10099645897950338,-0.0705989620811528
MLM,Individual equity,,2016-2019,1006,1.2395411420656248,0.22243195438177388,-0.16283682134250899,1.3799965950739195,0.20363268270671142,-0.1419940259285789,0.15271563906498636,0.010489480335186485,-0.15343511103524732,-0.14045545300829465,0.018799271675062457,-0.020842795413930082
MLM,Individual equity,,2020-2022,756,0.6026210958474763,0.13774976215491175,-0.37358555045183317,0.42170290179082914,0.06281248357343161,-0.23030377711479566,0.31588145791965744,0.045658514993050625,-0.2515224274850959,0.1809181940566471,0.07493727858148014,-0.1432817733370375
MLM,Individual equity,,2023-present,917,0.8546864169086466,0.14785006213467522,-0.20154369431844454,1.3927644034582645,0.20033238805266285,-0.1101987490477283,-0.3010169263098332,-0.04082477599460432,-0.20840588597351606,-0.5380779865496179,-0.05248232591798763,-0.09134494527071624
MMM,Individual equity,,2016-2019,1006,0.7876658844690129,0.10001533765164172,-0.11956289499050698,1.0174951441764575,0.08928862847542107,-0.08305304654669654,0.16120096807726772,0.011233275905515594,-0.1286396386214691,-0.2298292597074446,0.01072670917622065,-0.036509848443810444
MMM,Individual equity,,2020-2022,756,0.4421722482566842,0.07224948524258168,-0.29637597609616295,-0.1676475560268548,-0.021650969201175152,-0.2095247135432835,0.484576211949055,0.0742129699260019,-0.244326734519558,0.609819804283539,0.09390045444375683,-0.08685126255287945
MMM,Individual equity,,2023-present,917,0.6381447235339399,0.09889043487765936,-0.27566455207997587,0.918568248090473,0.11258077927595567,-0.16648737828284688,0.051169798919643926,-0.00139044333653493,-0.16988738230651212,-0.2804235245565331,-0.013690344398296306,-0.10917717379712899
MNST,Individual equity,,2016-2019,1006,0.8915283502384084,0.13916187029411398,-0.20095270086364803,1.1065438256961717,0.14010274241532028,-0.13211643151888197,0.2334362525723967,0.01973989655537034,-0.20698134921129774,-0.21501547545776334,-0.0009408721212063043,-0.06883626934476605
MNST,Individual equity,,2020-2022,756,0.5944160671692138,0.1123629549150491,-0.21316779798544294,1.0636768133340757,0.16053240235207822,-0.11278188925901145,-0.2778738310541521,-0.05761294976300191,-0.22696308500090112,-0.4692607461648619,-0.04816944743702911,-0.1003859087264315
MNST,Individual equity,,2023-present,917,1.0385436146903901,0.1719437005933533,-0.1556328997984232,0.9943985247925458,0.13706661902753803,-0.09742542068329574,0.4116620294222148,0.03519839951595838,-0.14530154700218745,0.04414508989784438,0.03487708156581526,-0.05820747911512747
MO,Individual equity,,2016-2019,1006,1.195254747999417,0.16388298671796298,-0.13628805772762909,1.223000446287542,0.1083152494537507,-0.09291783110393537,0.5274568434860952,0.05013712234998047,-0.16638288560164416,-0.027745698288124787,0.05556773726421227,-0.04337022662369372
MO,Individual equity,,2020-2022,756,0.305724499490739,0.041287116816712155,-0.26148980903994157,0.6802591624449625,0.07889604911903692,-0.10350134667179689,-0.05699767033343412,-0.020023482599876852,-0.22259721265149113,-0.37453466295422355,-0.03760893230232476,-0.15798846236814468
MO,Individual equity,,2023-present,917,0.6530552094877877,0.07332485542075151,-0.11087726752712923,1.3822314856321722,0.12639347386048905,-0.09321465399331974,-0.40955637398930683,-0.037533456391315334,-0.15697218626528409,-0.7291762761443845,-0.053068618439737536,-0.01766261353380949
MOAT,Factor/style ETF,,2016-2019,924,1.5588635178938632,0.1339219798087723,-0.05156453070123235,2.660370333464457,0.1569776036288606,-0.024294052200079408,-0.2425746510693427,-0.016703721048592857,-0.08637680928996128,-1.1015068155705936,-0.0230556238200883,-0.02727047850115294
MOAT,Factor/style ETF,,2020-2022,756,0.7418712146129024,0.10544756539087041,-0.09599550398588608,0.9341749213535373,0.10199110048249094,-0.0902315580911276,0.12717676648747997,0.007819610976224523,-0.09610090409485772,-0.1923037067406349,0.003456464908379475,-0.005763945894758482
MOAT,Factor/style ETF,,2023-present,917,0.9566201408548644,0.10825762277223894,-0.11704952031570415,1.0746589045703616,0.09661958844602792,-0.07975605269574448,0.1939202204204587,0.011525479196482946,-0.10081339402257761,-0.11803876371549726,0.011638034326211022,-0.037293467619959664
MOS,Individual equity,,2016-2019,1006,0.7404154518480603,0.16148460106086993,-0.2664668630799494,0.3692255725101925,0.05034201742851807,-0.2286527430092724,0.7765778926598863,0.13071743328906527,-0.15547782704468804,0.37118987933786785,0.11114258363235185,-0.03781412007067697
MOS,Individual equity,,2020-2022,756,1.4055551810119955,0.647121495452837,-0.3677229413133134,1.2592832548766826,0.38652920258172374,-0.25301105016768044,0.5705571390749081,0.13715141241330064,-0.40975852552414715,0.14627192613531292,0.2605922928711133,-0.11471189114563296
MOS,Individual equity,,2023-present,917,0.26161813155776714,0.034609027057711295,-0.3717105335598897,0.21511151906210538,0.021440142258883688,-0.26363597986064546,0.10930738642373031,0.0030691872551869004,-0.24097885521819984,0.046506612495661764,0.013168884798827607,-0.10807455369924424
MPC,Individual equity,,2016-2019,1006,1.5755529872609495,0.39984754438541303,-0.14623407704202707,1.3996260307331228,0.25210127435747065,-0.11784895022242858,0.7704503359044897,0.1161352111450733,-0.14154782104797092,0.17592695652782675,0.14774627002794238,-0.028385126819598483
MPC,Individual equity,,2020-2022,756,1.4163494728079897,0.7155948824753084,-0.3729329973575525,1.492681973538904,0.48634612536415656,-0.1761436726229142,0.6006601541702731,0.16110326916869688,-0.43628693389266937,-0.07633250073091435,0.2292487571111519,-0.19678932473463828
MPC,Individual equity,,2023-present,917,1.2615935308460773,0.28352237081376175,-0.2075763526298683,1.5351575238151454,0.2745556268929805,-0.16486270830318317,0.1383442479433179,0.009586983980329311,-0.16009162943583755,-0.2735639929690681,0.008966743920781228,-0.04271364432668512
MPWR,Individual equity,,2016-2019,1006,0.898736544412845,0.16271347760287602,-0.11369468254089299,1.126429403556863,0.16132120105908787,-0.08529117665927033,0.3007896771610992,0.031109989161288487,-0.12848271074418804,-0.22769285914401793,0.0013922765437881512,-0.02840350588162266
MPWR,Individual equity,,2020-2022,756,0.4368462386543601,0.09568604225855104,-0.5250079457064782,1.0676608725899588,0.2483135892033188,-0.28304309404336225,-0.22751965205374056,-0.09390733246907679,-0.3914850299799195,-0.6308146339355987,-0.15262754694476777,-0.241964851663116
MPWR,Individual equity,,2023-present,917,0.9237827248300227,0.2991667013316681,-0.2553479594208313,1.0385618905433323,0.2679567227821391,-0.22257103172910797,0.20516734460906808,0.020921061874949576,-0.31558621360467254,-0.1147791657133096,0.031209978549529005,-0.032776927691723357
MRK,Individual equity,,2016-2019,1006,0.6497795678368758,0.06962233016685015,-0.13234430469797787,1.0215533924434,0.09931554574935508,-0.12934395208305316,-0.6757862195153596,-0.04420854393675655,-0.1722818642710776,-0.3717738246065241,-0.029693215582504928,-0.003000352614924706
MRK,Individual equity,,2020-2022,756,0.17324351256088066,0.014931560553351764,-0.2693255610887766,0.1074258873576288,0.0057563323567195734,-0.2059454669478752,-0.21143439363136965,-0.033610648240332774,-0.2013853898456881,0.06581762520325186,0.00917522819663219,-0.0633800941409014
MRK,Individual equity,,2023-present,917,0.17619772865632807,0.01583673073951619,-0.2416725590638128,0.48093665526746526,0.058863048891657055,-0.16068844485917944,-0.2753640222472717,-0.032509054860712316,-0.20833140652407922,-0.3047389266111372,-0.04302631815214086,-0.08098411420463336
MRNA,Individual equity,,2016-2019,268,1.7390716444705978,0.8405199728539527,-0.21739678660377204,1.6367876981605733,0.5949649111352269,-0.12008854454897622,1.0771520912443222,0.28890981749304956,-0.14028814530141975,0.10228394631002447,0.24555506171872588,-0.09730824205479582
MRNA,Individual equity,,2020-2022,756,1.0307308084755569,0.5169682128923829,-0.36159046311588716,1.253156562137942,0.5243520053755883,-0.3182497922679177,0.21039341863108219,0.008914152047345025,-0.5033016799350865,-0.22242575366238504,-0.00738379248320542,-0.04334067084796944
MRNA,Individual equity,,2023-present,917,1.4470236526148326,0.6863393376073403,-0.4482853157645007,1.0974142903885646,0.2649289432061326,-0.1778622693177202,1.0051890821550027,0.3365498621556111,-0.5150804577504925,0.34960936222626793,0.42141039440120776,-0.2704230464467805
MRSH,Individual equity,,2016-2019,1006,0.6413049070449808,0.059681229861252794,-0.18310251626198215,1.2827381640712445,0.10045708901278583,-0.0723341127530065,-0.36027340184672596,-0.025097840849706343,-0.18483102239463223,-0.6414332570262637,-0.040775859151533034,-0.11076840350897565
MRSH,Individual equity,,2020-2022,756,1.1715813699577335,0.23353468899652619,-0.1941450338887154,1.5430597197948148,0.17052240995795054,-0.09408605486308841,0.40047081447427474,0.05383261226142522,-0.16150689385992179,-0.3714783498370813,0.06301227903857565,-0.10005897902562699
MRSH,Individual equity,,2023-present,917,-0.029122180393134977,-0.01081822716335712,-0.19036631295866013,0.5565519035845422,0.04600014002663566,-0.10062967308056103,-0.5879452662054093,-0.05463210584202294,-0.21923200737134385,-0.5856740839776772,-0.05681836718999278,-0.0897366398780991
MRVL,Individual equity,,2016-2019,1006,0.15982150706588824,0.012050017145200043,-0.2294347913833218,0.5407220621822115,0.07127796265007436,-0.13082108713331986,-0.5288283709032379,-0.07982607050907375,-0.3219600853068437,-0.38090055511632326,-0.05922794550487431,-0.09861370425000193
MRVL,Individual equity,,2020-2022,756,0.6920039762254205,0.20729570027217137,-0.3429321993225698,1.0095095619216237,0.23298938622368204,-0.14866467790371118,0.131176220108405,-0.004457727524762256,-0.32430328044099677,-0.31750558569620313,-0.02569368595151067,-0.1942675214188586
MRVL,Individual equity,,2023-present,917,0.9716877797506824,0.4137190778800113,-0.3362962075086474,1.4822208199628835,0.5727138033383228,-0.13700649376518836,-0.25361941036464536,-0.12124253755511738,-0.43582204526302604,-0.510533040212201,-0.1589947254583115,-0.19928971374345905
MS,Individual equity,,2016-2019,1006,0.8128526243763309,0.12979940978330307,-0.13675176858346771,0.9912168478118382,0.12864981129408637,-0.11773896437104436,-0.14033443504323362,-0.020566577624787086,-0.18137176853566606,-0.17836422343550729,0.0011495984892166966,-0.01901280421242335
MS,Individual equity,,2020-2022,756,1.0481322096955432,0.2807275064852124,-0.3474410444581001,1.4406120033737486,0.2919136016268664,-0.13912674768556066,-0.03610120639614652,-0.024964056117892208,-0.44455151730053977,-0.3924797936782054,-0.011186095141654029,-0.20831429677253943
MS,Individual equity,,2023-present,917,1.4350905240314977,0.3154484040300416,-0.10849641967901136,1.6944365371226873,0.2804139451788097,-0.12353865259843777,0.29559553786074483,0.03216316756540816,-0.13312060586235852,-0.25934601309118954,0.03503445885123191,0.015042232919426413
MSCI,Individual equity,,2016-2019,1006,1.2500367814116815,0.19542757500727004,-0.13783164578098628,1.6221839312737938,0.2116459484369866,-0.07040941125283406,-0.19722441208789995,-0.021482508729222638,-0.139160099794993,-0.3721471498621123,-0.01621837342971655,-0.06742223452815221
MSCI,Individual equity,,2020-2022,756,1.0036488197079463,0.2587055450197586,-0.2112148160487034,1.5527570598676899,0.31263293853914087,-0.13426390031702662,-0.07472672894351867,-0.031224919981192145,-0.27017093668446646,-0.5491082401597436,-0.05392739351938225,-0.07695091573167678
MSCI,Individual equity,,2023-present,917,-0.33119167621313517,-0.06842718962045635,-0.30230279255673154,0.017014799001630776,-0.004008329587489312,-0.14201922320252236,-0.46777057946633593,-0.06793558965928104,-0.2864567041142436,-0.34820647521476594,-0.06441886003296704,-0.16028356935420918
MSFT,Individual equity,Mega-cap 7,2016-2019,1006,0.7564445534358645,0.09532016926401576,-0.19691672023469886,1.429317455911763,0.16337167713278622,-0.14170265646822044,-0.9305189170467172,-0.0744359644849153,-0.2929365987619773,-0.6728729024758985,-0.06805150786877046,-0.055214063766478416
MSFT,Individual equity,Mega-cap 7,2020-2022,756,0.7179967979161019,0.15340398442031167,-0.19559794372499573,1.1406727810363533,0.19167110047468228,-0.19806845886515878,-0.19659086877259857,-0.048157163220057364,-0.24443922233572135,-0.42267598312025134,-0.03826711605437061,0.0024705151401630543
MSFT,Individual equity,Mega-cap 7,2023-present,917,1.7879157681703817,0.4024664368087938,-0.1397878667493372,1.6987681840479223,0.30262266452232756,-0.10118559122355653,0.7181544004967878,0.0803300347338547,-0.10461660100579007,0.08914758412245938,0.09984377228646624,-0.03860227552578066
MSI,Individual equity,,2016-2019,1006,0.5459854753289743,0.06947309123362011,-0.15266548176852135,1.026562919756754,0.11846234944204115,-0.10183639100728803,-0.23710072466498566,-0.02344342534036603,-0.1859717001840504,-0.4805774444277797,-0.04898925820842104,-0.05082909076123332
MSI,Individual equity,,2020-2022,756,0.7684864832761609,0.16494347372494578,-0.25563013005638435,0.9644954306956028,0.15895508341940823,-0.155956646614139,0.046515017588850974,-0.00594815951600991,-0.1853476533523235,-0.19600894741944197,0.00598839030553755,-0.09967348344224536
MSI,Individual equity,,2023-present,917,0.9644219584232502,0.1350962924098693,-0.1152358362172935,1.2527306715066762,0.14204517251518056,-0.09459699127518728,0.021103939976569838,-0.0022764586285810573,-0.13053023170299527,-0.288308713083426,-0.00694888010531125,-0.020638844942106216
MSTR,Individual equity,,2016-2019,1006,0.2630545912331978,0.027572258999284394,-0.15220465434033503,-0.09827730278981045,-0.01645737312580775,-0.18745755100662942,0.46374991571068075,0.04005632946200999,-0.08781820817515207,0.36133189402300825,0.044029632125092144,0.03525289666629439
MSTR,Individual equity,,2020-2022,756,0.7407195467862313,0.30788150137769743,-0.5219188620022672,1.036941142909874,0.3605670071652387,-0.3944444912919388,0.22139361903176358,-0.007642517905674939,-0.5369109910184441,-0.29622159612364274,-0.052685505787541276,-0.1274743707103284
MSTR,Individual equity,,2023-present,917,1.1327544465896136,0.6880753392268528,-0.47771433171266475,1.5663994264483487,0.8579767426412048,-0.34771276903634407,0.057103058974191656,-0.08151108170692156,-0.6629989056697265,-0.4336449798587352,-0.169901403414352,-0.13000156267632068
MTB,Individual equity,,2016-2019,1006,1.2321334231420151,0.18661095059700528,-0.09459025170504409,1.1605929425928647,0.12178482584566508,-0.06670922061633655,0.6633233084072763,0.06698005659394068,-0.07319544426365399,0.07154048054915041,0.0648261247513402,-0.027881031088707542
MTB,Individual equity,,2020-2022,756,0.11218756533769625,-0.015106360355509274,-0.5252122363824367,0.06164088116187201,-0.005455803741417409,-0.38238645300607765,0.18188810697051463,0.01331695283741019,-0.37027173272848246,0.05054668417582424,-0.009650556614091865,-0.1428257833763591
MTB,Individual equity,,2023-present,917,0.9711704939209088,0.1898106190282014,-0.2552838310569365,1.2664803211796096,0.20721768463885915,-0.11046760226199615,0.17959976258414218,0.01490876186727097,-0.22976974039963394,-0.2953098272587008,-0.017407065610657746,-0.14481622879494038
MTD,Individual equity,,2016-2019,1006,1.632598701585704,0.29061165389886123,-0.12071431312556102,1.8509976449471675,0.25213215455073335,-0.10819211227145342,0.259278131430453,0.022611047029171383,-0.14368721043605548,-0.21839894336146348,0.03847949934812789,-0.012522200854107601
MTD,Individual equity,,2020-2022,756,1.206845543444301,0.2576516306068448,-0.231042617399558,1.9917479519845718,0.33577636422621415,-0.07237319938673803,-0.314168079526761,-0.053611899487490344,-0.2722622191636813,-0.7849024085402707,-0.07812473361936934,-0.15866941801281997
MTD,Individual equity,,2023-present,917,0.8453504746420619,0.16863583345627253,-0.12072929547463862,0.35498927292957655,0.04201705074294737,-0.1341510596535419,0.8930338761619173,0.13501100415831613,-0.11578847157227878,0.4903612017124854,0.12661878271332516,0.013421764178903284
MTSI,Individual equity,,2016-2019,1006,0.640441705320668,0.18465134424421836,-0.2794181815319573,0.834481141894869,0.15990377995935035,-0.1325495569854408,0.2102477775759691,0.02133587691707972,-0.27734832727486414,-0.19403943657420097,0.024747564284868018,-0.1468686245465165
MTSI,Individual equity,,2020-2022,756,0.731560046412225,0.23312993091691347,-0.27591696675092914,1.3093294147807857,0.37715898252233027,-0.15051216590952976,-0.21044914845257132,-0.09825182246831288,-0.38070493469462885,-0.5777693683685606,-0.1440290516054168,-0.12540480084139938
MTSI,Individual equity,,2023-present,917,0.9763149945103561,0.267331391922907,-0.2357086876971961,1.1705742529114374,0.2586936005978373,-0.1662442696802372,0.037247027587896206,-0.010205624512284794,-0.3376891095379353,-0.19425925840108127,0.0086377913250697,-0.0694644180169589
MTUM,Factor/style ETF,,2016-2019,1006,1.2300070076604883,0.11723373847229879,-0.08573090141758732,2.1368549699774584,0.1373464492681007,-0.03884318338870907,-0.3036857149617984,-0.023961851687284375,-0.12006542197288217,-0.9068479623169701,-0.020112710795801902,-0.046887718028878256
MTUM,Factor/style ETF,,2020-2022,756,0.9637984667095684,0.1867552547338791,-0.1438496588287136,0.9898170752140226,0.10071433043531575,-0.0969044479760991,0.5280092743986677,0.07816826030104962,-0.1440957596244321,-0.026018608504454255,0.08604092429856336,-0.046945210852614494
MTUM,Factor/style ETF,,2023-present,917,0.7333303610256657,0.10088976380861059,-0.13060556715961125,1.2074992346050062,0.13703778451974125,-0.11647327487081283,-0.3465764143313694,-0.036897060222772504,-0.18366890777620115,-0.47416887357934046,-0.03614802071113066,-0.01413229228879842
MU,Individual equity,,2016-2019,1006,1.1807576756871627,0.3437343794331562,-0.2590498070920422,1.6657719725182019,0.4001256900218406,-0.19109387095162556,-0.08143173140991446,-0.031739886764637126,-0.3341904804993888,-0.48501429683103914,-0.05639131058868441,-0.06795593614041662
MU,Individual equity,,2020-2022,756,0.11603998034957515,-0.017451602508676833,-0.44097288899528464,0.3238732668185583,0.04725533293470496,-0.2751242227606091,-0.06204096640961586,-0.050373482402810366,-0.33613113486008406,-0.2078332864689832,-0.0647069354433818,-0.16584866623467553
MU,Individual equity,,2023-present,917,1.3020821094760966,0.5187742759126381,-0.3345320700268227,1.963139287389181,0.7368335171624794,-0.18875854364725242,-0.5989485085152234,-0.14624143765241326,-0.47948737700394684,-0.6610571779130845,-0.21805924124984122,-0.1457735263795703
MUB,Bond ETF,,2016-2019,1006,1.8567224195941445,0.022968794921366165,-0.02081748182853682,2.359349191351955,0.024177292946717444,-0.0059607560411284455,-0.1680517751483882,-0.0011799695557340728,-0.019147575422387653,-0.5026267717578106,-0.001208498025351279,-0.014856725787408376
MUB,Bond ETF,,2020-2022,756,1.4744234629510728,0.028721633117162693,-0.015485524126682138,1.3287718625825697,0.009011889516178373,-0.005236557383167084,1.0750904145441547,0.019533707982802184,-0.015485524126682249,0.1456516003685031,0.01970974360098432,-0.010248966743515053
MUB,Bond ETF,,2023-present,917,0.909257719214949,0.016540259665009938,-0.022683882974552483,0.7567984978004293,0.011292933402400562,-0.01831140921412011,0.5031428248397098,0.005188730277146725,-0.00970071544617468,0.15245922141451973,0.005247326262609375,-0.004372473760432372
NBIS,Individual equity,,2016-2019,1006,0.4252098820848061,0.08119745890611152,-0.298174198155029,1.1430449778736906,0.24432029679457656,-0.17038021379199386,-0.619974162363509,-0.10396235655509511,-0.364657459063519,-0.7178350957888846,-0.16312283788846504,-0.12779398436303513
NBIS,Individual equity,,2020-2022,756,1.5480121813757688,0.6361423901939476,-0.2357026287650703,1.2905959127886102,0.2184820516175774,-0.13088674619512497,0.9425580015325248,0.2910811750783897,-0.3527719263512009,0.2574162685871586,0.4176603385763702,-0.10481588256994534
NBIS,Individual equity,,2023-present,874,0.32752146564496,0.028831364113300673,-0.5434061443820474,0.8352188425593217,0.2653131799915196,-0.27377619190272295,-0.2917397485489836,-0.18689587654481266,-0.6081658471499249,-0.5076973769143617,-0.23648181587821893,-0.2696299524793244
NCLH,Individual equity,,2016-2019,1006,1.0485939737551682,0.2081811318582718,-0.157276659447792,0.9830523621270943,0.13207194298142078,-0.13303049074390538,0.38298845884314764,0.047492270198665754,-0.24552908106798177,0.06554161162807381,0.07610918887685103,-0.024246168703886628
NCLH,Individual equity,,2020-2022,756,1.0133211341152502,0.5344789000502115,-0.5908633122368668,0.5060921616218615,0.12201253175343263,-0.3296313447052406,0.897105949270919,0.3779018626640891,-0.628956288211551,0.5072289724933886,0.41246636829677885,-0.26123196753162625
NCLH,Individual equity,,2023-present,917,1.3020732843964897,0.4773323623892247,-0.24434583769504947,1.159531597244316,0.2579194957263953,-0.23768138405604067,0.7578622291580549,0.18447686403594932,-0.24713753756996282,0.14254168715217364,0.21941286666282944,-0.006664453639008805
NDAQ,Individual equity,,2016-2019,1006,0.5775534065795638,0.057557790849051216,-0.11692133092646362,1.005960232411193,0.08432277221454187,-0.07450470261871323,-0.18130723111852973,-0.015136321495222926,-0.154939576471675,-0.42840682583162915,-0.02676498136549066,-0.04241662830775039
NDAQ,Individual equity,,2020-2022,756,1.3018500474669155,0.33313664917621955,-0.17634470442388972,1.6171168770078896,0.2524772405656712,-0.06649351420625937,0.44972279857034836,0.07128465739281875,-0.18741035316592036,-0.3152668295409742,0.08065940861054832,-0.10985119021763035
NDAQ,Individual equity,,2023-present,917,0.4390839689072533,0.05583992889056777,-0.1905752005937893,0.96334061587576,0.09853007587992568,-0.07293086575885932,-0.24966683083736643,-0.032888870920099844,-0.19229714184496105,-0.5242566469685067,-0.04269014698935791,-0.11764433483492998
NDSN,Individual equity,,2016-2019,1006,0.8848340332210741,0.1266698318877828,-0.13077718635156577,1.3443474316140192,0.16460190924840434,-0.07308456670923669,-0.40794870594297883,-0.04100308515099649,-0.21585982589938413,-0.459513398392945,-0.03793207736062154,-0.05769261964232908
NDSN,Individual equity,,2020-2022,756,0.9737523757767389,0.2573722475523761,-0.20657998872195937,1.5012080382669728,0.2214098288518025,-0.08351850448670473,0.27713290529740187,0.03805430742045934,-0.26540328140914915,-0.5274556624902339,0.035962418700573595,-0.12306148423525465
NDSN,Individual equity,,2023-present,917,0.6793494082450352,0.09373318467262282,-0.12993201122114295,0.40280884817615614,0.038124148817801684,-0.14859910262021547,0.5172047362950577,0.05211964365583732,-0.11739837498178973,0.27654056006887906,0.05560903585482113,0.018667091399072522
NEE,Individual equity,,2016-2019,1006,0.265215950566189,0.022612394749354392,-0.20095736403033437,0.696384948986451,0.06345732139619908,-0.1198386634729417,-1.127903945353975,-0.05715674774365764,-0.20939264517790002,-0.43116899842026196,-0.04084492664684469,-0.08111870055739268
NEE,Individual equity,,2020-2022,756,1.091037673859659,0.2644796561820191,-0.2527525214429952,1.1179755246482044,0.156750797744579,-0.10120878440979197,0.6598978872939112,0.1183975839829825,-0.2399791157523128,-0.02693785078854538,0.10772885843744007,-0.15154373703320323
NEE,Individual equity,,2023-present,917,0.41737580195123586,0.05761377212747765,-0.1583202695071929,0.7259274055752754,0.08635306956809363,-0.10917284441314623,-0.24244756224718697,-0.034991425274407795,-0.22928492492914843,-0.3085516036240395,-0.028739297440615985,-0.04914742509404668
NEM,Individual equity,,2016-2019,1006,0.5270986225296495,0.09518141382905898,-0.32324528285371057,0.8918380844814054,0.1579212057298529,-0.126063295386998,-0.27860785396104687,-0.04156523361834075,-0.2557854234416299,-0.364739461951756,-0.06273979190079393,-0.19718198746671256
NEM,Individual equity,,2020-2022,756,1.1448648033421718,0.29695057002709735,-0.2065922269454301,1.0528340416952984,0.1868182790506101,-0.10550300187123696,0.6147216553187522,0.10179579109121217,-0.18377348041498032,0.0920307616468734,0.11013229097648725,-0.10108922507419316
NEM,Individual equity,,2023-present,917,1.782965191418451,0.5510342840002855,-0.1793782443922166,1.882139227448692,0.4333129239567739,-0.19346288538207213,0.49699647649544376,0.07482629142869746,-0.19456546662250396,-0.09917403603024111,0.11772136004351164,0.014084640989855512
NET,Individual equity,,2020-2022,756,1.1633501355257783,0.6416222193037646,-0.3744735039153514,1.6353201142623546,0.6468297298916217,-0.21393653434076976,0.22333665173212924,-0.0031621426874531844,-0.4601271769475159,-0.4719699787365763,-0.005207510587857067,-0.16053696957458163
NET,Individual equity,,2023-present,917,0.2522997559413029,0.029971934412639012,-0.4013435413453955,0.7499386631618633,0.17544891778686478,-0.25425851805485844,-0.523740227663712,-0.12376291404319772,-0.39509315559141867,-0.4976389072205604,-0.14547698337422577,-0.14708502329053708
NFLX,Individual equity,,2016-2019,1006,0.3498011001339416,0.056181822931743675,-0.3699888186540795,1.2623372144145086,0.24286813834612797,-0.12376180695134886,-0.8112083583242727,-0.12142365831054058,-0.5190710845346669,-0.912536114280567,-0.1866863154143843,-0.24622701170273065
NFLX,Individual equity,,2020-2022,756,0.7105024536628622,0.23182058165417363,-0.36526836679643415,0.5417951014283813,0.09886322593449948,-0.19233032779248538,0.3254136012430849,0.05918405709890706,-0.38933087986736425,0.16870735223448097,0.13295735571967415,-0.17293803900394877
NFLX,Individual equity,,2023-present,917,1.9414877065509146,0.4753428863159064,-0.17001004229489136,1.6693799738801933,0.29043568518330076,-0.10136438194191877,0.6919811342497971,0.10065554607099103,-0.26693417589851387,0.2721077326707213,0.18490720113260561,-0.06864566035297259
NI,Individual equity,,2016-2019,1006,0.5850096350115757,0.06598313098784914,-0.1463639987051265,0.6716654557389553,0.05820956750591533,-0.10082053201930163,0.042389884645913284,-0.0001968460960870555,-0.16667125695692908,-0.08665582072737965,0.0077735634819338095,-0.045543466685824874
NI,Individual equity,,2020-2022,756,0.23165681526869603,0.024856210001873436,-0.2666933084896438,0.3976103284404579,0.04060427549798162,-0.15537701620634237,0.14132681223531665,0.00980716215068167,-0.12836238087942153,-0.16595351317176188,-0.015748065496108188,-0.11131629228330142
NI,Individual equity,,2023-present,917,0.39713126425719325,0.04252161107373231,-0.13350797045842977,0.6253066544181087,0.057686701010963404,-0.10334340319089674,-0.34674799059251116,-0.030884830891497406,-0.22709796717662023,-0.22817539016091548,-0.015165089937231091,-0.030164567267533027
NKE,Individual equity,,2016-2019,1006,1.3571338454259605,0.1952739086635389,-0.0877670515604132,1.2678786664344486,0.1365564740257128,-0.083541450575212,0.5584054903573361,0.04956543705296057,-0.09280232849102854,0.08925517899151192,0.05871743463782608,-0.004225600985201194
NKE,Individual equity,,2020-2022,756,1.053867235190445,0.2764237261289819,-0.19683325960860398,1.2134403248963068,0.16415792484652192,-0.08844184310929726,0.5172130107716187,0.09725412733761996,-0.21635808534068646,-0.15957308970586181,0.11226580128246,-0.10839141649930673
NKE,Individual equity,,2023-present,917,0.44359080143631024,0.08027859796860493,-0.2924616822961603,-0.14427450352429605,-0.023707585609439974,-0.15874686704998697,0.5725930902957814,0.10436532837397494,-0.24639082787554556,0.5878653049606063,0.1039861835780449,-0.13371481524617335
NOBL,Factor/style ETF,,2016-2019,1006,1.21190525681259,0.0928816537991013,-0.07823636985785465,1.8859000148591543,0.11322600486268275,-0.03373228891840585,-0.20346279347610277,-0.01157204614382601,-0.09553734929166513,-0.6739947580465642,-0.020344351063581456,-0.0445040809394488
NOBL,Factor/style ETF,,2020-2022,756,0.8854801937117353,0.15577337361494648,-0.13252565728162857,1.3111192348394354,0.14197431898398327,-0.05616005616005615,0.15622184348757515,0.012299218667836564,-0.18002071946426956,-0.4256390411277001,0.013799054630963203,-0.07636560112157242
NOBL,Factor/style ETF,,2023-present,917,0.830243322961333,0.07140983250933286,-0.07293439433738091,0.8753251668960443,0.06122161484399391,-0.0669468300900099,0.2099834100611422,0.00960046188546304,-0.049802992560594395,-0.045081843934711374,0.01018821766533895,-0.005987564247371013
NOC,Individual equity,,2016-2019,1006,0.682886318372393,0.08835225894991816,-0.1256828694659582,1.243976165133048,0.12934872619258297,-0.08005516290709802,-0.1368970780300673,-0.016745560585397556,-0.15024440377365567,-0.5610898467606551,-0.040996467242664814,-0.04562770655886017
NOC,Individual equity,,2020-2022,756,0.6188670607762683,0.10706586742532465,-0.3187935059076831,1.2508063571117305,0.16681826573335767,-0.12060483184236026,-0.43904646519127594,-0.07591461031700864,-0.3214115949036854,-0.6319392963354622,-0.05975239830803303,-0.1981886740653228
NOC,Individual equity,,2023-present,917,0.8421864398497498,0.13198496892040423,-0.24035448829381534,0.5749985589329867,0.06499253538665184,-0.11946159065117645,0.5963846261857063,0.06717948707882604,-0.1574737737412777,0.26718788091676315,0.0669924335337524,-0.12089289764263889
NOW,Individual equity,,2016-2019,1006,0.9763429846315078,0.20546121133038242,-0.19909506801541899,1.4678533713076727,0.303142582873305,-0.13366347637903797,-0.5750164025646377,-0.058822931390381195,-0.28886127995260524,-0.49151038667616487,-0.09768137154292256,-0.06543159163638101
NOW,Individual equity,,2020-2022,756,0.35912345007533997,0.06487848073533109,-0.46107054870730235,0.743735610206198,0.14154419066851642,-0.3062278505985797,-0.1018124536301171,-0.04622499979053196,-0.28320438433120854,-0.3846121601308581,-0.07666570993318533,-0.15484269810872264
NOW,Individual equity,,2023-present,917,0.9783681910450351,0.2623475274548066,-0.25227227762791615,1.2450102567361627,0.23378920868692044,-0.17441758537540497,0.2241030980446214,0.025458043331106017,-0.2566244219969749,-0.2666420656911276,0.02855831876788617,-0.07785469225251118
NRG,Individual equity,,2016-2019,1006,1.13296793247557,0.2696015265976601,-0.2106524682504467,1.1738050080314544,0.21076896353880592,-0.15061272417153837,0.2934578323867729,0.034677187472792914,-0.2367401034045329,-0.04083707555588445,0.058832563058854204,-0.06003974407890833
NRG,Individual equity,,2020-2022,756,0.8634725672762551,0.2299626777775956,-0.21220630468275747,0.9425281310803457,0.15026674939785112,-0.13656870974768376,0.5141569762742563,0.09915374701171165,-0.22160229061968173,-0.07905556380409062,0.07969592837974449,-0.07563759493507372
NRG,Individual equity,,2023-present,917,0.5451252696841631,0.12466071242709886,-0.43887061842005315,1.4190081497609137,0.34658291830567367,-0.1282283981391592,-0.879822743099662,-0.16071658349709228,-0.5407468171776373,-0.8738828800767506,-0.2219222058785748,-0.31064222028089394
NSC,Individual equity,,2016-2019,1006,0.8718769867707026,0.1349225525385187,-0.20004101015368003,1.2199348090505626,0.15456176755350226,-0.09470268706244278,-0.16312425251895982,-0.021867274835273953,-0.16113664188133758,-0.34805782227986004,-0.019639215014983558,-0.10533832309123725
NSC,Individual equity,,2020-2022,756,1.073021382004881,0.29049483637762563,-0.21747725184361044,1.3124843702132087,0.2030486398022331,-0.11654852402063154,0.44035444866241746,0.07739428735862064,-0.22168571648437319,-0.23946298820832768,0.08744619657539254,-0.1009287278229789
NSC,Individual equity,,2023-present,917,1.3312336635362114,0.24584299264544773,-0.11382129617127534,1.0845523785985065,0.14849679645443326,-0.10927814647291434,0.8768894340716299,0.1020728844575498,-0.11258042493219511,0.24668128493770491,0.09734619619101448,-0.004543149698361004
NTAP,Individual equity,,2016-2019,1006,1.3039568964186923,0.3452407889287552,-0.1974192609003682,1.7771381672238795,0.3371499344106492,-0.1253315784860024,0.2956049659320844,0.03897168246668814,-0.2380089562579677,-0.47318127080518724,0.008090854518105983,-0.0720876824143658
NTAP,Individual equity,,2020-2022,756,0.3638986658515777,0.06538414006473525,-0.4418549641290831,0.5817387352678861,0.09559064176711507,-0.2183793649584066,-0.010507610370966444,-0.028409816122866083,-0.45071306347205986,-0.2178400694163084,-0.030206501702379818,-0.2234755991706765
NTAP,Individual equity,,2023-present,917,0.8142592191348486,0.1559169559671978,-0.1933332343713663,1.075960502115202,0.16522778636448643,-0.15072846697142517,-0.1473126664455144,-0.029534781171731028,-0.21033560716569955,-0.26170128298035356,-0.009310830397288639,-0.042604767399941124
NTES,Individual equity,,2016-2019,1006,0.5868412668900294,0.12192602361757898,-0.31698280546021884,0.8448132327656022,0.16103432185982447,-0.21127025072617112,-0.1115360072429933,-0.02769060954697622,-0.23173168609645645,-0.2579719658755728,-0.03910829824224549,-0.10571255473404773
NTES,Individual equity,,2020-2022,756,0.5309832262388342,0.1270983024726724,-0.3485392416432943,0.3537139352490098,0.05160836799925139,-0.2864938807248403,0.3147579965189017,0.049543506687198535,-0.25691896472500564,0.1772692909898244,0.075489934473421,-0.06204536091845403
NTES,Individual equity,,2023-present,917,0.5955242404331798,0.12474437331971622,-0.212925678314432,0.9879922061240848,0.20145277197937395,-0.19443324669817486,-0.39463738292843875,-0.06991224851694378,-0.35838075404426883,-0.39246796569090503,-0.07670839865965773,-0.018492431616257132
NTRS,Individual equity,,2016-2019,1006,0.778382092678275,0.11432581171167766,-0.18341807665371368,0.9748621046257726,0.1152420255053419,-0.1388029324198341,0.00043500215549591934,-0.005410284413294497,-0.17852301257191194,-0.19648001194749765,-0.0009162137936642445,-0.04461514423387958
NTRS,Individual equity,,2020-2022,756,-0.21049280963378117,-0.0881004775398696,-0.4889280481680385,-0.09763222785264902,-0.026702436724014178,-0.19241065067885865,-0.03275359302502387,-0.031840496102131244,-0.4126913975864137,-0.11286058178113215,-0.061398040815855426,-0.2965173974891798
NTRS,Individual equity,,2023-present,917,1.095576828451332,0.1963694642124063,-0.18125305690153237,1.4951844429934842,0.23119278747429095,-0.10724902638914435,-0.3956648702062637,-0.05157617574899653,-0.2478258488243662,-0.3996076145421521,-0.03482332326188464,-0.07400403051238802
NUE,Individual equity,,2016-2019,1006,0.7177956908284279,0.12774787387628272,-0.25027722673644603,1.011530276353743,0.14065366411305602,-0.12968383070932332,0.08552943270817621,0.002390949845627377,-0.20030691208327933,-0.2937345855253152,-0.012905790236773296,-0.12059339602712271
NUE,Individual equity,,2020-2022,756,1.658725590730419,0.6884314495637751,-0.21183437861679322,1.9010254532435131,0.6003058040666169,-0.13228978414140768,0.3503061169492742,0.056689307428261504,-0.3254771573895733,-0.2422998625130941,0.08812564549715818,-0.07954459447538553
NUE,Individual equity,,2023-present,917,0.7555166402923028,0.1519594824678454,-0.15169176493992886,0.8423939870266437,0.12813128600783386,-0.13522002405085065,0.4476814581151409,0.061339678744809945,-0.11898550339310598,-0.08687734673434089,0.023828196460011553,-0.016471740889078212
NVDA,Individual equity,Mega-cap 7,2016-2019,1006,1.3628068771604818,0.3638978265054891,-0.27122449329274056,2.0328084886008875,0.43927507133680965,-0.12195021979042542,-0.25665103659726185,-0.05988767727209021,-0.29250658030881715,-0.6700016114404057,-0.07537724483132058,-0.14927427350231515
NVDA,Individual equity,Mega-cap 7,2020-2022,756,1.2883673218225822,0.5370263212210447,-0.23213770002414924,1.7644205759579064,0.5331198666186101,-0.16074005756683574,0.15411678264324813,0.0025480425161088505,-0.3136847753941109,-0.4760532541353242,0.00390645460243455,-0.0713976424573135
NVDA,Individual equity,Mega-cap 7,2023-present,917,1.1517743963002314,0.4005366651313076,-0.29015208132951187,1.9883758851999815,0.6931293950430695,-0.131481184827261,-0.9008658193359661,-0.1712269711023492,-0.5060061403701799,-0.8366014888997502,-0.2925927299117619,-0.15867089650225086
NVMI,Individual equity,,2016-2019,1006,1.0153534693022943,0.2039887672564522,-0.1909463925262347,1.2633456329495643,0.2253464459361083,-0.18373394341729965,-0.28899787503069435,-0.039245898693621495,-0.2281574701862955,-0.24799216364726995,-0.0213576786796561,-0.007212449108935037
NVMI,Individual equity,,2020-2022,756,0.8895100044027573,0.2734514025682997,-0.3170664875525149,1.1305457597117738,0.24727492120012085,-0.12574903672340443,0.282693545564508,0.04079402303476298,-0.2797443615604339,-0.24103575530901655,0.02617648136817885,-0.19131745082911045
NVMI,Individual equity,,2023-present,917,1.3591999435969546,0.49435883216128773,-0.3401457698681979,1.597898057988211,0.44013167209967663,-0.2143040179879866,0.2749149374524647,0.03765430697218797,-0.3273576854140423,-0.23869811439125632,0.0542271600616111,-0.1258417518802113
NVO,Individual equity,,2016-2019,1006,0.8081227945493049,0.11839448086820292,-0.143952821645705,0.8631280788285135,0.0930406496752445,-0.08202363416961678,0.3688960672987782,0.03471173169586028,-0.19474181602368557,-0.05500528427920859,0.02535383119295842,-0.06192918747608822
NVO,Individual equity,,2020-2022,756,0.8431666891116082,0.14700364933858667,-0.1324782315936911,1.2839742307940434,0.19084231128994067,-0.11978524609935948,-0.5463803084491158,-0.07081750922371821,-0.27160275991205207,-0.4408075416824352,-0.043838661951354,-0.012692985494331621
NVO,Individual equity,,2023-present,917,0.8138998845283575,0.20019324455835985,-0.17766777271887246,1.1554320484094662,0.20564822628587587,-0.1324517281012334,0.3437496349970359,0.05099457005024366,-0.16567549362721645,-0.34153216388110874,-0.005454981727516017,-0.04521604461763906
NVR,Individual equity,,2016-2019,1006,0.5469424362724048,0.0775582317328849,-0.28575872589203277,0.5510958300641722,0.06530831482551291,-0.14204464103136516,0.09177777589812913,0.0037950998178861717,-0.27722213247814853,-0.004153393791767379,0.012249916907371983,-0.1437140848606676
NVR,Individual equity,,2020-2022,756,0.11189662912846086,0.003140484784075692,-0.25734816710524533,0.3617766106455596,0.041234350438937195,-0.19065922420489612,-0.37982405090040244,-0.058996926394854876,-0.23143276437407168,-0.24987998151709873,-0.0380938656548615,-0.06668894290034921
NVR,Individual equity,,2023-present,917,0.837892468041679,0.14354177001418988,-0.14127049409419123,0.8751089970879825,0.11914777787175401,-0.1606308558499776,0.23347549445080806,0.020283129646126552,-0.16032081210230065,-0.03721652904630346,0.024393992142435872,0.01936036175578637
NWS,Individual equity,,2016-2019,1006,0.24811861385604034,0.02539326874238812,-0.23073910247255658,0.6095462652906258,0.05718993835709307,-0.09636541608457727,-0.16607114019040267,-0.02506114013064875,-0.2518949634019897,-0.3614276514345855,-0.03179666961470495,-0.1343736863879793
NWS,Individual equity,,2020-2022,756,0.9646275648311957,0.25842033836781764,-0.26363885584588265,1.2659531800818722,0.24075253228392746,-0.1303074196756775,0.07725241006754811,-0.006272557503814169,-0.29496460979847594,-0.30132561525067647,0.01766780608389018,-0.13333143617020515
NWS,Individual equity,,2023-present,917,0.8615095602180344,0.14232030469669898,-0.1152265179050993,1.129900681114565,0.14007974854939076,-0.0934530319246355,0.32547581412651266,0.0335789348570974,-0.12313585001933469,-0.2683911208965307,0.002240556147308226,-0.021773485980463803
NWSA,Individual equity,,2016-2019,1006,0.23352820833672822,0.023741945877060022,-0.19201396114770408,0.41738026765124586,0.037367030756667585,-0.13359716695912172,0.1644470294822733,0.012512195351997768,-0.15102732464151114,-0.18385205931451765,-0.013625084879607563,-0.058416794188582366
NWSA,Individual equity,,2020-2022,756,1.0068353572135138,0.28091322781512074,-0.27380958006286804,1.496774217172994,0.30574699502840463,-0.15863176500417608,0.08636796220702672,-0.00585525261193609,-0.26950383952678114,-0.4899388599594803,-0.024833767213283897,-0.11517781505869196
NWSA,Individual equity,,2023-present,917,0.9906450514669561,0.1648153437304516,-0.12323485181554195,0.8432728637921939,0.10140627687959913,-0.11600720141194731,0.6199514652418543,0.06685458922729448,-0.09064980171726122,0.14737218767476223,0.06340906685085246,-0.007227650403594632
NXPI,Individual equity,,2016-2019,1006,0.7666318280911928,0.14341018503887626,-0.15704270785983632,0.6320591907606217,0.07099838675031056,-0.11730179368792992,0.4852092848029732,0.06761149146851841,-0.1737579064355409,0.13457263733057112,0.0724117982885657,-0.039740914171906394
NXPI,Individual equity,,2020-2022,756,-0.0532314244498625,-0.07089754476950128,-0.5761500844305233,-0.29106309030728533,-0.08071714106510208,-0.36710953581412586,0.15394696447212944,0.006321652554599488,-0.4031206928565876,0.23783166585742282,0.009819596295600808,-0.20904054861639743
NXPI,Individual equity,,2023-present,917,0.9344502308575569,0.2663405733584292,-0.26224331135812773,0.8669484031076394,0.1873929548439517,-0.22110195505188213,0.4384690754554936,0.07014752588189976,-0.27495081523285114,0.06750182774991742,0.07894761851447751,-0.0411413563062456
O,Individual equity,,2016-2019,1006,0.7776693486559264,0.10283201366490902,-0.112159657771151,0.9317489102536407,0.0937308627493374,-0.10846745189965301,-0.0700232020610713,-0.011422853631520735,-0.19304121268094754,-0.1540795615977143,0.00910115091557162,-0.003692205871497989
O,Individual equity,,2020-2022,756,-0.261082545579414,-0.0605704453276219,-0.4423499122781722,0.6569425732208822,0.07696268901341874,-0.202634925161577,-0.7645927326102433,-0.10591384689081762,-0.4034483299921032,-0.9180251188002962,-0.13753313434104064,-0.23971498711659522
O,Individual equity,,2023-present,917,0.8794017902691781,0.11640231519985123,-0.17223815407365883,0.9550278488510642,0.091400325433739,-0.08704150134377986,0.5087940368346844,0.04575811978462463,-0.13035785891805585,-0.07562605858188609,0.02500198976611223,-0.08519665272987897
ODFL,Individual equity,,2016-2019,1006,1.1835335079402403,0.21480591966758444,-0.1474658540088961,1.5421110750347569,0.22897556530562713,-0.08035042634317513,-0.1455307131637215,-0.022364994728093834,-0.20220416626975912,-0.3585775670945166,-0.014169645638042683,-0.06711542766572098
ODFL,Individual equity,,2020-2022,756,0.7737440212508502,0.17408740981896353,-0.29705748202471305,1.0341183064605617,0.19563987963092178,-0.25476003047608986,-0.007679053950804527,-0.01343723938963981,-0.15341747988145094,-0.2603742852097115,-0.02155246981195824,-0.04229745154862319
ODFL,Individual equity,,2023-present,917,0.5134012129152639,0.0907596826821484,-0.20068929093317545,0.870160617041873,0.1269428499071319,-0.22494932107068266,-0.05660986531117305,-0.02208021988330855,-0.26189796486452444,-0.3567594041266091,-0.03618316722498349,0.024260030137507216
OIH,Thematic/industry ETF,,2016-2019,924,0.921386552017537,0.19726041650772497,-0.21261250425578326,0.36359135421116895,0.037734496787508176,-0.1921798094187882,0.9010674139917502,0.16257958220638646,-0.14137120813727633,0.5577951978063681,0.1595259197202168,-0.020432694836995058
OIH,Thematic/industry ETF,,2020-2022,756,1.609816105731793,0.8922440063915149,-0.41993751629382337,1.3487706620175466,0.41825730054487287,-0.2382216103769199,0.9817372983121487,0.34521683043457396,-0.34989568342199895,0.26104544371424643,0.47398670584664204,-0.18171590591690345
OIH,Thematic/industry ETF,,2023-present,917,0.4987642442242624,0.08690189299431017,-0.2325819448880685,0.26510194285442623,0.029276104840933126,-0.3299139369200831,0.4121796670988011,0.05325386772800389,-0.1779593709526741,0.23366230136983618,0.057625788153377044,0.09733199203201459
OKE,Individual equity,,2016-2019,1006,0.8867741854934221,0.16032857279970392,-0.2745382779015695,1.5566458076243215,0.2625345132411101,-0.09992807066588383,-0.7734892119634157,-0.0842602903760944,-0.37627452492201763,-0.6698716221308993,-0.10220594044140618,-0.17461020723568565
OKE,Individual equity,,2020-2022,756,0.6815540611592591,0.2257748433045892,-0.4739506412696579,0.9966179807300127,0.24364364629371082,-0.2712697650474165,-0.0670644100525469,-0.10427224328757756,-0.6060895664777298,-0.31506391957075364,-0.017868802989121635,-0.2026808762222414
OKE,Individual equity,,2023-present,917,0.9310711306732032,0.13916296113070348,-0.18827893922500305,1.0998275861983313,0.13269510645098492,-0.13353406127105005,0.021588747391043602,-0.002479188233221241,-0.19991119967084203,-0.16875645552512808,0.006467854679718554,-0.054744877953953
OKTA,Individual equity,,2016-2019,688,1.5471820025213496,0.5094963124334353,-0.18761166627907,1.9418246761690827,0.5376767696189366,-0.12374813495385484,0.17424919005235462,0.01539644760063541,-0.1452225438966791,-0.3946426736477331,-0.02818045718550133,-0.06386353132521516
OKTA,Individual equity,,2020-2022,756,0.4309023570613345,0.1005761573230457,-0.43007070272529846,0.3933729544331351,0.06052482143046789,-0.2833693087516197,0.28844205653614413,0.04366855849931661,-0.3567246398568056,0.037529402628199426,0.04005133589257781,-0.14670139397367876
OKTA,Individual equity,,2023-present,917,0.07810213574971861,-0.010029031225844753,-0.27290098425590337,0.13496918753150508,0.006777638052988255,-0.2057261671898467,0.062184393145155004,-0.0029831185868353094,-0.16544658981427274,-0.05686705178178647,-0.01680666927883301,-0.06717481706605666
OMC,Individual equity,,2016-2019,1006,0.19938427059857108,0.01719169819970734,-0.11706550653426606,0.48737714564791823,0.039256825001265705,-0.10818228393120988,-0.2709194987658938,-0.029185432757039886,-0.14819538910201102,-0.2879928750493471,-0.022065126801558366,-0.008883222603056184
OMC,Individual equity,,2020-2022,756,0.25408901379182675,0.03294563427309516,-0.4159747496491788,0.5876783396323957,0.07932181025273843,-0.14298969090351088,-0.04536943079658968,-0.0305524721145517,-0.3871667118811253,-0.33358932584056894,-0.046376175979643275,-0.2729850587456679
OMC,Individual equity,,2023-present,917,0.13710868945816831,0.008607383372528865,-0.29763273438278215,0.07272603327128009,0.0012436866079457154,-0.25110675228637447,0.08444110560269316,0.0023323186752091107,-0.16060892404991434,0.06438265618688822,0.00736369676458315,-0.04652598209640768
ON,Individual equity,,2016-2019,1006,0.745369555716472,0.16916993173706163,-0.2720129803673028,0.9803370095737861,0.17431039315187102,-0.19353252480059724,0.21131723149919973,0.022291214290622863,-0.22301591136800458,-0.2349674538573141,-0.005140461414809394,-0.07848045556670558
ON,Individual equity,,2020-2022,756,0.703626045801799,0.2422597234129662,-0.3852120972894224,1.0689252709916621,0.307750771990869,-0.20251471498422713,0.09073227609176504,-0.028256776846057763,-0.5645420528547858,-0.36529922518986313,-0.06549104857790278,-0.18269738230519528
ON,Individual equity,,2023-present,917,0.8642731382142426,0.2927754533993505,-0.42201766126441986,0.9080626872414501,0.22110463547727743,-0.28457894356696023,0.3600318612319646,0.06462802867796702,-0.33264821913335496,-0.04378954902720755,0.07167081792207308,-0.13743871769745963
ORCL,Individual equity,,2016-2019,1006,0.5841596814058075,0.06868668534672828,-0.19227703976729493,1.2324370527487294,0.11541032893861392,-0.0779312677870887,0.013933398812898389,-0.003594408382354808,-0.13905817126246178,-0.6482773713429218,-0.04672364359188563,-0.11434577198020623
ORCL,Individual equity,,2020-2022,756,1.243010264317595,0.26825991285612494,-0.19574479732211636,1.2048194249948105,0.16783534498582808,-0.0773844967690479,0.5329142135215758,0.07718746672341581,-0.20950162342428036,0.03819083932278455,0.10042456787029685,-0.11836030055306845
ORCL,Individual equity,,2023-present,917,1.8015183992807235,0.5926151360714282,-0.21441423046181984,1.7170771876027773,0.38645448449319897,-0.10512954908895689,0.6555755768975239,0.11992578590955127,-0.21441423046182018,0.08444121167794627,0.20616065157822927,-0.10928468137286296
ORLY,Individual equity,,2016-2019,1006,0.7442816754407768,0.10599018593293974,-0.18497399391469493,1.0021320706587837,0.1238720784454399,-0.14105071997322738,0.07329015123580096,0.0025644936744222413,-0.1383907701671977,-0.2578503952180069,-0.017881892512500164,-0.043923273941467555
ORLY,Individual equity,,2020-2022,756,0.9347124489057633,0.20717431223818927,-0.2326150850006461,1.5884674367610472,0.24465712658093852,-0.13222312588929863,-0.03496144419307737,-0.021548656251989873,-0.291059190375498,-0.6537549878552839,-0.03748281434274925,-0.10039195911134746
ORLY,Individual equity,,2023-present,917,0.2478556653521685,0.0247706967258976,-0.19607746370851387,0.7880075704611555,0.07679373244202647,-0.12498197152995805,-0.4404363762705667,-0.04532511744481238,-0.20042197818791674,-0.540151905108987,-0.052023035716128874,-0.07109549217855582
OTIS,Individual equity,,2020-2022,692,0.7800517785181085,0.1376220070385732,-0.21544152045560572,1.3737290832617746,0.1970112297818074,-0.12619409446567598,-0.3099147049846598,-0.04637002245722388,-0.21778411852650714,-0.5936773047436661,-0.059389222743234216,-0.08924742598992974
OTIS,Individual equity,,2023-present,917,0.21518616895196568,0.01981065015517136,-0.14682850387746982,0.2913969533226836,0.023413646840549474,-0.12291337038019978,-0.009377329762473623,-0.005653729380581063,-0.09663083829331776,-0.07621078437071793,-0.0036029966853781126,-0.023915133497270036
OXY,Individual equity,,2016-2019,1006,0.8902554458774297,0.15407957458622223,-0.14747820787386556,0.7000802632809036,0.0793625607155306,-0.14486691385816697,0.4563772454559428,0.05474247570810187,-0.1146714274690499,0.1901751825965261,0.07471701387069163,-0.0026112940156985953
OXY,Individual equity,,2020-2022,756,0.5468980086150209,0.14670429747138014,-0.4482514300647239,0.5606246454815802,0.14151022930979318,-0.27015980784931204,0.20297001411910312,-0.01075278178438921,-0.4319603191718784,-0.013726636866559283,0.005194068161586962,-0.17809162221541186
OXY,Individual equity,,2023-present,917,0.5547280659062004,0.09154019865163665,-0.19210582279086041,0.4206070579282967,0.04677697360549393,-0.18473968471569924,0.4967187549492362,0.0640942411344958,-0.13220668262426127,0.13412100797790366,0.04476322504614272,-0.007366138075161177
PANW,Individual equity,,2016-2019,1006,0.7867281300831114,0.14118940545915715,-0.23906351959315364,1.0098311807503342,0.14156115479073383,-0.14256260600075998,0.16831397884025392,0.013725597671831569,-0.189009230913447,-0.2231030506672228,-0.0003717493315766873,-0.09650091359239366
PANW,Individual equity,,2020-2022,756,0.6799311689965037,0.16911923346887558,-0.3713739109123726,0.7483174958352217,0.1372288514176181,-0.24798338398512376,0.3162277377428443,0.04668277268509735,-0.2873480985415766,-0.06838632683871793,0.03189038205125749,-0.12339052692724883
PANW,Individual equity,,2023-present,917,1.3851243682092014,0.3593133624030389,-0.21449475796250095,1.766669220827961,0.4205116521522705,-0.12299442130652438,-0.2092705176505532,-0.03442517098193487,-0.19874420196619424,-0.3815448526187597,-0.06119828974923158,-0.09150033665597657
PAVE,Thematic/industry ETF,,2016-2019,710,1.2851074604732202,0.15294853543400744,-0.09945085301884193,1.3031686028428866,0.09883057515274074,-0.0482217952830416,0.5835988366705039,0.049250504586427324,-0.08359997571902367,-0.018061142369666383,0.0541179602812667,-0.05122905773580033
PAVE,Thematic/industry ETF,,2020-2022,756,0.7541548827976835,0.14879680344296808,-0.20114465365722323,1.0970329550712838,0.16842872784924912,-0.09555120702267716,0.016863143475760265,-0.009381880804803733,-0.20269521789739053,-0.34287807227360034,-0.01963192440628103,-0.10559344663454606
PAVE,Thematic/industry ETF,,2023-present,917,1.3229131993884398,0.20976728802922873,-0.10235029357263836,1.4906483593708222,0.18542072245164443,-0.07197350720712092,0.2081847043080841,0.015725522046929008,-0.11056450143862917,-0.16773515998238242,0.0243465655775843,-0.03037678636551744
PAYX,Individual equity,,2016-2019,1006,1.0452876384755965,0.12435783827711222,-0.1214485584564774,1.9391586363762958,0.18670125283632943,-0.05896032381797478,-0.6183929251830919,-0.051528227035763874,-0.2000245676025606,-0.8938709979006993,-0.062343414559217214,-0.062488234638502616
PAYX,Individual equity,,2020-2022,756,0.9870894141099882,0.21356012597031304,-0.13061037784256246,1.2135781217419612,0.15599089878939276,-0.09524253550374984,0.3945478949212406,0.05727135548255147,-0.15465870277463722,-0.22648870763197304,0.05756922718092028,-0.03536784233881263
PAYX,Individual equity,,2023-present,917,0.4327076688817306,0.05761087552036659,-0.18405847430193345,0.8075613817958833,0.0818275370224224,-0.12202968647890977,-0.10314778096737293,-0.019351018566654776,-0.19460975891825605,-0.3748537129141527,-0.024216661502055814,-0.06202878782302368
PCAR,Individual equity,,2016-2019,1006,0.8394833314899529,0.12835609165343453,-0.13816617594141511,1.4948627776556387,0.18713783812811768,-0.0929803832139976,-0.34859431268768015,-0.04141241639077242,-0.18378341901685513,-0.6553794461656858,-0.05878174647468315,-0.04518579272741752
PCAR,Individual equity,,2020-2022,756,0.5262369205433504,0.09378750003668679,-0.29773474913985665,1.0214743758049905,0.12852864651203344,-0.1548163812550476,0.000967695100687068,-0.015257125828342821,-0.27132399276230124,-0.4952374552616401,-0.03474114647534665,-0.14291836788480905
PCAR,Individual equity,,2023-present,917,0.40880833853235854,0.062422865239931014,-0.3234317170401302,0.963669468090726,0.13765453031708885,-0.23260632858785235,-0.2059538180573332,-0.03564586653459345,-0.19213858124804994,-0.5548611295583674,-0.07523166507715784,-0.09082538845227783
PCG,Individual equity,,2016-2019,1006,0.5602538831395915,0.17374440361229482,-0.5437167486768355,0.46509806177235463,0.06962388409477538,-0.21832471034987777,0.41171131717839254,0.0845965319463291,-0.4863954859298487,0.09515582136723683,0.10412051951751944,-0.32539203832695773
PCG,Individual equity,,2020-2022,756,1.2546675017105404,0.511489663494336,-0.36246077114809727,1.137183200918945,0.31264893388049697,-0.21637588340389968,0.6187913182645969,0.1452537274345247,-0.28818892026231213,0.11748430079159533,0.19884072961383903,-0.1460848877441976
PCG,Individual equity,,2023-present,917,0.6190462060102675,0.09312460664537037,-0.10579400860410104,0.5163146566055108,0.05654257938212659,-0.09455544713144126,0.35865488296415843,0.036892385698295005,-0.12199152438289906,0.1027315494047567,0.03658202726324378,-0.01123856147265978
PDBC,Commodity ETF,,2016-2019,1006,1.1398351385254422,0.11295012312579145,-0.07423390363723192,0.9981022422208756,0.06815980847996927,-0.06406522059750219,0.6363760309883301,0.04342033921757982,-0.08526953970884688,0.14173289630456654,0.04479031464582217,-0.010168683039729731
PDBC,Commodity ETF,,2020-2022,756,1.205466064867781,0.1839775018050296,-0.21930911681919274,2.04799638398132,0.21795989488171497,-0.11663697905714288,-0.17598815660108147,-0.025565589305915237,-0.22214847197657794,-0.8425303191135389,-0.03398239307668538,-0.10267213776204986
PDBC,Commodity ETF,,2023-present,917,0.5058382158566349,0.049578194863499236,-0.11606491375929551,0.35460711325956923,0.024175836912436965,-0.09019392791433778,0.3427113441714007,0.02356235571499954,-0.09985912525822982,0.15123110259706568,0.02540235795106227,-0.025870985844957728
PDD,Individual equity,,2016-2019,361,0.8429670804835173,0.3493563838793432,-0.2821374182749611,1.3292765091540577,0.5945493214119899,-0.29408150153739787,-0.25868778219430427,-0.13194810270309243,-0.2927379161318798,-0.4863094286705404,-0.2451929375326467,0.011944083262436789
PDD,Individual equity,,2020-2022,756,0.984909501432593,0.4790945491162335,-0.35448250151486005,1.1455005596458159,0.3983360069836914,-0.21813314055130473,0.4840873579329443,0.1257904696132175,-0.3584114720896776,-0.16059105821322284,0.08075854213254208,-0.13634936096355532
PDD,Individual equity,,2023-present,917,1.2147841804366701,0.4067674911496144,-0.1770212668136808,0.9713416547634195,0.23176839144432337,-0.14018331771497405,0.6554849162822406,0.12476796251708344,-0.17891137444002547,0.24344252567325064,0.17499909970529104,-0.036837949098706746
PEG,Individual equity,,2016-2019,1006,0.026220947819060147,-0.0031781043386412966,-0.1731197028873539,0.3150963488021677,0.024031371162052118,-0.13409361058571567,-0.5604139787938489,-0.04121578842159079,-0.17264889275721673,-0.28887540098310754,-0.027209475500693414,-0.03902609230163823
PEG,Individual equity,,2020-2022,756,0.7127300561471231,0.13666108680610578,-0.21248630471234486,0.7241858425233338,0.09379905538523858,-0.10020357385206968,0.2610011724564504,0.02959990383584632,-0.292597526616048,-0.011455786376210697,0.0428620314208672,-0.11228273086027518
PEG,Individual equity,,2023-present,917,0.42727809174019254,0.050266009938755296,-0.20072105912191074,1.0981607635955446,0.11894446454049201,-0.06679151043738363,-0.49330986477149985,-0.046292368333398226,-0.24519546491150213,-0.670882671855352,-0.06867845460173672,-0.1339295486845271
PEP,Individual equity,,2016-2019,1006,0.9899457647964376,0.11272069337975399,-0.09690479247546113,1.198448678358677,0.11366985800164886,-0.07880075477167248,-0.05361153499765596,-0.006165337109614755,-0.08270235711320661,-0.20850291356223938,-0.0009491646218948713,-0.018104037703788656
PEP,Individual equity,,2020-2022,756,0.3527597069701947,0.05208367458533081,-0.20013163616580742,0.9216519855377058,0.09980736853079519,-0.09110716110424755,-0.33667040044150937,-0.07007314956354715,-0.284708811174164,-0.568892278567511,-0.047723693945464385,-0.10902447506155988
PEP,Individual equity,,2023-present,917,0.4244714350362532,0.05005829600027689,-0.16013312736445096,0.2903270129876766,0.023655609182667847,-0.16225992395234135,0.4155008039493281,0.03696130634095196,-0.09004560089258729,0.13414442204857657,0.026402686817609045,0.0021267965878903894
PFE,Individual equity,,2016-2019,1006,0.8859197095220726,0.0959363709768637,-0.1697821104212529,1.0141984578970478,0.07480786578906673,-0.08275221341582051,0.22962978298077585,0.015682184013743106,-0.18335594653006237,-0.12827874837497522,0.021128505187796964,-0.0870298970054324
PFE,Individual equity,,2020-2022,756,1.2783735261102904,0.28058075371604496,-0.19419874221452638,1.5509560362994468,0.25546845651474936,-0.10129247111155548,0.3936863671354993,0.05009006443046693,-0.17110515805875082,-0.27258251018915636,0.025112297201295597,-0.0929062711029709
PFE,Individual equity,,2023-present,917,1.0141595761937876,0.16293658798374788,-0.13335988391640063,0.3466710150317096,0.02719334126227957,-0.12597974193674477,1.0453939474444223,0.1382581545597903,-0.09267101514261711,0.667488561162078,0.1357432467214683,-0.007380141979655863
PFG,Individual equity,,2016-2019,1006,0.16072474631623676,0.012932336324615434,-0.27629645899171285,0.47802565417602944,0.052282391468807754,-0.19937124359351488,-0.004447487638348184,-0.007576870694061433,-0.13534777940300913,-0.3173009078597927,-0.03935005514419232,-0.07692521539819797
PFG,Individual equity,,2020-2022,756,0.2295282201375988,0.021988972493614645,-0.4666428359438636,0.29103422502661164,0.037604281602850564,-0.18019645692143837,0.024998941407343468,-0.027948900240802654,-0.460512689463343,-0.06150600488901284,-0.01561530910923592,-0.2864463790224252
PFG,Individual equity,,2023-present,917,0.7345437902526682,0.10878035006339037,-0.15618156709028352,1.3654825418387473,0.15767203830949228,-0.08254519799763393,-0.21747733396872293,-0.03241963351361199,-0.23349584452647598,-0.630938751586079,-0.048891688246101905,-0.07363636909264959
PG,Individual equity,,2016-2019,1006,0.5627931854171008,0.0525232193077223,-0.08486812532934473,0.9221424490223837,0.07876539514053138,-0.06915092901882636,-0.39703335823417757,-0.021868197188708027,-0.1303329041485024,-0.35934926360528296,-0.026242175832809078,-0.015717196310518378
PG,Individual equity,,2020-2022,756,0.7185502571222867,0.09859005251738373,-0.20679425819075137,0.9335736175518514,0.09193316589280731,-0.1397826417454221,-0.02703809589861544,-0.008813339843015133,-0.18070586301634206,-0.2150233604295647,0.006656886624576419,-0.06701161644532927
PG,Individual equity,,2023-present,917,0.3627705321737565,0.03518462962828095,-0.218341057780006,0.5658508392144223,0.043958755937441474,-0.10136704810619657,-0.03568605528586489,-0.0060865616594628635,-0.1674288702252953,-0.20308030704066576,-0.008774126309160524,-0.11697400967380944
PGR,Individual equity,,2016-2019,1006,1.7019036930175526,0.2392942020627391,-0.0975133166504758,2.384857689534594,0.26573137049521467,-0.06437664728291204,-0.14603598860172193,-0.016202106922065473,-0.14636134348022867,-0.6829539965170415,-0.026437168432475566,-0.033136669367563765
PGR,Individual equity,,2020-2022,756,0.010809738960017422,-0.013876997998498175,-0.22860229780733077,0.5358089812735795,0.06683812069247397,-0.15087492787751533,-0.6298824596197585,-0.07391964702800335,-0.24654606846062388,-0.524999242313562,-0.08071511869097214,-0.07772736992981544
PGR,Individual equity,,2023-present,917,0.579132218963587,0.07830217373014459,-0.1887572552702379,1.003112401610927,0.11390077585394098,-0.09711247096076148,-0.2731289448912835,-0.03085387698548714,-0.1905821622846262,-0.42398018264733994,-0.0355986021237964,-0.09164478430947642
PH,Individual equity,,2016-2019,1006,1.1506480563975794,0.19886183950485803,-0.14876730424846096,1.2685768855871908,0.1673970873500763,-0.09112742010649943,0.22690426260311214,0.019521456669662207,-0.13431278590187568,-0.11792882918961145,0.03146475215478173,-0.05763988414196153
PH,Individual equity,,2020-2022,756,1.0319931098679456,0.31932061154890556,-0.2926683934369734,1.3957132685198042,0.30068607467048003,-0.13324277934508688,0.13013532623487764,0.0020000250014859944,-0.34951673783085946,-0.3637201586518586,0.018634536878425534,-0.1594256140918865
PH,Individual equity,,2023-present,917,1.0319414232577953,0.19901273837331468,-0.174642305710898,1.6935621261378704,0.29605399901266516,-0.08404878077530054,-0.4947871173534312,-0.05876401162921552,-0.2757821253292222,-0.6616207028800751,-0.09704126063935048,-0.09059352493559747
PHM,Individual equity,,2016-2019,1006,1.0755039814106409,0.17402592153554175,-0.20287851398155043,1.0434671178402508,0.13440377586355012,-0.18609738708749468,-0.08127148226613057,-0.014899246316394832,-0.21814425599135234,0.03203686357039004,0.039622145671991627,-0.016781126894055753
PHM,Individual equity,,2020-2022,756,0.7972803336419028,0.24050487375007057,-0.38477705617565583,0.9847607664247002,0.18693645463508157,-0.25942766576674614,0.2551012948554925,0.03231959566171061,-0.4521164736081358,-0.18748043278279747,0.053568419114989,-0.1253493904089097
PHM,Individual equity,,2023-present,917,1.1130208524317091,0.24458725995356678,-0.18182152069259971,1.4530216347520875,0.28180767137819474,-0.1468375478854339,-0.09651655246978404,-0.019289540509709546,-0.17073338956494222,-0.34000078232037834,-0.03722041142462795,-0.03498397280716581
PINS,Individual equity,,2016-2019,178,1.7692471750586258,0.9524561296602532,-0.11227916979369279,0.7865520122358721,0.20177369755791164,-0.10821416849015353,1.7694963763754121,0.6912140190278149,-0.08875751872563908,0.9826951628227537,0.7506824321023415,-0.004065001303539262
PINS,Individual equity,,2020-2022,756,0.5257444996374733,0.14985098567534982,-0.614553456429448,0.5376932165109667,0.1257650876216312,-0.39206227419888384,0.3477554694887358,0.06088671275382973,-0.4624945466153153,-0.011948716873493415,0.024085898053718635,-0.2224911822305642
PINS,Individual equity,,2023-present,917,1.1695258078150534,0.3498869017432007,-0.21251205211365165,0.9055076241191268,0.18552572824285796,-0.1295542621446265,0.6373830422090228,0.11976107273848569,-0.165399135007824,0.26401818369592667,0.16436117350034274,-0.08295778996902514
PKG,Individual equity,,2016-2019,1006,1.0922472021943188,0.19138323626271214,-0.1303509355188468,1.4630831012541858,0.2053863057482468,-0.07321820213020103,-0.10681735264770952,-0.018215848561614845,-0.26545146794447994,-0.370835899059867,-0.014003069485534647,-0.05713273338864577
PKG,Individual equity,,2020-2022,756,0.5584365872612475,0.10233644745990644,-0.17774432534061801,0.7442869602302916,0.10221952501973863,-0.11214019019288801,0.18760220175089318,0.017607185292643823,-0.210366241488661,-0.18585037296904416,0.00011692244016781039,-0.06560413514773
PKG,Individual equity,,2023-present,917,0.2923532050017477,0.03346565897552245,-0.1858037681765553,0.7049156666766572,0.07593524902958682,-0.10405166531311605,-0.2427331356539496,-0.02987972315002052,-0.16654664857038726,-0.41256246167490945,-0.042469590054064366,-0.08175210286343926
PL,Individual equity,,2020-2022,426,0.2208011973039054,-0.0021032253057777783,-0.40341554441178984,0.011196577235190646,-0.017488326485517014,-0.2284069482761103,0.2796939609192044,0.03187535371897887,-0.403699740440121,0.20960462006871475,0.015385101179739236,-0.17500859613567954
PL,Individual equity,,2023-present,917,0.7200351756116998,0.25525787828241997,-0.40273874706402435,0.9818090020891167,0.27884592440918765,-0.25656454492763825,0.21364650513731467,0.010101180150842382,-0.49103138614635067,-0.26177382647741687,-0.02358804612676768,-0.1461742021363861
PLD,Individual equity,,2016-2019,1006,0.6791711724545471,0.08505557378056117,-0.19217921145576278,1.1645355006462617,0.12559540249830614,-0.1600238310223333,-0.6136011743165072,-0.05219382087514124,-0.19264803165760536,-0.4853643281917146,-0.040539828717744975,-0.03215538043342947
PLD,Individual equity,,2020-2022,756,1.2993002600479848,0.3195937154794595,-0.18592244015980985,1.1450071718290216,0.1986263679213225,-0.1398797916664728,0.6327696254746268,0.09647190365591829,-0.19547423632099836,0.15429308821896326,0.12096734755813698,-0.04604264849333706
PLD,Individual equity,,2023-present,917,0.6841568156279944,0.11476154043613551,-0.22555355658398046,0.47031576807793374,0.052252052685128,-0.13621294450157218,0.5188558394562425,0.06409172356261306,-0.14749172034550728,0.21384104755006061,0.06250948775100751,-0.08934061208240829
PLTR,Individual equity,,2020-2022,568,0.9829062474378505,0.44902538756534294,-0.2775447558073111,0.9604834309925154,0.23497557927095825,-0.18409531730949147,0.6167017700349839,0.1914171957464199,-0.30178970591677345,0.02242281644533506,0.2140498082943847,-0.09344943849781961
PLTR,Individual equity,,2023-present,917,0.7284378064256498,0.2483013270716783,-0.38344082669325763,1.5727988317983266,0.6769033637727766,-0.2726563273665298,-0.8264788246682466,-0.18485986572951396,-0.5538642299915402,-0.8443610253726768,-0.4286020367010983,-0.11078449932672785
PM,Individual equity,,2016-2019,1006,1.8704771890980574,0.2989105688890854,-0.06787138637636791,2.1320906361264975,0.23714621746968434,-0.06434336335234891,0.7802007636717712,0.08148929299760965,-0.06252173322679155,-0.26161344702844014,0.061764351419401065,-0.0035280230240190003
PM,Individual equity,,2020-2022,756,0.6853999840897484,0.11997671590410564,-0.2824823409261955,1.1750906825708207,0.14967753879823964,-0.15866660060272553,-0.005014469366249607,-0.011295921999849634,-0.18700428264255975,-0.4896906984810723,-0.029700822894134005,-0.12381574032346998
PM,Individual equity,,2023-present,917,1.0734718309287323,0.16675880121211928,-0.1741063534949958,1.1483978072302783,0.15248798948305575,-0.10001570975801766,0.0891682479679056,0.0039906207838689145,-0.15989030633910328,-0.07492597630154596,0.014270811729063526,-0.07409064373697816
PNC,Individual equity,,2016-2019,1006,1.1972337109941822,0.18407566965783695,-0.11340753324349195,1.3784408349924469,0.15529046501848054,-0.08180577524998667,0.25947048164178255,0.022251385284485004,-0.11568318433380154,-0.18120712399826466,0.02878520463935641,-0.031601757993505286
PNC,Individual equity,,2020-2022,756,0.33212651673209265,0.056057604411432926,-0.36296574449346386,0.51131018553053,0.07575642017948536,-0.18692363797505684,0.13537869060619706,0.004884386417313147,-0.2912288438715551,-0.17918366879843733,-0.019698815768052436,-0.17604210651840702
PNC,Individual equity,,2023-present,917,1.2616412091099587,0.2622193939831754,-0.14804728017438773,1.1332332636624447,0.16910552985111305,-0.1628245085330735,0.7398635943451783,0.09801111459790546,-0.09060361304509623,0.128407945447514,0.09311386413206235,0.014777228358685779
PNR,Individual equity,,2016-2019,1006,0.9350964866163414,0.13562201077084723,-0.13982375299955696,0.9831909086760421,0.10873645396912868,-0.10072338195521302,0.44643585159723687,0.042648271759130774,-0.10249117145763076,-0.048094422059700714,0.026885556801718558,-0.03910037104434394
PNR,Individual equity,,2020-2022,756,1.2467746814603504,0.35967630280614493,-0.22513939456906873,1.1364656182274502,0.16724941691038464,-0.07505683380364048,0.8012502758855578,0.17637322402124345,-0.27868127498694395,0.11030906323290024,0.1924268858957603,-0.15008256076542825
PNR,Individual equity,,2023-present,917,1.1937251244557305,0.22640565995110484,-0.17753503180630448,1.3145693737072544,0.19010265994753772,-0.12779131648658215,0.09582937587816202,0.004172166791106102,-0.15164327482084594,-0.12084424925152382,0.03630300000356712,-0.049743715319722326
PNW,Individual equity,,2016-2019,1006,0.10620197960991112,0.005654292166316521,-0.20708898506810758,0.21192178100968026,0.013856920545057827,-0.09741355770688254,-0.18789895277329607,-0.017480204625387907,-0.184552452056836,-0.10571980139976914,-0.008202628378741306,-0.10967542736122504
PNW,Individual equity,,2020-2022,756,0.9589987711715122,0.22638974518138766,-0.2560936490354282,0.8768719730897983,0.10417974718752743,-0.16214367320496337,0.5972236600748924,0.11077854955520783,-0.2258658395733859,0.08212679808171397,0.12220999799386023,-0.09394997583046483
PNW,Individual equity,,2023-present,917,-0.11253304178997561,-0.022821692689121376,-0.23864847435512138,0.2664866310418337,0.02248388907680776,-0.13802233650034235,-0.5317180030935761,-0.044526732108736145,-0.19400388169337845,-0.37901967283180926,-0.04530558176592914,-0.10062613785477903
PODD,Individual equity,,2016-2019,1006,1.2030110631240267,0.2932279170800949,-0.17594025794282353,1.2695741521489203,0.24788310533262625,-0.12170847905533178,0.44100974100867524,0.05646215198478499,-0.1840766564697175,-0.0665630890248936,0.04534481174746863,-0.054231778887491755
PODD,Individual equity,,2020-2022,756,0.6104194462387849,0.15682873889221582,-0.3441068357785615,0.5351209322040424,0.10376891517803144,-0.27150317820902026,0.35696389005571083,0.05748388427838802,-0.2946712712430579,0.07529851403474241,0.053059823714184384,-0.07260365756954124
PODD,Individual equity,,2023-present,917,1.6101334548828186,0.4345750938286368,-0.1792283987977673,1.0627059144009487,0.1466620525708351,-0.14414962962479505,1.2471011847723614,0.2650740165640133,-0.1837745750598675,0.5474275404818698,0.2879130412578017,-0.03507876917297226
PPG,Individual equity,,2016-2019,1006,0.6842929304485105,0.08217540291503189,-0.12259808209914513,1.1612117722394661,0.1087352983369998,-0.08333688282673624,-0.2755720019031152,-0.02823272334755267,-0.14695880768792802,-0.47691884179095567,-0.026559895421967905,-0.0392611992724089
PPG,Individual equity,,2020-2022,756,0.6487577708746352,0.14754136439054744,-0.2690860734404241,0.1846899439412652,0.016682429654631292,-0.1389134556898074,0.5960327067739932,0.1129264999221844,-0.21957857327177643,0.46406782693336995,0.13085893473591614,-0.13017261775061673
PPG,Individual equity,,2023-present,917,0.42449224905731725,0.061907170654705634,-0.2760506797945852,0.67221109841976,0.07032507397041532,-0.13268630180563978,-0.07515046610891538,-0.02040152986409549,-0.23338992928093671,-0.24771884936244276,-0.008417903315709685,-0.1433643779889454
PPL,Individual equity,,2016-2019,1006,1.2780894423248186,0.16382897970745725,-0.09289387136755811,1.5647967527026323,0.13656368546476338,-0.05154994988391748,0.3354022094364593,0.02758483548480717,-0.12517714197370733,-0.2867073103778137,0.02726529424269386,-0.04134392148364063
PPL,Individual equity,,2020-2022,756,0.5745307429694477,0.11606884057191347,-0.40099398631994243,0.3011890859944549,0.028832826994222183,-0.21221087952635054,0.5069927979719631,0.08942028276049685,-0.324527039974317,0.27334165697499285,0.08723601357769128,-0.1887831067935919
PPL,Individual equity,,2023-present,917,0.08829128761535962,0.002768211482777616,-0.22169021784414022,0.7154285936193422,0.0748527585822254,-0.10762162362968808,-0.5688188796344945,-0.05057398654621559,-0.234024827429692,-0.6271373060039825,-0.07208454709944778,-0.11406859421445215
PPLT,Commodity ETF,,2016-2019,1006,0.8650013673741991,0.10748675905125493,-0.10445370899552175,0.8763979837320464,0.07905552283625195,-0.07696493869223608,0.38950378792783447,0.032145756767067546,-0.08521023163024133,-0.011396616357847278,0.028431236215002986,-0.02748877030328567
PPLT,Commodity ETF,,2020-2022,756,1.0739156178730578,0.216686975312548,-0.13133881455815122,0.9000099654893075,0.11638785920522032,-0.12199706332260885,0.6394726370373167,0.08984253571042244,-0.18889629331118596,0.17390565238375033,0.10029911610732767,-0.009341751235542373
PPLT,Commodity ETF,,2023-present,917,0.5898003440592127,0.1117341779179386,-0.3435612988816058,1.295354025722912,0.2150324185135728,-0.16059710548137374,-0.41063476127846066,-0.07370256268509934,-0.42329599836312926,-0.7055536816636993,-0.1032982405956342,-0.18296419340023207
PRU,Individual equity,,2016-2019,1006,0.7319546456347522,0.1045667404204742,-0.23198360156206033,1.4432502696563245,0.17020772308277476,-0.06601638493398021,-0.45180205273485297,-0.04958280057536557,-0.2733492751798149,-0.7112956240215723,-0.06564098266230056,-0.16596721662808012
PRU,Individual equity,,2020-2022,756,0.40746605714565126,0.08517038937461052,-0.364040355873713,0.4416633663974877,0.07142763662698415,-0.1625150338012673,0.2251878795546067,0.02372145025732819,-0.41216937554970523,-0.03419730925183645,0.013742752747626374,-0.20152532207244567
PRU,Individual equity,,2023-present,917,0.6340495485926165,0.09477801519403362,-0.19371525931385147,1.2183515284367556,0.13618817268946914,-0.11063886430342684,-0.2900201715560343,-0.04205812691962063,-0.29299483950102423,-0.5843019798441391,-0.04141015749543553,-0.08307639501042463
PSA,Individual equity,,2016-2019,1006,0.6471750544361349,0.07566134835610705,-0.15104572328138832,0.3704497116515048,0.025886095036258272,-0.07588121761020661,0.5644321779124797,0.05310106430174866,-0.1176118198836793,0.27672534278463007,0.04977525331984878,-0.07516450567118171
PSA,Individual equity,,2020-2022,756,1.297134123526159,0.23671770080124954,-0.12102345292877625,1.3538706759654837,0.1707558070657964,-0.11834417829183386,0.33489560672646757,0.035574501560909466,-0.13081989810121608,-0.05673655243932463,0.06596189373545314,-0.002679274636942397
PSA,Individual equity,,2023-present,917,0.2736817699825033,0.03058161436252349,-0.18587447641818655,0.36950453155041574,0.0341418803456246,-0.17156837123578106,-0.12003497464948304,-0.019750335445583134,-0.15822772219330283,-0.09582276156791242,-0.0035602659831011074,-0.014306105182405493
PSKY,Individual equity,,2023-present,267,0.9222200780128543,0.2513796045701564,-0.26157494982126017,-0.22901237250220446,-0.03303040326466422,-0.15696383701670513,1.0594852665934598,0.27738644396778467,-0.21413257237702443,1.1512324505150588,0.2844100078348206,-0.10461111280455504
PSX,Individual equity,,2016-2019,1006,1.4330780664314031,0.24930728083365805,-0.1631334515191578,1.5088110370019712,0.1927904533831417,-0.1270026537862703,0.4125195960854125,0.04266397996231208,-0.13531396682637742,-0.07573297057056805,0.05651682745051634,-0.03613079773288752
PSX,Individual equity,,2020-2022,756,1.3613793393560931,0.5738378747615585,-0.3464455062236397,1.4271638474862003,0.36512419142533115,-0.15216541046900156,0.6984734610933684,0.1833528952552943,-0.2875430643730742,-0.06578450813010717,0.2087136833362273,-0.19428009575463812
PSX,Individual equity,,2023-present,917,0.46248660553959353,0.0778289749740515,-0.3032052895135481,1.0654629625304994,0.1661028823376378,-0.16446129416985023,-0.5051170889695145,-0.07830430130694044,-0.28051966422228947,-0.6029763569909059,-0.08827390736358631,-0.13874399534369786
PTC,Individual equity,,2016-2019,1006,0.6898543034072226,0.11323283840575238,-0.269616516285233,1.198689555645387,0.1701805624636592,-0.20818298050221506,-0.29492302228721606,-0.03888418539810368,-0.1484325883408204,-0.5088352522381643,-0.05694772405790682,-0.06143353578301791
PTC,Individual equity,,2020-2022,756,0.9766152645755046,0.23626772521299544,-0.3323692011503043,1.1081587109278235,0.18551843603838059,-0.1711111727236987,0.232001816591031,0.026466947070428848,-0.33577387873523834,-0.13154344635231885,0.05074928917461485,-0.16125802842660564
PTC,Individual equity,,2023-present,917,0.8483824249006132,0.13881263466120108,-0.1814054478513013,0.7730005387164955,0.09268361837148986,-0.1420384050279383,0.2650095062321629,0.024996755586875752,-0.17623069772260558,0.07538188618411767,0.04612901628971122,-0.03936704282336301
PWR,Individual equity,,2016-2019,1006,0.9106316446718397,0.15418464544608512,-0.16613345019028525,0.9393741425756105,0.11526871141491735,-0.1473415543890727,0.346291470212679,0.03616455282960618,-0.1433547056129626,-0.028742497903770814,0.038915934031167776,-0.018791895801212544
PWR,Individual equity,,2020-2022,756,0.6621357840340544,0.14914647289918914,-0.2578743669428173,1.2314846671813207,0.23732359677643533,-0.11633103496870811,-0.26442462937602274,-0.06420534518704157,-0.39842819875446045,-0.5693488831472663,-0.08817712387724619,-0.14154333197410918
PWR,Individual equity,,2023-present,917,1.2426302314220816,0.3354512641639067,-0.15451554392731837,1.6411827885359263,0.37959507636509104,-0.12281167357506062,-0.04014072343611947,-0.019180993190452855,-0.3578348503766654,-0.39855255711384463,-0.04414381220118435,-0.031703870352257746
PYPL,Individual equity,,2016-2019,1006,0.8261729984133044,0.13300841886581138,-0.2055752489277506,1.3801692475338625,0.18438959017426138,-0.11366169121085234,-0.4853096686969381,-0.05766373135323677,-0.32587409487895125,-0.5539962491205581,-0.05138117130844999,-0.09191355771689824
PYPL,Individual equity,,2020-2022,756,1.121211102566999,0.43398241549951844,-0.2725825089060411,1.5630525848921404,0.3946476862984607,-0.16924485753732588,0.26428542919370956,0.033658256664918396,-0.34997082009577263,-0.4418414823251413,0.03933472920105774,-0.1033376513687152
PYPL,Individual equity,,2023-present,917,1.366162635197837,0.3894780418712338,-0.18165689474537483,1.0042528114928146,0.1771827383422564,-0.169041035778142,0.7127860705806789,0.1325120020693129,-0.1719589940032834,0.36190982370502245,0.2122953035289774,-0.01261585896723283
Q,Individual equity,,2023-present,206,1.3234814525895924,0.4096567682294594,-0.15159034320942877,1.5688334694065278,0.49360144364089353,-0.110509518937006,-0.7139982392549652,-0.05620286172648936,-0.07816006029314337,-0.24535201681693541,-0.08394467541143413,-0.04108082427242277
QCOM,Individual equity,,2016-2019,1006,1.1870405894851925,0.2463542127929439,-0.19616265157237234,1.2131040796585144,0.16042074722862187,-0.09533146753545507,0.4569099022013886,0.061732822990382186,-0.2136180822499011,-0.02606349017332188,0.08593346556432202,-0.10083118403691727
QCOM,Individual equity,,2020-2022,756,0.5662938987402827,0.14566419722482027,-0.2470722827668118,0.9851648476028358,0.21895075909993822,-0.11267010221054685,-0.06693908834874983,-0.04910366248497,-0.24649428636825155,-0.41887094886255316,-0.07328656187511795,-0.13440218055626496
QCOM,Individual equity,,2023-present,917,0.5614647341217729,0.12033678007278059,-0.23553691265653698,0.533048043743118,0.07640497918818578,-0.16606056169513206,0.3472716618101558,0.052308639370827636,-0.21472768687836563,0.028416690378654907,0.04393180088459481,-0.06947635096140492
QQQ,Broad index ETF,Indices,2016-2019,1006,0.8346927296744244,0.08650126486312315,-0.15324641430311936,1.9839910277731312,0.14606600088306676,-0.04386937880039332,-0.591111697207993,-0.04910616344926022,-0.2051601714332969,-1.1492982980987068,-0.05956473601994361,-0.10937703550272604
QQQ,Broad index ETF,Indices,2020-2022,756,0.7589813876337814,0.1585495056315689,-0.16657589391212924,1.203952569058059,0.15439722671242317,-0.1421341816956031,0.1301149011719005,0.0067744808652032695,-0.22779724786316957,-0.4449711814242776,0.004152278919145713,-0.024441712216526135
QQQ,Broad index ETF,Indices,2023-present,917,1.859634299652915,0.28443380594103074,-0.08429794733084328,2.219295905636799,0.24791782574194476,-0.04797151422020196,0.3483962548278953,0.029261526236614266,-0.10651386299200627,-0.3596616059838842,0.03651598019908597,-0.03632643311064132
QUAL,Factor/style ETF,,2016-2019,1006,1.5184673517474283,0.12350670344763448,-0.0718150572478583,2.495784039924431,0.1486885334028627,-0.02992586377256623,-0.2688992527694723,-0.017169841967128563,-0.11198441689371286,-0.9773166881770026,-0.02518182995522822,-0.041889193475292075
QUAL,Factor/style ETF,,2020-2022,756,1.024126840311839,0.19654014401074993,-0.12798366622391688,1.573348824316511,0.18300347044873355,-0.07756989515670043,0.1514527631006645,0.011442632164790467,-0.2079532018111283,-0.5492219840046719,0.013536673562016377,-0.05041377106721645
QUAL,Factor/style ETF,,2023-present,917,0.9151320935493115,0.0933259263316224,-0.11747714536259812,1.541351059670518,0.13140596240597402,-0.06297095672972264,-0.577992872626422,-0.0373401466258384,-0.1621166183019288,-0.6262189661212065,-0.03808003607435162,-0.054506188632875485
RBLX,Individual equity,,2020-2022,458,0.7181800708372882,0.28026655369465514,-0.4032073921678587,0.7520534236547068,0.18662667884868456,-0.1544485881371146,0.41138882428477747,0.08210045809317568,-0.5278594210825216,-0.033873352817418656,0.09363987484597058,-0.24875880403074413
RBLX,Individual equity,,2023-present,917,0.8265274849271164,0.2800890802713576,-0.3017764046481778,1.0989103595494614,0.3126121442907277,-0.1996873315192561,0.06289932138854114,-0.018355156005344875,-0.4218566122089792,-0.272382874622345,-0.03252306401937011,-0.10208907312892168
RCL,Individual equity,,2016-2019,1006,0.38630600726096753,0.0564226282212843,-0.19371576055894557,0.9151201600518417,0.1224571672281991,-0.14738715283648485,-0.3991919449661256,-0.05741222057610307,-0.23025336881446157,-0.5288141527908742,-0.0660345390069148,-0.046328607722460724
RCL,Individual equity,,2020-2022,756,0.8908932694295897,0.41926898255606093,-0.5419815449905713,0.3022089901330785,0.047539415952126296,-0.22710191575986594,0.9074249760144121,0.39223352290058955,-0.5627797516099029,0.5886842792965112,0.37172956660393464,-0.31487962923070534
RCL,Individual equity,,2023-present,917,1.958668684200952,0.7157412228781352,-0.2531226234139442,2.1149937751598813,0.5476047233559322,-0.1827620260918944,0.6899693858734804,0.13002294031969153,-0.15591666208272914,-0.15632509095892932,0.168136499522203,-0.0703605973220498
RDDT,Individual equity,,2023-present,612,1.1898586805995877,0.747830233945654,-0.47418835525529923,1.2044156934543169,0.5862539515417238,-0.2487666765222043,0.29832921281623226,0.03521125631133093,-0.39114287042977214,-0.014557012854729212,0.16157628240393018,-0.22542167873309493
RDW,Individual equity,,2020-2022,495,1.1679861868839878,0.5294481023058997,-0.28123921584226563,-0.06111295163071174,-0.01975117612217636,-0.15203411988678794,1.2555459269555085,0.5594708613610313,-0.25659174905880444,1.2290991385146997,0.549199278428076,-0.1292050959554777
RDW,Individual equity,,2023-present,917,1.051948698225616,0.6452888834032153,-0.4807791158723993,0.9748840678187557,0.44465281101706444,-0.3440869796151016,0.5339016601159841,0.15207605174491223,-0.3792216330116651,0.0770646304068604,0.2006360723861509,-0.1366921362572977
REG,Individual equity,,2016-2019,1006,0.7381473155508828,0.09691945214092734,-0.154886194365622,0.695881676223904,0.06250701695925587,-0.10130616786323787,0.4422038817490648,0.04187221420689857,-0.14028899355882896,0.0422656393269788,0.034412435181671475,-0.05358002650238414
REG,Individual equity,,2020-2022,756,0.33987654436562365,0.05907834404265566,-0.29804860041774794,1.014035825527412,0.16726435884317792,-0.1441220230107737,-0.10564139834579064,-0.05109222588179718,-0.43960414097370715,-0.6741592811617884,-0.10818601480052226,-0.15392657740697424
REG,Individual equity,,2023-present,917,0.25444559294773866,0.02521190365039616,-0.13483987553488974,0.5559753811659479,0.04776420288405703,-0.07395135912602768,-0.2754960709866892,-0.030577007189590555,-0.178970394684415,-0.30152978821820925,-0.022552299233660866,-0.06088851640886206
REGN,Individual equity,,2016-2019,1006,0.8191543762589277,0.15840822553594025,-0.1998123136770431,1.032310073021683,0.14035444671553376,-0.13091018480157668,0.2790995287071545,0.032047622936056674,-0.1273365914543847,-0.21315569676275525,0.018053778820406485,-0.06890212887546643
REGN,Individual equity,,2020-2022,756,0.5272064342567343,0.10220259418960675,-0.26656879639156417,0.43532202941139536,0.06712949151740677,-0.17387369651526974,0.11800884824650335,0.006921678478156279,-0.18479732484985245,0.09188440484533894,0.035073102672199985,-0.09269509987629443
REGN,Individual equity,,2023-present,917,1.2062886250764524,0.2382582288894297,-0.16556710261274654,0.9276399720093799,0.12211352949162846,-0.11217057136384556,0.7161100880763644,0.0984726333299557,-0.19737125953000845,0.27864865306707254,0.11614469939780125,-0.05339653124890098
RF,Individual equity,,2016-2019,1006,0.808488882486672,0.15228034613221197,-0.2083435797666201,1.3122967106708538,0.18995025305588054,-0.09177020763458721,-0.13923907160250543,-0.029991172820081013,-0.30806909328883403,-0.5038078281841819,-0.03766990692366856,-0.11657337213203289
RF,Individual equity,,2020-2022,756,0.40205644581483496,0.0843609671367731,-0.44622248781399765,0.6472446727359741,0.11659546739622728,-0.28382183797082805,0.18326837832702025,0.011093615375913135,-0.4228841417523923,-0.24518822692113912,-0.03223450025945418,-0.1624006498431696
RF,Individual equity,,2023-present,917,1.5118942292429265,0.35137388998685504,-0.13142169149451322,1.1721584357747525,0.19712520907355424,-0.10556633350126665,0.9181053600021876,0.12566574891729476,-0.10915436649532972,0.33973579346817395,0.1542486809133008,-0.025855357993246564
RIO,Individual equity,,2016-2019,1006,1.0098031584530243,0.20106327110594324,-0.21155056696372354,1.0937144442024467,0.18094073765303387,-0.22854395182748388,0.10539189758176291,0.005445059421568921,-0.1548890680710029,-0.08391128574942242,0.020122533452909375,0.01699338486376034
RIO,Individual equity,,2020-2022,756,1.7088347037436677,0.5013058726856756,-0.2317308991554412,1.6532468323306588,0.3525629206290204,-0.16097135004194274,0.6713905781597977,0.10533944496261016,-0.13134983973421266,0.055587871413008916,0.14874295205665522,-0.07075954911349847
RIO,Individual equity,,2023-present,917,1.1441509635129912,0.2125038248842681,-0.20203236219072696,1.4940495746801057,0.2278185816391276,-0.1434128376875986,-0.05525134521734933,-0.012473143006529352,-0.14765144155401566,-0.3498986111671145,-0.015314756754859493,-0.05861952450312835
RIVN,Individual equity,,2020-2022,287,1.107691652850895,0.6796254757281295,-0.5863732553434344,0.13671826219435138,0.00864657169409333,-0.17952602280673158,1.10963795249379,0.6652269713335546,-0.5904091111615318,0.9709733906565438,0.6709789040340361,-0.40684723253670285
RIVN,Individual equity,,2023-present,917,0.5649410833142352,0.16975123966073236,-0.4160936602750852,0.7753362832220757,0.1878156028977669,-0.2568655977808041,0.1377550166557015,-0.018640352624955003,-0.368613220149131,-0.2103951999078405,-0.01806436323703453,-0.15922806249428112
RJF,Individual equity,,2016-2019,1006,0.8307929109623462,0.1331288130826791,-0.13799892510243916,1.165515642709955,0.14361583802662636,-0.08083609480670761,-0.13257089018431514,-0.021861615879115393,-0.21300251695500705,-0.3347227317476087,-0.010487024943947265,-0.05716283029573155
RJF,Individual equity,,2020-2022,756,0.13069518652197334,-0.0002631531656267505,-0.41639269867463424,0.7030903412954709,0.11388856537161418,-0.19223281667105108,-0.4151960645584761,-0.0957125180591385,-0.43699508995897407,-0.5723951547734976,-0.11415171853724093,-0.22415988200358317
RJF,Individual equity,,2023-present,917,1.1370521743576447,0.2262069434332319,-0.14615348765293446,1.3462923475058968,0.19498356062500122,-0.09977496688038945,0.3051872350538853,0.03333892651229475,-0.16803671513687002,-0.20924017314825205,0.03122338280823067,-0.04637852077254501
RKLB,Individual equity,,2020-2022,529,1.2366320104734776,0.5498162731049516,-0.3262005194426515,0.8567898294072047,0.14882347659731754,-0.08846153846153848,0.8521552020251949,0.29204371961049524,-0.3262005194426516,0.3798421810662729,0.4009927965076341,-0.237738980981113
RKLB,Individual equity,,2023-present,917,1.1558993101184862,0.6127656003206718,-0.3292944040806923,1.2510701819174614,0.5517648271013882,-0.3647752375952753,0.24827496631389698,0.025529010712153966,-0.38563062070012566,-0.09517087179897521,0.061000773219283655,0.03548083351458298
RL,Individual equity,,2016-2019,1006,0.9127003315608617,0.19499347241773646,-0.1537196022748204,0.47588831757498656,0.06614560278394466,-0.11942815386554706,0.8125057165822944,0.12359235560536463,-0.2003532575446979,0.43681201398587516,0.1288478696337918,-0.03429144840927334
RL,Individual equity,,2020-2022,756,-0.2832170512497135,-0.1316687970945153,-0.5750779686863933,0.15336550452133862,0.011009794965668007,-0.2168804397631281,-0.28173907517660546,-0.10551090059792112,-0.5058336584889895,-0.43658255577105215,-0.1426785920601833,-0.3581975289232652
RL,Individual equity,,2023-present,917,1.1762817420040688,0.27043798731945934,-0.14565080126250263,1.243332458010384,0.25024482059679376,-0.09971512517108816,0.13632916773843998,0.00915043000343485,-0.11279730353301765,-0.06705071600631518,0.02019316672266558,-0.04593567609141447
RMBS,Individual equity,,2016-2019,1006,0.9963436681389699,0.1719675461743777,-0.134640910152661,0.4320046171592228,0.04676461886395322,-0.12252223780154525,1.114019878961788,0.1612121093849883,-0.14006139375245952,0.5643390509797471,0.12520292731042448,-0.012118672351115745
RMBS,Individual equity,,2020-2022,756,1.1731178257347692,0.3848250161175455,-0.21984118415997822,1.2236359343520375,0.28982190445643474,-0.22260671941460808,0.3441402853808652,0.05396379833083098,-0.22940405864086477,-0.050518108617268354,0.09500311166111075,0.0027655352546298584
RMBS,Individual equity,,2023-present,917,0.5886408958284073,0.16936683716078615,-0.3853926784382481,0.9365795080763988,0.25026880588283396,-0.19438025777822998,-0.05676260419092101,-0.05520078209056556,-0.44910185823630333,-0.3479386122479915,-0.0809019687220478,-0.1910124206600181
RMD,Individual equity,,2016-2019,1006,0.5545285811404046,0.06994833626685981,-0.13991494532996518,0.9147287227275064,0.11235781171774084,-0.10364395671165605,-0.22896882811916408,-0.01880328244104501,-0.18719806701115504,-0.3602001415871018,-0.04240947545088103,-0.03627098861830913
RMD,Individual equity,,2020-2022,756,0.930837865419289,0.19043277767358768,-0.17015710620974178,1.5037249152029402,0.2388247526351286,-0.10600379723487163,0.02521927318437803,-0.008760802472556062,-0.17271395252642863,-0.5728870497836511,-0.04839197496154091,-0.06415330897487015
RMD,Individual equity,,2023-present,917,0.7707034923477082,0.13782002860345255,-0.1507408258695887,0.908423176182911,0.10645603706354101,-0.10924987797932928,0.24031653670183042,0.025487987078722574,-0.2518515845304997,-0.13771968383520283,0.03136399153991154,-0.04149094789025942
ROK,Individual equity,,2016-2019,1006,1.001780557838994,0.17170536789417845,-0.17366856077023773,1.0584804390574862,0.14257620749252986,-0.12532953945224634,0.32279009540417725,0.030240906713471682,-0.11603514282898386,-0.05669988121849223,0.02912916040164859,-0.04833902131799139
ROK,Individual equity,,2020-2022,756,0.576046099775175,0.13367163894334833,-0.23887920632873405,0.942630608140165,0.14974166135321276,-0.10428041917674158,0.2728020249955904,0.037404296325880715,-0.22887882051394337,-0.36658450836499,-0.016070022409864437,-0.13459878715199247
ROK,Individual equity,,2023-present,917,0.41485605966606304,0.06605001965099899,-0.24091031201960955,0.9752665186010777,0.14394783015921564,-0.139554029770653,-0.39462505104727635,-0.06440232534193224,-0.2550513079881197,-0.5604104589350147,-0.07789781050821665,-0.10135628224895654
ROL,Individual equity,,2016-2019,1006,1.2170803879634517,0.15017645744987962,-0.13882879503753487,1.7739514508181482,0.17934455259314697,-0.10162546110154014,-0.041647359564916546,-0.006054177418231554,-0.12969199741280413,-0.5568710628546965,-0.029168095143267347,-0.03720333393599473
ROL,Individual equity,,2020-2022,756,0.6897104692298512,0.1210191163861043,-0.17068061821606828,1.0707000812455132,0.1530105918486897,-0.11603319296393233,-0.022941771686514914,-0.011405828400292806,-0.1618200344401327,-0.38098961201566195,-0.031991475462585406,-0.05464742525213595
ROL,Individual equity,,2023-present,917,0.7524619309525423,0.10135655546681233,-0.19909830221152458,0.7403992964896321,0.06498145290288782,-0.11219884466066943,0.2619709464313737,0.023427515707116653,-0.18108346830424504,0.012062634462910227,0.03637510256392451,-0.08689945755085515
ROP,Individual equity,,2016-2019,1006,0.8693743264576975,0.09553637685393168,-0.1240827655322726,1.1996067766986938,0.10009844609949914,-0.07124458888258312,-0.1031226335452882,-0.010805422823157218,-0.12471840130694611,-0.33023245024099623,-0.004562069245567457,-0.05283817664968948
ROP,Individual equity,,2020-2022,756,1.0892346613968176,0.20798800818850394,-0.1340490026886938,1.345868691145244,0.17775055984525334,-0.07353002201919323,0.21633237023079396,0.020885823102715584,-0.14168517643270584,-0.2566340297484264,0.030237448343250595,-0.060518980669500566
ROP,Individual equity,,2023-present,917,0.4108179404613454,0.0465612864290057,-0.11328210711322073,0.36970629276531825,0.032602343136677314,-0.11357570281959739,-0.05624352490024937,-0.009048693244603667,-0.1715363534414397,0.041111647696027154,0.013958943292328385,0.0002935957063766592
ROST,Individual equity,,2016-2019,1006,0.6887636936660488,0.10282341988582999,-0.16028770668653192,1.3363107059268806,0.17745926790313882,-0.08479376064639599,-0.30248296081469583,-0.03980635947597011,-0.2336107834548493,-0.6475470122608318,-0.07463584801730883,-0.07549394604013593
ROST,Individual equity,,2020-2022,756,0.3200511800071815,0.05313713324623115,-0.38798727092830354,0.6511910124308405,0.10087516642612848,-0.14860470567512207,-0.07895836543799328,-0.04963898948236367,-0.4222891588920036,-0.331139832423659,-0.04773803317989733,-0.23938256525318147
ROST,Individual equity,,2023-present,917,1.1968496633648635,0.1981643786028553,-0.10095488692922372,1.4410815196046332,0.20607586566829816,-0.07534816658272958,0.12787532422149983,0.007596185390054133,-0.15558446896009592,-0.24423185623976962,-0.007911487065442868,-0.02560672034649414
RSG,Individual equity,,2016-2019,1006,1.3207970302167018,0.12346876996520662,-0.08013847683976483,1.7908007015326322,0.1443223242988021,-0.0653229729023691,-0.616014657847717,-0.030845264738602607,-0.12665389404835725,-0.47000367131593035,-0.02085355433359548,-0.014815503937395724
RSG,Individual equity,,2020-2022,756,1.244841488596379,0.21970917471737006,-0.09076619414349552,1.6963688701180188,0.1739349691703287,-0.08570487761919632,0.358099673276498,0.04155555101720698,-0.15540573206105202,-0.45152738152163985,0.04577420554704137,-0.0050613165242991975
RSG,Individual equity,,2023-present,917,1.4911259707461588,0.1896940623001051,-0.06317419787225509,1.5184324387058308,0.14322929689575004,-0.04827132858929428,0.33596266522897017,0.02544195942317562,-0.12991675640571887,-0.027306467959671954,0.04646476540435507,-0.014902869282960807
RSP,Broad index ETF,,2016-2019,1006,1.1866722342688405,0.09818018452969546,-0.07946526156853428,1.982765414624374,0.12302850174349755,-0.044317654747776714,-0.23222063175326665,-0.014919325917229997,-0.10895681406770441,-0.7960931803555336,-0.024848317213802096,-0.03514760682075757
RSP,Broad index ETF,,2020-2022,756,0.763825168554007,0.13819774749195113,-0.1445072219977993,1.078693340575169,0.12156106729284621,-0.06941480399865263,0.25146672310783547,0.027880855751175604,-0.17287894825119143,-0.31486817202116213,0.016636680199104914,-0.07509241799914668
RSP,Broad index ETF,,2023-present,917,1.147614971686843,0.11552410950535985,-0.0862618642206251,1.5218608230507493,0.12037267811025143,-0.059879048861207984,-0.2283117174524452,-0.016684591714472674,-0.11831296197824126,-0.3742458513639064,-0.004848568604891579,-0.02638281535941711
RTX,Individual equity,,2016-2019,1006,0.7740143612400391,0.09362496842773083,-0.14536575032984977,1.522783415009251,0.14339313097487794,-0.05422184300615185,-0.6133420880203704,-0.05632981609420473,-0.20662086868015095,-0.7487690537692119,-0.04976816254714711,-0.09114390732369793
RTX,Individual equity,,2020-2022,756,-0.09268293283039859,-0.06893727846707831,-0.5787717113310344,0.35564611357550135,0.041962937776560016,-0.16584538882534527,-0.2881924652420597,-0.10181086495767278,-0.5043387756741877,-0.44832904640589993,-0.11090021624363833,-0.41292632250568917
RTX,Individual equity,,2023-present,917,1.2533914632302907,0.19839989335571473,-0.1125610389439059,1.4123853090540601,0.1797554582470018,-0.06434730472242722,0.25541271256362297,0.020273259062620008,-0.12981187593584897,-0.1589938458237694,0.018644435108712942,-0.04821373422147868
RUN,Individual equity,,2016-2019,1006,0.7671827265539832,0.2086398028051515,-0.23284011126384552,1.1639980440708573,0.2738643081792511,-0.21118247466391626,0.03174751554616874,-0.019033737989360477,-0.3380477688588267,-0.39681531751687404,-0.06522450537409963,-0.021657636599929253
RUN,Individual equity,,2020-2022,756,1.282397414437095,0.8303297166260846,-0.4617956654051528,1.520549020899903,0.6189627771001949,-0.31359168977272345,0.5488836634787321,0.15893004733533322,-0.5355254539804775,-0.23815160646280797,0.2113669395258897,-0.14820397563242937
RUN,Individual equity,,2023-present,917,-0.3032744803612569,-0.29461254155446626,-0.7999206518529961,-0.04604612061555209,-0.07060745880531916,-0.37533201530804106,-0.35909310527442106,-0.2394013913350731,-0.7367944361155209,-0.25722835974570485,-0.2240050827491471,-0.42458863654495504
RVTY,Individual equity,,2016-2019,1006,0.6056713480646351,0.08443018678516245,-0.19588098738137305,1.336617762967839,0.14988388877175463,-0.06751573477193962,-0.4394422085533357,-0.05232820470215771,-0.25634617673291826,-0.730946414903204,-0.06545370198659217,-0.12836525260943343
RVTY,Individual equity,,2020-2022,756,0.42224704568706306,0.07123872732027037,-0.3493846020615058,0.8605300393752364,0.12666975032815597,-0.22001875766147672,-0.20754981223027277,-0.04457230659844613,-0.23464266978463555,-0.43828299368817336,-0.055431023007885605,-0.12936584440002907
RVTY,Individual equity,,2023-present,917,0.1056395014307141,-0.006260799019318863,-0.39764377562890796,0.3193403072307647,0.04084744505421045,-0.1951024889373999,-0.08416568862246439,-0.03667738608878601,-0.32459298766655553,-0.21370080580005058,-0.047108244073529315,-0.20254128669150806
S,Individual equity,,2020-2022,380,0.7106949826643743,0.27220615912732016,-0.3962577861768243,0.5391217034258035,0.09028434839372168,-0.1829711684068167,0.5579829722042177,0.16685721573607615,-0.3962577861768243,0.1715732792385708,0.18192181073359848,-0.21328661777000757
S,Individual equity,,2023-present,917,0.43198392851960987,0.09096199825600482,-0.32909545989509925,0.8289470628673272,0.19494930781587927,-0.18026203003913344,-0.293571879358138,-0.08410564220689554,-0.36385304888943404,-0.39696313434771735,-0.10398730955987445,-0.14883342985596582
SBAC,Individual equity,,2016-2019,1006,0.8128402466294175,0.10866683771235719,-0.14700709428110248,1.5578097156621604,0.17261517333795973,-0.09107492502331516,-0.3984057006835148,-0.040444179867070496,-0.21377132088454054,-0.744969469032743,-0.06394833562560254,-0.05593216925778732
SBAC,Individual equity,,2020-2022,756,0.8641205685387632,0.19342738599276754,-0.3530576292309342,0.6202214392639581,0.08952478278521658,-0.19339980949869617,0.5977656547063356,0.09472047352912805,-0.2300692828169617,0.24389912927480506,0.10390260320755096,-0.15965781973223803
SBAC,Individual equity,,2023-present,917,0.610352155427293,0.10819990909371424,-0.21400749493595606,0.14191905005272681,0.010012552132208752,-0.16306921505338812,0.7135075869452141,0.11091484358904169,-0.1586131707372509,0.4684331053745662,0.09818735696150549,-0.05093827988256794
SBUX,Individual equity,,2016-2019,1006,0.9942891223358715,0.12489519450810271,-0.1032457968577869,1.4542231688742542,0.1458096766630539,-0.05767179496097463,-0.07987452525667722,-0.010268243182184666,-0.15938422997913637,-0.45993404653838266,-0.020914482154951175,-0.045574001896812266
SBUX,Individual equity,,2020-2022,756,0.7050690678825178,0.15451660352162166,-0.3054235498708924,0.7554112836584049,0.10796952465410126,-0.12160040283470785,0.33035400248742786,0.046767184005964246,-0.2628583405695625,-0.050342215775887156,0.04654707886752041,-0.18382314703618452
SBUX,Individual equity,,2023-present,917,0.6826152593212157,0.10913446323412024,-0.1619002546721281,0.38934222770559174,0.03982104053929647,-0.15805170482582054,0.49470222914973394,0.058256835234448356,-0.14728914762050982,0.29327303161562396,0.06931342269482377,-0.0038485498463075585
SCCO,Individual equity,,2016-2019,1006,0.8165736308262155,0.15377476052483763,-0.2455521634851051,0.9707260463296381,0.1411032729721977,-0.15648044612024603,0.12006604537489678,0.007121918861608512,-0.20007197791439668,-0.15415241550342262,0.012671487552639915,-0.08907171736485908
SCCO,Individual equity,,2020-2022,756,1.4531683068839392,0.49062907885191476,-0.2703766539927659,1.639126319224981,0.39415682532395757,-0.18313567337424697,0.416277810011179,0.06919756212185124,-0.30072360864184144,-0.1859580123410418,0.09647225352795719,-0.08724098061851893
SCCO,Individual equity,,2023-present,917,0.6470766537324139,0.13598546728690852,-0.3621519408155145,1.3061081445473766,0.2494534929975012,-0.2234549275393648,-0.6330795322429266,-0.10744585649063998,-0.3537988610308036,-0.6590314908149627,-0.11346802571059267,-0.1386970132761497
SCHD,Factor/style ETF,,2016-2019,1006,1.595858379915182,0.1252611440098792,-0.06819770737059394,2.3832679334846887,0.1406933134353543,-0.03368279504017191,-0.3132064579806095,-0.0172728666327292,-0.11525215022414015,-0.7874095535695067,-0.015432169425475095,-0.03451491233042203
SCHD,Factor/style ETF,,2020-2022,756,0.8258184586649688,0.1420296943299808,-0.1084106999039276,1.5171958428491525,0.17102948724853406,-0.05358435916002913,0.04249750470945789,-0.00455987627747223,-0.1894139940980285,-0.6913773841841837,-0.028999792918553258,-0.05482634074389847
SCHD,Factor/style ETF,,2023-present,917,1.0131200881225668,0.09070887527853722,-0.07640870996342719,1.3698440458986936,0.09791610296542053,-0.07329903822758055,-0.057118662367271374,-0.00493926735251482,-0.08022945882001409,-0.35672395777612675,-0.007207227686883311,-0.003109671735846642
SCHW,Individual equity,,2016-2019,1006,1.1365426955752003,0.2053253822356107,-0.12018297119033794,1.4685211658369979,0.19883475782249316,-0.10044229332288956,0.1792461462099491,0.014671641261333912,-0.14360035602508792,-0.3319784702617976,0.006490624413117541,-0.019740677867448375
SCHW,Individual equity,,2020-2022,756,0.33416136061604984,0.05659174939877376,-0.27094753888159584,0.5956650740626123,0.09479896406566368,-0.158125943124923,-0.06595453600035119,-0.04409692062546555,-0.3351385133335798,-0.2615037134465624,-0.03820721466688992,-0.11282159575667283
SCHW,Individual equity,,2023-present,917,1.6893734070327664,0.39190664481875137,-0.1082950164321288,2.0893070674937326,0.3808453816244006,-0.07484125198702263,0.31861277302652297,0.03519715085264097,-0.14818733835442832,-0.39993366046096623,0.011061263194350746,-0.03345376444510617
SEDG,Individual equity,,2016-2019,1006,0.47200087994499423,0.1074549918450074,-0.36119039315028023,0.823022027493982,0.17984522924556878,-0.2935921162703352,-0.2226210587227896,-0.07579533302272545,-0.4085508179051577,-0.3510211475489878,-0.07239023740056139,-0.06759827687994502
SEDG,Individual equity,,2020-2022,756,0.7467378152258365,0.2769836838089319,-0.4929589254236213,1.3762653640393478,0.537486360449599,-0.16561420536517646,-0.5029012660201327,-0.22050183845750881,-0.7053817729606091,-0.6295275488135114,-0.26050267664066706,-0.32734472005844484
SEDG,Individual equity,,2023-present,917,0.5109972103568713,0.14005300932529163,-0.7141904623335895,0.026357826458059945,-0.04307438213405568,-0.28338432337857977,0.5883434411069958,0.1892302222276081,-0.7315487614655469,0.48463938389881134,0.1831273914593473,-0.43080613895500974
SHOP,Individual equity,,2016-2019,1006,1.0950601940526674,0.3077793639466384,-0.34789362610770114,1.9877390120853922,0.5380854704180227,-0.13630909589040152,-0.8373764509111379,-0.14387040834025455,-0.49612236698086143,-0.8926788180327248,-0.23030610647138428,-0.21158453021729962
SHOP,Individual equity,,2020-2022,756,0.8103044526871359,0.35098521774037517,-0.476816444556457,0.5163874113039215,0.12149073560813073,-0.48613644149340796,0.3735915807696168,0.06537120169050437,-0.4580797543647305,0.2939170413832144,0.22949448213224444,0.009319996936950958
SHOP,Individual equity,,2023-present,917,0.8137753657017988,0.2655370280338267,-0.27066688681630624,1.0407801264272176,0.3134759676556784,-0.21673163820226438,0.02293153758440174,-0.018396685699678783,-0.21040452367477558,-0.22700476072541886,-0.047938939621851695,-0.053935248614041864
SHV,Bond ETF,,2016-2019,1006,1.7919596521557384,0.004487577558170086,-0.007756446554547658,1.7919596521557384,0.004487577558170086,-0.007756446554547658,,0.0,0.0,0.0,0.0,0.0
SHV,Bond ETF,,2020-2022,756,1.5027792650435254,0.0029022510039609095,-0.004377836222528075,2.5369495121467938,0.0037725941667439145,-0.001783510130951682,-0.7091927570906585,-0.0008670720518177966,-0.002850694972589274,-1.0341702471032683,-0.0008703431627830049,-0.0025943260915763933
SHV,Bond ETF,,2023-present,917,16.99878567374388,0.04581499690839319,-0.0005284853609555107,16.99878567374388,0.04581499690839319,-0.0005284853609555107,,0.0,0.0,0.0,0.0,0.0
SHW,Individual equity,,2016-2019,1006,1.602400153751477,0.26420905114345294,-0.14089180034993698,1.889978865612158,0.25351648660760695,-0.053252404947319976,0.2359824546439962,0.017821904078844764,-0.11858737145405562,-0.2875787118606812,0.010692564535845994,-0.087639395402617
SHW,Individual equity,,2020-2022,756,1.6532868190332235,0.38496797184022924,-0.13282285242493086,1.59323532155842,0.2037574890122238,-0.07677773382464037,0.934202991885535,0.15842145217922643,-0.12411427412551612,0.06005149747480343,0.18121048282800545,-0.05604511860029049
SHW,Individual equity,,2023-present,917,0.8839672558721177,0.13935368206203314,-0.15126381122572075,0.9940737337644393,0.12136459475417882,-0.13618720599668543,0.18085826752858572,0.014160990375121862,-0.14214811621347512,-0.11010647789232164,0.017989087307854312,-0.015076605229035311
SHY,Bond ETF,,2016-2019,1006,0.4635395011413451,0.0028872212642074846,-0.01069013718461198,0.3503197296410737,0.0020464898289129785,-0.010136188095899334,0.39252425502439064,0.0008390144008572076,-0.0033144501760912215,0.1132197715002714,0.0008407314352945061,-0.0005539490887126464
SHY,Bond ETF,,2020-2022,756,0.7200834041377495,0.006841855850496792,-0.013024006649788644,0.6499946834801592,0.0029943154531175686,-0.005891399063882696,0.4629501372918484,0.003836054041483461,-0.0071748776533966385,0.07008872065759031,0.0038475403973792233,-0.007132607585905948
SHY,Bond ETF,,2023-present,917,1.3449748396494767,0.016934832098891794,-0.012571477242930507,1.3449748396494767,0.016934832098891794,-0.012571477242930507,,0.0,0.0,0.0,0.0,0.0
SIL,Thematic/industry ETF,,2016-2019,1006,0.8757196985230149,0.20414077898944005,-0.20522834712113158,1.0221431182285998,0.19048884805217914,-0.15350366390612669,0.1416844934093489,0.009852032472191574,-0.18847737864989356,-0.14642341970558492,0.013651930937260914,-0.051724683215004896
SIL,Thematic/industry ETF,,2020-2022,756,0.7872791119046971,0.2011101306951415,-0.2494046855662827,0.9006663879782921,0.17205030584523584,-0.21670081181288092,0.2946476008534593,0.04039668953005604,-0.17164387417895433,-0.113387276073595,0.029059824849905658,-0.03270387375340178
SIL,Thematic/industry ETF,,2023-present,917,1.367307182702041,0.38658667701234206,-0.26276125773702597,1.7573504018934452,0.4187189701361649,-0.16167008046997622,-0.06472516341453977,-0.022648807692152717,-0.2557561912188041,-0.39004321919140406,-0.03213229312382282,-0.10109117726704975
SJM,Individual equity,,2016-2019,1006,0.4787657845221189,0.056414109337924234,-0.18639173408484988,0.6998317422286655,0.05830469319898923,-0.10443464377262712,0.1664835614309768,0.012122943820833898,-0.16836801667879953,-0.22106595770654663,-0.0018905838610649983,-0.08195709031222276
SJM,Individual equity,,2020-2022,756,0.1385198294476493,0.009629572148506238,-0.16344312872553435,0.3937686583659817,0.044969099967081316,-0.1443177865358095,-0.6861171520974824,-0.06471322374192134,-0.22326547714009282,-0.2552488289183324,-0.03533952781857508,-0.019125342189724837
SJM,Individual equity,,2023-present,917,0.533541382915172,0.07347545996668692,-0.18813649681277422,0.32788383320060727,0.03203560497974167,-0.11003968829910848,0.3050628558054211,0.026758706860947834,-0.20011118097121905,0.20565754971456468,0.041439854986945246,-0.07809680851366574
SKYY,Thematic/industry ETF,,2016-2019,1006,0.5496094195733315,0.05377748014989381,-0.18127130534251934,1.418443465954922,0.1055514955409842,-0.07698792641056151,-0.6923856370887551,-0.05464782853633421,-0.2013584160192864,-0.8688340463815906,-0.05177401539109039,-0.10428337893195783
SKYY,Thematic/industry ETF,,2020-2022,756,1.0258031272628925,0.24968924543326376,-0.2248760364422443,1.5132106541270833,0.21076312677327258,-0.0902728109411084,0.2912023247584414,0.040113699497550614,-0.21618824134089698,-0.48740752686419087,0.03892611865999118,-0.1346032255011359
SKYY,Thematic/industry ETF,,2023-present,917,0.9966587456730348,0.18726637131607649,-0.20730073817047845,1.71978782043551,0.2837239455807772,-0.10587327868851637,-0.5722991239311013,-0.07026535958944757,-0.25886480404971846,-0.7231290747624751,-0.0964575742647007,-0.10142745948196208
SLB,Individual equity,,2016-2019,1006,1.1428411065516344,0.2248349110380803,-0.18041108165836317,0.8105037859367894,0.09898803625193953,-0.10209923605479099,0.8086272344287558,0.1145115967006678,-0.14881655776679203,0.332337320614845,0.12584687478614076,-0.07831184560357218
SLB,Individual equity,,2020-2022,756,0.7764008365150252,0.26496875516726703,-0.35725345479814963,1.0381466620877964,0.24812343841063922,-0.1823881973665069,0.34695651667441263,0.0633520913002994,-0.41319734177776524,-0.26174582557277115,0.016845316756627815,-0.17486525743164272
SLB,Individual equity,,2023-present,917,0.5702861670576393,0.10003233015757318,-0.25565018052507416,0.008506025863317728,-0.008061878346604323,-0.22873170275753285,0.679298160329407,0.09613989635551734,-0.12014443634346339,0.5617801411943216,0.1080942085041775,-0.026918477767541305
SLV,Commodity ETF,,2016-2019,1006,1.171479595261533,0.14744073047185724,-0.10922711871757096,1.270408558647608,0.11535760850612342,-0.06023132025520328,0.43184806873748943,0.03517200571086976,-0.07922326753089926,-0.09892896338607504,0.03208312196573382,-0.04899579846236768
SLV,Commodity ETF,,2020-2022,756,1.3817488233627526,0.3597110655917215,-0.1486148296372033,1.2195046539562284,0.233037539099735,-0.16306920921465518,0.7102318593749967,0.10532791763751859,-0.10629098155436012,0.1622441694065242,0.1266735264919865,0.014454379577451881
SLV,Commodity ETF,,2023-present,917,1.171620195222964,0.3074951571843818,-0.3142434236910031,1.9278729590501096,0.40090815186307016,-0.120609220072731,-0.14479420759439926,-0.042244802262469294,-0.35521121951156553,-0.7562527638271457,-0.09341299467868835,-0.1936342036182721
SMCI,Individual equity,,2016-2019,1006,0.6190430035446916,0.09975187069879277,-0.28178247659414546,0.7361736203921448,0.07675592655393526,-0.0993340085711989,0.21000177959139962,0.020826119626416784,-0.3094563613874092,-0.1171306168474533,0.022995944144857505,-0.18244846802294656
SMCI,Individual equity,,2020-2022,756,0.7036047279704796,0.19863402191997293,-0.31275924740428485,1.245161153658038,0.2904023299636658,-0.12676915436696146,-0.018973758333863444,-0.036974692137955456,-0.3222085317328789,-0.5415564256875585,-0.09176830804369285,-0.1859900930373234
SMCI,Individual equity,,2023-present,917,1.2435820322146303,0.7075198131041591,-0.4106073750620576,1.5027917839831528,0.6679685867301675,-0.30793688997081925,0.11872232309637892,-0.031909238992885,-0.5204719431749198,-0.25920975176852257,0.039551226373991666,-0.10267048509123833
SMH,Thematic/industry ETF,,2016-2019,1006,0.9735664846601767,0.16484976723920464,-0.16955603063563907,1.711667302073225,0.22954455549663488,-0.1386969203862135,-0.27965831000705393,-0.04025159265481648,-0.1765126224635427,-0.7381008174130482,-0.06469478825743025,-0.03085911024942556
SMH,Thematic/industry ETF,,2020-2022,756,0.5363925179971476,0.12766814376258195,-0.31986744386952937,0.9146146778571295,0.1763257280658883,-0.18534584592394143,-0.031197127171352836,-0.03740124320015237,-0.35518073220285074,-0.37822215985998187,-0.048657584303306356,-0.13452159794558793
SMH,Thematic/industry ETF,,2023-present,917,1.1506735596247502,0.29025994400089616,-0.24399213398128072,1.53389697322475,0.3192187638502566,-0.18906688754763845,-0.15335765799540998,-0.03660128411805119,-0.19457635986128485,-0.3832234135999999,-0.02895881984936044,-0.05492524643364227
SNA,Individual equity,,2016-2019,1006,0.38096142190671933,0.04531636102300096,-0.17149402255898782,0.3532393340938014,0.027328357412339965,-0.07998375607479224,0.1056981555136557,0.005644860418382303,-0.1782197498731959,0.027722087812917906,0.017988003610660996,-0.09151026648419558
SNA,Individual equity,,2020-2022,756,0.8594149123842499,0.21181113010130503,-0.2142650025477224,0.996212825019537,0.15996200931521098,-0.16226655702495107,0.27034537367254846,0.03558498486343642,-0.2133235544169766,-0.13679791263528707,0.05184912078609405,-0.05199844552277133
SNA,Individual equity,,2023-present,917,-0.13923651408314874,-0.027512013080466247,-0.25817723883098476,0.60382166535172,0.05889508916591657,-0.14208131483651532,-0.7506923075429915,-0.07082389062502781,-0.2577522832930299,-0.7430581794348687,-0.08640710224638282,-0.11609592399446944
SNAP,Individual equity,,2016-2019,714,0.900257268211262,0.2873774474602655,-0.3822764999630165,0.9054293101116697,0.20543021995542343,-0.17956036393827435,0.5089127622439852,0.102521916487198,-0.2703797583542642,-0.0051720419004077645,0.08194722750484207,-0.20271613602474214
SNAP,Individual equity,,2020-2022,756,0.5889728982913721,0.19253675401464476,-0.7330210897874047,0.910124607031125,0.2873469972443594,-0.301313406737162,0.4342336463057973,0.10694614837144711,-0.47230862064897683,-0.32115170873975285,-0.09481024322971465,-0.43170768305024265
SNAP,Individual equity,,2023-present,917,1.282307538176387,0.49829092625533167,-0.23484506015362883,0.9019847268344465,0.1976871500132522,-0.15483117218811027,0.825485938415454,0.23012269879094882,-0.2785861168772271,0.38032281134194057,0.30060377624207946,-0.08001388796551856
SNDK,Individual equity,,2023-present,387,2.1255821366136702,2.755709266379839,-0.4347365505892782,2.8526240698470766,3.7375478507702713,-0.2850795592950718,-0.2890683394988436,-0.20724615672869584,-0.448758388782149,-0.7270419332334064,-0.9818385843904323,-0.1496569912942064
SNOW,Individual equity,,2020-2022,578,0.16511280210540857,-0.051225532863107937,-0.4978059830347038,0.6067681009041442,0.13387092245357102,-0.2487872601876553,-0.26304488381931307,-0.20530137606088872,-0.4674474263145849,-0.44165529879873566,-0.18509645531667895,-0.2490187228470485
SNOW,Individual equity,,2023-present,917,1.1435147876487977,0.49492180662478025,-0.2820484481177361,1.0830524563358366,0.38821190724566224,-0.23756901973071853,0.2996108688525298,0.044176609689811075,-0.25066043847576414,0.06046233131296108,0.10670989937911801,-0.04447942838701757
SNPS,Individual equity,,2016-2019,1006,1.1133252580713786,0.15304152321827824,-0.1104024874730396,1.5995194808698925,0.19089226663905268,-0.07100744375912416,-0.44546395142816386,-0.03609707582770094,-0.14023842966839917,-0.4861942227985139,-0.037850743420774435,-0.039395043713915445
SNPS,Individual equity,,2020-2022,756,1.5555590688109935,0.510564455586028,-0.165584302412091,2.0154777190582824,0.44621743761816224,-0.13936211196167936,0.39170644243755043,0.0644725400381041,-0.20043846225405126,-0.45991865024728895,0.0643470179678658,-0.02622219045041163
SNPS,Individual equity,,2023-present,917,0.9606573212723729,0.29303492550113663,-0.1800517275503989,0.8129052883457103,0.12272890877441478,-0.14131321864622381,0.5764616789197399,0.13153632942240323,-0.16316513785824172,0.1477520329266626,0.17030601672672185,-0.03873850890417507
SO,Individual equity,,2016-2019,1006,1.0615624940936148,0.12343958466089022,-0.10564299983999392,1.199084345741424,0.11545493475586421,-0.06354402445915097,0.13046240908635431,0.006516562796237579,-0.07984837805139033,-0.13752185164780917,0.007984649905026009,-0.04209897538084295
SO,Individual equity,,2020-2022,756,0.451137879504221,0.07537396055169143,-0.3705619834723035,0.4234203122857221,0.04845987066497037,-0.1886907578361131,0.06519980982846188,-0.0035152842961577724,-0.32878166456820623,0.02771756721849894,0.02691408988672106,-0.1818712256361904
SO,Individual equity,,2023-present,917,0.020287088057266756,-0.005661150597008668,-0.1930521732261723,0.6991361147437511,0.07093383221349892,-0.08624881330722078,-0.6999550710521498,-0.054438523874253186,-0.2379251596417823,-0.6788490266864844,-0.07659498281050758,-0.10680335991895151
SOLV,Individual equity,,2023-present,606,0.9762362084589155,0.2046909236197152,-0.1409319228105833,1.2968212732157554,0.2189417398522271,-0.09665577232234346,0.17265024106755825,0.014577155711186451,-0.17007668447131918,-0.3205850647568399,-0.014250816232511898,-0.04427615048823985
SOXX,Thematic/industry ETF,Semis / Software,2016-2019,1006,1.075401702813794,0.17720562805086315,-0.15598844372078358,1.7859675875845598,0.23083831813744804,-0.12298078301652449,-0.28164164108976175,-0.03806995222017717,-0.1734960008064721,-0.7105658847707657,-0.05363269008658489,-0.03300766070425909
SOXX,Thematic/industry ETF,Semis / Software,2020-2022,756,0.5036940267957083,0.1163628694715857,-0.29194892278165696,1.1032463109845527,0.21817632155620093,-0.1366304826000102,-0.17204793409151756,-0.07228636783234887,-0.3714573015017424,-0.5995522841888444,-0.10181345208461523,-0.15531844018164676
SOXX,Thematic/industry ETF,Semis / Software,2023-present,917,1.1738493118928217,0.3254166523965121,-0.1986171675569398,1.5226980614299428,0.34441429557686765,-0.13613508543013542,-0.1759557470811562,-0.04549282413764533,-0.22503806488736466,-0.3488487495371211,-0.018997643180355572,-0.062482082126804395
SPG,Individual equity,,2016-2019,1006,-0.06252337254551789,-0.01775824420530392,-0.299571139609059,0.41763225643612023,0.036361520546940085,-0.19565547510246162,-0.17920487790889741,-0.023502012689627927,-0.21017099933719752,-0.4801556289816381,-0.054119764752244004,-0.1039156645065974
SPG,Individual equity,,2020-2022,756,1.1346924880737892,0.4463596511862391,-0.3356436299911474,1.1382039276641691,0.22270346702479227,-0.2133494531029737,0.6579512562823738,0.18291939966905457,-0.4502111547334867,-0.0035114395903799167,0.22365618416144684,-0.12229417688817368
SPG,Individual equity,,2023-present,917,0.9748273436531175,0.16861787032195874,-0.18013894712110845,1.2454804971492623,0.17724262176800876,-0.13073051142649617,0.20467621371416678,0.016763227768620048,-0.11118457373304802,-0.2706531534961448,-0.008624751446050016,-0.049408435694612285
SPGI,Individual equity,,2016-2019,1006,2.233451125823007,0.330215590322843,-0.09645377278403067,2.479043249115219,0.3075717863099845,-0.08431952789396024,0.13333989774056437,0.00709561678810311,-0.10850684860980786,-0.2455921232922118,0.02264380401285848,-0.012134244890070423
SPGI,Individual equity,,2020-2022,756,1.191708000228563,0.32617220639400646,-0.19452381080186887,1.2148512588308684,0.19341129767428789,-0.12644477705224455,0.6185609173933284,0.11755829972449394,-0.19775807496323705,-0.023143258602305483,0.13276090871971857,-0.06807903374962432
SPGI,Individual equity,,2023-present,917,0.9489905216610033,0.14481184693100468,-0.224409863831044,1.3563432116017824,0.15929538869973459,-0.10424155060807416,-0.01763012082753273,-0.008181789038914977,-0.17203235613421375,-0.4073526899407791,-0.014483541768729902,-0.12016831322296984
SPLV,Factor/style ETF,,2016-2019,1006,1.2176935648003486,0.08284680207188067,-0.06996428184284509,1.817329620561809,0.1009136339879444,-0.03381528375381826,-0.34507412203784,-0.014782062566982557,-0.08969337596049332,-0.5996360557614604,-0.01806683191606373,-0.03614899808902683
SPLV,Factor/style ETF,,2020-2022,756,0.7569474975771158,0.11380839331169801,-0.18022826400279568,1.2544713724924246,0.11067276435748719,-0.07745547087939375,-0.03300553849887573,-0.013540302634071022,-0.23416802536954617,-0.4975238749153088,0.003135628954210823,-0.10277279312340193
SPLV,Factor/style ETF,,2023-present,917,0.594128794975859,0.04286694454964546,-0.0885788747265428,0.9108088168167516,0.05351918717866799,-0.07553473311575121,-0.21993686005296548,-0.011698741073538965,-0.0870890159667399,-0.3166800218408926,-0.010652242629022535,-0.013044141610791593
SPOT,Individual equity,,2016-2019,441,0.40636017433062277,0.07057388439571777,-0.23648719626501047,1.0969293885283762,0.22312842693693646,-0.10150046032421323,-0.18616338015107375,-0.04643038357263263,-0.21169284921901477,-0.6905692141977534,-0.1525545425412187,-0.13498673594079724
SPOT,Individual equity,,2020-2022,756,0.7162098466756889,0.23420106588865774,-0.3945564601314605,0.6438165488526768,0.14467141250474636,-0.3064980183894058,0.2616754983153203,0.03155909046023342,-0.278748084426946,0.07239329782301207,0.08952965338391139,-0.08805844174205468
SPOT,Individual equity,,2023-present,917,1.187672165230464,0.33383935630133355,-0.20556338151949638,1.2292022875879065,0.2869310099409168,-0.19424545243897784,0.41093160823708563,0.05439885144915846,-0.17826365349449336,-0.04153012235744247,0.04690834636041674,-0.01131792908051854
SPY,Broad index ETF,Indices,2016-2019,1006,1.320114764763371,0.10325592251402305,-0.062284272794275286,2.1922562270495467,0.1226917109252772,-0.02859272628409104,-0.39056122964621737,-0.02291580908977575,-0.10396994684915817,-0.8721414622861756,-0.01943578841125415,-0.033691546510184245
SPY,Broad index ETF,Indices,2020-2022,756,0.9535204870348781,0.1699592658647735,-0.10422297838673578,1.4967825001380997,0.15808927487436164,-0.07372468741167437,0.16825982576065404,0.01421198860618289,-0.1809486922156106,-0.5432620131032215,0.01186999099041186,-0.030498290975061404
SPY,Broad index ETF,Indices,2023-present,917,1.6412097645345143,0.17192206917117026,-0.058668541755272585,2.0835361940899415,0.171255598056959,-0.048462958470365414,-0.06787943383454467,-0.006320486392402458,-0.07352426169496384,-0.4423264295554272,0.0006664711142112534,-0.010205583284907171
SRE,Individual equity,,2016-2019,1006,0.4560569461298267,0.04458884961657916,-0.15931641391230122,0.8500548865594585,0.07512057624097879,-0.07179982524769601,-0.6704234853556451,-0.04436556170804051,-0.17503904976872342,-0.39399794042963177,-0.030531726624399624,-0.08751658866460521
SRE,Individual equity,,2020-2022,756,0.515680902250815,0.1045885366544772,-0.39287777712273775,0.7137143446063667,0.09856275385630231,-0.16593681460553245,0.17481316002212244,0.015364098373161328,-0.3478941441398171,-0.19803344235555176,0.006025782798174895,-0.2269409625172053
SRE,Individual equity,,2023-present,917,0.2767161701832114,0.030040685919259458,-0.18898806772525245,0.29615007546063,0.024784153423149213,-0.15134761155826237,-0.013831375804606414,-0.00882664022858759,-0.19840209048859814,-0.019433905277418617,0.005256532496110244,-0.03764045616699008
STE,Individual equity,,2016-2019,1006,1.3174372308155853,0.1768923918836014,-0.11784109279747512,1.736545247481928,0.18770059127576944,-0.06159429872986222,-0.3355598914632078,-0.03132680552765299,-0.1789610434091229,-0.4191080166663428,-0.010808199392168039,-0.056246794067612904
STE,Individual equity,,2020-2022,756,0.20231118456794547,0.02062784323133715,-0.31441350193206286,0.17808110253636877,0.014743928105672044,-0.2018131865507775,-0.08978654043911159,-0.03206681336822448,-0.3656320911020071,0.0242300820315767,0.005883915125665107,-0.11260031538128534
STE,Individual equity,,2023-present,917,0.27409295561700653,0.03056406295189018,-0.1953904695308476,0.6366555211107469,0.07148161166374223,-0.11662781999261007,-0.02885374369257521,-0.008426294631118214,-0.1683256692686399,-0.36256256549374033,-0.04091754871185205,-0.07876264953823753
STLD,Individual equity,,2016-2019,1006,0.9443999410760904,0.2107853930184478,-0.21238014371877623,1.269715698672755,0.21705382774345394,-0.14435433372599116,0.06309443221682727,-0.0031299018278259094,-0.28196055999009906,-0.32531575759666453,-0.006268434725006156,-0.06802580999278507
STLD,Individual equity,,2020-2022,756,1.2910231430057242,0.5336567972504402,-0.28803357517361317,1.6703983891908096,0.50170505467434,-0.12980572636582233,0.26889221404222396,0.03615936153643706,-0.40422707712325323,-0.37937524618508545,0.03195174257610023,-0.15822784880779084
STLD,Individual equity,,2023-present,917,0.5807084749860371,0.11614938132300412,-0.26752278464427237,0.9898990192389873,0.192807047150227,-0.13688117834935742,-0.22161267056862366,-0.04201506434726521,-0.21514515585636496,-0.4091905442529502,-0.07665766582722289,-0.13064160629491495
STM,Individual equity,,2016-2019,1006,1.659543632251153,0.5085774672994103,-0.14696126839326606,2.072651309327984,0.5058983385409912,-0.07920971716393244,0.05397443020009262,-0.00526053763570411,-0.21318324972509106,-0.41310767707683116,0.002679128758419136,-0.06775155122933363
STM,Individual equity,,2020-2022,756,0.6762681882840904,0.18488162935996155,-0.25911616113988356,0.732853495596756,0.12410615669885816,-0.1589537069867467,0.32540895244052487,0.054065598964053496,-0.19909464461115622,-0.056585307312665645,0.06077547266110339,-0.10016245415313685
STM,Individual equity,,2023-present,917,1.7765827456073502,0.702730718708181,-0.2619239933195514,1.6589783766859185,0.45103316467037424,-0.13216492559605542,0.880561570784987,0.1914220750322322,-0.19084238360835126,0.11760436892143167,0.2516975540378068,-0.129759067723496
STT,Individual equity,,2016-2019,1006,1.4437940173382482,0.28572477632784365,-0.15551522385582695,1.584709381937405,0.20846617841912352,-0.09734562305799088,0.5600022697196628,0.07070874417179018,-0.18149128113225965,-0.14091536459915677,0.07725859790872014,-0.05816960079783606
STT,Individual equity,,2020-2022,756,0.5533872124477711,0.12315036094812748,-0.3547593595440789,0.3886536340609568,0.05246689477046762,-0.1608576625420235,0.443999867514511,0.07838596604885639,-0.27749336320862117,0.1647335783868143,0.07068346617765986,-0.1939016970020554
STT,Individual equity,,2023-present,917,1.5337242950622807,0.2659901745738309,-0.13055267424051176,2.1830622271697666,0.2941952148532796,-0.06671868857238683,-0.12025343764452187,-0.018226530398188334,-0.20721837336992088,-0.6493379321074859,-0.0282050402794487,-0.06383398566812493
STX,Individual equity,,2016-2019,1006,1.1092149860636,0.27473600391545716,-0.1860223654172759,1.5173229438724187,0.256451688475295,-0.1168808547930964,0.27639324962539563,0.03627303237519697,-0.2598659448418319,-0.4081079578088187,0.01828431544016218,-0.0691415106241795
STX,Individual equity,,2020-2022,756,1.0558795813998039,0.26139982615313273,-0.2393622987807429,0.5065829481131401,0.07429834185849615,-0.22163226295650995,0.5194259700639066,0.08653015075143178,-0.1934421647400284,0.5492966332866638,0.18710148429463658,-0.017730035824232937
STX,Individual equity,,2023-present,917,1.8782081805483868,0.7855758107762625,-0.25328412932821487,2.1275098763139098,0.8067977477615433,-0.17598356325295894,0.08649070342757956,0.001242703714744442,-0.2260804551181439,-0.24930169576552297,-0.021221936985280854,-0.07730056607525593
STZ,Individual equity,,2016-2019,1006,0.5400786647733186,0.06721891409415659,-0.1855168038888525,0.6780836417206616,0.06798263732874554,-0.1509154218051585,0.2538138623631045,0.019780453558630562,-0.15563382785548108,-0.13800497694734304,-0.0007637232345889533,-0.03460138208369401
STZ,Individual equity,,2020-2022,756,0.6696719870871748,0.13696761176164962,-0.25588465730132914,0.7545685012974156,0.10411995431220133,-0.11047405885042871,0.21325799111068172,0.022367362739391217,-0.2766214241128969,-0.0848965142102408,0.032847657449448286,-0.14541059845090043
STZ,Individual equity,,2023-present,917,0.8081498426160951,0.12753024956496728,-0.15788674401349378,0.6817694323871196,0.06113559457561912,-0.10769767746023928,0.49824246217316853,0.06220066793483214,-0.21507696641422813,0.1263804102289755,0.06639465498934816,-0.0501890665532545
SW,Individual equity,,2016-2019,1006,0.5225750219196553,0.09013154434426718,-0.24857744663028147,0.7031739402780988,0.09620242623310404,-0.19159176521210797,-0.28260952290926106,-0.055177930427110944,-0.40661089902525516,-0.18059891835844344,-0.006070881888836865,-0.056985681418173506
SW,Individual equity,,2020-2022,756,0.1793445499047164,0.0034451441020499907,-0.42866708944198173,0.04336936889284251,-0.010947389537259489,-0.17865545240249958,0.19443329149810798,0.015320792772338665,-0.4057217732071091,0.1359751810118739,0.01439253363930948,-0.25001163703948215
SW,Individual equity,,2023-present,917,0.36881809318049413,0.062141664260404905,-0.28756010464125514,0.4464813920124648,0.05717368427341385,-0.24426581218013543,0.29621931947520036,0.03985144763251247,-0.25053549208568393,-0.07766329883197065,0.004967979986991056,-0.04329429246111971
SWK,Individual equity,,2016-2019,1006,1.0095838216737378,0.15637515610981612,-0.11796653395779932,1.3963607161308242,0.16311981054049074,-0.06746089450944481,0.08254107792399068,0.003046729199620346,-0.16758430195078955,-0.3867768944570864,-0.006744654430674624,-0.05050563944835451
SWK,Individual equity,,2020-2022,756,0.8817947224190538,0.28437767388097623,-0.3645414563115662,0.4481178089015075,0.06521715032482978,-0.17205757121941212,0.7152368725748993,0.18950822744232632,-0.38397758022846973,0.4336769135175463,0.21916052355614646,-0.19248388509215408
SWK,Individual equity,,2023-present,917,0.878063960301206,0.2372045407305281,-0.2902790196030316,0.8961722501361062,0.17379368024715114,-0.12793374046574013,0.31197335986920816,0.04461547492137008,-0.21971994279663754,-0.018108289834900204,0.06341086048337696,-0.16234527913729146
SWKS,Individual equity,,2016-2019,1006,1.1391950390257097,0.2725374530710103,-0.19015227095796194,1.228016151132013,0.2075238244118316,-0.16972583443082256,0.4295009422122642,0.06272280653524187,-0.19786428540750323,-0.08882111210630317,0.0650136286591787,-0.02042643652713938
SWKS,Individual equity,,2020-2022,756,0.6032956139063284,0.15874422260587484,-0.2774063878535471,0.857860188747919,0.15268454902765471,-0.1397200639466183,0.22221069521526712,0.023289359877715743,-0.3054536935476475,-0.2545645748415907,0.006059673578220126,-0.1376863239069288
SWKS,Individual equity,,2023-present,917,0.6616179250014644,0.1622575549441041,-0.3106773724530325,0.7110859263210373,0.1271709520582689,-0.18909315029727825,0.32054216302198224,0.0487982934756932,-0.23556484229008368,-0.04946800131957285,0.035086602885835205,-0.12158422215575426
SYF,Individual equity,,2016-2019,1006,0.5961165669002041,0.09826040202063879,-0.2257904969443496,1.2753930846352708,0.1790787696208127,-0.11256217888943132,-0.26409319440778706,-0.0428846995852763,-0.31919031408442256,-0.6792765177350667,-0.08081836760017391,-0.11322831805491829
SYF,Individual equity,,2020-2022,756,0.17580889589936596,-0.0008393023832884428,-0.47620196730265973,0.6988394940052459,0.1401396698307229,-0.18869526864515795,-0.27680929642017693,-0.11523669064772979,-0.5897102035180022,-0.5230305981058799,-0.14097897221401134,-0.2875066986575018
SYF,Individual equity,,2023-present,917,1.4722706526085911,0.43892696574121115,-0.18964097745149955,1.5830527073544851,0.3450436295319197,-0.12527624442830532,0.4801354116849884,0.07820461028080294,-0.18426392596196872,-0.11078205474589398,0.09388333620929146,-0.06436473302319423
SYK,Individual equity,,2016-2019,1006,0.5496424721364196,0.06614490153236519,-0.1823405514308173,1.473632682027121,0.16731246070261774,-0.06766557845648247,-0.7968469419906635,-0.06554667765062383,-0.2594249076822398,-0.9239902098907015,-0.10116755917025255,-0.11467497297433482
SYK,Individual equity,,2020-2022,756,0.3678272634883821,0.06087557483181705,-0.2734330417293659,0.2636474827328208,0.03061305275861259,-0.13052705299941547,0.2859047280125909,0.03591177111817623,-0.2521792460228357,0.10417978075556128,0.030262522073204456,-0.14290598872995042
SYK,Individual equity,,2023-present,917,0.6894786097704224,0.09500368347319155,-0.12028649156747806,0.6506740250307181,0.06398512818214486,-0.10562684703202874,0.3972578140754662,0.038278960700937725,-0.0812363379989759,0.03880458473970427,0.03101855529104669,-0.014659644535449323
SYY,Individual equity,,2016-2019,1006,1.2373416106618007,0.12111604480821958,-0.11435911154069067,1.738530043060061,0.14506106467721702,-0.09622353416781149,-0.6247241760046834,-0.03454819515796137,-0.16994200623844347,-0.5011884323982603,-0.02394501986899744,-0.018135577372879186
SYY,Individual equity,,2020-2022,756,0.7768561084828023,0.20807779842022445,-0.3591428560245381,-0.36400413205669013,-0.06916066155483491,-0.34612604672520686,1.2000104911969016,0.31167507554715357,-0.08543251711000766,1.1408602405394923,0.27723845997505936,-0.013016809299331245
SYY,Individual equity,,2023-present,917,-0.40946681068394736,-0.054656987547876956,-0.2866942982732964,0.07327879924717257,0.002573045079856673,-0.16153463486520914,-0.6801838675009761,-0.05708315509637074,-0.20784951937874907,-0.4827456099311199,-0.05723003262773363,-0.12515966340808726
T,Individual equity,,2016-2019,1006,0.8229279347747515,0.09120718951516915,-0.14385796689080066,1.069180858685909,0.0881156924065567,-0.10511774118172201,0.1729051256622107,0.010955851665579441,-0.1074983107986981,-0.2462529239111576,0.003091497108612451,-0.038740225709078646
T,Individual equity,,2020-2022,756,0.7387225927518225,0.13534266018557983,-0.21560796015756334,0.9938133646559817,0.10333860471460943,-0.09746852724929334,0.36746856585350474,0.04988308554644694,-0.22111788646873964,-0.2550907719041592,0.032004055470970405,-0.11813943290827
T,Individual equity,,2023-present,917,1.513657119467468,0.2433175788181121,-0.10151279037034733,1.2352115448614107,0.13422479208837657,-0.09569611672200662,0.9014319587148529,0.09864504402805907,-0.07798873020806485,0.27844557460605723,0.10909278672973555,-0.005816673648340709
TAN,Thematic/industry ETF,,2016-2019,1006,1.0875368798313854,0.18168362104857105,-0.11442245475845525,0.754583238219462,0.09237422260404782,-0.15520198009182617,0.8374169079023153,0.08754367793009843,-0.08273748866041086,0.3329536416119233,0.08930939844452324,0.040779525333370925
TAN,Thematic/industry ETF,,2020-2022,756,1.962332897715785,0.9637652803118406,-0.19897354722216032,2.088966626544755,0.6330446489473076,-0.160916910299173,0.8095527024835258,0.21253543624017368,-0.25171464177462566,-0.12663372882896984,0.330720631364533,-0.03805663692298733
TAN,Thematic/industry ETF,,2023-present,917,0.24364371350031327,0.029928282953354923,-0.43538684066147804,0.3262332032107688,0.04103185521843056,-0.23726849675835682,0.23859727770199038,0.028050957053110226,-0.24522132849469358,-0.08258948971045554,-0.011103572265075634,-0.19811834390312122
TAP,Individual equity,,2016-2019,1006,0.7720444801403978,0.10234281642539322,-0.10359540873821926,0.8593758204296404,0.07254944982853151,-0.07523514001618725,0.3488837923720226,0.03402812940035305,-0.11247803395854994,-0.08733134028924261,0.029793366596861715,-0.02836026872203201
TAP,Individual equity,,2020-2022,756,0.2313258946655431,0.02663188141139683,-0.34329136666840776,0.8908005392729428,0.15446162818009612,-0.15157144326612104,-0.5935880106793349,-0.12024983097260256,-0.45279953536339657,-0.6594746446073997,-0.1278297467686993,-0.19171992340228672
TAP,Individual equity,,2023-present,917,0.4041862440792869,0.05135716297514681,-0.20999688585706644,0.6299718080023073,0.06374551182356192,-0.13596039563069073,0.01696010060650243,-0.00428796977313195,-0.15177565416582528,-0.22578556392302046,-0.01238834884841511,-0.0740364902263757
TDG,Individual equity,,2016-2019,1006,0.9872010901106262,0.13536335306282532,-0.18564938138807707,1.5416454032706162,0.2025081126027204,-0.11286642828000204,-0.5647400250999842,-0.04143616435947095,-0.1867615511709536,-0.55444431315999,-0.06714475953989507,-0.07278295310807503
TDG,Individual equity,,2020-2022,756,1.0666851017333951,0.3268094323212529,-0.34186099696345174,0.8731417230748627,0.14636679340379177,-0.2562854906060046,0.8515979895654279,0.20758378212831197,-0.2014763087653204,0.19354337865853244,0.18044263891746115,-0.08557550635744715
TDG,Individual equity,,2023-present,917,0.7377843439239391,0.11592324541488663,-0.13396575567253122,1.423103308901524,0.19819982210620957,-0.0766967009490146,-0.550076637641577,-0.05867047078534715,-0.23327559102357864,-0.6853189649775848,-0.08227657669132293,-0.05726905472351662
TDY,Individual equity,,2016-2019,1006,1.2103069852378525,0.18189919376184394,-0.11624081183778223,1.8450728839110129,0.2473005058259774,-0.07159926979086884,-0.20743737012034105,-0.020937709122572423,-0.12889021826653035,-0.6347658986731604,-0.06540131206413347,-0.044641542046913396
TDY,Individual equity,,2020-2022,756,0.397443220782803,0.07400593861036664,-0.3685022541473477,0.5900555061938687,0.07112505439052108,-0.15322580944092523,0.14478644452573275,0.007876096537089206,-0.33996278970572325,-0.19261228541106573,0.0028808842198455586,-0.2152764447064225
TDY,Individual equity,,2023-present,917,0.5274689197801794,0.07352835175089512,-0.16442988169657835,0.6923883456298505,0.07671184162921141,-0.14493812452633315,-0.08888131155626434,-0.01540655623584919,-0.16600518984535573,-0.16491942584967112,-0.0031834898783162924,-0.019491757170245205
TEAM,Individual equity,,2016-2019,1006,0.01803314044434838,-0.017983780904543223,-0.222365591960053,0.8771983756760929,0.14849215724680653,-0.19015086367753375,-1.0391374885002025,-0.13324659793102867,-0.467592705589742,-0.8591652352317446,-0.16647593815134976,-0.032214728282519256
TEAM,Individual equity,,2020-2022,756,0.6001620293510355,0.18340946543358427,-0.3662362857991178,0.41062158629624895,0.07043635494364153,-0.3984666439564133,0.3397351985128603,0.06021840425501135,-0.3006237858971631,0.1895404430547865,0.11297311048994274,0.03223035815729547
TEAM,Individual equity,,2023-present,917,1.2017780296795384,0.5431848886507091,-0.43963080236776664,1.3471950016700738,0.48303119897360136,-0.3649962638279727,0.3460624311073365,0.0604270872578645,-0.301517681937847,-0.14541697199053538,0.06015368967710777,-0.07463453853979396
TECH,Individual equity,,2016-2019,1006,0.791318690797852,0.11228258224308929,-0.1541198763797288,0.8825815975337742,0.09578764115595417,-0.15915576251062236,0.0723601245961991,0.0022477652149113236,-0.11436467994513722,-0.09126290673592219,0.016494941087135118,0.005035886130893563
TECH,Individual equity,,2020-2022,756,0.7232585732330595,0.16936026396677706,-0.19386284077073157,0.8363660566354457,0.14374799307547814,-0.18610882161166653,0.24610771420598684,0.029495625039803963,-0.24079521528250403,-0.11310748340238619,0.025612270891298916,-0.00775401915906504
TECH,Individual equity,,2023-present,917,0.890889528534004,0.22604134744816728,-0.23950574800973956,0.7407060554115741,0.12975036886324243,-0.3192730282844791,0.6225749173444571,0.1136345637949776,-0.16508836438397012,0.15018347312242997,0.09629097858492486,0.07976728027473956
TEL,Individual equity,,2016-2019,1006,0.5221942880799075,0.06149368308614478,-0.14203489103660183,1.4360652759361834,0.1425241692558119,-0.060561089736670404,-0.5761980739571277,-0.055229106869053024,-0.22710018953797528,-0.9138709878562759,-0.08103048616966713,-0.08147380129993143
TEL,Individual equity,,2020-2022,756,0.6441983091773892,0.13179610244689965,-0.18075462233727346,0.8366937062715827,0.11432571954447113,-0.12535546960919486,0.33554478876629973,0.047478313433728214,-0.24020456015699365,-0.1924953970941935,0.017470382902428527,-0.055399152728078604
TEL,Individual equity,,2023-present,917,0.21512019925207196,0.021377112990246028,-0.32068143191353193,1.214846744103363,0.1390558869004308,-0.10868096816729544,-0.8558525293546679,-0.09426653241409244,-0.3058789755595197,-0.9997265448512911,-0.11767877391018478,-0.2120004637462365
TER,Individual equity,,2016-2019,1006,1.2663187196489476,0.3015530092843699,-0.20351300419480078,1.5383831594819188,0.27080258593778694,-0.15295270829832308,0.22476796818556802,0.02391102481027052,-0.15286975964182925,-0.27206443983297124,0.030750423346582956,-0.0505602958964777
TER,Individual equity,,2020-2022,756,0.9047825248465575,0.3237778576404484,-0.27572894299370965,1.3700294317905217,0.35166780991154534,-0.1858941159006331,0.13799270838444636,-0.005695565387978996,-0.3627081714704806,-0.4652469069439642,-0.02788995227109692,-0.08983482709307655
TER,Individual equity,,2023-present,917,1.2499163249484042,0.45152931614695513,-0.2857977292594269,1.096973632659564,0.3025773056591725,-0.2587347612779871,0.6191352735505389,0.11435176234120292,-0.15762182675934222,0.15294269228884017,0.14895201048778262,-0.02706296798143981
TFC,Individual equity,,2016-2019,1006,0.37992128611768955,0.04451570083781142,-0.13023720889203239,0.789133443546205,0.08133155443879359,-0.08936905068337686,-0.17716282721164114,-0.020844354625458195,-0.1545497965284116,-0.4092121574285154,-0.03681585360098216,-0.040868158208655525
TFC,Individual equity,,2020-2022,756,0.09575389729493618,-0.023539446291804378,-0.4579875492775187,-0.0050147641329399304,-0.020360389432315884,-0.2759476279508053,0.1546697168181732,0.005047522635088564,-0.399218530078308,0.1007686614278761,-0.003179056859488494,-0.18203992132671343
TFC,Individual equity,,2023-present,917,0.819362929075688,0.15732764398462273,-0.2362571842494392,0.716831469470633,0.0972107696273512,-0.1385940082607462,0.4805732062947881,0.060832847909950916,-0.17045465179812824,0.10253145960505494,0.06011687435727153,-0.09766317598869301
TGT,Individual equity,,2016-2019,1006,1.5777980918663694,0.3036577079880194,-0.12844572727824055,1.6603834694553885,0.2245811760100287,-0.10713072264530932,0.789924961348961,0.10114923341296755,-0.12969238038795483,-0.08258537758901907,0.0790765319779907,-0.021315004632931234
TGT,Individual equity,,2020-2022,756,1.607354706253321,0.47274431106669046,-0.14949856713247722,1.9596005688469291,0.3285178698545097,-0.08426610348468866,0.6128742742671542,0.11608051767651784,-0.165200634651269,-0.352245862593608,0.14422644121218076,-0.06523246364778856
TGT,Individual equity,,2023-present,917,0.5628720286611075,0.10573882635932019,-0.2845931758923955,0.3656712229173414,0.04588424071551267,-0.21695413178524547,0.4293909490777603,0.057228690627234347,-0.17420051427474237,0.19720080574376614,0.05985458564380752,-0.06763904410715005
TIP,Bond ETF,,2016-2019,1006,0.4957555398124474,0.00835969064730091,-0.025261285291227287,0.4676006177570109,0.006542529556127441,-0.023573130289852084,0.19330360742652597,0.0018053495384589002,-0.01853382472072085,0.028154922055436515,0.0018171610911734692,-0.0016881550013752022
TIP,Bond ETF,,2020-2022,756,0.7511977952995101,0.026535514045247677,-0.020580487298426986,1.143831492047705,0.014526783357428519,-0.01283178603350843,0.3689244845300948,0.01183678034411062,-0.020580487298426764,-0.3926336967481949,0.012008730687819158,-0.007748701264918556
TIP,Bond ETF,,2023-present,917,0.24504359298489986,0.005137797198701888,-0.022788023646161948,0.3882008300865567,0.0070732700288085315,-0.020901641131428228,-0.1609741113705464,-0.0019218788619536076,-0.017569135154650306,-0.14315723710165684,-0.0019354728301066437,-0.0018863825147337199
TJX,Individual equity,,2016-2019,1006,0.7735356489776825,0.09685808414679098,-0.11923900680099553,1.1240537875667846,0.11920137268770947,-0.10068326852649634,0.0319632948683705,-0.0007080510810556495,-0.08096693042562131,-0.3505181385891022,-0.022343288540918493,-0.01855573827449919
TJX,Individual equity,,2020-2022,756,0.10879203241252262,-0.002642150060962467,-0.43817568010404095,0.4449664095217056,0.05741418333490489,-0.17488077795588253,-0.259216274111938,-0.06708131995613209,-0.41242303231025923,-0.33617437710918296,-0.060056333395867356,-0.2632949021481584
TJX,Individual equity,,2023-present,917,0.42585620359170095,0.04558139648001891,-0.14485101394523636,0.47115219767224353,0.04305987947251766,-0.13298320307590428,-0.24336065986662234,-0.020601457161791847,-0.20731882928748113,-0.04529599408054258,0.0025215170075012505,-0.011867810869332085
TKO,Individual equity,,2016-2019,1006,1.0654365482323536,0.2350683852823523,-0.2633036374059625,1.503223231973313,0.2749712020687609,-0.12169008561847494,0.07112627269987772,-0.00020296228950933415,-0.21690302791077576,-0.4377866837409594,-0.03990281678640861,-0.14161355178748758
TKO,Individual equity,,2020-2022,756,0.7011927336952266,0.17477143840310094,-0.293043603703139,0.8825941154816443,0.14345045495596564,-0.14853522004478248,0.41509363221501283,0.07363351963101272,-0.2699954495365561,-0.18140138178641774,0.0313209834471353,-0.1445083836583565
TKO,Individual equity,,2023-present,917,0.14120836624620556,0.008654053147262974,-0.266488275510808,0.8472338380135894,0.1257850641898608,-0.20016809351556053,-0.7651410764163199,-0.09884754415328001,-0.3176803417899239,-0.7060254717673838,-0.11713101104259782,-0.06632018199524747
TLT,Bond ETF,,2016-2019,1006,0.806791031022125,0.04041813673374839,-0.0431244190268415,0.6318143366190104,0.021814994679761668,-0.032563159769884664,0.5111275711682718,0.01820597872496199,-0.032716500387689584,0.17497669440311459,0.01860314205398672,-0.010561259256956834
TLT,Bond ETF,,2020-2022,756,0.8898884781863594,0.07336994119386686,-0.06427703993332234,0.18589463180028204,0.005316977549090662,-0.04636975976119262,0.884093879060011,0.06769304126414499,-0.06427703993332246,0.7039938463860773,0.0680529636447762,-0.017907280172129725
TLT,Bond ETF,,2023-present,917,-0.12332601742752743,-0.008367880084741541,-0.1114560633178574,-0.2980679966303067,-0.009230873256004801,-0.043433112945986396,0.042031561725963916,0.0008710335717661,-0.08095948008510101,0.17474197920277929,0.0008629931712632599,-0.068022950371871
TMO,Individual equity,,2016-2019,1006,0.5682963041775059,0.06782194763609928,-0.1426501069678736,1.274403154185277,0.13500901981393731,-0.09275571749618094,-0.5648275165766481,-0.049167200549495194,-0.2308848508438176,-0.7061068500077711,-0.06718707217783804,-0.04989438947169267
TMO,Individual equity,,2020-2022,756,0.6664153376916101,0.12751582123331895,-0.22865795405786005,1.7498008256530895,0.28597222292771396,-0.12063104878619768,-0.7637911475042741,-0.12111965474181485,-0.34948432294105247,-1.0833854879614795,-0.158456401694395,-0.10802690527166237
TMO,Individual equity,,2023-present,917,1.1002053826201865,0.22181283009037278,-0.14541058206828128,0.7779918474046242,0.10293984463001093,-0.10610471629580853,0.9330399943530836,0.13881455882228355,-0.11048934950494294,0.3222135352155623,0.11887298546036185,-0.03930586577247275
TMUS,Individual equity,,2016-2019,1006,-0.05650825294853914,-0.01662173395030564,-0.20243249501233596,0.35928767574973985,0.035445733056372,-0.10857328356653029,-0.7657990539413084,-0.05636700842288023,-0.22747075835317387,-0.41579592869827897,-0.05206746700667764,-0.09385921144580567
TMUS,Individual equity,,2020-2022,756,0.3511530668029082,0.05711400984839976,-0.27153458135231257,0.564874196810065,0.08641753518720074,-0.09966298730474488,-0.06156289507130044,-0.024354521158814757,-0.19616855026391855,-0.2137211300071568,-0.029303525338800984,-0.1718715940475677
TMUS,Individual equity,,2023-present,917,0.4909830133344335,0.06114227297544317,-0.14195720959145974,0.9111572664534144,0.08065222504265668,-0.054856049087622316,0.011015007898533904,-0.005278231570881808,-0.12682906377701797,-0.42017425311898093,-0.01950995206721351,-0.08710116050383743
TPL,Individual equity,,2016-2019,1006,1.8000773823291565,0.4934776914609149,-0.17318488856133152,1.963814006030329,0.40875801903415176,-0.10813290534348419,0.4359546631557175,0.05739280001569469,-0.20193783525307174,-0.1637366237011726,0.08471967242676315,-0.06505198321784733
TPL,Individual equity,,2020-2022,756,1.2019463684107152,0.5613696766504759,-0.38078439631518857,1.8406747974579554,0.6903615788729092,-0.21543747791017576,-0.08579636243673125,-0.08329516606947518,-0.5813372784446267,-0.6387284290472401,-0.12899190222243329,-0.1653469184050128
TPL,Individual equity,,2023-present,917,1.5422403400290776,0.4697122142718435,-0.2108630703676534,1.4668045405247254,0.2723289900004724,-0.1912820871598837,0.7855924123156536,0.15833378787583863,-0.15006785051546556,0.0754357995043522,0.19738322427137112,-0.019580983207769687
TPR,Individual equity,,2016-2019,1006,0.448818849866256,0.0742220732934189,-0.16005550950629566,0.4797979424941671,0.05178361315712965,-0.1460699540291086,0.15831763988305922,0.013286866242335327,-0.20009142173972427,-0.030979092627911098,0.02243846013628925,-0.01398555547718705
TPR,Individual equity,,2020-2022,756,0.6027167281789836,0.183109625089372,-0.5515331605695653,0.7412066972502961,0.16696305379692888,-0.23977578010389078,0.3079026062428906,0.04460117144796416,-0.5115468343655454,-0.1384899690713125,0.016146571292443124,-0.31175738046567447
TPR,Individual equity,,2023-present,917,1.7573605559273286,0.522848079631318,-0.24326009075305655,2.0620558309009653,0.46632833283713815,-0.1337862310185044,0.1641975232361514,0.013569395370628845,-0.3337061629921434,-0.3046952749736367,0.056519746794179815,-0.10947385973455215
TRGP,Individual equity,,2016-2019,1006,0.5915476616959685,0.1285778527684589,-0.36393112111850656,0.8309416363008781,0.16977925083008127,-0.18417554464467956,-0.21377205428977578,-0.04569662449502654,-0.33836652763710073,-0.23939397460490963,-0.041201398061622374,-0.179755576473827
TRGP,Individual equity,,2020-2022,756,0.8376134491743339,0.35616946392117255,-0.682890158178552,1.733942972753985,0.6964407325229718,-0.2688085072747338,-0.047611961981862266,-0.17695788883547459,-0.7420272194404613,-0.8963295235796511,-0.34027126860179924,-0.4140816509038182
TRGP,Individual equity,,2023-present,917,1.198957388602868,0.22588506119890295,-0.2102196235735424,1.5880821979580089,0.26653704457032323,-0.16532124136702764,-0.313474584078109,-0.03648913200113002,-0.19017521169001217,-0.38912480935514093,-0.040651983371420286,-0.044898382206514764
TRI,Individual equity,,2016-2019,1006,0.730458973262745,0.06861421597391826,-0.1107488052487291,1.3643670143066624,0.1081086533723532,-0.05910663203763311,-0.6164470632729059,-0.039618156329568444,-0.18465527830659045,-0.6339080410439174,-0.039494437398434945,-0.05164217321109599
TRI,Individual equity,,2020-2022,756,1.1172510549911268,0.20567651875723292,-0.22914999978196515,0.9638187724725084,0.11187296738825037,-0.14679573606869334,0.6132114418120669,0.0804865719348602,-0.15406976421265195,0.1534322825186184,0.09380355136898255,-0.08235426371327181
TRI,Individual equity,,2023-present,917,0.38166518640909936,0.06041700254088034,-0.36556438992278106,-0.12278992447665951,-0.02652288979087869,-0.20651016728501614,0.5600776623141591,0.08135070090791463,-0.262381865442303,0.5044551108857589,0.08693989233175903,-0.15905422263776492
TRMB,Individual equity,,2016-2019,1006,0.3297855978175507,0.04276676514034716,-0.12851654676877133,0.8447804082146636,0.10428043503242357,-0.08084833229941102,-0.20184708429758635,-0.031219474459240337,-0.1742001272701985,-0.5149948103971129,-0.061513669892076406,-0.047668214469360315
TRMB,Individual equity,,2020-2022,756,0.759415562888374,0.2022619792001079,-0.3436959465528816,0.9989116676567612,0.2068171594514705,-0.13987513975135757,0.1707732670861425,0.01254425389807734,-0.3055851660041159,-0.23949610476838723,-0.004555180251362589,-0.20382080680152403
TRMB,Individual equity,,2023-present,917,1.20262011085205,0.25364773191867607,-0.19697172698074472,0.7964794904043851,0.1017063116425736,-0.15215337173953059,0.8165841793450395,0.1254697021922342,-0.15250412110078038,0.40614062044766486,0.15194142027610247,-0.044818355241214136
TROW,Individual equity,,2016-2019,1006,0.6888330911752418,0.0968562125521204,-0.20954785588341818,1.4371408129694594,0.16384266310760331,-0.07975842061557492,-0.5845104331368096,-0.06301059820688149,-0.2936565251198383,-0.7483077217942176,-0.06698645055548291,-0.12978943526784326
TROW,Individual equity,,2020-2022,756,1.253952827997299,0.3566545635761511,-0.2307017149811269,1.1612703696596056,0.17704508819145737,-0.10564110455412046,0.7351637129821235,0.15259353884281968,-0.2049838893633117,0.09268245833769329,0.17960947538469374,-0.12506061042700645
TROW,Individual equity,,2023-present,917,0.8659348804336946,0.15540088260110574,-0.21558674857682847,0.6892595645622953,0.08531854499586955,-0.1205868589497231,0.6057964529941816,0.07621186708412209,-0.14083827007184713,0.17667531587139929,0.07008233760523619,-0.09499988962710537
TRV,Individual equity,,2016-2019,1006,0.9812792104957526,0.11471578005409055,-0.10732137397430364,1.0759620158003877,0.09123849144153318,-0.07589444409683554,0.1354988705459151,0.008033428946660148,-0.08878512228423618,-0.09468280530463513,0.02347728861255738,-0.03142692987746809
TRV,Individual equity,,2020-2022,756,0.5282750517955003,0.09363255318983499,-0.30165624753343134,0.8144247643039791,0.10218878376160068,-0.1238589199484017,-0.05083379554317481,-0.02246196056480121,-0.3552967861212418,-0.28614971250847887,-0.008556230571765688,-0.17779732758502964
TRV,Individual equity,,2023-present,917,0.7569925627348165,0.09828715170053015,-0.15468727065050458,1.4935546947235538,0.16207105975711222,-0.07814191429505302,-0.48224759169801523,-0.04810640268066646,-0.23371131877690787,-0.7365621319887373,-0.06378390805658207,-0.07654535635545157
TSCO,Individual equity,,2016-2019,1006,1.2914920076314573,0.266806583316217,-0.13185162197820366,1.2826162031141173,0.16200065390669227,-0.09539027579917725,0.7380374888785896,0.10930576992347052,-0.17973614857335185,0.008875804517340047,0.10480592940952471,-0.03646134617902641
TSCO,Individual equity,,2020-2022,756,1.018380281207047,0.2373869546813483,-0.19980865647856028,1.2763464580669284,0.2090234500203203,-0.1739652399173771,0.12296321862551202,0.006437579884815969,-0.18284324327296886,-0.2579661768598813,0.028363504661027994,-0.025843416561183163
TSCO,Individual equity,,2023-present,917,0.7832654722738988,0.1366681067666391,-0.1815240715369313,0.9464205480722093,0.10173057567679034,-0.13812450066689652,0.29767840042093996,0.03430030079161028,-0.2937141313238424,-0.16315507579831057,0.03493753108984876,-0.043399570870034765
TSLA,Individual equity,Mega-cap 7,2016-2019,1006,0.9156182692607425,0.2544830182189981,-0.36241358689941117,1.519496990281849,0.3453083836745676,-0.14543633726161453,-0.10182127867778966,-0.04388211273317466,-0.3767434992688955,-0.6038787210211064,-0.09082536545556952,-0.21697724963779663
TSLA,Individual equity,Mega-cap 7,2020-2022,756,1.7022856856501787,1.077319655070938,-0.3278997977219109,1.995384908139007,0.7993392308739771,-0.1860512355538646,0.510269769091935,0.13073980745539004,-0.5142079497819848,-0.29309922248882825,0.277980424196961,-0.1418485621680463
TSLA,Individual equity,Mega-cap 7,2023-present,917,1.146163026316309,0.4235127410770718,-0.31117812272206136,0.9921822972365568,0.2571804290788815,-0.2681056782064787,0.6606612488741305,0.14550851209798688,-0.20835026583111382,0.15398072907975213,0.16633231199819032,-0.043072444515582675
TSM,Individual equity,,2016-2019,1006,1.3216007943907482,0.22196988028794196,-0.24792365514646375,1.8832726402988114,0.2657722875752524,-0.06801486468007556,-0.3037051588066985,-0.033891906706811414,-0.23385489736687193,-0.5616718459080632,-0.04380240728731044,-0.1799087904663882
TSM,Individual equity,,2020-2022,756,0.7270493508595299,0.19022874250839705,-0.2639552747601399,0.8707805461809024,0.17576235468625923,-0.1790570491820862,0.13837616588027668,0.006730788102145446,-0.2587773257854561,-0.14373119532137246,0.014466387822137827,-0.08489822557805371
TSM,Individual equity,,2023-present,917,1.2227273756505006,0.33650552493768027,-0.17090446148881355,1.4211048198433625,0.3351974694802917,-0.14303446705361922,-0.11082074895970531,-0.02870545784419032,-0.18083480885288938,-0.19837744419286185,0.0013080554573885461,-0.027869994435194334
TSN,Individual equity,,2016-2019,1006,1.2285245592559126,0.192720101931096,-0.24879632854854294,1.9434981834764227,0.21202276890374994,-0.06332089850666855,-0.027092414943421322,-0.009907844692619405,-0.29906184234043276,-0.71497362422051,-0.019302666972653926,-0.1854754300418744
TSN,Individual equity,,2020-2022,756,1.0498416508918686,0.22876931375085685,-0.2195968177552441,0.42924621378228034,0.04126199325001911,-0.09526677486782531,0.981849580531724,0.18679240186769275,-0.24931235491441317,0.6205954371095883,0.18750732050083774,-0.12433004288741878
TSN,Individual equity,,2023-present,917,1.0143471111971667,0.15713535687424374,-0.09198589735040685,1.1060864602707383,0.12425832098140766,-0.0722695787088139,0.213643411070035,0.017923268165689565,-0.11156350720244912,-0.09173934907357162,0.03287703589283608,-0.019716318641592956
TT,Individual equity,,2016-2019,1006,1.174465431513887,0.18275362566116837,-0.10671240357212242,1.7301804826224418,0.21838301656482573,-0.06320870214970542,-0.05433135537308245,-0.010259993072496587,-0.13201116987933037,-0.5557150511085549,-0.035629390903657354,-0.043503701422416996
TT,Individual equity,,2020-2022,756,1.1744237549594805,0.2810504139015926,-0.17662115259849387,1.4735666080999157,0.24641534955206046,-0.09638055723968186,0.15003523959828718,0.011223741865199921,-0.2318482479231153,-0.2991428531404352,0.03463506434953212,-0.080240595358812
TT,Individual equity,,2023-present,917,0.9693366379349387,0.1627778052326836,-0.1165765375545531,1.6396899927523017,0.2295108729809483,-0.10246038841172844,-0.45887189289451147,-0.05578331043107798,-0.2132894537920581,-0.6703533548173629,-0.06673306774826471,-0.014116149142824663
TTD,Individual equity,,2016-2019,825,0.7129930729159136,0.21895153627546704,-0.25290201405490553,1.0043647216170266,0.29948258812840844,-0.1491240729770803,-0.13048452064724653,-0.050329371410187895,-0.32021654669353994,-0.291371648701113,-0.0805310518529414,-0.10377794107782523
TTD,Individual equity,,2020-2022,756,0.16517879753745254,-0.07469846794581525,-0.6461183376518194,0.835634747230744,0.2767813339168912,-0.313004967479648,-0.359762058758166,-0.2498920552669902,-0.6479598857147797,-0.6704559496932915,-0.35147980186270644,-0.33311337017217135
TTD,Individual equity,,2023-present,917,1.260196339508165,0.5061887962566862,-0.397001866403196,1.1915414364311954,0.29867076974168216,-0.2117491001201246,0.7001995253421989,0.1778658785410392,-0.3104113615917251,0.06865490307696964,0.20751802651500406,-0.1852527662830714
TTWO,Individual equity,,2016-2019,1006,0.6228987144387991,0.12167090448656182,-0.19526017770290738,1.0791374965582972,0.18588181391629344,-0.1713793720395923,-0.4592724901711065,-0.08118448373684539,-0.31311249688622045,-0.4562387821194981,-0.06421090942973162,-0.023880805663315074
TTWO,Individual equity,,2020-2022,756,0.2599962934894436,0.03445095343526372,-0.2812112326783408,0.2906851117350659,0.03373496986357627,-0.31258323524752096,0.13351565823040362,0.007502805972853244,-0.22821805711717247,-0.030688818245622307,0.0007159835716874507,0.03137200256918016
TTWO,Individual equity,,2023-present,917,0.05822450387806947,-0.004113904558447401,-0.23161767929738997,0.6460447603772076,0.08261874978006545,-0.10788813954080378,-0.7270810282828073,-0.07177243261376776,-0.2739132044350544,-0.5878202564991382,-0.08673265433851285,-0.12372953975658618
TXN,Individual equity,,2016-2019,1006,0.7589562623261817,0.1255076779264539,-0.18317879608230514,1.5226535922005873,0.2110562442147048,-0.11422577406632606,-0.3910578752449964,-0.053261699472762825,-0.21860666895952774,-0.7636973298744055,-0.08554856628825092,-0.06895302201597908
TXN,Individual equity,,2020-2022,756,-0.0411318422902883,-0.045689886592741646,-0.34127908907106186,0.3376595574356509,0.04379973757334099,-0.1568544850152207,-0.2786120728213638,-0.07635013471878316,-0.3094898190483716,-0.3787913997259392,-0.08948962416608264,-0.18442460405584116
TXN,Individual equity,,2023-present,917,0.8490210989193311,0.1795203913937935,-0.3110818404152328,1.1332163609827917,0.1937839631152869,-0.14803988626930686,0.2377692806298966,0.024623485527758282,-0.19834026701255159,-0.2841952620634606,-0.014263571721493395,-0.16304195414592593
TXT,Individual equity,,2016-2019,1006,0.8026107253399618,0.11943591567404277,-0.15414455642518088,0.9190821846535538,0.08969248045689038,-0.1000936524665832,0.5091895332584411,0.056718561511619026,-0.12788052205972011,-0.11647145931359204,0.029743435217152392,-0.054050903958597685
TXT,Individual equity,,2020-2022,756,0.4077179610624731,0.083980230914672,-0.37189572027641304,0.9998221807953038,0.20123246803668726,-0.17391996042056157,-0.22614411810660706,-0.09004459418529209,-0.5076758303308349,-0.5921042197328308,-0.11725223712201527,-0.19797575985585147
TXT,Individual equity,,2023-present,917,-0.12067647263294835,-0.029455540286082882,-0.30190588972665133,0.4380080866233872,0.04252908002945355,-0.1334325869288705,-0.5502013597963415,-0.06281487239508587,-0.3047728256019395,-0.5586845592563355,-0.07198462031553643,-0.16847330279778083
TYL,Individual equity,,2016-2019,1006,1.0128956234370396,0.15543811538721242,-0.12197414213908653,1.1465472136646164,0.14018663525398867,-0.10866150663809493,0.22735991310180365,0.018328784667276832,-0.15956374586902766,-0.13365159022757678,0.01525148013322375,-0.013312635500991599
TYL,Individual equity,,2020-2022,756,0.6356879943276776,0.14429739952847132,-0.21361872704510254,1.3607910718281195,0.22885018837086513,-0.1265440864131746,-0.14240751680035013,-0.055839562394739084,-0.3150470199538564,-0.7251030775004419,-0.08455278884239381,-0.08707464063192794
TYL,Individual equity,,2023-present,917,0.16598804059971417,0.013327962244587876,-0.26563158030913303,0.05815061483586306,-0.0002974565684608077,-0.19530161952784053,0.25989686050081906,0.028895990432422636,-0.26526421241534104,0.10783742576385111,0.013625418813048684,-0.0703299607812925
UAL,Individual equity,,2016-2019,1006,1.6374166390402658,0.3833768946713598,-0.12478251186504019,1.662548968276629,0.25939323339235276,-0.09005014625916585,0.6898965113562783,0.10015338635881976,-0.12544881921354578,-0.025132329236363216,0.12398366127900706,-0.03473236560587434
UAL,Individual equity,,2020-2022,756,0.31928968088375276,0.03491620774104787,-0.659116592947512,0.5781047493419379,0.1232549184423799,-0.3064314728207229,0.003819359341996662,-0.09164551516367947,-0.7456142330482277,-0.25881506845818514,-0.08833871070133203,-0.3526851201267891
UAL,Individual equity,,2023-present,917,1.618640018742747,0.5459562866839531,-0.2044196570638801,1.4223983994751124,0.3270249529877618,-0.13466521274687315,0.8628666076000219,0.17128776659538603,-0.20033767278173986,0.19624161926763461,0.21893133369619133,-0.06975444431700695
UBER,Individual equity,,2016-2019,163,0.7386404911005375,0.17441428040356444,-0.128894380685315,-1.7007238594516019,-0.1061490175322114,-0.07001264590033485,1.1919736144618078,0.3138815120627645,-0.11383303007773726,2.4393643505521396,0.28056329793577583,-0.058881734784980155
UBER,Individual equity,,2020-2022,756,0.4871917669729368,0.12588546290529523,-0.5158556346444707,0.3706004960098446,0.06404430994254628,-0.3514024647558901,0.30253969417987,0.046980118414155614,-0.43147059545946564,0.11659127096309219,0.061841152962748946,-0.1644531698885806
UBER,Individual equity,,2023-present,917,0.3695029895085993,0.06169554231721719,-0.3304831654039714,0.7791472108441071,0.1398507250896901,-0.23186433446541388,-0.28333659166430336,-0.05270203724354061,-0.1884993875000054,-0.4096442213355078,-0.07815518277247291,-0.0986188309385575
UDR,Individual equity,,2016-2019,1006,-0.4481977116844114,-0.055306328174225095,-0.2748538742655965,0.17194594932315382,0.010789025758999315,-0.10674213433045843,-0.8078086729526949,-0.06395227019430583,-0.2503406636498102,-0.6201436610075652,-0.06609535393322441,-0.16811173993513806
UDR,Individual equity,,2020-2022,756,0.2810786032424514,0.04028156326841925,-0.3757074015973779,0.4355205855658786,0.050370239266428696,-0.17966552444545403,0.24173221710421583,0.029865757079951427,-0.3206781737633242,-0.1544419823234272,-0.010088675998009444,-0.1960418771519239
UDR,Individual equity,,2023-present,917,0.8575666808523953,0.13027091780180644,-0.11604582013409825,0.7067039117670489,0.07721487888790901,-0.11532589683220185,0.4087502542117488,0.040331758467899714,-0.13006795444685204,0.15086276908534635,0.05305603891389743,-0.000719923301896408
UHS,Individual equity,,2016-2019,1006,0.1310406726331276,0.008618833727442432,-0.1855336189921084,0.868496370016233,0.07541817179045851,-0.08450772362304715,-0.5656915202711104,-0.05540482681175596,-0.23622578533897176,-0.7374556973831055,-0.06679933806301608,-0.10102589536906126
UHS,Individual equity,,2020-2022,756,0.7989191633943888,0.23122964265389,-0.3881451459955526,1.274307842354826,0.21042510930767122,-0.09643425336546574,0.37954618339848534,0.07035970150539317,-0.41316630217600603,-0.4753886789604371,0.02080453334621879,-0.29171089263008687
UHS,Individual equity,,2023-present,917,1.3769516283688354,0.28788273713897405,-0.19403740422643867,1.4734020967089274,0.2185993795969703,-0.09579007248410121,0.4297520623284929,0.05240218347990244,-0.17990835869862376,-0.09645046834009197,0.06928335754200377,-0.09824733174233746
ULTA,Individual equity,,2016-2019,1006,0.7222369105235721,0.12668386782456542,-0.28780701027519295,0.6184216164545359,0.0728494740886092,-0.16528063194679765,0.23590935131265178,0.024258817494927642,-0.27450890632064995,0.10381529406903622,0.05383439373595622,-0.1225263783283953
ULTA,Individual equity,,2020-2022,756,0.20944217916957103,0.02000573927117877,-0.4921410542824761,0.3819291659497281,0.056123592869972594,-0.22406848204610486,0.07638947010207252,-0.007204987623996129,-0.3945351391819415,-0.17248698678015706,-0.036117853598793825,-0.26807257223637126
ULTA,Individual equity,,2023-present,917,1.5693499664139163,0.4299755160489276,-0.14699089887505334,1.0162811432523824,0.17933689087205407,-0.13519961457309104,1.1452034294555422,0.20392732232375388,-0.12797150918282396,0.5530688231615339,0.2506386251768735,-0.011791284301962301
UMC,Individual equity,,2016-2019,1006,0.7761822135742427,0.14128679322645965,-0.21014961637724805,1.1676575885013196,0.1750981942703671,-0.15515848343871486,0.03349444000594597,-0.004084417587518208,-0.25928577126302954,-0.39147537492707696,-0.03381140104390745,-0.054991132938533194
UMC,Individual equity,,2020-2022,756,0.9608484901014364,0.32035687613133623,-0.18370450560215756,1.329480567982698,0.40963168467204447,-0.16969431073572017,-0.08445140551350087,-0.0390168105222235,-0.27461923419713996,-0.3686320778812616,-0.08927480854070824,-0.014010194866437398
UMC,Individual equity,,2023-present,917,1.478250536173509,0.49213314758041693,-0.2080870617653714,1.421801104310067,0.3760707984397358,-0.18537763530781715,0.549900719139541,0.08434329779563621,-0.18922365937519547,0.05644943186344209,0.11606234914068114,-0.02270942645755425
UNG,Commodity ETF,,2016-2019,1006,0.7846070584300006,0.17786332555167683,-0.2757757070270701,0.6662611614263727,0.09539153700168845,-0.17405758128681204,0.4157896133779255,0.06429511536450772,-0.2079067810984767,0.11834589700362785,0.08247178854998838,-0.10171812574025807
UNG,Commodity ETF,,2020-2022,756,0.8599384468803289,0.3111551714828775,-0.3723208285834453,0.7210631875912933,0.15812483367927332,-0.20265890986739354,0.5815906932470679,0.14914332177538725,-0.29220082351322707,0.13887525928903566,0.1530303378036042,-0.16966191871605174
UNG,Commodity ETF,,2023-present,917,0.7612200442654574,0.25864638342348734,-0.5050469996478255,0.34290505912644353,0.05564520128655892,-0.3381427103507735,0.6523741479858564,0.17771471621279855,-0.34060089042304376,0.4183149851390139,0.20300118213692842,-0.16690428929705203
UNH,Individual equity,,2016-2019,1006,1.1773674356052624,0.15781589505913085,-0.11570106490077692,1.4401715009455152,0.1638901587607593,-0.11035478793891085,0.03865564254112028,5.541052800683843e-05,-0.07323194981306469,-0.2628040653402528,-0.006074263701628446,-0.00534627696186607
UNH,Individual equity,,2020-2022,756,0.34691503489858616,0.05190202875830252,-0.14210331704555068,0.8975520556386913,0.12368832897440529,-0.09275884242782484,-0.3231708093960381,-0.061554795928353556,-0.29277291356275414,-0.5506370207401052,-0.07178630021610277,-0.04934447461772584
UNH,Individual equity,,2023-present,917,1.0932893921035507,0.2515500809210687,-0.20711032908121707,0.7485354170848667,0.10100468042205257,-0.13723931970308778,0.9421444010985619,0.17248923307407393,-0.11580536913789019,0.344753975018684,0.1505454004990161,-0.06987100937812929
UNP,Individual equity,,2016-2019,1006,0.6647754750683911,0.0896716089282199,-0.2066860199674848,0.9526088153621083,0.11304449938915284,-0.12830233137159364,-0.20619873871200253,-0.02129646032815047,-0.1875945224874973,-0.2878333402937172,-0.023372890460932938,-0.07838368859589118
UNP,Individual equity,,2020-2022,756,0.6131078282369417,0.12111506954667783,-0.2033460357380249,0.6854963457990092,0.0872876882557283,-0.11386699343066164,0.2230086137228864,0.02453545504500898,-0.23995479424888932,-0.07238851756206754,0.03382738129094953,-0.08947904230736325
UNP,Individual equity,,2023-present,917,0.2995587621021077,0.03274830389828298,-0.15742928023095815,0.8553023415461766,0.09041245358143923,-0.08892507489205492,-0.5316012898816197,-0.05069297817139806,-0.187650479839934,-0.5557435794440688,-0.05766414968315625,-0.06850420533890322
UPS,Individual equity,,2016-2019,1006,0.746860002445846,0.09763381896908241,-0.147384958773626,1.01739926492238,0.09386085005173816,-0.09112814915763567,0.22080322711546646,0.017944865131832355,-0.11843954650528599,-0.2705392624765339,0.0037729689173442438,-0.05625680961599033
UPS,Individual equity,,2020-2022,756,1.1405821215316005,0.2582610101534102,-0.1874036806724455,0.9258846611732824,0.157106884122997,-0.207302279273907,0.45778066807442624,0.05746348440321203,-0.17575848676274164,0.21469746035831816,0.10115412603041318,0.01989859860146148
UPS,Individual equity,,2023-present,917,0.4934136908927493,0.0736176035281737,-0.2507553464930985,0.63402183017867,0.06923497475354012,-0.1156773043622098,0.24042361538203957,0.024294773619828236,-0.19012865878234675,-0.1406081392859207,0.004382628774633579,-0.1350780421308887
URA,Thematic/industry ETF,,2016-2019,1006,0.42001842858004285,0.055414836551030744,-0.17642829208048927,0.2608003870736866,0.022407880922332257,-0.16423610060119265,0.2544088402080968,0.023311906193470344,-0.14054548887397023,0.15921804150635627,0.03300695562869849,-0.012192191479296621
URA,Thematic/industry ETF,,2020-2022,756,0.8115076419121929,0.2224194143786118,-0.33425282247603005,0.7903850384068033,0.14270780164238173,-0.2542476783955656,0.4547177370994136,0.0840636819309275,-0.22785741291906958,0.021122603505389637,0.07971161273623006,-0.08000514408046444
URA,Thematic/industry ETF,,2023-present,917,1.321182783568173,0.4168758380541735,-0.20775019393500604,1.625867497848715,0.41142594929075815,-0.12204013134559788,0.16490878150445393,0.013329115924336055,-0.2728727301434226,-0.304684714280542,0.005449888763415345,-0.08571006258940816
URI,Individual equity,,2016-2019,1006,0.9827011038719342,0.2590504260612123,-0.229685330692881,1.63414648745093,0.3439491760140392,-0.13893640124066564,-0.11266807696055073,-0.039491352828509796,-0.23658303531891567,-0.6514453835789957,-0.08489874995282687,-0.09074892945221535
URI,Individual equity,,2020-2022,756,0.9140651765764105,0.28761931612422376,-0.2820301071718364,0.8207525290730402,0.1727053573110382,-0.14668527126478736,0.49246287350185297,0.09799047825336005,-0.24902859129816934,0.09331264750337032,0.11491395881318556,-0.13534483590704904
URI,Individual equity,,2023-present,917,1.5827822393809403,0.5087898634351011,-0.1857359835455159,1.7445132076201797,0.46753285668773614,-0.1239626350586005,0.3935702653047363,0.052891017332846735,-0.24485623836871784,-0.16173096823923938,0.04125700674736499,-0.0617733484869154
USB,Individual equity,,2016-2019,1006,0.9549716922118731,0.10346958803828188,-0.10929619298616888,1.3244422014958486,0.10890085306838326,-0.06850525186130052,0.024525725212454285,-0.001004124733409828,-0.09901543720352035,-0.3694705092839755,-0.005431265030101384,-0.04079094112486836
USB,Individual equity,,2020-2022,756,0.20386902374614366,0.020105060434131516,-0.41118730391331904,0.407153802373578,0.05230362131313049,-0.16686812782109006,-0.010500290730948932,-0.02165645326199661,-0.3709813671049501,-0.20328477862743435,-0.03219856087899897,-0.24431917609222897
USB,Individual equity,,2023-present,917,1.5119343100540965,0.36648845557268794,-0.1063437042447134,1.2115886212963967,0.18923812826809416,-0.13288784556717015,0.6709811217416021,0.10471577307064694,-0.13831638351916564,0.30034568875769985,0.17725032730459378,0.02654414132245675
USMV,Factor/style ETF,,2016-2019,1006,1.0763352582132284,0.070512128922112,-0.08446608777487186,1.658540434918729,0.08610002182507936,-0.05540852849712852,-0.3036698003903723,-0.013474934647495052,-0.08436026660021068,-0.5822051767055005,-0.01558789290296736,-0.02905755927774334
USMV,Factor/style ETF,,2020-2022,756,1.0154087139255488,0.15212733217124974,-0.11609801038165646,1.6004541270453876,0.14351005903907588,-0.05575405710014325,0.051158206646363016,-0.0013095030788181639,-0.18296010302980825,-0.5850454131198388,0.008617273132173864,-0.06034395328151321
USMV,Factor/style ETF,,2023-present,917,0.38009880638185406,0.023976918415745008,-0.07194506365400788,0.9403976311309568,0.05287661790153053,-0.03854640328231185,-0.6429120235414234,-0.025385044302479565,-0.12069533716819025,-0.5602988247491028,-0.028899699485785524,-0.03339866037169603
USO,Commodity ETF,Cross-asset,2016-2019,1006,0.8770938913414583,0.17573927569431835,-0.19667982922015825,0.6190511310864912,0.07784661607469401,-0.12232080560056413,0.6504065961455273,0.09872746185266346,-0.1188139918445753,0.2580427602549671,0.09789265961962434,-0.07435902361959412
USO,Commodity ETF,Cross-asset,2020-2022,756,1.496515638750707,0.6901449767713763,-0.3337571776119431,2.1011628948719805,0.41218856492924516,-0.17413570513068577,0.6645522415705383,0.1968266977548132,-0.4256843275109554,-0.6046472561212735,0.27795641184213116,-0.15962147248125735
USO,Commodity ETF,Cross-asset,2023-present,917,0.9826850976078402,0.20831935571504823,-0.23446797371025518,1.2117976758003945,0.20634171298138826,-0.12442221102472484,0.20476096595874502,0.018919699144527513,-0.21207038723320026,-0.22911257819255437,0.001977642733659968,-0.11004576268553035
V,Individual equity,,2016-2019,1006,0.9895897152007691,0.1261342219736814,-0.13773067339541623,2.112697713698527,0.2046493883004863,-0.05645013447469893,-0.662782631721059,-0.06244605316346996,-0.2608078940470293,-1.123107998497758,-0.07851516632680489,-0.0812805389207173
V,Individual equity,,2020-2022,756,0.35046950018951356,0.05666011906166224,-0.2625530253126943,0.5214717598088316,0.05792985660558592,-0.1308721276481467,0.2520236062675359,0.03126505725222528,-0.1975783087772287,-0.1710022596193181,-0.0012697375439236769,-0.1316808976645476
V,Individual equity,,2023-present,917,0.8794078445476303,0.10927550439785194,-0.10192721106081448,1.6831366518084785,0.17431048745944344,-0.04452246167051099,-0.6496494458519192,-0.05373689134452386,-0.18596772419603536,-0.8037288072608482,-0.0650349830615915,-0.05740474939030349
VEA,Broad index ETF,,2016-2019,1006,0.838614059339286,0.06589648448310292,-0.10757265698021945,1.597931417194067,0.09299485840025312,-0.04013299512497459,-0.31471630945125817,-0.019331896112639746,-0.1588748577024378,-0.759317357854781,-0.027098373917150198,-0.06743966185524486
VEA,Broad index ETF,,2020-2022,756,0.8471152062728707,0.15375250897509662,-0.11654825978157124,0.8447925064000464,0.08719760480576588,-0.12348951514674922,0.4438000993738955,0.05977000102986341,-0.16989309501532102,0.0023226998728242965,0.06655490416933074,0.0069412553651779785
VEA,Broad index ETF,,2023-present,917,0.5571968403314242,0.0552460156343495,-0.13078352379862035,0.8581241876844943,0.06881396362280467,-0.07438342740689219,-0.055581193817910324,-0.006252575047536957,-0.10096478544138143,-0.30092734735307003,-0.013567947988455176,-0.05640009639172816
VEEV,Individual equity,,2016-2019,1006,0.8573667246247514,0.1787244918408244,-0.25384977583096624,1.533351727537576,0.3093100071045587,-0.14153731014090976,-0.7389583534009805,-0.08984830351670003,-0.33438218129779274,-0.6759850029128247,-0.1305855152637343,-0.11231246569005648
VEEV,Individual equity,,2020-2022,756,1.2249422678835733,0.3934773406069185,-0.21680558634930203,1.1282515341131378,0.24135459211156096,-0.16284885859276,0.6726244462023515,0.13946235599629153,-0.1675545951572951,0.09669073377043547,0.15212274849535756,-0.05395672775654203
VEEV,Individual equity,,2023-present,917,0.9230100548180301,0.23118199472657297,-0.25191463834151184,0.605423134969135,0.11202097787083831,-0.29392111740658766,0.6501079180978764,0.09983081731547427,-0.13813008898340995,0.3175869198488951,0.11916101685573466,0.04200647906507582
VICI,Individual equity,,2016-2019,482,1.5556879911595656,0.20607131666573486,-0.09787246774547309,1.6521650683672218,0.16826043829430315,-0.04715523778421915,0.3630804005128936,0.02656600632325068,-0.11736966011977179,-0.09647707720765619,0.03781087837143171,-0.05071722996125394
VICI,Individual equity,,2020-2022,756,0.6014193912913286,0.11916415710845141,-0.2537979740135895,1.2682775644669049,0.20456899561783692,-0.14485757755823658,-0.42996630573967665,-0.08439366643683832,-0.40058295602687866,-0.6668581731755763,-0.08540483850938552,-0.10894039645535292
VICI,Individual equity,,2023-present,917,-0.04049117748924364,-0.015411274582407652,-0.1768932800924804,0.5604692853861252,0.0453260981665673,-0.07725782590919217,-0.4612598593072197,-0.05589290999275087,-0.22317636342024894,-0.6009604628753689,-0.06073737274897495,-0.09963545418328823
VLO,Individual equity,,2016-2019,1006,1.3418794182706073,0.2796370923958158,-0.15832164501774226,1.527558752291475,0.22914212486382612,-0.12183527170468145,0.4926467752262891,0.06294900753345778,-0.19867707760952302,-0.18567933402086778,0.050494967531989676,-0.036486373313060816
VLO,Individual equity,,2020-2022,756,1.4718222862254702,0.7252838283343106,-0.19739284008561986,1.647038919211899,0.5376974829741026,-0.16674135513770405,0.6128988569574462,0.16228000404860388,-0.2225170779279313,-0.17521663298642887,0.18758634536020802,-0.030651484947915808
VLO,Individual equity,,2023-present,917,1.4475097123495837,0.3569653023038035,-0.1472913380785238,1.794829659483425,0.39000595747914346,-0.1552651152838731,-0.024075328611099452,-0.011510581047241342,-0.1609880882431115,-0.3473199471338413,-0.03304065517533994,0.007973777205349308
VLTO,Individual equity,,2023-present,730,0.20586586616575864,0.018855059096315463,-0.18480955301038682,0.4409609442105376,0.04205181443453854,-0.1462301267419328,-0.19141264493315555,-0.01988200783979155,-0.09484763576514055,-0.23509507804477897,-0.023196755338223074,-0.03857942626845401
VLUE,Factor/style ETF,,2016-2019,1006,1.1416945931998739,0.10986338306802179,-0.12841252416513338,1.8044296328454557,0.12064763990436367,-0.038157412381237155,-0.13566868471076782,-0.01202475195806052,-0.1446451488856345,-0.6627350396455818,-0.010784256836341877,-0.09025511178389622
VLUE,Factor/style ETF,,2020-2022,756,0.25884664021318,0.03256776663368233,-0.2311424056102842,0.5781035878614086,0.06380164286473611,-0.09210214849790188,0.0059914702444605564,-0.012502991267288821,-0.28660828233035374,-0.3192569476482286,-0.03123387623105378,-0.13904025711238233
VLUE,Factor/style ETF,,2023-present,917,1.121975385416773,0.14001944504864805,-0.10226953163767427,1.522311407925102,0.16208678151433298,-0.06927495139696616,-0.2136750809871404,-0.017221193585873706,-0.10897663428459725,-0.4003360225083288,-0.022067336465684928,-0.032994580240708116
VMC,Individual equity,,2016-2019,1006,1.1131111508119338,0.1917680902890142,-0.17022334115109006,0.9572193891034213,0.12826236657441803,-0.13838240706630944,0.41942637153144124,0.039362795651353144,-0.19313886124790935,0.1558917617085125,0.06350572371459617,-0.031840934084780614
VMC,Individual equity,,2020-2022,756,0.5521609246161927,0.10321453068172137,-0.2558961518551538,0.10295255118040196,0.004254622828251398,-0.19148857027564703,0.5101663906500763,0.07447168155602824,-0.20467730082203395,0.44920837343579073,0.09895990785346997,-0.06440758157950677
VMC,Individual equity,,2023-present,917,1.0102802569245424,0.17689339134648874,-0.1275342274772332,1.3668588172454648,0.1906118255684901,-0.08554964456295766,-0.028224151594287934,-0.009760517269554736,-0.14347044392351194,-0.3565785603209224,-0.013718434222001363,-0.04198458291427554
VMRK,Individual equity,,2016-2019,1006,0.24069324260115954,0.021331885792405192,-0.16395301335323254,0.554454656049808,0.04625836613844503,-0.08892942700742656,0.09542161999617697,0.004481859014093814,-0.13411721950477806,-0.3137614134486485,-0.024926480346039837,-0.07502358634580597
VMRK,Individual equity,,2020-2022,756,0.0915896595171122,-0.006716983589354131,-0.32926866478788186,0.09464299711549996,0.004089021603471021,-0.14684372942401092,0.29125478518461795,0.040260340778970116,-0.26322076676648487,-0.003053337598387759,-0.010806005192825152,-0.18242493536387094
VMRK,Individual equity,,2023-present,917,0.07262751300027774,-0.0013605969695839049,-0.16691665022072943,0.4355960063373247,0.04434055775050183,-0.14307468791153477,-0.3148983791107927,-0.042283075019360905,-0.23122003269873692,-0.36296849333704695,-0.045701154720085735,-0.023841962309194664
VNQ,Thematic/industry ETF,,2016-2019,1006,0.4262024306605668,0.03926528032594567,-0.16928504941593592,0.7419665922648414,0.05212868793419889,-0.11579709702638719,-0.08952886039038374,-0.009613344714983096,-0.1429238848101212,-0.3157641616042746,-0.012863407608253219,-0.05348795238954873
VNQ,Thematic/industry ETF,,2020-2022,756,1.1528191988294687,0.22824282968163212,-0.15656544399764083,1.1649847941415967,0.11994024258694469,-0.07694085827185115,0.6350169086469701,0.09706451069606037,-0.23357732800834696,-0.01216559531212802,0.10830258709468743,-0.07962458572578968
VNQ,Thematic/industry ETF,,2023-present,917,0.1904051280016698,0.016016396149501677,-0.15791782160956946,0.24674385458788012,0.01867683840397283,-0.11322744519653005,0.001279475685953497,-0.003460444244793859,-0.16531513455138624,-0.05633872658621031,-0.0026604422544711515,-0.04469037641303941
VRSK,Individual equity,,2016-2019,1006,1.1270254990680575,0.12427083646952508,-0.09196253130716636,1.3236571022619001,0.11505154797237704,-0.06461501646684742,0.10681048205146212,0.005238070919846072,-0.07882470709579992,-0.19663160319384265,0.009219288497148037,-0.027347514840318943
VRSK,Individual equity,,2020-2022,756,1.4241366535857705,0.3588582998680394,-0.16438286278239467,1.6668198577597215,0.23911811277675188,-0.1046407806664118,0.526607341039172,0.08704224409694383,-0.15820890375518026,-0.24268320417395106,0.11974018709128753,-0.059742082115982864
VRSK,Individual equity,,2023-present,917,1.2897426327388137,0.22227228558317158,-0.1471429936918498,1.267911872271099,0.12113562936670208,-0.09319840554142766,0.7113007582582588,0.09484676492359334,-0.1762510952777281,0.021830760467714816,0.1011366562164695,-0.053944588150422135
VRSN,Individual equity,,2016-2019,1006,0.776189328486459,0.09865850580957858,-0.15427561546048674,1.4124229483480442,0.14177602470437534,-0.1056605317327518,-0.10888704704938469,-0.014785207119630495,-0.19479739137364938,-0.6362336198615851,-0.04311751889479676,-0.04861508372773493
VRSN,Individual equity,,2020-2022,756,0.5339566985019206,0.09834714778210585,-0.19299107767472623,1.035889610534096,0.14105817052546743,-0.09687676187077554,-0.03965576825191043,-0.022636522633516787,-0.23583846104362727,-0.5019329120321754,-0.04271102274336158,-0.09611431580395069
VRSN,Individual equity,,2023-present,917,0.9791505071628019,0.14690164340727718,-0.10621494041784207,1.1367521681331083,0.13449706217335833,-0.09519229754533454,0.13426527724987516,0.008402314368062491,-0.11527002160262745,-0.15760166097030637,0.012404581233918854,-0.011022642872507538
VRT,Individual equity,,2016-2019,359,0.32633956550482274,0.01468052707682621,-0.03140229460240995,0.6333831045179988,0.028088775221948525,-0.01311734951505339,-0.8009206567604946,-0.013041916679059962,-0.018527983117720193,-0.3070435390131761,-0.013408248145122315,-0.018284945087356563
VRT,Individual equity,,2020-2022,756,0.8582943939213247,0.3101744625606979,-0.34197607932699536,1.3535905309600644,0.30797427617542605,-0.15485783664417996,0.23530659239196858,0.01975163213344522,-0.3917150030187626,-0.49529613703873976,0.002200186385271863,-0.1871182426828154
VRT,Individual equity,,2023-present,917,1.5658034991667271,0.8157033752965086,-0.2793043346771441,1.7814505946815034,0.7322241204235118,-0.16413158267378536,0.02563496346826402,-0.03357200038776664,-0.3633946593495885,-0.21564709551477623,0.08347925487299679,-0.11517275200335875
VRTX,Individual equity,,2016-2019,1006,-0.1864556302572037,-0.05501568634053289,-0.4490782781980044,0.45823814091021287,0.05829559655347638,-0.16866284677365084,-0.8231395669442686,-0.11922465433067042,-0.4081571674297967,-0.6446937711674166,-0.11331128289400927,-0.28041543142435355
VRTX,Individual equity,,2020-2022,756,-0.08446733514645859,-0.04388175091498603,-0.31227646721776714,0.5898484237383707,0.08308910564751582,-0.18064585704365654,-0.5464873896867792,-0.10321088278599622,-0.29574033845304304,-0.6743157588848292,-0.12697085656250184,-0.1316306101741106
VRTX,Individual equity,,2023-present,917,0.26077065369902686,0.030524527065348472,-0.2530847459188419,0.9490640510250754,0.13837980089136281,-0.1333805923518293,-1.0074217094966595,-0.09313354999924173,-0.33747569864612936,-0.6882933973260486,-0.10785527382601434,-0.11970415356701258
VST,Individual equity,,2016-2019,666,0.8347714967451608,0.11571693855853793,-0.12393434390733327,1.7769772574497624,0.21263070441177412,-0.06071421059035753,-0.5468315869104856,-0.0575594413935312,-0.26418205225302827,-0.9422057607046016,-0.09691376585323619,-0.06322013331697574
VST,Individual equity,,2020-2022,756,0.18333104703325265,0.010181066238772685,-0.30499079733373646,0.2175147987186934,0.023866564184069183,-0.2466796296482654,0.01511039683460826,-0.022766781940666392,-0.33928333222537266,-0.034183751685440744,-0.013685497945296499,-0.058311167685471066
VST,Individual equity,,2023-present,917,1.572762333114466,0.6038259271313562,-0.3380779829929501,2.019933708163405,0.6639307434136075,-0.2811888613460246,-0.14069887454293997,-0.047331736205500574,-0.3132203073567831,-0.4471713750489388,-0.06010481628225128,-0.0568891216469255
VTI,Broad index ETF,,2016-2019,1006,1.3546803738691298,0.11065869909130033,-0.07987995922124547,2.1450046563180503,0.13083029405296998,-0.03746796013263021,-0.42122104993184595,-0.02466326794762863,-0.11209158006106257,-0.7903242824489205,-0.020171594961669648,-0.04241199908861526
VTI,Broad index ETF,,2020-2022,756,1.1116523211801856,0.22198819678731763,-0.1146160976076539,1.6363997798920857,0.1845670112112887,-0.05405679561501686,0.2919450488747399,0.03549728512875161,-0.1734965744446233,-0.5247474587119001,0.037421185576028915,-0.06055930199263704
VTI,Broad index ETF,,2023-present,917,1.45497112679589,0.15029980479361482,-0.07038791344116868,1.828479417153353,0.14986217200032748,-0.059906122936518647,-0.1874375419584165,-0.01387196288718695,-0.07870208520342403,-0.3735082903574629,0.00043763279328734583,-0.010481790504650035
VTR,Individual equity,,2016-2019,1006,1.32047779385477,0.20055357220897374,-0.0982038653921472,1.3876197795867613,0.1506868711282363,-0.07151962276887491,0.49941672809386345,0.04776273422106092,-0.10268650993198825,-0.06714198573199126,0.04986670108073743,-0.026684242623272292
VTR,Individual equity,,2020-2022,756,0.9540476292625684,0.3590482889451396,-0.30407373714286456,0.6202024201865369,0.10963380232938547,-0.17762168917872523,0.7482268787913873,0.2266216747224934,-0.37119913546637506,0.33384520907603144,0.24941448661575416,-0.12645204796413934
VTR,Individual equity,,2023-present,917,1.34872814551868,0.23565555170708485,-0.1271384911117175,1.5867239064102787,0.21226846767730212,-0.0855220033990185,0.23619960818314617,0.020469155582865106,-0.11592188637967904,-0.2379957608915988,0.023387084029782734,-0.04161648771269899
VTRS,Individual equity,,2020-2022,537,0.0051256051058019385,-0.01840389398096609,-0.22155515030581663,-0.09933377596710391,-0.018185455883152568,-0.16271541106947807,-0.009558067476693733,-0.014473778060576148,-0.22462619580578713,0.10445938107290585,-0.00021843809781352252,-0.05883973923633856
VTRS,Individual equity,,2023-present,917,1.2771619814963275,0.27644856493731695,-0.15083151255273564,1.193954143683787,0.18890601011653008,-0.16308054648523873,0.7344151172902075,0.10040288564721234,-0.1892358347243407,0.08320783781254049,0.08754255482078688,0.012249033932503095
VTV,Factor/style ETF,,2016-2019,1006,1.2243187952811316,0.09316943465605498,-0.0793511745219424,1.97122894971471,0.11416063157943945,-0.06260468184737977,-0.3261836768803218,-0.01804402923481052,-0.08677266566827979,-0.7469101544335783,-0.02099119692338447,-0.01674649267456263
VTV,Factor/style ETF,,2020-2022,756,0.7179672609430118,0.11870199408278914,-0.1518559087393455,1.4089115875805314,0.1412640801902849,-0.06289882529701296,0.03483370072334069,-0.0062424844362015675,-0.23764593878451923,-0.6909443266375196,-0.02256208610749577,-0.08895708344233255
VTV,Factor/style ETF,,2023-present,917,1.3458418319820513,0.12566084867151628,-0.06797517412500376,1.6129633979575386,0.11773728004005934,-0.04737560252643658,0.190047826812555,0.009730818624338333,-0.06725288324378742,-0.2671215659754873,0.007923568631456934,-0.02059957159856718
VUG,Factor/style ETF,,2016-2019,1006,1.117681452592348,0.09811347120259106,-0.07360306475861178,2.0756675519808696,0.1289541715382001,-0.03140708203693354,-0.42417808086694664,-0.028661112849297288,-0.1250154203677175,-0.9579860993885216,-0.03084070033560904,-0.04219598272167824
VUG,Factor/style ETF,,2020-2022,756,1.3014964494794334,0.28598136607681646,-0.13024008565051814,1.7489521244512587,0.21248901533419962,-0.0850278087639541,0.44559148805760507,0.06539358966921793,-0.1380268949433323,-0.44745567497182526,0.07349235074261684,-0.04521227688656404
VUG,Factor/style ETF,,2023-present,917,1.9191487698665706,0.2993961913259786,-0.10294431137041549,2.4291039067740545,0.2765231065118199,-0.05163879750923406,0.254998292490461,0.020438718507431286,-0.10286138315047533,-0.509955136907484,0.02287308481415873,-0.05130551386118143
VWO,Broad index ETF,,2016-2019,1006,0.6339549473492626,0.07002482492889861,-0.17437078560174368,1.3562753455101961,0.12484376718635137,-0.08562876871944292,-0.41054132756567524,-0.034260790499543226,-0.21529984414069625,-0.7223203981609335,-0.05481894225745276,-0.08874201688230077
VWO,Broad index ETF,,2020-2022,756,1.0247468095226888,0.1784452162979644,-0.12846480808173677,1.1450288008360054,0.1327802660805253,-0.07141102240236807,0.36369720422626384,0.04031227554434924,-0.16265532321884557,-0.12028199131331663,0.045664950217439104,-0.057053785679368696
VWO,Broad index ETF,,2023-present,917,0.7889331578850488,0.07796541417797664,-0.09751065883361365,1.215684252887841,0.09883291571472297,-0.054492276699929176,-0.33101309953160496,-0.023451960970174435,-0.1314200891458095,-0.4267510950027923,-0.020867501536746325,-0.043018382133684474
VXX,Thematic/industry ETF,,2016-2019,492,0.6377977269130828,0.1692189954936829,-0.254267921551142,-0.5188078727031513,-0.11071456272301738,-0.271103955532759,1.1493030567384408,0.3147848221532379,-0.1583665762126042,1.156605599616234,0.2799335582167003,0.016836033981617038
VXX,Thematic/industry ETF,,2020-2022,756,0.8414243025802836,0.33175194708998856,-0.29192257855000714,0.13293056614066195,-0.007154859365682387,-0.4212034950407266,0.989951573596324,0.34870735071179415,-0.26888565433379574,0.7084937364396215,0.33890680645567095,0.1292809164907195
VXX,Thematic/industry ETF,,2023-present,917,1.0277158169448004,0.36248572039693383,-0.30641910423374474,-0.6851632649896399,-0.17155818645165744,-0.5000980196928616,1.863654150400544,0.6455249290061389,-0.1759180798034563,1.7128790819344402,0.5340439068485913,0.19367891545911686
VZ,Individual equity,,2016-2019,1006,1.0393143371335793,0.11539652632250985,-0.10821450245285413,1.1600064027975705,0.09363591049048248,-0.0625601291218969,0.28809965486306854,0.019465223085531003,-0.13027072574796117,-0.12069206566399115,0.021760615832027375,-0.04565437333095723
VZ,Individual equity,,2020-2022,756,0.46634514190740417,0.056939883187421714,-0.13598058350520592,-0.13509510028700383,-0.012268137266156165,-0.11457072768254428,0.5791938962305653,0.06504831630993246,-0.09066495672662667,0.6014402421944081,0.06920802045357788,-0.02140985582266164
VZ,Individual equity,,2023-present,917,0.9065317575086786,0.10678168499277252,-0.09613300271959124,1.1302700279992781,0.10697810905020821,-0.09206021110115103,0.0906971832157929,0.004073153482040626,-0.10385418097357713,-0.22373827049059947,-0.0001964240574356957,-0.004072791618440208
WAB,Individual equity,,2016-2019,1006,0.5779373389544435,0.091725309837698,-0.2060688201741181,0.6721954929994705,0.07671697223272012,-0.19234970193416634,0.15547105057035587,0.012046432404293261,-0.16599378775172158,-0.09425815404502691,0.015008337604977884,-0.013719118239951755
WAB,Individual equity,,2020-2022,756,0.08276037346565339,-0.009655356788255354,-0.431179160861184,0.2872513412964913,0.03361196124015198,-0.17960381294338745,-0.08219901464029203,-0.03284752457143625,-0.3922684213424553,-0.20449096783083792,-0.04326731802840733,-0.25157534791779657
WAB,Individual equity,,2023-present,917,1.4192932979117967,0.216998061320679,-0.08095627151108487,1.5838649371003897,0.20903626284291255,-0.06578489155089295,0.29848101702859214,0.02334153763088831,-0.10054276577600285,-0.16457163918859297,0.007961798477766457,-0.01517137996019191
WAT,Individual equity,,2016-2019,1006,0.5378144414751388,0.07343623850772918,-0.15281137112937204,1.2725333233278544,0.14745015416671348,-0.061875912989966975,-0.554103659661005,-0.060345198050246074,-0.22802941484997385,-0.7347188818527156,-0.0740139156589843,-0.09093545813940507
WAT,Individual equity,,2020-2022,756,0.986182973832866,0.20772556194743697,-0.23412475771051522,1.09089311445144,0.17647897245217825,-0.16738931592085338,0.2933338105644675,0.03220377527662044,-0.1163885944518599,-0.10471014061857398,0.031246589495258714,-0.06673544178966184
WAT,Individual equity,,2023-present,917,0.8068718445196815,0.1635489064814395,-0.16664318301162795,0.5939117245538955,0.08396813618898413,-0.20935052738650128,0.3736439621360223,0.047604960310803524,-0.14130965885807711,0.212960119965786,0.07958077029245536,0.042707344374873335
WBD,Individual equity,,2020-2022,188,0.40273765657607236,0.08408733156631931,-0.2248970622486396,0.7628019755990839,0.11190623774795272,-0.07958732498157683,0.22102369889112117,0.013169094074021448,-0.17454844092712007,-0.36006431902301156,-0.027818906181633407,-0.14530973726706276
WBD,Individual equity,,2023-present,917,0.6908380315727936,0.16810126907117406,-0.30170294544601983,1.269197318160794,0.28670545318257856,-0.1972152510483265,-0.06856976680717661,-0.032201437492598406,-0.2729754830915698,-0.5783592865880005,-0.1186041841114045,-0.10448769439769334
WDAY,Individual equity,,2016-2019,1006,0.03471111596857318,-0.014920882325553109,-0.34377338830940785,0.8105111217170824,0.12834866664417888,-0.21565448945250842,-0.8963044184288071,-0.12383759636229719,-0.45758530046220436,-0.7758000057485093,-0.14326954896973199,-0.12811889885689942
WDAY,Individual equity,,2020-2022,756,1.1902663710116768,0.40785848325538643,-0.18794461290662856,1.3099669482852276,0.28496928375753483,-0.12073845847191633,0.5219178187008298,0.1090141309564101,-0.3014251655326997,-0.11970057727355088,0.1228891994978516,-0.06720615443471223
WDAY,Individual equity,,2023-present,917,1.13732915116889,0.28277074734442187,-0.19010424955990435,1.0182274814832257,0.17135259864893504,-0.11873306615239865,0.7214438944915015,0.11987170325361363,-0.16394740012535913,0.11910166968566438,0.11141814869548683,-0.0713711834075057
WDC,Individual equity,,2016-2019,1006,0.9772842336982299,0.26531626082686954,-0.2368676990151325,1.0928861527266,0.2028776702726729,-0.14989245736657886,0.26556526008440984,0.03523852150420592,-0.37123278386949987,-0.11560191902837014,0.06243859055419665,-0.08697524164855364
WDC,Individual equity,,2020-2022,756,0.9445101743182209,0.2980753568187373,-0.2615943447144362,0.26046965804372385,0.03230998734379176,-0.1827707509432942,0.9705286501840167,0.25744725202047003,-0.17009592384336358,0.6840405162744971,0.26576536947494556,-0.07882359377114201
WDC,Individual equity,,2023-present,917,1.5303854855269665,0.5740180577132157,-0.24989689484783095,1.6701287426312292,0.5786272981373157,-0.2104113383305859,0.15145784226933956,0.011642266225351916,-0.21338405269396377,-0.13974325710426272,-0.004609240424100047,-0.03948555651724506
WEC,Individual equity,,2016-2019,1006,0.5514512836205662,0.056598024517169554,-0.12003457320362343,1.1188260275352253,0.09724793723939418,-0.08223355408899424,-0.5011406999407721,-0.03746211010598155,-0.17447228655329228,-0.5673747439146591,-0.040649912722224624,-0.037801019114629186
WEC,Individual equity,,2020-2022,756,0.5896200424917296,0.09321383121411286,-0.2897360010440876,0.6808724388166857,0.07382834435389696,-0.10750154001379908,0.2631828689878941,0.02707457377642397,-0.2248130479650743,-0.09125239632495608,0.019385486860215906,-0.1822344610302885
WEC,Individual equity,,2023-present,917,-0.40346122500001275,-0.05733819765615289,-0.22610599868965786,0.2809265038741047,0.02139782856070216,-0.12633982003656363,-0.8121833184860114,-0.07597155253087584,-0.2894853586237721,-0.6843877288741175,-0.07873602621685505,-0.09976617865309423
WELL,Individual equity,,2016-2019,1006,0.9744802815482899,0.14281560309035557,-0.10963454845309029,1.0532832473176232,0.11323789791742844,-0.0591248236813845,0.24164693530661405,0.019813634821669535,-0.18438683144003454,-0.07880296576933332,0.029577705172927127,-0.05050972477170579
WELL,Individual equity,,2020-2022,756,0.5602656874338655,0.11783526302248304,-0.3721674900951665,0.2542919115428907,0.02806330081865105,-0.2108413672672257,0.5522599385421856,0.09779165166593518,-0.37531580072779824,0.3059737758909748,0.08977196220383199,-0.1613261228279408
WELL,Individual equity,,2023-present,917,0.7859795026936115,0.11227678367747096,-0.26365219520812666,1.4909030201512283,0.2100337356887152,-0.16005973711619403,-1.0488873619346508,-0.07790158926765711,-0.25588488399054377,-0.7049235174576168,-0.09775695201124424,-0.10359245809193263
WFC,Individual equity,,2016-2019,1006,0.5774763884479502,0.07519117738945535,-0.1766376157321028,0.5098138580548454,0.04660486770944017,-0.11410521841390953,0.395320729838264,0.03664286768078173,-0.11948818540680473,0.06766253039310488,0.028586309680015187,-0.06253239731819327
WFC,Individual equity,,2020-2022,756,0.8784663409513144,0.27028246794510347,-0.30939720928565506,0.8170419231920334,0.14291549010502713,-0.16769298867379634,0.46571454813691415,0.09846376921293354,-0.3574552661321445,0.06142441775928098,0.12736697784007633,-0.14170422061185872
WFC,Individual equity,,2023-present,917,1.019658799504536,0.19430526160340755,-0.1641042228382772,1.2521527981154332,0.18943812844883223,-0.1471194026617142,0.16294896276030826,0.012721135134351469,-0.1801690304672805,-0.23249399861089715,0.0048671331545753205,-0.016984820176562998
WM,Individual equity,,2016-2019,1006,1.3933972903288296,0.13533325271784258,-0.08573619328186244,1.9589804123492334,0.15003866453500514,-0.05008905925932272,-0.3783065184429826,-0.02496744973455267,-0.15259837081599859,-0.5655831220204037,-0.014705411817162561,-0.03564713402253972
WM,Individual equity,,2020-2022,756,1.1646684133088736,0.15103530045181568,-0.09788494709075646,1.8954490419794567,0.19454349407446547,-0.06735729458323514,-0.2861629835037467,-0.027735442297565416,-0.16412890263581648,-0.7307806286705831,-0.04350819362264979,-0.03052765250752132
WM,Individual equity,,2023-present,917,0.589670880376171,0.06539782231404545,-0.12883214318086933,1.0619481914682543,0.10205803765302313,-0.08334118312640715,-0.4439094728546374,-0.03670375343930665,-0.18495872925630885,-0.47227731109208326,-0.036660215338977675,-0.04549096005446218
WMB,Individual equity,,2016-2019,1006,1.2018727461688687,0.24088443185430575,-0.1398575100592151,1.0867243706101262,0.18321954943238317,-0.11068660668349573,0.26642873630151487,0.024381320377584892,-0.18131987317827003,0.11514837555874258,0.05766488242192258,-0.02917090337571937
WMB,Individual equity,,2020-2022,756,0.7146484192934399,0.18943666433002093,-0.3415420620847308,0.8797155145551173,0.159188409177065,-0.17654005771661452,0.22435285669522168,0.026497025605472402,-0.39511406642598257,-0.1650670952616774,0.030248255152955927,-0.1650020043681163
WMB,Individual equity,,2023-present,917,0.8821698226320839,0.12444844245253517,-0.15699403451379912,1.628571433964651,0.211821819214707,-0.09316096859558676,-1.0695791656390374,-0.08243913437535821,-0.3051986467398854,-0.7464016113325672,-0.08737337676217183,-0.06383306591821236
WMT,Individual equity,,2016-2019,1006,1.4607854180451407,0.18903425540175056,-0.07065107406567017,1.6854045795626689,0.15844517577655748,-0.047878250533226696,0.2824400420956309,0.020849816255431586,-0.0852772938068006,-0.22461916151752814,0.030589079625193083,-0.022772823532443476
WMT,Individual equity,,2020-2022,756,0.4967052790299418,0.07136896510728885,-0.1826654165153575,0.5075025967109261,0.05163009183343292,-0.12873523280540256,0.22579137142448125,0.02089684551003379,-0.11016096939280984,-0.010797317680984297,0.019738873273855928,-0.05393018370995495
WMT,Individual equity,,2023-present,917,0.8731546466739761,0.11371518394353353,-0.13967846754597046,1.6809813858201985,0.20371687227576274,-0.08216799463041424,-0.9088219322163377,-0.06332516595402748,-0.22856504424812518,-0.8078267391462224,-0.09000168833222921,-0.05751047291555622
WRB,Individual equity,,2016-2019,1006,1.0194875553040381,0.11253216908933705,-0.10585880419676175,1.26039414802351,0.11735188431716148,-0.09310705541760766,-0.017902075401973073,-0.003055561981986088,-0.09140670009791285,-0.2409065927194718,-0.004819715227824428,-0.012751748779154082
WRB,Individual equity,,2020-2022,756,0.11654426127856464,-0.0012318319897126617,-0.3494761155143308,0.53443751992599,0.06883765869775504,-0.1426941761981425,-0.3249265733471572,-0.08065893435338534,-0.3757001752780199,-0.4178932586474253,-0.0700694906874677,-0.20678193931618827
WRB,Individual equity,,2023-present,917,0.1373853061455148,0.009526551284399831,-0.14412222222052984,0.370499051444669,0.03514461254142054,-0.11031353584918036,-0.18989983154530776,-0.019999585346468063,-0.1219951297650409,-0.23311374529915418,-0.025618061257020708,-0.03380868637134948
WSM,Individual equity,,2016-2019,1006,0.10596030461840862,0.0007822922463176507,-0.3147275414080739,0.46643820753130005,0.06674647907044662,-0.1821727017994712,-0.07104645164591175,-0.019559708440543,-0.2568734495350702,-0.36047790291289145,-0.06596418682412897,-0.1325548396086027
WSM,Individual equity,,2020-2022,756,1.4183723368623604,0.6150636266605405,-0.2781599231735623,1.3756640629456223,0.3781188243160747,-0.15121754284276845,0.6791912131858192,0.17193350686727293,-0.24283933126215762,0.04270827391673815,0.2369448023444658,-0.12694238033079386
WSM,Individual equity,,2023-present,917,0.812285962824033,0.2018914261067688,-0.22717195568374793,0.9462153483003272,0.18385810265863523,-0.15217985950122015,0.2959646208581913,0.03942544141548843,-0.20601623959741144,-0.13392938547629418,0.018033323448133576,-0.07499209618252778
WST,Individual equity,,2016-2019,1006,0.9086674797535511,0.12287897883566767,-0.0998526521584181,1.4941401862988983,0.17100376222002378,-0.07277738516620069,-0.7368934447548106,-0.06860952210819626,-0.2631403619941951,-0.5854727065453472,-0.04812478338435611,-0.027075266992217406
WST,Individual equity,,2020-2022,756,1.2443278924200385,0.3186657026538222,-0.21271334202947467,1.796917736603209,0.31630009153656635,-0.1251781766180361,0.13732215425550515,0.008084387043695296,-0.21271334202947467,-0.5525898441831705,0.0023656111172558614,-0.08753516541143858
WST,Individual equity,,2023-present,917,0.967535602221592,0.20404483522325467,-0.33826652289943215,1.2328276613127431,0.2166271278753531,-0.1503938440212521,-0.18008514238981016,-0.032799549899444225,-0.29799822755185223,-0.26529205909115117,-0.012582292652098426,-0.18787267887818004
WTW,Individual equity,,2016-2019,1005,0.0676677741210318,0.0010688970461565361,-0.19076892620138886,0.3963728202213049,0.03479689180776435,-0.11997378343639975,-0.47773080277096835,-0.03599437280922424,-0.16490807408611552,-0.32870504610027307,-0.033727994761607816,-0.0707951427649891
WTW,Individual equity,,2020-2022,756,0.307822033521565,0.04391893577486816,-0.24636465952067543,0.5003604711837749,0.06355174124398544,-0.13718645188292145,-0.05454898744431183,-0.024145201036851582,-0.25511686928566013,-0.1925384376622099,-0.019632805469117276,-0.10917820763775399
WTW,Individual equity,,2023-present,917,0.41309145760295984,0.05027731416007697,-0.16713335603525015,0.8974732578046293,0.10242311025146367,-0.12133509906701823,-0.1916480422804592,-0.024028290597584934,-0.1539155110375201,-0.48438180020166943,-0.0521457960913867,-0.04579825696823192
WY,Individual equity,,2016-2019,1006,1.1753349273532372,0.19668678073434598,-0.15124167143847034,1.3424156963544454,0.1445369420525433,-0.0826163177890672,0.4607434483260591,0.05186119095934849,-0.17602469288558154,-0.16708076900120816,0.052149838681802674,-0.06862535364940314
WY,Individual equity,,2020-2022,756,0.3615065870070357,0.06530387728330145,-0.27533463746215714,0.20817728063144175,0.0200199359771287,-0.23305556618164114,0.2985066155176655,0.04439515318177811,-0.3792365855504276,0.15332930637559394,0.04528394130617275,-0.042279071280516
WY,Individual equity,,2023-present,917,0.7686272101713595,0.13314695570688584,-0.20156357619295018,0.46382731203079464,0.04815348352980453,-0.14552621110624142,0.6486993388644565,0.08689011817484116,-0.10483383791992518,0.30479989814056485,0.08499347217708131,-0.05603736508670876
WYNN,Individual equity,,2016-2019,1006,0.9858937211825547,0.24591745638355955,-0.27233802193496726,1.2210142130482151,0.245757131312905,-0.15805554159410518,0.3155475165586074,0.03965992867781498,-0.2507818536850711,-0.23512049186566042,0.00016032507065455448,-0.11428248034086208
WYNN,Individual equity,,2020-2022,756,0.37710541783147034,0.07426368915039161,-0.5355829084025526,0.02399653668051979,-0.02496512473279966,-0.34939226318474315,0.4287097347134245,0.09708696187359434,-0.40798499639834074,0.35310888115095057,0.09922881388319127,-0.18619064521780948
WYNN,Individual equity,,2023-present,917,1.4040344972354175,0.35013564543380027,-0.1708001089780672,1.2879160711393758,0.21521621564980475,-0.11431315896081107,0.6848434486722822,0.1076531376923151,-0.15373921572613036,0.11611842609604173,0.13491942978399551,-0.05648695001725612
XBI,Thematic/industry ETF,,2016-2019,1006,0.028784283378941726,-0.01761266722027932,-0.3009004141408437,0.5067907345707909,0.06964687400312974,-0.23183215487557185,-0.2747128030787799,-0.05522038029296206,-0.31007005342443916,-0.4780064511918492,-0.08725954122340907,-0.06906825926527183
XBI,Thematic/industry ETF,,2020-2022,756,0.49468621824226616,0.10900054131979742,-0.23088273549120308,0.7520735967889817,0.13163332241376313,-0.21569724454131067,-0.04998878416685059,-0.03905146717073793,-0.33174241981267194,-0.2573873785467155,-0.022632781093965715,-0.01518549094989241
XBI,Thematic/industry ETF,,2023-present,917,1.0691681155176285,0.22106894075168193,-0.19215335595024252,1.1451855572742977,0.18710358614077438,-0.1279979625469051,0.3775993377988348,0.042189986471280694,-0.1586277994080968,-0.07601744175666925,0.03396535461090755,-0.06415539340333742
XE,Individual equity,,2016-2019,171,2.087812786927769,0.3411046348234288,-0.03665458730152504,-1.7269187938956654,-0.001472966872285153,-0.000999749999999855,2.087812786927769,0.3411046348234288,-0.03665458730152504,3.8147315808234348,0.34257760169571394,-0.03565483730152519
XEL,Individual equity,,2016-2019,1006,0.8228506110016434,0.08366237606218774,-0.16290516575565384,1.1753893680985859,0.09534129779377909,-0.06558203210974012,-0.05526562208737422,-0.006122659095568972,-0.1404103509039134,-0.3525387570969425,-0.011678921731591352,-0.09732313364591372
XEL,Individual equity,,2020-2022,756,0.5899427435919127,0.09152453385048065,-0.26368690431039554,0.472790000705939,0.049970763072940017,-0.16734656564878447,0.41501801946376254,0.04645202026799655,-0.18420363324210098,0.11715274288597366,0.04155377077754063,-0.09634033866161107
XEL,Individual equity,,2023-present,917,0.4413549481978067,0.050663825809560636,-0.18864384096387488,0.4831122542794438,0.04255754613450624,-0.09941205977879308,0.14262584390163222,0.008880019525641769,-0.17195553078488424,-0.041757306081637136,0.008106279675054395,-0.0892317811850818
XHB,Thematic/industry ETF,,2016-2019,1006,1.0985550210864314,0.13167879250378167,-0.09715798623267258,0.9652659032993132,0.08647324476993301,-0.12514322854937832,0.4693666174374113,0.03507748840987568,-0.09488248752096173,0.13328911778711827,0.04520554773384866,0.02798524231670574
XHB,Thematic/industry ETF,,2020-2022,756,0.9969604400107435,0.2584435882451497,-0.17646707323991717,1.4762950141549331,0.2295721471280432,-0.09857249987553496,0.13749963730185383,0.006230200898047711,-0.336819958702437,-0.4793345741441897,0.02887144111710649,-0.07789457336438221
XHB,Thematic/industry ETF,,2023-present,917,0.63363956939197,0.1101725325127152,-0.18950901367388906,0.6295742572570937,0.08454586680432619,-0.176332335735215,0.1977655134558739,0.017444648205206192,-0.1093780534138965,0.004065312134876264,0.025626665708389007,-0.013176677938674053
XLB,Sector ETF,Sector SPDRs,2016-2019,1006,0.5656697991634235,0.05634559744646217,-0.1417210695596811,0.8281681747933121,0.0630354102623707,-0.13744809773927102,-0.12814657372975571,-0.012469521461280997,-0.12311746280268776,-0.26249837562988854,-0.006689812815908525,-0.0042729718204100875
XLB,Sector ETF,Sector SPDRs,2020-2022,756,1.035906240771988,0.22035256997573316,-0.14489583992585564,1.2243356098826412,0.16142818420818594,-0.0796245958319689,0.2966750892864371,0.036462515398935524,-0.15281528862830895,-0.18842936911065333,0.058924385767547216,-0.06527124409388674
XLB,Sector ETF,Sector SPDRs,2023-present,917,0.5452674236780338,0.06250932257576247,-0.14124948105891544,0.7043064265887006,0.05916003869672748,-0.09226688143247852,0.08458823294342702,0.0035991369622903058,-0.14506688274493396,-0.15903900291066675,0.003349283879034992,-0.04898259962643692
XLC,Sector ETF,Sector SPDRs,2016-2019,387,-0.2555391313223818,-0.04104433296216037,-0.13050403225524487,0.9575625611395377,0.0707274500761339,-0.04800980988762238,-0.927708674799488,-0.09997598008774355,-0.15853993101311392,-1.2131016924619196,-0.11177178303829427,-0.0824942223676225
XLC,Sector ETF,Sector SPDRs,2020-2022,756,0.6022849322656367,0.11478481565269183,-0.1673872420755379,0.5302281947926661,0.05245929431197882,-0.1922833592750639,0.3583121482807788,0.05201609329390511,-0.14263793214669718,0.07205673747297059,0.06232552134071301,0.024896117199526002
XLC,Sector ETF,Sector SPDRs,2023-present,917,1.1265682962896253,0.14580060525229044,-0.14734229812434363,1.5077955168487063,0.1649610132382071,-0.07076194352419007,-0.1337451978295999,-0.01247597317176985,-0.15916132018279883,-0.381227220559081,-0.019160407985916672,-0.07658035460015356
XLE,Sector ETF,Sector SPDRs,2016-2019,1006,0.3122694944980454,0.033341875332841386,-0.25466860385893886,0.6829775156238728,0.06242371890068621,-0.17298412169822075,-0.21208961279127628,-0.024134923103759087,-0.18539193458109282,-0.37070802112582735,-0.029081843567844823,-0.08168448216071811
XLE,Sector ETF,Sector SPDRs,2020-2022,756,1.219125389708515,0.41560842072663395,-0.2570895460659579,1.321181888329923,0.28112871580756815,-0.12824415032826197,0.444582255187164,0.08662479217201469,-0.31688970807203365,-0.10205649862140787,0.1344797049190658,-0.12884539573769593
XLE,Sector ETF,Sector SPDRs,2023-present,917,0.6754021236440647,0.09057880689043851,-0.19178544529814212,1.0748224373651265,0.11807983700286129,-0.11720919348025338,-0.17838471660085622,-0.021858808678162922,-0.15856854835304046,-0.3994203137210618,-0.027501030112422775,-0.07457625181788874
XLF,Sector ETF,Sector SPDRs,2016-2019,1006,1.2724901844003988,0.15482876611906837,-0.07793763787585195,1.7486435402651541,0.15879257860126628,-0.048078166156395485,0.14406829642277919,0.008575982723581843,-0.10458592083518892,-0.47615335586475527,-0.003963812482197904,-0.029859471719456465
XLF,Sector ETF,Sector SPDRs,2020-2022,756,0.31978018002012204,0.04911932817853959,-0.32115581848881436,0.553008865160683,0.06486666512029582,-0.12363090520590037,0.11036531890261286,0.0022068755419417663,-0.31937820920187765,-0.233228685140561,-0.01574733694175623,-0.197524913282914
XLF,Sector ETF,Sector SPDRs,2023-present,917,1.0157230207588301,0.1166602999391142,-0.10243031210598486,1.3710308733775396,0.1155964597558623,-0.0487343552273215,0.11372487856954408,0.006059900624108661,-0.1491350783906109,-0.35530785261870945,0.0010638401832518962,-0.05369595687866335
XLI,Sector ETF,Sector SPDRs,2016-2019,1006,1.164335226018984,0.11860286689625332,-0.09353913901662803,1.6763589761692077,0.12157359549601754,-0.03494321972266179,0.03783502779974412,7.38153017845189e-05,-0.09612699218764087,-0.5120237501502236,-0.0029707285997642163,-0.05859591929396624
XLI,Sector ETF,Sector SPDRs,2020-2022,756,0.5773727890307356,0.08907729179156054,-0.17216200293062622,1.1775587861800356,0.14676745187718931,-0.08666006846395125,-0.2873838155620706,-0.04340872453360889,-0.24342816740676554,-0.6001859971493,-0.05769016008562877,-0.08550193446667498
XLI,Sector ETF,Sector SPDRs,2023-present,917,0.9439460495143446,0.10768139928994813,-0.1020534609618704,1.3374495306016871,0.12329629609160841,-0.049175465750326164,-0.3783218594657615,-0.030527174672054458,-0.15432835949704204,-0.39350348108734257,-0.015614896801660283,-0.05287799521154424
XLK,Sector ETF,Sector SPDRs,2016-2019,1006,1.0080974952282287,0.11675706447422196,-0.177228225013911,2.232518000810346,0.18049745195593037,-0.05133614176523127,-0.659853405800735,-0.061087438811543326,-0.24333043249452047,-1.2244205055821171,-0.0637403874817084,-0.12589208324867973
XLK,Sector ETF,Sector SPDRs,2020-2022,756,0.8852216470792392,0.20832413918296044,-0.15022367391240654,1.3595457356716127,0.19705974517676372,-0.09327577697788125,0.21871811131407692,0.02421903402573533,-0.1911374204065348,-0.4743240885923735,0.01126439400619672,-0.05694789693452529
XLK,Sector ETF,Sector SPDRs,2023-present,917,1.649387901036932,0.2808059112190644,-0.13319638487709562,2.092667330365771,0.2566804207082629,-0.07308503082054918,0.28148350722371307,0.025892608586312926,-0.12008435323903277,-0.4432794293288389,0.024125490510801484,-0.06011135405654644
XLP,Sector ETF,Sector SPDRs,2016-2019,1006,0.9105655279796063,0.06684206697401085,-0.07096973065387979,1.1547976303988312,0.06559206400964412,-0.05994495864692706,0.13191208452831388,0.005364742543610301,-0.06340950455332028,-0.24423210241922488,0.0012500029643667254,-0.011024772006952732
XLP,Sector ETF,Sector SPDRs,2020-2022,756,0.10187818397674513,0.004658856711453829,-0.16047995590014152,1.259943285568153,0.09907869981667505,-0.06029268292682943,-0.6369482432085695,-0.07341778592901116,-0.274936337355154,-1.1580651015914079,-0.09441984310522122,-0.10018727297331209
XLP,Sector ETF,Sector SPDRs,2023-present,917,0.6624133150929454,0.05396011255467914,-0.12538257477791237,1.0332971549862688,0.06906568079953024,-0.04977170218590721,-0.02898884404807845,-0.003318778735696082,-0.11100061433462449,-0.3708838398933234,-0.015105568244851098,-0.07561087259200516
XLRE,Sector ETF,Sector SPDRs,2016-2019,1006,0.673101420020454,0.06257740071947504,-0.10813816665324327,1.0389156549978649,0.07691661412395345,-0.061025187881451615,-0.026941115200056032,-0.00383869937853909,-0.08226662522178207,-0.36581423497741083,-0.014339213404478413,-0.04711297877179166
XLRE,Sector ETF,Sector SPDRs,2020-2022,756,0.7603993818753634,0.14067265670104656,-0.2950947860613915,0.8148940086192178,0.09731597505781231,-0.09956904909566677,0.2696412335585425,0.030761177287056407,-0.28704811940517405,-0.05449462674385441,0.04335668164323425,-0.19552573696572473
XLRE,Sector ETF,Sector SPDRs,2023-present,917,0.39773266503842436,0.042640019057818446,-0.12353937614662536,0.39708858306688216,0.030590655021889956,-0.09623407801363548,0.16131372452874537,0.010808804333795496,-0.09396410603877714,0.0006440819715421986,0.01204936403592849,-0.027305298132989875
XLU,Sector ETF,Sector SPDRs,2016-2019,1006,0.3212108167173473,0.02497729011511196,-0.13290468979548875,0.5841373930862426,0.03859283841027805,-0.0832293563793558,-0.2720316205846311,-0.01756268358993074,-0.1160037120081121,-0.26292657636889527,-0.013615548295166091,-0.04967533341613295
XLU,Sector ETF,Sector SPDRs,2020-2022,756,0.3250414281336586,0.044750127366208536,-0.28889334527695176,0.5141496986174228,0.05116496133445603,-0.1473737465023246,-0.156844375922985,-0.03820490040374702,-0.30582983866197955,-0.18910827048376416,-0.006414833968247491,-0.14151959877462716
XLU,Sector ETF,Sector SPDRs,2023-present,917,0.6781210538823484,0.07631971758176936,-0.14468982885795956,0.9892502104152199,0.08846889555582149,-0.09171562116446397,0.057893956442974355,0.001470390834349633,-0.12711634830300067,-0.31112915653287143,-0.012149177974052128,-0.05297420769349559
XLV,Sector ETF,Sector SPDRs,2016-2019,1006,0.9449126848365392,0.07960352212025401,-0.06788220730842542,1.5535165232613082,0.09776084118211381,-0.04477607313623899,-0.2342458954116588,-0.015364903139192143,-0.12110831189765003,-0.608603838424769,-0.0181573190618598,-0.023106134172186432
XLV,Sector ETF,Sector SPDRs,2020-2022,756,0.7972612984547068,0.11465308994310508,-0.1423669400371026,1.2631974743586176,0.12126106107794654,-0.08196460946426565,-0.14074873223613307,-0.024658092452341518,-0.1927703152772252,-0.4659361759039108,-0.006607971134841462,-0.06040233057283695
XLV,Sector ETF,Sector SPDRs,2023-present,917,0.5501686551853984,0.05035400782481547,-0.16871803154980014,0.7927890274359065,0.060196196069880914,-0.09841125741970369,-0.18969750402398047,-0.013154436630520294,-0.1302803209649942,-0.24262037225050814,-0.009842188245065442,-0.07030677413009645
XLY,Sector ETF,Sector SPDRs,2016-2019,1006,1.0081754055206396,0.09555063546930298,-0.0793444484586584,1.6436324908454112,0.11514246433970365,-0.046123144780425895,-0.22002600918764348,-0.016832433631334354,-0.0921591989618229,-0.6354570853247716,-0.019591828870400674,-0.033221303678232506
XLY,Sector ETF,Sector SPDRs,2020-2022,756,1.1076234790891455,0.2467022960024403,-0.1568685303911126,1.8514922661052882,0.2266531440553492,-0.07940475414069903,0.238010801810938,0.02770275483487339,-0.21928196034221425,-0.7438687870161427,0.020049151947091115,-0.07746377625041356
XLY,Sector ETF,Sector SPDRs,2023-present,917,1.195899884194972,0.1729981494469457,-0.17589420754151797,1.4053925889433914,0.15575145385119193,-0.09207292417416824,-0.012044433873070333,-0.005885363140434086,-0.11188021404314274,-0.2094927047484194,0.017246695595753758,-0.08382128336734973
XME,Thematic/industry ETF,,2016-2019,1006,1.1976751007502924,0.26836565790281686,-0.16378845221053062,1.370120185272565,0.24439469954390303,-0.12760300551987513,0.22012332952227853,0.021026667511582664,-0.1386920177748967,-0.1724450845222727,0.02397095835891383,-0.03618544669065549
XME,Thematic/industry ETF,,2020-2022,756,1.1817543720397117,0.3861717987387472,-0.269926160276006,1.0699413247976763,0.2604287124114295,-0.15655421940025327,0.6374472430480098,0.1200151979627806,-0.17000830294296032,0.11181304724203533,0.12574308632731768,-0.11337194087575275
XME,Thematic/industry ETF,,2023-present,917,1.1472303958772918,0.24708236855336163,-0.16038358338830672,1.5916111615239552,0.28056254638718126,-0.09329058528673906,0.00256435490875933,-0.008878914799479665,-0.16242333960689037,-0.4443807656466634,-0.033480177833819624,-0.06709299810156766
XOM,Individual equity,,2016-2019,1006,0.596432517722325,0.06768549637242027,-0.17080260549477466,0.5508460608931411,0.045598791353538504,-0.12332447317346462,0.5647076052756719,0.047813391587166576,-0.09940298456548446,0.04558645682918383,0.02208670501888177,-0.04747813232131004
XOM,Individual equity,,2020-2022,756,1.401690884136184,0.44839318183533416,-0.23386773213787115,1.4025277392758704,0.3019041612847959,-0.1578974146727482,0.6005190100539316,0.11229288123106773,-0.22394158132342212,-0.0008368551396864543,0.14648902055053825,-0.07597031746512295
XOM,Individual equity,,2023-present,917,0.4764475061707522,0.06221877373370255,-0.1499902766965011,0.9511290026203634,0.10894420960625872,-0.10324970105762288,-0.3712642805363316,-0.04229276734679188,-0.22061770261968416,-0.47468149644961116,-0.046725435872556176,-0.046740575638878235
XOP,Thematic/industry ETF,,2016-2019,1006,0.5566785410418807,0.11019631665987029,-0.26965688141777755,0.5037283519438239,0.06968856398985146,-0.2013255990951317,0.2794175911172747,0.0349132398007197,-0.19214462368908647,0.05295018909805682,0.040507752670018826,-0.06833128232264585
XOP,Thematic/industry ETF,,2020-2022,756,1.325453313244221,0.679269013635684,-0.30288184034193233,1.3075626754418137,0.40418955365757436,-0.12210253708756924,0.7873659053364482,0.25950628318286784,-0.31456533391867636,0.017890637802407294,0.2750794599781097,-0.1807793032543631
XOP,Thematic/industry ETF,,2023-present,917,0.5548586584231443,0.08847610837870423,-0.25591978420964934,1.0775297861268573,0.14800274256095647,-0.16693435689011504,-0.5274962052290513,-0.0732977465225324,-0.2873354411139283,-0.522671127703713,-0.059526634182252236,-0.0889854273195343
XRT,Thematic/industry ETF,,2016-2019,1006,0.5323729054768932,0.06657009750804921,-0.11520378020623245,0.7373140615329338,0.06466361349731486,-0.07956701434708735,0.12013197016823449,0.007145710212260292,-0.12332199476648531,-0.20494115605604057,0.001906484010734344,-0.0356367658591451
XRT,Thematic/industry ETF,,2020-2022,756,1.0881217281356248,0.3078106286369726,-0.1827745540670429,1.2881329326548379,0.22125428761835142,-0.16298002317387728,0.41596397951209807,0.07360051964764125,-0.21839529202797958,-0.20001120451921306,0.0865563410186212,-0.01979453089316563
XRT,Thematic/industry ETF,,2023-present,917,0.8527724547610716,0.13039677819678408,-0.13105601520852184,0.8804548743052764,0.10502813699289693,-0.10279081992980754,0.34717385806395296,0.03062751974918676,-0.09360157082884735,-0.027682419544204806,0.025368641203887154,-0.028265195278714295
XYL,Individual equity,,2016-2019,1006,1.4937698958472576,0.22647570331711764,-0.08901397075977158,1.9139476637501487,0.2166503559045112,-0.06518126180068418,0.27100059467908466,0.022523662105836673,-0.10353628042611973,-0.4201777679028911,0.009825347412606433,-0.0238327089590874
XYL,Individual equity,,2020-2022,756,0.8648022219044549,0.22123001701445033,-0.25564667476228964,1.291054274672091,0.1965418100562899,-0.13397823691284516,0.10820083315574115,-0.002275995757037852,-0.24991721624651753,-0.4262520527676361,0.02468820695816043,-0.12166843784944448
XYL,Individual equity,,2023-present,917,1.1392755499223388,0.18760175864102369,-0.11933749888424972,1.1417314676774066,0.1202219344711104,-0.08140310295325326,0.5993595172532915,0.07124028375657021,-0.1240732451895723,-0.0024559177550678157,0.06737982416991328,-0.037934395930996456
XYZ,Individual equity,,2016-2019,1006,1.436830731222903,0.45747461162808833,-0.2190228265172176,2.195348788996149,0.658521436980501,-0.12068744388867503,-0.07305053796602648,-0.028631646039468994,-0.4070673748893392,-0.758518057773246,-0.2010468253524127,-0.09833538262854258
XYZ,Individual equity,,2020-2022,756,1.203344062552468,0.6606271382643862,-0.41248216339538013,0.8176276584128719,0.21651509008367764,-0.36971533713685956,0.926845770927113,0.38325874320803166,-0.4210735854606402,0.3857164041395962,0.4441120481807086,-0.042766826258520574
XYZ,Individual equity,,2023-present,917,0.9155007970182011,0.2704266572874827,-0.3258613589425866,1.4243622784567973,0.3575485388216284,-0.12282147232275331,0.10220011618415116,-0.0017229111517729212,-0.27979834915681767,-0.5088614814385962,-0.08712188153414568,-0.2030398866198333
YUM,Individual equity,,2016-2019,1006,1.105226491783996,0.21039045147237778,-0.08777676828669101,1.8097625335504421,0.1664350300517885,-0.05247733914123476,0.1648996964982583,0.015495430298548607,-0.20272632672856028,-0.7045360417664461,0.04395542142058928,-0.03529942914545625
YUM,Individual equity,,2020-2022,756,1.0840458475965074,0.21303091094040227,-0.2281127533795635,0.8958248586773723,0.11304042183582763,-0.1249234891909512,0.7099034516806152,0.09895716725816284,-0.16737705074130305,0.18822098891913508,0.09999048910457464,-0.1031892641886123
YUM,Individual equity,,2023-present,917,-0.2605672145927625,-0.039699423168159886,-0.308360567579283,0.254091472764326,0.01871839724408475,-0.1411740008679334,-0.5493744073496737,-0.051951790250594265,-0.23277520606457447,-0.5146586873570884,-0.058417820412244637,-0.16718656671134957
ZBH,Individual equity,,2016-2019,1006,1.4434641222627336,0.2588626890909018,-0.1255169543324759,1.6761069686283572,0.21976593495037977,-0.0498672031880093,0.35201251991884536,0.03594187041796504,-0.15934889150250453,-0.2326428463656236,0.03909675414052205,-0.07564975114446659
ZBH,Individual equity,,2020-2022,756,0.6511198545677511,0.14269599929165566,-0.23706219098438808,0.37297690469307454,0.04692039457186992,-0.15024835546502058,0.4475881034886098,0.07278403335615802,-0.33875775995605184,0.2781429498746766,0.09577560471978575,-0.0868138355193675
ZBH,Individual equity,,2023-present,917,0.3165452729326526,0.037483850801553587,-0.36021842912837365,0.39835931287193116,0.038881448816538766,-0.19986868479515285,0.12271916602387863,0.00748465081401406,-0.23588906587500913,-0.08181403993927855,-0.0013975980149851797,-0.1603497443332208
ZBRA,Individual equity,,2016-2019,1006,0.9581861173545272,0.2097596143332332,-0.22399880683061824,1.4951748118900001,0.2551393894020022,-0.12776627152171827,-0.23013665282506748,-0.04912394611050508,-0.3651427596826132,-0.5369886945354729,-0.045379775068769,-0.09623253530889997
ZBRA,Individual equity,,2020-2022,756,0.797289332472441,0.23813845375775844,-0.2824334436363328,0.556082152048887,0.08794503878502868,-0.17726054834046134,0.7030383393944606,0.1785545590400206,-0.22509310279728745,0.24120718042355405,0.15019341497272976,-0.10517289529587148
ZBRA,Individual equity,,2023-present,917,1.0666854358332063,0.3057654883023624,-0.2910755232747926,0.9640353748601102,0.21163472284974616,-0.12512997251131885,0.7148285451389607,0.12424086101140608,-0.17797480158592816,0.10265006097309615,0.09413076545261623,-0.16594555076347373
ZS,Individual equity,,2016-2019,452,0.7356219311065022,0.2396460816289705,-0.40894652709435,0.7194744742626671,0.18552524357112854,-0.23296102382818729,0.403228647943421,0.07860627741127857,-0.35894965304645854,0.016147456843835117,0.05412083805784196,-0.1759855032661627
ZS,Individual equity,,2020-2022,756,0.4138864159525351,0.08932627441548924,-0.565023449816293,0.7763358229102358,0.1591501040676082,-0.2858207585387934,0.038989111454201274,-0.045245529256447425,-0.41642488405483513,-0.3624494069577007,-0.06982382965211897,-0.27920269127749964
ZS,Individual equity,,2023-present,917,1.7748906268786193,0.7173854028830648,-0.19858243157902977,1.7425559945741405,0.4714437594848382,-0.1457216628166228,0.5958374670554739,0.12431457114193734,-0.21928459080395035,0.03233463230447886,0.24594164339822666,-0.05286076876240697
ZTS,Individual equity,,2016-2019,1006,0.7236996031093211,0.089749686606307,-0.23065855522957168,1.52920182683238,0.17981722096138064,-0.1263670916257954,-1.2820411833493528,-0.08353975488485921,-0.2940804530161011,-0.8055022237230588,-0.09006753435507364,-0.10429146360377628
ZTS,Individual equity,,2020-2022,756,0.3155512253192821,0.04494903751636303,-0.2805018288617698,0.7383876171534591,0.07859240846523141,-0.19391194113340293,-0.11586346054289248,-0.034775332516398305,-0.31618441608436687,-0.42283639183417704,-0.03364337094886838,-0.08658988772836684
ZTS,Individual equity,,2023-present,917,0.5421254482953433,0.09619634308353042,-0.20756578152272642,0.07674655781505298,0.002897628897384541,-0.14197685636458568,0.6240739925483754,0.10725362196327803,-0.16929249570277782,0.4653788904802903,0.09329871418614588,-0.06558892515814074
