symbol,group,watchlist_section,period,bars,both_sharpe,both_cagr,both_max_drawdown,long_sharpe,long_cagr,long_max_drawdown,short_sharpe,short_cagr,short_max_drawdown,d_sharpe,d_cagr,d_ddred
A,Individual equity,,2016-2019,1006,0.9241008738797047,0.1253902740772983,-0.14257598462694765,1.7393949976380871,0.20088575223001826,-0.060063147077790924,-0.5078300320455483,-0.04800394632016347,-0.2600613902808204,-0.8152941237583824,-0.07549547815271995,-0.08251283754915673
A,Individual equity,,2020-2022,756,0.6910763316361892,0.15239029726962805,-0.2804372495489432,1.2305484730823437,0.206580639545477,-0.15841853227311775,-0.12280100712959233,-0.041322813404715775,-0.2117138279160361,-0.5394721414461545,-0.05419034227584896,-0.12201871727582547
A,Individual equity,,2023-present,917,0.9105503224349029,0.16890751904904566,-0.19080929295399307,0.24808685860688998,0.0237592289700983,-0.23914253036077993,0.981297830606482,0.14599131520236108,-0.11495819718492595,0.6624634638280129,0.14514829007894736,0.048333237406786855
AAL,Individual equity,,2016-2019,1006,0.8124554501046627,0.19726316107979325,-0.25806098452816184,0.4498227661985168,0.060926740903271215,-0.22852324666630164,0.6640284688043511,0.1260190789029194,-0.21903362229180257,0.3626326839061459,0.13633642017652203,-0.029537737861860203
AAL,Individual equity,,2020-2022,756,-0.37260236971232885,-0.272780744701946,-0.7569921740997728,-0.013281043146528773,-0.018239805422209487,-0.24542816472697748,-0.43196710700352736,-0.27231744952778314,-0.7579851815171111,-0.35932132656580007,-0.25454093927973653,-0.5115640093727953
AAL,Individual equity,,2023-present,917,1.2244915151194886,0.39533248482904026,-0.26280658998017337,0.6678731663486545,0.124436986918814,-0.18243986066836593,1.054498474482278,0.2443307782295281,-0.1405816009901576,0.5566183487708342,0.27089549791022627,-0.08036672931180744
AAPL,Individual equity,Mega-cap 7,2016-2019,1006,1.7565482759440172,0.36756329109263786,-0.15770496745760088,2.2058335063873344,0.2921835916347444,-0.08348224065002519,0.5263840534632204,0.068744693272214,-0.14702951403556974,-0.44928523044331725,0.07537969945789347,-0.07422272680757569
AAPL,Individual equity,Mega-cap 7,2020-2022,756,1.0078484188903738,0.2585949878439633,-0.19083294332637635,1.8642974332764322,0.3144258609116579,-0.09568221949585431,-0.08096727256517085,-0.039295138226401294,-0.31629369543884167,-0.8564490143860584,-0.05583087306769463,-0.09515072383052203
AAPL,Individual equity,Mega-cap 7,2023-present,917,1.3815933744683264,0.23619170141786983,-0.1153050875485695,1.7055966749296738,0.22571370080798592,-0.06264942395996631,0.19968899563878165,0.01594067002025623,-0.14529201671011738,-0.3240033004613474,0.010478000609883908,-0.052655663588603185
ABBV,Individual equity,,2016-2019,1006,0.5317434584287926,0.06902066123676942,-0.3268460870881995,0.9015175017027024,0.09027130709906661,-0.1907776717854115,-0.07775900087498905,-0.013413201217024717,-0.2112056885746426,-0.36977404327390984,-0.02125064586229719,-0.13606841530278801
ABBV,Individual equity,,2020-2022,756,1.3973899244325505,0.3029187503951176,-0.1725042725214735,1.8071144895622042,0.2753878167008432,-0.09457997778953064,0.3378031924492496,0.04100593661647367,-0.16841511742002668,-0.4097245651296537,0.027530933694274395,-0.07792429473194284
ABBV,Individual equity,,2023-present,917,0.9248288833146243,0.13867151831373659,-0.180085969621398,1.1056992608137202,0.14301467606060525,-0.1489860227020322,-0.06796565049754932,-0.010137646317944449,-0.16328105535815907,-0.18087037749909585,-0.004343157746868664,-0.031099946919365795
ABNB,Individual equity,,2020-2022,518,0.1349553320515911,-0.01808263058497428,-0.3833348504823143,0.45638041289244374,0.08027559371668835,-0.183859491922286,-0.005057173847102869,-0.04787394064289019,-0.35846294889929453,-0.32142508084085264,-0.09835822430166263,-0.1994753585600283
ABNB,Individual equity,,2023-present,917,0.7854237584876882,0.19894184830129502,-0.25121700337575525,1.0638222065445289,0.23063926383732114,-0.16833786736041967,-0.07221070011997291,-0.02913816677391201,-0.21436977535109392,-0.27839844805684066,-0.03169741553602612,-0.08287913601533559
ABT,Individual equity,,2016-2019,1006,0.7695622252489885,0.08912742421529107,-0.137017122942921,1.4667410585447203,0.15252189274805117,-0.10399481751562556,-0.568957609241266,-0.043870124398733834,-0.2520790288796291,-0.6971788332957317,-0.0633944685327601,-0.03302230542729545
ABT,Individual equity,,2020-2022,756,0.2838063802047891,0.03771292997733089,-0.2842740567456209,0.6391539677185597,0.0812693853219475,-0.19272364954147936,-0.23601536901424064,-0.04651636597990283,-0.26568392484270764,-0.3553475875137706,-0.04355645534461661,-0.09155040720414154
ABT,Individual equity,,2023-present,917,1.0606574575727028,0.16951397163743498,-0.23792645600502904,0.8085598928356801,0.08263537613927152,-0.16217953269746643,0.5761407791562965,0.06456104519455086,-0.2626671413437677,0.2520975647370227,0.08687859549816346,-0.07574692330756261
ACGL,Individual equity,,2016-2019,1006,1.3758319300451605,0.15514375579003725,-0.09931940287891328,1.6127254686151555,0.13222897668330225,-0.04615404194125716,0.3923752522579252,0.027905944687300233,-0.09975834395947736,-0.23689353856999507,0.022914779106735006,-0.053165360937656114
ACGL,Individual equity,,2020-2022,756,0.49391249934340936,0.10658328271464934,-0.3787506945909672,0.8390992190318541,0.13312333739246962,-0.21320655304828884,0.06143937442372329,-0.012453124376267222,-0.333503430490117,-0.3451867196884448,-0.02654005467782028,-0.16554414154267838
ACGL,Individual equity,,2023-present,917,0.5777273877835916,0.07923449352897483,-0.24913074640379795,1.0041759957190062,0.11801504875817415,-0.14079653637970768,-0.5345281428988099,-0.06047752921615612,-0.21834326760569556,-0.4264486079354146,-0.03878055522919932,-0.10833421002409027
ACHR,Individual equity,,2020-2022,512,1.3075387388959263,0.7163047591019676,-0.44146972158273845,0.19880901191138692,0.018895534444425932,-0.2618313818800847,1.2849078579445894,0.6164280149947423,-0.3990738864037996,1.1087297269845393,0.6974092246575416,-0.17963833970265375
ACHR,Individual equity,,2023-present,917,1.069964519274112,0.5513994648519769,-0.3348676017325912,1.2143999142346171,0.5303196177673717,-0.2705082676142325,0.4605040256132783,0.1073361466502325,-0.36464670688039624,-0.14443539496050506,0.021079847084605197,-0.0643593341183587
ACN,Individual equity,,2016-2019,1006,1.3543845322006058,0.18108534440094615,-0.08839692917688136,2.171647192395509,0.22371028599717713,-0.0453669081213004,-0.19654388274450252,-0.021117272378764596,-0.10925599740521896,-0.8172626601949031,-0.04262494159623098,-0.04303002105558096
ACN,Individual equity,,2020-2022,756,1.0892436464621431,0.2522900872169447,-0.1824078895748088,1.3185824630227934,0.21844329457700673,-0.11324011227785546,0.22005416324645732,0.023170704837295997,-0.1901858471169653,-0.22933881656065025,0.03384679263993795,-0.06916777729695334
ACN,Individual equity,,2023-present,917,0.9194965699021006,0.19414897594328528,-0.22204097756175212,0.7701080403096225,0.09382780731692653,-0.10590708778422964,0.6996036492344035,0.11694131504356764,-0.21697283020123503,0.14938852959247806,0.10032116862635876,-0.11613388977752248
ACWI,Broad index ETF,,2016-2019,1006,0.931423419183694,0.0693874580944851,-0.13687218398282297,1.86503934794587,0.1048528523972212,-0.04419014681937061,-0.5466723877823018,-0.02991915589906924,-0.15015153303597073,-0.933615928762176,-0.0354653943027361,-0.09268203716345236
ACWI,Broad index ETF,,2020-2022,756,0.9527044563289123,0.17168593125144138,-0.10342094826079895,1.4290813497593289,0.1468609418124358,-0.06688514087753383,0.2861421162299915,0.033149491120068486,-0.16340532502290905,-0.47637689343041656,0.024824989439005574,-0.03653580738326512
ACWI,Broad index ETF,,2023-present,917,0.8903695929565797,0.08508151754568782,-0.07598911752211812,1.4317519856576886,0.10838262530669507,-0.06701431890034115,-0.38607806207463347,-0.02623375093888003,-0.09666856144383851,-0.5413823927011089,-0.023301107761007245,-0.00897479862177697
ADBE,Individual equity,,2016-2019,1006,0.7571425078085444,0.10800114611632439,-0.2027629548873212,1.691392129602972,0.20774348334952797,-0.14321431702176157,-0.7320980357655243,-0.0732155057518733,-0.2995531306385645,-0.9342496217944275,-0.09974233723320358,-0.05954863786555964
ADBE,Individual equity,,2020-2022,756,1.1167903377658384,0.3148756151711489,-0.27784291855335463,1.3618039415872518,0.24919702402840427,-0.15736981651957616,0.4260183058941479,0.0733104712831203,-0.23968531837347695,-0.24501360382141346,0.06567859114274466,-0.12047310203377848
ADBE,Individual equity,,2023-present,917,0.46588042695539755,0.08609921347632765,-0.2778473623508353,0.46849109646635007,0.06422897757257062,-0.24458310801899608,0.31182572405505415,0.04142862623890564,-0.24708353851961717,-0.0026106695109525124,0.02187023590375703,-0.033264254331839216
ADI,Individual equity,,2016-2019,1006,1.0556531594918066,0.17693070267429767,-0.15307441254805898,1.7101734786141425,0.2111550448036379,-0.10557912738068942,-0.16738267559556314,-0.027848214330874588,-0.1676998337168638,-0.6545203191223359,-0.034224342129340224,-0.04749528516736956
ADI,Individual equity,,2020-2022,756,-0.025960007803812024,-0.05767279141049653,-0.36525488652852467,0.9047793352438428,0.17144672519963988,-0.11766066329337554,-0.5117803062055649,-0.15098012835741204,-0.43825805543223084,-0.9307393430476548,-0.2291195166101364,-0.24759422323514912
ADI,Individual equity,,2023-present,917,0.46639647684518626,0.08304140926089909,-0.21777787419377792,0.7423756627774056,0.12563283773425238,-0.1949507423409469,-0.0938614109110029,-0.021609783218148104,-0.14590531614762126,-0.2759791859322194,-0.04259142847335329,-0.02282713185283103
ADM,Individual equity,,2016-2019,1006,0.35376469909415625,0.03806060701102454,-0.13282101890370057,0.7387176694240986,0.06885877619592429,-0.09776065096621256,-0.3595532414119072,-0.03413889957514615,-0.17116256447871525,-0.3849529703299423,-0.03079816918489975,-0.03506036793748801
ADM,Individual equity,,2020-2022,756,0.7975592790741647,0.16137975199591548,-0.19796348062670688,1.5748623595050357,0.2065502688244516,-0.07429364787793435,-0.15841561134858523,-0.043765670894628794,-0.2750867862597671,-0.777303080430871,-0.04517051682853612,-0.12366983274877252
ADM,Individual equity,,2023-present,917,0.4678352501724954,0.0641601858620593,-0.23877210278269778,0.7027765318189667,0.07511443519965777,-0.181788006350734,0.1827975887162784,0.0148718764100213,-0.15182060242043594,-0.23494128164647132,-0.010954249337598476,-0.05698409643196378
ADP,Individual equity,,2016-2019,1006,0.8056249632371708,0.09468965270934282,-0.1335662285554522,1.7268061599949591,0.1623044644740057,-0.07262454407553443,-0.6263672985092809,-0.05757276712037718,-0.23115375694737883,-0.9211811967577883,-0.06761481176466289,-0.06094168447991777
ADP,Individual equity,,2020-2022,756,1.2976848290849745,0.30047735579813195,-0.12718310596769966,2.0006837402937636,0.27511073211667236,-0.06326152642684546,0.2427910231029743,0.028313637978797823,-0.1581912078127371,-0.7029989112087891,0.025366623681459588,-0.0639215795408542
ADP,Individual equity,,2023-present,917,1.1056994675141616,0.17152807477291954,-0.10464059579816798,1.1150652537028412,0.12021538922704655,-0.08505672481612048,0.49523058211422855,0.05103261397435177,-0.14333536041710548,-0.009365786188679559,0.05131268554587298,-0.019583870982047502
ADSK,Individual equity,,2016-2019,1006,0.13714261282057405,0.007613954614731799,-0.4019147382711148,0.8508172633641924,0.13445897993245293,-0.1874593492402562,-0.6905734502512243,-0.08915340265043825,-0.3766270412937113,-0.7136746505436183,-0.12684502531772113,-0.2144553890308586
ADSK,Individual equity,,2020-2022,756,0.5113096310141486,0.11869525538879988,-0.3643390984419551,1.0277905282196447,0.20530424030595107,-0.22146903777701854,-0.10806187375174937,-0.058288190994436495,-0.35142156034553607,-0.5164808972054961,-0.08660898491715119,-0.14287006066493657
ADSK,Individual equity,,2023-present,917,0.5532936536436026,0.09935992696495721,-0.2907718910267496,1.0623645602649867,0.16124452860907001,-0.18155264864867338,-0.1645528787007045,-0.037193637298856164,-0.32691201807006764,-0.5090709066213841,-0.0618846016441128,-0.10921924237807623
AEE,Individual equity,,2016-2019,1006,0.6445154437300316,0.06268284283649161,-0.10917741548888626,0.9156201642450459,0.07214413134502662,-0.07017565921113356,-0.06044374289912121,-0.005992180617190868,-0.11535788077083853,-0.27110472051501433,-0.009461288508535004,-0.03900175627775271
AEE,Individual equity,,2020-2022,756,0.5988704513762544,0.09561075194718827,-0.206137089154511,0.7744383475447656,0.07913509772817484,-0.12463020264741698,0.028837026760664394,-0.006427573334912506,-0.24602952231539976,-0.1755678961685112,0.016475654219013425,-0.08150688650709403
AEE,Individual equity,,2023-present,917,0.16258026028289846,0.012755079738166586,-0.14536722911663513,0.9279709488454697,0.09377954290633994,-0.07719298155554488,-0.6185354043462062,-0.053921160795176726,-0.2501714980328793,-0.7653906885625712,-0.08102446316817336,-0.06817424756109025
AEP,Individual equity,,2016-2019,1006,0.6271056155400465,0.06542812200016312,-0.09656905561624118,1.099540202937439,0.09322768498834666,-0.06471006012471137,-0.23291248972020315,-0.019772544271055348,-0.1802925825109878,-0.4724345873973925,-0.027799562988183535,-0.03185899549152982
AEP,Individual equity,,2020-2022,756,1.0610407633976386,0.16681372859415244,-0.123767270885357,1.3895126454697502,0.1537973738067997,-0.08257465066996617,0.21200329877489466,0.018082186884034845,-0.11123357539237666,-0.32847188207211153,0.013016354787352746,-0.04119262021539083
AEP,Individual equity,,2023-present,917,0.1438004214221468,0.010412026520348228,-0.16233112561416918,0.8527697515238918,0.08551233333440211,-0.0897893158261438,-0.5963782832514435,-0.058865628276568716,-0.24091108853578036,-0.708969330101745,-0.07510030681405389,-0.07254180978802538
AES,Individual equity,,2016-2019,1006,0.2868745046445309,0.029872699231731303,-0.335212464470767,0.7105032938902314,0.07134291519029756,-0.23650654105053137,-0.49787105707291207,-0.04625003651054749,-0.22630547666234824,-0.42362878924570047,-0.04147021595856626,-0.09870592342023565
AES,Individual equity,,2020-2022,756,0.9768084920626189,0.27168744869582406,-0.31377511539792236,1.068176617056326,0.19496603294265547,-0.19232013564344108,0.42207415498182355,0.07307430506980217,-0.17811626411107817,-0.09136812499370717,0.0767214157531686,-0.12145497975448127
AES,Individual equity,,2023-present,917,1.5030644731312404,0.45082762910474083,-0.18015165974128877,0.9241167022411606,0.1549883403027914,-0.13253095956907257,1.2371399747243585,0.2801760914349163,-0.15328261939044352,0.5789477708900798,0.29583928880194943,-0.0476207001722162
AFL,Individual equity,,2016-2019,1006,0.7622692993941192,0.07648485723291643,-0.15137115873684093,1.168556310446552,0.0976385951481229,-0.08319690676873037,-0.33425489301044675,-0.022840010505318697,-0.1330338912175969,-0.4062870110524327,-0.021153737915206472,-0.06817425196811056
AFL,Individual equity,,2020-2022,756,0.9436059974270987,0.25050995176306246,-0.277322831890943,1.0423793790022706,0.14339468723401572,-0.12171694107353315,0.4042463688708835,0.07209189008415873,-0.3094932850016945,-0.0987733815751719,0.10711526452904674,-0.15560589081740983
AFL,Individual equity,,2023-present,917,0.0323819369210807,-0.0030826894559007334,-0.3026234269728292,0.477433870426621,0.040877588619259164,-0.14370705535687378,-0.36953788147405137,-0.028682904397843045,-0.20237813381108516,-0.4450519335055403,-0.0439602780751599,-0.1589163716159554
AGG,Bond ETF,,2016-2019,1006,1.1418838615932079,0.019545743041242236,-0.01368820195852194,1.0590146042580315,0.014825230797735678,-0.011829995176037889,0.4771041266406147,0.00465155191283162,-0.01205885263713069,0.08286925733517636,0.004720512243506558,-0.001858206782484051
AGG,Bond ETF,,2020-2022,756,0.9125509802633592,0.03175617602794256,-0.027934764627922992,1.182449267410587,0.011612361174274888,-0.010551669372815042,0.6044546433874122,0.019912582750852614,-0.029223326637795477,-0.26989828714722786,0.020143814853667674,-0.01738309525510795
AGG,Bond ETF,,2023-present,917,0.4401976198719683,0.010010836426070702,-0.024897051189806008,0.5949858887516141,0.010149338091340221,-0.021373329190433776,-0.0009728203871727023,-0.0001371100886241594,-0.022271025528774913,-0.15478826887964575,-0.00013850166526951924,-0.0035237219993722313
AIG,Individual equity,,2016-2019,1006,1.020270295147775,0.14520227702876887,-0.14464235574462647,1.2939015021444338,0.12093131490374831,-0.0460357711914301,-0.0005993819597921013,-0.006663587803493631,-0.21372383589652133,-0.2736312069966589,0.024270962125020556,-0.09860658455319637
AIG,Individual equity,,2020-2022,756,1.0029901637005965,0.325015717461109,-0.25102437112295906,1.443306947342471,0.2920401781508086,-0.12835454784328937,0.2914401945367334,0.04320385763570722,-0.41468845625696527,-0.44031678364187443,0.032975539310300395,-0.12266982327966969
AIG,Individual equity,,2023-present,917,0.17491708810904735,0.015386668094408584,-0.13423366804460846,0.5501857652485883,0.05745506991401883,-0.1048553677842824,-0.011747405603730204,-0.007789364394727105,-0.15509048314514273,-0.37526867713954093,-0.042068401819610246,-0.029378300260326062
AIR,Individual equity,,2016-2019,1006,0.313422254312085,0.041520892667517906,-0.24720541795364748,0.5279425895242186,0.06725404262624002,-0.22245881318276262,-0.08025861095695237,-0.016022671432722402,-0.20956029630778383,-0.2145203352121336,-0.025733149958722112,-0.02474660477088486
AIR,Individual equity,,2020-2022,756,0.7012772972841254,0.25145595485344874,-0.5941008730204587,1.0200862417372114,0.2703781406100336,-0.15750439472288424,0.12612113872731895,-0.04093357671522169,-0.7221580251469377,-0.31880894445308605,-0.018922185756584886,-0.4365964782975744
AIR,Individual equity,,2023-present,917,0.9907205801012051,0.21377027462117293,-0.18357027929142844,1.549623997299408,0.3013038508354744,-0.11698674144498211,-0.29335343232839317,-0.04806078706735928,-0.2254076773819741,-0.5589034171982028,-0.08753357621430147,-0.06658353784644633
AIZ,Individual equity,,2016-2019,1006,1.0181647874807442,0.13793830947071983,-0.15398627933018727,1.0612825251167541,0.11090460129947854,-0.0952586543213384,0.15624581457563766,0.010119006442603995,-0.10630238539280545,-0.0431177376360099,0.02703370817124129,-0.05872762500884887
AIZ,Individual equity,,2020-2022,756,0.004679330464289156,-0.032011528969464575,-0.3441681377586542,0.23354485877271478,0.022171703841603607,-0.1578978104651345,-0.222962180479365,-0.07388137506462844,-0.4080445477057447,-0.22886552830842563,-0.05418323281106818,-0.18627032729351967
AIZ,Individual equity,,2023-present,917,0.83799853816295,0.12587544680754204,-0.23582000891963906,1.1122326991658182,0.14734222943987807,-0.16470282263499503,-0.26353199334240107,-0.02595061378289376,-0.2264085773081883,-0.27423416100286824,-0.021466782632336034,-0.07111718628464403
AJG,Individual equity,,2016-2019,1006,1.0368551439747855,0.11364822318853052,-0.11258572921791887,1.543709474789961,0.14298680309152267,-0.05640216658234931,-0.3760635977149874,-0.0257253671863783,-0.12037598919265835,-0.5068543308151754,-0.029338579902992157,-0.05618356263556956
AJG,Individual equity,,2020-2022,756,0.9364682464632865,0.1915550976581173,-0.17416238228587577,1.8952674990169467,0.2405375290107874,-0.07297354052918947,-0.13232858743058265,-0.03756979329550181,-0.2630283403525513,-0.9587992525536602,-0.04898243135267011,-0.1011888417566863
AJG,Individual equity,,2023-present,917,0.45176369529102534,0.05892158193261121,-0.15356042649471546,1.020628807824184,0.11776066138291985,-0.12499049470956225,-0.3014778134519699,-0.036607501242324925,-0.18969877264581336,-0.5688651125331587,-0.05883907945030864,-0.028569931785153213
AKAM,Individual equity,,2016-2019,1006,0.3158976269734462,0.04386026234234364,-0.3343656284512976,0.7695164882718877,0.12101327491373937,-0.2281959806504078,-0.6071600023910696,-0.07077583171897794,-0.3425877084353718,-0.4536188612984415,-0.07715301257139573,-0.10616964780088978
AKAM,Individual equity,,2020-2022,756,0.40468668914952577,0.06364033750971565,-0.18326219081773265,0.6814825457672868,0.08283013955741358,-0.16290435902827638,-0.11565553930843246,-0.03026505195515239,-0.2932487962398007,-0.27679585661776107,-0.019189802047697935,-0.02035783178945627
AKAM,Individual equity,,2023-present,917,0.3327158268574867,0.054734010666463995,-0.24706521457122887,0.6179615517304584,0.10811724115043697,-0.13950024780543724,-0.2827953522514544,-0.0563455695267826,-0.33456263036892264,-0.28524572487297173,-0.05338323048397298,-0.10756496676579164
ALAB,Individual equity,,2023-present,613,1.412383741304951,1.1130678295555132,-0.399974128436264,1.9275503566077477,1.4195375506416985,-0.1734142415826201,-0.15159647457359432,-0.16674165889181924,-0.6090582977394857,-0.5151666153027967,-0.3064697210861853,-0.22655988685364392
ALB,Individual equity,,2016-2019,1006,0.5862284365596118,0.1092092483611693,-0.3537156714709381,0.9542388668097401,0.1422957502515827,-0.23309480993835874,-0.006292817047368815,-0.013126067950562592,-0.21203601131927718,-0.36801043025012836,-0.0330865018904134,-0.12062086153257934
ALB,Individual equity,,2020-2022,756,1.0414986235271186,0.3651600020088568,-0.2543202562322915,1.716260703501838,0.4650185265558391,-0.15382095774739923,-0.10970118879005096,-0.06424437013753992,-0.4862513656514983,-0.6747620799747194,-0.0998585245469823,-0.10049929848489225
ALB,Individual equity,,2023-present,917,1.1988987293012228,0.4972293274060655,-0.24821847499188054,0.6704133272829349,0.15815615147699602,-0.19357300342247752,0.9104875458045597,0.2570306480480873,-0.2995995468745003,0.5284854020182879,0.3390731759290695,-0.054645471569403026
ALGN,Individual equity,,2016-2019,1006,1.5105143799461962,0.4500671787870878,-0.2217295397729253,1.8500261315543165,0.4239053666808026,-0.161926369715647,0.19597545618798629,0.02000957488505528,-0.25575418160648744,-0.3395117516081203,0.02616181210628521,-0.05980317005727831
ALGN,Individual equity,,2020-2022,756,0.5171914763920207,0.13608981924813524,-0.3600481966285617,0.026999425189448718,-0.014552014088413556,-0.3045363920828129,0.5979178074540725,0.15962787576837623,-0.2759349364637367,0.490192051202572,0.1506418333365488,-0.05551180454574878
ALGN,Individual equity,,2023-present,917,1.1799339263423516,0.39669025980594963,-0.19744759204764495,0.7811627550450849,0.17263937500948856,-0.11911353443776096,0.7698233383317399,0.16477262658907632,-0.21149145831995209,0.3987711712972667,0.22405088479646107,-0.07833405760988399
ALK,Individual equity,,2016-2019,1006,0.9531601595824326,0.1868723335411575,-0.20014958660120052,0.5752524355575029,0.07656397269577919,-0.22838882879161782,0.7558463253121752,0.10398615497795793,-0.1591579054726593,0.37790772402492967,0.11030836084537832,0.02823924219041729
ALK,Individual equity,,2020-2022,756,0.18993757858832575,0.0015515976776472318,-0.5872506733773267,-0.7777413929728708,-0.1538621502700992,-0.4479009212010465,0.495576662714901,0.1185255924046491,-0.4018708969383107,0.9676789715611965,0.15541374794774643,-0.1393497521762802
ALK,Individual equity,,2023-present,917,1.7090518194656303,0.6013529649079332,-0.3981879628164796,1.0247339376540234,0.21858137921309417,-0.25098191998780117,1.397683770717822,0.3189271256094868,-0.2555923291218547,0.6843178818116069,0.38277158569483904,-0.14720604282867844
ALL,Individual equity,,2016-2019,1006,1.0144933772917077,0.10276176127325076,-0.11587395517442123,1.7897295887171614,0.159217194050568,-0.042440143525625196,-0.6064715026615082,-0.037515135032455516,-0.16445235979243344,-0.7752362114254536,-0.05645543277731724,-0.07343381164879603
ALL,Individual equity,,2020-2022,756,0.7035562321859163,0.13253933761207448,-0.22985401166963126,0.8477234860656044,0.11500819720007005,-0.16114749756616908,-0.08793411882093222,-0.02731624699093671,-0.2703480141385597,-0.1441672538796881,0.01753114041200443,-0.06870651410346218
ALL,Individual equity,,2023-present,917,0.16726810294888447,0.013964857965964805,-0.2035297523137004,0.7278332030106687,0.07705022939021244,-0.08825621719058518,-0.1187392730019897,-0.01648553848599177,-0.1745004256598388,-0.5605651000617842,-0.06308537142424764,-0.11527353512311522
ALLE,Individual equity,,2016-2019,1006,1.438908188701027,0.2075232075893676,-0.07838815906775354,1.8220802554410371,0.21413192240648526,-0.05033513388259325,0.2851257474144394,0.021354878157392454,-0.15948304444483885,-0.38317206674001003,-0.006608714817117667,-0.028053025185160285
ALLE,Individual equity,,2020-2022,756,-0.010878238225780703,-0.031798316615969435,-0.42201934513620465,0.5528018903043809,0.0736380950285247,-0.13148886315638353,-0.40526534086243365,-0.0927363939565422,-0.40373425242689653,-0.5636801285301616,-0.10543641164449413,-0.2905304819798211
ALLE,Individual equity,,2023-present,917,1.1859104536816727,0.2334562158688942,-0.13377924773297445,1.4725937191589489,0.22566918475329967,-0.08218621289588668,0.19133248041205006,0.016664790958750952,-0.11996320568289154,-0.2866832654772762,0.007787031115594534,-0.05159303483708777
ALNY,Individual equity,,2016-2019,1006,0.2680549044038228,0.03313174297393262,-0.41729122884629244,0.6134097398810263,0.13939343901793344,-0.24153027805560356,-0.11498492839844739,-0.07858015474572955,-0.5542331293726962,-0.3453548354772035,-0.10626169604400082,-0.17576095079068887
ALNY,Individual equity,,2020-2022,756,0.09372976431723737,-0.01967231425725746,-0.3718466230585459,0.46174880378713495,0.08475384147469334,-0.27460187000170544,-0.10473135825714444,-0.05041783015873502,-0.33136861594131106,-0.36801903946989756,-0.1044261557319508,-0.09724475305684044
ALNY,Individual equity,,2023-present,917,0.4243545164170832,0.08525174123549739,-0.238887957985503,0.41755276016398324,0.05469860667600002,-0.17645372520214653,0.27576804312964365,0.03984629298646647,-0.19015407436043186,0.0068017562530999776,0.030553134559497375,-0.06243423278335647
AMAT,Individual equity,,2016-2019,1006,1.1175150692592613,0.2553167538839669,-0.21149518335200168,1.62564024237768,0.3233182094951237,-0.14752064384965624,-0.160215718324266,-0.030927272855530874,-0.24857780443770328,-0.5081251731184186,-0.06800145561115678,-0.06397453950234544
AMAT,Individual equity,,2020-2022,756,0.5579125269358093,0.15180180984219938,-0.359626598364006,0.7972338621428627,0.1769921565266126,-0.2825162473277093,-0.025852769989583125,-0.05152134260038865,-0.37071226948308866,-0.23932133520705345,-0.025190346684413223,-0.07711035103629671
AMAT,Individual equity,,2023-present,917,1.0391410902468643,0.3345876495713487,-0.2454860528577928,1.2095564184633703,0.3400500965093187,-0.16260015519084792,0.07216884751858929,-0.004076300544435085,-0.18831945480099166,-0.17041532821650596,-0.005462446937970045,-0.08288589766694487
AMCR,Individual equity,,2016-2019,142,1.105081060105612,0.1947833890603039,-0.11612447205455212,0.5219188369110677,0.05907081134142467,-0.07950135109457646,0.4063117887856016,0.052031939138516003,-0.07684573525432437,0.5831622231945444,0.13571257771887923,-0.036623120959975664
AMCR,Individual equity,,2020-2022,756,0.3729730511536325,0.059085680311053324,-0.3232953383014381,-0.03246370780205382,-0.013690427882934397,-0.23605014128241109,0.533827245555369,0.07740873027598916,-0.15616178715162943,0.4054367589556863,0.07277610819398772,-0.087245197019027
AMCR,Individual equity,,2023-present,917,0.5338683466073484,0.07432372502538431,-0.12201483844275729,0.6384361649576076,0.060528784042403805,-0.0920846345258588,0.19620651522075772,0.016909442137904573,-0.12198597776547715,-0.10456781835025919,0.013794940982980508,-0.02993020391689849
AMD,Individual equity,,2016-2019,1006,0.8640566249229056,0.2928025135153396,-0.46594744386062625,1.2201166555404084,0.393182747989679,-0.245943350824548,-0.21444289999382488,-0.06757822825081194,-0.3515619338044331,-0.3560600306175028,-0.10038023447433941,-0.22000409303607826
AMD,Individual equity,,2020-2022,756,0.16791301853405366,-0.008311502095255108,-0.4555091301836274,0.8247758184795636,0.19772912143372867,-0.21575235295911477,-0.3018513598277879,-0.127222898578621,-0.5380714556813917,-0.6568627999455099,-0.20604062352898378,-0.2397567772245126
AMD,Individual equity,,2023-present,917,1.3756080180370778,0.6198256025219839,-0.21772872384023967,1.509033623981073,0.5771686653882235,-0.16442623197614514,0.11710706881533396,-0.0009283220896559863,-0.23651728642648417,-0.13342560594399533,0.0426569371337604,-0.053302491864094526
AME,Individual equity,,2016-2019,1006,1.312904621002729,0.17203214429415792,-0.1097175475825487,1.6525844459608896,0.16731059475285925,-0.08126235602641685,0.2248064673221957,0.01568483202709725,-0.10474780823904795,-0.3396798249581605,0.004721549541298664,-0.028455191556131854
AME,Individual equity,,2020-2022,756,0.7200053143578827,0.1446032252536975,-0.1639954775002762,1.1391504578032812,0.14937568547445723,-0.11143920812631247,0.035843778790356814,-0.009251622011970384,-0.21445125876293591,-0.41914514344539844,-0.004772460220759722,-0.05255626937396374
AME,Individual equity,,2023-present,917,0.5591436109961124,0.07591868011893776,-0.15198550276947154,0.5097710128821553,0.05426007389474585,-0.12924000215808484,0.3392730901619298,0.028421739955159175,-0.09794847051399047,0.04937259811395711,0.021658606224191912,-0.022745500611386693
AMGN,Individual equity,,2016-2019,1006,0.9720411008200515,0.13716652437464094,-0.18429301308982005,1.7088791472936646,0.19706813176735682,-0.08736393898241013,-0.2595017736920437,-0.028643029371512196,-0.18610447680501152,-0.7368380464736132,-0.05990160739271588,-0.09692907410740992
AMGN,Individual equity,,2020-2022,756,0.49116370814741217,0.07156824894192115,-0.15347264329648302,0.6421952928127349,0.07332589422249103,-0.13060662781428256,0.28722316562342426,0.029152805404288218,-0.11090550080256822,-0.15103158466532274,-0.001757645280569875,-0.022866015482200464
AMGN,Individual equity,,2023-present,917,0.6732448647653588,0.11194296495809386,-0.308259731665535,1.3709814241315224,0.21690833844632573,-0.09438931400208883,-0.467015021785423,-0.0561630609689826,-0.2640822984708733,-0.6977365593661635,-0.10496537348823187,-0.21387041766344617
AMP,Individual equity,,2016-2019,1006,0.8508138037346366,0.1438838347750646,-0.16843242185522278,1.420731246241689,0.19542257751111802,-0.07825994418796023,-0.12881681684330046,-0.02304735003830205,-0.2611220358680735,-0.5699174425070525,-0.05153874273605341,-0.09017247766726255
AMP,Individual equity,,2020-2022,756,0.7925849144482693,0.25734129560989394,-0.35315671289686645,1.2774152333250919,0.28846269915122336,-0.17776704148754163,0.07655382656862109,-0.026159106446419833,-0.3775781118050635,-0.4848303188768226,-0.031121403541329418,-0.17538967140932482
AMP,Individual equity,,2023-present,917,1.0061924962837854,0.1713904406118547,-0.1400773711930896,1.3643536810754686,0.16716905467916443,-0.06938232504580033,0.057745254206233346,-0.0006552645553045133,-0.2050628717552554,-0.35816118479168324,0.00422138593269028,-0.07069504614728928
AMT,Individual equity,,2016-2019,1006,1.0318426389010267,0.12818492104814316,-0.13696746073971378,1.725028123754345,0.19467881392105246,-0.06387471006841461,-0.6365896382605858,-0.04570248000521915,-0.18803249592371762,-0.6931854848533183,-0.0664938928729093,-0.07309275067129917
AMT,Individual equity,,2020-2022,756,0.6644737335311794,0.1376412013028836,-0.2666808945755601,0.310650344130547,0.03478151037446908,-0.1809646654748388,0.5873311520425453,0.09930434925013021,-0.22781671197992837,0.35382338940063246,0.10285969092841452,-0.0857162291007213
AMT,Individual equity,,2023-present,917,0.5518267522108155,0.08828399892064165,-0.21711226513888393,0.3750524018531215,0.03828094053157649,-0.17521783188881768,0.6883218783280957,0.0936358025504398,-0.10972225935896673,0.17677435035769395,0.05000305838906516,-0.041894433250066254
AMZN,Individual equity,Mega-cap 7,2016-2019,1006,1.15362924488388,0.20226598375439164,-0.19953687405373743,1.7293252990814632,0.2384291561909775,-0.09046343346545405,-0.32204342564407307,-0.04392023222231611,-0.21028438076957257,-0.5756960541975831,-0.036163172436585844,-0.10907344058828339
AMZN,Individual equity,Mega-cap 7,2020-2022,756,1.2837148772551599,0.37625682814027295,-0.16215645063533857,1.1918798893721108,0.20594124499583044,-0.09112228876421036,0.7253314348466439,0.14667893443106417,-0.14252742847175637,0.09183498788304911,0.1703155831444425,-0.07103416187112821
AMZN,Individual equity,Mega-cap 7,2023-present,917,0.9449743963791927,0.21095531277629576,-0.1587026058475166,1.2205253140221484,0.23595573175114493,-0.10963345774260325,0.057962746083253525,-0.0012327620705475661,-0.1957347093279077,-0.2755509176429557,-0.02500041897484917,-0.04906914810491336
ANET,Individual equity,,2016-2019,1006,1.2157475864683385,0.3055664494819088,-0.1653379724991495,1.7060735901486266,0.3661084468130831,-0.13904176881310282,-0.433461788539774,-0.08303599666196915,-0.3940205230066893,-0.4903260036802881,-0.06054199733117427,-0.026296203686046682
ANET,Individual equity,,2020-2022,756,1.221261452312735,0.37128208467221224,-0.22594958766317164,1.5171836662137819,0.34257444436497164,-0.11477194598373208,0.2566404556243537,0.03239599917458236,-0.20473149522530487,-0.2959222139010469,0.0287076403072406,-0.11117764167943955
ANET,Individual equity,,2023-present,917,1.2239763159281751,0.3648706134105191,-0.25840191616430064,1.6689637383780105,0.4115087775987458,-0.17075914966064942,-0.016729420068627956,-0.02183929885120317,-0.26749730397789584,-0.44498742244983536,-0.04663816418822675,-0.08764276650365121
AON,Individual equity,,2016-2019,1006,0.9915925915435252,0.09624689946027565,-0.12349623024904821,1.2056225636254145,0.09851213041287332,-0.11387805994135725,-0.2230444059482747,-0.01696781460118002,-0.1311514315194463,-0.21402997208188934,-0.0022652309525976744,-0.009618170307690965
AON,Individual equity,,2020-2022,756,0.5538301994396723,0.10390241005087897,-0.3390606796202148,0.8604870375539483,0.12073218589434642,-0.2154744165530571,-0.06199247600733379,-0.026148405595531332,-0.2785092221655694,-0.306656838114276,-0.016829775843467454,-0.1235862630671577
AON,Individual equity,,2023-present,917,0.49591975874663813,0.059070535667918866,-0.21235385468007806,0.757927079443774,0.06696371646156773,-0.084496505983086,-0.13888297344116302,-0.0185476307008694,-0.21657214431517524,-0.2620073206971359,-0.007893180793648868,-0.12785734869699206
AOS,Individual equity,,2016-2019,1006,1.377849249094967,0.20067352359579305,-0.12666682621032122,1.3856141686722345,0.15207264967919554,-0.07385733013103701,0.5705797373168134,0.051183705853548034,-0.1359829155208795,-0.007764919577267548,0.04860087391659751,-0.0528094960792842
AOS,Individual equity,,2020-2022,756,0.8052425820937942,0.18065865842903217,-0.2186399454655028,0.5310086652164522,0.07365964403984848,-0.15388313450127433,0.5697689491977028,0.0925924089931367,-0.2566073671981348,0.274233916877342,0.10699901438918369,-0.06475681096422847
AOS,Individual equity,,2023-present,917,0.23810121908709997,0.02601268712678695,-0.2275044082946358,0.4176274499884297,0.044808325061598264,-0.10680303645170952,-0.02610752030160424,-0.009203761879739036,-0.2340847644497086,-0.17952623090132974,-0.018795637934811316,-0.12070137184292629
APA,Individual equity,,2016-2019,1006,0.8199717919864262,0.21598557121543038,-0.3063354524296038,0.41986822609765456,0.0679187184721195,-0.2015119529847803,0.727168485977615,0.1386352479165025,-0.22108544026485544,0.40010356588877166,0.14806685274331088,-0.1048234994448235
APA,Individual equity,,2020-2022,756,0.9665157571679257,0.5642331367086963,-0.6786162157877431,1.0467108897929154,0.40584268687694847,-0.2344072128434882,0.4113088871872113,0.0839466239005302,-0.6659743928474426,-0.08019513262498967,0.15839044983174788,-0.4442090029442549
APA,Individual equity,,2023-present,917,0.906548627970949,0.23454483505708046,-0.2244554990489892,1.0270250177439957,0.19112116852931993,-0.2236791782272165,0.3861790747611526,0.06214144226048557,-0.1949766969963339,-0.12047638977304664,0.04342366652776053,-0.0007763208217727025
APD,Individual equity,,2016-2019,1006,0.6637242983927389,0.06826113426110036,-0.15557159838129475,1.2479458679002937,0.10950949771196927,-0.10407900239911572,-0.5234758003912207,-0.0372130672035641,-0.14862850312259823,-0.5842215695075548,-0.04124836345086891,-0.051492595982179035
APD,Individual equity,,2020-2022,756,1.2035148877929973,0.24132353776392734,-0.16819248934533726,1.5455422510607013,0.2513708000614405,-0.08845857939430413,0.08321124671059962,0.0026526486592794996,-0.1774570422605748,-0.342027363267704,-0.010047262297513182,-0.07973390995103313
APD,Individual equity,,2023-present,917,0.6685427131577102,0.10283864574932422,-0.17483173604467095,0.5827300894996826,0.058993724989472085,-0.08575387832328962,0.5089905480408613,0.06155452103179382,-0.17947292269141835,0.08581262365802755,0.043844920759852135,-0.08907785772138133
APH,Individual equity,,2016-2019,1006,1.5114643227575368,0.21283519623680935,-0.08436934194640122,1.8752102613996635,0.19862852349672067,-0.0552722543581633,0.16425159345855947,0.010908650917368812,-0.1278297735165872,-0.3637459386421267,0.014206672740088688,-0.029097087588237924
APH,Individual equity,,2020-2022,756,0.5127752898336846,0.09470401721899968,-0.21867677462983814,0.8631398931251002,0.12799062623342183,-0.10514315358797743,0.03188089535269702,-0.008121578169336674,-0.25763025441211773,-0.3503646032914156,-0.03328660901442215,-0.11353362104186071
APH,Individual equity,,2023-present,917,0.8374828934857474,0.16093583770495634,-0.20555384476688499,1.5791720460871572,0.2696783813266628,-0.12150944449775547,-0.6539465841901553,-0.08564573928405594,-0.3059625895041548,-0.7416891526014098,-0.10874254362170643,-0.08404440026912952
APO,Individual equity,,2016-2019,1006,1.0826445604998143,0.21340672465252175,-0.13904167501176246,1.5589279967861762,0.2681722604622889,-0.10292260407894638,-0.42320377792145286,-0.053219424757828704,-0.24460476775395712,-0.47628343628636194,-0.054765535809767174,-0.03611907093281608
APO,Individual equity,,2020-2022,756,0.8978207191378766,0.24748783690937892,-0.21343316785797972,1.1108775686309076,0.2135047984872933,-0.16257521316974577,0.12337031503665631,0.0022463981761946528,-0.28649587823763445,-0.21305684949303094,0.03398303842208561,-0.05085795468823395
APO,Individual equity,,2023-present,917,1.3126206779865164,0.34413949130801935,-0.19947253996206227,1.4430772449788607,0.29768860051566604,-0.14060887380140963,0.18269488417528904,0.01674666610231168,-0.1872246325769732,-0.1304565669923443,0.046450890792353317,-0.05886366616065264
APP,Individual equity,,2020-2022,433,1.3198069306935156,0.8109820615066523,-0.3985457766753603,0.5756933018141366,0.1503888093911221,-0.3397753545668897,1.3007581997570752,0.6420127410333349,-0.3318206790588333,0.744113628879379,0.6605932521155302,-0.05877042210847061
APP,Individual equity,,2023-present,917,1.2407628819878322,0.6413475333589009,-0.4959116992699325,1.9016531182765557,0.9372697335203122,-0.3394356519152534,-0.26907582861467133,-0.12493380898828377,-0.5428398301802774,-0.6608902362887235,-0.29592220016141124,-0.15647604735467913
APTV,Individual equity,,2016-2019,532,1.033774581843383,0.2161492541765182,-0.1660002479793251,0.5461102380731171,0.0695769958394079,-0.136797721866453,1.0959093737841348,0.19177882435582783,-0.1009391045810567,0.4876643437702659,0.1465722583371103,-0.029202526112872107
APTV,Individual equity,,2020-2022,756,0.7568527425156686,0.2241670945741192,-0.3373603370059245,0.9537510047821248,0.19108408733355686,-0.18393959451729402,0.2503414678362567,0.03268950703141993,-0.29235347789268296,-0.19689826226645624,0.033083007240562345,-0.15342074248863047
APTV,Individual equity,,2023-present,917,1.0771581847809664,0.2972213790268894,-0.23866600523199188,1.0045451165755406,0.14724591493630945,-0.13087739257301412,0.6076198146796302,0.12280669488454565,-0.23786952714875498,0.07261306820542579,0.14997546409057994,-0.10778861265897777
ARE,Individual equity,,2016-2019,1006,0.6377372839192589,0.06662623123371714,-0.23311209066805105,1.3565485889527378,0.12831969756112183,-0.09152880751271963,-0.7670343697919416,-0.050957509988274974,-0.20025448095748366,-0.7188113050334789,-0.06169346632740469,-0.14158328315533142
ARE,Individual equity,,2020-2022,756,0.6169353895772518,0.12802836701390796,-0.2933023648083466,0.45818425483105035,0.0551435494281971,-0.15852547821849983,0.4094263509914949,0.06477353576096423,-0.25166160192532083,0.15875113474620145,0.07288481758571086,-0.13477688658984677
ARE,Individual equity,,2023-present,917,1.0543716260635925,0.29286722608553495,-0.20463915277004874,0.7323787531506117,0.10216245223286813,-0.1631904312660124,0.8542756234883653,0.1927870461559098,-0.19521315770063508,0.32199287291298073,0.19070477385266682,-0.041448721504036334
ARES,Individual equity,,2016-2019,1006,1.3774180797963487,0.28698962968932773,-0.15349478189590204,1.4845341981262068,0.2627067181565379,-0.11084979286262264,-0.09978062174927634,-0.018284895899864373,-0.23843913700506658,-0.10711611832985812,0.02428291153278983,-0.0426449890332794
ARES,Individual equity,,2020-2022,756,0.8348288838429108,0.21228090222994767,-0.3279742929436459,1.1678794264158159,0.22816533747201384,-0.18599309740675163,0.11334150183141135,0.0025761320898387563,-0.2330117764047981,-0.3330505425729051,-0.015884435242066175,-0.14198119553689426
ARES,Individual equity,,2023-present,917,0.79522227508746,0.18720641377870217,-0.21700270532782828,1.1091408433732046,0.21043757899228388,-0.11762251854317562,0.11497244297516003,0.004383833186705877,-0.23005569406188842,-0.3139185682857446,-0.023231165213581706,-0.09938018678465266
ARKK,Factor/style ETF,,2016-2019,1006,1.3354845118701932,0.23313080615663528,-0.13408621146198363,1.5160247373559563,0.1994310553959764,-0.1426844580304949,0.3218575104300543,0.030211293353423985,-0.08866434961099268,-0.1805402254857631,0.0336997507606589,0.00859824656851127
ARKK,Factor/style ETF,,2020-2022,756,1.2375172076552572,0.5116880065611196,-0.40282146698296883,1.3475257017140756,0.27929165680544576,-0.23705766099847037,0.5558041036252334,0.14219165684563717,-0.37316040618790225,-0.1100084940588184,0.2323963497556738,-0.16576380598449847
ARKK,Factor/style ETF,,2023-present,917,1.1562826000788482,0.3285478363362724,-0.27043345820534337,1.406192046178519,0.3116034102527867,-0.22178223862351532,0.12643890190215037,0.006179436780809455,-0.1851693823322953,-0.2499094460996707,0.016944426083485675,-0.048651219581828054
ARKX,Individual equity,,2020-2022,444,0.71789386724237,0.13521709894012357,-0.15561498463971568,-0.2522891928744296,-0.02861021654426321,-0.13331895310494268,0.9870604764317245,0.17745994913625118,-0.13603265407636578,0.9701830601167996,0.16382731548438678,-0.022296031534772998
ARKX,Individual equity,,2023-present,917,1.2104886232674608,0.22782722621341356,-0.12857369323731171,1.6799032991307856,0.2480847587874928,-0.0838990982258494,-0.1481671379387687,-0.025216775530741864,-0.17412227535547042,-0.46941467586332486,-0.02025753257407925,-0.044674595011462315
ARM,Individual equity,,2023-present,742,1.8426897191868319,1.0922642280250594,-0.3135540661254326,1.7516268151429717,0.674145230196098,-0.12010022834305578,0.8754196720451074,0.26089912492688017,-0.3359374491758468,0.0910629040438602,0.41811899782896145,-0.1934538377823768
ASML,Individual equity,,2016-2019,1006,0.27652075861062875,0.03340226404180191,-0.3284593559854555,1.2051319454687748,0.17682406135265727,-0.13918277300660742,-1.4043572557053785,-0.13382343339795022,-0.4528083117937106,-0.928611186858146,-0.14342179731085536,-0.18927658297884808
ASML,Individual equity,,2020-2022,756,1.0097786327093885,0.34370954756672356,-0.1938885207784875,1.2821009474416623,0.3076185794665576,-0.18824636257785732,0.23366206608066492,0.027600531735247458,-0.35052958869567763,-0.27232231473227375,0.03609096810016599,-0.005642158200630187
ASML,Individual equity,,2023-present,917,0.696738978492619,0.18075199648506302,-0.2341776011193376,1.0441500239528663,0.24945114601555707,-0.20912779166774398,0.022846285558705163,-0.013837718066647464,-0.20751217417636558,-0.34741104546024726,-0.06869914953049405,-0.02504980945159363
ASTS,Individual equity,,2020-2022,756,0.6383749003956485,0.21030564999799806,-0.3383918589831897,-0.15464936722540643,-0.04759104641417111,-0.24460080444801646,0.8178799853182955,0.30327135213438106,-0.3518240069983838,0.7930242676210549,0.25789669641216917,-0.09379105453517322
ASTS,Individual equity,,2023-present,917,0.6924755325744032,0.2726587550027302,-0.5376752367239206,1.0976353228350268,0.5225226904924545,-0.36761403631518874,-0.21617988884599582,-0.2056679430258107,-0.7759798472128746,-0.40515979026062365,-0.2498639354897243,-0.17006120040873185
ASX,Individual equity,,2016-2019,1006,0.9578246487762195,0.1768850860631268,-0.15602250815634944,0.9008795208865408,0.12047183316880905,-0.11268975376971901,0.6003925683817776,0.07748046530428443,-0.1989097589762161,0.05694512788967876,0.056413252894317756,-0.04333275438663042
ASX,Individual equity,,2020-2022,756,0.7000655099426881,0.18146076327167937,-0.30187866555585363,0.7351177209153477,0.14043139235246427,-0.29856010971046953,0.2700946726307927,0.03597706200859707,-0.16057633349012923,-0.03505221097265954,0.0410293709192151,-0.003318555845384097
ASX,Individual equity,,2023-present,917,1.1807676045099627,0.34242428430306826,-0.24824830995189417,1.4060368202341977,0.3657770203012316,-0.154797672360518,-0.0011601059616487082,-0.01268066447053029,-0.18294184779248657,-0.22526921572423508,-0.023352735998163343,-0.09345063759137617
ATO,Individual equity,,2016-2019,1006,0.5137363842639429,0.049135975333705284,-0.10220052464483032,0.6968782598195347,0.05704851386561316,-0.07478644577335836,-0.21635676758539257,-0.014775522026511001,-0.1236711163772315,-0.1831418755555918,-0.007912538531907876,-0.02741407887147196
ATO,Individual equity,,2020-2022,756,0.20438681301067588,0.020871756717862233,-0.2943544404257781,0.1630415688796159,0.01286353325776779,-0.2146508587200029,-0.08502624033842979,-0.021748548844067628,-0.21008707461428255,0.04134524413105997,0.008008223460094444,-0.07970358170577518
ATO,Individual equity,,2023-present,917,-0.10209678343137801,-0.01979047461945882,-0.1774548317406215,0.3603661448194843,0.028061837672592738,-0.08459519782271208,-0.5068939560476144,-0.04667924440072824,-0.22771365874414806,-0.4624629282508623,-0.04785231229205156,-0.09285963391790941
AVAV,Individual equity,,2016-2019,1006,0.9567344933755902,0.22579863030255454,-0.20623823889818993,1.1565386681936838,0.1958546653894382,-0.16242084466691087,0.36050438485802666,0.050668066628484665,-0.1795845703187483,-0.19980417481809354,0.02994396491311635,-0.04381739423127906
AVAV,Individual equity,,2020-2022,756,0.9193785953199536,0.2517306593038764,-0.236612951071696,1.0357954445317779,0.20641452548273054,-0.11016432730769643,0.32800561636395564,0.047889748419551514,-0.24011876029760326,-0.11641684921182427,0.045316133821145854,-0.12644862376399957
AVAV,Individual equity,,2023-present,917,1.4513083192769571,0.547031010794542,-0.25505774863298947,1.7350057716872758,0.46310638419240124,-0.19584867719312005,0.2946408466817534,0.043762543117870756,-0.29021177685288735,-0.28369745241031863,0.08392462660214073,-0.05920907143986942
AVGO,Individual equity,,2016-2019,1006,0.2598909236931359,0.0319436452961297,-0.23077367400648663,0.6495955006994611,0.08208848729240237,-0.13924068246757415,-0.15457927340157898,-0.029620813744203445,-0.3126303825185234,-0.38970457700632527,-0.05014484199627267,-0.09153299153891248
AVGO,Individual equity,,2020-2022,756,0.942574223561368,0.2639762237958876,-0.27685836646608186,1.1502486435220898,0.22756849509594712,-0.12596959465434698,0.25701053038835503,0.0340696311635178,-0.2040700205213909,-0.20767441996072178,0.03640772869994047,-0.15088877181173488
AVGO,Individual equity,,2023-present,917,0.8966013375909923,0.27701056284342473,-0.2562056504236242,1.3025565935679568,0.35758381242270376,-0.1586410361717715,-0.25655853370963405,-0.07379041278814658,-0.29427452897220807,-0.4059552559769646,-0.08057324957927903,-0.0975646142518527
AVY,Individual equity,,2016-2019,1006,1.2462211014555433,0.16914918768576026,-0.11850734349038106,1.543379819886897,0.1651154066690328,-0.08321860772693401,-0.09428761651023146,-0.011847850173436703,-0.13788422924441135,-0.2971587184313538,0.004033781016727467,-0.03528873576344704
AVY,Individual equity,,2020-2022,756,0.8710804169606748,0.2050462746433861,-0.2288162014907168,0.7868953161076807,0.1294083590573385,-0.16780847733491544,0.34929576325914247,0.048414729398430056,-0.17252213759565616,0.08418510085299413,0.0756379155860476,-0.06100772415580136
AVY,Individual equity,,2023-present,917,0.1943808500652886,0.017614450291209227,-0.17783777345101082,0.3994784481313053,0.03246781874932303,-0.14596103514704828,-0.04290737205687288,-0.010924930155833623,-0.1803029667397088,-0.20509759806601668,-0.014853368458113803,-0.03187673830396254
AWK,Individual equity,,2016-2019,1006,0.7435206974698075,0.08116836377449177,-0.1704138317730779,1.287476735746929,0.1253537920216612,-0.11542010665634739,-0.5448254615655882,-0.03630144069318564,-0.2035091639654203,-0.5439560382771215,-0.04418542824716942,-0.05499372511673051
AWK,Individual equity,,2020-2022,756,0.3783513797246845,0.054395780451625964,-0.22657103684345292,0.5414222012991502,0.06187800739536731,-0.17068217409373065,0.08152993919559291,0.001156650034874751,-0.2339439720602362,-0.16307082157446567,-0.0074822269437413436,-0.05588886274972227
AWK,Individual equity,,2023-present,917,0.3157547832745789,0.03705051507042345,-0.2116944879379834,0.1725896156314347,0.01282406446629425,-0.16666183152506164,0.3457750647874677,0.03391543632581917,-0.14974445655560975,0.1431651676431442,0.0242264506041292,-0.04503265641292176
AXON,Individual equity,,2016-2019,1006,1.2120155183400114,0.31018774290042495,-0.24877020419411466,1.9971979276786087,0.41352248782709156,-0.11834527399945494,-0.10232373832399591,-0.03170312933485531,-0.3207702399258028,-0.7851824093385973,-0.10333474492666661,-0.13042493019465973
AXON,Individual equity,,2020-2022,756,0.881469397908113,0.30694037495010607,-0.2961486157704021,1.4316843506007197,0.4043038650222732,-0.13496335273406734,-0.08167835914263817,-0.06432717700323609,-0.3454236010400602,-0.5502149526926068,-0.09736349007216716,-0.16118526303633474
AXON,Individual equity,,2023-present,917,0.2727146859892308,0.038121574799614644,-0.2857637174132105,0.5763807204692555,0.10001146740711864,-0.2963533940538845,-0.07215660753301556,-0.027159502990226403,-0.2792361158001371,-0.30366603448002466,-0.06188989260750399,0.010589676640674006
AXP,Individual equity,,2016-2019,1006,1.095110862813701,0.13973041052114699,-0.1804472938039403,1.5730745346074917,0.16023954800983709,-0.11732218557263463,-0.2854649918356627,-0.02773953683363939,-0.17531395637914537,-0.47796367179379073,-0.0205091374886901,-0.06312510823130568
AXP,Individual equity,,2020-2022,756,-0.004705702404037914,-0.03674738426681823,-0.3800475210977826,0.4618278898309347,0.05239435614496335,-0.14206106878644842,-0.27848229978909783,-0.08876839512463552,-0.38584340941555606,-0.4665335922349726,-0.08914174041178158,-0.2379864523113342
AXP,Individual equity,,2023-present,917,1.2557745074871933,0.2490766612378401,-0.0977566333402704,1.4483723341766315,0.20611915392796099,-0.08249631648520883,0.3714029442365784,0.042981470002799504,-0.1250273917834256,-0.19259782668943815,0.04295750730987913,-0.015260316855061573
AZO,Individual equity,,2016-2019,1006,0.8386288619199223,0.13634171357423153,-0.13618656797464712,0.903397863433151,0.10947134934821046,-0.09588829781020436,0.3060357255570355,0.029826354340989125,-0.11310606029111248,-0.06476900151322873,0.02687036422602107,-0.04029827016444276
AZO,Individual equity,,2020-2022,756,0.9067242677781635,0.2051821526382076,-0.16269159683212386,1.673110936019863,0.2886402071792067,-0.09663911670195091,-0.38670525195377503,-0.07969811058341703,-0.37693414073638243,-0.7663866682416995,-0.08345805454099908,-0.06605248013017295
AZO,Individual equity,,2023-present,917,0.11040383580901628,0.0054791148055117755,-0.1732616832559436,0.3893267274772472,0.03681424506984987,-0.11405356388830223,-0.13983598045786494,-0.019377604489968614,-0.18547891186763255,-0.2789228916682309,-0.031335130264338096,-0.059208119367641365
BA,Individual equity,,2016-2019,1006,0.7860270796191707,0.11609590391627167,-0.22094784176950444,1.5942367818157857,0.1910508197731806,-0.12880387576121255,-0.5414384291745994,-0.06059162331147672,-0.2489016651270557,-0.8082097021966149,-0.07495491585690894,-0.09214396600829189
BA,Individual equity,,2020-2022,756,0.8103058912743332,0.30418444118445365,-0.45422688225705354,1.00710133148607,0.23217005225765974,-0.2419617951532005,0.38216585913965995,0.07790948089030714,-0.6075151392903501,-0.19679544021173678,0.0720143889267939,-0.21226508710385306
BA,Individual equity,,2023-present,917,0.7972189916709356,0.15422386153661716,-0.2565443240541988,0.9789677952494027,0.12589650086212134,-0.15178768627796702,0.17904913831434716,0.01602806211018737,-0.16499158127646707,-0.18174880357846712,0.028327360674495816,-0.10475663777623179
BABA,Individual equity,,2016-2019,1006,0.7315540443441363,0.14390554868326144,-0.2503211839291397,1.2529364164734658,0.20890478126650924,-0.1469859121439533,-0.12464968244524595,-0.02842396948400583,-0.18883353113106105,-0.5213823721293295,-0.0649992325832478,-0.10333527178518642
BABA,Individual equity,,2020-2022,756,1.0696559833085992,0.3507660514554394,-0.18321936119286908,0.11310715015614413,0.0026211552637205315,-0.2114667209362443,1.235883019167553,0.3452873194001864,-0.21160572853831328,0.9565488331524551,0.34814489619171884,0.028247359743375222
BABA,Individual equity,,2023-present,917,1.2515363455730264,0.4099494327580271,-0.4315541254038262,1.2315752259715418,0.3194001049914321,-0.2892661160639587,0.642765057900602,0.11125479398101823,-0.2858710104308648,0.01996111960148461,0.09054932776659497,-0.14228800933986752
BAC,Individual equity,,2016-2019,1006,1.2163953831371395,0.2178150757600572,-0.1331847580990131,1.6787004298217532,0.2253439750591797,-0.08432728839821424,0.11729536533370923,0.006920168414879413,-0.14557762045850597,-0.4623050466846137,-0.007528899299122482,-0.04885746970079885
BAC,Individual equity,,2020-2022,756,0.5454398594246328,0.1278552745526369,-0.3983144592000798,0.8153574636712245,0.1235143761883779,-0.1912875172228503,0.1784631864174375,0.011943383205206493,-0.4282257920810255,-0.2699176042465917,0.004340898364258994,-0.20702694197722948
BAC,Individual equity,,2023-present,917,1.0534696994098092,0.19559332901222048,-0.16755176603160837,1.0710386735291775,0.1476969784658,-0.1216054779541379,0.3880652762025143,0.04173257527474483,-0.12706864406899965,-0.017568974119368308,0.047896350546420496,-0.045946288077470476
BALL,Individual equity,,2016-2019,1006,0.7082172916504329,0.08975095599921001,-0.17989129421649386,0.906888157122596,0.08755721715220943,-0.08855280541866473,0.11091127336622916,0.006064630411632299,-0.13828503442332096,-0.19867086547216306,0.0021937388470005814,-0.09133848879782913
BALL,Individual equity,,2020-2022,756,0.4951060499706763,0.08969841536187428,-0.25211035903914525,0.4583770839264924,0.04955923768568704,-0.1956044786378981,0.35888058519780713,0.05187259575322667,-0.23727813183782598,0.03672896604418391,0.04013917767618724,-0.056505880401247155
BALL,Individual equity,,2023-present,917,0.7584304774637037,0.12725849605334583,-0.19905623292897212,0.8970724288929879,0.10809733978151304,-0.12192122385642679,0.08095370624732601,0.0019818828821143164,-0.2143537036586184,-0.13864195142928415,0.01916115627183279,-0.07713500907254534
BAX,Individual equity,,2016-2019,1006,1.37451466057901,0.18991523584677328,-0.1301732812635582,2.280832900238174,0.25341079911124953,-0.05386524768977086,-0.5113218267182171,-0.046536428292208165,-0.19081401543483623,-0.906318239659164,-0.06349556326447625,-0.07630803357378735
BAX,Individual equity,,2020-2022,756,0.18872931328114798,0.01775768724329896,-0.19872980488670122,0.3572957921964714,0.029492207551845562,-0.11629331608922644,-0.10713575442325454,-0.02491394593592211,-0.1495772220604683,-0.16856647891532342,-0.011734520308546603,-0.08243648879747478
BAX,Individual equity,,2023-present,917,1.472758427681308,0.39253979291679353,-0.15088612040932392,1.5019671581718728,0.21414827643973333,-0.08267158506005745,0.7647591871425014,0.15079137381083374,-0.1888744735051483,-0.029208730490564827,0.1783915164770602,-0.06821453534926647
BBY,Individual equity,,2016-2019,1006,0.5514997672040294,0.09139541442542498,-0.25036425178022037,0.9986274966090176,0.14426684953731117,-0.17075328950801127,-0.25609196065127343,-0.03916808551894824,-0.21002480451063654,-0.44712772940498824,-0.05287143511188619,-0.0796109622722091
BBY,Individual equity,,2020-2022,756,0.5079679386972754,0.11782676220371968,-0.32598462407328577,1.0308858868841435,0.2047636371489283,-0.18924655770660215,-0.230875469522899,-0.08678667902153503,-0.3888209330866491,-0.5229179481868681,-0.08693687494520863,-0.13673806636668362
BBY,Individual equity,,2023-present,917,0.35981185684793004,0.05982796901082854,-0.31015383560882326,0.6655733149324651,0.0900894693318679,-0.15569675208164002,-0.07590835832724246,-0.032780655324664565,-0.2724734932511178,-0.30576145808453503,-0.03026150032103936,-0.15445708352718324
BDX,Individual equity,,2016-2019,1006,0.27803821666367506,0.026404453068302525,-0.22417785173994387,0.9979994247644366,0.09348362179188885,-0.1268858517774245,-0.8437265098776305,-0.0679352431202711,-0.24486110766467284,-0.7199612081007616,-0.06707916872358632,-0.09729199996251936
BDX,Individual equity,,2020-2022,756,0.46991425032975165,0.07008251705019974,-0.16761077546260073,1.0955311688809917,0.11583886966270729,-0.06715129961822064,0.08788428495389322,0.0018730063984806478,-0.18839155965379828,-0.62561691855124,-0.045756352612507545,-0.10045947584438009
BDX,Individual equity,,2023-present,917,0.4459229224887598,0.06705767333307877,-0.23100186348143303,0.6476553597082223,0.06414382588580003,-0.09941499238390028,0.09272779783029234,0.0030462202825842777,-0.18394949550341777,-0.2017324372194625,0.002913847447278739,-0.13158687109753275
BEN,Individual equity,,2016-2019,1006,0.36215486113422746,0.04653452521852852,-0.18023786390417218,0.10530936908239075,0.005561248460652646,-0.1554284621044697,0.31245687358888585,0.03187326925958489,-0.18003680194484029,0.2568454920518367,0.040973276757875876,-0.02480940179970248
BEN,Individual equity,,2020-2022,756,0.6411497140012888,0.1464978188388717,-0.3482403581671979,0.8237413222359206,0.14704604079325545,-0.18360036755088038,0.07170173981235124,-0.005033439751484514,-0.28309468117748515,-0.18259160823463172,-0.0005482219543837541,-0.1646399906163175
BEN,Individual equity,,2023-present,917,1.2037943880274509,0.24732751668621344,-0.26308150268508235,1.2012784124389408,0.1738630211128258,-0.15151783097245386,0.49883992604308336,0.06258353338683809,-0.1817291932083719,0.002515975588510022,0.07346449557338763,-0.11156367171262849
BF.B,Individual equity,,2016-2019,1006,0.645810142704269,0.0719008023203116,-0.19182846783478513,1.2255364547779801,0.11429248432761896,-0.11833834489472483,-0.5731991536813715,-0.044820810083234575,-0.17100591044296198,-0.5797263120737112,-0.04239168200730736,-0.0734901229400603
BF.B,Individual equity,,2020-2022,756,0.2880962522147666,0.038049975934468794,-0.324225141843291,0.6211533017205545,0.0699926906201136,-0.14232324281512942,-0.06251343425507978,-0.021647734123268925,-0.34165110854689085,-0.3330570495057879,-0.0319427146856448,-0.18190189902816156
BF.B,Individual equity,,2023-present,917,0.5973419926169121,0.11576488312963873,-0.2521943122794005,-0.15968801455158718,-0.026382489473133264,-0.2153157233390426,0.7373051697391133,0.12979533541097465,-0.12492629147076861,0.7570300071684993,0.142147372602772,-0.03687858894035789
BG,Individual equity,,2016-2019,1006,-0.055431438905914523,-0.017644016257889028,-0.23703399838888195,0.22010187832240355,0.016570745566169442,-0.12321787583432864,-0.22418548738168131,-0.02885222615359684,-0.16186729989956727,-0.2755333172283181,-0.03421476182405847,-0.11381612255455331
BG,Individual equity,,2020-2022,756,1.1369798560716065,0.3069870522423255,-0.26924698883768816,1.4292816620858289,0.27313621172667046,-0.1658614809620792,0.16356412227453,0.01314711420966308,-0.322519478333783,-0.2923018060142224,0.03385084051565501,-0.10338550787560896
BG,Individual equity,,2023-present,917,0.18329719352453877,0.01659488227029904,-0.36131810983136115,0.3512853133020576,0.03570333836910167,-0.18329492389841762,0.03354249793313554,-0.002622386286711187,-0.25840059669558,-0.16798811977751882,-0.01910845609880263,-0.17802318593294353
BIDU,Individual equity,,2016-2019,1006,0.9453602934945162,0.2027255596116051,-0.16512202256371178,0.8214297576682326,0.1140013479323454,-0.08794148492356435,0.5815312357766556,0.09065387790751966,-0.15004580778897292,0.12393053582628366,0.0887242116792597,-0.07718053764014743
BIDU,Individual equity,,2020-2022,756,1.32875358205265,0.5704049861589784,-0.24534432257029992,1.0888743208446987,0.2822214449520417,-0.15254723855489816,0.7862045552556285,0.21384934696933122,-0.32911562518084125,0.23987926120795122,0.2881835412069367,-0.09279708401540177
BIDU,Individual equity,,2023-present,917,0.5068195474978325,0.11809311644413745,-0.3775911987373822,0.3879253098810805,0.06761858062500004,-0.35306013242119083,0.1772853675208648,0.014959058602475261,-0.2676897000230438,0.11889423761675205,0.05047453581913741,-0.024531066316191397
BIIB,Individual equity,,2016-2019,1006,0.5395741352499617,0.08390681421333857,-0.26193534740708857,0.7340973011242102,0.08545323935899751,-0.11900628870927621,-0.10037005191978181,-0.021859016885917182,-0.25080861003828914,-0.19452316587424856,-0.0015464251456589473,-0.14292905869781236
BIIB,Individual equity,,2020-2022,756,-0.23467640949685656,-0.0743141077686279,-0.3665965911546326,-0.40490264706081397,-0.06558937630132067,-0.31841131550362023,0.2065317833157089,0.021224436149662074,-0.20985180821923943,0.1702262375639574,-0.008724731467307234,-0.04818527565101238
BIIB,Individual equity,,2023-present,917,0.7667178519917174,0.1314520136770314,-0.29464903524760777,-0.26585180279733966,-0.0367970291556452,-0.23365331835504533,1.1829195224019111,0.17117680205104913,-0.14309858253050223,1.032569654789057,0.1682490428326766,-0.060995716892562446
BIL,Bond ETF,,2016-2019,1006,3.7753680410985018,0.009486701054050695,-0.001998999999999973,3.7753680410985018,0.009486701054050695,-0.001998999999999973,,0.0,0.0,0.0,0.0,0.0
BIL,Bond ETF,,2020-2022,756,1.5730234984692573,0.003528442563176082,-0.005470033965202625,2.1642990254233085,0.004024658815157789,-0.0039940040665937815,-0.3954090987687938,-0.0004942271563003198,-0.0014819488081750931,-0.5912755269540513,-0.000496216251981707,-0.0014760298986088438
BIL,Bond ETF,,2023-present,917,18.2338955729601,0.04575705021943999,-0.00025412960609905166,18.2338955729601,0.04575705021943999,-0.00025412960609905166,,0.0,0.0,0.0,0.0,0.0
BKNG,Individual equity,,2016-2019,1006,0.17012727550136605,0.013153005801930906,-0.22450186191364663,1.3338472149003238,0.12836852998950565,-0.10295131696132698,-1.0547598197206904,-0.0851826074832902,-0.31059217653443616,-1.1637199393989577,-0.11521552418757475,-0.12155054495231965
BKNG,Individual equity,,2020-2022,756,0.26052422413362786,0.03353277467145288,-0.39229412548955245,-0.27761555826628853,-0.06521072956418794,-0.3249742002826631,0.5503688026747899,0.1106744918097331,-0.2672840882176002,0.5381397823999163,0.09874350423564082,-0.06731992520688934
BKNG,Individual equity,,2023-present,917,1.3407089471914535,0.3066412049157712,-0.16198513711898954,1.4097359588944003,0.2525024566450984,-0.12171345834277403,0.4411600940009059,0.052102767436472464,-0.12020739327198016,-0.06902701170294678,0.054138748270672776,-0.040271678776215514
BKR,Individual equity,,2016-2019,628,1.150118542920726,0.25163323748837607,-0.14806464019395482,0.97159520958071,0.12830727327996816,-0.10090871598139017,0.783670658298424,0.12660608982075972,-0.15862523585267507,0.1785233333400159,0.12332596420840791,-0.04715592421256465
BKR,Individual equity,,2020-2022,756,1.083182731314836,0.47862842377218584,-0.3671393417344089,1.283537149384137,0.38343400477928924,-0.17554338134232828,0.39939640766012463,0.0819558608249975,-0.43491081889380123,-0.2003544180693011,0.0951944189928966,-0.1915959603920806
BKR,Individual equity,,2023-present,917,0.856234841163605,0.1659655352747469,-0.1653600225189561,1.2567472632650114,0.21064139059468223,-0.12816464706453057,-0.24739510063133804,-0.03690263332066479,-0.22218381802173315,-0.40051242210140636,-0.04467585531993534,-0.03719537545442553
BLDR,Individual equity,,2016-2019,1006,0.9426655616197093,0.24460803364963257,-0.20548190854413628,1.1462392139954907,0.2574500243918425,-0.25249938204310596,0.13325180097164324,0.007969391630372469,-0.22541580619020285,-0.2035736523757814,-0.01284199074220993,0.047017473498969675
BLDR,Individual equity,,2020-2022,756,0.5907589112095287,0.1774179080199021,-0.33486359746811156,0.9481693182847832,0.261557283337883,-0.23175258726680104,-0.11892932174541943,-0.09054289432579832,-0.5040926989736323,-0.3574104070752545,-0.08413937531798088,-0.10311101020131053
BLDR,Individual equity,,2023-present,917,1.4623701465750543,0.5156846650256826,-0.20099029050412165,0.8913538472115955,0.1712361103342952,-0.30199733756035374,1.1029874656685652,0.2787839668370373,-0.16946972524866755,0.5710162993634588,0.34444855469138735,0.10100704705623209
BLK,Individual equity,,2016-2019,1006,1.2676814046974556,0.19677492505052818,-0.13219136461560788,1.722143987669843,0.19857045810057827,-0.10592250398333158,0.007012830607215428,-0.004811370240505708,-0.11614430703283318,-0.4544625829723874,-0.001795533050050091,-0.026268860632276292
BLK,Individual equity,,2020-2022,756,1.8036628831669688,0.5509194323543369,-0.10964437233400515,1.6989670506896037,0.3183655835310195,-0.08741847263132874,0.9121057768525573,0.17639557018809793,-0.10696665051168874,0.10469583247736503,0.23255384882331742,-0.02222589970267641
BLK,Individual equity,,2023-present,917,0.8158949898022996,0.12239083807020101,-0.16918460631328613,1.063174348764246,0.1226655232641709,-0.13469615374330268,0.10690356391162804,0.005762829649513579,-0.12994187552547487,-0.24727935896194642,-0.00027468519396989244,-0.03448845256998345
BMY,Individual equity,,2016-2019,1006,1.2213214713679896,0.19246300694091412,-0.1500145041621549,1.2818756468481067,0.13904595857676183,-0.07791034308728495,0.5593211556483041,0.059027764683662554,-0.1407310813303767,-0.0605541754801171,0.053417048364152286,-0.07210416107486994
BMY,Individual equity,,2020-2022,756,0.5557148939116342,0.08060175812805959,-0.24772286308979774,0.8729802637306332,0.08180764029838494,-0.1094896769616549,0.05793415006378199,-0.001114691859628536,-0.21677934827047296,-0.317265369818999,-0.0012058821703253564,-0.13823318612814284
BMY,Individual equity,,2023-present,917,0.7229654929896038,0.13108083909149548,-0.20923462932027515,0.651476460533864,0.08983894555719951,-0.13018740577957455,0.3322801353664286,0.03613889286359573,-0.22080156503159554,0.07148903245573979,0.04124189353429597,-0.0790472235407006
BND,Bond ETF,,2016-2019,1006,0.9701029779456729,0.016647384774365115,-0.019072190166270486,0.8438328782582062,0.011958655426101528,-0.013384937433325472,0.48301884262847755,0.004633321058249651,-0.01521668965200218,0.12627009968746672,0.004688729348263587,-0.005687252732945014
BND,Bond ETF,,2020-2022,756,1.3142280101126713,0.0429711519578686,-0.020781989732471473,1.123216503593163,0.010995258991652435,-0.01067371801639394,1.021587321118173,0.03162813344753834,-0.020781989732471473,0.19101150651950838,0.03197589296621617,-0.010108271716077533
BND,Bond ETF,,2023-present,917,0.24579253514392563,0.005524458919811348,-0.03039119227613929,0.462939087277741,0.007918294214885213,-0.024742200839729334,-0.141657312966849,-0.0023750291157662584,-0.024191369732015078,-0.2171465521338154,-0.002393835295073865,-0.005648991436409956
BNDX,Bond ETF,,2016-2019,1006,0.8894134767048907,0.01126576186896533,-0.021734417443380782,1.1488893053949942,0.01263068241228571,-0.01530635855720297,-0.20928600362991565,-0.0013478957007991843,-0.008701044561281401,-0.25947582869010355,-0.0013649205433203804,-0.006428058886177812
BNDX,Bond ETF,,2020-2022,756,1.142221392006267,0.03328337234531631,-0.02344945370980689,0.2909635998560631,0.002266380272157642,-0.01893952149225253,1.1043256307341804,0.030946854732107454,-0.023449453709807,0.8512577921502038,0.031016992073158667,-0.004509932217554358
BNDX,Bond ETF,,2023-present,917,0.6928573489771503,0.012073594098400253,-0.02439628480018452,0.9428349226219097,0.014598557478678442,-0.024396284800183965,-0.29970439808097266,-0.0024886329294147025,-0.014643528192233801,-0.24997757364475937,-0.002524963380278189,-5.551115123125783e-16
BNO,Commodity ETF,,2016-2019,1006,0.8063975316554547,0.14944330969698272,-0.23280463178225164,0.877659790072329,0.1143852785749957,-0.13395607106755136,0.30776065564220884,0.03577607005853278,-0.16469309181724334,-0.07126225841687428,0.03505803112198702,-0.09884856071470027
BNO,Commodity ETF,,2020-2022,756,1.3282425570069927,0.4724860034684031,-0.32368133087010975,2.2675445751202044,0.5006542850463769,-0.1756042169354035,0.06206945485491285,-0.02090901054770844,-0.5507507048453679,-0.9393020181132117,-0.028168281577973797,-0.14807711393470624
BNO,Commodity ETF,,2023-present,917,0.8661981511044576,0.16687627806752037,-0.20387112340355928,1.2274338592753238,0.18763555027300405,-0.10751883879939905,0.016369821092016054,-0.007043417303517652,-0.21006624836865073,-0.36123570817086614,-0.02075927220548368,-0.09635228460416023
BNY,Individual equity,,2016-2019,1006,0.8546697302555075,0.10865997904748892,-0.0917582104461423,1.3727055312603922,0.14064137225716156,-0.07337638816530168,-0.26601655488561504,-0.0257468952760026,-0.16661326301926227,-0.5180358010048847,-0.03198139320967264,-0.01838182228084062
BNY,Individual equity,,2020-2022,756,0.635500553313551,0.15106319829167347,-0.24545654194432354,1.1070125906275352,0.15217553266573836,-0.10034830387770532,0.08647483322292404,-0.009721939564000248,-0.3780831908372234,-0.47151203731398417,-0.0011123343740648828,-0.1451082380666182
BNY,Individual equity,,2023-present,917,2.0949120760105804,0.3798624453073751,-0.13821834706636227,2.4915219201282444,0.3889988177488999,-0.08452154014444058,-0.021148885345769766,-0.005631476302290106,-0.14478852486107852,-0.396609844117664,-0.009136372441524765,-0.05369680692192169
BR,Individual equity,,2016-2019,1006,1.078225799297015,0.13982033079723655,-0.1492900818278251,1.6611671182869123,0.17053587038068008,-0.07486405922324724,-0.46574058605576646,-0.04348357690305271,-0.2246057746228639,-0.5829413189898973,-0.03071553958344353,-0.07442602260457787
BR,Individual equity,,2020-2022,756,0.7352155507925534,0.14825548134841493,-0.21114240756817204,1.0809832690869459,0.12674912453037268,-0.0706842081879,0.21677165235664947,0.023119435309397085,-0.2765079342988589,-0.34576771829439246,0.02150635681804225,-0.14045819938027204
BR,Individual equity,,2023-present,917,0.5344470479292684,0.07708891152648789,-0.2800171237285285,0.1661376423285551,0.012872489608108051,-0.33147969166913527,0.46038790196296503,0.04704985337772993,-0.1426950025552579,0.36830940560071335,0.06421642191837984,0.051462567940606774
BRK.B,Individual equity,,2016-2019,1006,0.7127768479492794,0.07156090457459752,-0.12649165003752572,1.2980986258158498,0.0989209056340341,-0.09019179010936007,-0.23895995639762865,-0.020806494078989712,-0.11151083793360661,-0.5853217778665704,-0.02736000105943659,-0.036299859928165645
BRK.B,Individual equity,,2020-2022,756,1.169925603324687,0.20766515989771994,-0.13794881346670784,1.384990506851837,0.16180740806524652,-0.06934192225034896,0.2537123071720899,0.025539998884093862,-0.21539722881406398,-0.21506490352715013,0.045857751832473426,-0.06860689121635888
BRK.B,Individual equity,,2023-present,917,0.23819317670229048,0.018846780580711986,-0.13855824539354644,0.6497147081395123,0.05237831775887636,-0.11059201204671332,-0.3739609046765933,-0.0236225721849751,-0.09065204690910922,-0.4115215314372218,-0.03353153717816437,-0.027966233346833125
BRO,Individual equity,,2016-2019,1006,1.2805529182197946,0.14034759307743316,-0.13918864907913797,1.4492227879496322,0.1422164413163165,-0.10746415582599422,0.03067628520044009,0.00023164649376994362,-0.07374860740858569,-0.16866986972983766,-0.001868848238883336,-0.03172449325314375
BRO,Individual equity,,2020-2022,756,0.5458537011134327,0.09242123016424886,-0.1906016687082478,1.1282813591007745,0.13521419634680254,-0.12214968523339143,-0.1539893008296527,-0.03756123596060812,-0.2731283749795609,-0.5824276579873419,-0.04279296618255368,-0.06845198347485637
BRO,Individual equity,,2023-present,917,0.6352109304853815,0.09792365219079735,-0.10732411705309441,1.018082986570717,0.10951045422596994,-0.09174973362298111,0.2889074581108468,0.030761685340752187,-0.1437219165205056,-0.3828720560853356,-0.011586802035172594,-0.015574383430113303
BSX,Individual equity,,2016-2019,1006,1.3417717609940911,0.2107440013704711,-0.20689770952593556,1.9150557074975507,0.24562781782332332,-0.0803368436410381,-0.4043737655253423,-0.041907545911336275,-0.2931169943777401,-0.5732839465034596,-0.03488381645285221,-0.12656086588489746
BSX,Individual equity,,2020-2022,756,0.37259896118681735,0.06276622426540013,-0.2572441615565024,-0.0008676361964028129,-0.011994657736065673,-0.17391649136574938,0.3257870702131544,0.04459429325240283,-0.24287583281723524,0.37346659738322013,0.0747608820014658,-0.08332767019075304
BSX,Individual equity,,2023-present,917,0.8938637725116387,0.15269015544623676,-0.23260194845341675,1.1141742486250232,0.12823384598620535,-0.13852991354497401,0.24265853572052043,0.02408612907983687,-0.16677554366181158,-0.2203104761133845,0.02445630946003141,-0.09407203490844274
BTC/USD,Bitcoin,Cross-asset,2020-2022,730,1.1001094700221452,0.3888704303098458,-0.2664446991612255,1.0597705963676487,0.25648643527424775,-0.22501532516871714,0.6063666032752002,0.13406139698602093,-0.29059716673836566,0.04033887365449651,0.13238399503559806,-0.041429373992508345
BTC/USD,Bitcoin,Cross-asset,2023-present,1338,0.911280200166606,0.20178640007510307,-0.19856719376544818,1.0426292139515172,0.17641020918005212,-0.13688533649532175,0.2204636698896674,0.022650145112147912,-0.33333851504632395,-0.13134901378491115,0.025376190895050943,-0.06168185727012643
BWXT,Individual equity,,2016-2019,1006,1.3762650152090923,0.19605464951805462,-0.09383478636134923,1.7845300131074846,0.18420065797707275,-0.09236247357618654,0.23443231149070937,0.018196245507568598,-0.10689114505967534,-0.4082649978983923,0.011853991540981879,-0.0014723127851626883
BWXT,Individual equity,,2020-2022,756,0.7469363894746037,0.14583963082214058,-0.30306031417477064,0.5674658651018283,0.07706273301095656,-0.20156319034368653,0.680251805670377,0.09891560100844887,-0.20360197841290617,0.17947052437277544,0.06877689781118401,-0.10149712383108411
BWXT,Individual equity,,2023-present,917,1.2772997951974112,0.31126010320080755,-0.25020835478750114,1.2762482160644661,0.23878389095315922,-0.22200608255290732,0.48437725490883815,0.06292532358226155,-0.15522836034827148,0.0010515791329450686,0.07247621224764833,-0.028202272234593817
BX,Individual equity,,2016-2019,1006,0.44290747902268046,0.0561558802308042,-0.20888699961127188,0.6910958962782221,0.0765538756119093,-0.20384794422645447,-0.12274302934713319,-0.015440845719987273,-0.14499477331557875,-0.24818841725554164,-0.020397995381105094,-0.005039055384817415
BX,Individual equity,,2020-2022,756,0.9449653207922113,0.2552069856105401,-0.32388765049899004,1.3760922077407896,0.2756438787517197,-0.18818368917272676,0.15009844399346284,0.009230765450974454,-0.27481663578736004,-0.43112688694857826,-0.02043689314117958,-0.13570396132626328
BX,Individual equity,,2023-present,917,1.6013918350375589,0.46425724802859314,-0.19100451036100452,1.4431672136303824,0.29612762402616855,-0.14416533664575615,0.806584388132158,0.13507377547991495,-0.14277352959828737,0.15822462140717652,0.1681296240024246,-0.04683917371524837
BXP,Individual equity,,2016-2019,1006,0.7448177421299723,0.08570952483575778,-0.12435721793366428,0.7274095915717781,0.0635655655181031,-0.08771930152810159,0.4250834151666219,0.03195122936779882,-0.1271877131367951,0.017408150558194224,0.02214395931765467,-0.03663791640556269
BXP,Individual equity,,2020-2022,756,0.5572092597573006,0.1318786130807672,-0.324911663164425,0.6033964850816047,0.07490800937419828,-0.10052645828913331,0.26128239719905216,0.035243362221955676,-0.42736899793830163,-0.04618722532430408,0.05697060370656892,-0.22438520487529168
BXP,Individual equity,,2023-present,917,0.9843269019936964,0.2488888885315974,-0.2641433422342636,1.3718155418566076,0.24207929702246855,-0.15862582642499745,0.10250052657746922,0.00044819789829131373,-0.4151099148620778,-0.38748863986291116,0.006809591509128854,-0.10551751580926616
C,Individual equity,,2016-2019,1006,0.6396335835034948,0.09069990833592367,-0.11973369808590029,0.9701829141730542,0.10833552099250365,-0.06553506525225072,-0.10727811063619093,-0.017376363668987427,-0.16796912535049358,-0.3305493306695595,-0.01763561265657998,-0.05419863283364956
C,Individual equity,,2020-2022,756,1.069373688590468,0.35474849498099337,-0.3383518637550238,0.6711865219303554,0.1090001911538856,-0.23991277557272206,0.8879357323018446,0.2388712545039291,-0.1797622499275151,0.39818716666011267,0.24574830382710777,-0.09843908818230174
C,Individual equity,,2023-present,917,1.0694700086207924,0.20728183644036569,-0.1398664325048693,1.3801776093930138,0.2031849162345325,-0.13026153997442214,0.1306426211554442,0.008679103906930052,-0.14369744882012192,-0.31070760077222137,0.004096920205833188,-0.009604892530447162
CAH,Individual equity,,2016-2019,1006,0.6704655007605343,0.10487344387755315,-0.1740550661757453,0.8317634239726508,0.09773041119345804,-0.09668670097134535,0.08682758994379361,0.003004672115609175,-0.19950630834755223,-0.16129792321211645,0.0071430326840951075,-0.07736836520439994
CAH,Individual equity,,2020-2022,756,0.5470631279603275,0.10269573221225192,-0.18152645794536892,0.8699352015793599,0.12798919033905087,-0.1185367409869883,-0.14124756926004955,-0.03908417313497736,-0.20482975845257834,-0.32287207361903236,-0.02529345812679895,-0.06298971695838063
CAH,Individual equity,,2023-present,917,1.2773973048279952,0.23250504753798995,-0.14578406258342058,1.697695336325552,0.2669489553266702,-0.07207867908227439,0.09229458247658522,0.004249456976503252,-0.16246031372733716,-0.42029803149755685,-0.03444390778868023,-0.0737053835011462
CARR,Individual equity,,2020-2022,692,1.3009882369976469,0.3289202625493064,-0.17778693034364035,1.8373946728514128,0.40197175388194273,-0.11339359482833178,-0.24693416755517128,-0.044347594672991764,-0.15438384034667696,-0.5364064358537659,-0.07305149133263633,-0.06439333551530857
CARR,Individual equity,,2023-present,917,0.7104929188741269,0.137851403454619,-0.21217572714107436,1.1453005067054651,0.17111288883104625,-0.09531149777978476,0.056568436339736725,-0.0035909800252902357,-0.2718781222190473,-0.4348075878313382,-0.03326148537642726,-0.1168642293612896
CASY,Individual equity,,2016-2019,1006,0.22061183757812036,0.021527262158850924,-0.21838658583409665,0.6051164692256279,0.0627710270992301,-0.14277529450005388,-0.15256437749780624,-0.018650144668970747,-0.20515265271290495,-0.38450463164750753,-0.04124376494037918,-0.07561129133404276
CASY,Individual equity,,2020-2022,756,-0.3252456363627438,-0.09194059673684107,-0.35953761745166024,0.6752032822573654,0.07616245390093979,-0.09702990135342915,-0.7785092527148544,-0.15420999364368648,-0.44171461424050296,-1.000448918620109,-0.16810305063778086,-0.2625077160982311
CASY,Individual equity,,2023-present,917,0.9633533568112953,0.1386098303166181,-0.10284770586316005,1.0900015565000043,0.139573800896589,-0.10023765001137475,0.02637084325289183,-0.0008504301953934368,-0.1135838672643299,-0.126648199688709,-0.0009639705799708853,-0.002610055851785309
CAT,Individual equity,,2016-2019,1006,1.2467520730781256,0.21829123998738886,-0.18769977551816652,1.497554121088842,0.2076272659675349,-0.11903960381501044,0.11536919634363339,0.006708766363809016,-0.17472216394019724,-0.25080204801071626,0.010663974019853972,-0.06866017170315608
CAT,Individual equity,,2020-2022,756,0.6757310831961792,0.13687166389136451,-0.20739694056960611,0.8313699636569315,0.13581932974645916,-0.1426470003932303,0.23517332071162322,0.02463050505480502,-0.1429051095238002,-0.15563888046075225,0.0010523341449053536,-0.06474994017637581
CAT,Individual equity,,2023-present,917,1.7228103561949073,0.44299679172484274,-0.1625119972068877,1.9528700493924365,0.443891277908957,-0.10564149515153165,0.11009483941700642,0.006123331130691634,-0.17220296232397259,-0.23005969319752917,-0.0008944861841142515,-0.05687050205535604
CB,Individual equity,,2016-2019,1006,-0.20763817581961713,-0.028327449965739104,-0.23544575678709334,0.22909639076473973,0.015468514290522428,-0.1475736116504105,-0.6524669679910171,-0.05050608986183669,-0.20027360296939511,-0.43673456658435683,-0.04379596425626153,-0.08787214513668284
CB,Individual equity,,2020-2022,756,0.6084875642318038,0.12943066106204504,-0.17936222799905754,0.7524230940004507,0.11293941500010063,-0.16089301435489622,0.11353119310641158,0.0031501566776170886,-0.24957249872526122,-0.14393552976864687,0.01649124606194441,-0.01846921364416132
CB,Individual equity,,2023-present,917,0.20731052329668442,0.018492554162609975,-0.12065388143872058,0.5009989405180676,0.04772740009672671,-0.09884931710304867,-0.469682801275321,-0.037496224186029825,-0.19510875486096968,-0.29368841722138317,-0.029234845934116738,-0.021804564335671905
CBOE,Individual equity,,2016-2019,1006,1.2157253037423221,0.150248301769774,-0.14148994106722146,1.6616815761035355,0.1708560073136729,-0.07904808110821349,-0.13221068847210496,-0.012814900270385898,-0.14230637638942278,-0.4459562723612134,-0.020607705543898902,-0.06244185995900797
CBOE,Individual equity,,2020-2022,756,0.1463503150257041,0.006169320591066674,-0.24984052068934315,0.2188563430198169,0.021473162727909,-0.10248376522282832,0.05790549713459732,-0.007875694622567986,-0.2803431232951681,-0.07250602799411282,-0.015303842136842327,-0.14735675546651483
CBOE,Individual equity,,2023-present,917,0.5140710343985027,0.07869732809036867,-0.2162321639610838,1.127449156498516,0.15970899648219916,-0.10035200077813544,-0.5038954375837856,-0.0628255107882999,-0.24660453193022225,-0.6133781221000134,-0.0810116683918305,-0.11588016318294836
CBRE,Individual equity,,2016-2019,1006,0.37153998994291215,0.05120084731020569,-0.22870674537285784,1.048862794826123,0.1318148062733393,-0.11868650846232853,-0.5745651297181855,-0.07561834907423926,-0.32403886680298744,-0.677322804883211,-0.08061395896313361,-0.11002023691052931
CBRE,Individual equity,,2020-2022,756,0.5323254585718667,0.11890930018328527,-0.2611664655346204,0.7397445590168358,0.11073929891118861,-0.16611307548534116,0.09862199645504169,-0.005289096788092973,-0.4174048687019133,-0.20741910044496903,0.00817000127209666,-0.09505339004927926
CBRE,Individual equity,,2023-present,917,0.8932793150845664,0.1614525659861652,-0.15197969035111702,0.8307167703954865,0.12168914908136852,-0.13269330566677306,0.7248904251046275,0.0805486745087649,-0.10094437248167032,0.06256254468907985,0.03976341690479668,-0.01928638468434396
CCEP,Individual equity,,2016-2019,1006,1.3445469190670472,0.25518823238642874,-0.09993926678750975,1.6098658453858978,0.1713533749995939,-0.056590102233855966,0.6177948258034839,0.08689071200967113,-0.0989523086639813,-0.2653189263188507,0.08383485738683483,-0.043349164553653785
CCEP,Individual equity,,2020-2022,756,0.4659600943857148,0.0849647507821174,-0.24837811367261953,0.4319557170987982,0.053029135073652034,-0.1550132498076785,0.15419313197949966,0.011543600898687778,-0.25397617322951116,0.034004377286916576,0.03193561570846537,-0.09336486386494103
CCEP,Individual equity,,2023-present,917,0.49030639609683224,0.05604415711471833,-0.16397112309707862,1.43551902937888,0.14745904086332562,-0.1057942495708647,-1.0382408647695216,-0.08361268378921938,-0.277159853669687,-0.9452126332820477,-0.09141488374860729,-0.058176873526213924
CCI,Individual equity,,2016-2019,1006,0.2617366988759519,0.02319068100805155,-0.19567481181749247,0.9512976513685167,0.07838769816939628,-0.0818943851853563,-0.5460983585620031,-0.04404005145502243,-0.18969212196418495,-0.6895609524925648,-0.05519701716134473,-0.11378042663213617
CCI,Individual equity,,2020-2022,756,0.6289426880299658,0.11599950871926445,-0.34065522706286444,0.3802147030988881,0.046085284434287166,-0.18771070775443055,0.6204383710680056,0.08811306052825651,-0.23157989302713966,0.24872798493107767,0.06991422428497729,-0.1529445193084339
CCI,Individual equity,,2023-present,917,0.4826302213227281,0.07669138671067355,-0.2526256280010958,-0.01486300286529477,-0.007194968517465816,-0.2045229979159927,0.6813745346189818,0.10067748915809482,-0.1086886581615546,0.4974932241880229,0.08388635522813936,-0.04810263008510307
CCL,Individual equity,,2016-2019,1006,0.6744786951067164,0.09771997447507541,-0.16283968957445072,0.8470323918860088,0.08522087281023683,-0.1135822808951773,0.09836965902928682,0.004734461248536048,-0.14936928765512303,-0.17255369677929233,0.012499101664838586,-0.04925740867927342
CCL,Individual equity,,2020-2022,756,0.7379888021907004,0.2962638522301968,-0.49283870370478633,-0.21936362612979857,-0.11351272219850184,-0.48559726390562485,0.8327040133298588,0.33803378063393485,-0.4889319110956887,0.9573524283204989,0.40977657442869864,-0.007241439799161475
CCL,Individual equity,,2023-present,917,1.1425474894095176,0.38684620061726127,-0.3259147045287919,1.2452940613713266,0.3202634924841581,-0.2383853194805533,0.46074883760982627,0.08576173436270085,-0.23614407640067425,-0.10274657196180903,0.06658270813310319,-0.0875293850482386
CDNS,Individual equity,,2016-2019,1006,1.341420568353627,0.21472241761924415,-0.15191069818131664,1.894163763866969,0.23052438854534096,-0.09414221223700148,-0.13818958772919285,-0.021201600242355623,-0.16679707665379895,-0.552743195513342,-0.01580197092609681,-0.05776848594431516
CDNS,Individual equity,,2020-2022,756,1.1544355433488305,0.3320289203406914,-0.30868089155004874,1.6341327358213997,0.34746866675429855,-0.20292765148065073,-0.03697197196996758,-0.02886341033714568,-0.192144051217345,-0.47969719247256926,-0.015439746413607125,-0.10575324006939801
CDNS,Individual equity,,2023-present,917,0.6262656427522413,0.1231743717730216,-0.21785013977097523,0.9790533039097195,0.16820519954919155,-0.1392070676299012,-0.3768985173074803,-0.06556992644862125,-0.2990261231792305,-0.35278766115747817,-0.04503082777616996,-0.07864307214107402
CDW,Individual equity,,2016-2019,1006,1.0570231657741727,0.16315843547861397,-0.15759153603816323,1.6166555267750242,0.22377220954474808,-0.09347257471454595,-0.32990911295220693,-0.03578117521084656,-0.20661928475441982,-0.5596323610008516,-0.06061377406613411,-0.06411896132361727
CDW,Individual equity,,2020-2022,756,0.8536346520840397,0.2163409303326589,-0.16357633473945243,0.9710204837806224,0.16105775236112385,-0.10635677151142797,0.334148408761442,0.0505492345125953,-0.24772773060903353,-0.11738583169658279,0.055283177971535036,-0.05721956322802446
CDW,Individual equity,,2023-present,917,0.1789765695744522,0.016229049969035403,-0.35215723717058744,0.260313764906682,0.024475076372583393,-0.20254718566015195,0.10546364068424567,0.004269153251410307,-0.18772321196074937,-0.0813371953322298,-0.00824602640354799,-0.1496100515104355
CEG,Individual equity,,2020-2022,230,0.8222551756158656,0.20062516831490163,-0.19988111680612808,1.2388538496392854,0.3243453947504398,-0.10963206484425014,-1.2072361709883757,-0.09341990913091935,-0.1199655614025632,-0.41659867402341977,-0.12372022643553815,-0.09024905196187794
CEG,Individual equity,,2023-present,917,0.9916429428686684,0.2953797559327427,-0.28962926226041275,1.3276279267260411,0.32834934017016093,-0.19030617248314707,-0.09487909107280006,-0.040109497711477315,-0.3109404764706708,-0.33598498385737274,-0.03296958423741825,-0.09932308977726567
CF,Individual equity,,2016-2019,1006,-0.12886155973026706,-0.06541200833992034,-0.4935154565203528,0.12410541969165902,0.004935201399699274,-0.2984154943355536,-0.40499964826950735,-0.08471392557645441,-0.3034370840316094,-0.2529669794219261,-0.07034720973961961,-0.1950999621847992
CF,Individual equity,,2020-2022,756,1.0105721220166823,0.33806300254510946,-0.4284111649940253,1.374062787155612,0.32244129580862957,-0.14451261282974026,0.15321444778903376,0.004978577667734019,-0.4570189223316721,-0.3634906651389296,0.01562170673647989,-0.28389855216428506
CF,Individual equity,,2023-present,917,0.28468679976948147,0.03962470716309041,-0.2652042373154705,0.49659549473472536,0.06988328397598842,-0.25036736559926864,-0.13961758621160222,-0.03439888134503111,-0.2710743296241336,-0.2119086949652439,-0.030258576812898008,-0.01483687171620185
CFG,Individual equity,,2016-2019,1006,1.0498949573685785,0.19262619629879407,-0.17544581332147435,1.4468654964747094,0.20269397734438832,-0.0855238505012258,-0.0433018087724435,-0.013425765943380852,-0.19177765008414493,-0.3969705391061309,-0.010067781045594248,-0.08992196282024856
CFG,Individual equity,,2020-2022,756,0.8080508696624394,0.27212258485817475,-0.33973928832368416,0.8958349448927285,0.18206304135861462,-0.1943643687899309,0.36867139195783133,0.07121005764732247,-0.3928675548171352,-0.08778407523028908,0.09005954349956014,-0.14537491953375326
CFG,Individual equity,,2023-present,917,1.2808274363823728,0.3233983793166073,-0.22425638193438946,1.450583836016852,0.2567729167971087,-0.11017330687397642,0.43499192828853606,0.0636297306560234,-0.2148429614199877,-0.16975639963447908,0.06662546251949863,-0.11408307506041304
CHD,Individual equity,,2016-2019,1006,0.7197735080651299,0.08329243316881074,-0.16756399999996963,1.2883330697311666,0.1286553049358854,-0.09127378565261357,-0.49131433822173437,-0.03733404732971757,-0.20298431250207305,-0.5685595616660367,-0.04536287176707465,-0.07629021434735606
CHD,Individual equity,,2020-2022,756,1.5433579935538826,0.25674723298488544,-0.1243306382025191,1.5867722254480168,0.1979692251501899,-0.08109777216884007,0.36596923175291307,0.03357033811531185,-0.20640624144140463,-0.04341423189413418,0.058778007834695556,-0.04323286603367904
CHD,Individual equity,,2023-present,917,0.6408619522800109,0.07902541660918194,-0.1245150513785479,0.6436795530781622,0.05777715509694059,-0.10643269753500428,0.06583674344188814,0.0017648592583894285,-0.11976257186485983,-0.0028176007981512985,0.02124826151224135,-0.01808235384354362
CHRW,Individual equity,,2016-2019,1006,0.591564414705973,0.0654418736026241,-0.17024373023178418,1.0917895232665713,0.10432881916845571,-0.07238373636285067,-0.39551291890262213,-0.03375585601222797,-0.15813131084006782,-0.5002251085605983,-0.03888694556583161,-0.09785999386893351
CHRW,Individual equity,,2020-2022,756,1.093863116425928,0.2103200804362788,-0.16422649612438056,1.271587869989,0.16606985221411907,-0.10096353474599074,0.3308642109481463,0.03794817963789976,-0.17226028109048963,-0.17772475356307194,0.04425022822215974,-0.06326296137838983
CHRW,Individual equity,,2023-present,917,0.07606717979483081,-0.003965866439200605,-0.22892446103546893,0.5657489683090138,0.06479133117074376,-0.15529023472931125,0.019318490480642186,-0.009308479610205644,-0.20698634548749606,-0.489681788514183,-0.06875719760994436,-0.07363422630615768
CHTR,Individual equity,,2016-2019,1006,1.2865836771337364,0.24335725894525106,-0.13916881125135072,1.356580009937462,0.19340028725060354,-0.11361967846164966,0.3605167674151488,0.036987387607829936,-0.1862225117214148,-0.06999633280372564,0.04995697169464752,-0.025549132789701057
CHTR,Individual equity,,2020-2022,756,0.7458691870481814,0.1643097992043363,-0.1971699134189513,0.3842687823207532,0.041105129810132146,-0.17518314569100968,0.5402819749324077,0.09723822055721798,-0.18744256071956056,0.3616004047274282,0.12320466939420416,-0.021986767727941614
CHTR,Individual equity,,2023-present,917,0.9437224468165374,0.23428880067817648,-0.16840984041360396,0.6943609026905712,0.09453170252823018,-0.10906405684285014,0.6144689824846582,0.11571936079333645,-0.27132184749939514,0.24936154412596623,0.1397570981499463,-0.05934578357075382
CI,Individual equity,,2016-2019,1006,0.5397134417965623,0.08110034684097478,-0.1882223500138287,0.7914470935728701,0.08085863351070444,-0.12536893484217448,0.10382629247714471,0.00503153801269951,-0.21578536344670052,-0.2517336517763078,0.00024171333027034336,-0.06285341517165421
CI,Individual equity,,2020-2022,756,0.34591566125190887,0.056044781799283516,-0.22305960535817704,0.633590780715356,0.09185101247252181,-0.14378861372902285,-0.07590987832440171,-0.030854709530281466,-0.2697860242240865,-0.28767511946344715,-0.03580623067323829,-0.07927099162915419
CI,Individual equity,,2023-present,917,0.25013496923807516,0.028144415039545123,-0.38498133186963657,0.42499846220933235,0.040369844888905826,-0.21799894841765066,-0.06878511982013696,-0.017720853948313464,-0.29145433027303425,-0.1748634929712572,-0.012225429849360703,-0.1669823834519859
CIBR,Thematic/industry ETF,,2016-2019,1006,0.2729414673383508,0.02454264348093793,-0.15928205634685177,0.6410614814975512,0.05195987387215273,-0.1202109469286392,-0.16099009618874754,-0.01507542853579169,-0.1287731745797578,-0.36812001415920037,-0.027417230391214797,-0.03907110941821257
CIBR,Thematic/industry ETF,,2020-2022,756,0.6216053818418661,0.11987351244741817,-0.30106200305312736,0.46377668585563736,0.05475638767496882,-0.23625899673505235,0.46688208200368025,0.06931882757851837,-0.1990497977554554,0.15782869598622873,0.06511712477244935,-0.06480300631807501
CIBR,Thematic/industry ETF,,2023-present,917,0.5694186714477429,0.07977040574623584,-0.22311093996302822,1.326321247539469,0.1775622764398601,-0.09374056910641326,-1.0014283970449014,-0.08949312445976432,-0.31394011649463116,-0.7569025760917261,-0.09779187069362427,-0.12937037085661496
CIEN,Individual equity,,2016-2019,1006,0.2924906148168163,0.040445232388616414,-0.22040490238511456,0.34951971819033706,0.04163728585304516,-0.24122278257356977,-0.09602539042616717,-0.026826531659772335,-0.2015773049066728,-0.05702910337352074,-0.001192053464428744,0.020817880188455207
CIEN,Individual equity,,2020-2022,756,1.1107743805354626,0.30199382226478755,-0.15266001973351506,0.967457532934307,0.18630916621837135,-0.1412589219895417,0.6198764479638136,0.10501876115716735,-0.1802607783011403,0.1433168476011556,0.1156846560464162,-0.011401097743973354
CIEN,Individual equity,,2023-present,917,1.5102304669628503,0.5482765253479696,-0.17009438399058352,1.6393106058906994,0.4690485278776877,-0.16328057885794134,0.2561595455677708,0.03215517915358168,-0.24694341576686152,-0.1290801389278491,0.07922799747028186,-0.006813805132642181
CINF,Individual equity,,2016-2019,1006,0.6078170380933781,0.06592230729094117,-0.16627254862049234,1.0642587637205478,0.09725140920942232,-0.08021278135990195,-0.5049561159552638,-0.03980466454761444,-0.1913376815121519,-0.4564417256271698,-0.03132910191848115,-0.08605976726059039
CINF,Individual equity,,2020-2022,756,0.28378101495425434,0.04028180803412096,-0.3121938589449287,0.3369065226883113,0.04285875592531352,-0.2053022383169868,0.12459344570178724,-0.0025106876761720187,-0.3464141552689435,-0.05312550773405694,-0.0025769478911925603,-0.10689162062794189
CINF,Individual equity,,2023-present,917,0.2445254698882774,0.02657168941147625,-0.21395634136421726,0.8596975641143013,0.09837476313676952,-0.07893777309025807,-0.6180217813854103,-0.06968951474709417,-0.2583893023849426,-0.6151720942260239,-0.07180307372529326,-0.1350185682739592
CL,Individual equity,,2016-2019,1006,0.3887306457297518,0.037119658393230504,-0.11560126614226274,0.37512705368870264,0.027633935043340774,-0.08610081985800655,0.07488727001319588,0.002808620267352513,-0.11276303943786947,0.013603592041049162,0.00948572334988973,-0.029500446284256188
CL,Individual equity,,2020-2022,756,0.3661389932383687,0.05058191313664251,-0.3169237367698632,0.7582046889575802,0.0756098959294329,-0.10018885383754272,-0.07889130736854338,-0.022627096081330178,-0.2602751936260519,-0.3920656957192115,-0.025027982792790393,-0.21673488293232046
CL,Individual equity,,2023-present,917,0.8462026590686772,0.10818841992630857,-0.1509548803362265,1.1949393890229498,0.11790097099435859,-0.08678145808428084,0.15058202392211556,0.009769202944174271,-0.11328099971406158,-0.34873672995427263,-0.009712551068050024,-0.06417342225194567
CLX,Individual equity,,2016-2019,1006,0.9817010318198739,0.11889643852203724,-0.10452625882985045,1.45410146542066,0.13385636256342126,-0.04817816910084938,-0.1468654181710693,-0.018235379138863972,-0.12380619537513216,-0.4724004336007862,-0.01495992404138402,-0.05634808972900107
CLX,Individual equity,,2020-2022,756,0.1635426534323989,0.013662891403111832,-0.29672278540437014,-0.19047133574756045,-0.026089643583180666,-0.18396181595181094,0.2552182102344759,0.027008301119498146,-0.21527700735380106,0.35401398917995935,0.0397525349862925,-0.1127609694525592
CLX,Individual equity,,2023-present,917,1.2258758237166067,0.21554221206747148,-0.17234742500981992,0.6683444661681147,0.06781131534435914,-0.1150864074029615,0.8666371541794289,0.11656476898626633,-0.1014932692253484,0.557531357548492,0.14773089672311235,-0.05726101760685842
CMCSA,Individual equity,,2016-2019,1006,0.6774796494161235,0.09492550875323436,-0.12969453879801296,0.7245063029802955,0.07431957314719106,-0.0998598554351654,0.2639143044787764,0.02280977294768305,-0.11307878744896271,-0.047026653564172016,0.02060593560604329,-0.02983468336284756
CMCSA,Individual equity,,2020-2022,756,0.4258208776653502,0.06481885599347859,-0.19711394472151278,1.1714685423238926,0.11884525189569839,-0.10043180210730507,-0.16234429298014136,-0.038649528392885046,-0.28833279473503404,-0.7456476646585424,-0.054026395902219804,-0.09668214261420771
CMCSA,Individual equity,,2023-present,917,0.622021033046462,0.08859577324142709,-0.17861586967804566,0.5229759212854559,0.05693286949456655,-0.11424088154626422,0.3389450921236409,0.03193653370865612,-0.17231089601499272,0.09904511176100605,0.03166290374686054,-0.06437498813178144
CME,Individual equity,,2016-2019,1006,0.637929186237059,0.07157717547515063,-0.15294650316684166,1.243654094795719,0.12976545721334154,-0.07763661474815153,-0.7704224110244935,-0.054377164428047076,-0.2254952092963134,-0.6057249085586601,-0.058188281738190906,-0.07530988841869013
CME,Individual equity,,2020-2022,756,0.2918228215978855,0.04396767867191986,-0.2684122635961108,-0.02329823398990724,-0.012484749887528235,-0.16576659842547425,0.3146388037570023,0.04780374860351211,-0.19313374745017287,0.3151210555877927,0.0564524285594481,-0.10264566517063656
CME,Individual equity,,2023-present,917,0.5557681965345831,0.06674738877218966,-0.18616881209293024,0.8877272576038738,0.09029317853520125,-0.14680830662971467,-0.3010762318833535,-0.027870178966319936,-0.17740010921187832,-0.33195906106929074,-0.023545789763011582,-0.03936050546321557
CMG,Individual equity,,2016-2019,1006,1.3912472083344667,0.3053268187889897,-0.24254915920724418,1.3300051194325586,0.19753434903719724,-0.09752423077822492,0.4922571331482328,0.06715388074921202,-0.20889192946847657,0.061242088901908076,0.10779246975179246,-0.14502492842901926
CMG,Individual equity,,2020-2022,756,1.017589929600233,0.2843862747561914,-0.2823155588047981,1.2143481798149556,0.24365343557376984,-0.17801618567247535,0.35710394617717817,0.05461420113645232,-0.23678983787989893,-0.19675825021472249,0.04073283918242154,-0.10429937313232274
CMG,Individual equity,,2023-present,917,1.3327993200340063,0.2946604508149391,-0.14143311511956402,1.4151339150579305,0.2147814454770578,-0.10831589685150955,0.49835851482638704,0.06741548751670923,-0.13290234166736825,-0.08233459502392426,0.07987900533788128,-0.03311721826805447
CMI,Individual equity,,2016-2019,1006,0.9992690061270708,0.15706012553113746,-0.15600895256627922,1.3417802060482706,0.1680164004639726,-0.12667752113633712,0.10249176946614795,0.005290870229355704,-0.15102496590396897,-0.3425111999211998,-0.01095627493283513,-0.0293314314299421
CMI,Individual equity,,2020-2022,756,0.7873423300196797,0.16696831811296153,-0.2746846946722751,0.833191494634776,0.12624101703792978,-0.13008204679431712,0.36217022578953,0.04793107987244993,-0.25756423680398455,-0.04584916461509636,0.04072730107503175,-0.14460264787795796
CMI,Individual equity,,2023-present,917,0.9659155313682429,0.18306262041475452,-0.19474112713326908,1.2241052292583703,0.2023393386391703,-0.15748636772744085,-0.2580413120802154,-0.03343183539702177,-0.19524053907436745,-0.25818969789012736,-0.01927671822441579,-0.03725475940582823
CMS,Individual equity,,2016-2019,1006,0.6703240161040714,0.07001931591986699,-0.11700487714929764,0.9853705625501871,0.08606647702537518,-0.07265776646721556,-0.16281201701296735,-0.013216227859349283,-0.13769632886534766,-0.3150465464461156,-0.01604716110550819,-0.04434711068208208
CMS,Individual equity,,2020-2022,756,0.6893749536284067,0.10727304304638263,-0.20332704823308057,1.164875750493021,0.12711909497426044,-0.08405145571535233,-0.15209782297924235,-0.028410969167706135,-0.28075929603110317,-0.4755007968646142,-0.019846051927877806,-0.11927559251772824
CMS,Individual equity,,2023-present,917,0.07156204705425648,0.0015810602908779003,-0.16533601743787119,0.6054551822021533,0.05100311821512138,-0.07071976735730956,-0.6959467381505465,-0.05700292673746721,-0.26258200990526515,-0.5338931351478968,-0.04942205792424348,-0.09461625008056163
CNC,Individual equity,,2016-2019,1006,0.9498384729788079,0.1808995458481546,-0.18856175397301544,1.2284105502002023,0.1815762262085976,-0.14535576515059523,-0.035167989929184275,-0.013238141661862102,-0.23896745951270193,-0.27857207722139443,-0.0006766803604429938,-0.043205988822420216
CNC,Individual equity,,2020-2022,756,0.226594596896551,0.025935208459931802,-0.3358011720209825,0.10114475898359261,0.0030075212358011694,-0.22837821823432547,0.1702435498597058,0.013883781322844069,-0.221117342757723,0.12544983791295838,0.022927687224130633,-0.107422953786657
CNC,Individual equity,,2023-present,917,0.9185887519869003,0.2063130946530849,-0.15333359670771451,1.0330159046001477,0.1619669680259741,-0.10579686956716261,0.4183848636582248,0.059821359335211044,-0.1647830023185468,-0.11442715261324743,0.04434612662711079,-0.047536727140551904
CNP,Individual equity,,2016-2019,1006,0.5704019765258568,0.059065613847745446,-0.16331796852886538,1.0872641594971941,0.10326434668016393,-0.10652501699268258,-0.6802690220829835,-0.041480704930286216,-0.1741523866690855,-0.5168621829713373,-0.044198732832418486,-0.0567929515361828
CNP,Individual equity,,2020-2022,756,0.7071110470734028,0.1823827978189787,-0.25847556955970385,0.853060472759884,0.15650827490262276,-0.1468980079508605,0.21040143986701357,0.022372968250949254,-0.2873568384237414,-0.14594942568648117,0.025874522916355946,-0.11157756160884336
CNP,Individual equity,,2023-present,917,0.4530823706096619,0.0545538666097245,-0.0994954844618533,0.9254589671866448,0.09627378712511425,-0.06065214455563328,-0.34991265897385626,-0.03525663139728186,-0.19858490314673727,-0.4723765965769829,-0.04171992051538975,-0.03884333990622002
COF,Individual equity,,2016-2019,1006,0.5614138897925397,0.07918817019533986,-0.17512944363704708,0.7849993836641359,0.08541419219957969,-0.11585822325175099,-0.03817285894397279,-0.010348047776616243,-0.16306129680227222,-0.2235854938715962,-0.006226022004239828,-0.059271220385296086
COF,Individual equity,,2020-2022,756,0.34561856930497936,0.06243049754457175,-0.3794421171446911,0.34142587367356886,0.05290935069960234,-0.25610019815202834,0.41890521562949334,0.08657755504693543,-0.30236774241941056,0.0041926956314105035,0.009521146844969408,-0.12334191899266278
COF,Individual equity,,2023-present,917,0.6189641103880095,0.11816660687888447,-0.17375969109414147,0.9661300925967178,0.1565578625510866,-0.11749852315014009,-0.05876385204102143,-0.019382759046033482,-0.26269429763135166,-0.3471659822087083,-0.03839125567220214,-0.05626116794400138
COHR,Individual equity,,2016-2019,1006,0.292832302317927,0.04314032102533738,-0.3596121685529835,1.2086378768419153,0.19949790279656354,-0.1338779183080443,-0.4452743943074514,-0.1047817317301768,-0.38430619256281795,-0.9158055745239883,-0.15635758177122616,-0.2257342502449392
COHR,Individual equity,,2020-2022,756,0.8474584631996804,0.2947654586188668,-0.44574247847219506,0.6102709798381044,0.1303011977016313,-0.40015876085063695,0.48280839655581576,0.10830817816250637,-0.26324994390763445,0.23718748336157602,0.16446426091723554,-0.045583717621558106
COHR,Individual equity,,2023-present,917,0.9730086744183597,0.3879560724115605,-0.35889818388492667,1.3023466544976725,0.4730780314835086,-0.270075819671872,-0.14212161102130588,-0.0734481696244964,-0.4100498874868338,-0.3293379800793128,-0.08512195907194808,-0.08882236421305467
COIN,Individual equity,,2020-2022,434,1.0271042118401799,0.5835190453201573,-0.5226522211287733,0.6447968210135183,0.1232330629016789,-0.1948640716574047,0.9825091063378247,0.5239892103174906,-0.4629771301896234,0.38230739082666154,0.4602859824184784,-0.3277881494713686
COIN,Individual equity,,2023-present,917,0.8565720110032747,0.3900260221193239,-0.40159894169786214,1.3063269161959628,0.5701997523849551,-0.3025670074472274,-0.2561576155936167,-0.18045322019079213,-0.6753602627869433,-0.449754905192688,-0.18017373026563122,-0.09903193425063472
COO,Individual equity,,2016-2019,1006,0.5047286854865292,0.06180882176580127,-0.24600571043119757,1.2340286196586876,0.11875911632905223,-0.1083760249230391,-0.7281463910289434,-0.07738769294623093,-0.3832883748729625,-0.7292999341721584,-0.05695029456325096,-0.13762968550815846
COO,Individual equity,,2020-2022,756,0.8140307224003133,0.1618740493068116,-0.14590308023748866,0.8984287720887927,0.11590208463398954,-0.09452959474565936,0.25485011668956314,0.029204214871319856,-0.18008836596462263,-0.08439804968847942,0.04597196467282205,-0.051373485491829296
COO,Individual equity,,2023-present,917,0.6276477385234922,0.1083230957751613,-0.24337343295797054,0.4879257145824257,0.05246278770894697,-0.19457288059142253,0.4496869294895607,0.0610845691605435,-0.19783315865597517,0.13972202394106653,0.05586030806621434,-0.04880055236654801
COP,Individual equity,,2016-2019,1006,0.655953254116575,0.11914999729017817,-0.23172530504920086,0.9237922602582912,0.14329816600723788,-0.21337877512063186,-0.2679919094187766,-0.0419012507167853,-0.2498842813618669,-0.2678390061417162,-0.024148168717059715,-0.018346529928569
COP,Individual equity,,2020-2022,756,1.4325213305491085,0.5593897614968164,-0.15961200702032718,1.8451979468478523,0.48976585601040634,-0.1234777927296905,0.36531583990969724,0.06497818252978904,-0.26586081781363347,-0.41267661629874386,0.06962390548641006,-0.03613421429063668
COP,Individual equity,,2023-present,917,0.4084358269790992,0.057377642378121596,-0.22249414974352588,0.41378399795597237,0.041705857674109614,-0.20888831154393073,0.24473265118522983,0.023833507960082434,-0.14129696729423957,-0.005348170976873179,0.015671784704011982,-0.013605838199595155
COPX,Thematic/industry ETF,,2016-2019,1006,1.2461872311180373,0.27805294518655055,-0.22781089581280434,1.460269744703242,0.25205276673386035,-0.13463005660494265,0.225899496780405,0.022288765307042935,-0.2081460672959461,-0.2140825135852047,0.026000178452690204,-0.09318083920786169
COPX,Thematic/industry ETF,,2020-2022,756,1.657763869187214,0.6500181878591238,-0.24772750610100336,2.0146615991080075,0.4815043399776895,-0.10787916530537023,0.5944667896520401,0.13174844101445182,-0.3545013834276236,-0.3568977299207934,0.1685138478814343,-0.13984834079563313
COPX,Thematic/industry ETF,,2023-present,917,0.9896285107572331,0.2464940832020086,-0.29707213249610775,1.6565606082629467,0.3133754681386842,-0.1485477975427545,-0.18379614083869272,-0.05092327865043722,-0.23828511351159032,-0.6669320975057136,-0.06688138493667561,-0.14852433495335327
COR,Individual equity,,2016-2019,1006,0.9698946385359627,0.15962910200771918,-0.17744420819923423,1.2667049465946147,0.15827922298608144,-0.10487159503691124,0.04068132445081974,-0.0019259689007224967,-0.19190211691408765,-0.29681030805865205,0.0013498790216377454,-0.072572613162323
COR,Individual equity,,2020-2022,756,-0.09491570731147751,-0.03453093994813583,-0.3275504037399015,0.9358922673147629,0.1315179911021207,-0.12740720008342876,-0.9354903492673107,-0.1232805582592974,-0.3376792695828219,-1.0308079746262404,-0.16604893105025653,-0.20014320365647276
COR,Individual equity,,2023-present,917,1.3871785161525039,0.24268329622025986,-0.0974780628538009,1.490507166115279,0.17707193649081265,-0.1166601517975353,0.500689590142324,0.05545093129397838,-0.09844814911949584,-0.10332864996277502,0.0656113597294472,0.01918208894373441
COST,Individual equity,,2016-2019,1006,1.8360370442576175,0.23482279857230082,-0.09804288512027692,2.2651885688978335,0.22824891167284544,-0.053020991191839895,0.2095421026816786,0.01308758098589835,-0.15614475944707995,-0.429151524640216,0.006573886899455372,-0.04502189392843703
COST,Individual equity,,2020-2022,756,1.8710942558692332,0.36738701863434375,-0.10589558624488404,1.7405774715013422,0.2389408505743118,-0.09496814391412434,0.9746268013456607,0.12287220492347184,-0.08102326542191196,0.13051678436789094,0.12844616806003195,-0.010927442330759707
COST,Individual equity,,2023-present,917,1.202299110350513,0.16080401378138642,-0.1279666269953501,1.7267941598464576,0.1930069665112939,-0.0689942967787186,-0.20660116133718567,-0.019221748210959677,-0.1268569231067581,-0.5244950494959446,-0.032202952729907475,-0.05897233021663151
CPAY,Individual equity,,2016-2019,1006,0.7961085831981841,0.11795664929350735,-0.16018752708747075,1.2468767480316696,0.16510130934779732,-0.1237831852568545,-0.4176222961133995,-0.041405133222538804,-0.17247919390397004,-0.4507681648334855,-0.047144660054289966,-0.03640434183061625
CPAY,Individual equity,,2020-2022,756,-0.23881901272676784,-0.08052061425614931,-0.4254899443740784,-0.24107070316010415,-0.03742455723094751,-0.2577626709542975,-0.06495930862153111,-0.032470707988937475,-0.29150075385334007,0.002251690433336312,-0.043096057025201806,-0.1677272734197809
CPAY,Individual equity,,2023-present,917,1.0702862224131178,0.20653326338549438,-0.18700075619111245,1.0289336946260013,0.14672193749079532,-0.12443216515023903,0.3893788635270099,0.04472247778734739,-0.10907256810963217,0.04135252778711651,0.05981132589469906,-0.06256859104087342
CPER,Commodity ETF,,2016-2019,1006,0.4908093051558198,0.05135063450059385,-0.12271910541067144,0.7596744278201012,0.06586825705387511,-0.13343747061779165,-0.18710455463051257,-0.01632867220123746,-0.183010354524479,-0.2688651226642814,-0.014517622553281262,0.010718365207120217
CPER,Commodity ETF,,2020-2022,756,1.0467043285714346,0.17731871510876918,-0.17132963133845613,0.9146653970903603,0.11070248295645158,-0.1633770324027165,0.4428032969594999,0.04900748023915069,-0.1718510646084801,0.13203893148107426,0.0666162321523176,-0.00795259893573963
CPER,Commodity ETF,,2023-present,917,0.780884200026963,0.11508931537428735,-0.18350930268727172,1.1431190253388877,0.13232820863264627,-0.10692438740012211,-0.04380823255497463,-0.010030952268367144,-0.13387423191964976,-0.36223482531192464,-0.017238893258358923,-0.07658491528714961
CPRT,Individual equity,,2016-2019,1006,1.5206497091300644,0.2581182657483956,-0.20146880116861643,1.9516177474373173,0.2881061338701698,-0.09367511852774957,-0.3326935429535298,-0.031864071511323644,-0.1684350459193299,-0.43096803830725294,-0.02998786812177423,-0.10779368264086686
CPRT,Individual equity,,2020-2022,756,0.8928130363008082,0.22232703817765676,-0.24663914843414614,1.6401095286632736,0.25285957225858136,-0.10511051701772134,0.1004062058532255,-0.003248620211698361,-0.3574915403964498,-0.7472964923624654,-0.0305325340809246,-0.1415286314164248
CPRT,Individual equity,,2023-present,917,0.6519289089074762,0.10083870325365618,-0.17252940443325548,0.5311714697132537,0.056289610115893396,-0.14683032143025954,0.3965938742159027,0.04333513429976055,-0.14561543733146987,0.12075743919422255,0.044549093137762785,-0.02569908300299595
CPT,Individual equity,,2016-2019,1006,-0.16731549598296713,-0.025569454762895072,-0.21345596228850794,0.4423300670481097,0.03459252617561814,-0.0945128752485086,-0.7994176870547085,-0.06397241265983922,-0.2548870531393046,-0.6096455630310769,-0.060161980938513215,-0.11894308703999934
CPT,Individual equity,,2020-2022,756,0.6716411899693239,0.13210590753731521,-0.27686022782520947,0.7152894546275693,0.08892577688568681,-0.19026769708929325,0.34149766721103564,0.046108965296284055,-0.25769867431361826,-0.04364826465824545,0.0431801306516284,-0.08659253073591622
CPT,Individual equity,,2023-present,917,0.5459122507401203,0.07610412907594566,-0.16761543939110135,0.30911876302587754,0.027924115306501518,-0.12770472561260737,0.45891733185640005,0.0468711776015458,-0.10663661698827431,0.23679348771424275,0.04818001376944414,-0.03991071377849398
CRDO,Individual equity,,2020-2022,234,0.9297737932629102,0.3851988159401125,-0.24991611828789184,0.32036215138834184,0.0526411379390308,-0.1355311355311355,0.9599495759537778,0.31592692515532383,-0.1812411598458915,0.6094116418745683,0.3325576780010817,-0.11438498275675635
CRDO,Individual equity,,2023-present,917,0.8130217013767577,0.37212664472087975,-0.499374494230442,1.3850574359354497,0.7214643088236945,-0.24049430389884352,-0.4272567838103205,-0.22074521783041479,-0.6903840362826675,-0.572035734558692,-0.34933766410281475,-0.2588801903315985
CRH,Individual equity,,2016-2019,1006,1.1790423303694815,0.1553933246758059,-0.16052873573433868,1.7362466927398417,0.17339722444963646,-0.05331426266875572,-0.06501151721265334,-0.009686916187791383,-0.21406121066305062,-0.5572043623703602,-0.018003899773830545,-0.10721447306558296
CRH,Individual equity,,2020-2022,756,0.24625028337357774,0.031876763817654696,-0.4055095475078817,-0.03992617193271182,-0.019937583133932457,-0.2262107901637771,0.4285304718614323,0.0711051984285338,-0.26287751418773275,0.28617645530628955,0.051814346951587154,-0.1792987573441046
CRH,Individual equity,,2023-present,917,0.7928386271005093,0.15072651362767697,-0.1400472216860501,0.7731778356770463,0.11622162972831118,-0.15612807620525937,0.35037468637978514,0.03724859420643978,-0.11371783525955537,0.019660791423462998,0.03450488389936579,0.016080854519209264
CRL,Individual equity,,2016-2019,1006,0.5335669330663295,0.08011055525843802,-0.24225331559632723,0.7199751130214134,0.08462942836836618,-0.14590673965044787,-0.02736073303061365,-0.010579005052025137,-0.20109366266992057,-0.18640817995508385,-0.0045188731099281565,-0.09634657594587936
CRL,Individual equity,,2020-2022,756,0.961451246750893,0.2747099254656773,-0.19622943378592728,1.5270710084310222,0.26821109627758344,-0.12669086583260725,0.1325633470478801,0.002442265851012815,-0.27413072461358035,-0.5656197616801292,0.006498829188093858,-0.06953856795332003
CRL,Individual equity,,2023-present,917,1.0415628315192298,0.2612354389939042,-0.25006594010345373,1.213663568965155,0.24231828601031058,-0.1606126389244339,0.31362875396008344,0.040552406970590926,-0.2172611710186627,-0.17210073744592513,0.018917152983593644,-0.08945330117901984
CRM,Individual equity,,2016-2019,1006,0.47403437467549225,0.06386264546484677,-0.2845315607872888,0.9853808315939794,0.120308691387635,-0.17614491606013172,-0.46686961622469614,-0.049800411824945656,-0.2608212785013254,-0.5113464569184871,-0.056446045922788235,-0.10838664472715709
CRM,Individual equity,,2020-2022,756,0.2760037751406997,0.03904331423367635,-0.24241570070963547,-0.06885237282076712,-0.024415761032628658,-0.2687141351270682,0.40372105255209767,0.06815045208241277,-0.22754384983093967,0.3448561479614668,0.06345907526630501,0.026298434417432737
CRM,Individual equity,,2023-present,917,1.0005356043548055,0.24901856595725413,-0.25881481676142526,1.1463614246427578,0.23929259729816343,-0.15835165439460708,0.14312212203541347,0.010295293212424506,-0.22835972380933667,-0.14582582028795232,0.0097259686590907,-0.10046316236681818
CRWD,Individual equity,,2016-2019,141,0.37141300232135604,0.05734464198252498,-0.2473807500846209,-0.5857802294546485,-0.19961679440843527,-0.19918986109369607,0.5039337223251004,0.1347571810879955,-0.24738075008462102,0.9571932317760046,0.25696143639096025,-0.04819088899092483
CRWD,Individual equity,,2020-2022,756,0.9255505599752584,0.3739279934103066,-0.35905650107501463,1.1669209094511408,0.3632005280261774,-0.23646706813291718,0.22618381775090637,0.019858913709338122,-0.462230505474859,-0.24137034947588243,0.010727465384129165,-0.12258943294209745
CRWD,Individual equity,,2023-present,917,1.6340810689405008,0.5971515421592615,-0.2266886986025608,1.749112104351248,0.49245890947926574,-0.1892922116139768,0.4799958162672209,0.07988552786926051,-0.17603535155896677,-0.11503103541074733,0.10469263267999573,-0.037396486988584
CRWV,Individual equity,,2023-present,357,0.6756877044075432,0.24792940528424356,-0.6259173728696619,1.360811896558845,0.9281374838057106,-0.4063963923169791,-0.17529318607370312,-0.2058262748274755,-0.5500673496703612,-0.6851241921513017,-0.680208078521467,-0.21952098055268277
CSCO,Individual equity,,2016-2019,1006,0.9298952944091589,0.1374575716381592,-0.14614982908951624,1.7449940501763308,0.1903603178715947,-0.08083174606171484,-0.29625730542085166,-0.03821559867762103,-0.20884233365026939,-0.815098755767172,-0.052902746233435494,-0.0653180830278014
CSCO,Individual equity,,2020-2022,756,1.1994435517937183,0.30301427162821515,-0.16146680211912767,1.2569436100781366,0.18547154139990774,-0.10007355643535121,0.5480845453101554,0.09481604851872172,-0.1710521483680778,-0.05750005828441829,0.11754273022830741,-0.061393245683776465
CSCO,Individual equity,,2023-present,917,0.9238953415629002,0.1529421247463172,-0.19250597292146332,1.350735524625914,0.19971768048701666,-0.10236618382166562,-0.2380420656063883,-0.026207198896091244,-0.18256408764295673,-0.42684018306301386,-0.04677555574069947,-0.0901397890997977
CSGP,Individual equity,,2016-2019,1006,0.7332140426566665,0.11954109537472668,-0.17996774879369837,1.1299349571602382,0.1696084788726535,-0.12535350153520797,-0.4225687612004531,-0.04694038061160688,-0.212837581921969,-0.3967209145035717,-0.05006738349792683,-0.0546142472584904
CSGP,Individual equity,,2020-2022,756,0.11941920338086597,-0.0015768087775729356,-0.3511040591018456,0.496488361689359,0.06852849899733182,-0.15633417685212092,-0.1887494818441553,-0.054417873979616393,-0.3076021546246944,-0.377069158308493,-0.07010530777490476,-0.1947698822497247
CSGP,Individual equity,,2023-present,917,0.44446817092934715,0.07730587573052028,-0.38997019923353693,0.42426000555042137,0.04630949476164936,-0.2126881165214134,0.3212601447439416,0.04354509708581644,-0.2551603331894363,0.02020816537892578,0.030996380968870918,-0.17728208271212353
CSX,Individual equity,,2016-2019,1006,0.8386369142452024,0.13221389206291678,-0.17230102161053718,1.051919746541436,0.14000748872366442,-0.1081736397760118,-0.06958273951253742,-0.011016698704701122,-0.1686589758278184,-0.21328283229623368,-0.007793596660747637,-0.06412738183452538
CSX,Individual equity,,2020-2022,756,0.7346363897372598,0.2943688382119516,-0.34325504786362115,0.4281319242833922,0.049442912745720546,-0.13970380072181632,0.628162527384583,0.2271979754993625,-0.3343420024298095,0.30650446545386756,0.24492592546623104,-0.20355124714180484
CSX,Individual equity,,2023-present,917,1.1146411973850232,0.1774960911854,-0.12018460959998178,1.1163742924675952,0.14189579307219802,-0.13588309837218193,0.34815632557097415,0.030856768253215705,-0.10704264407643649,-0.0017330950825720226,0.03560029811320198,0.015698488772200148
CTAS,Individual equity,,2016-2019,1006,1.6539610019521815,0.22753524851507478,-0.08807205233698356,1.674010531468209,0.1868060136552374,-0.06426716925728693,0.5306346190456664,0.040122055571811144,-0.1040466032693681,-0.020049529516027453,0.04072923485983737,-0.023804883079696637
CTAS,Individual equity,,2020-2022,756,0.8519036963120944,0.21909174647079266,-0.245026912808889,1.137267254594303,0.16918640987741806,-0.1685511182531072,0.38527165873096464,0.06639370057775174,-0.2526287775242989,-0.2853635582822086,0.049905336593374594,-0.0764757945557818
CTAS,Individual equity,,2023-present,917,0.7917621012579197,0.11614441153509247,-0.11565231264905296,0.9748226243626101,0.10875872621713745,-0.08571523456252506,0.11698805978602052,0.006937012386656782,-0.139084521723019,-0.18306052310469045,0.007385685317955026,-0.029937078086527902
CTSH,Individual equity,,2016-2019,1006,0.3797846566724754,0.04668973211442773,-0.21341000880740013,0.7978869892623243,0.07979185213965523,-0.163052805115381,-0.0412490823052678,-0.011664569221859211,-0.17244884353156686,-0.41810233258984886,-0.0331021200252275,-0.050357203692019126
CTSH,Individual equity,,2020-2022,756,0.30916445741613596,0.04823087747711474,-0.19488148243933812,0.12992800212284616,0.008492987244893557,-0.1799089042165184,0.11832975964823564,0.00010584822495696145,-0.28935174762042926,0.1792364552932898,0.039737890232221185,-0.014972578222819721
CTSH,Individual equity,,2023-present,917,1.8673618829073542,0.4234647136995118,-0.10874243060323308,1.2535552735133553,0.1644349282519646,-0.08183207180637198,1.3100285235006248,0.21045529037668742,-0.14043882185388534,0.6138066093939989,0.2590297854475472,-0.0269103587968611
CTVA,Individual equity,,2016-2019,148,0.8783800457259037,0.19558666370729272,-0.08879141714525429,1.0685042228508914,0.17956280418002035,-0.07834401434835847,0.36614889857366684,0.04984978274312746,-0.07415594464949526,-0.19012417712498775,0.016023859527272366,-0.010447402796895822
CTVA,Individual equity,,2020-2022,756,0.6737950568995669,0.15571744422871703,-0.23123400702787045,0.8966950425312723,0.16324598537051238,-0.1310717039321514,-0.18648325794297405,-0.055124930958077245,-0.31720173589996936,-0.22289998563170543,-0.007528541141795353,-0.10016230309571905
CTVA,Individual equity,,2023-present,917,0.19484865490387818,0.017967075723418935,-0.24154952736341684,0.4470344093736593,0.046593493406438036,-0.19063192995784983,-0.426293603781181,-0.04434737612818118,-0.17310823408988585,-0.2521857544697811,-0.0286264176830191,-0.050917597405567006
CVNA,Individual equity,,2016-2019,674,1.3875229499747395,0.7097841115202566,-0.31742981133170767,1.5376910590703785,0.6424815170535125,-0.2552457811219345,0.18470350401167013,0.010708738123077488,-0.3237630516730404,-0.15016810909563905,0.06730259446674403,-0.062184030209773145
CVNA,Individual equity,,2020-2022,756,1.3102817699086453,1.1988238379399032,-0.4702373430249981,1.1493383839137183,0.38448013581500806,-0.24815147570381613,0.9588778428771297,0.5799067822393398,-0.4785019049400465,0.16094338599492697,0.8143437021248952,-0.22208586732118196
CVNA,Individual equity,,2023-present,917,0.7773948242281521,0.34264155315236255,-0.4223262910993366,1.3843121354273193,0.8503925637241079,-0.2934868134405807,-0.4307737051262024,-0.19233822306593273,-0.564219623085769,-0.6069173111991673,-0.5077510105717453,-0.12883947765875592
CVS,Individual equity,,2016-2019,1006,1.0750390698203331,0.16051630570162145,-0.16287535053133662,0.7987663915236086,0.07349571299328606,-0.09395677729717122,0.8148005208149959,0.09344233343980646,-0.12343445546830423,0.2762726782967245,0.0870205927083354,-0.06891857323416539
CVS,Individual equity,,2020-2022,756,0.44270605826759524,0.06403323139065376,-0.1519274376164138,1.1109195639052556,0.15299925849532348,-0.10554172478657298,-0.7891526692485142,-0.08788562778974629,-0.27717435195025864,-0.6682135056376604,-0.08896602710466972,-0.04638571282984083
CVS,Individual equity,,2023-present,917,0.9648778019502111,0.19258396085954343,-0.19415253993661774,1.3220877092063832,0.17837002985349804,-0.11774258022385009,0.15847246260608203,0.013031499080550235,-0.2761128143401015,-0.3572099072561721,0.0142139310060454,-0.07640995971276765
CVX,Individual equity,,2016-2019,1006,0.6437776087165132,0.07578543537396043,-0.10997501839668233,1.0559652021853927,0.11475853670820912,-0.08603707586506637,-0.4636652048733525,-0.032917666266424894,-0.12911241993127687,-0.41218759346887945,-0.038973101334248694,-0.023937942531615963
CVX,Individual equity,,2020-2022,756,0.7558709685663088,0.2108248183307606,-0.2827841999160051,1.0570375679830122,0.20485059875161538,-0.17018217940150904,0.14980039508849308,0.004958473345439085,-0.31787906276560673,-0.30116659941670343,0.005974219579145235,-0.11260202051449608
CVX,Individual equity,,2023-present,917,0.7599468619713178,0.10922052771593216,-0.15017711075402518,0.7032064178106772,0.07573250477693572,-0.11372302864370876,0.3144426562155338,0.02766334857467978,-0.07781452600775696,0.05674044416064061,0.03348802293899644,-0.03645408211031642
D,Individual equity,,2016-2019,1006,0.20312066512845683,0.016933528908744888,-0.20147342837000204,0.5262364359118163,0.04434028575212379,-0.11491212650477733,-0.15776497170482864,-0.016484722176269284,-0.14077169308580095,-0.3231157707833595,-0.0274067568433789,-0.0865613018652247
D,Individual equity,,2020-2022,756,0.28829462503501985,0.03829588445181309,-0.2238095235654708,0.2624755747847072,0.019814528798800524,-0.10522781557002558,0.23766647287122178,0.02768565857040106,-0.2019820367403753,0.02581905025031267,0.018481355653012566,-0.1185817079954452
D,Individual equity,,2023-present,917,0.11688171270846828,0.006154721309504785,-0.28738862766717044,0.41208608231852983,0.04215051335500264,-0.12480920548016672,-0.21554711493564108,-0.028425576027502952,-0.26120124179177306,-0.2952043696100616,-0.035995792045497854,-0.16257942218700372
DAL,Individual equity,,2016-2019,1006,0.9105676810898428,0.16762993125898196,-0.15342467897012213,1.117237419527265,0.14674564394038692,-0.13089743927143205,0.29494705618303685,0.032002286572484495,-0.1553851902462916,-0.2066697384374222,0.02088428731859504,-0.022527239698690082
DAL,Individual equity,,2020-2022,756,-0.07850087356657458,-0.10106176347575024,-0.5325082943885987,0.3313767598105501,0.048131659529092596,-0.21505153565372448,-0.22390192262856604,-0.12179172094462387,-0.5570580373442746,-0.4098776333771247,-0.14919342300484284,-0.3174567587348742
DAL,Individual equity,,2023-present,917,1.9931652991003512,0.6369039076972611,-0.17511946997636263,1.5678095134186185,0.3337568177929595,-0.1372461672959404,1.1226362021674743,0.21018247264694878,-0.13839910044888515,0.4253557856817327,0.3031470899043016,-0.037873302680422216
DASH,Individual equity,,2020-2022,519,0.6594553543489297,0.2408585891631927,-0.3858244869909908,0.45351596365862745,0.09260033508857379,-0.23427438872452622,0.655548676118949,0.23212672348869723,-0.3382206820821906,0.2059393906903022,0.1482582540746189,-0.1515500982664646
DASH,Individual equity,,2023-present,917,1.2517611192673481,0.4178139684153679,-0.22821357691464073,1.7314985480109668,0.4682187561141675,-0.1823151590551899,-0.011743788815300324,-0.02676130289413381,-0.3218373381271765,-0.4797374287436187,-0.050404787698799636,-0.04589841785945081
DBA,Commodity ETF,,2016-2019,1006,1.0763612621922662,0.08515112922575807,-0.07251373863025934,0.5806752659855061,0.029618217943431446,-0.060936790513349104,0.9568833447982821,0.05661860099334182,-0.05866990147635631,0.4956859962067601,0.055532911282326625,-0.011576948116910235
DBA,Commodity ETF,,2020-2022,756,0.16858968051576745,0.010837690514334808,-0.151363806575617,0.6639253184827367,0.041599854036371786,-0.09762522724679856,-0.4537779633794791,-0.027490310579520227,-0.1505513754373925,-0.4953356379669693,-0.030762163522036978,-0.053738579328818425
DBA,Commodity ETF,,2023-present,917,0.8566874531471412,0.08543981788202948,-0.11503069237265673,1.5947768423249784,0.12518246807902988,-0.04778825824355293,-0.38283233803827843,-0.028401905554229723,-0.14557233631253974,-0.7380893891778372,-0.039742650197000406,-0.0672424341291038
DBC,Commodity ETF,,2016-2019,1006,0.8149925764935785,0.07875716543408862,-0.09561239031928315,0.755946411443556,0.05341254634013359,-0.07084073290509718,0.3846114386765982,0.02405953791039428,-0.08229759958160865,0.05904616505002247,0.025344619093955023,-0.024771657414185966
DBC,Commodity ETF,,2020-2022,756,1.2428502996730166,0.20350172600284755,-0.21308287931409986,1.9045916098050064,0.20596276129741065,-0.10724805045797736,0.1199344779611472,0.007305067353297057,-0.2125672038304497,-0.6617413101319898,-0.0024610352945630964,-0.1058348288561225
DBC,Commodity ETF,,2023-present,917,0.5912290684597664,0.060975746815919996,-0.13916964074607374,0.5917112295949674,0.043774628134239046,-0.102787393473452,0.24781681662962485,0.01663346344718941,-0.11444323039969528,-0.0004821611352009425,0.01720111868168095,-0.03638224727262174
DD,Individual equity,,2016-2019,1006,0.31766933781689394,0.03742044673665279,-0.17707917318939126,0.030809470425540487,-0.0018921911434003347,-0.17847881358077244,0.3237840541240471,0.03245639039414461,-0.1380347675281467,0.28685986739135344,0.039312637880053125,0.001399640391381185
DD,Individual equity,,2020-2022,756,1.1919907042065148,0.38723215035410985,-0.2980702146570301,1.3984017216246252,0.26804998783508927,-0.12776548672566368,0.49690937127728585,0.10004804651902055,-0.3219478267388082,-0.2064110174181104,0.11918216251902058,-0.17030472793136642
DD,Individual equity,,2023-present,917,0.1256201225336205,0.0053525271363468185,-0.32882990875086815,0.30947028786850095,0.03414564379802876,-0.18970844754066385,-0.2264436527410113,-0.042419799946787906,-0.36356958486755353,-0.18385016533488044,-0.02879311666168194,-0.1391214612102043
DDOG,Individual equity,,2020-2022,756,0.4433941564123017,0.10365351230453301,-0.5479628895305886,1.1421458170997012,0.3254091554176861,-0.2928760677311756,-0.2147149235264297,-0.14566916689731135,-0.6124880067481768,-0.6987516606873996,-0.2217556431131531,-0.255086821799413
DDOG,Individual equity,,2023-present,917,1.3435053248899342,0.5080775121162389,-0.23421107651711504,1.5999046201866076,0.5276028375208428,-0.1161409796629369,-0.010062010478703916,-0.026671695043144594,-0.3365027402941557,-0.2563992952966734,-0.019525325404603944,-0.11807009685417813
DE,Individual equity,,2016-2019,1006,0.7964642049610785,0.1316391888912285,-0.18720093487273848,0.9787459857078743,0.1286514373721075,-0.1358772356598955,0.003993501117087479,-0.005921055537493891,-0.11785589440725686,-0.1822817807467958,0.002987751519121007,-0.051323699212842966
DE,Individual equity,,2020-2022,756,1.07610001489505,0.2927473304132664,-0.18470233643846534,1.5760073487543282,0.28757423881896793,-0.1671486098722229,0.1947917756624986,0.019315760514691416,-0.1720863036033713,-0.4999073338592783,0.005173091594298462,-0.017553726566242434
DE,Individual equity,,2023-present,917,0.007747986609701565,-0.01366226760464917,-0.27512313921788123,0.476864069882811,0.05886011417334158,-0.21761093256513586,-0.6418582690526131,-0.07386853320248066,-0.27288781657823846,-0.46911608327310944,-0.07252238177799075,-0.05751220665274537
DECK,Individual equity,,2016-2019,1006,0.732924263400852,0.1348792553295315,-0.21861087946478175,1.1452673241689442,0.1728137387228592,-0.08774888490031185,0.018352970324312164,-0.006730887023481347,-0.287603535175163,-0.41234306076809213,-0.03793448339332772,-0.1308619945644699
DECK,Individual equity,,2020-2022,756,0.8989737593597409,0.2784286383722072,-0.3310116817276686,0.8407892843831422,0.1630282730999011,-0.16269301415851167,0.5089878380756487,0.10626572752483288,-0.39938890541190075,0.05818447497659873,0.11540036527230613,-0.16831866756915692
DECK,Individual equity,,2023-present,917,1.4248148209321496,0.4289925000282997,-0.21005561178923804,1.1593653987212575,0.2081529657613126,-0.14713286599402864,0.9452195816172455,0.21092585265605956,-0.16256980238253982,0.26544942221089207,0.2208395342669871,-0.0629227457952094
DELL,Individual equity,,2016-2019,254,0.3522824378739121,0.05670033688483023,-0.16598656297230396,0.3417984119802143,0.040442866918421805,-0.0809394297082503,0.417895611828072,0.061989209932562295,-0.10808420933817287,0.01048402589369779,0.016257469966408422,-0.08504713326405366
DELL,Individual equity,,2020-2022,756,0.9881725292507877,0.28115078872016963,-0.22068072430936592,0.8896141558159306,0.16719621706953003,-0.17433272862257643,0.594661058810448,0.11331094523231977,-0.18636647159137765,0.09855837343485707,0.1139545716506396,-0.04634799568678949
DELL,Individual equity,,2023-present,917,1.3993818474178963,0.5851145886870424,-0.3106343268801601,1.4533224859210356,0.5186286949368442,-0.19447427964221697,0.28775711832317563,0.03897408968631422,-0.24638630063710065,-0.05394063850313935,0.0664858937501982,-0.11616004723794315
DG,Individual equity,,2016-2019,1006,0.46569040998917616,0.057158131473575846,-0.23517156835894248,1.3116715606328295,0.1486381313203351,-0.09794000833439476,-1.1248319408505862,-0.0998254312447967,-0.3603584042634981,-0.8459811506436534,-0.09147999984675925,-0.13723156002454773
DG,Individual equity,,2020-2022,756,1.2871835096307989,0.24803166825571177,-0.11419325423528692,1.1091980936878307,0.14833575891733308,-0.08486697151109979,0.556421752595444,0.06674973407052787,-0.1094194958368212,0.17798541594296813,0.09969590933837869,-0.029326282724187136
DG,Individual equity,,2023-present,917,0.7238329083606062,0.15382268447120984,-0.2330802974565499,0.4036280640146644,0.04982358338056936,-0.13186683917423847,0.5169227327428384,0.08225799740511208,-0.2508552625265311,0.3202048443459418,0.10399910109064048,-0.10121345828231143
DGX,Individual equity,,2016-2019,1006,0.7679598848814446,0.09423138536764397,-0.09791585159956329,1.1107095625245937,0.10114424030209679,-0.0904093469987951,-0.04694024386512262,-0.008311357701663802,-0.13445905452510576,-0.3427496776431491,-0.006912854934452817,-0.007506504600768182
DGX,Individual equity,,2020-2022,756,1.246843015006627,0.2515260514915463,-0.14455456374357156,1.3574865686287074,0.20025078870294388,-0.11149943896973347,0.3975344444372637,0.04560080517641807,-0.15406999604602933,-0.11064355362208045,0.051275262788602394,-0.033055124773838096
DGX,Individual equity,,2023-present,917,0.08365715293056798,0.0028052963819575893,-0.23948543133015998,0.08486687856186423,0.0035837608200430804,-0.17280010216981678,-0.07713878056185382,-0.00960862390994155,-0.16022910969472537,-0.0012097256312962462,-0.000778464438085491,-0.0666853291603432
DHI,Individual equity,,2016-2019,1006,0.5243350654093762,0.07575251552218032,-0.35902324762450466,0.8270724658620656,0.10150952486493314,-0.22311725846752728,0.05839526389878559,0.00028950458209475727,-0.21984591772704343,-0.3027374004526894,-0.025757009342752823,-0.13590598915697738
DHI,Individual equity,,2020-2022,756,0.8817155379648668,0.27297642152539114,-0.2804202799875565,1.0599307172835648,0.22205129639433951,-0.16782992003751407,0.3048526753280317,0.04780996084639977,-0.3103340803525684,-0.178215179318698,0.05092512513105163,-0.1125903599500424
DHI,Individual equity,,2023-present,917,1.390221684850301,0.3400934357945593,-0.1395084598243579,1.537344439512484,0.2811112001331586,-0.08940797304100934,0.5122766699804429,0.07032235621393057,-0.12620042918790675,-0.14712275466218294,0.058982235661400706,-0.05010048678334855
DHR,Individual equity,,2016-2019,1006,0.9734852242856771,0.11123669248408752,-0.12518462916227657,1.4934902363498526,0.1550661334254988,-0.09881042557334607,-0.5965435240533647,-0.038999499691649286,-0.17385701993710534,-0.5200050120641755,-0.04382944094141128,-0.0263742035889305
DHR,Individual equity,,2020-2022,756,0.7848324151123744,0.15459953633049817,-0.1930236386477321,1.4251953937712325,0.2174951155722613,-0.10795095829040013,-0.27263385410138563,-0.05459914354413098,-0.26090138595232204,-0.640362978658858,-0.06289557924176314,-0.08507268035733195
DHR,Individual equity,,2023-present,917,0.6841982442086565,0.10764678082398782,-0.1820283318263488,0.07983040928044215,0.0023908933541176847,-0.17207477071912802,1.0789671849245115,0.13651245740813733,-0.12967207534370828,0.6043678349282143,0.10525588746987014,-0.009953561107220787
DIA,Broad index ETF,Indices,2016-2019,1006,1.6684010987329987,0.1400261961237781,-0.06471278363513056,2.56750959500943,0.15342416752632237,-0.039250065606036943,-0.20177697211132845,-0.01341476226657734,-0.0866131233333951,-0.8991084962764313,-0.013397971402544284,-0.02546271802909361
DIA,Broad index ETF,Indices,2020-2022,756,1.0865003308812045,0.20244266929542198,-0.13942739098984336,1.6841317028811134,0.17398900668461392,-0.055308529945553575,0.2551064922126059,0.02824911521474749,-0.17570426466645228,-0.5976313719999089,0.02845366261080806,-0.08411886104428978
DIA,Broad index ETF,Indices,2023-present,917,0.638538526600344,0.056957171324253375,-0.10173767505974796,0.9490595532892071,0.06714200447466223,-0.05634276701149177,-0.1780797294957571,-0.013411929929716515,-0.10951920134757254,-0.31052102668886306,-0.010184833150408856,-0.04539490804825619
DIS,Individual equity,,2016-2019,1006,0.7016577856275704,0.08586837422709914,-0.1636748062140646,1.008528738446667,0.10011480314677956,-0.0824503721354819,-0.13856084910639901,-0.01491982867743713,-0.12115156123527049,-0.3068709528190966,-0.01424642891968042,-0.08122443407858271
DIS,Individual equity,,2020-2022,756,1.036588167305571,0.29793837219977215,-0.2310288004269453,0.7485752051015434,0.1174129755115545,-0.16030487676912808,0.7619421378559507,0.16773089992467338,-0.19481726698680024,0.2880129622040276,0.18052539668821765,-0.07072392365781721
DIS,Individual equity,,2023-present,917,0.9244747132144273,0.1657841948303389,-0.2387552850383503,1.080352761667298,0.14280237075668545,-0.1794983025968967,0.4091814339197919,0.048485769370470555,-0.11467018305175591,-0.1558780484528708,0.022981824073653456,-0.05925698244145361
DLR,Individual equity,,2016-2019,1006,0.6844381223163483,0.09203451314418709,-0.1682541730539494,1.3784244102016132,0.15129633665300468,-0.09192196053194779,-0.45620997175426653,-0.04868987422083626,-0.24448328117341778,-0.693986287885265,-0.05926182350881759,-0.07633221252200162
DLR,Individual equity,,2020-2022,756,0.6312002134246347,0.1269901496551602,-0.28851774518835194,0.4099985185862877,0.05859279943268536,-0.19463352842578652,0.5154355316612887,0.07140982631185189,-0.24449179790873077,0.221201694838347,0.06839735022247484,-0.09388421676256542
DLR,Individual equity,,2023-present,917,0.7722428160970962,0.14857329698502886,-0.14489141270767614,1.1678606793471726,0.16148454017189073,-0.09838138526880846,-0.030810592112459415,-0.017443514529464244,-0.19275527769608714,-0.3956178632500764,-0.012911243186861876,-0.046510027438867674
DLTR,Individual equity,,2016-2019,1006,1.1480665076334198,0.1888221179485432,-0.2337838915739079,1.490960211616551,0.19648281605500384,-0.07095016432351631,-0.0190158903790449,-0.0075737632889513185,-0.26413778122001186,-0.34289370398313124,-0.007660698106460639,-0.16283372725039158
DLTR,Individual equity,,2020-2022,756,0.9663930050744761,0.22849085547160541,-0.17225115987643413,0.9046019690372142,0.13103950447759183,-0.12195844315677395,0.5326562390802492,0.08937556165173688,-0.16209822464916457,0.06179103603726188,0.09745135099401359,-0.05029271671966018
DLTR,Individual equity,,2023-present,917,1.183000547345566,0.2980156268494323,-0.21600327295545907,1.0681837477717768,0.18195331299136663,-0.16746328883451156,0.8263188292406459,0.1532504307635878,-0.14222806500987395,0.11481679957378921,0.11606231385806565,-0.04853998412094751
DOC,Individual equity,,2016-2019,1006,0.7529588423735671,0.10675488093205043,-0.1762218581738969,1.004104913849612,0.11231367196619502,-0.15974863583956256,-0.050829750804082925,-0.010865068368191455,-0.18103225105696608,-0.25114607147604495,-0.005558791034144583,-0.016473222334334348
DOC,Individual equity,,2020-2022,756,0.34916823095951616,0.05686519925179523,-0.3322837785951659,0.3252737499234462,0.03667476391719404,-0.11995533785439938,0.09676723005184,-0.00027979278728240686,-0.40445390072727483,0.023894481036069948,0.020190435334601187,-0.2123284407407665
DOC,Individual equity,,2023-present,917,0.7937302354841327,0.1302109803448841,-0.1254901903448239,0.8063282107887008,0.09643679330685506,-0.07879770441299416,0.3874879538789888,0.040799885924400536,-0.1695991876677182,-0.012597975304568076,0.033774187038029035,-0.04669248593182973
DOV,Individual equity,,2016-2019,1006,0.9570664052767573,0.1490963947480073,-0.224946372831067,1.161303543746747,0.1496070345645022,-0.12983078520782165,0.16717448930434847,0.011788938013576944,-0.14872719857621908,-0.2042371384699896,-0.0005106398164949066,-0.09511558762324535
DOV,Individual equity,,2020-2022,756,0.9244327214519631,0.22889178826171253,-0.21884216707094972,1.181910596572032,0.1725070065378076,-0.13281094505292823,0.1757974597443825,0.01502448397392242,-0.2800738975859107,-0.2574778751200689,0.05638478172390493,-0.08603122201802149
DOV,Individual equity,,2023-present,917,0.5702674521534841,0.08767665428127702,-0.19646793474126956,0.6159841721839001,0.07269022464775454,-0.11586050461811181,0.15365682436469855,0.011423036030783873,-0.19555531649586666,-0.04571672003041605,0.01498642963352248,-0.08060743012315774
DOW,Individual equity,,2016-2019,1006,0.028882404575993455,-0.00414891350519897,-0.21148706696842545,0.2809079950784837,0.020645760879798525,-0.12537449067904882,-0.26217587298518746,-0.0275163209563849,-0.14727590360746756,-0.25202559050249024,-0.024794674384997495,-0.08611257628937663
DOW,Individual equity,,2020-2022,756,1.062082203755719,0.3207284700804458,-0.3006583273420004,0.5919209327644558,0.09877699350079872,-0.1432341791688464,0.9428108194896503,0.22064668062739634,-0.28687569767645493,0.47016127099126315,0.2219514765796471,-0.15742414817315398
DOW,Individual equity,,2023-present,917,0.9748344365991382,0.2111275861503772,-0.29320452224437865,0.4143113661960767,0.048797476860782174,-0.22208353981822104,0.9476245105314176,0.16157225869847092,-0.15224255133026465,0.5605230704030615,0.16233010928959501,-0.07112098242615761
DPZ,Individual equity,,2016-2019,1006,1.4465612661127014,0.2985201108099296,-0.2131228782790413,2.0063857152437974,0.35909813996334017,-0.08968273915733527,0.0259776815314819,-0.003990697255734421,-0.18296078312766262,-0.559824449131096,-0.060578029153410595,-0.12344013912170604
DPZ,Individual equity,,2020-2022,756,0.9501904806135253,0.22921566831327822,-0.18534475597074762,0.7713139604784421,0.1479112342918043,-0.13025031261703746,0.4227992079965468,0.051592045751250426,-0.16212234454396546,0.17887652013508315,0.08130443402147391,-0.055094443353710165
DPZ,Individual equity,,2023-present,917,0.17447293580160275,0.015088322588731717,-0.26581877529440445,0.3568842727312651,0.04037445688636776,-0.19356941743712253,-0.006946759468804321,-0.013709357884542306,-0.17827636187463103,-0.18241133692966235,-0.025286134297636043,-0.07224935785728193
DRI,Individual equity,,2016-2019,1006,0.6348666957824002,0.08536954018290288,-0.18605084888536005,0.9803524517314841,0.10927803605432751,-0.09904995214581114,-0.19282860531837367,-0.0237316476852637,-0.17460979054547143,-0.34548575594908393,-0.02390849587142463,-0.08700089673954892
DRI,Individual equity,,2020-2022,756,0.7101959434010792,0.21641621161573843,-0.41439381248456253,0.15466166659886912,0.01129603408090496,-0.27024729131094405,0.6941130844381619,0.18784891513647306,-0.36389659612736414,0.55553427680221,0.20512017753483347,-0.14414652117361848
DRI,Individual equity,,2023-present,917,0.21618298632813715,0.021551861551465157,-0.27656896293034494,0.6992838245100236,0.08136848951872322,-0.1281017786114993,-0.4651179279307385,-0.04759366687158484,-0.246204107095219,-0.4831008381818864,-0.05981662796725806,-0.14846718431884565
DTE,Individual equity,,2016-2019,1006,0.7144784318833923,0.0731793528955289,-0.11512429153791315,0.9908813447932596,0.07988854503459453,-0.07054235893324767,0.12513743625623971,0.006393591263179177,-0.10940320559793648,-0.2764029129098673,-0.006709192139065623,-0.044581932604665475
DTE,Individual equity,,2020-2022,756,0.3917448487997902,0.06880990164196454,-0.27827954084227724,0.4149224032653992,0.04530730553572604,-0.1281996314048045,0.2789481856025497,0.037710877498495554,-0.24100497007283916,-0.023177554465608985,0.023502596106238505,-0.15007990943747274
DTE,Individual equity,,2023-present,917,0.2525223083221923,0.024818309891718293,-0.17324745209220904,0.781509756544078,0.07487266917680535,-0.08536851298495174,-0.2096480934161294,-0.02305874701698707,-0.2199005593256389,-0.5289874482218857,-0.05005435928508706,-0.0878789391072573
DUK,Individual equity,,2016-2019,1006,0.2950121386104962,0.02580452736149441,-0.14869792297872475,0.6532022259067094,0.05010407712488285,-0.08237898258731013,-0.2886130653392127,-0.02277360946689233,-0.14141206555430463,-0.3581900872962132,-0.02429954976338844,-0.06631894039141462
DUK,Individual equity,,2020-2022,756,0.4241280919358839,0.06870510985369438,-0.2757480687119117,0.6760810494171859,0.07231004450897549,-0.12773680287032585,0.12333710915351735,0.005861356938648088,-0.26659614412362986,-0.25195295748130203,-0.0036049346552811112,-0.14801126584158586
DUK,Individual equity,,2023-present,917,0.500221659275176,0.056094031409079426,-0.1420388496940812,0.957035713891146,0.09217989496604373,-0.0774607919265381,-0.5442862105588357,-0.04574029890070774,-0.1963436316052054,-0.4568140546159699,-0.036085863556964304,-0.0645780577675431
DVA,Individual equity,,2016-2019,1006,0.7730523593399021,0.13597362530100354,-0.2213080502559659,0.6993242913649077,0.09768862057366201,-0.2344725644223743,0.42588736971742247,0.04548426606651024,-0.1239465616448111,0.07372806797499443,0.03828500472734153,0.013164514166408403
DVA,Individual equity,,2020-2022,756,0.35594521684549907,0.055741956064866205,-0.24804614910725575,0.7364911412247053,0.10685705863942663,-0.13886292648687348,-0.15747016508836464,-0.038080994548828184,-0.2497962339001033,-0.3805459243792062,-0.05111510257456042,-0.10918322262038227
DVA,Individual equity,,2023-present,917,1.0399243177296964,0.23489918217269024,-0.22090949369782975,1.5088801775645873,0.27969401056985843,-0.1352676532531466,0.09655336346211284,0.003247578904819859,-0.2120426185746197,-0.46895585983489085,-0.044794828397168196,-0.08564184044468315
DVN,Individual equity,,2016-2019,1006,0.9619496135517999,0.26930148790286745,-0.30883175931763274,0.8747283144115854,0.1606326298681504,-0.20249546140771657,0.5885823426191359,0.11362241296748121,-0.21037609586175776,0.08722129914021448,0.10866885803471704,-0.10633629790991617
DVN,Individual equity,,2020-2022,756,1.3979246083205554,0.8806465947325066,-0.3335698296306515,1.4404431028642504,0.5684928125604858,-0.1841761384271765,0.6366484429116057,0.20456519378964733,-0.483141007302178,-0.04251849454369494,0.31215378217202083,-0.149393691203475
DVN,Individual equity,,2023-present,917,0.37319665506187166,0.058838846249793075,-0.254465112595865,0.21293602859652527,0.0189825616835404,-0.22727489148806823,0.3043717302114608,0.039034727089368726,-0.2331806361360914,0.1602606264653464,0.039856284566252675,-0.027190221107796786
DXCM,Individual equity,,2016-2019,1006,1.408136756076752,0.4620828913632682,-0.22591735437122362,1.4645554854448823,0.2934452510049863,-0.13763196089548424,0.6033074880333785,0.12453864303246531,-0.1536786155560913,-0.056418729368130416,0.16863764035828188,-0.08828539347573938
DXCM,Individual equity,,2020-2022,756,0.931555815390219,0.3034187792985872,-0.2557671130196586,1.0153443944518754,0.24084040634938297,-0.21626072222585413,0.3974621811987275,0.0714234881411484,-0.19226487755146782,-0.08378857906165638,0.06257837294920421,-0.03950639079380447
DXCM,Individual equity,,2023-present,917,0.6613444095404014,0.1891179824543694,-0.27907722261246193,0.3171426983031391,0.03948105947220948,-0.21611746069123183,0.49125630940655035,0.11340693497259524,-0.21440297711496703,0.3442017112372623,0.14963692298215991,-0.0629597619212301
EBAY,Individual equity,,2016-2019,1006,0.7801795938420082,0.12952960392476331,-0.14173253621665416,1.037870613896874,0.15024441877692807,-0.1050190006902949,-0.16714713166063283,-0.02259671848279221,-0.1489782236513737,-0.2576910200548659,-0.020714814852164753,-0.03671353552635925
EBAY,Individual equity,,2020-2022,756,1.3058324458519037,0.36568788681934516,-0.14695684922818775,1.362743688281802,0.23351521171312273,-0.0983792662945987,0.5257263789666522,0.0931587533177276,-0.2832575833650762,-0.05691124242989831,0.13217267510622244,-0.04857758293358905
EBAY,Individual equity,,2023-present,917,0.6111670745294405,0.10137216239566271,-0.1705493922430259,1.1580287942162217,0.17502957857477552,-0.11878212402076371,-0.6190823940945339,-0.07216678154484824,-0.30183971925796615,-0.5468617196867812,-0.07365741617911281,-0.051767268222262186
ECHO,Individual equity,,2016-2019,1006,1.0258109241464795,0.16030903843801148,-0.13815160093352719,0.970531463538153,0.11163157791612144,-0.10747662529930457,0.7439554614975955,0.08703900217277649,-0.17284536399151884,0.05527946060832645,0.04867746052189004,-0.030674975634222612
ECHO,Individual equity,,2020-2022,756,0.02159647167867701,-0.03044831337573828,-0.46365920882546463,-0.4166667607236094,-0.0736439462293842,-0.33920676858146404,0.49023687174107095,0.09145442542776383,-0.24019800989018691,0.43826323240228643,0.043195632853645916,-0.1244524402440006
ECHO,Individual equity,,2023-present,917,0.8434216308830681,0.28848693405081915,-0.30820372378966765,1.6180187766593797,0.5110272513868601,-0.16029513801274742,-0.12536550538544056,-0.08096839133099287,-0.5718565833403134,-0.7745971457763116,-0.22254031733604096,-0.14790858577692023
ECL,Individual equity,,2016-2019,1006,1.0279124209768273,0.10251478794873936,-0.09092596038005785,1.4329247471593063,0.11769840499272899,-0.06091161597995809,-0.2740715214765107,-0.01889989358467592,-0.13005501035326827,-0.40501232618247895,-0.015183617043989628,-0.030014344400099757
ECL,Individual equity,,2020-2022,756,0.42416295236090185,0.08009515585348836,-0.2689390344201078,0.63900562564398,0.0763356093218952,-0.12544183856888635,0.09820771401701892,-0.0060829966490743015,-0.3744600906894525,-0.21484267328307816,0.003759546531593161,-0.14349719585122145
ECL,Individual equity,,2023-present,917,0.9951286682993269,0.1453586018892119,-0.11246933860077513,1.0715542768716733,0.12984930540448514,-0.11246933860077513,-0.25516347533691847,-0.027662633352810495,-0.13323291957593664,-0.07642560857234637,0.015509296484726764,0.0
ED,Individual equity,,2016-2019,1006,0.5145980963628505,0.05172511238976818,-0.19181249603290051,0.9027458381160378,0.07464059262102318,-0.11499279332859691,-0.2585478518150826,-0.02147420829157609,-0.17632515364676882,-0.38814774175318734,-0.022915480231255003,-0.0768197027043036
ED,Individual equity,,2020-2022,756,0.6520054187195027,0.09918599969436159,-0.25038148977729413,0.7827187114703354,0.08104298032368495,-0.09813721623894256,0.1288952131773556,0.008337877221453516,-0.21056583122455674,-0.13071329275083277,0.01814301937067664,-0.15224427353835157
ED,Individual equity,,2023-present,917,0.09273843338616175,0.003611285706654588,-0.19896296135629,0.4335495622232422,0.03559101429774181,-0.12630316896309102,-0.2404567999413961,-0.02668545370190123,-0.17791984606872824,-0.3408111288370804,-0.03197972859108722,-0.07265979239319897
EEM,Broad index ETF,,2016-2019,1006,0.40369890125597646,0.0434311401580425,-0.19777459962131982,1.183799698834551,0.11087925194005477,-0.1120675965457959,-0.5928679362904415,-0.051875032197651105,-0.2511343855411772,-0.7801007975785745,-0.06744811178201227,-0.08570700307552392
EEM,Broad index ETF,,2020-2022,756,1.004846352286422,0.1912260282538738,-0.1441063072635439,0.9826122433578973,0.11724065489064284,-0.1234249610971403,0.5015940076470325,0.0664349097014898,-0.17471451047609732,0.02223410892852462,0.07398537336323097,-0.020681346166403602
EEM,Broad index ETF,,2023-present,917,1.2377737057559923,0.16447318889951834,-0.09274230128844618,1.5649599703726542,0.16569338264601696,-0.04898079045105319,-0.06621597270944975,-0.008988601599465684,-0.11163298230159135,-0.3271862646166619,-0.0012201937464986212,-0.04376151083739299
EFA,Broad index ETF,,2016-2019,1006,0.30992306646457807,0.023795620122469385,-0.13399989134121326,0.6911207872481675,0.04758482210596493,-0.1207641263646364,-0.6369873589058258,-0.03836247692443928,-0.19166612420500728,-0.38119772078358943,-0.023789201983495545,-0.013235764976576858
EFA,Broad index ETF,,2020-2022,756,0.8267522070662027,0.14841020800876836,-0.12281389450330571,0.8280564509395038,0.08454218226782184,-0.12332921727091817,0.42254923707432895,0.05596113710716466,-0.1559654714394445,-0.0013042438733010808,0.06386802574094652,0.0005153227676124583
EFA,Broad index ETF,,2023-present,917,0.5280113366583835,0.051179293734836095,-0.10965087336300272,0.7085503583413002,0.054246787019713194,-0.08591767107968862,0.09551804905406207,0.004274232634876807,-0.08664026637180466,-0.1805390216829167,-0.0030674932848770986,-0.023733202283314103
EFX,Individual equity,,2016-2019,1006,0.9914829617245439,0.12133932774282918,-0.12014802237243816,1.148315465252131,0.10912123450969435,-0.10175770602892587,-0.03571640481996716,-0.006298852670699295,-0.13484580877965013,-0.15683250352758715,0.01221809323313483,-0.018390316343512292
EFX,Individual equity,,2020-2022,756,1.221846181324861,0.35644673850612385,-0.20475936556336338,1.5902591882427652,0.32862606948204,-0.08009030235899273,0.21444282963455483,0.023407155297209936,-0.2692781315909065,-0.36841300691790435,0.027820669024083866,-0.12466906320437066
EFX,Individual equity,,2023-present,917,1.1380585626585074,0.2350969879299869,-0.21222703410044297,1.0010372602705262,0.14061327278258662,-0.2418436427507673,0.7386463980678731,0.10525374665744947,-0.10103356667994612,0.13702130238798116,0.09448371514740028,0.02961660865032434
EG,Individual equity,,2016-2019,1006,0.7352168488872284,0.081571139906921,-0.16177375424951745,0.9787491562120577,0.09303803849160475,-0.12364927917287827,0.15338411958106227,0.008406561619959785,-0.09828339108264905,-0.24353230732482933,-0.011466898584683749,-0.038124475076639186
EG,Individual equity,,2020-2022,756,0.33780776250731237,0.05376687272541436,-0.20301354795835913,0.6728576678825505,0.10362910801250558,-0.1911931691073897,-0.3342416568018846,-0.06895381170560777,-0.33521386329707026,-0.33504990537523816,-0.04986223528709122,-0.011820378850969426
EG,Individual equity,,2023-present,917,-0.6134586860452667,-0.09223985556416237,-0.44273239572828094,0.2276023127631857,0.01663746723478754,-0.16385237965865806,-0.8738645602879956,-0.09467831493509349,-0.34171727667761986,-0.8410609988084523,-0.1088773227989499,-0.27888001606962287
EIX,Individual equity,,2016-2019,1006,0.20797967325882125,0.01901267143355745,-0.1670499144895612,0.8489173106375479,0.09165013949756795,-0.12268111107312363,-0.6953764670507205,-0.055734783583564096,-0.22073446669293006,-0.6409376373787267,-0.0726374680640105,-0.04436880341643756
EIX,Individual equity,,2020-2022,756,1.2408916983720926,0.2975457653446014,-0.14298294903555775,1.0485300510437108,0.14289109298364466,-0.10440034512510776,0.791672511859909,0.14016547453927508,-0.1452840067737926,0.1923616473283818,0.15465467236095676,-0.038582603910449986
EIX,Individual equity,,2023-present,917,0.7345259827710119,0.11413548158531661,-0.1377548537367963,1.0026895946513197,0.12952663998290914,-0.0932400468657314,-0.12417919776137092,-0.018052959567650406,-0.15519166673334506,-0.2681636118803078,-0.01539115839759253,-0.044514806871064905
EL,Individual equity,,2016-2019,1006,1.1799495941549836,0.17555509364995348,-0.12950012457178695,1.389567791373884,0.16292360139879758,-0.10339553706610338,0.3525912793320603,0.02930848573013356,-0.12643085220583028,-0.2096181972189004,0.012631492251155896,-0.026104587505683563
EL,Individual equity,,2020-2022,756,0.6108058420459073,0.12803743242084775,-0.2836215721992055,0.6107197825351377,0.08388059468635833,-0.17828298167171042,0.22414035289409337,0.02532046353265005,-0.2853551267861172,8.605951076956497e-05,0.04415683773448942,-0.10533859052749506
EL,Individual equity,,2023-present,917,1.1649916063975077,0.4061795205838963,-0.2468169166329145,0.8515795286328491,0.15929167633226826,-0.1761681788296029,0.8206163552618563,0.2146493982936859,-0.29388371801535096,0.3134120777646585,0.24688784425162802,-0.0706487378033116
ELV,Individual equity,,2016-2019,1006,1.6242775200999908,0.28119525178354565,-0.10932304924082992,1.7314087915610488,0.23826605206572649,-0.06593616976056738,0.36785100098832707,0.031838800841097914,-0.13620912448244116,-0.10713127146105794,0.042929199717819166,-0.04338687948026254
ELV,Individual equity,,2020-2022,756,-0.00514414316656043,-0.028185312032324106,-0.27250970804528873,0.5097237918350894,0.07115750030558354,-0.1317733592678927,-0.3724812144943515,-0.07741167232753876,-0.38615345023468284,-0.5148679350016498,-0.09934281233790765,-0.14073634877739605
ELV,Individual equity,,2023-present,917,0.4098399052358341,0.06297931168718418,-0.28773934675816515,0.7748455871103573,0.10995848487736404,-0.1691030659577224,0.049387949587668796,-0.0025088725985429328,-0.1444104438366861,-0.36500568187452326,-0.04697917319017986,-0.11863628080044275
EMB,Bond ETF,,2016-2019,1006,1.1466647318574383,0.03179132247448391,-0.030144436610186842,1.168137093455788,0.028772688545997127,-0.030144436610187286,0.23682341479474106,0.002934208851085751,-0.021460697589563815,-0.021472361598349643,0.0030186339284867802,4.440892098500626e-16
EMB,Bond ETF,,2020-2022,756,0.43251114811835895,0.03180267943692239,-0.06956471553246324,0.050282867247793885,0.0006580863926759495,-0.027291228346555174,0.43095530138636795,0.031124110690516904,-0.06353060131191557,0.38222828087056504,0.031144593044246438,-0.042273487185908065
EMB,Bond ETF,,2023-present,917,0.3091225007128553,0.012111723705807043,-0.05106435225342554,0.6328054025904414,0.02413114229833746,-0.0456445444328023,-0.7694540731095845,-0.011736210428634264,-0.047605182812533675,-0.3236829018775861,-0.012019418592530418,-0.005419807820623235
EME,Individual equity,,2016-2019,1006,0.5337233303339332,0.07372602892368052,-0.16171301809847138,0.6358025864406689,0.07337529225134731,-0.15195059236294062,0.23143745412478625,0.0185825656673404,-0.14609599296403586,-0.10207925610673574,0.00035073667233320727,-0.009762425735530766
EME,Individual equity,,2020-2022,756,0.49608659167196373,0.10591036990252078,-0.2695658764178702,1.1001186421646656,0.1972561608789598,-0.14652081240021508,-0.25115562136465963,-0.07477073515604582,-0.41834037347164243,-0.6040320504927019,-0.09134579097643902,-0.12304506401765514
EME,Individual equity,,2023-present,917,1.9875461473319274,0.5407941612650307,-0.1480711566758557,2.367274894528751,0.5345570811697093,-0.15408548507944708,0.15597771698603438,0.012141896118085693,-0.1931371396268634,-0.3797287471968238,0.006237080095321312,0.006014328403591396
EMR,Individual equity,,2016-2019,1006,1.4256133666469861,0.2284541920508658,-0.09520380054069921,1.6565799631999245,0.19326440988590132,-0.0790740048291676,0.34349000129395774,0.031180839422743523,-0.10198484242810502,-0.23096659655293839,0.03518978216496449,-0.016129795711531614
EMR,Individual equity,,2020-2022,756,0.5584094652409579,0.11857878717426518,-0.2143816592596931,0.7442572413569511,0.11179205457316455,-0.15154310958223982,0.2155174398576146,0.02325133261467016,-0.2541447725365854,-0.18584777611599324,0.006786732601100631,-0.06283854967745328
EMR,Individual equity,,2023-present,917,1.3380534537020319,0.2853199242530291,-0.19750530447123127,1.5498544261942686,0.2452788403817976,-0.13436691715467852,0.3628378183596581,0.04205345330593291,-0.12285265429833414,-0.21180097249223673,0.04004108387123151,-0.06313838731655275
ENPH,Individual equity,,2016-2019,1006,1.548816406996399,1.0214758405254378,-0.3389202794030366,1.4512397137074078,0.7086731753388633,-0.43873469933690434,0.5343248339875577,0.1327147850005017,-0.3699152425390507,0.09757669328899121,0.3128026651865745,0.09981441993386775
ENPH,Individual equity,,2020-2022,756,1.3728506291918918,0.7936424301077512,-0.39583669085798956,1.8757559845378409,0.9682399894396863,-0.21425032553687295,-0.10029518005487177,-0.08870745451200768,-0.568498510138554,-0.502905355345949,-0.1745975593319351,-0.1815863653211166
ENPH,Individual equity,,2023-present,917,0.12419492864005488,-0.04361644967938627,-0.5758438794544412,-0.10537712108816803,-0.046121582094792224,-0.341796674950545,0.2683644296875231,0.02851907082655325,-0.4931939349620241,0.22957204972822293,0.002505132415405953,-0.23404720450389616
ENTG,Individual equity,,2016-2019,1006,0.6640633852408434,0.122042643126135,-0.22843481103886376,0.9649467178472636,0.15197884701865938,-0.1424759203310414,-0.10117703546348294,-0.02103217154614556,-0.23404666855288125,-0.3008833326064202,-0.029936203892524382,-0.08595889070782237
ENTG,Individual equity,,2020-2022,756,0.49602628647125113,0.12383665051017756,-0.3989798888550711,1.008678579387102,0.2007154107476934,-0.1376629205194081,0.0397318757852456,-0.03710648439431252,-0.42698375279691636,-0.5126522929158509,-0.07687876023751583,-0.261316968335663
ENTG,Individual equity,,2023-present,917,0.9474960694278091,0.3161640402843757,-0.2197979015569529,0.97876329131966,0.26146131415583396,-0.17376435283035208,0.2542855240118037,0.032845739312476585,-0.27512969923081965,-0.03126722189185094,0.05470272612854177,-0.046033548726600815
EOG,Individual equity,,2016-2019,1006,0.3495881942744047,0.05182348467026188,-0.2875644810165602,0.4605135620460491,0.05630250521131419,-0.156968510916631,-0.2242106913550171,-0.045169761889358506,-0.2503465471071824,-0.11092536777164441,-0.004479020541052314,-0.13059597009992918
EOG,Individual equity,,2020-2022,756,1.326617967772768,0.6126229032271198,-0.4057253148548775,1.3460324138773723,0.3845289133834875,-0.2192522828625484,0.5671437333666125,0.14646090938098166,-0.3170238050943641,-0.01941444610460419,0.22809398984363227,-0.18647303199232912
EOG,Individual equity,,2023-present,917,0.2591998586371883,0.03170153009829879,-0.24682131764974502,0.6272168187521137,0.0722089110594133,-0.1269393250515597,-0.18619589073486845,-0.03637415526248233,-0.22519738243411336,-0.36801696011492535,-0.0405073809611145,-0.11988199259818533
EPD,Individual equity,,2016-2019,1006,0.9072394091285322,0.12899275926123188,-0.0814387814505747,1.1493120724795212,0.14005258781184238,-0.07493549359249008,-0.0053315240898715545,-0.003924027880479297,-0.12023861228485011,-0.24207266335098898,-0.011059828550610495,-0.006503287858084628
EPD,Individual equity,,2020-2022,756,1.1927479306127846,0.33858602535234694,-0.24300343557297532,1.279475034563492,0.22136632515904542,-0.10392344097918438,0.54412886573325,0.10043769905535571,-0.2158986659761717,-0.08672710395070737,0.11721970019330152,-0.13907999459379095
EPD,Individual equity,,2023-present,917,0.48418144435539634,0.041599263774102946,-0.15068847230855342,1.2032143719184005,0.10232518390766243,-0.07955748058982648,-1.2367346902130627,-0.05131418433763624,-0.1966511069711787,-0.7190329275630042,-0.060725920133559486,-0.07113099171872694
EQIX,Individual equity,,2016-2019,1006,0.5491891478596689,0.070572518857424,-0.15746434367919715,1.2647815890333716,0.14262854987310636,-0.08622707110530692,-0.6303054033752125,-0.06195507436866554,-0.23190448747149095,-0.7155924411737027,-0.07205603101568236,-0.07123727257389023
EQIX,Individual equity,,2020-2022,756,1.2416614248931577,0.31675405334306217,-0.17205440707576658,1.2166026922533484,0.2129580172812675,-0.10265350220149971,0.6007354051980086,0.09778888438393096,-0.16805684755082373,0.02505873263980929,0.10379603606179466,-0.06940090487426687
EQIX,Individual equity,,2023-present,917,1.002921644847463,0.1678446248103218,-0.13257555221781536,1.0997652979317205,0.14917525342751792,-0.11622290454947604,0.33782025223175305,0.028785730617540306,-0.12915579955610956,-0.09684365308425757,0.01866937138280389,-0.016352647668339326
EQT,Individual equity,,2016-2019,1006,-0.0006432483447284873,-0.04292837946574146,-0.428520903813447,0.06628144197175316,-0.0015957003405512316,-0.27164964627644983,0.020582068148776105,-0.02769696393956045,-0.3704212451195511,-0.06692469031648164,-0.04133267912519023,-0.15687125753699716
EQT,Individual equity,,2020-2022,756,0.3333911800854885,0.05365828968264408,-0.5832415118538116,0.7785377839813236,0.2130486943126506,-0.2777298715497546,-0.34442658236119494,-0.13139654275818013,-0.6477281723115592,-0.44514660389583505,-0.15939040463000653,-0.305511640304057
EQT,Individual equity,,2023-present,917,0.6100000024626154,0.12732885612295508,-0.21567170333538144,0.37080459299536994,0.05088508941447256,-0.17213921352960837,0.20695093968355643,0.021274004336903518,-0.2820767926755603,0.2391954094672455,0.07644376670848252,-0.04353248980577307
ERIE,Individual equity,,2016-2019,1006,1.1857391541625961,0.16965024534466133,-0.16898112871014914,1.9416828367791592,0.19550256249290654,-0.08934416041708082,0.08500131022328132,0.0033910842673796626,-0.2119544021559171,-0.7559436826165631,-0.025852317148245207,-0.07963696829306832
ERIE,Individual equity,,2020-2022,756,1.0896234799169802,0.19710173120738594,-0.18919634487558235,1.3552822002817315,0.19678472642456102,-0.08342267650193436,0.16611713563715275,0.012599733446808647,-0.15851832250790265,-0.26565872036475136,0.0003170047828249256,-0.10577366837364799
ERIE,Individual equity,,2023-present,917,0.4589962156781308,0.0762378275037996,-0.3220603426433587,0.9184535172965023,0.13242378670368504,-0.16551807924378714,-0.4490332598497601,-0.07191646547630282,-0.335433541551874,-0.45945730161837145,-0.05618595919988545,-0.15654226339957156
ES,Individual equity,,2016-2019,1006,0.4529044425094419,0.045558811055463444,-0.14514732765200644,0.7261682171684642,0.06356170094338576,-0.08304510623776473,-0.1368999174741944,-0.011458370583521726,-0.1099559464194213,-0.27326377465902235,-0.018002889887922313,-0.06210222141424171
ES,Individual equity,,2020-2022,756,0.3252555309238525,0.048030286608488515,-0.3386386318339615,0.27525743879505965,0.02467315207433418,-0.1600995470509653,0.31076710111055056,0.041579450136327134,-0.22424754878517628,0.04999809212879286,0.023357134534154333,-0.17853908478299618
ES,Individual equity,,2023-present,917,0.11455721283290678,0.005826183683371733,-0.22117070026018626,0.24501382339246394,0.022272228151813067,-0.15067302623952494,0.11916857404539985,0.0071105972923732885,-0.16658907824533742,-0.13045661055955715,-0.016446044468441334,-0.07049767402066132
ESLT,Individual equity,,2016-2019,1006,0.980367592796796,0.12689858900586826,-0.1757063836035223,1.400881374094011,0.14374793788700968,-0.0845507681832991,0.020984658730402467,-0.002011416591159665,-0.17890949070342665,-0.42051378129721495,-0.016849348881141424,-0.09115561542022321
ESLT,Individual equity,,2020-2022,756,0.6616146860722263,0.1383099026201271,-0.11118457820975147,0.8020379103997733,0.1369292665239239,-0.12626857635804334,0.1972753728408295,0.019288535521831074,-0.19050271635879812,-0.14042322432754706,0.0013806360962032027,0.015083998148291866
ESLT,Individual equity,,2023-present,917,1.1649263012853237,0.24215912345639734,-0.22170163201455706,1.4582762007537253,0.283018977012359,-0.23136286553968433,-0.2674009557030663,-0.028516972664289875,-0.1496558289263925,-0.2933498994684016,-0.04085985355596167,0.009661233525127266
ESS,Individual equity,,2016-2019,1006,0.24742297962149826,0.02184832895170863,-0.1510934608039528,0.5205526530007475,0.042580468464087806,-0.11811249203248131,-0.24622298880365082,-0.020739672483442884,-0.14444865538955032,-0.2731296733792492,-0.020732139512379177,-0.0329809687714715
ESS,Individual equity,,2020-2022,756,0.4523706948369429,0.09013318757095701,-0.3413259001014314,0.1599150753699995,0.012567420614320257,-0.17267815952342347,0.38903497895140343,0.0676090102088005,-0.34770661399428626,0.29245561946694343,0.07756576695663675,-0.1686477405780079
ESS,Individual equity,,2023-present,917,0.22997116697381073,0.02288081812325138,-0.20238803064636368,0.5913403583310296,0.0654325663125832,-0.08844336080413484,-0.030529754625974043,-0.007030963394884515,-0.10911659734195056,-0.3613691913572189,-0.04255174818933183,-0.11394466984222884
ET,Individual equity,,2016-2019,1006,0.2712963258182442,0.03706671958300012,-0.26431302815832025,0.17370902824760245,0.015028328798298629,-0.19618371576575855,0.1337232437050166,0.008883707658138285,-0.17922663235005976,0.09758729757064175,0.02203839078470149,-0.0681293123925617
ET,Individual equity,,2020-2022,756,0.7742296142546257,0.2554372480719176,-0.40420976025071387,1.025701772580044,0.22479758685330653,-0.17417558376864806,0.3465248945270229,0.05607522244464236,-0.41312627829119886,-0.25147215832541825,0.03063966121861106,-0.2300341764820658
ET,Individual equity,,2023-present,917,1.1313725698706154,0.14222539693690361,-0.10381673698980165,1.515864870908284,0.16544316219909727,-0.07365870798926866,-0.11994168822380678,-0.010592731054194338,-0.09648729042892001,-0.3844923010376686,-0.023217765262193657,-0.030158029000532993
ETH/USD,Crypto,,2020-2022,730,1.1181382780293965,0.6045680259237092,-0.5542363078285806,1.84081105948135,0.782637951000628,-0.10472955550065477,0.05238667051194306,-0.07772253381049354,-0.6662444727382539,-0.7226727814519536,-0.17806992507691888,-0.4495067523279258
ETH/USD,Crypto,,2023-present,1338,0.7683653291322838,0.2092297574865738,-0.2878392966489284,0.664895201302543,0.12429493194685959,-0.31630815398283785,0.5853927799822454,0.11620359093830568,-0.24473791980835868,0.10347012782974085,0.08493482553971421,0.02846885733390947
ETN,Individual equity,,2016-2019,1006,0.8738718429874999,0.12521844511203528,-0.15475774270083853,1.4689517122212896,0.16965484744734693,-0.08573370377225686,-0.25954304481478496,-0.030468840538580566,-0.19572706581925658,-0.5950798692337897,-0.04443640233531165,-0.06902403892858167
ETN,Individual equity,,2020-2022,756,0.49640377585141277,0.09733582377251904,-0.3226991352843319,1.2549560630411687,0.18428380727052485,-0.1464262255927984,-0.2750531951643847,-0.07942216922091683,-0.4266806991182447,-0.7585522871897559,-0.08694798349800581,-0.17627290969153353
ETN,Individual equity,,2023-present,917,0.9047213268317971,0.18737566314897003,-0.1800316776378067,1.5873505308300428,0.2878015086515757,-0.10967485694788037,-0.43140487677907846,-0.0674333285848101,-0.22297550747477834,-0.6826292039982458,-0.10042584550260569,-0.07035682068992632
ETR,Individual equity,,2016-2019,1006,0.7212498777520171,0.08396792187482371,-0.14197379615836692,0.9145006942903018,0.09042937088236491,-0.09971027420287304,0.15047949394256335,0.008405339121209998,-0.11263777831205668,-0.1932508165382847,-0.006461449007541198,-0.04226352195549388
ETR,Individual equity,,2020-2022,756,0.9951072268986474,0.23119048887966787,-0.29205028781036935,0.8333669164209545,0.09634521942943697,-0.13589430992339868,0.8008658539416725,0.15563084560162377,-0.15860139891162373,0.16174031047769288,0.1348452694502309,-0.15615597788697066
ETR,Individual equity,,2023-present,917,0.4332100952893471,0.04626472714071106,-0.21048297881457434,1.3589042289811966,0.14338109878931382,-0.08365174246451712,-1.3121380195579704,-0.08697003938226122,-0.33213266325054114,-0.9256941336918494,-0.09711637164860276,-0.12683123635005722
EVRG,Individual equity,,2016-2019,397,0.6657462190449019,0.05347000916233813,-0.07783105779126565,1.2463337990801515,0.09506731462627016,-0.0482980542300665,-1.0184997982531871,-0.041645025991284945,-0.09158941959017264,-0.5805875800352496,-0.04159730546393203,-0.029533003561199145
EVRG,Individual equity,,2020-2022,756,0.4817250048622374,0.08641241868505345,-0.39593511408375015,0.5072627348774372,0.05211729055963876,-0.1862706224819648,0.18512912929882372,0.01688959213799346,-0.2999772566634231,-0.025537730015199822,0.03429512812541469,-0.20966449160178535
EVRG,Individual equity,,2023-present,917,0.4724557170359082,0.05310924712064713,-0.12486076946585623,0.6766447847275856,0.06657822253803958,-0.11927123211792723,0.03120182568834821,-0.0004250642302047192,-0.13616103862208606,-0.20418906769167738,-0.013468975417392448,-0.005589537347928997
EW,Individual equity,,2016-2019,1006,1.0363084615890443,0.21976010903246412,-0.181444176066616,1.2714413378439031,0.22085592413845934,-0.09541336155791225,-0.03919377372444337,-0.013944383872877109,-0.2562514458108208,-0.2351328762548588,-0.0010958151059952126,-0.08603081450870376
EW,Individual equity,,2020-2022,756,0.45201081842142127,0.08672203401956113,-0.2180753055954573,1.0060518296037317,0.13803609869869282,-0.13819283447154096,-0.1708505014800139,-0.06244668972765277,-0.2942149399892203,-0.5540410111823104,-0.05131406467913169,-0.07988247112391633
EW,Individual equity,,2023-present,917,0.1096684188134695,0.0018372928281265022,-0.3089232888465435,-0.2367167180598316,-0.035466353194119726,-0.2594942133525301,0.1285307016555985,0.00845194573329544,-0.25019143208488315,0.3463851368733011,0.03730364602224623,-0.04942907549401343
EWG,Thematic/industry ETF,,2016-2019,1006,-0.04107875932300212,-0.009755482820787531,-0.1917047541110919,0.22054319931154925,0.014792066639543133,-0.16089266822403814,-0.5326324224128856,-0.03854832597310354,-0.20685364569193776,-0.2616219586345514,-0.024547549460330664,-0.030812085887053753
EWG,Thematic/industry ETF,,2020-2022,756,1.2461971176895954,0.26663860339509715,-0.09795735221375756,0.6519153788368603,0.07604633633596758,-0.14833191552330915,1.0406945708403297,0.1747877015109789,-0.09336878664436643,0.594281738852735,0.19059226705912957,0.05037456330955159
EWG,Thematic/industry ETF,,2023-present,917,0.6505269162686547,0.06964728745420845,-0.13811047890119033,1.2068336356439302,0.1025700954713078,-0.06510477843098228,-0.3215626987034448,-0.027049320615398886,-0.11020302800671977,-0.5563067193752755,-0.03292280801709935,-0.07300570047020805
EWJ,Thematic/industry ETF,,2016-2019,1006,0.3062894510693172,0.02239169148403186,-0.12427578506918446,0.7783134364512765,0.049105099471499214,-0.08467297561248299,-0.3881751009141654,-0.02335661275648515,-0.14547508772290263,-0.4720239853819593,-0.026713407987467352,-0.03960280945670147
EWJ,Thematic/industry ETF,,2020-2022,756,0.5282898585927073,0.0700583806256474,-0.14588921418385814,0.7780116654255149,0.06777681101872335,-0.0922186389378431,0.13974318190309,0.009739106466878589,-0.20341341586183892,-0.24972180683280765,0.00228156960692405,-0.05367057524601504
EWJ,Thematic/industry ETF,,2023-present,917,0.17863495336189847,0.014576549148809681,-0.10921666013535336,0.64464897801844,0.0627801679735791,-0.11892497888424436,-0.5792853508870844,-0.04266721018856223,-0.16478003267458696,-0.4660140246565415,-0.04820361882476942,0.009708318748890998
EWZ,Thematic/industry ETF,,2016-2019,1006,0.9066081717357712,0.19631695096950175,-0.18628402884232598,1.632633452254305,0.30814252094736405,-0.13398896568144514,-0.5141211669122189,-0.08698657939463772,-0.32275965476538415,-0.7260252805185337,-0.1118255699778623,-0.05229506316088084
EWZ,Thematic/industry ETF,,2020-2022,756,1.166107036866753,0.34995936282216467,-0.15852630734907258,1.2175791465016228,0.20004400290749502,-0.1641468884192333,0.5218643910789568,0.10386557642306582,-0.22747072733276508,-0.05147210963486981,0.14991535991466964,0.005620581070160724
EWZ,Thematic/industry ETF,,2023-present,917,0.531974722360077,0.08178176066580645,-0.18203004307546844,0.8165239542867799,0.09952873549907526,-0.10649529009067604,-0.02261464200376802,-0.011067355692081393,-0.20722912384658354,-0.2845492319267029,-0.017746974833268814,-0.0755347529847924
EXC,Individual equity,,2016-2019,1006,0.4638490165506717,0.0472297332714644,-0.09808556029104909,0.5686861897616441,0.04716119278219777,-0.11410817300694975,-0.026062577808748006,-0.004774039049370571,-0.13183410122911265,-0.10483717321097241,6.854048926663303e-05,0.016022612715900664
EXC,Individual equity,,2020-2022,756,0.9203525916624611,0.1932261003053235,-0.19228631374353633,0.5581444945696732,0.07160365771053212,-0.17438441530327353,0.48876005344498086,0.07542506090618972,-0.1949911248015901,0.3622080970927879,0.12162244259479138,-0.017901898440262798
EXC,Individual equity,,2023-present,917,-0.4272537101969124,-0.058687967308179045,-0.28656984285188736,0.47826004561936974,0.04290612690536588,-0.1322522518672561,-0.6172268592915483,-0.05959235172280741,-0.25931579514703595,-0.9055137558162821,-0.10159409421354493,-0.15431759098463127
EXE,Individual equity,,2016-2019,1006,0.491608936880533,0.1261409278816592,-0.5264478199700162,0.605035358140308,0.14953733331746522,-0.41147196742443803,0.41657917897681046,0.0875242146344104,-0.45128110456102943,-0.11342642125977498,-0.02339640543580601,-0.11497585254557818
EXE,Individual equity,,2020-2022,756,-0.24913010178597028,-0.40351491929847016,-0.9586062495850157,0.6081742557989156,0.10091042790919302,-0.15992395686458372,0.20807810171882749,-0.036913296355646885,-0.8159789855425705,-0.8573043575848859,-0.5044253472076632,-0.798682292720432
EXE,Individual equity,,2023-present,917,0.8007792447309655,0.14601030507024815,-0.16474108717150304,0.6751850509054743,0.08429000266138642,-0.14655311243722513,0.4283845973462191,0.05196601660007483,-0.14829338656798863,0.1255941938254912,0.06172030240886173,-0.018187974734277912
EXPD,Individual equity,,2016-2019,1006,0.07255810624516877,0.0013642731107825767,-0.19890721985306747,0.5607050085629068,0.04783970840253926,-0.09171376838089806,-0.4758685408739265,-0.0431880277122213,-0.16827749484775523,-0.48814690231773805,-0.046475435291756684,-0.10719345147216941
EXPD,Individual equity,,2020-2022,756,1.0875891652888852,0.21269963767892874,-0.14745242409410253,0.9737293036102513,0.13846895955859617,-0.09790154906454018,0.5403990580606645,0.06910527122262144,-0.14945329584275113,0.11385986167863382,0.07423067812033257,-0.04955087502956235
EXPD,Individual equity,,2023-present,917,0.006309555861497924,-0.009764134001643776,-0.30707980778850663,0.824577395190721,0.09475538496415581,-0.11402712752065502,-1.2583584269624928,-0.12660914685711155,-0.3828531003881658,-0.8182678393292231,-0.10451951896579958,-0.1930526802678516
EXPE,Individual equity,,2016-2019,1006,0.07934457488380385,-0.0015617204951900998,-0.19105736309489008,0.5445067414021718,0.06091005679417649,-0.14715866240018294,-0.3237670256963924,-0.050832753855974855,-0.21062522883905066,-0.46516216651836795,-0.06247177728936659,-0.04389870069470714
EXPE,Individual equity,,2020-2022,756,0.7940835373797733,0.27614112426214654,-0.35860794830784337,0.7208549283155025,0.16465442051500556,-0.1643899646332312,0.5368622693529597,0.1308784902307003,-0.4433075925238723,0.07322860906427087,0.11148670374714098,-0.19421798367461218
EXPE,Individual equity,,2023-present,917,1.1057700189706794,0.30356203319120434,-0.25906104253853124,1.1121536547122564,0.26018053066120794,-0.2349267756727359,0.1473478102445768,0.01074943758825242,-0.1634525116836787,-0.006383635741576965,0.043381502529996396,-0.02413426686579534
EXR,Individual equity,,2016-2019,1006,0.4159275265088366,0.046176139235922564,-0.2532505702518739,0.8638939044915122,0.08252220088865614,-0.13577324736649143,-0.3212421717086287,-0.031246050230698597,-0.2618144330276525,-0.4479663779826756,-0.036346061652733574,-0.11747732288538248
EXR,Individual equity,,2020-2022,756,1.1695522286204896,0.2708127651106198,-0.26656232128323665,1.6835201679605694,0.25930267223103187,-0.11484675409243994,0.10363348896018484,0.0030443330725899997,-0.21596272324193333,-0.5139679393400798,0.01151009287958793,-0.1517155671907967
EXR,Individual equity,,2023-present,917,0.6686346305631461,0.11961439342850189,-0.21380929725957487,0.23017718574592036,0.022653125824533493,-0.16706670087749687,0.6271149436563749,0.08313140767258886,-0.15925665918664944,0.4384574448172257,0.09696126760396839,-0.046742596382078005
F,Individual equity,,2016-2019,1006,0.8742379003345436,0.14674090918265525,-0.19860607412564812,0.6346662716497526,0.07815582787881414,-0.16613200831412733,0.5597986822368196,0.060292274381598565,-0.13061765309620477,0.23957162868479098,0.06858508130384111,-0.03247406581152079
F,Individual equity,,2020-2022,756,1.6062055079942466,0.728502584601399,-0.235140625,1.7892484657159529,0.510690190712279,-0.13048452065629668,0.6333350323980209,0.15372009879178483,-0.3756927515623881,-0.1830429577217063,0.2178123938891201,-0.10465610434370332
F,Individual equity,,2023-present,917,0.5726402737366048,0.10485741857245046,-0.25231067026861975,0.5699667889996693,0.08711953169506992,-0.2358390958131451,0.11169924363524873,0.006264357155939759,-0.13408357844765906,0.0026734847369354053,0.017737886877380538,-0.016471574455474647
FANG,Individual equity,,2016-2019,1006,0.07673122216500226,-0.007265186835040294,-0.32132598507970334,0.20296077773425938,0.01919678512117451,-0.2867959966998429,-0.02741603734095138,-0.0182997168665755,-0.1932890163456943,-0.12622955556925713,-0.026461971956214803,-0.03452998837986043
FANG,Individual equity,,2020-2022,756,1.4468710759584822,0.9593897233187705,-0.48451350800676274,1.2648758962299333,0.447696397029558,-0.2428370047008881,0.8239377857258238,0.32804263921693666,-0.45727541246064773,0.18199517972854884,0.5116933262892125,-0.24167650330587465
FANG,Individual equity,,2023-present,917,0.6764984499652849,0.11078918113772729,-0.15736870861604646,1.1807551817094657,0.1567416393856329,-0.133418135509754,-0.20909612687697055,-0.03263627882996989,-0.20237859565738736,-0.5042567317441808,-0.045952458247905614,-0.02395057310629245
FAST,Individual equity,,2016-2019,1006,0.3843417248744649,0.04788185469833617,-0.17151258396222357,0.9927828347490675,0.11481601156255938,-0.0770384980893335,-0.5630360453452176,-0.05940570674197765,-0.23747746654390423,-0.6084411098746025,-0.06693415686422322,-0.09447408587289008
FAST,Individual equity,,2020-2022,756,0.672352169712875,0.12886955006557876,-0.22755415219850228,1.3054940680869804,0.1789570890566725,-0.08206126753438325,-0.2080010417215458,-0.048887594709815296,-0.25499732645244755,-0.6331418983741054,-0.05008753899109375,-0.14549288466411903
FAST,Individual equity,,2023-present,917,1.266983750932711,0.20248248470209274,-0.11224696356198816,1.1881570346453405,0.16656290116127348,-0.0707677715077154,0.6322077975593303,0.04971821719093539,-0.09429326802369475,0.07882671628737059,0.035919583540819255,-0.04147919205427275
FCX,Individual equity,,2016-2019,1006,0.7122512852128569,0.20189440718035723,-0.29052547862910016,0.9226908990540402,0.23013830465785223,-0.20645099830213842,0.045285331936161695,-0.014989929027070192,-0.28709201507886817,-0.21043961384118337,-0.028243897477495006,-0.08407448032696174
FCX,Individual equity,,2020-2022,756,1.508403607658945,0.7380739284874178,-0.26614747578424236,1.5486957657144549,0.5730428619268095,-0.2103208620392022,0.6027605629567162,0.13834466015525693,-0.26009584403359964,-0.040292158055509786,0.16503106656060829,-0.055826613745040166
FCX,Individual equity,,2023-present,917,0.9529652923910177,0.24079053806955963,-0.19125843038073653,1.5179602184973209,0.30958986694243773,-0.12128365525404639,-0.08131609319723376,-0.03220469974674056,-0.2774711095209407,-0.5649949261063032,-0.0687993288728781,-0.06997477512669015
FDS,Individual equity,,2016-2019,1006,1.0552279802148947,0.14653416275054476,-0.12878973009175743,1.7963656986050698,0.21319449644212773,-0.06419328451232076,-0.6238702852603669,-0.05718265651234966,-0.2561529337974534,-0.7411377183901751,-0.06666033369158297,-0.06459644557943667
FDS,Individual equity,,2020-2022,756,0.7891171365913383,0.17628964592255358,-0.1728630338676317,1.0535906883134145,0.15335245312210244,-0.13723264094802912,0.24854774058228224,0.02987001079099616,-0.16774272135716328,-0.2644735517220762,0.022937192800451145,-0.03563039291960257
FDS,Individual equity,,2023-present,917,0.37443991755548345,0.058401455619394804,-0.28864963941182864,0.2285855021693603,0.02127236111882258,-0.1593329887662991,0.33254116596772154,0.04263768902974219,-0.2171159918648251,0.14585441538612315,0.037129094500572224,-0.12931665064552955
FDX,Individual equity,,2016-2019,1006,1.1073700962852941,0.20347501140683666,-0.15871778945234305,1.3074596841487232,0.1576058131679856,-0.07980352950890379,0.32437445721446134,0.03746031871641886,-0.18033908478604133,-0.200089587863429,0.04586919823885105,-0.07891425994343926
FDX,Individual equity,,2020-2022,756,1.0607062747381906,0.29538706733459263,-0.24942838029568704,1.1600444149561249,0.19861188308465816,-0.11553642894044025,0.5310138950099523,0.09923032738447324,-0.18259584146509156,-0.0993381402179343,0.09677518424993448,-0.13389195135524679
FDX,Individual equity,,2023-present,917,0.6161061914026388,0.1009540038504042,-0.19081344341093842,1.428823413001798,0.24898231511312474,-0.10496229858113615,-0.4650150729570046,-0.059581162811078836,-0.22632043570697769,-0.8127172215991593,-0.14802831126272054,-0.08585114482980227
FE,Individual equity,,2016-2019,1006,0.5437891447852707,0.05715838108761728,-0.12842197977412828,0.6793390532266015,0.06263274585528755,-0.0764909127336183,-0.17556323256983636,-0.01550680916516356,-0.15614471115101625,-0.13554990844133075,-0.00547436476767027,-0.05193106704050998
FE,Individual equity,,2020-2022,756,0.3187182820993574,0.04563819972862415,-0.33261829743180127,0.24225729507955943,0.023024051913689503,-0.19054851762579794,0.5182543049083796,0.06964711545942892,-0.12396726085947962,0.07646098701979795,0.02261414781493465,-0.14206977980600333
FE,Individual equity,,2023-present,917,0.013190139042202889,-0.0063914043454980085,-0.23086057982386965,0.5937501251751919,0.05322072548850265,-0.15144815416674062,-0.5455279633140149,-0.05434207215223108,-0.2562646506821006,-0.580559986132989,-0.05961212983400066,-0.07941242565712903
FER,Individual equity,,2023-present,578,-0.462525329257869,-0.07511637653965353,-0.2068507009407432,0.24350880243297315,0.02160925398539648,-0.09331979962896098,-0.979422359102528,-0.08387676001474609,-0.22001994963790872,-0.7060341316908422,-0.09672563052505001,-0.11353090131178223
FERG,Individual equity,,2020-2022,460,0.836115593494459,0.16834078875053748,-0.12635055232533698,1.0782305974977946,0.16135485098684788,-0.06879308661922057,0.11585768479580122,0.006015334381006987,-0.14124250773417557,-0.24211500400333563,0.006985937763689609,-0.05755746570611642
FERG,Individual equity,,2023-present,917,1.2013021216990474,0.24737039041995312,-0.15048451106129157,1.2185857824876527,0.21065258433008194,-0.09490781722142794,0.4065653552325652,0.040143800513865235,-0.1578284745079449,-0.017283660788605326,0.036717806089871186,-0.05557669383986363
FFIV,Individual equity,,2016-2019,1006,0.7191527681001819,0.10032949504719291,-0.13690280144204237,0.865483714884229,0.08226604221322287,-0.09932530847688148,0.3541666618551619,0.037535634524600736,-0.12653248829541486,-0.14633094678404712,0.01806345283397004,-0.037577492965160886
FFIV,Individual equity,,2020-2022,756,0.976936960880304,0.25245409274428243,-0.2417060698347644,1.2686179440067822,0.18662967075095338,-0.11143028210788597,0.6035327539729773,0.11904749326138853,-0.1879938719950095,-0.29168098312647817,0.06582442199332905,-0.13027578772687842
FFIV,Individual equity,,2023-present,917,0.6891467806745839,0.10521990249447133,-0.15544412841281507,0.6294183119218316,0.07811804546948076,-0.13259723552491198,0.289385123977978,0.023077331359345088,-0.13110534061978796,0.059728468752752284,0.027101857024990572,-0.022846892887903092
FICO,Individual equity,,2016-2019,1006,1.1569368531163293,0.21041735573240872,-0.18825051811257487,1.4458243759832274,0.2044354896046554,-0.14569791403786092,0.038928919010877056,-0.0023643592664438495,-0.16504395806985106,-0.2888875228668981,0.00598186612775331,-0.04255260407471395
FICO,Individual equity,,2020-2022,756,1.4641461011318886,0.48800403693288175,-0.14985604226367333,0.8083072526856997,0.13824887590640267,-0.1303894647419881,1.2411370704584703,0.3147464407767602,-0.1316415278642149,0.6558388484461889,0.3497551610264791,-0.019466577521685235
FICO,Individual equity,,2023-present,917,0.9606463844264206,0.25611516950886637,-0.20251801169470474,1.1351744674709634,0.2010418556777911,-0.2427831112946447,0.3480947515129598,0.05363011820410657,-0.22549480895962548,-0.17452808304454281,0.05507331383107528,0.04026509959993996
FIS,Individual equity,,2016-2019,1006,0.6381480984755497,0.0716578922005815,-0.15855700733346478,1.257631604422901,0.12876209588239984,-0.11050092828959612,-0.49693820896650737,-0.03510533228616697,-0.16258916033690318,-0.6194835059473514,-0.057104203681818344,-0.04805607904386866
FIS,Individual equity,,2020-2022,756,0.45281535218530194,0.08714439546944752,-0.2727849503622374,-0.08413959667168852,-0.01819754547020913,-0.18148920438575344,0.4951837386748443,0.09183745435644997,-0.22088776960241552,0.5369549488569905,0.10534194093965665,-0.09129574597648393
FIS,Individual equity,,2023-present,917,0.9954925393510146,0.20478147749591913,-0.1598300184068795,0.9310821140546118,0.10679431655158678,-0.14578307754770736,0.5736539470798531,0.09159490718719998,-0.14970180757964935,0.06441042529640273,0.09798716094433235,-0.01404694085917213
FISV,Individual equity,,2016-2019,1006,0.1872144144626441,0.015548860489493999,-0.1691825039798852,0.8721590676096175,0.08715100090261263,-0.08204709025420842,-0.7937925273424392,-0.05767893480022335,-0.2464914584539195,-0.6849446531469734,-0.07160214041311863,-0.08713541372567679
FISV,Individual equity,,2020-2022,756,0.08381152496788952,-0.009378134280283223,-0.2995921736539532,0.37746871398677184,0.040080827448914835,-0.09523832093233164,-0.14134155759450043,-0.051781508132373366,-0.33910855170439025,-0.2936571890188823,-0.04945896172919806,-0.20435385272162154
FISV,Individual equity,,2023-present,917,0.7006184576268214,0.1232859993458657,-0.29527717955570565,1.7485523404424328,0.22100128160818033,-0.07162429897678568,-0.13412095265169907,-0.03198646243400871,-0.250066494274107,-1.0479338828156113,-0.09771528226231463,-0.22365288057891997
FITB,Individual equity,,2016-2019,1006,0.7490042392635445,0.12428840153919629,-0.1444000974450229,1.2356307144591239,0.159801809824482,-0.1260527071900418,-0.20452222640077516,-0.035335892683137526,-0.21996432789362175,-0.48662647519557933,-0.03551340828528571,-0.01834739025498111
FITB,Individual equity,,2020-2022,756,0.3960825021598443,0.08225476396017495,-0.4893468774176325,0.46938167334739983,0.07858424225048033,-0.26363605519109334,0.23283608139518158,0.025304191378090923,-0.4174944015192589,-0.07329917118755552,0.0036705217096946186,-0.22571082222653915
FITB,Individual equity,,2023-present,917,0.9525115770451325,0.19660426188744484,-0.2119570251077162,1.0514301884141555,0.17299147296926143,-0.16925307885529506,0.46303073571018916,0.05557523336228121,-0.11285356622131293,-0.09891861136902302,0.023612788918183414,-0.04270394625242113
FIX,Individual equity,,2016-2019,1006,0.5521836373609157,0.08122381610434704,-0.27332602528412775,0.33674958425489493,0.03253834337042494,-0.26878580038022115,0.48916329750787285,0.05509725362251938,-0.10914046270313482,0.21543405310602076,0.0486854727339221,-0.004540224903906598
FIX,Individual equity,,2020-2022,756,0.8654909733943762,0.273377485168083,-0.21816766693266498,1.5098547510645601,0.3512620248342364,-0.14373222666189256,-0.023175773365391426,-0.04321350875622221,-0.34397079170535527,-0.6443637776701839,-0.07788453966615339,-0.07443544027077242
FIX,Individual equity,,2023-present,917,1.2518864075154061,0.3926586583602709,-0.4544315002866647,1.8116590430865198,0.5437913439375817,-0.2821929354469833,-1.0146848319914625,-0.1661629564679602,-0.5192554282134397,-0.5597726355711137,-0.15113268557731074,-0.17223856483968136
FLEX,Individual equity,,2016-2019,1006,0.5553367187118214,0.11989443607214034,-0.17513259916259116,0.6653539152435007,0.07712362875010337,-0.11775747467473052,0.24433649942618235,0.03299608256687114,-0.24856480582114604,-0.1100171965316793,0.042770807322036974,-0.05737512448786064
FLEX,Individual equity,,2020-2022,756,0.7189372699393665,0.19935341326556033,-0.517758619565631,1.0579618211662083,0.22860665996169738,-0.18245567185315148,0.013827649193469684,-0.024135604558520818,-0.5056994234244419,-0.33902455122684183,-0.029253246696137047,-0.3353029477124795
FLEX,Individual equity,,2023-present,917,1.44570330100905,0.3879432194720549,-0.23159624384676425,1.9241390415081752,0.41987454842643746,-0.15667304764442136,-0.05348964268564432,-0.02042926747428231,-0.26935952386974615,-0.4784357404991251,-0.031931328954382554,-0.07492319620234289
FLOT,Bond ETF,,2016-2019,1006,2.493260144539212,0.014821581021066565,-0.004352775943396003,2.545890720499676,0.015075949864422622,-0.004352775943396003,-0.5007457125694801,-0.00025059094680557337,-0.0010000000000000009,-0.05263057596046394,-0.0002543688433560565,0.0
FLOT,Bond ETF,,2020-2022,756,0.369161181795071,0.003679936605635481,-0.016787572464642686,0.6111747863280976,0.002928631730937603,-0.00646525228506778,0.08882123023095666,0.000749111004440639,-0.011379101368231948,-0.24201360453302662,0.0007513048746978779,-0.010322320179574906
FLOT,Bond ETF,,2023-present,917,6.523575133870216,0.042431791129502905,-0.005982635457099428,6.523575133870216,0.042431791129502905,-0.005982635457099428,,0.0,0.0,0.0,0.0,0.0
FOX,Individual equity,,2016-2019,1006,0.976859973744754,0.14705530310601422,-0.13040319133195344,1.4189769774031438,0.1793600478153452,-0.10423570302621132,-0.07063829025449028,-0.011316839864614292,-0.1106247863320664,-0.4421170036583898,-0.03230474470933098,-0.026167488305742115
FOX,Individual equity,,2020-2022,756,0.6971885333819581,0.15284820768862972,-0.3093014576029962,0.13768175681071143,0.009472257633162728,-0.12782193887833004,0.6977743576407108,0.13014788655483644,-0.2827670527135032,0.5595067765712467,0.143375950055467,-0.18147951872466617
FOX,Individual equity,,2023-present,917,0.8470416827283309,0.14348355608487595,-0.24110860707443327,1.2758346397275246,0.19423592439889603,-0.10127818964047108,-0.1994870613816881,-0.026419692909013803,-0.25308585975526554,-0.42879295699919373,-0.05075236831402008,-0.13983041743396218
FOXA,Individual equity,,2016-2019,1006,1.0090523986698858,0.160712858740097,-0.15242920221651646,1.3697914356923557,0.1862502458128512,-0.14174565014353202,-0.04059263494003893,-0.008654514096926524,-0.12836360587623086,-0.3607390370224699,-0.025537387072754214,-0.010683552072984437
FOXA,Individual equity,,2020-2022,756,0.28623977315345983,0.0404612309315695,-0.3226612193944379,0.06670473094922809,-0.0008368248237357045,-0.16202643419963414,0.2943009107404057,0.038435960726093565,-0.29622499950642156,0.21953504220423176,0.04129805575530521,-0.1606347851948038
FOXA,Individual equity,,2023-present,917,0.7057911083452599,0.12072096182534553,-0.20734690905173092,1.1655828252439129,0.17512343031618194,-0.11841089672281357,-0.23968791872834314,-0.03475002174945063,-0.25553870386383304,-0.45979171689865295,-0.05440246849083641,-0.08893601232891735
FRT,Individual equity,,2016-2019,1006,0.13552209025185527,0.009040920190638735,-0.17512491357326632,-0.056609227251046626,-0.007011076438989572,-0.20930734839275367,0.033000224423123566,-0.0010988137030192302,-0.13070406497085918,0.1921313175029019,0.016051996629628307,0.03418243481948735
FRT,Individual equity,,2020-2022,756,0.6423780830256295,0.1556218827705862,-0.2950124020835798,0.7625422871157098,0.11609735553745493,-0.18688528133689697,0.1854671206595519,0.017053233835374382,-0.3955809264297234,-0.12016420409008033,0.03952452723313127,-0.10812712074668285
FRT,Individual equity,,2023-present,917,0.644989210149065,0.08704646010247274,-0.14512426728983263,0.6271165468418545,0.058428290271328454,-0.1063958568511223,0.42278694741354417,0.04134083014707346,-0.2021534574376348,0.01787266330721049,0.02861816983114429,-0.03872841043871034
FSLR,Individual equity,,2016-2019,1006,0.5366227300557617,0.11256769405455436,-0.27740594582282874,0.1111631637635681,0.0036505771702821654,-0.275106129727554,0.7076798327040492,0.1261274127299139,-0.2281909962745352,0.42545956629219356,0.10891711688427219,-0.0022998160952747426
FSLR,Individual equity,,2020-2022,756,1.0542170491167007,0.3851122690078599,-0.30701120299742546,1.152909411942711,0.33018094669839604,-0.23366262752619982,0.4370812549816321,0.08232024078417788,-0.2910926058501513,-0.09869236282601035,0.05493132230946385,-0.07334857547122564
FSLR,Individual equity,,2023-present,917,0.6253392834218413,0.17086782824716562,-0.3158289088603715,0.2681103606940079,0.037552891759015994,-0.305671856709541,0.5682021728295488,0.12300559479084217,-0.15943118548855917,0.3572289227278334,0.13331493648814963,-0.010157052150830514
FTNT,Individual equity,,2016-2019,1006,1.1396505957767746,0.2552540069774092,-0.20370812298072727,1.6177694341283888,0.30594167287830754,-0.10465513248376046,0.03996605465849469,-0.004689355114633975,-0.191979364972923,-0.4781188383516142,-0.05068766590089835,-0.09905299049696681
FTNT,Individual equity,,2020-2022,756,0.8459255059557934,0.23208890940407212,-0.38986606881428776,1.175447469892683,0.26896381957539295,-0.2897344842861891,-0.01497765782282247,-0.02218098505541677,-0.2762902182195769,-0.3295219639368895,-0.03687491017132083,-0.10013158452809867
FTNT,Individual equity,,2023-present,917,1.221359779717819,0.35211649466775574,-0.18530481872639515,1.5215523853874542,0.3459103132152157,-0.11204273185079094,0.1895060136784658,0.019110704710744386,-0.17231493389480457,-0.3001926056696351,0.006206181452540038,-0.0732620868756042
FTV,Individual equity,,2016-2019,880,1.2107361110265529,0.15488669172285796,-0.12846979801606362,1.2276066036969724,0.11179862336128332,-0.09642106433184527,0.4759255613362586,0.03875528126784866,-0.0820764991154792,-0.016870492670419512,0.04308806836157464,-0.032048733684218345
FTV,Individual equity,,2020-2022,756,0.297680347719483,0.041730929355621615,-0.21682112578456658,0.24139092616038602,0.023145706794165388,-0.15217839580220394,0.029962748473662083,-0.00930682225534496,-0.22288730715814453,0.05628942155909697,0.018585222561456227,-0.06464272998236265
FTV,Individual equity,,2023-present,917,0.11332909466870326,0.005929717901446585,-0.18385754077936556,0.3688467973307479,0.0340044414348899,-0.10482581268842928,0.14243645227560822,0.009633048047122283,-0.11688684346406719,-0.2555177026620446,-0.028074723533443313,-0.07903172809093628
FXI,Thematic/industry ETF,,2016-2019,1006,0.886821016172689,0.12471075905306028,-0.17563664381350663,1.2244473092936423,0.1394333112483359,-0.11336778661666758,-0.003288500113493421,-0.004494504240245001,-0.13674025265054246,-0.33762629312095327,-0.014722552195275629,-0.062268857196839056
FXI,Thematic/industry ETF,,2020-2022,756,1.356266579209984,0.3316771815836079,-0.11705969986616127,0.84972884813386,0.11530331311695785,-0.13831031496979496,1.0548116459962185,0.19400450614814901,-0.11649649905909076,0.506537731076124,0.21637386846665008,0.021250615103633685
FXI,Thematic/industry ETF,,2023-present,917,0.9170780221854248,0.18450560658272663,-0.2008534320510439,0.7356226417569719,0.10967434441610435,-0.1804480169484005,0.3880653108012023,0.0457855211444671,-0.14864617848459893,0.18145538042845288,0.07483126216662228,-0.020405415102643376
GD,Individual equity,,2016-2019,1006,0.677048828586387,0.07619441919361258,-0.11617058001606917,0.8859538433131492,0.08128810986877522,-0.0740929707091672,-0.182703037374709,-0.017210439415035306,-0.15275262224983976,-0.20890501472676215,-0.005093690675162632,-0.042077609306901964
GD,Individual equity,,2020-2022,756,0.6739322074087937,0.1259780032776585,-0.24319553440990704,0.9481229693528861,0.12323082863199164,-0.12410557947018386,0.0758304026271076,-0.0006259503205493511,-0.28189786080286605,-0.2741907619440924,0.002747174645666872,-0.11908995493972319
GD,Individual equity,,2023-present,917,0.7408371448446782,0.08673419885197031,-0.1534469165773512,0.6311713505367863,0.06232146462119337,-0.12132733179313748,0.31855334442356575,0.021690633909989154,-0.15065941944049566,0.10966579430789192,0.024412734230776945,-0.03211958478421373
GDDY,Individual equity,,2016-2019,1006,0.5674536997100169,0.0892789365782849,-0.19605732695443923,0.9891412916539513,0.13159606081063258,-0.11637418931643584,-0.2241961526242624,-0.037067669824518035,-0.21461657944087087,-0.42168759194393435,-0.04231712423234768,-0.07968313763800339
GDDY,Individual equity,,2020-2022,756,0.5448705152337714,0.12160195242988947,-0.17897564924855658,0.8572806395762358,0.133405520949603,-0.12269582960865433,0.16321327343180692,0.011325575926386389,-0.2652708079871837,-0.3124101243424644,-0.011803568519713536,-0.05627981963990225
GDDY,Individual equity,,2023-present,917,1.3915290992673364,0.30514568388627783,-0.24211265929745585,1.0481510966203256,0.15102708797629294,-0.15325061217311353,0.7232593183871878,0.1058422008458424,-0.18499741596504615,0.3433780026470108,0.1541185959099849,-0.08886204712434231
GDX,Thematic/industry ETF,,2016-2019,1006,0.6457258583395323,0.13053220559046563,-0.2437489540565233,0.9507324872968724,0.17583239647327686,-0.17109732743058337,0.017318472533084522,-0.00785783680693064,-0.2175981368827118,-0.3050066289573401,-0.04530019088281123,-0.07265162662593994
GDX,Thematic/industry ETF,,2020-2022,756,0.7431114304606162,0.17298500527410932,-0.23986324804264758,0.8129315221404806,0.14047918073162813,-0.13452085666511593,0.2435610720362811,0.028501900860328444,-0.16924841664606938,-0.06982009167986436,0.03250582454248119,-0.10534239137753165
GDX,Thematic/industry ETF,,2023-present,917,1.000494103472989,0.2529608665453629,-0.27602825110948503,1.8124773181135811,0.38210179732631033,-0.13300434455572974,-0.3172379867097082,-0.0711882457648153,-0.3870122408939396,-0.8119832146405921,-0.12914093078094746,-0.1430239065537553
GDXJ,Thematic/industry ETF,,2016-2019,924,0.6099905837761156,0.12168762516710574,-0.21628818061022004,0.6533222272497952,0.0947627056928817,-0.14996383829391702,0.2524794452628817,0.029663643669463946,-0.18054583746667052,-0.04333164347367957,0.02692491947422404,-0.06632434231630302
GDXJ,Thematic/industry ETF,,2020-2022,756,0.6872142943822198,0.174690249531823,-0.27442033496361573,1.0599086187667408,0.23224463693523956,-0.1416376890440456,-0.055875047853951934,-0.03188533738550159,-0.27071205803921317,-0.372694324384521,-0.05755438740341656,-0.13278264591957012
GDXJ,Thematic/industry ETF,,2023-present,917,0.6542797999364036,0.1591473599895572,-0.376592197637588,1.386326936088995,0.30953953756469255,-0.1988824223063188,-0.49543364055729244,-0.1116403200451217,-0.4838418390808036,-0.7320471361525913,-0.15039217757513534,-0.1777097753312692
GE,Individual equity,,2016-2019,1006,1.113296023677426,0.251409961375062,-0.21742761269714783,1.1476760606097516,0.15184149709953432,-0.07715860379669326,0.7725069030681241,0.13218200434051774,-0.29018552048894974,-0.0343800369323255,0.09956846427552768,-0.14026900890045457
GE,Individual equity,,2020-2022,756,0.44765794081938615,0.09129664579730501,-0.3516514017156721,0.7204332834199343,0.10198616659383375,-0.139572351020528,0.18526417548826157,0.014936217933112061,-0.3966393457573736,-0.27277534260054814,-0.01068952079652874,-0.2120790506951441
GE,Individual equity,,2023-present,917,1.8173497776867396,0.38330097434495225,-0.12062702655397917,2.238353564690014,0.43494496437857344,-0.11462189756887242,-0.29906395228787486,-0.029712693424849168,-0.16652339372687797,-0.42100378700327434,-0.05164399003362119,-0.006005128985106745
GEHC,Individual equity,,2023-present,917,0.6621391178152637,0.13179033464432988,-0.2198605231573717,0.560844167378496,0.07053796430419457,-0.17179480386106583,0.4828867881087237,0.07427115885943336,-0.1474637910083666,0.10129495043676773,0.06125237034013531,-0.048065719296305875
GEN,Individual equity,,2016-2019,1006,1.0356828603342232,0.20289781249743943,-0.28620970709827187,1.5821396601144326,0.2365224021968242,-0.11705931023272398,-0.12166130606643175,-0.027750454988929918,-0.3342060139399382,-0.5464567997802094,-0.033624589699384755,-0.1691503968655479
GEN,Individual equity,,2020-2022,756,0.6634528878264677,0.1271997054127023,-0.19289009550079894,0.8314743333181002,0.13225211223208966,-0.15479251034461206,0.06826454993223438,-6.331895610922622e-05,-0.16014309599728072,-0.16802144549163245,-0.005052406819387345,-0.038097585156186886
GEN,Individual equity,,2023-present,917,1.2851181028228875,0.26387598685025315,-0.1566605917131877,1.0378949508461635,0.14613303133705458,-0.17517847870489733,0.783504615675301,0.10777008570535251,-0.15764154160020816,0.24722315197672406,0.11774295551319858,0.018517886991709642
GEV,Individual equity,,2023-present,605,1.4548946434249537,0.5109895156529942,-0.2697752416178727,2.55264775928528,0.8857388104066757,-0.12089443148015178,-1.1571733856089352,-0.19872810204975455,-0.4153673382876998,-1.0977531158603262,-0.37474929475368146,-0.14888081013772092
GILD,Individual equity,,2016-2019,1006,-0.0669349891993084,-0.022570117338737483,-0.2636538248875169,0.25574667984958005,0.02209031257704619,-0.17273445079503436,-0.03310951490844592,-0.011355891838736198,-0.15582953659827647,-0.32268166904888845,-0.04466042991578367,-0.09091937409248252
GILD,Individual equity,,2020-2022,756,0.27424953092524634,0.031252304273690745,-0.17625075707009097,0.041170898522229195,-0.0010619250299643834,-0.15897965071613462,0.4629665009643498,0.05005001678582777,-0.09733901882059404,0.23307863240301716,0.03231422930365513,-0.017271106353956345
GILD,Individual equity,,2023-present,917,0.6694637973418879,0.10116887307640288,-0.15367593756980058,0.9611828298008954,0.13186274674712983,-0.12202351568180048,-0.1212972560448401,-0.016427189392802855,-0.18048551791899825,-0.29171903245900754,-0.030693873670726957,-0.031652421888000104
GIS,Individual equity,,2016-2019,1006,1.1962808447751192,0.16151282033199021,-0.13405332278029036,0.7570439847425187,0.07074276214790576,-0.10470443232952453,0.46134327405705006,0.04242430839429989,-0.1021426673508703,0.43923686003260054,0.09077005818408446,-0.02934889045076583
GIS,Individual equity,,2020-2022,756,-0.27034283340257553,-0.044417965359779044,-0.2321580604784853,0.18728252169989917,0.015322672479584298,-0.15564618553707787,-0.8368971816591417,-0.060997754053701225,-0.17991475869852325,-0.4576253551024747,-0.05974063783936334,-0.07651187494140743
GIS,Individual equity,,2023-present,917,1.2521680092516345,0.20664322710254135,-0.20580461442795894,0.7305825890824519,0.06833421784249816,-0.0772088983203425,1.0490656115808825,0.13678200879005264,-0.17914515687838983,0.5215854201691826,0.1383090092600432,-0.12859571610761644
GL,Individual equity,,2016-2019,1006,0.7269315737254077,0.07324893731162341,-0.15540847230847887,1.0975968236838494,0.09069657036303624,-0.08307629710603825,-0.3314161388714147,-0.025214425150272946,-0.1737343526438836,-0.37066524995844163,-0.017447633051412836,-0.07233217520244062
GL,Individual equity,,2020-2022,756,0.08802510681388158,-0.012734118282135665,-0.43862543778818397,0.301705284762745,0.03619372317910652,-0.2218304108409771,-0.039880380041045785,-0.03522970093039546,-0.3856611410992956,-0.2136801779488634,-0.04892784146124218,-0.21679502694720687
GL,Individual equity,,2023-present,917,1.071047749673678,0.14374810606284494,-0.09425740019902618,1.005440842029549,0.10298423664319012,-0.10926476750129477,0.1413901732874426,0.008811478805013095,-0.1244228110283524,0.06560690764412902,0.04076386941965482,0.015007367302268593
GLD,Commodity ETF,Cross-asset,2016-2019,1006,1.1012682003150636,0.08542426029255656,-0.06357509864410127,1.0079504497909693,0.059819820928128875,-0.04364106174343274,0.5212879636946779,0.02509525163585291,-0.07234365448171387,0.0933177505240943,0.02560443936442769,-0.019934036900668528
GLD,Commodity ETF,Cross-asset,2020-2022,756,1.3801298728111635,0.1506580127750099,-0.07861866349167623,1.2805190829176925,0.10763927092606251,-0.07715193558451572,0.46837193901867435,0.03014366404196922,-0.0977818975888407,0.09961078989347105,0.043018741848947384,-0.0014667279071605144
GLD,Commodity ETF,Cross-asset,2023-present,917,1.2761350356384544,0.17785547300092142,-0.1538515246024038,1.9293388199230599,0.2235540025833791,-0.10181670560229783,-0.28737026486333456,-0.027542557106585486,-0.22031538927565264,-0.6532037842846055,-0.04569852958245768,-0.05203481900010598
GLW,Individual equity,,2016-2019,1006,1.0249664576386341,0.15033840347329241,-0.12680820834432005,1.1746089298980658,0.11414418304541596,-0.07074858570982034,0.3788446784433693,0.03695442242368974,-0.11708613414862867,-0.1496424722594316,0.036194220427876456,-0.056059622634499706
GLW,Individual equity,,2020-2022,756,0.205489978977096,0.017670168368019823,-0.2706955995801369,0.5981240098054954,0.08831604613758937,-0.12769775614492607,0.03189033777675588,-0.021487002133446453,-0.2875358189338947,-0.3926340308283994,-0.07064587776956954,-0.14299784343521083
GLW,Individual equity,,2023-present,917,1.4662537037354664,0.42448976105119574,-0.299316004055902,1.474897799586275,0.36631279257607563,-0.16229289950163983,0.4973104978052323,0.05987990845560054,-0.16525533917897817,-0.00864409585080872,0.058176968475120105,-0.13702310455426214
GM,Individual equity,,2016-2019,1006,0.38690136295923,0.051757984847714544,-0.17367036721469287,0.48900041703745706,0.04851735325789397,-0.13987290081954018,0.17156286284610034,0.013813086071790215,-0.14428152361567903,-0.10209905407822706,0.003240631589820575,-0.03379746639515269
GM,Individual equity,,2020-2022,756,1.0485296753695026,0.35199955534593275,-0.3109388940969767,1.3020150355821367,0.29748702853998754,-0.09108000886578504,0.2841755960114535,0.04201392816025851,-0.33821656870474925,-0.2534853602126341,0.054512526805945205,-0.21985888523119168
GM,Individual equity,,2023-present,917,0.25818717945257247,0.032817106092126735,-0.3722077187899031,0.6293268916016189,0.09566413506259819,-0.26995396601163135,-0.17182482765325965,-0.035758755258890496,-0.2664969801051946,-0.37113971214904645,-0.06284702897047145,-0.10225375277827176
GNRC,Individual equity,,2016-2019,1006,0.7573113445230787,0.11924524214756049,-0.20236402093549788,1.4042249408634944,0.19626846027387823,-0.09023531498124815,-0.6034732092884898,-0.06355830369567517,-0.2559844782355021,-0.6469135963404157,-0.07702321812631774,-0.11212870595424973
GNRC,Individual equity,,2020-2022,756,1.6363148493835427,0.8092331743781631,-0.2786041534228775,1.3402903587218506,0.3422311197257357,-0.21002995066028385,1.0481887874531595,0.34792968795705703,-0.26270796984220024,0.296024490661692,0.4670020546524274,-0.06857420276259363
GNRC,Individual equity,,2023-present,917,0.799934439284203,0.23018998169167038,-0.2254398617599671,0.8950909338611162,0.21171345287507282,-0.20199352443656138,0.4172159847582881,0.07106264631924852,-0.2722118420868115,-0.09515649457691311,0.01847652881659756,-0.02344633732340573
GOOG,Individual equity,,2016-2019,1006,0.4247254318409804,0.05614734626439888,-0.23765443176948342,1.2000237563234617,0.1408172899342479,-0.12531671435126945,-0.6518057604120888,-0.07385397301452234,-0.34944992425711296,-0.7752983244824814,-0.08466994366984903,-0.11233771741821397
GOOG,Individual equity,,2020-2022,756,0.7515400253125133,0.1694166061168747,-0.22609741299348185,0.5912345947820163,0.08285848916310568,-0.30951926889937953,0.31546447866787664,0.04490943823466176,-0.2029434373319775,0.16030543053049695,0.08655811695376903,0.08342185590589768
GOOG,Individual equity,,2023-present,917,1.2698005232447445,0.28766209614761484,-0.1347056360039003,1.6883356705962052,0.3334818334854268,-0.10435430509759525,-0.0940991851848218,-0.019490446241938075,-0.15595160299457,-0.4185351473514607,-0.04581973733781197,-0.03035133090630504
GOOGL,Individual equity,Mega-cap 7,2016-2019,1006,0.3989605067945028,0.05100770893756512,-0.23412293043332144,1.2661775528796542,0.14637442783822463,-0.12203665003726649,-0.7803920243149096,-0.08476623790504612,-0.355394556527564,-0.8672170460851514,-0.09536671890065951,-0.11208628039605495
GOOGL,Individual equity,Mega-cap 7,2020-2022,756,0.5876441776583283,0.12034953608054955,-0.2418897748804566,0.4057726555445897,0.05078411822691442,-0.3409687156267829,0.2759163537413621,0.03647427284499272,-0.20046199117482766,0.18187152211373864,0.06956541785363513,0.09907894074632628
GOOGL,Individual equity,Mega-cap 7,2023-present,917,1.344577047735696,0.3070110442670071,-0.13812870933185983,1.6991734666107539,0.338107017831071,-0.10738478023198406,-0.014836299143440066,-0.009151518945257453,-0.17885107577028547,-0.3545964188750579,-0.031095973564063906,-0.030743929099875777
GOVT,Bond ETF,,2016-2019,1006,0.47453024668891414,0.00816588460427381,-0.018329359940989498,0.24807183722850573,0.003547372210944255,-0.020784444058541407,0.49257145274465713,0.00460218672403534,-0.012955172499244494,0.2264584094604084,0.004618512393329555,0.002455084117551909
GOVT,Bond ETF,,2020-2022,756,0.9682503359741976,0.029057318310695024,-0.020633291959586186,0.5206075026625699,0.004796307353005291,-0.01303913473840368,0.8485475894327257,0.024145203142318605,-0.016216825097805976,0.4476428333116277,0.024261010957689733,-0.007594157221182507
GOVT,Bond ETF,,2023-present,917,0.0040189362447016295,-0.00012910932841747602,-0.028306157400931786,0.3247899179005003,0.004679974571125234,-0.020735013570892913,-0.32594317192356553,-0.004786682347875049,-0.028745968362169583,-0.3207709816557987,-0.00480908389954271,-0.007571143830038873
GPC,Individual equity,,2016-2019,1006,1.2950217271701767,0.17695353437268446,-0.12086033546238706,1.3755611336640807,0.13631889264106256,-0.10033638924570798,0.5583099939870273,0.04855912672710594,-0.0694866469952714,-0.08053940649390401,0.0406346417316219,-0.02052394621667908
GPC,Individual equity,,2020-2022,756,0.9950659094565955,0.257879675372932,-0.2873972267904006,1.426264584841534,0.2137128058398814,-0.12884515122165507,0.319951508553607,0.047294058347513435,-0.3215528983198227,-0.4311986753849386,0.0441668695330506,-0.1585520755687455
GPC,Individual equity,,2023-present,917,0.6754597460059385,0.10747739209935281,-0.2657084058270631,0.3837549846897394,0.038815638095361926,-0.22637852494633037,0.5502583144741221,0.06748273486234857,-0.1563131569481956,0.2917047613161991,0.06866175400399088,-0.03932988088073275
GPN,Individual equity,,2016-2019,1006,0.7524225901474633,0.11368252640296639,-0.17410852605870197,1.3313977859198942,0.1846433338703486,-0.11329024636336915,-0.5558251899299399,-0.051805764233956886,-0.23048511477517997,-0.578975195772431,-0.0709608074673822,-0.06081827969533282
GPN,Individual equity,,2020-2022,756,0.6996411495767133,0.17398037137162747,-0.22625171201652827,0.7797610210532699,0.10759397996106057,-0.16315459574118696,0.4205487909243939,0.07729963092763259,-0.26779709128790974,-0.08011987147655664,0.0663863914105669,-0.06309711627534131
GPN,Individual equity,,2023-present,917,0.5283948885871271,0.09757828608835828,-0.42496903842182576,0.7778646777450304,0.11849466371781525,-0.2688778387986558,0.1476308096512894,0.010889160084868621,-0.24339001965654794,-0.2494697891579033,-0.020916377629456973,-0.15609119962316997
GRMN,Individual equity,,2016-2019,1006,0.6480249712224783,0.08064468572626748,-0.12711083993566274,1.139947357458836,0.13280881382560672,-0.0984717844064571,-0.7050339263532193,-0.048535294970007414,-0.18638093395821964,-0.49192238623635764,-0.052164128099339235,-0.028639055529205648
GRMN,Individual equity,,2020-2022,756,0.9124674420156595,0.19976196146462888,-0.2502253613992772,0.9914640697094406,0.14805851505507173,-0.15930311144860154,0.25647649344127804,0.030018498398240334,-0.24604919298825656,-0.07899662769378102,0.05170344640955715,-0.09092224995067566
GRMN,Individual equity,,2023-present,917,0.6621565577113591,0.09105472067012688,-0.19340585732835602,1.3190271889605536,0.1640153651548737,-0.10016152712253978,-0.541375264239908,-0.05176465962720067,-0.23555540784160178,-0.6568706312491945,-0.07296064448474682,-0.09324433020581624
GS,Individual equity,,2016-2019,1006,0.8101419249876922,0.13454411209963668,-0.21500297283571457,0.9782954472310628,0.1211503559101017,-0.13596483126158299,0.24925627270001965,0.02367589730941444,-0.16171204899848468,-0.16815352224337055,0.013393756189534978,-0.07903814157413158
GS,Individual equity,,2020-2022,756,0.6595331979549034,0.13622899841527714,-0.33516840553676475,1.3380263724749564,0.2186548806885087,-0.12717005573489448,-0.30825492878403227,-0.0676367719683384,-0.41795397043873606,-0.678493174520053,-0.08242588227323155,-0.20799834980187026
GS,Individual equity,,2023-present,917,1.0477934224690666,0.21221192465710503,-0.1853543893611389,1.492060650215654,0.2562571073432318,-0.1138503725105926,-0.26196829752918543,-0.03928589167978158,-0.23346033926080367,-0.44426722774658733,-0.04404518268612678,-0.0715040168505463
GWW,Individual equity,,2016-2019,1006,0.7595803126040324,0.1299140360851163,-0.20757303863196297,0.6242997487480001,0.07487254649308062,-0.12958127671651876,0.5942135615067123,0.07266864829571973,-0.12448474084835037,0.13528056385603227,0.0550414895920357,-0.07799176191544421
GWW,Individual equity,,2020-2022,756,0.7321810188475395,0.16823505744465184,-0.2069018020668476,1.092285403897384,0.17510678119349765,-0.1015431867555624,0.07294300635870134,-0.005847744101915353,-0.2778476371660009,-0.36010438504984443,-0.006871723748845815,-0.10535861531128521
GWW,Individual equity,,2023-present,917,1.203262494634589,0.22040386967969772,-0.11973970208146456,1.792747340882805,0.2963019525700348,-0.0491824750747446,-0.5218300586801343,-0.0545270532887715,-0.22829226800401914,-0.5894848462482161,-0.07589808289033706,-0.07055722700671996
HACK,Thematic/industry ETF,,2016-2019,885,0.5347411066265756,0.058056855699651466,-0.11867642594911143,1.127866649001725,0.09069437659942658,-0.08887651740612212,-0.30196272059569795,-0.029923617101183075,-0.15120683718306793,-0.5931255423751495,-0.03263752089977512,-0.029799908542989306
HACK,Thematic/industry ETF,,2020-2022,756,0.5496980159255762,0.0962749402484484,-0.33467764749409357,0.3257959942968052,0.0330608848815257,-0.27475340790473035,0.49314744934337157,0.0701668139770657,-0.16432185773330232,0.223902021628771,0.0632140553669227,-0.059924239589363215
HACK,Thematic/industry ETF,,2023-present,917,0.4403220608611059,0.05623585045008084,-0.1891317324758025,1.1762407960951649,0.1489413379012441,-0.08962065124226937,-0.8905397252032151,-0.07428259245978308,-0.27495812340903836,-0.7359187352340589,-0.09270548745116325,-0.09951108123353314
HAL,Individual equity,,2016-2019,1006,1.3966013743035424,0.3448892473572096,-0.2103596852052112,0.634464423688688,0.08741898714459961,-0.2557258960884553,1.287484405842646,0.23805989855683363,-0.13820978533035577,0.7621369506148543,0.25747026021261,0.04536621088324411
HAL,Individual equity,,2020-2022,756,1.4644119572463086,0.8503598220943929,-0.43924266367254106,1.2592658448473302,0.38782995465818537,-0.19040553658667603,0.9558923939326424,0.368945206320592,-0.35945300455765594,0.2051461123989784,0.4625298674362075,-0.24883712708586503
HAL,Individual equity,,2023-present,917,0.9659403931128999,0.22119428582407719,-0.1593450843252724,0.6953422525497366,0.10533928665288816,-0.12325099820504237,0.7026937499382149,0.11110792756552912,-0.14454658696155076,0.27059814056316334,0.11585499917118902,-0.03609408612023002
HAS,Individual equity,,2016-2019,1006,1.0148370887351075,0.1585447068517285,-0.17399028040341047,1.2678945632377503,0.17417118332182158,-0.07043231160909547,0.3181786724373944,0.02484694272011767,-0.1436950846872408,-0.2530574745026428,-0.015626476470093076,-0.103557968794315
HAS,Individual equity,,2020-2022,756,0.28742380544150503,0.04288272366437873,-0.4150861836926728,-0.6892162571106754,-0.09242985371890644,-0.28371117029155546,0.627199468189123,0.12441470758744755,-0.26727887927118554,0.9766400625521804,0.13531257738328517,-0.13137501340111735
HAS,Individual equity,,2023-present,917,1.0366494020796821,0.2256365209604163,-0.23592932277790502,0.8127266096909868,0.11909718551583381,-0.16058739417022827,0.653290816863611,0.09529325298105462,-0.1871487352672596,0.2239227923886954,0.1065393354445825,-0.07534192860767674
HBAN,Individual equity,,2016-2019,1006,1.0068890361362295,0.17756944982087242,-0.15677354584209402,1.0790555990708688,0.14315939552435597,-0.09930729206674127,0.3093750751837437,0.03054235900214053,-0.14362277002269674,-0.0721665629346393,0.034410054296516446,-0.05746625377535275
HBAN,Individual equity,,2020-2022,756,-0.05882797677342862,-0.059897739840898745,-0.49569964748397377,0.22885537032390718,0.025207109721285814,-0.23049055236281402,-0.3292487420143465,-0.10259166739637038,-0.47449783717064864,-0.2876833470973358,-0.08510484956218456,-0.26520909512115975
HBAN,Individual equity,,2023-present,917,0.9292486199221948,0.21098663067543133,-0.16708489726381248,0.7022371875609752,0.11101567998232498,-0.16386687122089538,0.7273399353190394,0.11257365455990498,-0.11338056984062117,0.22701143236121957,0.09997095069310635,-0.0032180260429170993
HCA,Individual equity,,2016-2019,1006,0.6803924680073273,0.09843876178492117,-0.18427192605933418,1.392438079740992,0.18283864400093663,-0.1281379480677236,-0.471464671931047,-0.0505653499822355,-0.19285206016675793,-0.7120456117336648,-0.08439988221601546,-0.05613397799161057
HCA,Individual equity,,2020-2022,756,0.8184975553322889,0.2235521743557889,-0.3350756084499694,0.4551445078157581,0.07976235456217928,-0.27485350460405145,0.5648115235488113,0.10274414954273214,-0.308617609897212,0.36335304751653075,0.1437898197936096,-0.060222103845917974
HCA,Individual equity,,2023-present,917,0.7903533750861484,0.1347046868937103,-0.2298218293701525,0.8203273623412267,0.10822625637909655,-0.13846964856071253,0.39539992233617516,0.04078515654420811,-0.1602406596350031,-0.02997398725507827,0.026478430514613738,-0.09135218080943996
HD,Individual equity,,2016-2019,1006,1.0080073412400465,0.12519822210343134,-0.16263439269769098,1.6685909371549457,0.1561377191530653,-0.06465565461709888,-0.3959032445508621,-0.03844254678489434,-0.2077635699660958,-0.6605835959148991,-0.030939497049633946,-0.0979787380805921
HD,Individual equity,,2020-2022,756,1.1833454093204472,0.3043487301501282,-0.17617111942058683,1.8444449537542835,0.2654782687820043,-0.1184194941249126,0.20469978835079938,0.022035679344788672,-0.21429246125850543,-0.6610995444338363,0.03887046136812389,-0.057751625295674236
HD,Individual equity,,2023-present,917,0.7066887929878318,0.10721625209805663,-0.16469840118111845,0.7208861154806896,0.07603428002076651,-0.08466945211735577,0.3285691630162022,0.032824716601121295,-0.1249442764074602,-0.014197322492857767,0.03118197207729012,-0.08002894906376268
HEI,Individual equity,,2016-2019,1006,1.6341559236623997,0.27774241066561145,-0.09491394912390283,1.9093888799674006,0.27002936680061973,-0.06856174702772622,0.13202479569541326,0.007882013552105827,-0.09491394912390294,-0.2752329563050009,0.00771304386499172,-0.026352202096176613
HEI,Individual equity,,2020-2022,756,0.5837702874998271,0.12822827991557473,-0.21974495023897678,1.0189172362631886,0.18014958907159828,-0.12898341213502285,0.09186339768125623,-0.001211699518974152,-0.33352127194281767,-0.4351469487633616,-0.051921309156023554,-0.09076153810395393
HEI,Individual equity,,2023-present,917,0.11646982164157971,0.005439694191764932,-0.2120820558749701,0.6290464786931301,0.08353054408516347,-0.12865341771751715,-0.37640275774104665,-0.04035268169020689,-0.2994531498294527,-0.5125766570515504,-0.07809084989339854,-0.08342863815745294
HIG,Individual equity,,2016-2019,1006,0.823347516498389,0.09549166687514399,-0.15401476324712082,1.2424409265294907,0.12422075077393568,-0.0902276452755012,-0.5118694520397815,-0.03879673980154197,-0.1700508508767068,-0.4190934100311017,-0.028729083898791696,-0.06378711797161962
HIG,Individual equity,,2020-2022,756,0.12442412695652945,0.0032308674294601047,-0.2952223241332055,0.5998378099050924,0.08333869944236172,-0.17776569315150115,-0.31188486764866763,-0.06063237492834617,-0.3016978110927603,-0.47541368294856295,-0.08010783201290161,-0.11745663098170434
HIG,Individual equity,,2023-present,917,0.7478511398349236,0.10100934588412125,-0.12172907291384083,1.0428035951053622,0.1073418567646871,-0.09050807326427346,0.368251029349972,0.03134201918476487,-0.09027997517108322,-0.2949524552704387,-0.006332510880565856,-0.03122099964956737
HII,Individual equity,,2016-2019,1006,0.935569155538072,0.13375142625349512,-0.15086156685271668,1.7600919812421616,0.21265339658991045,-0.09852571782320596,-0.33978379416356236,-0.036430338327023803,-0.22332956785877556,-0.8245228257040896,-0.07890197033641533,-0.05233584902951072
HII,Individual equity,,2020-2022,756,0.5249315634235485,0.09589273841588408,-0.26750891450381364,0.6913052051088242,0.07311833617565355,-0.14681206822545712,0.2344960921999708,0.02709391879409684,-0.2850373824443476,-0.16637364168527569,0.02277440224023053,-0.12069684627835653
HII,Individual equity,,2023-present,917,1.0114383889494427,0.19692285082794814,-0.2710265325633384,1.5057420472287644,0.22923347631770752,-0.07847167421237122,0.12885327594305768,0.008390229109749292,-0.22228109778959926,-0.49430365827932166,-0.03231062548975938,-0.1925548583509672
HLT,Individual equity,,2016-2019,1006,1.4826987255409154,0.21371260049200314,-0.08883019410518145,1.7723778054087564,0.2256485835349067,-0.0844269489164371,-0.05751225229087882,-0.006242195499474135,-0.09023820966111784,-0.289679079867841,-0.011935983042903553,-0.0044032451887443536
HLT,Individual equity,,2020-2022,756,0.007079537045086642,-0.03720070647725093,-0.5001055213835299,-0.32899316916207777,-0.06368461064477693,-0.21448649258059482,0.2870094831615814,0.042763172875308175,-0.3996908628176413,0.3360727062071644,0.026483904167525996,-0.2856190288029351
HLT,Individual equity,,2023-present,917,1.1488282782468595,0.19158958500079004,-0.15236562938724763,1.3054489211599378,0.16497963827006878,-0.10558146237604449,0.17107255981690334,0.012980744759225615,-0.12134403322788045,-0.1566206429130783,0.026609946730721257,-0.04678416701120314
HON,Individual equity,,2016-2019,1006,0.6158652097624361,0.06367345316068729,-0.11671207810078243,1.4515286527159994,0.12793641203814965,-0.051141907872204295,-0.8472927538590983,-0.06330662116362518,-0.23126900307325493,-0.8356634429535633,-0.06426295887746236,-0.06557017022857814
HON,Individual equity,,2020-2022,756,0.8060439632242437,0.17535564235101453,-0.21342747719281463,1.0827609645372387,0.15051854094432837,-0.15620513546610482,0.11365544169334506,0.0034805910441322307,-0.27398123832679255,-0.27671700131299504,0.024837101406686157,-0.05722234172670981
HON,Individual equity,,2023-present,917,0.28837466914341503,0.028491142224595034,-0.12889532841692075,0.9811944087596998,0.0829327044932151,-0.07039824514014514,-0.379713544704143,-0.03858261335204727,-0.14841516124219367,-0.6928197396162847,-0.05444156226862007,-0.05849708327677561
HOOD,Individual equity,,2020-2022,360,1.5657512099532787,0.8351732367990812,-0.35753287629518726,-0.5866271737617343,-0.10199641168912843,-0.18655513035951554,1.9003435998317748,1.043614592065281,-0.33953055138639476,2.152378383715013,0.9371696484882096,-0.17097774593567172
HOOD,Individual equity,,2023-present,917,1.4940552999710108,0.7674995721590265,-0.3763671993624692,1.9464986033358496,0.8728189782949183,-0.19331943732245738,0.040719412081219576,-0.02780452459687277,-0.4341537823540248,-0.45244330336483873,-0.10531940613589175,-0.18304776204001183
HPE,Individual equity,,2016-2019,1006,0.6749585801658037,0.10385186553771764,-0.14384244222956888,1.244644473450343,0.15244819935892084,-0.10058176436461796,-0.2851512992475648,-0.039135699897897114,-0.2417074747456558,-0.5696858932845393,-0.04859633382120321,-0.043260677864950914
HPE,Individual equity,,2020-2022,756,0.3662482835799473,0.06507940488633057,-0.3761477582081262,0.715287453196195,0.0989776128707347,-0.15336644083909012,0.01715205568586232,-0.0225777476919381,-0.421404909027561,-0.3490391696162477,-0.03389820798440413,-0.22278131736903606
HPE,Individual equity,,2023-present,917,1.378825804219231,0.3852215314570251,-0.22317292240470243,1.676846302974029,0.38452274036543965,-0.1657349675271046,0.019233703148257168,-0.009561795585125599,-0.2738269816862666,-0.2980204987547981,0.0006987910915854378,-0.05743795487759784
HPQ,Individual equity,,2016-2019,1006,0.4438113203698946,0.06249730323959657,-0.16181169398964235,1.1362241551268004,0.14114042274166438,-0.11248323552313366,-0.3437656523420623,-0.04674416785231306,-0.240445279139213,-0.6924128347569058,-0.07864311950206782,-0.049328458466508684
HPQ,Individual equity,,2020-2022,756,0.5957541518004628,0.13795596384946518,-0.3183557898820658,0.8390937895572143,0.14320659231772925,-0.1943432178538096,0.22509728824389105,0.026051211075664105,-0.3882699719581666,-0.2433396377567515,-0.005250628468264074,-0.12401257202825622
HPQ,Individual equity,,2023-present,917,0.5946581267705512,0.11545567208279528,-0.20115793373603774,0.7523461871798258,0.13101970496446413,-0.13244279264229253,0.10479464894873948,0.005146026022860628,-0.18664475215441434,-0.15768806040927463,-0.015564032881668854,-0.06871514109374521
HRL,Individual equity,,2016-2019,1006,0.5367037842972717,0.0602975715438856,-0.18627323080013247,0.6415180021298565,0.058121446616667294,-0.1070591992345088,0.29666485185381786,0.021537264524635003,-0.1422118499663071,-0.10481421783258482,0.0021761249272183036,-0.07921403156562368
HRL,Individual equity,,2020-2022,756,0.9111616568076347,0.11228804158420824,-0.0942248453828769,0.6444065216341048,0.05417926680624485,-0.08819964177638828,0.7061803262753924,0.06621150319001612,-0.09621013408362566,0.2667551351735299,0.05810877477796339,-0.006025203606488616
HRL,Individual equity,,2023-present,917,0.015545887941612935,-0.007659399603244799,-0.23539811840395597,-0.11750529782226687,-0.013849445231339685,-0.1634393110153738,-0.03987186576204493,-0.01066130651341246,-0.17213402000650413,0.1330511857638798,0.006190045628094887,-0.07195880738858218
HSIC,Individual equity,,2016-2019,1006,0.3141184492338412,0.034138758119013124,-0.19818636434087455,0.7963950588342237,0.08031209502395908,-0.07822405348987149,-0.20730605134028418,-0.027718610753640793,-0.22808841818507297,-0.4822766096003825,-0.04617333690494596,-0.11996231085100306
HSIC,Individual equity,,2020-2022,756,0.6610261580925383,0.11668413933881583,-0.1981644561147684,0.6378320236084389,0.08199915246170764,-0.109849327165908,0.2339296065406658,0.023239657089892285,-0.1972386246490878,0.02319413448409935,0.03468498687710819,-0.0883151289488604
HSIC,Individual equity,,2023-present,917,0.2708743864205007,0.031665245836631106,-0.2886565753224357,0.6605838824893999,0.06941491335141814,-0.08727526915595862,-0.011864552177822793,-0.010044374347171203,-0.23590344402280894,-0.3897094960688992,-0.03774966751478703,-0.2013813061664771
HST,Individual equity,,2016-2019,1006,0.4086840495774369,0.05402230717620626,-0.18493829621924562,0.821038527473915,0.09684686626795469,-0.10230402998691102,-0.3189935018528609,-0.040714222743548745,-0.23831076276263063,-0.4123544778964781,-0.042824559091748426,-0.08263426623233461
HST,Individual equity,,2020-2022,756,-0.552451546574544,-0.18100988965495546,-0.6530641320106118,-1.0295628808841044,-0.1663125530484607,-0.44845526908159594,-0.030814990045300902,-0.03443230751093018,-0.4790297727473345,0.47711133430956043,-0.014697336606494749,-0.2046088629290158
HST,Individual equity,,2023-present,917,0.6497659834922874,0.10495753711891709,-0.2500323424351567,0.892996392865423,0.11520934554722784,-0.17470025709014692,0.13907311240376724,0.009731395982617519,-0.19197528023574306,-0.24323040937313556,-0.010251808428310749,-0.07533208534500979
HSY,Individual equity,,2016-2019,1006,0.792656059548775,0.08164209274418388,-0.09898716124996831,0.8873511231238351,0.07710625053172526,-0.08902303308643678,0.22704713447751818,0.013028653511311994,-0.08941393555701205,-0.09469506357506008,0.004535842212458618,-0.009964128163531538
HSY,Individual equity,,2020-2022,756,-0.40867154752112433,-0.06544194169566264,-0.2907979192841673,0.5077977144133324,0.04943296188292767,-0.09948730224018287,-1.365439851536338,-0.1326448114220733,-0.3474843347749641,-0.9164692619344568,-0.11487490357859031,-0.19131061704398444
HSY,Individual equity,,2023-present,917,0.6459141839977017,0.10181357423161441,-0.20673643205191672,0.24897964513978899,0.02312057835038961,-0.14207373683829705,0.7549023674610218,0.09320603937563399,-0.09974657728156189,0.39693453885791274,0.0786929958812248,-0.06466269521361967
HUBB,Individual equity,,2016-2019,1006,0.8710987192579993,0.11749815179353762,-0.14665841750388653,1.2692981180933858,0.1415807335360133,-0.11520833371731243,-0.24212947053314765,-0.024359062499745288,-0.14982990888950298,-0.39819939883538646,-0.024082581742475684,-0.0314500837865741
HUBB,Individual equity,,2020-2022,756,0.09814660349408533,-0.007409864551101819,-0.27038088839752783,0.5474631270292882,0.077908131978208,-0.11494156189804816,-0.22124950759266804,-0.06277470049674849,-0.38494783871596416,-0.4493165235352029,-0.08531799652930983,-0.15543932649947967
HUBB,Individual equity,,2023-present,917,0.7325248892587113,0.14157480151936852,-0.2136241133055492,1.3546956876771559,0.22587937961171622,-0.1580379158573959,-0.4303775249935504,-0.06930000248653134,-0.27106213410216984,-0.6221707984184446,-0.0843045780923477,-0.055586197448153296
HUBS,Individual equity,,2016-2019,1006,0.2051174283046325,0.020252710299241805,-0.2722324682198136,1.0324839995802653,0.20890129464556106,-0.150657513277909,-0.8805555177876101,-0.13524251894188655,-0.451246186706703,-0.8273665712756327,-0.18864858434631926,-0.12157495494190462
HUBS,Individual equity,,2020-2022,756,1.19778543008509,0.5669376004928295,-0.3020077306314277,1.6644205678983492,0.4810046966502828,-0.10861364361109338,0.3388219103036625,0.05802338374544558,-0.3067824606588754,-0.46663513781325916,0.0859329038425467,-0.19339408702033434
HUBS,Individual equity,,2023-present,917,0.5565298475761793,0.1434085458586929,-0.6011889885856636,0.46577436255479154,0.08367700749381002,-0.36583518343937815,0.31915270093289494,0.051045520318902415,-0.4032286003148595,0.09075548502138775,0.059731538364882875,-0.23535380514628546
HUM,Individual equity,,2016-2019,1006,0.19599109192113612,0.018375633435195438,-0.233906670189181,1.138998861289626,0.1310656912455057,-0.126584355802151,-0.6676834272404887,-0.07319831908022145,-0.33261716016253084,-0.94300776936849,-0.11269005781031027,-0.10732231438703
HUM,Individual equity,,2020-2022,756,0.6593986141921971,0.13155548432427278,-0.235791142671397,0.7813561978599052,0.10574932216737665,-0.14572143186712427,0.1682912077844099,0.014527645645170173,-0.25202609190084324,-0.12195758366770804,0.02580616215689613,-0.09006971080427273
HUM,Individual equity,,2023-present,917,0.9517494762540802,0.23650563106885092,-0.2675668634061741,1.3495125125424592,0.23021628179767184,-0.17205990177331776,0.371043818657613,0.05793210906119617,-0.17452577986561768,-0.39776303628837895,0.006289349271179079,-0.09550696163285632
HWM,Individual equity,,2020-2022,694,-0.18274156831008362,-0.07302277579302163,-0.4592238206112961,-0.08283282410090832,-0.036962935305430156,-0.35676606328069693,-0.22643674569760894,-0.041766725349193234,-0.23345701357882276,-0.0999087442091753,-0.03605984048759148,-0.10245775733059914
HWM,Individual equity,,2023-present,917,1.1097642778069914,0.2101813429423931,-0.22371458994278837,1.587023775693917,0.30070472982432417,-0.173782754223624,-0.7602529693358164,-0.0620623452354907,-0.27409338188385846,-0.47725949788692557,-0.09052338688193107,-0.049931835719164375
HYG,Bond ETF,,2016-2019,1006,0.44393743214223164,0.011365910776176769,-0.023038289301848147,0.7148516014058558,0.01619527630784323,-0.023038289301848147,-0.363224969259362,-0.00475239911487646,-0.021518962494995075,-0.27091416926362416,-0.004829365531666463,0.0
HYG,Bond ETF,,2020-2022,756,0.06509125136642387,0.0020851646027126858,-0.07432352001841547,0.19532211873728367,0.0032189463868996793,-0.023090541308184998,0.006068037647788616,-0.0011301439115259937,-0.08535587968521763,-0.13023086737085982,-0.0011337817841869935,-0.05123297871023047
HYG,Bond ETF,,2023-present,917,0.5662244514928935,0.015568661749564505,-0.03575268161155998,0.6903327356388974,0.018771304011790724,-0.03010480855565112,-0.6081848189078396,-0.003143632186748291,-0.012111301406956154,-0.12410828414600394,-0.0032026422622262185,-0.005647873055908859
IBB,Thematic/industry ETF,,2016-2019,1006,0.48490229855850137,0.06242426413009672,-0.11311485252217424,0.8171828838181814,0.08075447733821428,-0.08491989335158312,-0.14945743292110128,-0.02236338145483363,-0.14288024360316987,-0.33228058525968,-0.018330213208117563,-0.028194959170591116
IBB,Thematic/industry ETF,,2020-2022,756,0.2872399421016007,0.038419196647132337,-0.1567918108245583,0.566484028297896,0.07013175744148303,-0.11541235706248176,-0.03767432643536258,-0.017150520683713033,-0.21435157371650604,-0.2792440861962953,-0.0317125607943507,-0.041379453762076523
IBB,Thematic/industry ETF,,2023-present,917,0.8600762904984467,0.11336510491567298,-0.15388180838683085,1.0533177143722556,0.11493369801638553,-0.09238391198199736,-0.005793346624003429,-0.0037076214924331996,-0.1460558262349072,-0.19324142387380894,-0.0015685931007125564,-0.061497896404833496
IBIT,Thematic/industry ETF,,2023-present,660,0.9484981201890702,0.3225221186148737,-0.3290183464484423,1.05858259561715,0.2508867991941095,-0.22465412553812236,0.3396933576290767,0.0572676276277877,-0.2957066481072864,-0.11008447542807975,0.07163531942076418,-0.10436422091031994
IBKR,Individual equity,,2016-2019,1006,0.7947308431583271,0.13007595310093834,-0.29339490856810657,1.0105881282472793,0.12552992706739552,-0.1537883519014024,-0.01607317641576749,-0.00921215104316897,-0.239008236735605,-0.2158572850889522,0.004546026033542816,-0.13960655666670418
IBKR,Individual equity,,2020-2022,756,0.5590387998268603,0.12217156896660697,-0.24266823793330916,0.6138239620739183,0.09463504186708116,-0.18024072440409877,0.13007420414789503,0.004689961489357186,-0.2992407313391745,-0.054785162247057984,0.02753652709952581,-0.06242751352921039
IBKR,Individual equity,,2023-present,917,1.6094988316646603,0.445260994548659,-0.15921013034529985,1.7179923487708328,0.3522505779267211,-0.10821049467493149,0.4421633688705352,0.061395251212782,-0.15103477334804172,-0.1084935171061725,0.09301041662193787,-0.05099963567036836
IBM,Individual equity,,2016-2019,1006,0.8979001073755914,0.13212175470946286,-0.23791939217653002,1.0991458920060344,0.11670951441165656,-0.14612859767252562,0.20388199855061964,0.01659059333438795,-0.1503972772338127,-0.20124578463044296,0.015412240297806301,-0.0917907945040044
IBM,Individual equity,,2020-2022,756,0.7419248779814683,0.1489706385574081,-0.24278725620541608,1.0399747806012545,0.12500542211515353,-0.1172275826394974,0.20883863667837718,0.021851912154498887,-0.20926617787243595,-0.29804990261978614,0.023965216442254578,-0.12555967356591868
IBM,Individual equity,,2023-present,917,1.4771445134004313,0.28902205167977835,-0.20235748778978413,1.8535773786295444,0.26379011247955964,-0.06255827045419726,0.1746464151513689,0.012687378111668979,-0.16613135092953712,-0.3764328652291131,0.02523193920021871,-0.13979921733558687
ICE,Individual equity,,2016-2019,1006,0.5666780798899862,0.05875837009953622,-0.13395200618865866,1.0957968978001116,0.09538037864991522,-0.06652508314485195,-0.44872583554683404,-0.03653767398137908,-0.17549159758265098,-0.5291188179101254,-0.036622008550379004,-0.06742692304380671
ICE,Individual equity,,2020-2022,756,0.5266556607404728,0.0984333666886561,-0.16363252218983138,1.2437116733485996,0.17032948086115152,-0.09532860558733935,-0.1438738961554022,-0.04172594197966639,-0.30319970587342293,-0.7170560126081268,-0.07189611417249542,-0.06830391660249202
ICE,Individual equity,,2023-present,917,1.7945779469411665,0.2970852914182669,-0.1151586118469623,1.6995497978773644,0.20540217183643406,-0.056425955952634665,0.7335972627978091,0.07158618784793047,-0.09490318020745625,0.09502814906380208,0.09168311958183284,-0.058732655894327634
ICLN,Thematic/industry ETF,,2016-2019,1006,0.9034649886463165,0.1012580629314972,-0.08798776372727546,0.919769051824177,0.07614035446829615,-0.07249873937455953,0.28381679264244264,0.019660577159436032,-0.11131237164258323,-0.016304063177860484,0.02511770846320105,-0.01548902435271593
ICLN,Thematic/industry ETF,,2020-2022,756,2.201674740384973,0.8079283891899973,-0.18180666727422523,2.4352252735303783,0.5351490620507557,-0.07723290673845973,0.8417124782281801,0.17768914686033455,-0.17217527651493147,-0.2335505331454053,0.2727793271392416,-0.1045737605357655
ICLN,Thematic/industry ETF,,2023-present,917,0.6547095205453627,0.10417336481757089,-0.1916407927392959,0.6614523694708592,0.07144518505822406,-0.16983163142554403,0.33905259547541333,0.03695642259652998,-0.150671481423023,-0.006742848925496481,0.03272817975934683,-0.02180916131375188
IDXX,Individual equity,,2016-2019,1006,1.0025544639128383,0.17703424639485377,-0.15259904933457336,1.5337431948163573,0.21715487484111362,-0.08467680642442965,-0.1917470247112332,-0.030385405920472564,-0.19156861251222124,-0.531188730903519,-0.040120628446259854,-0.0679222429101437
IDXX,Individual equity,,2020-2022,756,1.3389453658710948,0.3472669709755918,-0.2921496191714581,1.4188863440952926,0.25643303210449275,-0.14979952492555393,0.4735430696452984,0.07075097313793255,-0.2506076337472598,-0.07994097822419777,0.09083393887109903,-0.14235009424590417
IDXX,Individual equity,,2023-present,917,-0.01709990659378837,-0.02257935833055158,-0.3482619305017044,0.04432764761843086,-0.0029504863653257996,-0.251273251382203,-0.08889281302979754,-0.023328489127861007,-0.27345129105620314,-0.06142755421221923,-0.01962887196522578,-0.09698867911950138
IEF,Bond ETF,,2016-2019,1006,0.9304252671589076,0.021771107193687245,-0.020665663857635463,0.7578601361750977,0.014641385311970456,-0.014632054329882127,0.5389787908477429,0.007026839221154102,-0.019766011400337846,0.17256513098380988,0.0071297218817167884,-0.006033609527753336
IEF,Bond ETF,,2020-2022,756,0.6612714992054778,0.025152177069323267,-0.02935582289923988,0.3699977805056193,0.003635459023686227,-0.01041062557052752,0.5857541840556045,0.02143877824580609,-0.02935582289923988,0.29127371869985846,0.02151671804563704,-0.01894519732871236
IEF,Bond ETF,,2023-present,917,-0.2597694156287764,-0.007972150754415042,-0.03824945204467611,-0.21643496899548512,-0.004420920835962461,-0.034856368671106974,-0.15442602375970618,-0.00356699934015714,-0.03162560229001532,-0.04333444663329131,-0.003551229918452581,-0.003393083373569139
IEX,Individual equity,,2016-2019,1006,1.3779871025201575,0.19151447133862098,-0.12086668522520361,1.7045820921469168,0.19736473309765734,-0.0682863088376382,0.10313023157155157,0.0050509678621930565,-0.140486008324878,-0.32659498962675926,-0.005850261759036357,-0.05258037638756541
IEX,Individual equity,,2020-2022,756,0.6387218178211228,0.12179895006300989,-0.14033258332091791,1.1964018351717405,0.1487586544371644,-0.09745051209546429,-0.10926503726453604,-0.035781391140862984,-0.2004905160884236,-0.5576800173506177,-0.026959704374154514,-0.04288207122545362
IEX,Individual equity,,2023-present,917,0.9781715173128483,0.13691406004128104,-0.11883222336408772,0.42365495991802776,0.038802930009873116,-0.09942128223475977,1.115357820186976,0.11618464838143994,-0.06324258674413197,0.5545165573948205,0.09811113003140792,-0.019410941129327952
IFF,Individual equity,,2016-2019,1006,0.02891936708024302,-0.004128754037796889,-0.21810373321104137,0.7725301653664661,0.06848108431197586,-0.09182578884650516,-0.4862019755898716,-0.04676256981825111,-0.20655422472893303,-0.7436107982862231,-0.07260983834977275,-0.1262779443645362
IFF,Individual equity,,2020-2022,756,0.2803299159985714,0.038779046223385905,-0.2883084650666634,0.2586507973781014,0.02698073570809756,-0.15508336523015342,0.2541695609045445,0.030238307402732367,-0.2889408836475065,0.02167911862046995,0.011798310515288346,-0.13322509983650999
IFF,Individual equity,,2023-present,917,-0.12760244368407475,-0.034275572870413606,-0.31594639419214054,0.12424622599018902,0.007719451071456218,-0.22611668424146303,-0.17406042428806795,-0.029246478312408786,-0.2792132224876974,-0.2518486696742638,-0.041995023941869825,-0.08982970995067752
IGV,Thematic/industry ETF,Semis / Software,2016-2019,1006,0.5058248144177535,0.05238990444216318,-0.15229102684465645,1.6221877699141583,0.1368063055498412,-0.05061145306237891,-0.8232294928974417,-0.06738417929703167,-0.2651372278079598,-1.1163629554964047,-0.08441640110767801,-0.10167957378227754
IGV,Thematic/industry ETF,Semis / Software,2020-2022,756,0.7848941757717519,0.17510609018253076,-0.22593441991153207,1.2443339751080187,0.1795017683672404,-0.1429129781002212,0.09299005243103105,-0.001420482909053833,-0.19458568959185418,-0.4594397993362668,-0.0043956781847096504,-0.08302144181131088
IGV,Thematic/industry ETF,Semis / Software,2023-present,917,0.8781811813706334,0.1551837065077244,-0.21038228793115143,1.5226088719148894,0.22297324438165855,-0.07780449690812175,-0.3235139306860285,-0.04575294747331671,-0.2456215388904256,-0.644427690544256,-0.06778953787393416,-0.1325777910230297
IJR,Broad index ETF,,2016-2019,1006,1.0672296995855326,0.12202485632791515,-0.09066400888478354,1.0864292298710665,0.0944130149440674,-0.07382665799838117,0.1926917711879043,0.012111839446376393,-0.12543197378165483,-0.019199530285533895,0.027611841383847757,-0.01683735088640237
IJR,Broad index ETF,,2020-2022,756,0.7058377187485481,0.12518582502483167,-0.224901463213111,0.44344153288709653,0.0573534996410594,-0.16795229439087533,0.539648276958515,0.0596016014451366,-0.12089632143959006,0.2623961858614515,0.06783232538377226,-0.05694916882223566
IJR,Broad index ETF,,2023-present,917,0.7087674266836084,0.09598996311539754,-0.1738935310410824,0.8387529520492633,0.09267245642161659,-0.12071826157096388,-0.13328181002244763,-0.01618503499924162,-0.1361875513206282,-0.12998552536565489,0.003317506693780947,-0.053175269470118525
INCY,Individual equity,,2016-2019,1006,0.5035846258516185,0.10411345610239042,-0.3337780638394575,0.6749192014945283,0.10920643462133683,-0.2062112952639854,0.06311764612718668,-0.006304792866952513,-0.22021215025438934,-0.17133457564290988,-0.005092978518946412,-0.1275667685754721
INCY,Individual equity,,2020-2022,756,0.6435435547613788,0.13817326679326136,-0.1778292968056473,1.1753044171417106,0.19196552972694558,-0.16290699083461002,0.07468242353721703,-0.004716450736185318,-0.20399456477109013,-0.5317608623803318,-0.05379226293368422,-0.014922305971037275
INCY,Individual equity,,2023-present,917,0.5695791691846062,0.09217581066838587,-0.21892079963777822,0.28204058871347565,0.030480315762655863,-0.1786472637918921,0.7446360289780464,0.09006780527506209,-0.12105155483654573,0.2875385804711305,0.06169549490573001,-0.04027353584588611
INDA,Thematic/industry ETF,,2016-2019,1006,0.6890233747726087,0.07870060904332066,-0.12103867990002048,0.7590910110717103,0.06310996354705178,-0.1092354628423794,0.1043403244592328,0.005301074429606256,-0.12096960700461301,-0.07006763629910162,0.015590645496268873,-0.011803217057641091
INDA,Thematic/industry ETF,,2020-2022,756,0.7821522168000082,0.1280829882666663,-0.16836255739322736,1.0124820366370864,0.10917349965948464,-0.09671630009916854,0.24313487302092976,0.02424572794279989,-0.2827746339005216,-0.23032981983707812,0.018909488607181668,-0.07164625729405882
INDA,Thematic/industry ETF,,2023-present,917,0.8826267228750814,0.08665069853139284,-0.11174664378657584,0.8075450844523836,0.05709872517091452,-0.07734835579554256,0.6073780072169384,0.04040220429458752,-0.09039078847504767,0.07508163842269777,0.029551973360478323,-0.03439828799103328
INTC,Individual equity,,2016-2019,1006,0.6022733168404167,0.09032397700079442,-0.27056802625496845,1.350829359463809,0.17092830127452951,-0.13403399839513586,-0.29548659308097247,-0.04095005549603803,-0.23838840514309545,-0.7485560426233923,-0.0806043242737351,-0.1365340278598326
INTC,Individual equity,,2020-2022,756,0.6213140538686162,0.14287183380120894,-0.2947531986503722,0.5385563976134656,0.08249256057877052,-0.23212538161444884,0.5011263949728191,0.08823283829713202,-0.18790191614231233,0.08275765625515052,0.06037927322243841,-0.06262781703592335
INTC,Individual equity,,2023-present,917,0.8268939007476284,0.2921863600104968,-0.3751034202193805,0.9836204453638321,0.30173373249219604,-0.3001350540728418,0.05740903005203484,-0.020335740769576782,-0.41937199277592874,-0.15672654461620372,-0.009547372481699234,-0.07496836614653868
INTU,Individual equity,,2016-2019,1006,0.46321106352092845,0.056875719517289536,-0.3068266642585341,1.1884287988835625,0.14477975428344858,-0.12333597852241551,-1.2946704662145276,-0.0977140135093626,-0.33666752400156696,-0.725217735362634,-0.08790403476615904,-0.1834906857361186
INTU,Individual equity,,2020-2022,756,0.7847674244084015,0.20813406897859066,-0.25876258270564123,1.2119235716329524,0.21875017875667768,-0.13587752656978946,0.07047091163445492,-0.011807146110841216,-0.23181539578869903,-0.42715614722455086,-0.010616109778087024,-0.12288505613585177
INTU,Individual equity,,2023-present,917,0.8975888754094421,0.19798925111803856,-0.3549858166158426,1.044582743687891,0.16426316554629783,-0.17480699538560118,0.29137723048268543,0.037080230513260704,-0.30239811026940866,-0.14699386827844885,0.03372608557174073,-0.18017882123024143
INVH,Individual equity,,2016-2019,734,0.33488673559347326,0.0299526597534574,-0.12575595106872917,0.8042375941672101,0.06221120698946092,-0.10718191215079809,-0.4181327830763673,-0.030369240150865173,-0.11271856170400063,-0.4693508585737368,-0.03225854723600352,-0.01857403891793108
INVH,Individual equity,,2020-2022,756,0.635570240619182,0.14516321459968906,-0.2896012703407119,0.6046863543224927,0.07177489527508452,-0.14687329619925538,0.34512288478628084,0.05629498318512005,-0.28467866828755795,0.030883886296689256,0.07338831932460455,-0.14272797414145655
INVH,Individual equity,,2023-present,917,0.17251032999644617,0.014683134501669581,-0.15240358964188094,0.19852336487882882,0.014988362701183089,-0.11321104605939902,0.017611977784466812,-0.003978385516642202,-0.1850194998376804,-0.026013034882382657,-0.00030522819951350755,-0.03919254358248192
IP,Individual equity,,2016-2019,1006,0.8883980843309485,0.14614799875997586,-0.20066894086470277,1.3217849366371066,0.1562721450220652,-0.10924991042837118,-0.008197495016773158,-0.008755850692827916,-0.20838176253102003,-0.43338685230615814,-0.01012414626208935,-0.0914190304363316
IP,Individual equity,,2020-2022,756,0.02783339051173868,-0.02025057000741104,-0.3723409455234381,-0.23331570145920094,-0.042190091453150114,-0.22960824050269701,0.3155565942676287,0.042542371603877305,-0.3010226794299248,0.2611490919709396,0.021939521445739074,-0.1427327050207411
IP,Individual equity,,2023-present,917,0.13958413299930764,0.004887761677775382,-0.23998633236922662,0.47031901206619015,0.06406877793610355,-0.13473739229947734,-0.4182645003608225,-0.08923668233904924,-0.3454120242152282,-0.3307348790668825,-0.05918101625832817,-0.10524894006974927
IQV,Individual equity,,2016-2019,1006,0.19449607234781285,0.01725243746256222,-0.23235497918727932,0.7166455986596402,0.072432839660866,-0.08912074439360385,-0.5585773336165645,-0.0505088581967813,-0.2444811552380174,-0.5221495263118273,-0.05518040219830378,-0.14323423479367547
IQV,Individual equity,,2020-2022,756,0.9627918010404684,0.2625447901311011,-0.17715853516305102,0.8909584772920672,0.138588137554297,-0.15606166075103134,0.5564485070834995,0.10886873706858102,-0.24060893288438523,0.07183332374840112,0.1239566525768041,-0.021096874412019684
IQV,Individual equity,,2023-present,917,0.8413221890563615,0.1806013394930004,-0.20384231484132265,0.8002513695167773,0.11337404183301913,-0.1462188975752885,0.467911317118165,0.06869671732166083,-0.16133148997977975,0.041070819539584136,0.06722729765998126,-0.05762341726603415
IR,Individual equity,,2016-2019,664,1.1921890258914671,0.2866430960751023,-0.1443028102585322,1.4280057914835338,0.26477017322083185,-0.13588094898498237,0.24037180164434838,0.025471966407226487,-0.14830131928670287,-0.23581676559206666,0.02187292285427045,-0.008421861273549824
IR,Individual equity,,2020-2022,756,0.6680270437288658,0.171895221789383,-0.28833869500006426,0.8523365832856699,0.15073504404096338,-0.12354210317204761,0.19488771285240322,0.018388401272732002,-0.38709471832722364,-0.18430953955680407,0.021160177748419606,-0.16479659182801665
IR,Individual equity,,2023-present,917,0.3271806513439802,0.048077033697873084,-0.2195243332684239,0.6538393393367249,0.08896888571918105,-0.10849502882499151,-0.08872238601919614,-0.025214420029825768,-0.24932554691866105,-0.32665868799274467,-0.04089185202130796,-0.1110293044434324
IRDM,Individual equity,,2016-2019,1006,0.2770556535164313,0.03919512067973563,-0.376361728925495,0.5010113614146654,0.08697346957853758,-0.22592029584030326,-0.18269742274775919,-0.047356279805314205,-0.34002306919533065,-0.2239557078982341,-0.04777834889880195,-0.15044143308519176
IRDM,Individual equity,,2020-2022,756,0.7657425084010361,0.22570060285772353,-0.26348769672976613,0.8488821211853914,0.18618925020782462,-0.2071218389048587,0.2331065130951204,0.027860258274176042,-0.251561036421857,-0.08313961278435533,0.03951135264989891,-0.05636585782490744
IRDM,Individual equity,,2023-present,917,0.6562740736139412,0.15249834551193975,-0.2927713657882489,0.6085979778447795,0.10562163860593166,-0.190076090138262,0.3945458986988564,0.05926925950568673,-0.2615792876724915,0.04767609576916165,0.04687670690600809,-0.10269527564998693
IRM,Individual equity,,2016-2019,1006,0.7422674890475168,0.10543231834938882,-0.21526901662121956,1.0349354463320757,0.10621088040450122,-0.10457930916833125,0.11078275053464126,0.006198798950082018,-0.1689489386022336,-0.29266795728455886,-0.0007785620551123973,-0.11068970745288831
IRM,Individual equity,,2020-2022,756,0.40617433602007924,0.06800609573611216,-0.23852044937948536,1.3679793107353084,0.21327555323094294,-0.13859323617261943,-0.6727274344684996,-0.11871663649348119,-0.3736466781939096,-0.9618049747152292,-0.14526945749483078,-0.09992721320686593
IRM,Individual equity,,2023-present,917,1.0705914061974189,0.2068051152750463,-0.16945889940784453,1.5925363300709476,0.2661976422598322,-0.10683215220695663,-0.3817558927908412,-0.04971847026197773,-0.18274915373527645,-0.5219449238735288,-0.05939252698478592,-0.0626267472008879
ISRG,Individual equity,,2016-2019,1006,0.4480297610421338,0.06334724721987506,-0.35410255771059795,1.200287814511918,0.16037605072904593,-0.1720760751368292,-0.35799346245034086,-0.04809540735683826,-0.29329164478478464,-0.7522580534697842,-0.09702880350917087,-0.18202648257376874
ISRG,Individual equity,,2020-2022,756,1.0467535573683382,0.30077449812546875,-0.2226500146755278,1.4704085232430315,0.28267000441011403,-0.10202781840389052,0.2744483948586684,0.03748623979323118,-0.2764485888764724,-0.4236549658746933,0.01810449371535472,-0.12062219627163728
ISRG,Individual equity,,2023-present,917,1.264022615346589,0.2917297900932079,-0.13127903286681653,1.507409716092731,0.25200525412984365,-0.13786458732575624,-0.06081342736494849,-0.024192857463963047,-0.2170049274223138,-0.2433871007461419,0.03972453596336423,0.006585554458939713
IT,Individual equity,,2016-2019,1006,1.3009033609091458,0.19670578446935494,-0.10760776638471403,1.674003624297443,0.18893498444545176,-0.09351613355551858,0.3493960890790331,0.03164480844387607,-0.13190896322309253,-0.37310026338829716,0.007770800023903179,-0.014091632829195455
IT,Individual equity,,2020-2022,756,0.7401948370465058,0.1774047839669417,-0.21692169398845784,0.8460078762345803,0.1373243635086776,-0.12761444104784625,0.34302764272711445,0.05161843606974448,-0.328337910728539,-0.1058130391880745,0.0400804204582641,-0.08930725294061159
IT,Individual equity,,2023-present,917,0.6684427795546382,0.16606824456887992,-0.46322086874139445,0.42246024919112335,0.04695163753357279,-0.23160597873222688,0.5428783302905459,0.11677022807820214,-0.3489326435665129,0.2459825303635148,0.11911660703530713,-0.23161489000916757
ITB,Thematic/industry ETF,,2016-2019,1006,0.8485810640339579,0.11300231858362997,-0.1976725442341727,1.0218066534305854,0.11287713417255452,-0.15922838056132216,0.01385237390220896,-0.0022565677569413856,-0.15734393867648322,-0.17322558939662747,0.00012518441107545186,-0.03844416367285053
ITB,Thematic/industry ETF,,2020-2022,756,0.9312836175413616,0.2540538528838687,-0.19914352421967685,0.871745469322596,0.14387312052658996,-0.17939539077207134,0.4546598797608577,0.08221307492289598,-0.2556084104515409,0.059538148218765574,0.11018073235727877,-0.01974813344760551
ITB,Thematic/industry ETF,,2023-present,917,0.9000227643582978,0.17526584673471723,-0.14751272009908456,0.8417384275636919,0.1249628661573654,-0.13789540560353553,0.39336269813027247,0.0449865059941148,-0.12952965412981843,0.05828433679460587,0.05030298057735183,-0.009617314495549034
ITW,Individual equity,,2016-2019,1006,1.2878646922075052,0.1786611723545828,-0.12631301510011228,1.8231231965144261,0.19005769778933512,-0.053693809343634546,-0.2368617405317966,-0.025803630096094876,-0.15861492601859228,-0.5352585043069209,-0.011396525434752336,-0.07261920575647773
ITW,Individual equity,,2020-2022,756,0.37916363941650294,0.059452412003798916,-0.26962356639630125,0.9098373124989771,0.11042370136515722,-0.10615362491197833,-0.3085697747561338,-0.06872368928976957,-0.28690188844692077,-0.5306736730824742,-0.05097128936135831,-0.16346994148432292
ITW,Individual equity,,2023-present,917,0.4657411802314288,0.05937656415305348,-0.1387626519379337,0.3895665851575629,0.038525038429166436,-0.14365723043882095,0.19894073568274406,0.014775114693249991,-0.09034648182695515,0.07617459507386592,0.020851525723887043,0.004894578500887259
IVZ,Individual equity,,2016-2019,1006,1.017375812464469,0.1951293913019747,-0.17433229621635948,0.7335914971149782,0.07926444678349531,-0.13180089198243572,0.7578700240968511,0.11486635128593137,-0.17993324410994982,0.2837843153494908,0.1158649445184794,-0.042531404233923764
IVZ,Individual equity,,2020-2022,756,0.5193744609517906,0.1413391490748055,-0.401383129552223,0.62807280627312,0.12229856494469504,-0.28541326921988464,0.2296895248754189,0.0169657029999406,-0.401673430010423,-0.10869834532132938,0.01904058413011045,-0.11596986033233836
IVZ,Individual equity,,2023-present,917,1.0668641536153873,0.2707976843975495,-0.1470009359722757,1.27653119057464,0.21020177640027726,-0.10909617476628597,0.3858826476526969,0.059414672574074734,-0.17128373340375946,-0.2096670369592526,0.060595907997272214,-0.037904761205989734
IWD,Factor/style ETF,,2016-2019,1006,0.8589704757501415,0.06557020705854133,-0.0874971937555934,1.66215242405674,0.09896582287518907,-0.06824827698116631,-0.39612893262725707,-0.02191753840126931,-0.11875593757369618,-0.8031819483065985,-0.03339561581664774,-0.019248916774427083
IWD,Factor/style ETF,,2020-2022,756,0.4459712557512109,0.06867447599902521,-0.20746774449579963,1.1054678756112961,0.11461253615034095,-0.06755276808397481,-0.05431876077407422,-0.021325316473694178,-0.28483387771275426,-0.6594966198600852,-0.04593806015131574,-0.13991497641182482
IWD,Factor/style ETF,,2023-present,917,1.1303501037141153,0.10755719822960619,-0.0673416049141683,1.5212146501260162,0.11532842209539584,-0.0438603716337822,-0.1429805147517085,-0.010670862779629364,-0.09538258587953374,-0.39086454641190094,-0.007771223865789656,-0.023481233280386093
IWF,Factor/style ETF,,2016-2019,1006,1.0433902425016033,0.09244165643806856,-0.09057255532292363,2.036483309193025,0.13143773605925113,-0.04348793203193113,-0.4344692560877045,-0.031054789156912288,-0.1264734274802216,-0.9930930666914217,-0.03899607962118257,-0.0470846232909925
IWF,Factor/style ETF,,2020-2022,756,1.108531059668168,0.23474681946910936,-0.12870499658299028,1.6007184984150002,0.19221686472658184,-0.10416623284342286,0.3263777138613319,0.04310098492776526,-0.14041669828109793,-0.49218743874683235,0.04252995474252752,-0.024538763739567426
IWF,Factor/style ETF,,2023-present,917,1.596109089790456,0.22489002826894766,-0.11071398315733261,2.0810796791056725,0.22406699035723632,-0.053353944344415094,0.0776874641304253,0.0030065042550762033,-0.11705698770823392,-0.4849705893152165,0.000823037911711344,-0.05736003881291751
IWM,Broad index ETF,Indices,2016-2019,1006,1.0361296271675415,0.11536296156125991,-0.07155469587043051,1.2205210512396083,0.10488332267898826,-0.05039681371928162,0.22459087024235078,0.014221725945062769,-0.0941358851301749,-0.18439142407206677,0.010479638882271658,-0.021157882151148888
IWM,Broad index ETF,Indices,2020-2022,756,0.575115349701839,0.11218942366252982,-0.19122661244773642,0.7693355604008856,0.10500656993392199,-0.14108225558515008,0.15974038592896592,0.012765137535437399,-0.19085365669677368,-0.1942202106990466,0.00718285372860783,-0.05014435686258634
IWM,Broad index ETF,Indices,2023-present,917,0.6074135118504819,0.07788766254906587,-0.13015444054185354,0.8921806342803476,0.09684826566058025,-0.12726859788610867,-0.2768315432093617,-0.027594392870681217,-0.12696146750197612,-0.2847671224298657,-0.018960603111514374,-0.0028858426557448746
IWN,Broad index ETF,,2016-2019,1006,0.8387475100938777,0.08723279349970214,-0.1611744299840565,1.0757732484222233,0.08284679819452134,-0.09727698516019156,0.14652618743960633,0.008293584541521959,-0.1389730961164367,-0.23702573832834561,0.004385995305180801,-0.06389744482386495
IWN,Broad index ETF,,2020-2022,756,0.7302452654907642,0.1689777083849504,-0.1842694523436702,0.7603430306380358,0.11566550742695259,-0.14300062428032256,0.3755202805673929,0.057850543447645064,-0.20020664820689804,-0.030097765147271582,0.053312200957997824,-0.04126882806334764
IWN,Broad index ETF,,2023-present,917,0.7679670068012969,0.1029802908114732,-0.09725122882377146,0.9875983355226726,0.11025939011988539,-0.07828772093457759,-0.04513065790360172,-0.007484695712449918,-0.11680375442705848,-0.2196313287213757,-0.007279099308412196,-0.018963507889193876
IWO,Broad index ETF,,2016-2019,1006,1.2153641033371754,0.14788585950520194,-0.0863545230579823,1.3066469077844285,0.11594607526251144,-0.05213520864057786,0.363475309453981,0.027671304066840152,-0.08767180905433303,-0.09128280444725312,0.031939784242690505,-0.034219314417404445
IWO,Broad index ETF,,2020-2022,756,0.8452762935584628,0.18441610703061628,-0.1718029293377017,1.1909532602760218,0.15801947823400764,-0.14476502944071423,0.23630519017606855,0.02758928048779996,-0.22509623663473832,-0.345676966717559,0.026396628796608645,-0.02703789989698746
IWO,Broad index ETF,,2023-present,917,0.9179363085579281,0.14306307196703494,-0.11974093205498382,1.161007872034702,0.14150323792055897,-0.11612167973442522,0.14414529286546696,0.009793886698918453,-0.12569065384862754,-0.24307156347677383,0.001559834046475972,-0.003619252320558597
IYR,Thematic/industry ETF,,2016-2019,1006,0.41923058354281656,0.0354062984011978,-0.178138309885559,0.9200007580653937,0.06319255331936091,-0.08535599574708341,-0.2534688406754822,-0.018253583397068285,-0.1415606012989481,-0.5007701745225772,-0.02778625491816311,-0.0927823141384756
IYR,Thematic/industry ETF,,2020-2022,756,1.185789417793666,0.2426747018866049,-0.1338574181627592,1.1146081252118365,0.1149295743685852,-0.0754198883178967,0.6900921663343553,0.11112767399527335,-0.216323856718868,0.07118129258182959,0.1277451275180197,-0.0584375298448625
IYR,Thematic/industry ETF,,2023-present,917,0.12043587229129772,0.007299213224561951,-0.1747731744221026,0.16503866293114786,0.011033680258902834,-0.15395824529725788,-0.013214219883203617,-0.004906906718650794,-0.12443935798933092,-0.044602790639850134,-0.0037344670343408826,-0.020814929124844728
IYT,Thematic/industry ETF,,2016-2019,1006,0.773583845799993,0.08975141084766847,-0.12970251768330165,1.1357003802334524,0.09703630281698072,-0.08361394150503787,0.060587599080364034,0.0014922649079176509,-0.10985876376088621,-0.3621165344334595,-0.007284891969312257,-0.046088576178263785
IYT,Thematic/industry ETF,,2020-2022,756,0.9427720052934067,0.21019449199418938,-0.21034926478948668,1.2218768911639861,0.15366933189136134,-0.11617542623609656,0.2928173889717054,0.03892272176590028,-0.23915460745642247,-0.27910488587057947,0.05652516010282804,-0.09417383855339012
IYT,Thematic/industry ETF,,2023-present,917,1.033603425192289,0.15473574035437743,-0.1326717744757835,0.9071538546587504,0.10130395644665313,-0.10664486022196928,0.5067051111914641,0.04678805925251184,-0.0956213650354707,0.12644957053353856,0.053431783907724295,-0.026026914253814204
J,Individual equity,,2016-2019,1006,0.770451273614069,0.10914953238624348,-0.168605133334366,1.1606871308201803,0.14295909606909274,-0.12087347498710221,-0.2571807712427581,-0.028369991399557315,-0.17830157582796224,-0.3902358572061113,-0.033809563682849264,-0.04773165834726378
J,Individual equity,,2020-2022,756,0.22865838889948548,0.0263154757561872,-0.25866039271531316,1.0039523431619046,0.13029362106716413,-0.11767716517179871,-0.48112088635532724,-0.09005243873889723,-0.3181472018276722,-0.7752939542624191,-0.10397814531097693,-0.14098322754351444
J,Individual equity,,2023-present,917,0.865694610334136,0.13761506733172424,-0.15408495913356035,1.2901644705692143,0.1786986101993222,-0.11150206843211063,-0.18850407699303923,-0.02350134438666418,-0.22129643849517255,-0.4244698602350784,-0.041083542867597966,-0.042582890701449716
JBHT,Individual equity,,2016-2019,1006,1.0205922811830674,0.1579314473654796,-0.12834447899282653,1.3570571920977579,0.14548174642334022,-0.07795343475636685,0.10868227911230971,0.00590275930187123,-0.1755054414829239,-0.33646491091469044,0.012449700942139375,-0.05039104423645968
JBHT,Individual equity,,2020-2022,756,0.34844674833353256,0.058576312701307254,-0.3578794979935036,0.829746070928161,0.14384530898080272,-0.1179438378077291,-0.09007290612239283,-0.038221660108224365,-0.34438598247803687,-0.48129932259462843,-0.08526899627949547,-0.2399356601857745
JBHT,Individual equity,,2023-present,917,0.7420013967620802,0.1391969450945132,-0.26315401995242615,0.8681468552141347,0.1198652141606944,-0.16889163948814534,0.10811007093712824,0.005186822939497571,-0.23286863272116687,-0.1261454584520545,0.01933173093381879,-0.09426238046428081
JBL,Individual equity,,2016-2019,1006,1.6309873381860878,0.3173262284717997,-0.1498327893704936,1.7289386933438131,0.26082847207548765,-0.1448937846086381,0.464554846480329,0.04870362043639531,-0.2025833246903247,-0.09795135515772535,0.05649775639631205,-0.004939004761855492
JBL,Individual equity,,2020-2022,756,0.7587154649992572,0.21249538332595352,-0.27673744888717866,0.8483986199167237,0.18145893530103852,-0.22147207555319004,0.2175225079268243,0.024126576575731695,-0.4012359706319927,-0.08968315491746648,0.03103644802491501,-0.05526537333398862
JBL,Individual equity,,2023-present,917,0.7074823441175309,0.14961893650628832,-0.3267031162438653,1.1964610342779256,0.23965745441732023,-0.2559996735308704,-0.398698088572335,-0.0626135548601,-0.27692739835664404,-0.48897869016039475,-0.0900385179110319,-0.07070344271299489
JBLU,Individual equity,,2016-2019,1006,0.5559955381559959,0.09251148520888375,-0.14795996019663815,0.2940375655410084,0.02794093317040902,-0.12466074276542749,0.46024321195328083,0.061752200565991844,-0.14235281567900915,0.2619579726149875,0.06457055203847473,-0.02329921743121066
JBLU,Individual equity,,2020-2022,756,0.1260359904446217,-0.04431261694730382,-0.668847968354214,-0.4208797857363753,-0.11595433560618029,-0.40850597442438163,0.5017967238793751,0.11767720999562181,-0.48619204960224616,0.546915776180997,0.07164171865887647,-0.26034199392983237
JBLU,Individual equity,,2023-present,917,0.5601119633618935,0.15869798999145135,-0.40218951008412107,0.21024902980459353,0.021201389042015073,-0.29503711745075323,0.5724521525031786,0.13442857754126392,-0.33599010804953555,0.34986293355729997,0.13749660094943628,-0.10715239263336784
JCI,Individual equity,,2016-2019,1006,0.6416727425730445,0.09296327028272344,-0.19758207309547138,0.8937093983903771,0.09576323659886987,-0.09715084346721514,0.2715043771806863,0.025569938106007273,-0.1301903407177023,-0.2520366558173326,-0.0027999663161464294,-0.10043122962825624
JCI,Individual equity,,2020-2022,756,1.328521793086405,0.34367131409875795,-0.17588621557645967,1.6383438039604574,0.2741714263645718,-0.08112367542514942,0.4088293400651911,0.062188475918548924,-0.17939737024552616,-0.30982201087405237,0.06949988773418614,-0.09476254015131025
JCI,Individual equity,,2023-present,917,0.6162720357523838,0.0927858633532479,-0.21625730137954202,1.012508137448111,0.1315365194672764,-0.12874912061098842,-0.06907803614197167,-0.013524572111700217,-0.2853522078831504,-0.3962361016957273,-0.0387506561140285,-0.0875081807685536
JD,Individual equity,,2016-2019,1006,1.3129015505954642,0.371740122420384,-0.20834252915359341,1.3560273085001282,0.25950206635711925,-0.13816700153883166,0.41547284041474375,0.0651242652627142,-0.23035068911930534,-0.043125757904664,0.11223805606326476,-0.07017552761476176
JD,Individual equity,,2020-2022,756,0.9494755799578305,0.3113008043858432,-0.27050225429425434,0.8458404140274156,0.18102625912993586,-0.14809051761657988,0.5248666395204655,0.11030622244748445,-0.2789079151683036,0.10363516593041489,0.13027454525590731,-0.12241173667767447
JD,Individual equity,,2023-present,917,0.5712511114167431,0.13802374288390173,-0.43321058044649996,0.30354444040427014,0.04398560919818362,-0.2793743014250194,0.4196103096726703,0.07223479606552119,-0.43900696763932134,0.267706671012473,0.09403813368571812,-0.15383627902148056
JETS,Thematic/industry ETF,,2016-2019,1006,1.3474054675203013,0.22074710625647742,-0.09257853228435864,1.1964655878386043,0.1311724518921369,-0.07331977871328066,0.6610330222583469,0.07285080165292879,-0.07377636495816187,0.15093987968169698,0.08957465436434053,-0.01925875357107798
JETS,Thematic/industry ETF,,2020-2022,756,0.38154713626280723,0.07593551979502844,-0.4071032984848427,0.5837260984122854,0.09835976326976437,-0.24121190972425832,0.15060057235872915,0.0001510684780408056,-0.48447945062727427,-0.20217896214947817,-0.022424243474735928,-0.1658913887605844
JETS,Thematic/industry ETF,,2023-present,917,1.41978728440583,0.30859134095512797,-0.13934089550892004,1.2956056364334236,0.19706096344506774,-0.1325137176959802,0.6983538718302295,0.09317017337954336,-0.1258469130038391,0.12418164797240627,0.11153037751006023,-0.006827177812939844
JKHY,Individual equity,,2016-2019,1006,1.2804324378904368,0.14167555666239418,-0.1342589262791618,1.4825532595132571,0.11806532421168114,-0.0660628040888176,0.47429706741672273,0.034862559398444404,-0.09412914443836273,-0.2021208216228203,0.02361023245071303,-0.06819612219034421
JKHY,Individual equity,,2020-2022,756,0.6833097552262137,0.11622094316518816,-0.15701053120976383,1.5985924558350206,0.23061661783791854,-0.08685461814834627,-0.6285710127705514,-0.0862568654883199,-0.2596384533055984,-0.9152827006088069,-0.11439567467273037,-0.07015591306141755
JKHY,Individual equity,,2023-present,917,0.8914772050991268,0.1483312529790053,-0.16695782726839614,1.1015972055774006,0.12879815456955868,-0.06999689730065162,0.16685768502139092,0.013267545961678007,-0.2163835758321977,-0.21012000047827384,0.019533098409446614,-0.09696092996774452
JNJ,Individual equity,,2016-2019,1006,1.1160447482783484,0.11278572604729686,-0.13156188361352472,1.9759010408743458,0.15046643163224993,-0.05496049757817967,-0.45543901475387916,-0.033464387202245094,-0.18699052252669457,-0.8598562925959974,-0.03768070558495307,-0.07660138603534505
JNJ,Individual equity,,2020-2022,756,0.24284179441433631,0.026164146497545282,-0.19007441221386978,0.4701287402328427,0.040626803239317555,-0.12992367452900422,0.06084791159543317,-0.00029398827770810154,-0.1686037245755534,-0.22728694581850636,-0.014462656741772273,-0.06015073768486556
JNJ,Individual equity,,2023-present,917,0.938049855421815,0.11286642013181192,-0.1554602108120503,1.1849848455468799,0.11603947306876017,-0.06745121959279299,-0.03671759858890387,-0.005722077595291641,-0.1692901955146736,-0.24693499012506492,-0.0031730529369482507,-0.08800899121925732
JNK,Bond ETF,,2016-2019,167,1.0558967122603216,0.01027677256291537,-0.009601355442838133,1.0558967122603216,0.01027677256291537,-0.009601355442838133,,0.0,0.0,0.0,0.0,0.0
JNK,Bond ETF,,2020-2022,756,0.562889564354627,0.03143017534693682,-0.05150009120332033,0.4014045204212844,0.006868491725926296,-0.021827150536182227,0.4635091008188053,0.02439413272224611,-0.06906838432988827,0.16148504393334262,0.02456168362101052,-0.029672940667138104
JNK,Bond ETF,,2023-present,917,0.6354730747437703,0.01770476173799862,-0.0360185781411646,0.6453296354762412,0.01798461473016033,-0.0360185781411646,-0.5245085035589765,-0.00027490886218917154,-0.0010000000000000009,-0.009856560732470876,-0.000279852992161711,0.0
JOBY,Individual equity,,2020-2022,540,0.5487121657917144,0.15472852049997265,-0.36734770971596165,-0.0820922376375151,-0.04794024201991487,-0.28587944920409813,0.5710027803238381,0.1512838793296023,-0.3038972750018267,0.6308044034292295,0.20266876251988752,-0.08146826051186351
JOBY,Individual equity,,2023-present,917,0.806636087894343,0.3019722224815282,-0.3096629958727002,0.8123570044728285,0.2411630545467438,-0.31765153404496005,0.28166406967532237,0.03981156381164097,-0.3553945630708628,-0.005720916578485502,0.060809167934784414,0.007988538172259863
JPM,Individual equity,,2016-2019,1006,0.8836440837936005,0.11478413530575615,-0.13754377782721305,1.4003414746615173,0.1491929111066772,-0.09373044778807982,-0.3968925976370615,-0.0372835715086981,-0.20069763039937527,-0.5166973908679168,-0.034408775800921054,-0.043813330039133236
JPM,Individual equity,,2020-2022,756,0.4611772250203118,0.08446804360141846,-0.25690180832251486,0.6153638760766735,0.07278975178891423,-0.14938133907777695,0.1791721759625403,0.015986098927184944,-0.28304782964017294,-0.15418665105636176,0.011678291812504238,-0.1075204692447379
JPM,Individual equity,,2023-present,917,1.1953297329441934,0.18981970822715888,-0.1380909853525133,1.8246012583408624,0.2653703201300479,-0.0865268204348193,-0.42222448788543443,-0.03858376039227662,-0.15682861337495269,-0.629271525396669,-0.07555061190288903,-0.051564164917694
KBE,Thematic/industry ETF,,2016-2019,1006,0.9760860818551534,0.13820724917773974,-0.12361772838320761,1.2119790679347953,0.1193448385690814,-0.0833477636963268,0.018216166676688118,-0.003901710416490012,-0.19199217187295536,-0.23589298607964182,0.018862410608658342,-0.04026996468688082
KBE,Thematic/industry ETF,,2020-2022,756,0.6767724859770414,0.17711662341663614,-0.3153629015102115,0.7719470754038616,0.13478153915516944,-0.17256583694496253,0.4144642814413046,0.07609692210555452,-0.23906422124278148,-0.09517458942682022,0.042335084261466704,-0.142797064565249
KBE,Thematic/industry ETF,,2023-present,917,1.2752551391333284,0.2512756216152514,-0.1633105582467571,1.1302260220951021,0.1720869905110829,-0.09002089401427593,0.552715710541811,0.0617985620683108,-0.12588930395868703,0.1450291170382263,0.07918863110416852,-0.07328966423248118
KDP,Individual equity,,2016-2019,1006,0.26128139062418654,0.021923660102008302,-0.10110643888979332,0.8248062072048902,0.06422028172008787,-0.07858196543785168,-0.5527608686196915,-0.03929612379618641,-0.18352230091817667,-0.5635248165807036,-0.042296621618079566,-0.02252447345194164
KDP,Individual equity,,2020-2022,756,0.6706365477629176,0.11242501457959353,-0.1793400840626994,1.0540419327037334,0.12612791929388045,-0.07236991586751917,0.02376193391991505,-0.006000125004202439,-0.25170783269739316,-0.3834053849408158,-0.013702904714286923,-0.10697016819518024
KDP,Individual equity,,2023-present,917,0.7976039538495456,0.12057558859781503,-0.11892588886144351,0.8146141505955309,0.09060142566259866,-0.06609251631548574,0.5820891672480157,0.06447511575613252,-0.0920030970459138,-0.01701019674598525,0.029974162935216375,-0.05283337254595777
KEY,Individual equity,,2016-2019,1006,0.8556604640677667,0.14430145945926243,-0.1253792701081362,0.9437839201495386,0.12445320777081825,-0.09312300271785101,0.2814979363924433,0.027843227763926004,-0.13945624544679358,-0.08812345608177186,0.019848251688444174,-0.0322562673902852
KEY,Individual equity,,2020-2022,756,0.7714564459132488,0.2616183565871819,-0.3697441230889763,1.0331638019154674,0.2347907222333394,-0.24107785139932736,0.23889084887094425,0.0252018824472815,-0.36928650019582887,-0.2617073560022186,0.0268276343538425,-0.12866627168964895
KEY,Individual equity,,2023-present,917,0.5069258410967642,0.1023301274223023,-0.3051232437944005,0.7056678400744177,0.1229657621173077,-0.15813626263111613,-0.02034321317544919,-0.018376014114712014,-0.31294618302329524,-0.19874199897765354,-0.0206356346950054,-0.14698698116328435
KEYS,Individual equity,,2016-2019,1006,0.7077929310076354,0.1080774700832472,-0.24316398101677217,1.3777987986610916,0.1932581773663573,-0.11939417078714243,-0.6361791862536345,-0.0766722591081177,-0.28193026297032675,-0.6700058676534562,-0.08518070728311011,-0.12376981022962974
KEYS,Individual equity,,2020-2022,756,0.48141371280686823,0.08904901606709892,-0.3008983643266617,1.1692978159180851,0.20567136505425054,-0.1401777946763325,-0.563346140671651,-0.09778899482430192,-0.28389028216449863,-0.6878841031112168,-0.11662234898715163,-0.16072056965032921
KEYS,Individual equity,,2023-present,917,0.7809476579214073,0.16887774067816252,-0.24966276961740586,0.7413530676690229,0.12877886678998984,-0.15323172626434922,0.405514280811829,0.05050770735685517,-0.12051490143034782,0.03959459025238443,0.04009887388817268,-0.09643104335305663
KHC,Individual equity,,2016-2019,1006,1.2049960587845412,0.17106267361075034,-0.10905794821509207,0.4547189355778701,0.034974928398741056,-0.07043977352175845,1.2239497905230903,0.14000984861076238,-0.09283435957372843,0.7502771232066712,0.13608774521200928,-0.03861817469333362
KHC,Individual equity,,2020-2022,756,1.5282198136132812,0.34274612919785374,-0.10269488006869543,1.2391655802612793,0.18160664038079366,-0.0743067346611842,0.8169776865388392,0.11987067651628802,-0.12434008315572243,0.28905423335200187,0.16113948881706008,-0.028388145407511223
KHC,Individual equity,,2023-present,917,0.1385565869466785,0.009553520094310874,-0.3127256049884465,0.014191923050230048,-0.003894986384101129,-0.2233729617753184,0.11652444595625776,0.006829208835616329,-0.16649819782015518,0.12436466389644844,0.013448506478412003,-0.08935264321312808
KIM,Individual equity,,2016-2019,1006,1.2503212321133597,0.17727682859100513,-0.11242173592102311,0.9839257373676085,0.09174403869415193,-0.07497387345134632,0.837745645861457,0.08385913869011596,-0.1334500890735163,0.2663954947457512,0.0855327898968532,-0.037447862469676796
KIM,Individual equity,,2020-2022,756,-0.07605576169628978,-0.05458168564530064,-0.4552591367560801,0.4759596671803134,0.07259533470415835,-0.23272217225572123,-0.4728475877499494,-0.10652661794600216,-0.3595457815629247,-0.5520154288766032,-0.127177020349459,-0.22253696450035887
KIM,Individual equity,,2023-present,917,0.8678218320739935,0.13217546054106033,-0.11910332840905313,0.5989671818867767,0.061672655881262806,-0.10222718786571394,0.46865217124267883,0.04861218776589249,-0.07967809953035587,0.2688546501872169,0.07050280465979752,-0.01687614054333919
KKR,Individual equity,,2016-2019,1006,0.21183483259149302,0.022100031698296885,-0.2566985023186642,1.0040722499087802,0.1350782875172527,-0.1032520152169305,-1.0405003826262913,-0.12498380612228388,-0.41595899237382306,-0.7922374173172871,-0.11297825581895582,-0.1534464871017337
KKR,Individual equity,,2020-2022,756,0.7318273592273239,0.19951790476879783,-0.3344097278389,1.3311578810275957,0.28114358475623025,-0.11405948737744276,-0.1229158882315207,-0.05865132853685584,-0.32904265168001046,-0.5993305218002718,-0.08162567998743242,-0.22035024046145724
KKR,Individual equity,,2023-present,917,0.8203607866223643,0.20089252573599414,-0.24095104502988962,0.9959203578581939,0.18366745572182008,-0.18041504430209498,0.31593736103410425,0.04367205715274336,-0.29953564724430715,-0.17555957123582955,0.01722507001417406,-0.06053600072779464
KLAC,Individual equity,,2016-2019,1006,1.33929755098713,0.2915008155444776,-0.16748100837316926,2.0288684396709487,0.3339490864779564,-0.1369244413783658,-0.017364520370402325,-0.013167957877579073,-0.2303040962772156,-0.6895708886838186,-0.042448270933478804,-0.03055656699480347
KLAC,Individual equity,,2020-2022,756,0.0832038305358111,-0.024315837105798432,-0.5884406786149374,0.9252992377425975,0.18916807128363322,-0.1951427797934029,-0.6373331059668944,-0.1719434467115648,-0.577042340494804,-0.8420954072067863,-0.21348390838943165,-0.39329789882153454
KLAC,Individual equity,,2023-present,917,0.8168694731272026,0.232525266196701,-0.23104684385410634,1.4049186819674664,0.382344384378031,-0.1892373156145979,-0.49419135714480217,-0.10694792183080892,-0.35787179710712513,-0.5880492088402638,-0.14981911818132998,-0.04180952823950845
KMB,Individual equity,,2016-2019,1006,0.04066191241692894,-0.002088041636353566,-0.19899807744935827,0.5145188658043055,0.039875445711951896,-0.11446444540380452,-0.46745248179539534,-0.04414361813758938,-0.2610954730310524,-0.47385695338737654,-0.04196348734830546,-0.08453363204555375
KMB,Individual equity,,2020-2022,756,0.6515359670288342,0.09963817252599783,-0.23360078059620926,1.0011562014261715,0.11792791193366314,-0.09326338262893108,-0.04814363045322468,-0.013148048433727189,-0.2429244005052037,-0.34962023439733725,-0.018289739407665317,-0.14033739796727818
KMB,Individual equity,,2023-present,917,0.5845241635112933,0.06721174118099582,-0.19666125002759627,0.8348667149190288,0.06636850407905759,-0.08892429640246824,-0.0680027560705036,-0.011122300045332767,-0.2340125045563609,-0.2503425514077354,0.0008432371019382323,-0.10773695362512803
KMI,Individual equity,,2016-2019,1006,-0.03974483582154381,-0.019907292797669562,-0.310336937599213,0.05949189572257296,-0.0007595657678177714,-0.23524680132491071,-0.12278322151951299,-0.01828745999318393,-0.17993314330522614,-0.09923673154411677,-0.01914772702985179,-0.07509013627430228
KMI,Individual equity,,2020-2022,756,1.2437708678272337,0.37461111545617953,-0.18587942440862304,1.1937192962153376,0.20455239055071295,-0.11765514632638963,0.7094312933894009,0.15069034454985997,-0.18587942440862304,0.050051571611896106,0.17005872490546659,-0.06822427808223341
KMI,Individual equity,,2023-present,917,0.14786118027727702,0.010977433995378538,-0.21220108061994014,0.9310897343981402,0.1070874309558909,-0.10818942659481079,-0.9907973407843979,-0.07923774639330716,-0.3114249184713196,-0.7832285541208632,-0.09610999696051237,-0.10401165402512935
KO,Individual equity,,2016-2019,1006,0.33180796442920646,0.02736426702056738,-0.1437264789082361,1.1381901017366427,0.08430086909980417,-0.06070953202479479,-0.8034294523802532,-0.051238276877529354,-0.2014786660680662,-0.8063821373074362,-0.05693660207923679,-0.0830169468834413
KO,Individual equity,,2020-2022,756,0.2207013830251816,0.021378268494555153,-0.20129650549603262,0.8971068109292702,0.0928252437887438,-0.124051458078408,-0.659454686505023,-0.06474080601460053,-0.2760513898262187,-0.6764054279040886,-0.07144697529418864,-0.07724504741762461
KO,Individual equity,,2023-present,917,0.36301948660995487,0.032473948867438596,-0.16034549642448936,0.829539797850707,0.06757061603423398,-0.1123517108646217,-0.4584363167601087,-0.029199126247896334,-0.20710193945743716,-0.4665203112407521,-0.03509666716679538,-0.04799378555986766
KR,Individual equity,,2016-2019,1006,-0.061319675706790575,-0.025513684551406568,-0.34207713496722303,-0.3051552832142165,-0.03912153261533868,-0.2341371483686866,0.21100710389308833,0.020247278337439,-0.2683929389042573,0.2438356075074259,0.013607848063932115,-0.10793998659853643
KR,Individual equity,,2020-2022,756,0.2450274143116178,0.030224132518750002,-0.1758432274371795,0.554956804872361,0.08565544909816114,-0.1276528847726901,-0.36076746830082984,-0.050051286120367244,-0.20132586247005713,-0.3099293905607432,-0.05543131657941114,-0.048190342664489405
KR,Individual equity,,2023-present,917,0.037111385416802735,-0.005517003454117098,-0.2278065352606472,0.23781670851399506,0.020683835225711045,-0.1487234562845784,-0.12150880720017332,-0.017318439722136203,-0.1686058877215879,-0.20070532309719233,-0.026200838679828142,-0.07908307897606881
KRE,Thematic/industry ETF,,2016-2019,1006,0.3366644291727518,0.03832449533044602,-0.14967971855061768,0.6734513560750316,0.06424508810038887,-0.10589815279778869,-0.2939056449572811,-0.03572497193123547,-0.2258577430835793,-0.3367869269022798,-0.025920592769942852,-0.04378156575282899
KRE,Thematic/industry ETF,,2020-2022,756,0.5867521352468212,0.14850441343709253,-0.38352482688274936,0.706526409413523,0.13252025394559985,-0.19726888428120826,0.2924897304343807,0.04322913595422806,-0.3146284805541977,-0.11977427416670172,0.015984159491492678,-0.1862559426015411
KRE,Thematic/industry ETF,,2023-present,917,1.0438608506991656,0.22189484191936004,-0.1647043452954633,0.8486164274865431,0.12734214671877253,-0.09406757302369873,0.6668684055922594,0.09151931563787463,-0.13518581521989637,0.19524442321262248,0.09455269520058751,-0.07063677227176457
KTOS,Individual equity,,2016-2019,1006,1.121279286178874,0.31169603141546887,-0.31163140877790174,1.6501433649115453,0.42748201592800195,-0.16344867255232853,-0.22450968109750688,-0.04659550803439494,-0.3635197589743282,-0.5288640787326713,-0.11578598451253308,-0.1481827362255732
KTOS,Individual equity,,2020-2022,756,0.42489972183505675,0.09252491124241713,-0.3841181815357012,0.5859556916559135,0.10422265061355418,-0.15054663384814848,0.25458182516183786,0.033275767207392226,-0.4276418428443942,-0.1610559698208568,-0.01169773937113705,-0.23357154768755273
KTOS,Individual equity,,2023-present,917,1.3334068830798427,0.5160599987144421,-0.24140955135574504,1.8372637692815217,0.584080166494213,-0.19655638141709197,-0.05454754107078257,-0.04120657315383536,-0.2899887886255894,-0.503856886201679,-0.06802016777977093,-0.04485316993865307
KVUE,Individual equity,,2023-present,833,0.6809685352406286,0.09703386153244686,-0.13263852378270635,0.6278422934073955,0.07296355943293675,-0.09583223239085858,0.4209442522716571,0.045508917819997885,-0.08857303643870296,0.05312624183323311,0.02407030209951011,-0.03680629139184777
KWEB,Thematic/industry ETF,,2016-2019,1006,1.2134598810020296,0.2277125333180594,-0.13053985840177518,1.4585809444324183,0.18800530059687892,-0.08242101569692695,0.31055462041038,0.03342344743851777,-0.12099304034146385,-0.24512106343038864,0.039707232721180485,-0.04811884270484823
KWEB,Thematic/industry ETF,,2020-2022,756,1.6206383531024255,0.6318553207481781,-0.1542321352669216,1.4368895507451196,0.30328766880746616,-0.11014492753623173,0.9909098317057389,0.2653140807493646,-0.13137039737965783,0.18374880235730595,0.3285676519407119,-0.04408720773068986
KWEB,Thematic/industry ETF,,2023-present,917,0.8530667214546952,0.1984641827260607,-0.3150198674928967,0.7416281157671707,0.13151774255777338,-0.23070437043196457,0.39368703907614677,0.053937604034532294,-0.201551846168054,0.1114386056875245,0.06694644016828732,-0.08431549706093211
L,Individual equity,,2016-2019,1006,0.35754672248005515,0.03471413660132505,-0.18041548322122336,0.23957977408854425,0.01684873321123681,-0.15934733591095407,0.03379195029135948,-0.0004093601657636503,-0.08277246575871477,0.1179669483915109,0.01786540339008824,-0.021068147310269292
L,Individual equity,,2020-2022,756,0.09544658437699202,-0.017658231020459603,-0.4429755904415895,0.3517939525937016,0.04679302037872746,-0.16752155880417174,-0.10861832254920473,-0.059022669439884434,-0.37574384723016685,-0.25634736821670956,-0.06445125139918706,-0.2754540316374178
L,Individual equity,,2023-present,917,0.03079469201352409,-0.0028485833297849927,-0.2481816251907667,0.3777339055367683,0.0318531156147428,-0.15683774658968586,-0.564392007885012,-0.03739412358549432,-0.22597218671040542,-0.3469392135232442,-0.03470169894452779,-0.09134387860108084
LDOS,Individual equity,,2016-2019,1006,1.5560551842842287,0.2182381703823626,-0.16404520210432605,1.858814472442152,0.22362805963881227,-0.08421492243488804,0.18925712291196703,0.011636232920417822,-0.11364282875389875,-0.3027592881579233,-0.005389889256449676,-0.07983027966943801
LDOS,Individual equity,,2020-2022,756,0.9070808124441656,0.20004300714348333,-0.22502924843323657,0.9756001771628022,0.12122093979913107,-0.14346041391465536,0.4554649979895466,0.07205433269221251,-0.1741411239403432,-0.06851936471863662,0.07882206734435226,-0.08156883451858121
LDOS,Individual equity,,2023-present,917,1.2322664721550372,0.23864741080668073,-0.16171866839169857,1.4928639475966856,0.2050683353081204,-0.08136518351445599,0.3611245734365913,0.04089218076099743,-0.1925048194899327,-0.26059747544164846,0.03357907549856032,-0.08035348487724259
LEN,Individual equity,,2016-2019,1006,0.45378077891031515,0.06531726942913951,-0.27069444936064824,0.7972892541621619,0.09201923808982282,-0.1927213357478137,-0.10928099057733516,-0.021068338073552684,-0.23090714348976005,-0.34350847525184675,-0.026701968660683306,-0.07797311361283454
LEN,Individual equity,,2020-2022,756,0.8829726708282902,0.3060521313964988,-0.24775506428554728,0.8532778206536937,0.20413099559216263,-0.18116412898977108,0.4178976619966398,0.08315427532694386,-0.29737176182073033,0.0296948501745965,0.10192113580433615,-0.0665909352957762
LEN,Individual equity,,2023-present,917,0.5822765355312525,0.1028919885959354,-0.26982946373165817,0.7484862017404519,0.09961991918270963,-0.21133330668954964,0.006735847534224628,-0.010124140852194596,-0.19713569363559946,-0.1662096662091994,0.0032720694132257755,-0.05849615704210853
LH,Individual equity,,2016-2019,1006,0.9322199043146935,0.11442743783446696,-0.13735829131800326,1.368188166872648,0.13621372169087165,-0.05865180190964869,-0.21351314387974327,-0.020197731929388674,-0.1733637633221331,-0.4359682625579546,-0.021786283856404687,-0.07870648940835456
LH,Individual equity,,2020-2022,756,0.6279799330071362,0.13403433614477667,-0.20910963167642915,0.7621826159692161,0.1050239287284831,-0.17758905083682075,0.22773983698948508,0.02625319385587921,-0.27891035683520826,-0.13420268296207993,0.02901040741629357,-0.0315205808396084
LH,Individual equity,,2023-present,917,0.6324219192223719,0.0851054389180037,-0.20203899576405282,0.9409837501369848,0.10418956074922714,-0.13910067075988408,-0.09251367800676538,-0.013032985473997005,-0.13691921814183639,-0.30856183091461287,-0.019084121831223433,-0.06293832500416874
LHX,Individual equity,,2016-2019,1006,0.8388525638718547,0.10591705023453923,-0.17118373345265847,1.5983673858464305,0.1791661460358671,-0.09165704774522032,-0.8719054909381074,-0.06605394962881295,-0.2387580717851624,-0.7595148219745758,-0.07324909580132788,-0.07952668570743815
LHX,Individual equity,,2020-2022,756,0.4471350067653996,0.07631862976425086,-0.20494960460615497,0.7515007422385216,0.09505945413296812,-0.12454375897761505,-0.04038028353952807,-0.022001911292941267,-0.33422071573577616,-0.304365735473122,-0.018740824368717268,-0.08040584562853992
LHX,Individual equity,,2023-present,917,1.4617937508496262,0.2286967242257969,-0.10045952622038612,1.3012496770017317,0.14421672636975402,-0.059458941760421435,0.7516102620048895,0.07480629166525432,-0.1331966496205812,0.1605440738478945,0.08447999785604288,-0.041000584459964684
LII,Individual equity,,2016-2019,1006,0.7520738010853474,0.10097672266608626,-0.14500742790094945,0.9063187627021068,0.08934252921535846,-0.12440517356189817,0.17751906322083788,0.01297652771291058,-0.0994281175032401,-0.15424496161675938,0.011634193450727803,-0.020602254339051274
LII,Individual equity,,2020-2022,756,0.939206408853287,0.22771590587050472,-0.17363681822333765,0.8057764569779415,0.11628523080145947,-0.14954118187113474,0.5954382207602988,0.10538249823931989,-0.23075264812019303,0.13342995187534545,0.11143067506904525,-0.02409563635220291
LII,Individual equity,,2023-present,917,0.45862522260000926,0.08136826980098433,-0.23871657057288798,0.9101807060497873,0.14199322077160592,-0.11115458851882087,-0.16151889860565574,-0.038720899713368784,-0.2466065814556999,-0.45155548344977803,-0.060624950970621594,-0.1275619820540671
LIN,Individual equity,,2016-2019,293,0.15901264201767892,0.01215748088400348,-0.08419876924482594,0.5996193861051251,0.061069115521932726,-0.08617403518963962,-0.7215971929199606,-0.046096558577024105,-0.06794499271328391,-0.44060674408744616,-0.04891163463792925,0.0019752659448136756
LIN,Individual equity,,2020-2022,756,1.1178417902599114,0.2588015640076877,-0.13015119194777236,1.5233616255993672,0.23494802898416656,-0.0673751377634021,0.24902398040429824,0.028900995055263223,-0.11699029126213589,-0.4055198353394558,0.023853535023521166,-0.06277605418437027
LIN,Individual equity,,2023-present,917,0.6646462900161975,0.07933130932316113,-0.15239107525665352,0.3259096446074094,0.027391356979049375,-0.0954850496553854,0.635550636317282,0.05117737131257516,-0.13459682042483967,0.33873664540878806,0.05193995234411175,-0.05690602560126812
LIT,Thematic/industry ETF,,2016-2019,1006,1.002398534627787,0.13108466419031384,-0.2084164235940924,1.459230098194344,0.1415203494271544,-0.10082942067904888,-0.05356335040695227,-0.00914191783096785,-0.18090971012371293,-0.45683156356655696,-0.010435685236840575,-0.10758700291504353
LIT,Thematic/industry ETF,,2020-2022,756,1.4391554276901442,0.43956197148396026,-0.19134154904918177,1.7445041971331312,0.35343479089109686,-0.11525912873597732,0.36258728718382005,0.05685392404585987,-0.20788757486152143,-0.30534876944298706,0.0861271805928634,-0.07608242031320445
LIT,Thematic/industry ETF,,2023-present,917,1.6535955291244877,0.3681738625273445,-0.14110145209550118,1.3082899367886955,0.2030435460972313,-0.15396701021179482,1.0126542497487077,0.13726046489822386,-0.10361331569630117,0.34530559233579217,0.16513031643011322,0.01286555811629364
LITE,Individual equity,,2016-2019,1006,0.5849223200675641,0.162976808843998,-0.41603007223800303,1.1564541642844666,0.26384934089235723,-0.22666619941963873,-0.16094651638130103,-0.0870328280510515,-0.49094690964195253,-0.5715318442169025,-0.10087253204835922,-0.1893638728183643
LITE,Individual equity,,2020-2022,756,0.23792548231888713,0.024224801581042232,-0.3885350119785188,0.6129415278357052,0.09667529901227856,-0.17711605651768325,-0.02415674375515773,-0.04676859725331839,-0.3472134102633777,-0.3750160455168181,-0.07245049743123633,-0.21141895546083556
LITE,Individual equity,,2023-present,917,1.3961469584818558,0.687388240722471,-0.40743052810288105,1.4441081849801445,0.6176345875266844,-0.2942013410509604,0.23341994064224414,0.02757254343431481,-0.26017791477009367,-0.04796122649828871,0.06975365319578652,-0.11322918705192064
LLY,Individual equity,,2016-2019,1006,0.8045697384607516,0.10518745709132316,-0.15810280259703535,1.3581601855124292,0.14781648156737726,-0.13206319604906902,-0.3494353087079367,-0.03336462950404506,-0.16063828520038603,-0.5535904470516776,-0.0426290244760541,-0.026039606547966332
LLY,Individual equity,,2020-2022,756,0.5053302024765871,0.0873146104065261,-0.2433016157181045,0.8675021701446761,0.14612241368017398,-0.14341194553340963,-0.1109258325098868,-0.022158759757873736,-0.16241143418222947,-0.362171967668089,-0.058807803273647874,-0.09988967018469486
LLY,Individual equity,,2023-present,917,1.1930870664380906,0.25488971227362245,-0.2288482446009883,1.8846366737508211,0.27750890327310795,-0.1358261604467499,0.07287920496028266,-0.001149353617524107,-0.24396440714585266,-0.6915496073127305,-0.022619190999485506,-0.0930220841542384
LMT,Individual equity,,2016-2019,1006,1.4571114138400105,0.16629041252858556,-0.0869505884592332,1.7868454638408846,0.16599635405077562,-0.0546300029640544,0.0048733878177865215,-0.0019266431725173394,-0.1352344409671451,-0.3297340500008741,0.0002940584778099442,-0.0323205854951788
LMT,Individual equity,,2020-2022,756,0.393172106860071,0.06112109873347782,-0.2777830697141699,0.8861253334368172,0.10583462061642446,-0.1278092966716048,-0.25386604906465177,-0.054432179110305845,-0.2822184067202492,-0.49295322657674623,-0.04471352188294664,-0.1499737730425651
LMT,Individual equity,,2023-present,917,1.358624761046698,0.20201579300575223,-0.12520279271014756,1.5787886512847455,0.1803142139567575,-0.08032652377595106,0.48463544476842263,0.04336559896337433,-0.14256986230133473,-0.2201638902380476,0.021701579048994724,-0.044876268934196495
LNG,Individual equity,,2016-2019,1006,-0.11560980246713728,-0.04611122341615215,-0.34783867889096065,0.29240102817860464,0.0357940807294439,-0.282370454443002,-0.3419433268070188,-0.05898794709301669,-0.2782755300163755,-0.40801083064574195,-0.08190530414559605,-0.06546822444795863
LNG,Individual equity,,2020-2022,756,0.5734248462405634,0.13761177410489567,-0.3198662237996742,1.2456333024241584,0.25590464166208293,-0.15639497323529172,-0.2804487380311104,-0.09335975877135172,-0.49717583419589695,-0.6722084561835949,-0.11829286755718726,-0.1634712505643825
LNG,Individual equity,,2023-present,917,0.23746704329610882,0.02542948614827134,-0.21388377371540512,0.5562310228841926,0.06406367661991608,-0.11571923033433906,-0.4708253818718544,-0.05426877076721692,-0.29521018239872243,-0.3187639795880838,-0.038634190471644736,-0.09816454338106606
LNT,Individual equity,,2016-2019,1006,0.196837921719522,0.01617789407768999,-0.2194264186940963,0.6485270836943566,0.06093531370941174,-0.15468132946444746,-0.4148712579855635,-0.03216314966675471,-0.1618094532731419,-0.45168916197483466,-0.04475741963172175,-0.06474508922964883
LNT,Individual equity,,2020-2022,756,0.842859056253722,0.1525983558353039,-0.19438129664981352,0.9987584833328835,0.12236437409181367,-0.07951367977636947,0.24334104043255972,0.02547649318381917,-0.1987115477217899,-0.1558994270791615,0.030233981743490235,-0.11486761687344405
LNT,Individual equity,,2023-present,917,0.30251415213134336,0.02999084324269341,-0.14424801930535147,0.42628912109683476,0.0368620495184222,-0.101392449786333,-0.20758605659714996,-0.019161859249611002,-0.12310382386463459,-0.1237749689654914,-0.006871206275728792,-0.04285556951901848
LOW,Individual equity,,2016-2019,1006,0.6837147319720044,0.10405305037890367,-0.1489506409392375,0.9602866834337391,0.12466083110087256,-0.09090726112312686,0.25121365050341127,0.022389493290433604,-0.1451964619889985,-0.27657195146173474,-0.020607780721968894,-0.05804337981611063
LOW,Individual equity,,2020-2022,756,1.0547323949297007,0.3155257693500695,-0.24163148209948815,1.8600115975294655,0.33032967305372596,-0.1086372518368981,0.07741686606597808,-0.012272073989215815,-0.2514404609859585,-0.8052792025997648,-0.014803903703656474,-0.13299423026259005
LOW,Individual equity,,2023-present,917,0.7122359272574584,0.111983698254708,-0.1491821098221383,0.6126750897255948,0.06772581933731336,-0.1872795278652014,0.2962577751839568,0.02923826362813675,-0.13224371898386522,0.09956083753186362,0.04425787891739463,0.0380974180430631
LQD,Bond ETF,,2016-2019,1006,1.1702761716344465,0.02968594648842604,-0.03805548746142329,1.3807267646701946,0.02817126529473346,-0.03366260122778619,0.10501821739198067,0.0014731798532210405,-0.01975453225248469,-0.2104505930357481,0.0015146811936925797,-0.004392886233637094
LQD,Bond ETF,,2020-2022,756,1.1889092104512327,0.06974013276405189,-0.03472880164301195,1.224243901189213,0.020531360441201407,-0.024348698543177116,0.8725731252912626,0.048218775267794056,-0.034728801643012064,-0.035334690737980345,0.04920877232285048,-0.010380103099834836
LQD,Bond ETF,,2023-present,917,0.15245865611821718,0.004755344725662969,-0.03012854735740056,0.34034612210965226,0.00901118867369255,-0.02537694497040266,-0.18145514776851296,-0.004217836229966299,-0.03660233402837332,-0.18788746599143508,-0.004255843948029581,-0.0047516023869979
LRCX,Individual equity,,2016-2019,1006,1.6527524185739173,0.40725425970405316,-0.16689985332310564,2.0952092868226444,0.4295552703264507,-0.0771551811698089,0.16509753874757982,0.013399893751902425,-0.15852000419121148,-0.4424568682487271,-0.022301010622397532,-0.08974467215329673
LRCX,Individual equity,,2020-2022,756,0.3240005381826093,0.050535428925573944,-0.465505349822006,0.4737845830316406,0.09186249822690629,-0.3244018059856607,0.0477304142902054,-0.03678500420017883,-0.4088629037849181,-0.1497840448490313,-0.04132706930133234,-0.14110354383634527
LRCX,Individual equity,,2023-present,917,1.0376855083973706,0.34641995094306566,-0.3446767929580419,1.3521975360693859,0.38955641355717674,-0.22762223790092984,-0.06320217440856092,-0.035894456647317274,-0.2569580291843262,-0.31451202767201525,-0.04313646261411108,-0.11705455505711204
LULU,Individual equity,,2016-2019,1006,0.9474423238331622,0.1962872650177907,-0.23155421570702828,1.0984776585852731,0.18926862621756402,-0.09421650368857248,0.11281554745450308,0.0061647687361225945,-0.25390071946490833,-0.15103533475211095,0.007018638800226684,-0.1373377120184558
LULU,Individual equity,,2020-2022,756,1.264166869668851,0.4434321605954106,-0.2357441346030057,1.6680410399085457,0.41490101443341043,-0.12913657026162106,0.20272616469278817,0.020405870377322444,-0.30646532466053145,-0.40387417023969463,0.028531146162000143,-0.10660756434138463
LULU,Individual equity,,2023-present,917,1.114868885681307,0.30346416028624335,-0.207355450084172,0.6792568159681877,0.10457440489147252,-0.17730605827898316,0.9628727409998751,0.20138729963717683,-0.210878900977714,0.4356120697131193,0.19888975539477083,-0.03004939180518884
LUNR,Individual equity,,2020-2022,282,-0.720827982736453,-0.003855640959862572,-0.004996482183395767,-0.41345757924472004,-0.0020708923743746332,-0.003490212690763328,-0.9296698251581299,-0.0017884522776713263,-0.0020373831775700735,-0.30737040349173295,-0.0017847485854879386,-0.0015062694926324394
LUNR,Individual equity,,2023-present,917,0.7276297416210338,0.29858419897925415,-0.5911941504883236,0.30478055439560475,0.04278698072356946,-0.36801509031448776,0.7080981700441644,0.2677608402328,-0.5572243293984618,0.422849187225429,0.2557972182556847,-0.22317906017383582
LUV,Individual equity,,2016-2019,1006,0.796449240273572,0.13658356181273312,-0.2937776594324665,1.25477659150075,0.15992662802603053,-0.14327870313447377,0.19591164727064664,0.017629868294633422,-0.15653001769634733,-0.45832735122717805,-0.023343066213297403,-0.1504989562979927
LUV,Individual equity,,2020-2022,756,0.6399940628489773,0.16549245665074208,-0.2787054678580503,0.6172610785094597,0.09512376747919515,-0.21376556475833053,0.36603262015575005,0.06425638020214386,-0.2977646509558607,0.022732984339517648,0.07036868917154693,-0.06493990309971975
LUV,Individual equity,,2023-present,917,1.4431707437396462,0.3837754020376427,-0.18037202268292907,1.550306280283637,0.28716083017157534,-0.11486605559160046,0.3715736527982614,0.052446832422917034,-0.28539335134739885,-0.10713553654399077,0.09661457186606737,-0.06550596709132861
LVS,Individual equity,,2016-2019,1006,1.286788552850491,0.23682827605713475,-0.13868538258374463,1.2369896765295836,0.1722637985833071,-0.08959578796711576,0.49224272711742095,0.057536596209686985,-0.21250353818533452,0.049798876320907404,0.06456447747382765,-0.04908959461662887
LVS,Individual equity,,2020-2022,756,0.6957368352694865,0.18726082980794168,-0.2781284552624168,0.21169046622395013,0.022728451721882648,-0.2568486059590934,0.7481902510325533,0.16764440399041924,-0.2768619170822525,0.48404636904553633,0.16453237808605903,-0.021279849303323384
LVS,Individual equity,,2023-present,917,1.294578746045589,0.3183623673601117,-0.1514976911158742,1.4420173881969935,0.24955278760456334,-0.1282319148057396,0.44943663246567134,0.06503268150683783,-0.20226323907817767,-0.14743864215140445,0.06880957975554836,-0.0232657763101346
LYB,Individual equity,,2016-2019,1006,0.9789528882952283,0.171316287003479,-0.16783935988099485,0.7416467783640357,0.09448375237275708,-0.1353051072341942,0.4931913453406279,0.05364162410437867,-0.11819935764672584,0.2373061099311926,0.07683253463072193,-0.032534252646800654
LYB,Individual equity,,2020-2022,756,0.5324145951799302,0.12569884122399055,-0.2651012400192546,0.15057655501282818,0.011120866477244196,-0.27303627572813693,0.5058068180763078,0.10315381695549464,-0.34157236390408197,0.381838040167102,0.11457797474674636,0.007935035708882321
LYB,Individual equity,,2023-present,917,1.529834847196763,0.39862587127809257,-0.1453060124855844,1.0601586216649015,0.17199138097414357,-0.10784820339428569,1.0984709612863952,0.1933755605912162,-0.168611133823255,0.4696762255318616,0.226634490303949,-0.0374578090912987
LYV,Individual equity,,2016-2019,1006,-0.09750525569368405,-0.024528504266891793,-0.21082830925106655,0.9363516608992775,0.10375662702131638,-0.15393394174587216,-1.3170949957858975,-0.1190323317411367,-0.4037776159559724,-1.0338569165929614,-0.12828513128820818,-0.05689436750519439
LYV,Individual equity,,2020-2022,756,0.7466490043965216,0.23610773397290696,-0.24141173723566633,0.8140073181428568,0.1673692648214582,-0.17763621718726996,0.36656387839737103,0.06831228931089939,-0.3359084495555523,-0.06735831374633516,0.06873846915144877,-0.06377552004839637
LYV,Individual equity,,2023-present,917,1.1839527344566638,0.24234147836555597,-0.2187348678958414,1.2962823687858391,0.19861359289327418,-0.135709975528861,0.19400237746433452,0.01752368942042737,-0.18447831757075106,-0.11232963432917531,0.04372788547228179,-0.08302489236698041
MA,Individual equity,,2016-2019,1006,0.7286657413034062,0.09130961894230794,-0.226772363172276,1.6408237102509995,0.177459315038075,-0.12119131446781761,-0.917657311304964,-0.07593161351638611,-0.27039359046394906,-0.9121579689475933,-0.08614969609576706,-0.10558104870445839
MA,Individual equity,,2020-2022,756,0.44812206497178386,0.08826912752852767,-0.3115916569564422,0.7300028354587377,0.1099143780819607,-0.17406223448074953,0.022002176469196513,-0.019501730026092123,-0.32532606444453427,-0.2818807704869538,-0.021645250553433026,-0.13752942247569266
MA,Individual equity,,2023-present,917,0.6024649391275628,0.0695812964931366,-0.16441379685526525,1.4241492745333828,0.13758475608168075,-0.05437917553689464,-0.7434430946705411,-0.0643853605614888,-0.2436566317165435,-0.82168433540582,-0.06800345958854415,-0.1100346213183706
MAA,Individual equity,,2016-2019,1006,0.5801828150177324,0.06621092353429914,-0.11779486634314196,1.0908986178597295,0.10038370079475878,-0.08154052402724488,-0.24050671821553538,-0.025323054438949777,-0.13313991010745252,-0.5107158028419971,-0.03417277726045964,-0.03625434231589708
MAA,Individual equity,,2020-2022,756,0.8448545400666762,0.18436000463927993,-0.2839351049004305,0.8045172980310136,0.10660169850810086,-0.16521499883905666,0.4699839589323786,0.07337113273205653,-0.2122200170907096,0.04033724203566258,0.07775830613117907,-0.11872010606137384
MAA,Individual equity,,2023-present,917,0.2350888076564292,0.023912173281517735,-0.16801954117893225,-0.12427513432921097,-0.016775204988716208,-0.19538226280353388,0.4644046430090941,0.04530149218627977,-0.10826137303938765,0.35936394198564015,0.04068737827023394,0.027362721624601627
MAR,Individual equity,,2016-2019,1006,1.1706556734636393,0.18881044176803896,-0.22632006355883172,1.8734360103399266,0.23976882028154067,-0.121513008759086,-0.17042049423229888,-0.02481333993003909,-0.15683307217068188,-0.7027803368762873,-0.05095837851350171,-0.10480705479974572
MAR,Individual equity,,2020-2022,756,0.17699491996115632,0.010205336994223657,-0.4356694845946587,-0.08260770946765747,-0.032976493318430666,-0.28799967257464654,0.1557927630833621,0.010593714668577281,-0.46682963518209886,0.2596026294288138,0.043181830312654323,-0.14766981202001217
MAR,Individual equity,,2023-present,917,1.2340108716877045,0.23495411736034022,-0.11787919298045113,1.237569767869851,0.19001438987548425,-0.11436281683292582,0.4433180045259131,0.044280959369949136,-0.11951600111645222,-0.0035588961821464427,0.044939727484855974,-0.003516376147525313
MAS,Individual equity,,2016-2019,1006,1.0379379724400637,0.1615286826661564,-0.1523983060913301,1.208955187913523,0.1460506926354137,-0.15080928858310316,-0.0012457489807918465,-0.005458301060433546,-0.15322732020638918,-0.17101721547345927,0.015477990030742683,-0.0015890175082269309
MAS,Individual equity,,2020-2022,756,0.33293722258721264,0.05323610524031963,-0.30456483078609964,0.6475928894391124,0.08463452648133374,-0.11995767480279151,-0.0432275277406492,-0.030480632665369933,-0.32478343962754463,-0.3146556668518998,-0.03139842124101411,-0.18460715598330812
MAS,Individual equity,,2023-present,917,0.6762391473139627,0.12754209504793446,-0.20257465678590636,0.6350561614573031,0.0893087364459737,-0.23270597682446004,0.3108711230931596,0.03507997924903661,-0.14965995263844578,0.04118298585665958,0.038233358601960754,0.030131320038553677
MBB,Bond ETF,,2016-2019,1006,0.7066648566135273,0.009755815728316186,-0.022184113373692638,0.5911272126363424,0.006661367376505689,-0.01885217786381399,0.38743906820228635,0.003073971498354311,-0.01297622825495881,0.11553764397718491,0.003094448351810497,-0.0033319355098786474
MBB,Bond ETF,,2020-2022,756,0.7229719135558148,0.01958518746613458,-0.028344974775209808,0.4027701092637698,0.002428226654555443,-0.015384607475915413,0.6496481282083015,0.017115400739301068,-0.025788018466888607,0.320201804292045,0.017156960811579136,-0.012960367299294395
MBB,Bond ETF,,2023-present,917,-0.1754609928053786,-0.005388862601418021,-0.03958957697893428,0.23991083383345854,0.00447669561774422,-0.023751013115433484,-0.4630685687532242,-0.00982158995047211,-0.04016533440950287,-0.41537182663883715,-0.00986555821916224,-0.0158385638635008
MCD,Individual equity,,2016-2019,1006,0.7120124750985963,0.07108036469253332,-0.15695447543757313,1.0013012135980228,0.07776317841795333,-0.10504846970531911,-0.19708340266836302,-0.017024618027122185,-0.1846807957542279,-0.2892887384994265,-0.0066828137254200115,-0.05190600573225401
MCD,Individual equity,,2020-2022,756,1.1276777247361824,0.2052881234078041,-0.12034063071385281,0.932195103871341,0.09558571077380296,-0.09203104654078353,0.67021214020324,0.09228508044701789,-0.12787198813653022,0.19548262086484147,0.10970241263400116,-0.02830958417306928
MCD,Individual equity,,2023-present,917,0.8566377642427963,0.09310431926847684,-0.10714784022693824,1.0655882967139665,0.07943833454851457,-0.07884510238103437,0.2273315405411771,0.015516094371428535,-0.10714784022693868,-0.20895053247117024,0.013665984719962276,-0.02830273784590387
MCHP,Individual equity,,2016-2019,1006,1.1052549387147557,0.231750396770684,-0.17152508415219903,1.6367413469505134,0.2654708858108805,-0.10202559726802118,0.0447425551294127,-0.004506071860996275,-0.1837076354885796,-0.5314864082357578,-0.03372048904019653,-0.06949948688417784
MCHP,Individual equity,,2020-2022,756,0.21686682961475637,0.013790402407420466,-0.36411105241836916,0.6879189736951298,0.14018804143250718,-0.2186301015702764,-0.266927082005055,-0.11089016223341819,-0.46393613162859804,-0.47105214408037344,-0.12639763902508672,-0.14548095084809276
MCHP,Individual equity,,2023-present,917,1.418253190592631,0.5091221969977184,-0.23166298321854395,1.485502942401616,0.3542977267951253,-0.10819081023413113,0.6312931289447505,0.13614534428545166,-0.205286631436298,-0.06724975180898496,0.15482447020259316,-0.12347217298441282
MCK,Individual equity,,2016-2019,1006,0.6927556000736071,0.1071324893254193,-0.11484797177563932,0.760529473109932,0.0909621151710116,-0.09768336487458962,0.3481447189851297,0.03375608115770734,-0.12807456931526995,-0.06777387303632487,0.016170374154407696,-0.017164606901049706
MCK,Individual equity,,2020-2022,756,0.19439934032943312,0.019037851697537134,-0.3039394666127496,1.0494757185886756,0.16376153942392646,-0.15987057656034587,-1.09656800830897,-0.1330627437298535,-0.3558684718117394,-0.8550763782592425,-0.14472368772638933,-0.14406889005240375
MCK,Individual equity,,2023-present,917,0.9628889349986274,0.1429602131156198,-0.10641554403902376,0.864179790665819,0.09774486877453148,-0.10725634498461523,0.4660462357989017,0.041189301473632645,-0.10760482404303617,0.09870914433280842,0.045215344341088315,0.0008408009455914689
MCO,Individual equity,,2016-2019,1006,0.8753416108170374,0.12074709939209427,-0.1651088615553049,1.432270623779625,0.17468146121790107,-0.10657740173227481,-0.32434078913614445,-0.03069051349672247,-0.17407732117534314,-0.5569290129625876,-0.0539343618258068,-0.058531459823030096
MCO,Individual equity,,2020-2022,756,0.7938617618989479,0.20905951456186678,-0.19930568298464035,1.3872746820053594,0.26969769893389284,-0.09582242135991148,-0.016776159119403763,-0.031255332379435674,-0.3089752879864801,-0.5934129201064116,-0.06063818437202606,-0.10348326162472887
MCO,Individual equity,,2023-present,917,0.6875565952130483,0.09305040268859366,-0.1535099485748579,1.1502673677934967,0.12763222294025245,-0.10310613387976708,-0.39094794709592035,-0.040983048286620694,-0.20922077266713313,-0.46271077258044835,-0.03458182025165879,-0.05040381469509081
MDB,Individual equity,,2016-2019,553,1.2117886936524254,0.44215250818981366,-0.1835565636526888,1.6548659733859452,0.5561520313272088,-0.12919770808895015,-0.21587993835523436,-0.06045738623616026,-0.2057834233472995,-0.44307727973351985,-0.11399952313739514,-0.05435885556373865
MDB,Individual equity,,2020-2022,756,1.1552094997826714,0.6190399047174198,-0.412034520745296,1.2278729632070822,0.4328280673303033,-0.36095057585304935,0.5134272775490516,0.1343178389658799,-0.33601813434382655,-0.07266346342441077,0.18621183738711644,-0.05108394489224666
MDB,Individual equity,,2023-present,917,0.7113031034522777,0.23448538343984104,-0.31884886171377136,0.7728340486365024,0.1978954366347836,-0.2443530644600841,0.25373919331107886,0.03302209279374457,-0.3385027978543357,-0.06153094518422475,0.03658994680505745,-0.07449579725368727
MDLZ,Individual equity,,2016-2019,1006,-0.35880266230726093,-0.04986155898356215,-0.3918673330167852,0.1241886175231564,0.007216678945628274,-0.19585529432740723,-0.7058603005263805,-0.06251329759096991,-0.30581578253766084,-0.48299127983041734,-0.05707823792919042,-0.196012038689378
MDLZ,Individual equity,,2020-2022,756,0.14058032702005827,0.008856829430607949,-0.2803925321554941,0.37683368276791207,0.03332463988914114,-0.18339816981677115,-0.22810803216033376,-0.04697233784958854,-0.2862215337488536,-0.2362533557478538,-0.02446781045853319,-0.09699436233872294
MDLZ,Individual equity,,2023-present,917,0.7251679962993178,0.10066352663246625,-0.15596839934083462,0.6384615074158185,0.058315582276430966,-0.0997464787161213,0.5244521726473351,0.054774823248670446,-0.12329434422813668,0.0867064888834993,0.04234794435603528,-0.05622192062471332
MDT,Individual equity,,2016-2019,1006,0.9723202782296626,0.12184561076686573,-0.14397748956924006,1.3306170142980533,0.11826019211817096,-0.07054733322602325,0.05211046091334288,0.0006111889769344625,-0.13663288341730795,-0.35829673606839074,0.0035854186486947714,-0.07343015634321681
MDT,Individual equity,,2020-2022,756,0.29800378379710196,0.04291132705815559,-0.31104341299244664,0.06890835977485725,0.00041856988167343623,-0.15487871154422916,0.20454641778486363,0.021244782015516606,-0.27102797059134387,0.2290954240222447,0.042492757176482154,-0.15616470144821748
MDT,Individual equity,,2023-present,917,1.4371882095659836,0.21980153263991675,-0.11185380343118967,1.0729852807340428,0.11253801870355251,-0.06615857216012322,0.9212459255483629,0.10097576577983802,-0.09749151541260592,0.36420292883194083,0.10726351393636424,-0.04569523127106645
MDY,Broad index ETF,,2016-2019,1006,1.237223868223327,0.12421593040913836,-0.060193237229430374,1.5636901558486949,0.11820180682784942,-0.047455322704371694,0.08212950714653959,0.0032711811236685318,-0.13542395574514132,-0.3264662876253679,0.006014123581288944,-0.01273791452505868
MDY,Broad index ETF,,2020-2022,756,0.6646969751632615,0.13241936591678827,-0.1839221519783275,0.7990077846077471,0.10498020844401545,-0.09033294303758421,0.2036736093034318,0.020796023314696654,-0.23260448481552443,-0.1343108094444856,0.027439157472772813,-0.0935892089407433
MDY,Broad index ETF,,2023-present,917,0.9473325213466411,0.11995309642364482,-0.07987426947210463,1.199803464493613,0.12291533945364508,-0.06308859729297767,-0.02928884301215917,-0.00566669799385755,-0.10833348859685421,-0.25247094314697194,-0.0029622430300002556,-0.016785672179126965
MELI,Individual equity,,2016-2019,1006,0.7902305035096706,0.20769968401494876,-0.36185726095652304,1.0496862522371553,0.2246787475223868,-0.2773299016201014,0.06741132163188333,-0.006246946583938873,-0.24091183068889,-0.25945574872748467,-0.016979063507438052,-0.08452735933642164
MELI,Individual equity,,2020-2022,756,0.7458109460754991,0.27776459769386763,-0.5812362964416018,1.4519762175172306,0.47507510593927926,-0.22225294635475612,-0.12685202589769237,-0.11530784123117066,-0.5405703746249351,-0.7061652714417315,-0.19731050824541163,-0.3589833500868457
MELI,Individual equity,,2023-present,917,0.4123675537082917,0.07208860653462335,-0.3023069813779482,1.0274715331055677,0.16939049119261784,-0.2837598819517567,-0.20993972897804186,-0.05328516018213658,-0.2689533587523486,-0.615103979397276,-0.0973018846579945,-0.018547099426191482
MET,Individual equity,,2016-2019,1006,0.2457984544620405,0.024785355983031332,-0.19523794400048378,0.4726191688150455,0.03903989089256665,-0.10490329220600736,-0.11456232903859978,-0.01875803179167057,-0.23490183476218074,-0.22682071435300502,-0.014254534909535321,-0.09033465179447642
MET,Individual equity,,2020-2022,756,0.605891038005203,0.1493586467543131,-0.3723134619047793,0.6279234089218682,0.1065106117249397,-0.18087415826372621,0.2522046068555681,0.0326276266631671,-0.39089958856325147,-0.0220323709166651,0.0428480350293734,-0.1914393036410531
MET,Individual equity,,2023-present,917,0.73855872980266,0.1222063245929923,-0.2262805036349428,1.32709805983822,0.16201829697655534,-0.10156926641869701,-0.1755130480691077,-0.032101162890062485,-0.31653876741091613,-0.58853933003556,-0.03981197238356304,-0.12471123721624577
META,Individual equity,Mega-cap 7,2016-2019,1006,0.8989559570248765,0.14303100855506612,-0.09690805122915158,1.3039321654379672,0.161611511207695,-0.06724818966668455,-0.10217343650832686,-0.017694045918534074,-0.16965147058594,-0.4049762084130907,-0.018580502652628894,-0.029659861562467027
META,Individual equity,Mega-cap 7,2020-2022,756,0.8779670890496313,0.28940239681887614,-0.2599945653472575,0.5571848736847091,0.09648745700516814,-0.24104419614112715,0.6370854291361017,0.16054343054839082,-0.25385594335190376,0.32078221536492213,0.192914939813708,-0.018950369206130357
META,Individual equity,Mega-cap 7,2023-present,917,1.3991574344520055,0.45556585868978616,-0.21199356418556725,1.5587980296870263,0.44752087228309234,-0.13405238704192302,0.15953950803313482,0.012999549923713216,-0.18889915907274601,-0.15964059523502083,0.008044986406693821,-0.07794117714364424
MGM,Individual equity,,2016-2019,1006,0.5414917282627378,0.08731207227206661,-0.18242484273420978,1.3848250937941902,0.18543975394691148,-0.0818572229568999,-0.599112464588928,-0.0875884399518917,-0.30644794576615064,-0.8433333655314523,-0.09812768167484487,-0.10056761977730988
MGM,Individual equity,,2020-2022,756,0.5819131956988918,0.1831506175466584,-0.45023350050760236,0.43390347778733196,0.08531180781498748,-0.23165692558349593,0.3451915685668354,0.0641819566192019,-0.6086988465687381,0.1480097179115598,0.09783880973167092,-0.21857657492410643
MGM,Individual equity,,2023-present,917,0.8494650056173009,0.19052447832943065,-0.187886095221109,0.5800687712656125,0.08535237020899067,-0.14569387132885414,0.6320153520551649,0.10288971500622046,-0.15541069061356938,0.26939623435168836,0.10517210812043998,-0.042192223892254854
MKC,Individual equity,,2016-2019,1006,0.7863665060333129,0.09552341045245782,-0.16165395984593223,1.1827319167875086,0.11041120215357703,-0.07395402845415966,-0.2344240749569869,-0.023838602252084007,-0.12245936562706428,-0.3963654107541956,-0.014887791701119202,-0.08769993139177257
MKC,Individual equity,,2020-2022,756,0.5168428028580726,0.08473991532702385,-0.1842456030804207,1.1901278999222964,0.14878959169995465,-0.10285906781610421,-0.2955786857879348,-0.05445850762177118,-0.3463525026217025,-0.6732850970642238,-0.0640496763729308,-0.0813865352643165
MKC,Individual equity,,2023-present,917,0.7994854963141431,0.1419867855326642,-0.2812521837424333,0.4215188539396683,0.04670310044570214,-0.20783874417561854,0.7687934161532867,0.10244299464131723,-0.17685904787036977,0.3779666423744748,0.09528368508696206,-0.07341343956681479
MLM,Individual equity,,2016-2019,1006,1.1964087592536323,0.2134164535755938,-0.17036385282421662,1.3522394514311968,0.19896564779802572,-0.146283971340612,0.11603043379123017,0.0066893329726083195,-0.15640918122972136,-0.1558306921775645,0.014450805777568076,-0.024079881483604626
MLM,Individual equity,,2020-2022,756,0.5700286518886722,0.1275346742813801,-0.3773733179180072,0.39362555299875884,0.05732323563106645,-0.23340367753386593,0.29441526839635396,0.040946952643409196,-0.2589959931049801,0.1764030988899134,0.07021143865031365,-0.14396964038414128
MLM,Individual equity,,2023-present,917,0.8134856401344585,0.13936562973802769,-0.20554227376501066,1.3662511265714572,0.19604423340297994,-0.11155017955692936,-0.3343648816059729,-0.04450137738373694,-0.21548727249280275,-0.5527654864369987,-0.056678603664952254,-0.0939920942080813
MMM,Individual equity,,2016-2019,1006,0.7227458752697387,0.09067786564485592,-0.1261748311511922,0.9584279164858134,0.08370553221288524,-0.08671225729411847,0.12242651833856984,0.00730725654683817,-0.13343678156406413,-0.23568204121607472,0.006972333431970679,-0.039462573857073746
MMM,Individual equity,,2020-2022,756,0.40050132388288195,0.06313231927562812,-0.30787688321388496,-0.21856599415909458,-0.0267173587275521,-0.22057772500648998,0.4624615951553304,0.06991368706848977,-0.24810158589986298,0.6190673180419766,0.08984967800318022,-0.08729915820739498
MMM,Individual equity,,2023-present,917,0.5839714728473754,0.08881362466986586,-0.2850479800092506,0.8769134900734852,0.10692454661024042,-0.17066293411637934,0.01168519866770856,-0.006313401790859707,-0.17405127695470357,-0.2929420172261098,-0.018110921940374558,-0.11438504589287124
MNST,Individual equity,,2016-2019,1006,0.8469063638777969,0.13105677452368036,-0.20734398813913169,1.0753827232074777,0.13568251896193706,-0.1364418070300487,0.19901161578545307,0.015917365537062578,-0.21175719890930433,-0.2284763593296808,-0.004625744438256696,-0.07090218110908297
MNST,Individual equity,,2020-2022,756,0.5585004426980936,0.10365645366591814,-0.21396822563285078,1.0374406983722733,0.1560744568237704,-0.11368443735414524,-0.306082185652096,-0.06201844064757678,-0.236198235827224,-0.47894025567417964,-0.05241800315785228,-0.10028378827870554
MNST,Individual equity,,2023-present,917,0.9891611321600029,0.16247046594862802,-0.15902498026601697,0.9583115776055046,0.13144881179988888,-0.1001403942204544,0.3766868483298569,0.03178461758783446,-0.14787954795640768,0.030849554554498337,0.03102165414873914,-0.05888458604556257
MO,Individual equity,,2016-2019,1006,1.1283536924630293,0.15356962683677589,-0.140624420487087,1.169254669520356,0.1031885215954027,-0.09653902781297208,0.48569401387890443,0.04566862712504727,-0.1697376840180509,-0.04090097705732676,0.05038110524137318,-0.04408539267411493
MO,Individual equity,,2020-2022,756,0.257636148893738,0.031620812094974804,-0.2648182729547195,0.6395201372541603,0.07351608735089665,-0.10350134667179689,-0.08772775672355396,-0.024582839886009955,-0.23032910259069062,-0.38188398836042237,-0.04189527525592185,-0.1613169262829226
MO,Individual equity,,2023-present,917,0.5678564147622022,0.062471246367150846,-0.11575460733488485,1.3125105447252827,0.11959470799974259,-0.0963859517438137,-0.4650396050950235,-0.042015871409152306,-0.1649518563849771,-0.7446541299630806,-0.05712346163259174,-0.01936865559107115
MOAT,Factor/style ETF,,2016-2019,924,1.469672248488876,0.12546027547341443,-0.052038985663362736,2.5820889762106463,0.15178984803461915,-0.025268666958100705,-0.29381206213469907,-0.01977911557239087,-0.09637154028146144,-1.1124167277217702,-0.026329572561204717,-0.02677031870526203
MOAT,Factor/style ETF,,2020-2022,756,0.6725387845391092,0.09406469825289698,-0.10053281248966361,0.884668378581845,0.09595288552881032,-0.09204522468100207,0.07978450458720796,0.0029408537237587407,-0.1042526999218586,-0.2121295940427358,-0.0018881872759133334,-0.008487587808661545
MOAT,Factor/style ETF,,2023-present,917,0.8726276147442351,0.09778730671153069,-0.12454322549550123,1.011323727871292,0.0904575065534301,-0.08435530084782139,0.1425386662318821,0.007771557635496196,-0.1062013589460834,-0.13869611312705699,0.007329800158100586,-0.04018792464767984
MOS,Individual equity,,2016-2019,1006,0.7055810726228564,0.15177484143036613,-0.2697673826897723,0.33967433503317446,0.044959829844271715,-0.23135401144594403,0.7584162188314696,0.12704538202729432,-0.15716976588902531,0.36590673758968195,0.10681501158609441,-0.038413371243828265
MOS,Individual equity,,2020-2022,756,1.385260860571163,0.6334243436372837,-0.3690261967806918,1.2388939601651596,0.3784218128659562,-0.25455075087256207,0.561303352734931,0.1339408208011108,-0.4127182335302133,0.1463669004060033,0.2550025307713275,-0.11447544590812975
MOS,Individual equity,,2023-present,917,0.22006643342645438,0.02436737108829168,-0.37615266899683475,0.18527672926258673,0.01679107980595851,-0.2666036213453026,0.07898240539994304,-0.0025902342704705594,-0.24857515340431402,0.034789704163867646,0.00757629128233317,-0.10954904765153217
MPC,Individual equity,,2016-2019,1006,1.5470517796715522,0.3907604297580358,-0.1479461424791827,1.374539403873955,0.24677996169676608,-0.12227040653259402,0.7529335260441722,0.1130581995153368,-0.1454153056106401,0.17251237579759726,0.14398046806126974,-0.025675735946588674
MPC,Individual equity,,2020-2022,756,1.397159231688213,0.7008227818806294,-0.3732466877040468,1.473329031267395,0.47794900288101205,-0.17781347890704813,0.5920457727551135,0.15765051064953894,-0.436844274433952,-0.07616979957918191,0.22287377899961736,-0.19543320879699866
MPC,Individual equity,,2023-present,917,1.2223651770911215,0.27264914010148145,-0.21112195997122896,1.5016653579998869,0.26756096545123964,-0.16695565089409725,0.11483970875577784,0.006276806812946845,-0.16260023719542482,-0.2793001809087654,0.005088174650241806,-0.044166309077131705
MPWR,Individual equity,,2016-2019,1006,0.8524637689345393,0.1527074310554526,-0.11785696894332298,1.082828985021991,0.1540874133900958,-0.08619364643355465,0.27949685586227735,0.0282714995408353,-0.1293607692822193,-0.23036521608745164,-0.0013799823346432039,-0.03166332250976833
MPWR,Individual equity,,2020-2022,756,0.40890773129972835,0.08489177582982776,-0.5288245840980333,1.0467319010615794,0.24228525850842808,-0.2866448570414514,-0.24593193941374877,-0.09846203177373092,-0.3988231564538486,-0.6378241697618511,-0.15739348267860032,-0.24217972705658197
MPWR,Individual equity,,2023-present,917,0.9005181516796908,0.28869470701707023,-0.25796051853123925,1.0213274139083295,0.26223270375711993,-0.22529486037317326,0.1904131192130944,0.01713705813991173,-0.31970590999529613,-0.12080926222863864,0.026462003259950295,-0.03266565815806599
MRK,Individual equity,,2016-2019,1006,0.579405322577924,0.06119712540520883,-0.14272877457072397,0.9709593225796204,0.09395619262513999,-0.13629882679586736,-0.7395752312266535,-0.04828642844628428,-0.18588636681362958,-0.3915540000016964,-0.03275906721993116,-0.006429947774856615
MRK,Individual equity,,2020-2022,756,0.11225995218126081,0.0051482640804303426,-0.279116703616891,0.05393010067984958,6.249686389003806e-05,-0.21202976019107656,-0.251363513703159,-0.038443248647898054,-0.20743333310445755,0.05832985150141123,0.0050857672165403045,-0.06708694342581445
MRK,Individual equity,,2023-present,917,0.1155684328412263,0.0055336465730502216,-0.2466196007490743,0.43901510821316403,0.05276032787231144,-0.16699082388323638,-0.3213265584895595,-0.03702246224076655,-0.2122972947413173,-0.3234466753719377,-0.04722668129926122,-0.07962877686583791
MRNA,Individual equity,,2016-2019,268,1.7218441580709813,0.8283717300416378,-0.2185791064027045,1.6250527260042995,0.5889948226412314,-0.1200885445489761,1.0663163500561563,0.2852520132631158,-0.14159619917707122,0.09679143206668184,0.2393769074004064,-0.0984905618537284
MRNA,Individual equity,,2020-2022,756,1.0091823285675086,0.49918223466056166,-0.3647619994587842,1.2340454266704146,0.5125763324803492,-0.32165323483658503,0.1997001354123719,0.004850500282502335,-0.50583097540545,-0.22486309810290606,-0.01339409781978751,-0.04310876462219915
MRNA,Individual equity,,2023-present,917,1.429397143480783,0.6738811662924316,-0.45378915833793054,1.0828570134366,0.26057452315121155,-0.1804013894184413,0.9938881417126224,0.33126051944535795,-0.5194104853887549,0.34654013004418305,0.41330664314122,-0.27338776891948924
MRSH,Individual equity,,2016-2019,1006,0.5444624375848013,0.049759413353394066,-0.19004636517755213,1.2056529177535753,0.09399709166860326,-0.07466009753936986,-0.4153484741540967,-0.02864313838102761,-0.19378819911912293,-0.661190480168774,-0.044237678315209195,-0.11538626763818227
MRSH,Individual equity,,2020-2022,756,1.1266714496698758,0.22287476014228513,-0.19496424657931177,1.493760920198641,0.1644901242836332,-0.09500698509452432,0.3790418104676702,0.050137510521670814,-0.1648700764528952,-0.3670894705287653,0.058384635858651945,-0.09995726148478745
MRSH,Individual equity,,2023-present,917,-0.10965918167461543,-0.020421558729607492,-0.20125208360858282,0.49403504984335156,0.040269574517778794,-0.10647401388710875,-0.6382593418282835,-0.058919071161063874,-0.23126738787975087,-0.603694231517967,-0.060691133247386286,-0.09477806972147407
MRVL,Individual equity,,2016-2019,1006,0.11410905278939124,0.0028255455943306806,-0.23562226716463275,0.5021693674846753,0.06524325359121597,-0.13429505197378533,-0.5576470803302275,-0.08350989722096525,-0.32572573582452435,-0.3880603146952841,-0.062417707996885285,-0.10132721519084742
MRVL,Individual equity,,2020-2022,756,0.664629131653789,0.1950764616122065,-0.34624869013478554,0.9855947484641984,0.22604470651124786,-0.1495035061894897,0.1157760190367937,-0.00895124346833831,-0.3304344592997772,-0.32096561681040936,-0.030968244899041375,-0.19674518394529583
MRVL,Individual equity,,2023-present,917,0.9496353957518772,0.39939197767583945,-0.33698825382448516,1.465719041005569,0.563883036588112,-0.13700649376518848,-0.26888047467121773,-0.12548299749192127,-0.43865032403092963,-0.5160836452536918,-0.16449105891227256,-0.1999817600592967
MS,Individual equity,,2016-2019,1006,0.7656971575551429,0.12092232098928757,-0.14107485582912516,0.9518984460930348,0.12287090438136938,-0.11862383518204411,-0.17298976480438508,-0.024002297033804743,-0.18914945531390326,-0.18620128853789186,-0.0019485833920818152,-0.022451020647081044
MS,Individual equity,,2020-2022,756,1.0155338541489805,0.2696361552664457,-0.3546139450529393,1.4164581747842362,0.2861021220709761,-0.14342686054420695,-0.06104484763247464,-0.02968481358503683,-0.45121423005001216,-0.40092432063525574,-0.016465966804530385,-0.21118708450873236
MS,Individual equity,,2023-present,917,1.3936749477628168,0.30430040843384587,-0.1138381138288398,1.661485517119618,0.2739329250680804,-0.12702235063809886,0.26911439367836254,0.028347644239897107,-0.13443622966555002,-0.26781056935680114,0.030367483365765446,0.013184236809259064
MSCI,Individual equity,,2016-2019,1006,1.1975304127042614,0.1858939576377432,-0.1399793785971637,1.5776388246219966,0.20485509058960183,-0.07324791225796112,-0.22634076401389583,-0.02405963975926073,-0.14264048521678552,-0.38010841191773515,-0.01896113295185864,-0.06673146633920257
MSCI,Individual equity,,2020-2022,756,0.9663583922162894,0.2465438911295439,-0.21358935751146746,1.525924541123174,0.30628263339904405,-0.13861147202048085,-0.10036300712073518,-0.03592724590766472,-0.27644605339032624,-0.5595661489068847,-0.059738742269500156,-0.0749778854909866
MSCI,Individual equity,,2023-present,917,-0.3873619083674693,-0.0773563947719551,-0.31921378572658166,-0.03335215607785399,-0.009473243199184522,-0.1565037961627087,-0.501896375331941,-0.07215948004161477,-0.29534693202918716,-0.35400975228961534,-0.06788315157277058,-0.16270998956387295
MSFT,Individual equity,Mega-cap 7,2016-2019,1006,0.6919993587844091,0.08614626847628837,-0.20488232054218136,1.3702910795882457,0.15595770418823207,-0.1442987434900167,-0.9626917966564489,-0.07699945385909523,-0.3003697566534419,-0.6782917208038366,-0.0698114357119437,-0.06058357705216466
MSFT,Individual equity,Mega-cap 7,2020-2022,756,0.6810422353862047,0.1433925582315414,-0.19724009722224356,1.1128445131445275,0.18630240714165525,-0.2004998908673541,-0.22220199154119924,-0.052470406714357654,-0.24975805713953736,-0.4318022777583228,-0.042909848910113846,0.0032597936451105314
MSFT,Individual equity,Mega-cap 7,2023-present,917,1.7479478160326014,0.39134174979777625,-0.14410610982015415,1.669346001831882,0.29637877511086996,-0.10390397493023162,0.6888791436023272,0.07662749565970794,-0.10640881640800104,0.07860181420071943,0.09496297468690629,-0.040202134889922525
MSI,Individual equity,,2016-2019,1006,0.4762032679685296,0.05906097198608129,-0.16616264476580467,0.9731144239128084,0.11161799761174529,-0.10498170464348144,-0.2809760459874698,-0.027116289557371998,-0.19732067973497014,-0.49691115594427887,-0.052557025625664,-0.061180940122323224
MSI,Individual equity,,2020-2022,756,0.7296350420153195,0.15446960264788934,-0.25934684581132317,0.9299950671224754,0.15238640961947136,-0.15849688689364294,0.02431701865492816,-0.009610182226095443,-0.18902526401125708,-0.2003600251071559,0.0020831930284179734,-0.10084995891768023
MSI,Individual equity,,2023-present,917,0.8996401180397529,0.12483333922358542,-0.1214194966924399,1.2002633968934515,0.1354716271464549,-0.10091249496553267,-0.0207316041914257,-0.006117247430038275,-0.14014138100415818,-0.30062327885369866,-0.010638287922869472,-0.020507001726907226
MSTR,Individual equity,,2016-2019,1006,0.20910303004957617,0.0197609979447817,-0.16732112609660077,-0.1466272189484523,-0.021622780456009627,-0.19796969820271626,0.43654762419860627,0.0373390735485406,-0.08874036331543966,0.35573024899802846,0.04138377840079133,0.03064857210611549
MSTR,Individual equity,,2020-2022,756,0.723566616543562,0.2945999313477712,-0.5228646042823147,1.0199686196221862,0.3524256381983739,-0.3980386283582843,0.21202208402195888,-0.012118162329120663,-0.5385402845911664,-0.2964020030786242,-0.05782570685060273,-0.12482597592403044
MSTR,Individual equity,,2023-present,917,1.1169865224708888,0.6710231070399815,-0.4808622969958475,1.5538146736278406,0.8471009703978287,-0.3513819761669773,0.04739578840300176,-0.08570803406103766,-0.6667355820886895,-0.43682815115695184,-0.17607786335784725,-0.12948032082887018
MTB,Individual equity,,2016-2019,1006,1.1822428012959731,0.1778820330189852,-0.09819666600424448,1.1205271581969103,0.11715718005078557,-0.06857975367714553,0.6329115350860428,0.06351623511272497,-0.07412333613183375,0.061715643099062856,0.06072485296819963,-0.029616912327098954
MTB,Individual equity,,2020-2022,756,0.0825097371699008,-0.024428013261542314,-0.5297057198903232,0.03437951480648044,-0.010427890026214803,-0.38701813178865585,0.1648713351121334,0.008773983235373484,-0.37686367643075736,0.048130222363420364,-0.01400012323532751,-0.14268758810166737
MTB,Individual equity,,2023-present,917,0.9277996342234627,0.17956489980557344,-0.2604964732046636,1.2406391247334556,0.20225919753971877,-0.11311932127174318,0.14310898247971232,0.010181513535448827,-0.2351623813140329,-0.31283949050999293,-0.02269429773414533,-0.14737715193292045
MTD,Individual equity,,2016-2019,1006,1.5877320740534029,0.28126291562424743,-0.12335774070446914,1.8093168101642985,0.24571481416324703,-0.11087318578453342,0.23291635965827118,0.01967274431309951,-0.1509381090969285,-0.22158473611089557,0.0355481014610004,-0.01248455491993572
MTD,Individual equity,,2020-2022,756,1.1645491607568224,0.24660517044692298,-0.23566201093683026,1.9677176700203405,0.3306906288660161,-0.07377667231152907,-0.34917467391943224,-0.05833787770830123,-0.27963314946946594,-0.8031685092635181,-0.0840854584190931,-0.1618853386253012
MTD,Individual equity,,2023-present,917,0.8069669621604173,0.15921243310159383,-0.1224883787732911,0.3238741864021712,0.03730083112918847,-0.1410767116349516,0.8703196215939242,0.13097399457241732,-0.1157884715722789,0.4830927757582461,0.12191160197240536,0.018588332861660506
MTSI,Individual equity,,2016-2019,1006,0.615208665941631,0.17388516160331569,-0.2811969174016835,0.8103562093334719,0.1542566000320278,-0.13342285675869658,0.19608507962778401,0.01700537087744891,-0.28240620409938566,-0.19514754339184082,0.019628561571287895,-0.14777406064298693
MTSI,Individual equity,,2020-2022,756,0.7042572941943076,0.2201857946368353,-0.2795486321310098,1.2862446826641172,0.3686686455080972,-0.15390720156742044,-0.22528927048984582,-0.10217508651793461,-0.38779119758407565,-0.5819873884698096,-0.1484828508712619,-0.12564143056358934
MTSI,Individual equity,,2023-present,917,0.9398878745762049,0.2543285598953595,-0.23690034525135484,1.1414338503155532,0.2507677946131468,-0.16838627298932274,0.01424464668514648,-0.014423887055531548,-0.3462845569905656,-0.2015459757393483,0.003560765282212719,-0.0685140722620321
MTUM,Factor/style ETF,,2016-2019,1006,1.1494312810215919,0.10899654115412138,-0.0866406339261766,2.049216547416826,0.1315163171058953,-0.04077538551272708,-0.34184733926642724,-0.026654362570539214,-0.1249896959033806,-0.8997852663952342,-0.0225197759517739,-0.04586524841344952
MTUM,Factor/style ETF,,2020-2022,756,0.9122512556693297,0.17474771489238483,-0.14641079544682822,0.925691506906153,0.09357835775743184,-0.0987106153854963,0.5064324328595677,0.07422363158448375,-0.1475134758427773,-0.013440251236823242,0.08116935713495299,-0.04770018006133192
MTUM,Factor/style ETF,,2023-present,917,0.6620143119379179,0.08958861317853462,-0.13158210253757519,1.1562424450559061,0.13064395443905452,-0.11737156605535848,-0.4010850698373493,-0.041919365691475696,-0.19865225806932563,-0.4942281331179882,-0.041055341260519906,-0.014210536482216707
MU,Individual equity,,2016-2019,1006,1.151338774594268,0.33252521252239164,-0.2631100074904078,1.6424950866881027,0.39298107964454476,-0.19471851581546828,-0.0989977538199271,-0.03489111800723088,-0.338783139768181,-0.4911563120938347,-0.06045586712215312,-0.06839149167493952
MU,Individual equity,,2020-2022,756,0.08659965104610609,-0.027266323439025686,-0.4515317186253297,0.2992092356108741,0.04182983282048669,-0.2802757157701833,-0.08011579960572163,-0.05495579776861159,-0.3423995233526187,-0.212609584564768,-0.06909615625951238,-0.17125600285514642
MU,Individual equity,,2023-present,917,1.2759610424790748,0.5040260643647811,-0.3369106970707457,1.943539721169147,0.7264064661966689,-0.1899836371966488,-0.6179291984375191,-0.14989507331430962,-0.4839301362121775,-0.6675786786900721,-0.2223804018318878,-0.14692705987409693
MUB,Bond ETF,,2016-2019,1006,1.5275998831856088,0.019256834180477522,-0.02716922536902311,2.144334570429801,0.022126241301761773,-0.00844533558748295,-0.38606293603382785,-0.0028072922945698853,-0.022579989670808986,-0.6167346872441921,-0.002869407121284251,-0.01872388978154016
MUB,Bond ETF,,2020-2022,756,1.2303425043378753,0.02393169386579297,-0.01696267600931156,1.0315172628538294,0.006995864383193995,-0.007719991330542908,0.9267092713957056,0.01681817183328005,-0.01696267600931156,0.1988252414840459,0.016935829482598974,-0.009242684678768653
MUB,Bond ETF,,2023-present,917,0.6635324103738474,0.01207833433263139,-0.025617611842713828,0.5497521561909788,0.008238397914363205,-0.020277345677670144,0.3711353954358642,0.0038085599856259034,-0.01204727761258284,0.11378025418286852,0.003839936418268186,-0.005340266165043683
NBIS,Individual equity,,2016-2019,1006,0.39260853705328286,0.07187136387090431,-0.3069094001204874,1.119721915493377,0.23825669912779812,-0.17286709520005772,-0.6438335716517983,-0.10746657050445785,-0.3735811957758617,-0.7271133784400943,-0.1663853352568938,-0.13404230492042968
NBIS,Individual equity,,2020-2022,756,1.5337329824287809,0.6275226014294333,-0.238763199259859,1.2711766969768061,0.2146301250306768,-0.13263968641962764,0.9341781704318577,0.28747818732755626,-0.3569963634287018,0.26255628545197474,0.4128924763987565,-0.10612351284023136
NBIS,Individual equity,,2023-present,874,0.3155108609212733,0.022132106308668797,-0.5509838482227101,0.8218443242488978,0.2593104416279304,-0.2752707330331645,-0.29590848398370534,-0.18833984653748903,-0.6101729403720171,-0.5063334633276244,-0.23717833531926158,-0.27571311518954555
NCLH,Individual equity,,2016-2019,1006,1.0112376145363429,0.1992794794743027,-0.16232746626755656,0.9526963523061521,0.1275289087051208,-0.134772354644084,0.3588556763677788,0.04369234154622492,-0.25120794852599926,0.05854126223019074,0.0717505707691819,-0.027555111623472572
NCLH,Individual equity,,2020-2022,756,0.9972218057311001,0.5200743173532876,-0.5946238018637469,0.4927235737150846,0.11692341758306402,-0.331675896673168,0.8869805086216551,0.37121734071720924,-0.6315703548824187,0.5044982320160155,0.40315089977022356,-0.26294790519057887
NCLH,Individual equity,,2023-present,917,1.2763477535849719,0.4643853398051083,-0.24809711921106548,1.135439144953501,0.2513652783419016,-0.2403563034539663,0.7436153133436914,0.1799232537586286,-0.25165763485903825,0.1409086086314708,0.21302006146320673,-0.007740815757099173
NDAQ,Individual equity,,2016-2019,1006,0.4872163581029311,0.04751150948314775,-0.12002775290226675,0.9344239616592593,0.07794831708194949,-0.07728168305623184,-0.23579474351741564,-0.018966076062436277,-0.15791005005154068,-0.4472076035563282,-0.03043680759880174,-0.042746069846034906
NDAQ,Individual equity,,2020-2022,756,1.2690306994886007,0.32252153219848667,-0.17718696272944356,1.5856146543085332,0.24684741057068615,-0.06744810479187358,0.43203199101724704,0.06755385371144884,-0.18986494467510617,-0.3165839548199325,0.07567412162780052,-0.10973885793756999
NDAQ,Individual equity,,2023-present,917,0.37421659838159105,0.045718471104823744,-0.19464241473971244,0.9109446871876892,0.09265597762227773,-0.07828864803735214,-0.28819397413397374,-0.037010341047140516,-0.20395816103364373,-0.5367280888060981,-0.046937506517453986,-0.1163537667023603
NDSN,Individual equity,,2016-2019,1006,0.8341736971012317,0.11825124699795686,-0.133816907599558,1.3068766416072282,0.15937220042207678,-0.07493954378090195,-0.4430658603903784,-0.044126174532927,-0.22057177261934957,-0.4727029445059965,-0.04112095342411992,-0.05887736381865605
NDSN,Individual equity,,2020-2022,756,0.9467788951838095,0.24817133552810278,-0.2073610038184357,1.4695120733920204,0.21612120708178328,-0.08444533039354796,0.2644575877853635,0.03493705710754558,-0.2712881836832295,-0.5227331782082109,0.03205012844631949,-0.12291567342488774
NDSN,Individual equity,,2023-present,917,0.6212688997774884,0.08444081084146293,-0.13387297899675044,0.35634971834802953,0.03299459302492047,-0.15454794729315158,0.4815389217412073,0.04806373598652325,-0.11964627887260793,0.2649191814294589,0.05144621781654246,0.02067496829640114
NEE,Individual equity,,2016-2019,1006,0.18759036511019903,0.014306958484648469,-0.21327588431752587,0.6335015982935671,0.057204778560818736,-0.1277419270365735,-1.1878302727889323,-0.060231065189972455,-0.21963378735621297,-0.4459112331833681,-0.04289782007617027,-0.08553395728095237
NEE,Individual equity,,2020-2022,756,1.0583206034957826,0.2544326026160295,-0.25499826638552037,1.0837428867975978,0.1513540269527318,-0.10213242234923736,0.6437354562475924,0.11471001120408286,-0.24150579066327105,-0.025422283301815174,0.1030785756632977,-0.152865844036283
NEE,Individual equity,,2023-present,917,0.3580981420439097,0.04717223197946163,-0.1662987124467974,0.6809514561770112,0.08037643461364974,-0.11098109407424395,-0.2865010825139423,-0.040024592144055626,-0.2419119516872671,-0.32285331413310153,-0.03320420263418811,-0.055317618372553445
NEM,Individual equity,,2016-2019,1006,0.49069189737388486,0.08656589178278984,-0.3293426755334422,0.8677632020850358,0.15285113843460807,-0.12868873918995027,-0.3087300154245642,-0.04516300279092933,-0.26066141266235665,-0.3770713047111509,-0.06628524665181823,-0.20065393634349193
NEM,Individual equity,,2020-2022,756,1.1155519354497074,0.28727205618738183,-0.21216720730205096,1.0286523434100108,0.18169742595849536,-0.10640049591063039,0.5959425042250616,0.09795368889918521,-0.18706120966274342,0.08689959203969666,0.10557463022888647,-0.10576671139142058
NEM,Individual equity,,2023-present,917,1.7509677024804309,0.5378987478846402,-0.18185432538248358,1.8560333333081567,0.42584928073606987,-0.19831474207945743,0.47697359516234245,0.07101021000947338,-0.19778000778609717,-0.1050656308277258,0.11204946714857034,0.016460416696973845
NET,Individual equity,,2020-2022,756,1.1505403144281896,0.6298741827595586,-0.3753967934087592,1.6233785977639068,0.6402471538763175,-0.2155144896704725,0.2162955517628657,-0.006324029334386583,-0.46145194832869074,-0.4728382833357172,-0.010372971116758833,-0.1598823037382867
NET,Individual equity,,2023-present,917,0.22150372806396187,0.019432837047606455,-0.40881699476060385,0.7255180730478318,0.16793270470722277,-0.2605819598510323,-0.5418164837299079,-0.12714762336999708,-0.3990299577183227,-0.5040143449838699,-0.1484998676596163,-0.14823503490957157
NFLX,Individual equity,,2016-2019,1006,0.30635701732793424,0.04551912550841131,-0.37813858957652025,1.2310225347621824,0.23559213564428627,-0.12507825966259756,-0.8397713254311095,-0.12517264974195053,-0.5267317280052819,-0.9246655174342482,-0.19007301013587496,-0.2530603299139227
NFLX,Individual equity,,2020-2022,756,0.6873840559499399,0.22056627632444115,-0.3722682886223767,0.5165158073616428,0.09284217788197169,-0.19475471688425394,0.3119908360485395,0.05422036653518014,-0.39147592525559405,0.17086824858829708,0.12772409844246946,-0.17751357173812277
NFLX,Individual equity,,2023-present,917,1.903227699545462,0.46344767609620763,-0.17375422229079562,1.641983591017982,0.2846200043691549,-0.10405944975216308,0.6650242482963045,0.09610281116669617,-0.27209132656824886,0.2612441085274799,0.17882767172705272,-0.06969477253863254
NI,Individual equity,,2016-2019,1006,0.5167249669828601,0.057194646957062334,-0.1548844501986144,0.6110224232728211,0.0525124461072588,-0.10756278862491508,0.004538412378220947,-0.0035738638253487442,-0.17166662660579057,-0.094297456289961,0.004682200849803531,-0.047321661573699325
NI,Individual equity,,2020-2022,756,0.1757514159690187,0.01548548628363755,-0.2744043687653136,0.3532181737120042,0.03522430745016325,-0.16047652874987173,0.10783784035469804,0.0057804213917374,-0.13444385335325948,-0.1774667577429855,-0.0197388211665257,-0.11392784001544187
NI,Individual equity,,2023-present,917,0.3294366738160211,0.03380848413035742,-0.14373212455978424,0.5683467848844949,0.051882147890012886,-0.10605101741016099,-0.3921204408363326,-0.034480675140959094,-0.23404863852653524,-0.23891011106847376,-0.018073663759655467,-0.03768110714962325
NKE,Individual equity,,2016-2019,1006,1.305406189125039,0.18677285851959202,-0.08867680325028782,1.2235135527294607,0.13129991368275484,-0.08721629625136507,0.5267156669205872,0.04641655423319202,-0.09463182529129155,0.08189263639557831,0.05547294483683718,-0.0014605069989227504
NKE,Individual equity,,2020-2022,756,1.021425907428898,0.2655969404658671,-0.19764586251050476,1.1844693312894423,0.159704904141045,-0.09025581554132645,0.49539960526825694,0.09176147100329946,-0.21871656223945934,-0.16304342386054427,0.10589203632482214,-0.10739004696917831
NKE,Individual equity,,2023-present,917,0.4054424034656601,0.07063794143816438,-0.29848743783825205,-0.18137712485372606,-0.028003716283550695,-0.16503599238497335,0.5483391047928149,0.09874405772415695,-0.25054418587671956,0.5868195283193861,0.09864165772171507,-0.1334514454532787
NOBL,Factor/style ETF,,2016-2019,1006,1.0984733396861626,0.08361113597542191,-0.0823939362163314,1.7904474328896733,0.10697613422214758,-0.03518377796956651,-0.2645197597096879,-0.014667549621770304,-0.10150901796164746,-0.6919740932035108,-0.023364998246725666,-0.04721015824676489
NOBL,Factor/style ETF,,2020-2022,756,0.8292585087221283,0.14406899225859116,-0.13340237251034215,1.2649843921929667,0.13646737524306807,-0.05616005616005615,0.120459050785936,0.0069032803238224805,-0.18981203559092108,-0.4357258834708384,0.007601617015523088,-0.077242316350286
NOBL,Factor/style ETF,,2023-present,917,0.7294414176411651,0.06202546910351514,-0.07571018162440413,0.8039740694441875,0.05597687648571337,-0.07068316593474966,0.1360794098288559,0.005727959345030564,-0.054074422035627956,-0.07453265180302238,0.0060485926178017735,-0.005027015689654468
NOC,Individual equity,,2016-2019,1006,0.622038002936117,0.07925992740567955,-0.1309265961774031,1.1883997861263296,0.12300114009149188,-0.08373825293867532,-0.1722819727923742,-0.019936765261278078,-0.15448138739355133,-0.5663617831902126,-0.043741212685812325,-0.04718834323872778
NOC,Individual equity,,2020-2022,756,0.5800031640553475,0.09875934436550371,-0.32290345082997507,1.2193370947565614,0.1619767533252734,-0.12325614165500665,-0.4665018215677603,-0.07995482022199318,-0.3292441504829863,-0.6393339307012139,-0.06321740895976968,-0.19964730917496842
NOC,Individual equity,,2023-present,917,0.789037372111502,0.12223319017126233,-0.2498232760574739,0.5309158856991251,0.0592931143255937,-0.12386860319131676,0.5652949210747372,0.06309923079767255,-0.16210686524582796,0.258121486412377,0.06294007584566863,-0.12595467286615714
NOW,Individual equity,,2016-2019,1006,0.9367702456713825,0.1953652426445769,-0.2047093492021892,1.4408334096628137,0.2964604282393484,-0.1362769337594829,-0.6078206972027332,-0.0618943692862306,-0.297029206517871,-0.5040631639914313,-0.10109518559477149,-0.06843241544270628
NOW,Individual equity,,2020-2022,756,0.3274870480462425,0.05474779785765649,-0.4659268758766051,0.7195982348384852,0.13599109709913026,-0.3097230960015118,-0.12281083806847455,-0.05067699802659875,-0.2867803226892719,-0.39211118679224266,-0.08124329924147378,-0.15620377987509326
NOW,Individual equity,,2023-present,917,0.9427417220721275,0.25005688743089793,-0.25449979481953544,1.2171479914765064,0.227538197698139,-0.17851802237098569,0.2017559339585321,0.020642893444473343,-0.2629417369618776,-0.27440626940437896,0.022518689732758945,-0.07598177244854976
NRG,Individual equity,,2016-2019,1006,1.096709730065365,0.25884170825649,-0.21223184731587352,1.1455522531600144,0.20472760814005309,-0.15359666879626865,0.26821519893931245,0.030533899282497945,-0.24435429399555197,-0.048842523094649426,0.054114100116436914,-0.05863517851960487
NRG,Individual equity,,2020-2022,756,0.826676244480156,0.21709506144392243,-0.21578370140187808,0.9070398121153674,0.14374952304039268,-0.14089401816624803,0.49391536029076855,0.09385165963259068,-0.22278769688172406,-0.08036356763521146,0.07334553840352975,-0.07488968323563006
NRG,Individual equity,,2023-present,917,0.5105395666013578,0.11342945952521855,-0.4455958985646329,1.3942276327541732,0.3390294217072014,-0.12996310102803932,-0.9037226376483823,-0.1644166784877661,-0.54807164923071,-0.8836880661528154,-0.22559996218198286,-0.31563279753659357
NSC,Individual equity,,2016-2019,1006,0.8245623297731527,0.12641899388423705,-0.20563836465202856,1.1810884157621482,0.14907492896597918,-0.09875758393012146,-0.19474369580791773,-0.025047498468294793,-0.16282580975877026,-0.3565260859889955,-0.02265593508174213,-0.1068807807219071
NSC,Individual equity,,2020-2022,756,1.0423637035645164,0.27978755723605797,-0.21904349004857526,1.2811761803189154,0.19744963057155873,-0.11744376302774628,0.42299543671987566,0.07309935054583461,-0.22480342884177762,-0.2388124767543991,0.08233792666449924,-0.10159972702082898
NSC,Individual equity,,2023-present,917,1.2862940027658727,0.23596679991044578,-0.11692019539511411,1.0523455202607623,0.14346271902765872,-0.1128412479576244,0.8470415939462039,0.0981482097280193,-0.1152402338070373,0.23394848250511036,0.09250408088278705,-0.0040789474374897106
NTAP,Individual equity,,2016-2019,1006,1.2702890207955326,0.33399603263162625,-0.1998439277003099,1.750186005460077,0.3308246268727062,-0.12795223316279503,0.2759021866034212,0.03519273037660575,-0.24448656008952618,-0.47989698466454445,0.003171405758920054,-0.07189169453751487
NTAP,Individual equity,,2020-2022,756,0.3323471097398102,0.055616275175870644,-0.4463456247059553,0.5544465464539402,0.09009213112383674,-0.2215076411284973,-0.028767113984815667,-0.03246500148853093,-0.4545887302559126,-0.22209943671413002,-0.034475855947966094,-0.224837983577458
NTAP,Individual equity,,2023-present,917,0.7610350765283457,0.14358003139556264,-0.19899338192044136,1.0332944096150223,0.15772139412263453,-0.15328066447203104,-0.18185572067895,-0.034198155568205824,-0.21859146172011235,-0.2722593330866766,-0.014141362727071893,-0.04571271744841032
NTES,Individual equity,,2016-2019,1006,0.5519229198533727,0.11227539727943037,-0.32166127491816576,0.8194043430961417,0.15510535967192962,-0.21676869259080622,-0.13639378654947848,-0.031354699206750825,-0.23443709708547744,-0.267481423242769,-0.042829962392499255,-0.10489258232735954
NTES,Individual equity,,2020-2022,756,0.500322815185569,0.11603157907786077,-0.35826614846429816,0.32652785816864327,0.046000212141031005,-0.2939795030497907,0.2953249063868048,0.04428078898370513,-0.2606343338546977,0.1737949570169257,0.07003136693682976,-0.06428664541450746
NTES,Individual equity,,2023-present,917,0.5533760557397214,0.11304805023594766,-0.21767142965316055,0.9600108179344281,0.19453704633660496,-0.19767634918280275,-0.4284192059988504,-0.07476825802198417,-0.3684288412276938,-0.40663476219470673,-0.0814889961006573,-0.019995080470357807
NTRS,Individual equity,,2016-2019,1006,0.7244845357407036,0.10514275376220472,-0.18915988439730536,0.9282703436970949,0.10910949982982454,-0.14511625065796585,-0.03305947328977694,-0.008895298305608645,-0.18346138529440437,-0.20378580795639134,-0.00396674606761982,-0.044043633739339505
NTRS,Individual equity,,2020-2022,756,-0.252753016506687,-0.09840369352034206,-0.5031038949915407,-0.13431627144018543,-0.03220061719505196,-0.1964512940549683,-0.05952965200473246,-0.037664825638022315,-0.420364737042617,-0.11843674506650159,-0.0662030763252901,-0.30665260093657243
NTRS,Individual equity,,2023-present,917,1.048599581281007,0.18652869375380976,-0.18779564498411905,1.4579160177262327,0.2247577612801157,-0.10993180203363029,-0.4308200425023308,-0.055484425095694956,-0.2538491022817472,-0.40931643644522575,-0.03822906752630595,-0.07786384295048876
NUE,Individual equity,,2016-2019,1006,0.6728675074621473,0.11803434571603177,-0.25625896832498074,0.982021873526828,0.13595317447358735,-0.13230182355840125,0.052507243519620585,-0.002131053547676842,-0.20746862943257183,-0.3091543660646807,-0.01791882875755557,-0.12395714476657949
NUE,Individual equity,,2020-2022,756,1.6300494492431021,0.6716103627421848,-0.21262474689728883,1.8803812935774724,0.5919972750792226,-0.1340421636563892,0.328786713622043,0.051261294202251007,-0.32884449353113987,-0.2503318443343703,0.07961308766296216,-0.07858258324089962
NUE,Individual equity,,2023-present,917,0.7093466692535743,0.14044409017682247,-0.155520131441657,0.8020520180870635,0.12101486295947783,-0.13696460347003936,0.42298433959314163,0.057112788557263316,-0.1198870983081699,-0.09270534883348924,0.019429227217344636,-0.018555527971617636
NVDA,Individual equity,Mega-cap 7,2016-2019,1006,1.3285525565053518,0.3521850299373659,-0.2726947449321204,2.0017354498718443,0.4308440102588418,-0.12373433697656488,-0.27346866930964103,-0.06271438671134744,-0.29784458471407904,-0.6731828933664925,-0.07865898032147589,-0.14896040795555554
NVDA,Individual equity,Mega-cap 7,2020-2022,756,1.2657969911899083,0.523681628812565,-0.23794551971995803,1.7440774229533078,0.5251955044499377,-0.1615739294977251,0.1421525750837842,-0.0009925780878291546,-0.3185118445877446,-0.4782804317633995,-0.001513875637372708,-0.07637159022223294
NVDA,Individual equity,Mega-cap 7,2023-present,917,1.1243788726701245,0.3876423886434386,-0.2940790341767635,1.9704920105030777,0.6847561042675947,-0.1332390533901291,-0.9228218684742671,-0.17477507025812244,-0.5136585124937264,-0.8461131378329532,-0.2971137156241561,-0.16083998078663442
NVMI,Individual equity,,2016-2019,1006,0.9752051186377533,0.19422980392295508,-0.1933835395491278,1.2289350482454058,0.2181503179372799,-0.18701830710865297,-0.3129273886710068,-0.0418882473936405,-0.2335530401563638,-0.2537299296076525,-0.023920514014324823,-0.006365232440474822
NVMI,Individual equity,,2020-2022,756,0.8618091782787852,0.26166860388652124,-0.32585779498044365,1.1044158559351447,0.2400708756669674,-0.12838853735229594,0.26919813890204985,0.037160662732238725,-0.28475629064286045,-0.24260667765635946,0.021597728219553858,-0.1974692576281477
NVMI,Individual equity,,2023-present,917,1.3298507716847785,0.47981726944457503,-0.3441477260086945,1.573830732602805,0.43164703064356935,-0.21667478918820193,0.2580611833109758,0.03364672839739846,-0.33074843087906125,-0.24397996091802643,0.04817023880100568,-0.12747293682049254
NVO,Individual equity,,2016-2019,1006,0.7431968254312291,0.10737941670672102,-0.14739637776104442,0.8158566890078359,0.08743363218878741,-0.08569500646803174,0.32512724102357493,0.029805238532672584,-0.2043615883314589,-0.07265986357660681,0.019945784517933607,-0.061701371293012675
NVO,Individual equity,,2020-2022,756,0.7859311197982137,0.13518942737191897,-0.13668991132741648,1.2394435921488112,0.18331682841855756,-0.12331644808066411,-0.5814235775571647,-0.07485580662294156,-0.279242745279625,-0.45351247235059744,-0.048127401046638596,-0.01337346324675237
NVO,Individual equity,,2023-present,917,0.7775466877468592,0.18854766120805966,-0.1805725465603384,1.1277216027341872,0.19986070640902587,-0.13506307862758582,0.32126808552549846,0.04610389945477533,-0.1677918538148181,-0.350174914987328,-0.01131304520096621,-0.04550946793275257
NVR,Individual equity,,2016-2019,1006,0.5010637979929279,0.06973410227458965,-0.29040546054537286,0.5110959713952132,0.05983349527683357,-0.14547634922215813,0.06881180737344395,0.001019661981037201,-0.27940813467835035,-0.01003217340228535,0.009900606997756078,-0.14492911132321473
NVR,Individual equity,,2020-2022,756,0.0735020709641291,-0.004218924689969317,-0.2633124258722077,0.3336223207794171,0.037227494823738105,-0.1931106055861309,-0.40770963705693297,-0.06261317144602263,-0.2395066553122167,-0.26012024981528803,-0.04144641951370742,-0.0702018202860768
NVR,Individual equity,,2023-present,917,0.7915547166612229,0.13414134494240115,-0.14512791004239245,0.8423430656667485,0.11407848720096014,-0.1681610929725924,0.20084057655833484,0.01650264623637132,-0.16533578597605159,-0.050788349005525646,0.02006285774144101,0.023033182930199958
NWS,Individual equity,,2016-2019,1006,0.18939435145254843,0.01694296714745458,-0.2463909614982004,0.5678116128734948,0.05282770230721057,-0.10133026221298846,-0.20546981681401943,-0.029460263906834094,-0.26417214685777135,-0.37841726142094634,-0.03588473515975599,-0.14506069928521192
NWS,Individual equity,,2020-2022,756,0.9327574826680508,0.24734702397648034,-0.26439655108387705,1.241362030732518,0.23518235688249223,-0.13120230927144494,0.052121102783701675,-0.011570773999595163,-0.3013165226181038,-0.30860454806446713,0.012164667093988113,-0.1331942418124321
NWS,Individual equity,,2023-present,917,0.8055652329770223,0.13139643819184954,-0.12053672139156812,1.0815335637642904,0.13322522606582776,-0.09572763750856905,0.29704823721327667,0.02989309598568579,-0.12665884198481603,-0.2759683307872681,-0.0018287878739782215,-0.024809083882999072
NWSA,Individual equity,,2016-2019,1006,0.1741253474762291,0.014905950062271467,-0.20805723553753197,0.36940338936329653,0.0324329749241794,-0.1426427439500466,0.13010764789091203,0.008448937079091445,-0.15950925780774483,-0.19527804188706743,-0.017527024861907936,-0.06541449158748536
NWSA,Individual equity,,2020-2022,756,0.9783060214963258,0.27049710046058584,-0.2752537827905851,1.4753500684879834,0.30033734928716815,-0.16449073335930753,0.06397227374839204,-0.01081209419554885,-0.27823820554194467,-0.4970440469916576,-0.029840248826582316,-0.11076304943127757
NWSA,Individual equity,,2023-present,917,0.9378142170029546,0.1544719844210356,-0.12589143204434872,0.7974347919278943,0.0952153918299905,-0.12221284348671191,0.5916439466068467,0.06335138634162063,-0.09247042372373704,0.1403794250750603,0.0592565925910451,-0.0036785885576368083
NXPI,Individual equity,,2016-2019,1006,0.7284382665057864,0.13469807502563658,-0.15875486952995876,0.593395911079375,0.06604762080611959,-0.12084349223208068,0.4664497517041056,0.06439717408459256,-0.17543535315614867,0.1350423554264114,0.06865045421951699,-0.03791137729787808
NXPI,Individual equity,,2020-2022,756,-0.08509868499281695,-0.08077205214006167,-0.5862147521326151,-0.3248092125593536,-0.08729450520219628,-0.3777956372143877,0.13931319991175492,0.0024691271611843035,-0.4078800525199221,0.23971052756653663,0.006522453062134614,-0.2084191149182274
NXPI,Individual equity,,2023-present,917,0.9057166028440619,0.25557664371596345,-0.265562367932314,0.844891293292895,0.1815240904199782,-0.22925031525540596,0.4191052326359045,0.06602706575154715,-0.2778574038194086,0.06082530955116683,0.07405255329598526,-0.03631205267690807
O,Individual equity,,2016-2019,1006,0.7183610356517284,0.0938825169491675,-0.11482593290388832,0.8838210270613677,0.08852468292993243,-0.11203085815669622,-0.10999363420788276,-0.015255594718850851,-0.19829617962416157,-0.1654599914096393,0.005357834019235064,-0.0027950747471920945
O,Individual equity,,2020-2022,756,-0.3179195082480277,-0.07011638341662774,-0.4501812817376408,0.6192763183327734,0.07194267934695775,-0.20662948576352247,-0.8042205282476632,-0.11085071858726292,-0.4129821400837984,-0.9371958265808011,-0.1420590627635855,-0.24355179597411836
O,Individual equity,,2023-present,917,0.8083510181776037,0.10584217333038981,-0.1794229586029572,0.9005965340298159,0.0857150289956301,-0.09159690786470576,0.4613329444133501,0.04101037195949431,-0.13816702670319414,-0.09224551585221219,0.020127144334759706,-0.08782605073825145
ODFL,Individual equity,,2016-2019,1006,1.1370631842651089,0.20481305221246449,-0.15044428422290212,1.5055207532994566,0.22254706217204645,-0.08172403353103352,-0.17665042542717582,-0.02579634385153884,-0.20857948370189228,-0.3684575690343477,-0.017734009959581964,-0.0687202506918686
ODFL,Individual equity,,2020-2022,756,0.7372626621379427,0.16370238326611397,-0.29850763552081294,1.00342303693274,0.18884723330100073,-0.2562974425967156,-0.029905549170728372,-0.016900461218299467,-0.15974895655648225,-0.26616037479479726,-0.025144850034886757,-0.042210192924097334
ODFL,Individual equity,,2023-present,917,0.4717619219113627,0.08117611942797764,-0.20947237568429822,0.8382542096149264,0.12166835767660555,-0.2296133017564963,-0.08363409098585319,-0.026387926933967853,-0.2663349372726964,-0.3664922877035637,-0.04049223824862791,0.020140926072198084
OIH,Thematic/industry ETF,,2016-2019,924,0.882673779419991,0.1870230986971333,-0.21419698112102747,0.33118816462420275,0.033634944296788705,-0.19539888191537558,0.8763320964727159,0.15721066267212302,-0.1426718087581944,0.5514856147957883,0.1533881544003446,-0.018798099205651897
OIH,Thematic/industry ETF,,2020-2022,756,1.591184149224254,0.8762157988464851,-0.4213996530283085,1.33077698669035,0.41094275916844647,-0.2401417900097903,0.9727278448347971,0.34074227234052623,-0.35055547296286604,0.26040716253390395,0.4652730396780387,-0.1812578630185182
OIH,Thematic/industry ETF,,2023-present,917,0.4548136669611297,0.07681949734116378,-0.23794826766573773,0.22725816484082895,0.023345683376083892,-0.3385795263198922,0.3877111340059914,0.049238456812843,-0.18367877256586485,0.22755550212030073,0.053473813965079886,0.10063125865415445
OKE,Individual equity,,2016-2019,1006,0.8415503866304348,0.15061516822500298,-0.2882195757386362,1.5287522243296034,0.25701477071607326,-0.10488789953129218,-0.8144288602992855,-0.08840014914778782,-0.38438158629586217,-0.6872018376991686,-0.10639960249107028,-0.18333167620734403
OKE,Individual equity,,2020-2022,756,0.6603152604991761,0.2139628680278256,-0.473950641269658,0.9715766283768281,0.2359745931668451,-0.2734627962541708,-0.07835108315087824,-0.10832641757127082,-0.6094876201696335,-0.311261367877652,-0.0220117251390195,-0.20048784501548722
OKE,Individual equity,,2023-present,917,0.8732331266852248,0.12918941052187316,-0.19673784616402545,1.0480031057391528,0.1257124106485854,-0.13699880051362234,-0.008605916144582195,-0.0053530394117585756,-0.20509835849085167,-0.174769979053928,0.003476999873287756,-0.05973904565040311
OKTA,Individual equity,,2016-2019,688,1.523110526755043,0.4987829311720555,-0.18925731754569064,1.9213208095168406,0.5303670535345668,-0.12640455608385293,0.1609193978770158,0.013005105752038837,-0.14776853572389204,-0.3982102827617975,-0.03158412236251129,-0.06285276146183771
OKTA,Individual equity,,2020-2022,756,0.4100281383471292,0.09122986885656803,-0.4357581052461934,0.371598735182852,0.05590940398856725,-0.29128049824527735,0.2767253754349389,0.03932393992650862,-0.3612119527120997,0.038429403164277176,0.03532046486800078,-0.14447760700091605
OKTA,Individual equity,,2023-present,917,0.03474693803194757,-0.020298442617347146,-0.2815542290961517,0.10359066998054069,0.00030523283836947357,-0.21886509006154575,0.035896723979217705,-0.007202595890016705,-0.169981080846772,-0.06884373194859311,-0.02060367545571662,-0.06268913903460593
OMC,Individual equity,,2016-2019,1006,0.13153332863518075,0.00869791074687698,-0.1220861671742558,0.42567987672340546,0.033682311394846565,-0.11221364800029354,-0.31365787908494175,-0.03307461089388397,-0.1549807868344476,-0.2941465480882247,-0.024984400647969585,-0.009872519173962258
OMC,Individual equity,,2020-2022,756,0.21674958711600595,0.02314906593672794,-0.4197802874061375,0.5595122832949135,0.07482685960231872,-0.14471486831920588,-0.0709390218623085,-0.03572299127558398,-0.3932859722073222,-0.3427626961789076,-0.05167779366559078,-0.2750654190869316
OMC,Individual equity,,2023-present,917,0.08358522565727107,-0.0010713783352899187,-0.30743517972260603,0.024529868348242292,-0.004811969188222354,-0.2593428251712999,0.05216601148356297,-0.0020673765318601767,-0.1714524124583181,0.05905535730902878,0.003740590852932435,-0.048092354551306116
ON,Individual equity,,2016-2019,1006,0.7110371292708743,0.15910749504956767,-0.2778462152496234,0.9528582956127967,0.16857407311636607,-0.19676818780768757,0.19079543313262387,0.018471566009816476,-0.22804420998662567,-0.2418211663419224,-0.009466578066798403,-0.08107802744193582
ON,Individual equity,,2020-2022,756,0.6838871977585815,0.2311930781849738,-0.38645894340510545,1.0524402871610519,0.30146876938275335,-0.2033465570977917,0.07881416487203259,-0.032277817197787995,-0.5690721382597488,-0.36855308940247034,-0.07027569119777954,-0.18311238630731375
ON,Individual equity,,2023-present,917,0.8398335037427308,0.28100229915503516,-0.426697343221882,0.8903598235374478,0.21570401137175077,-0.28822700641891497,0.34321351977793974,0.05961727756039181,-0.33669113473585666,-0.050526319794717,0.06529828778328439,-0.13847033680296705
ORCL,Individual equity,,2016-2019,1006,0.5151110885699092,0.05934773485268385,-0.2027116873987208,1.1757050224643237,0.10969149920477173,-0.0788723414201713,-0.019743525920224648,-0.006959044381863788,-0.14508451894361607,-0.6605939338944146,-0.05034376435208787,-0.12383934597854951
ORCL,Individual equity,,2020-2022,756,1.2000497832971955,0.257084133203872,-0.19659607840747872,1.1660276659893871,0.1616316411607488,-0.0783087651393457,0.5050555615831912,0.07231642366035307,-0.21152039939765122,0.03402211730780835,0.09545249204312323,-0.11828731326813302
ORCL,Individual equity,,2023-present,917,1.7693345052740426,0.5784574254107209,-0.21600303822806444,1.6921081879493296,0.37943714362201275,-0.10604178312593326,0.6331244244418155,0.11483816150400572,-0.21600303822806433,0.07722631732471297,0.19902028178870812,-0.10996125510213117
ORLY,Individual equity,,2016-2019,1006,0.6938523160412128,0.09769565954671133,-0.1943373900714639,0.968724179624654,0.11923610995008693,-0.14536453728265997,0.03551776004101418,-0.0008221538547537044,-0.14274258682591068,-0.2748718635834412,-0.0215404504033756,-0.04897285278880392
ORLY,Individual equity,,2020-2022,756,0.8957480174340477,0.19653589604180177,-0.2410074733137164,1.5547289189122613,0.2386565460253227,-0.1356819859015176,-0.05734853649100867,-0.025467825761110174,-0.29741135686610987,-0.6589809014782135,-0.04212064998352094,-0.10532548741219883
ORLY,Individual equity,,2023-present,917,0.1801372753551188,0.015367847803598567,-0.2100743760987427,0.7397168895905343,0.07162392391365091,-0.1289321536139666,-0.48931183377145154,-0.04978086331872689,-0.21313155842865172,-0.5595796142354155,-0.056256076110052344,-0.0811422224847761
OTIS,Individual equity,,2020-2022,692,0.7451949187339486,0.13019407500797509,-0.22208289777048462,1.3526838467585185,0.19353218591479204,-0.1292580561246437,-0.33865913058307423,-0.049833672367221915,-0.22440195859270207,-0.6074889280245699,-0.06333811090681696,-0.09282484164584093
OTIS,Individual equity,,2023-present,917,0.1456773367661396,0.010592437103607688,-0.15806699920211142,0.23297657408702344,0.017785813456429267,-0.12775114206934546,-0.0571202773117911,-0.010289738420319106,-0.09843990383091461,-0.08729923732088385,-0.007193376352821579,-0.030315857132765966
OXY,Individual equity,,2016-2019,1006,0.8481960725934208,0.1454408861760228,-0.1500463778395642,0.6710431443434863,0.07570369317739734,-0.14873274759409627,0.422851835182997,0.049875830419597866,-0.1168635481492678,0.17715292824993445,0.06973719299862546,-0.0013136302454679338
OXY,Individual equity,,2020-2022,756,0.5271633159473202,0.1351060835662672,-0.44908271570514036,0.541051298723737,0.1340829589582142,-0.2746094344234101,0.19373383193101526,-0.014343107776076724,-0.4319603191718784,-0.013887982776416785,0.0010231246080529832,-0.17447328128173023
OXY,Individual equity,,2023-present,917,0.5040049708399333,0.08107883220229462,-0.1969563940935346,0.3827886932114314,0.041744873700184426,-0.19287609343542222,0.46393955564138734,0.05899088045133283,-0.13396520286109137,0.12121627762850196,0.03933395850211019,-0.004080300658112379
PANW,Individual equity,,2016-2019,1006,0.7436559800756413,0.1319157260237651,-0.24210627451064948,0.9719620687761543,0.13556204497545332,-0.14649317945683538,0.14405659728497747,0.010422409850787462,-0.19226738238248187,-0.22830608870051305,-0.00364631895168821,-0.0956130950538141
PANW,Individual equity,,2020-2022,756,0.6438169115680351,0.1568939318411382,-0.38573349348208097,0.7187829816462824,0.1306141432086514,-0.251396556480042,0.2949472764154516,0.04179666628249379,-0.29019670222313876,-0.0749660700782473,0.02627978863248681,-0.13433693700203897
PANW,Individual equity,,2023-present,917,1.3456942606184674,0.34647784445634255,-0.2215808990535143,1.7405049470273137,0.4127285749600298,-0.1278287233767007,-0.2424301446865993,-0.03853289885466815,-0.2059623110340545,-0.3948106864088463,-0.06625073050368724,-0.0937521756768136
PAVE,Thematic/industry ETF,,2016-2019,710,1.2072048613480495,0.14256729125533085,-0.10485645669544397,1.2394943563227505,0.09358317607367916,-0.0501248617849106,0.5358950000335992,0.04479230867241446,-0.08832218656762147,-0.032289494974701016,0.04898411518165169,-0.054731594910533365
PAVE,Thematic/industry ETF,,2020-2022,756,0.7086570109688528,0.13771529372642943,-0.20195782100920612,1.0625332893402322,0.1623945756226839,-0.09600365764447683,-0.012299443894664665,-0.013846110194756678,-0.20983535681943344,-0.35387627837137936,-0.024679281896254457,-0.10595416336472929
PAVE,Thematic/industry ETF,,2023-present,917,1.2664345846508154,0.19949648342241688,-0.1077263596791469,1.4444974909217387,0.17907688213843564,-0.0761525551379113,0.1730601619198191,0.012244625624015848,-0.11278861418877739,-0.17806290627092336,0.020419601283981237,-0.031573804541235595
PAYX,Individual equity,,2016-2019,1006,0.9736205818132468,0.11494799692069813,-0.1254220148156736,1.8911998589288257,0.1817983036756301,-0.06319676302105981,-0.6723601131767744,-0.0556838016284924,-0.21353182630915601,-0.9175792771155789,-0.06685030675493198,-0.0622252517946138
PAYX,Individual equity,,2020-2022,756,0.9432743100160252,0.2020570242754054,-0.13192791098986656,1.1694255287578306,0.14964598588564115,-0.09705865892098586,0.3722371712315121,0.05303687125076362,-0.16224819438086457,-0.22615121874180533,0.05241103838976424,-0.034869252068880696
PAYX,Individual equity,,2023-present,917,0.372364944851776,0.0476056222363026,-0.18650470839867106,0.7604945695675612,0.0766254947903866,-0.1255506679846261,-0.14423098984537783,-0.02420215908330159,-0.20505674059124923,-0.3881296247157852,-0.029019872554084003,-0.06095404041404495
PCAR,Individual equity,,2016-2019,1006,0.7877768997593095,0.11919428416921396,-0.1407788281869683,1.4596345690448391,0.18223665472050699,-0.09479950923814906,-0.3886974548034645,-0.04549526441700469,-0.19193628842673605,-0.6718576692855296,-0.06304237055129303,-0.04597931894881924
PCAR,Individual equity,,2020-2022,756,0.486377270184275,0.08449959318995015,-0.3078882495898505,0.9909683866192527,0.12421054138849397,-0.16030685166886138,-0.02579385377807861,-0.019860957562125137,-0.27860360813806495,-0.5045911164349777,-0.039710948198543816,-0.14758139792098912
PCAR,Individual equity,,2023-present,917,0.3561007048329183,0.05163444048485499,-0.333560148977081,0.9230308274049486,0.1310918069651943,-0.23796583579294117,-0.2386924457853323,-0.03989991426843775,-0.2034408307305252,-0.5669301225720302,-0.0794573664803393,-0.0955943131841398
PCG,Individual equity,,2016-2019,1006,0.54449052134564,0.16354357456675173,-0.5481834062884421,0.4395743627448621,0.0648081017720068,-0.22027774841894665,0.4027702289821411,0.07948855968562007,-0.4883473686034032,0.10491615860077791,0.09873547279474493,-0.32790565786949544
PCG,Individual equity,,2020-2022,756,1.2386950074871315,0.5021956203835523,-0.3631091009056294,1.124139589335918,0.3080548666544056,-0.21717277057651185,0.6081296171964171,0.14182540385477305,-0.29245497940518617,0.1145554181512134,0.19414075372914663,-0.14593633032911757
PCG,Individual equity,,2023-present,917,0.563741046238085,0.08311727546951642,-0.11023385721621115,0.4696283679414541,0.05060847328526785,-0.09906311660971867,0.3270040823869685,0.03291219133641832,-0.12462076399958377,0.09411267829663089,0.032508802184248564,-0.01117074060649248
PDBC,Commodity ETF,,2016-2019,1006,1.037496643753701,0.10198133884578287,-0.07793693647769695,0.9112346346416301,0.061887395040258086,-0.0687411174272321,0.5786823423912529,0.03923827246973044,-0.09074852622785268,0.12626200911207086,0.04009394380552478,-0.009195819050464848
PDBC,Commodity ETF,,2020-2022,756,1.1359315407770088,0.17180469705441004,-0.22397637683691307,1.9915591464545108,0.21128019796637276,-0.11972836036306489,-0.21918008576184797,-0.03026442899811177,-0.23146137686687918,-0.8556276056775021,-0.039475500911962724,-0.10424801647384818
PDBC,Commodity ETF,,2023-present,917,0.4001917686247918,0.03781163048421954,-0.12049492052681077,0.25386559388305785,0.016454992667690904,-0.09475275412119866,0.29080846640732105,0.019496217269285854,-0.10882061623825035,0.14632617474173393,0.021356637816528634,-0.02574216640561211
PDD,Individual equity,,2016-2019,361,0.8304823151708082,0.3409721736798652,-0.282835284222695,1.3207792425399965,0.5890051679683848,-0.29477983537596253,-0.2672108902399256,-0.13434345090266264,-0.2945036077504214,-0.4902969273691883,-0.24803299428851955,0.011944551153267535
PDD,Individual equity,,2020-2022,756,0.967279841987504,0.4649333137585061,-0.35704188013233695,1.1309688599438041,0.39137239312431027,-0.21970003078296707,0.4734526414989931,0.12057421381924738,-0.3603358464708859,-0.1636890179563001,0.07356092063419584,-0.13734184934936988
PDD,Individual equity,,2023-present,917,1.1877108610721419,0.3944826305053968,-0.18600093428724707,0.9512315692602609,0.2257025598699811,-0.14421177933391982,0.6362636454121491,0.12014668588828381,-0.18299729324339575,0.236479291811881,0.16878007063541567,-0.041789154953327246
PEG,Individual equity,,2016-2019,1006,-0.05103814433754222,-0.0116372719361173,-0.18379472178227163,0.25217764614133803,0.018404742947565333,-0.14099284832714443,-0.6123874978218995,-0.04482191752457265,-0.18459372376255,-0.30321579047888025,-0.030042014883682633,-0.042801873455127204
PEG,Individual equity,,2020-2022,756,0.6701506658489904,0.1264859141368606,-0.21405583108463555,0.6884898616574084,0.08851698114586726,-0.10020357385206957,0.23238781350534998,0.02482158285360625,-0.29755868315762135,-0.01833919580841803,0.037968932990993354,-0.11385225723256598
PEG,Individual equity,,2023-present,917,0.3688474764019812,0.04192539259174621,-0.21185500040228833,1.0637290608576748,0.11480307985578153,-0.06917524198028224,-0.5412389034206635,-0.050352171596171225,-0.25197427755893465,-0.6948815844556937,-0.07287768726403532,-0.1426797584220061
PEP,Individual equity,,2016-2019,1006,0.9205066474950384,0.10397017864571012,-0.10186396564590539,1.1505316010942792,0.1087918946880746,-0.0806448433395982,-0.11092920965175004,-0.010142340603668476,-0.08500468393672267,-0.2300249535992408,-0.004821716042364477,-0.02121912230630718
PEP,Individual equity,,2020-2022,756,0.31636682044277903,0.04436493627306515,-0.20094168545501678,0.8846382981723162,0.0954097046737834,-0.09202762255941221,-0.361650874771259,-0.0741188368556095,-0.2918487276860616,-0.5682714777295372,-0.051044768400718254,-0.10891406289560457
PEP,Individual equity,,2023-present,917,0.3588525131424352,0.04069651607961555,-0.1735919800703477,0.23967836015342994,0.018714386701244035,-0.171497916157622,0.37409512146060836,0.032700379979836436,-0.09185923349732728,0.11917415298900527,0.021982129378371518,-0.0020940639127257077
PFE,Individual equity,,2016-2019,1006,0.8062051960356746,0.08636895937193523,-0.17929724408629333,0.9465758781300233,0.06943935254057965,-0.08960175490371103,0.1809883156681546,0.011616699096909988,-0.1899037379792894,-0.14037068209434866,0.01692960683135558,-0.0896954891825823
PFE,Individual equity,,2020-2022,756,1.2325865049396236,0.2684483442548511,-0.19823025211278655,1.5194542076286133,0.24941641666028547,-0.103534992707637,0.36321922636536863,0.04518119364603179,-0.17360270005882594,-0.28686770268898965,0.019031927594565623,-0.09469525940514956
PFE,Individual equity,,2023-present,917,0.964361654367269,0.1536946372921999,-0.13812798057271036,0.29857444850049775,0.022825116811374002,-0.12905145072435154,1.0137688146653785,0.13356933008486793,-0.09631508870237104,0.6657872058667712,0.1308695204808259,-0.009076529848358827
PFG,Individual equity,,2016-2019,1006,0.1100184586901955,0.0043116973185954865,-0.28067760689010335,0.43674593479657303,0.04700948367772795,-0.2026119693905064,-0.03592174492352917,-0.011297071541793047,-0.13881806415585685,-0.32672747610637753,-0.04269778635913246,-0.07806563749959694
PFG,Individual equity,,2020-2022,756,0.19769170240267112,0.011651458286570548,-0.4793273703900406,0.2586754732487774,0.03140177169285252,-0.18348350264826951,0.0065060163306766405,-0.03263738778116487,-0.4664630342045406,-0.06098377084610626,-0.019750313406281972,-0.29584386774177107
PFG,Individual equity,,2023-present,917,0.6715305470337597,0.09786193688299827,-0.15873149089775163,1.3134453884426314,0.15100927004308984,-0.08529829579982018,-0.25660238869208046,-0.03693616821216417,-0.24563502020063122,-0.6419148414088717,-0.05314733316009157,-0.07343319509793145
PG,Individual equity,,2016-2019,1006,0.4725981567470584,0.043182073592516135,-0.08671528915945237,0.8638966195317677,0.07349517565992736,-0.07102230853425373,-0.47231076913884495,-0.025789355911192358,-0.13426053807017713,-0.39129846278470926,-0.030313102067411224,-0.015692980625198638
PG,Individual equity,,2020-2022,756,0.6639464229563483,0.08999004552725398,-0.2115792973212015,0.892223491436365,0.08756046277032148,-0.14239338809099666,-0.07143441793685354,-0.013612807220792056,-0.19011571705520558,-0.22827706848001672,0.0024295827569325024,-0.06918590923020485
PG,Individual equity,,2023-present,917,0.2821659621181495,0.025829212129273138,-0.22808139343749856,0.5087120848931265,0.03909191653327837,-0.10541051204027829,-0.09373318141310169,-0.010721068757892804,-0.1749112159827032,-0.226546122774977,-0.013262704404005232,-0.12267088139722027
PGR,Individual equity,,2016-2019,1006,1.6410977693169582,0.2296950659291488,-0.1029233554967689,2.344300076256705,0.260668269686257,-0.06810385353771409,-0.18923926583526662,-0.01990425320898248,-0.15405401750820158,-0.7032023069397468,-0.030973203757108214,-0.03481950195905481
PGR,Individual equity,,2020-2022,756,-0.04276637588271087,-0.023227746738363364,-0.23788649502400439,0.4948641706309602,0.06080734888495032,-0.1538550074868119,-0.6659311846111703,-0.07779624205205182,-0.2552381566164249,-0.537630546513671,-0.08403509562331368,-0.08403148753719247
PGR,Individual equity,,2023-present,917,0.5203905318539181,0.06897481354148827,-0.19445800015859727,0.959886560311584,0.10854325765823192,-0.10071123150378303,-0.31491658647618986,-0.03485740230210732,-0.1966691937514089,-0.4394960284576659,-0.03956844411674365,-0.09374676865481424
PH,Individual equity,,2016-2019,1006,1.0994380335613962,0.18853794089796527,-0.15385995858313717,1.2279960239443615,0.1614107280889332,-0.09659779363124321,0.1926361959376932,0.015568686866513248,-0.13605408452884882,-0.12855799038296523,0.027127212809032075,-0.05726216495189396
PH,Individual equity,,2020-2022,756,1.0076595541145332,0.30923428300626976,-0.2933918460893872,1.376444902026082,0.295699272647177,-0.1341292911373828,0.1118247479326252,-0.0025021545883371354,-0.3560412781185126,-0.3687853479115488,0.01353501035909277,-0.15926255495200436
PH,Individual equity,,2023-present,917,0.985381384645292,0.188333029210217,-0.17877977462236594,1.6611146261830259,0.28931032161990333,-0.0858886801598362,-0.5330097895666855,-0.06277604620244737,-0.28588774965827113,-0.6757332415377338,-0.10097729240968634,-0.09289109446252974
PHM,Individual equity,,2016-2019,1006,1.0286853941722698,0.1652339232188691,-0.20605915805534258,1.0004402977163613,0.12816708948414401,-0.19179310249900672,-0.10848902539649569,-0.01786999178016324,-0.22051787642297127,0.028245096455908447,0.03706683373472508,-0.014266055556335866
PHM,Individual equity,,2020-2022,756,0.7734487755503228,0.23039181854742208,-0.3921553714306111,0.9629264298246102,0.18199348815012306,-0.2646293228615937,0.24000183373549402,0.027832700481907446,-0.4581409066765406,-0.18947765427428742,0.048398330397299016,-0.1275260485690174
PHM,Individual equity,,2023-present,917,1.0744861803163288,0.23420533105398045,-0.186724327709338,1.4249026753914975,0.27530708929419534,-0.14939655447680955,-0.12563107799815043,-0.022777114422790623,-0.17404063065137731,-0.3504164950751687,-0.04110175824021489,-0.03732777323252845
PINS,Individual equity,,2016-2019,178,1.7614765661158736,0.9456736816206393,-0.11313761728975802,0.781571730429872,0.20008309691225823,-0.10866028446389542,1.763315167572074,0.6876672899419627,-0.08875751872563908,0.9799048356860015,0.745590584708381,-0.004477332825862601
PINS,Individual equity,,2020-2022,756,0.50629945794713,0.1389047826677352,-0.6182770190656296,0.516951521774145,0.11882310848543853,-0.3963415105718585,0.3388110882743143,0.057132933301667244,-0.4641841375103666,-0.010652063827015001,0.02008167418229667,-0.22193550849377108
PINS,Individual equity,,2023-present,917,1.143938319358651,0.33989923981188785,-0.21489319593091927,0.8870859037166438,0.1809569448529622,-0.13042326604397547,0.618010194307031,0.11516588745643452,-0.17121125079478583,0.2568524156420072,0.15894229495892565,-0.0844699298869438
PKG,Individual equity,,2016-2019,1006,1.049240476186338,0.18259735702975521,-0.13556394304800023,1.4338605229822783,0.200715334351381,-0.07414907662104697,-0.13994552933808974,-0.02191113880771345,-0.2731476513917668,-0.3846200467959402,-0.01811797732162579,-0.06141486642695326
PKG,Individual equity,,2020-2022,756,0.5141718674290799,0.0918920702373438,-0.18678379379897225,0.7106975902149881,0.09689949148526567,-0.11392459872674077,0.15767616112632551,0.012688347119215404,-0.21590886681338173,-0.19652572278590819,-0.005007421247921862,-0.07285919507223149
PKG,Individual equity,,2023-present,917,0.22803391062777764,0.02342458542515491,-0.19593711908532774,0.6536554317971269,0.06974334045853281,-0.10807270458490359,-0.2838969898175043,-0.034009318373253716,-0.17486117452809724,-0.42562152116934926,-0.0463187550333779,-0.08786441450042415
PL,Individual equity,,2020-2022,426,0.20257515170290508,-0.01029686500695337,-0.4087776050212275,-0.005274400777198072,-0.020681891912008532,-0.23032442638200046,0.2675233809348419,0.026731068196103047,-0.4066979975562871,0.20784955248010314,0.010385026905055161,-0.17845317863922705
PL,Individual equity,,2023-present,917,0.701420088200779,0.24437507311504447,-0.4057643528726179,0.9638156993214801,0.2721598408465882,-0.25807525208071325,0.20428376809042667,0.006599899726864589,-0.4946307693392319,-0.2623956111207012,-0.027784767731543702,-0.14768910079190467
PLD,Individual equity,,2016-2019,1006,0.615618725244828,0.07597268580351368,-0.2010335874865593,1.1090010012453189,0.11911537927632287,-0.16756269581509342,-0.6546817549872208,-0.05539654390585513,-0.20348390992044663,-0.4933822760004909,-0.04314269347280919,-0.033470891671465886
PLD,Individual equity,,2020-2022,756,1.259707189617463,0.3075343297293096,-0.191542357511577,1.1173056992448513,0.19303600833599388,-0.14334236040091342,0.6037650543073,0.09117794659593859,-0.20272792857084798,0.14240149037261163,0.11449832139331573,-0.048199997110663584
PLD,Individual equity,,2023-present,917,0.6363255121629485,0.1051249455802592,-0.2313681935573838,0.43158283367617006,0.0471968535860694,-0.13966685811690072,0.48832941319914003,0.05969046841056147,-0.150491150803574,0.20474267848677846,0.0579280919941898,-0.09170133544048309
PLTR,Individual equity,,2020-2022,568,0.9683774862345305,0.43842123565614277,-0.2782415017184994,0.9482741489175635,0.23115855556277154,-0.18488218716219706,0.6070853204963528,0.1863620178262333,-0.3038731442456727,0.020103337316967007,0.20726268009337123,-0.09335931455630231
PLTR,Individual equity,,2023-present,917,0.7043036936768649,0.23546631489227976,-0.39419083473258487,1.5561461548938293,0.6664044472160136,-0.2755630420777144,-0.845485112804017,-0.18835161449359705,-0.5601244289107499,-0.8518424612169645,-0.4309381323237338,-0.11862779265487045
PM,Individual equity,,2016-2019,1006,1.8182748166640226,0.2891862455080192,-0.06880905479440169,2.0878283681615972,0.231730204949683,-0.06717195977611701,0.7473551058856696,0.07758274547901411,-0.06392683111272968,-0.26955355149757465,0.0574560405583362,-0.0016370950182846844
PM,Individual equity,,2020-2022,756,0.6361158707420973,0.10953094219999149,-0.288255512868721,1.1377311911192594,0.14432522028336225,-0.16203513628116273,-0.03674454976273477,-0.01593335081975178,-0.1943674702789263,-0.501615320377162,-0.03479427808337077,-0.12622037658755825
PM,Individual equity,,2023-present,917,1.013916272894911,0.15607121289328374,-0.1819142024761482,1.1012053177271923,0.14538767180799983,-0.10180964083964572,0.0501093834516989,0.0006831695707403274,-0.1682509590274992,-0.08728904483228139,0.01068354108528391,-0.08010456163650248
PNC,Individual equity,,2016-2019,1006,1.145091084589726,0.17478073889941848,-0.11781395225510072,1.3361930914080151,0.14995437475717455,-0.0845542017183325,0.22901929164847037,0.0189333268678753,-0.11834510017192512,-0.19110200681828915,0.02482636414224393,-0.03325975053676822
PNC,Individual equity,,2020-2022,756,0.2971246561709979,0.045526789440937465,-0.3668219945236453,0.48476344120640513,0.07090995375669262,-0.19022481271173775,0.11373271255354991,-0.00012635878184785732,-0.29929205653325375,-0.1876387850354072,-0.025383164315755158,-0.17659718181190753
PNC,Individual equity,,2023-present,917,1.218829495763944,0.2516509263029747,-0.1506357395185307,1.0986810810263963,0.16331617951552357,-0.1678413462459285,0.7140531299260028,0.09409099672840804,-0.09151456553338,0.12014841473754778,0.08833474678745112,0.017205606727397793
PNR,Individual equity,,2016-2019,1006,0.8845377428803388,0.12713272643849427,-0.14285694858433828,0.940509287301804,0.10347516941283952,-0.10298169224854792,0.4206615352336677,0.039784521606597956,-0.1060912020218876,-0.055971544421465236,0.023657557025654752,-0.039875256335790366
PNR,Individual equity,,2020-2022,756,1.2197681982264663,0.34953000391353006,-0.22629307847748203,1.1066772789842023,0.16203614538491018,-0.07598666197311166,0.7884779666201512,0.17283611660419207,-0.2822870761275874,0.113090919242264,0.18749385852861988,-0.15030641650437038
PNR,Individual equity,,2023-present,917,1.1520322630602788,0.21714578906427917,-0.1833192004198766,1.2879218658430671,0.18584132371273432,-0.13131538056101022,0.05966430923438741,-0.00038269881448516063,-0.160952723017318,-0.13588960278278828,0.03130446535154485,-0.052003819858866374
PNW,Individual equity,,2016-2019,1006,0.023277266811641568,-0.0033711585185223214,-0.2212305491036597,0.1400399290745106,0.008032150654149639,-0.1014750329788483,-0.23621760929499028,-0.021164868230236444,-0.19104565652157623,-0.11676266226286904,-0.01140330917267196,-0.11975551612481139
PNW,Individual equity,,2020-2022,756,0.921253952897779,0.21520005832413447,-0.25907462763788447,0.8334967075879852,0.09847479120134595,-0.16803589559311072,0.5769866348749183,0.10598117345151081,-0.22779561176720653,0.08775724530979379,0.11672526712278852,-0.09103873204477375
PNW,Individual equity,,2023-present,917,-0.189528819583005,-0.03258931565896206,-0.24850923478690334,0.21062906359031178,0.016594090051436527,-0.144048139014594,-0.5880009883465532,-0.048856794847477736,-0.20681538693045431,-0.4001578831733168,-0.04918340571039859,-0.10446109577230933
PODD,Individual equity,,2016-2019,1006,1.170848459346891,0.2835303125144455,-0.17758429437166323,1.2419248926914372,0.24148416095926328,-0.12407117095853415,0.4231688908326794,0.053674378998946004,-0.18573149061679717,-0.07107643334454616,0.04204615155518221,-0.05351312341312908
PODD,Individual equity,,2020-2022,756,0.5784444051064168,0.1450968692703012,-0.3558452660625936,0.5120659301082974,0.09787508826636704,-0.2766321015759162,0.3342220518455447,0.05203253582200906,-0.30169512444043634,0.06637847499811944,0.04722178100393415,-0.07921316448667737
PODD,Individual equity,,2023-present,917,1.5807107714975106,0.42470810337307086,-0.181705362270135,1.037013381704322,0.14271570387559263,-0.14673245547077562,1.2281297702126308,0.2603530586734981,-0.18461039057992956,0.5436973897931887,0.28199239949747823,-0.03497290679935938
PPG,Individual equity,,2016-2019,1006,0.6299018504696042,0.0747410995487423,-0.12523463352470598,1.1195829719127843,0.10444275104534473,-0.08426218449745249,-0.31459975238613985,-0.03163973281059529,-0.1554867308620521,-0.4896811214431801,-0.02970165149660242,-0.0409724490272535
PPG,Individual equity,,2020-2022,756,0.6098228502984204,0.13572756860124846,-0.27637787228641164,0.1507885867211541,0.011447724055210662,-0.14237821007403118,0.5706837793117844,0.10679566612530311,-0.22193632024746512,0.4590342635772663,0.1242798445460378,-0.13399966221238047
PPG,Individual equity,,2023-present,917,0.3714183778939293,0.05187474863649344,-0.286132029201699,0.6367733194020171,0.0662059715768828,-0.13787083575051395,-0.11880750186761171,-0.02644412762813142,-0.24483382270313936,-0.2653549415080878,-0.014331222940389354,-0.14826119345118505
PPL,Individual equity,,2016-2019,1006,1.222530735760521,0.15583865523000728,-0.09561062513049123,1.5202189670537463,0.1324377145248059,-0.055344340127026714,0.2983862050509323,0.023992413957846903,-0.13040534748994492,-0.2976882312932252,0.02340094070520138,-0.04026628500346452
PPL,Individual equity,,2020-2022,756,0.5366585544143477,0.105892569273776,-0.41109807854494174,0.25835409701065715,0.023692896125621754,-0.2196926974543184,0.4859275260469585,0.08452913790788541,-0.329906972397076,0.2783044574036906,0.08219967314815424,-0.19140538109062333
PPL,Individual equity,,2023-present,917,0.014677209604062384,-0.007249957281537434,-0.23444106544470622,0.6674583557143069,0.06925334492004742,-0.11119183925760723,-0.6219080603377791,-0.05487397238183833,-0.24470073955219762,-0.6527811461102445,-0.07650330220158486,-0.12324922618709899
PPLT,Commodity ETF,,2016-2019,1006,0.7827611438896395,0.09602216890492188,-0.1089248673051092,0.822718282341051,0.07379473188681929,-0.0797394967711893,0.3265013696811314,0.02620460884388076,-0.08706255414148267,-0.03995713845141158,0.02222743701810259,-0.029185370533919897
PPLT,Commodity ETF,,2020-2022,756,1.0286667390202002,0.20576879804665404,-0.13481965380910588,0.8595333989663684,0.11045036956557186,-0.12375677199483137,0.6149684214338818,0.0858376304727364,-0.19134314871738067,0.16913334005383185,0.09531842848108218,-0.011062881814274506
PPLT,Commodity ETF,,2023-present,917,0.5372584666091323,0.09895748281727723,-0.3468881543184993,1.253535446205442,0.2070334562135454,-0.16773919144809157,-0.442107403413439,-0.07828187623052518,-0.4324712416833373,-0.7162769795963096,-0.10807597339626818,-0.1791489628704077
PRU,Individual equity,,2016-2019,1006,0.6771524602003132,0.09546656833067346,-0.24003784731791955,1.4061981008638778,0.16524349464989196,-0.06694944864091801,-0.4908279791660193,-0.05339750827872214,-0.283501826359849,-0.7290456406635646,-0.0697769263192185,-0.17308839867700154
PRU,Individual equity,,2020-2022,756,0.37950674675814233,0.07452787381105774,-0.36847542068710515,0.4152415455248855,0.06572084824830626,-0.16418333760219805,0.20849615409786673,0.018780219803001152,-0.4186200718491385,-0.03573479876674318,0.00880702556275148,-0.2042920830849071
PRU,Individual equity,,2023-present,917,0.5744986084882074,0.08415087005910737,-0.20811736137979542,1.1653857677404384,0.1296487011431957,-0.11508748338261576,-0.3248157901512927,-0.046130002967100014,-0.30317675882479933,-0.590887159252231,-0.045497831084088336,-0.09302987799717966
PSA,Individual equity,,2016-2019,1006,0.5776879878150207,0.06640249183553193,-0.16160158923090073,0.3104854730966885,0.021147653108203546,-0.08131943617798987,0.5218419406247032,0.04862121567750899,-0.1229113717934579,0.26720251471833223,0.045254838727328384,-0.08028215305291087
PSA,Individual equity,,2020-2022,756,1.247694323343675,0.22622510634389825,-0.12367260965743232,1.3088540579039565,0.1645146780098059,-0.12012467414268668,0.3036503692138702,0.031426632322218095,-0.13387389512642378,-0.061159734560281453,0.06171042833409235,-0.003547935514745637
PSA,Individual equity,,2023-present,917,0.21777749591356457,0.02183359682914965,-0.19560359829529794,0.32793373901603906,0.029601101131462748,-0.17900776771338545,-0.16132423313247254,-0.024323486035161546,-0.16452995706443652,-0.11015624310247449,-0.0077675043023131,-0.016595830581912496
PSKY,Individual equity,,2023-present,267,0.897519221174473,0.24253025990203247,-0.26378021651069583,-0.2573547441070008,-0.03621832110445666,-0.15950769071108295,1.041255640452048,0.2713394182836608,-0.21569704134612344,1.154873965281474,0.27874858100648914,-0.10427252579961288
PSX,Individual equity,,2016-2019,1006,1.3907341348555884,0.2407242727675727,-0.16649770614384996,1.475123330726427,0.18801315444578193,-0.12963841473922422,0.38162149122975497,0.038877822267660456,-0.13791631027875284,-0.0843891958708387,0.05271111832179076,-0.03685929140462574
PSX,Individual equity,,2020-2022,756,1.3376223653008437,0.5596547844785633,-0.3484397344135537,1.4090482379776768,0.3592329593105139,-0.15554418739326636,0.6831110696702336,0.17780282133288927,-0.2961279647409455,-0.07142587267683309,0.2004218251680494,-0.19289554702028733
PSX,Individual equity,,2023-present,917,0.41246737921302606,0.0666191309658728,-0.30877719229544165,1.0249012311212522,0.15889622054048358,-0.16822868443160266,-0.5371973576976374,-0.08247527234734453,-0.29219531865052883,-0.6124338519082262,-0.09227708957461078,-0.140548507863839
PTC,Individual equity,,2016-2019,1006,0.6381599848529136,0.10307934440844102,-0.27871019684415155,1.153418679572785,0.16300209190519732,-0.21571879232705482,-0.32353655787755564,-0.042018422691001533,-0.15748704321834706,-0.5152586947198714,-0.0599227474967563,-0.06299140451709673
PTC,Individual equity,,2020-2022,756,0.9383065631636059,0.22457477439227103,-0.3377100883674393,1.0759889733291126,0.1792136805226654,-0.17300368628934637,0.2084068059933346,0.02186371586283542,-0.34434566924160137,-0.13768241016550664,0.04536109386960563,-0.16470640207809295
PTC,Individual equity,,2023-present,917,0.79476242496319,0.12852145968428408,-0.18957696892693743,0.7295493893341484,0.08683446832691954,-0.14915441054251366,0.23186679442304536,0.020919663999893645,-0.18158941647490012,0.06521303562904168,0.04168699135736453,-0.04042255838442377
PWR,Individual equity,,2016-2019,1006,0.8602634864185105,0.1439986767114041,-0.17071045454488265,0.8951028096898038,0.10902212283912682,-0.15583489884721136,0.317604087694363,0.03242412343688961,-0.1467870594665568,-0.034839323271293354,0.03497655387227727,-0.014875555697671294
PWR,Individual equity,,2020-2022,756,0.6226221717237114,0.13732768266011997,-0.2608492035173554,1.1996403503034367,0.22993538225713128,-0.12075250657284275,-0.2895715245191037,-0.0685746785735104,-0.40532239572663964,-0.5770181785797254,-0.09260769959701132,-0.14009669694451266
PWR,Individual equity,,2023-present,917,1.2069263107222012,0.3233475588688559,-0.15592236077446708,1.6131408209117915,0.3716494782909794,-0.12369551255906153,-0.06065303748543579,-0.022441051261403167,-0.3623879221798493,-0.4062145101895902,-0.048301919422123474,-0.03222684821540556
PYPL,Individual equity,,2016-2019,1006,0.7737540701709736,0.12321817031754967,-0.2155302106750766,1.3376054714793026,0.17802167880605646,-0.11810076256786728,-0.5158153694796488,-0.06099564958956283,-0.33467485096137595,-0.563851401308329,-0.05480350848850679,-0.09742944810720933
PYPL,Individual equity,,2020-2022,756,1.0966663583446714,0.4204143982187263,-0.2769439669011021,1.5452364051330654,0.388871592991092,-0.17256807652327721,0.24684374855608185,0.027973620092911933,-0.35321451981968055,-0.44857004678839396,0.03154280522763431,-0.10437589037782491
PYPL,Individual equity,,2023-present,917,1.332643956337608,0.3772947888671838,-0.1873439263623039,0.9738741526719253,0.17088598812255817,-0.17154539543478453,0.6902066945054179,0.1273795407313536,-0.17694252999141713,0.3587698036656827,0.20640880074462564,-0.015798530927519372
Q,Individual equity,,2023-present,206,1.3033847096263411,0.4011509608824899,-0.15367983298755927,1.5521590039713313,0.48637674502309247,-0.11182689070550345,-0.7325283317943844,-0.057337942366205485,-0.07862121083826945,-0.2487742943449902,-0.08522578414060256,-0.04185294228205583
QCOM,Individual equity,,2016-2019,1006,1.144585393974157,0.23577461184619963,-0.200993784487709,1.1732314908063264,0.15447647952426413,-0.09714239325813412,0.43203893770200397,0.05760434662531044,-0.21678705522331276,-0.028646096832169343,0.0812981323219355,-0.10385139122957487
QCOM,Individual equity,,2020-2022,756,0.5413620242255556,0.13594075815566176,-0.2529364716395396,0.9672292179944939,0.21407128270379183,-0.11401664271223944,-0.08441204817116348,-0.0533773965598503,-0.2539792320600375,-0.42586719376893833,-0.07813052454813008,-0.13891982892730015
QCOM,Individual equity,,2023-present,917,0.5232752173045492,0.10912588878121543,-0.2401571072495292,0.5007202049928595,0.07078369804765128,-0.17109853383269646,0.32424710728560036,0.047249988113220676,-0.2186357771694145,0.02255501231168966,0.03834219073356415,-0.06905857341683275
QQQ,Broad index ETF,Indices,2016-2019,1006,0.748034731250304,0.07660594150903055,-0.16212056607459524,1.9069615503655046,0.13991325716356506,-0.04578386106048349,-0.6375753993422435,-0.05267988372139765,-0.215854575431623,-1.1589268191152007,-0.06330731565453451,-0.11633670501411175
QQQ,Broad index ETF,Indices,2020-2022,756,0.714184450854412,0.14681752157421668,-0.16741437094380085,1.1573124714896343,0.14768149241984996,-0.14386295134637694,0.1073240834007728,0.002410247979298008,-0.23586625135680128,-0.4431280206352224,-0.0008639708456332773,-0.023551419597423906
QQQ,Broad index ETF,Indices,2023-present,917,1.8035634261980058,0.2744217743783537,-0.08660627724717596,2.1685292999458357,0.24142643277470466,-0.048930342977255514,0.32118186706210594,0.02657857182072476,-0.11096121716359097,-0.36496587374782985,0.03299534160364903,-0.03767593426992044
QUAL,Factor/style ETF,,2016-2019,1006,1.4160027562739244,0.11466895916126951,-0.0769289816675256,2.4134222641620657,0.14366023631657265,-0.03186598006827257,-0.3288821064317869,-0.020614789853272586,-0.12083975552094428,-0.9974195078881414,-0.02899127715530314,-0.04506300159925303
QUAL,Factor/style ETF,,2020-2022,756,0.9681917317156433,0.1838149479908775,-0.12886297189024298,1.5258901983966837,0.1769035430083583,-0.07849453282215046,0.11674260429291096,0.005872533075099939,-0.21272372347975332,-0.5576984666810404,0.006911404982519187,-0.05036843906809252
QUAL,Factor/style ETF,,2023-present,917,0.82381889337842,0.08314830802901407,-0.12626957650383808,1.4783775214587962,0.1256650144495215,-0.06764589757623007,-0.6497005254104086,-0.04170158902620602,-0.1712975112642654,-0.6545586280803762,-0.04251670642050742,-0.058623678927608
RBLX,Individual equity,,2020-2022,458,0.7038083756865279,0.2697499465432489,-0.40682395964012985,0.7417719425869664,0.18311234796014353,-0.1573487119976611,0.40109084476403517,0.07640617782260883,-0.5297918476051965,-0.03796356690043856,0.08663759858310538,-0.24947524764246876
RBLX,Individual equity,,2023-present,917,0.8048950307238639,0.2695151485955032,-0.306529671668192,1.0839694941797273,0.3071830787317089,-0.20214237726991668,0.046516241109612284,-0.022691911004626864,-0.4276175342083972,-0.2790744634558634,-0.03766793013620573,-0.10438729439827532
RCL,Individual equity,,2016-2019,1006,0.33796456301332434,0.04693079909900044,-0.19973051966793232,0.88056404295324,0.11725673341632614,-0.1508132709924842,-0.433629288448049,-0.061533011959230555,-0.24322642640164738,-0.5425994799399156,-0.0703259343173257,-0.04891724867544811
RCL,Individual equity,,2020-2022,756,0.8758243221046135,0.40705506956015225,-0.5426749172260713,0.28504651265520653,0.04216307697545263,-0.22827196920776072,0.8997537245162178,0.386922363245948,-0.5654018222853838,0.5907778094494069,0.3648919925846996,-0.3144029480183106
RCL,Individual equity,,2023-present,917,1.9317570571851652,0.7023304615299484,-0.25764070442404796,2.0926818975956256,0.5403730648252902,-0.18442047448203802,0.6745823121479388,0.1264432092139378,-0.15931674386798556,-0.1609248404104604,0.16195739670465814,-0.07322022994200994
RDDT,Individual equity,,2023-present,612,1.176655196373081,0.7334428085915539,-0.4768587374284404,1.192984029743794,0.5778161611840176,-0.2506691235680363,0.2905553865227689,0.03174944162946347,-0.39298802512954545,-0.016328833370713003,0.1556266474075363,-0.22618961386040415
RDW,Individual equity,,2020-2022,495,1.1538948266353448,0.5197615906939923,-0.28335124077980123,-0.08186807502049706,-0.022754207061090992,-0.15546786839059823,1.2467244729160305,0.5535643357239872,-0.25731042353471,1.2357629016558418,0.5425157977550833,-0.127883372389203
RDW,Individual equity,,2023-present,917,1.0388495914548166,0.6301765809415902,-0.48239890129129137,0.9616270731902313,0.4351400097746245,-0.3454247438811917,0.5277409786453044,0.14844007075271226,-0.3798935066032787,0.07722251826458526,0.1950365711669657,-0.13697415741009966
REG,Individual equity,,2016-2019,1006,0.6843586386284352,0.08883573866466787,-0.15995497770587574,0.6551162628664554,0.05851543251018132,-0.10579856123597098,0.40758384501654754,0.03809230255913376,-0.14287392193362736,0.029242375761979744,0.030320306154486554,-0.05415641646990477
REG,Individual equity,,2020-2022,756,0.3079096337691376,0.04955364079864766,-0.30296773969183255,0.9918418605318403,0.1629909771357132,-0.14497095024433682,-0.12796587021802433,-0.056160275763931455,-0.4468629026551093,-0.6839322267627027,-0.11343733633706554,-0.15799678944749573
REG,Individual equity,,2023-present,917,0.19095702448976803,0.016649752271562512,-0.14474567060964105,0.5107474769861771,0.04345211260295301,-0.07580274179413604,-0.3226501035733305,-0.03496556999304112,-0.19079644980514265,-0.31979045249640903,-0.026802360331390496,-0.06894292881550501
REGN,Individual equity,,2016-2019,1006,0.7791953927616214,0.1490033129542312,-0.20303603008103555,1.0055609969382158,0.13621976461446006,-0.13351224384997828,0.25033882658082246,0.027397718660241877,-0.1299528127003181,-0.22636560417659435,0.012783548339771134,-0.06952378623105726
REGN,Individual equity,,2020-2022,756,0.49068180874455397,0.09267745690537366,-0.27534351823974124,0.40635646305936873,0.06126119174743638,-0.17720522226954405,0.0885489553177729,0.003072649906856295,-0.1896755990980401,0.08432534568518524,0.03141626515793727,-0.09813829597019719
REGN,Individual equity,,2023-present,917,1.1650691961996615,0.22858501837215006,-0.17138776257417276,0.8920694327032979,0.11687073040752138,-0.11395741340825649,0.6929104003640728,0.09471843104653255,-0.2005556105946299,0.2729997634963637,0.11171428796462868,-0.05743034916591627
RF,Individual equity,,2016-2019,1006,0.7669553116928742,0.14278840021787942,-0.21503877119632098,1.2802413281812632,0.18460302283152163,-0.09492937083377251,-0.16695043019628247,-0.033876699092144524,-0.3142803168152807,-0.513286016488389,-0.041814622613642216,-0.12010940036254847
RF,Individual equity,,2020-2022,756,0.3761324946148884,0.07429028057089404,-0.45067123523582164,0.6245342964548274,0.11155422026272821,-0.28601201029526324,0.1683081739383146,0.006583057392953728,-0.42919567661205404,-0.24840180183993898,-0.03726393969183417,-0.1646592249405584
RF,Individual equity,,2023-present,917,1.4751404561580403,0.3408351688589286,-0.13273069517165714,1.143949123037988,0.1915522754410126,-0.10781527232015109,0.893493430657238,0.1218079001630068,-0.11183062385712261,0.33119133312005244,0.149282893417916,-0.024915422851506053
RIO,Individual equity,,2016-2019,1006,0.9601037947336287,0.1892134079149077,-0.21317498960156256,1.053991445936516,0.17339825446634993,-0.23013341579584823,0.07452535513925289,0.0016647092701802535,-0.16163769640948844,-0.09388765120288733,0.015815153448557773,0.01695842619428567
RIO,Individual equity,,2020-2022,756,1.6713519354876862,0.48709803489092174,-0.2347964593929286,1.6277562100198706,0.3460303398398141,-0.16265119679075812,0.6420367079590081,0.09982176203331616,-0.13495681066044574,0.04359572546781565,0.1410676950511076,-0.07214526260217047
RIO,Individual equity,,2023-present,917,1.0854851645801489,0.19958229736956556,-0.20999021428016085,1.4502845472882206,0.22039045151322378,-0.1476995921232781,-0.09697514034248658,-0.017050407201939177,-0.15653356889822745,-0.3647993827080718,-0.02080815414365822,-0.06229062215688275
RIVN,Individual equity,,2020-2022,287,1.100364886223265,0.6713741259827337,-0.5880843916880455,0.12664452159799888,0.006875925853565112,-0.18076097135889235,1.1047419018020022,0.6599603616164023,-0.5912865177179041,0.973720364625266,0.6644982001291686,-0.40732342032915314
RIVN,Individual equity,,2023-present,917,0.5462751070593163,0.1596927276644553,-0.4211018792360042,0.7597263011141261,0.1828004777550878,-0.2602487505964518,0.12550289459367361,-0.023245869740056713,-0.37307025117283177,-0.21345119405480983,-0.023107750090632484,-0.16085312863955237
RJF,Individual equity,,2016-2019,1006,0.7822618462083937,0.12395045075341282,-0.14315560208867717,1.123254386198569,0.13776101874455615,-0.0826709591165049,-0.16282348068663147,-0.02528513092654905,-0.21890938230403634,-0.3409925399901754,-0.01381056799114333,-0.060484642972172264
RJF,Individual equity,,2020-2022,756,0.09133827600874381,-0.010555315505461627,-0.4211152883013142,0.6696624443928988,0.10740274582861198,-0.1938949684394219,-0.4381695472590633,-0.09977653576627499,-0.4437420432514496,-0.578324168384155,-0.1179580613340736,-0.22722031986189228
RJF,Individual equity,,2023-present,917,1.091601366211225,0.21531542166329998,-0.14870138779788467,1.3126961720820494,0.1894153785255117,-0.1015672463065489,0.2745625648319685,0.02895637802004014,-0.175062641299791,-0.22109480587082442,0.025900043137788265,-0.04713414149133577
RKLB,Individual equity,,2020-2022,529,1.2214064323181435,0.5398430183885705,-0.32761072192330143,0.8355357054248687,0.14444589945244002,-0.08846153846153848,0.8428221120499605,0.2873993077290238,-0.3276107219233011,0.38587072689327484,0.3953971189361305,-0.23914918346176295
RKLB,Individual equity,,2023-present,917,1.1382394851229307,0.5974430066699397,-0.33031215208879605,1.2351106641246152,0.5413645877517683,-0.3667268720295751,0.23866254930347794,0.022052210259821736,-0.3874009830430448,-0.09687117900168452,0.056078418918171336,0.03641471994077905
RL,Individual equity,,2016-2019,1006,0.869018196476586,0.18352337285300946,-0.15879977756780184,0.434408819472598,0.059079893863148936,-0.1234073062636768,0.7904397914906063,0.11966124265534339,-0.20435960586628,0.43460937700398794,0.12444347898986052,-0.03539247130412504
RL,Individual equity,,2020-2022,756,-0.31398595771202015,-0.1401843376517541,-0.5860134420865031,0.12698771879016466,0.0057868718875440095,-0.22158157009830248,-0.3016265160844152,-0.1102687765290129,-0.5124636115748227,-0.4409736765021848,-0.1459712095392981,-0.3644318719882006
RL,Individual equity,,2023-present,917,1.1377923267770103,0.2594998840882876,-0.14822979288217308,1.2180066966407932,0.24408414565226977,-0.10152839733131058,0.1023175791642448,0.005133295391861692,-0.11976861966869279,-0.08021436986378294,0.015415738436017845,-0.0467013955508625
RMBS,Individual equity,,2016-2019,1006,0.9445746915597103,0.16144933766601222,-0.13721474437693804,0.3853889489381379,0.040756137750967314,-0.1337968005030029,1.0874987729005028,0.1568526721032022,-0.14178719427796294,0.5591857426215724,0.1206931999150449,-0.0034179438739351253
RMBS,Individual equity,,2020-2022,756,1.1450217984936422,0.3724209137178809,-0.22064489911686525,1.19510417483771,0.28146157396637883,-0.22456531196063834,0.33030827167679716,0.05064313782342622,-0.23401478693465405,-0.05008237634406787,0.09095933975150206,0.003920412843773091
RMBS,Individual equity,,2023-present,917,0.5627416726378338,0.15737331587843317,-0.39692888122983383,0.9141812853137938,0.24254179572784018,-0.19726720587827806,-0.07217125277220503,-0.059326795055628656,-0.45617052576437334,-0.35143961267596,-0.08516847984940701,-0.19966167535155577
RMD,Individual equity,,2016-2019,1006,0.48669359266557555,0.0599291062513756,-0.14718626833532256,0.8635002214877023,0.10527490625192049,-0.10546686817526385,-0.2705850225218938,-0.021754216458028885,-0.19046981403785912,-0.3768066288221268,-0.04534580000054489,-0.041719400160058706
RMD,Individual equity,,2020-2022,756,0.8872669226834974,0.17971022410678605,-0.17349388136310295,1.4724725708374267,0.23324249883142634,-0.10869048708663309,-0.0029649782407873432,-0.013241645248913358,-0.1765047464830546,-0.5852056481539293,-0.05353227472464028,-0.06480339427646986
RMD,Individual equity,,2023-present,917,0.7229575605003976,0.12753656383144896,-0.1541493519271041,0.8655006527658626,0.10084185901425768,-0.11456678318324909,0.21227728737151833,0.02111838045087233,-0.2600593675012689,-0.14254309226546502,0.026694704817191273,-0.03958256874385502
ROK,Individual equity,,2016-2019,1006,0.9526944771039666,0.16189759868656473,-0.17784040506188625,1.0157662172870061,0.13614181694296068,-0.1279858767784987,0.29595259001371393,0.027153567454935468,-0.11780510944973499,-0.06307174018303952,0.025755781743604045,-0.049854528283387545
ROK,Individual equity,,2020-2022,756,0.5425545679739009,0.12271240101813463,-0.24199982753090377,0.908366437295194,0.14342967846434074,-0.10563861500295435,0.2557114117170671,0.03306897135894915,-0.2323446091745599,-0.36581186932129306,-0.020717277446206106,-0.13636121252794942
ROK,Individual equity,,2023-present,917,0.3720475346528722,0.056820242044149705,-0.2526229751454655,0.940266693105331,0.13812503568468304,-0.14514882133164086,-0.4231678747025392,-0.06826819782261684,-0.2643182851229622,-0.5682191584524587,-0.08130479364053333,-0.10747415381382464
ROL,Individual equity,,2016-2019,1006,1.1459697594436464,0.14041603147247939,-0.14568809573431407,1.720986378091896,0.1733121483257043,-0.10699962687446674,-0.08592396391124416,-0.009419922235860967,-0.13664776798111278,-0.5750166186482495,-0.03289611685322491,-0.038688468859847336
ROL,Individual equity,,2020-2022,756,0.6270800008989715,0.10762937288120922,-0.17482039607099153,1.0188606138223788,0.14458092554705293,-0.11958090036231506,-0.05878938493527914,-0.016016031641650885,-0.16436312461902114,-0.39178061292340727,-0.03695155266584371,-0.05523949570867648
ROL,Individual equity,,2023-present,917,0.6911753592059348,0.09186224571509682,-0.21063894510313486,0.6849541605937411,0.05971684875358507,-0.12017040796398848,0.2217454806715572,0.018805798316366085,-0.191239425639955,0.0062211986121936125,0.03214539696151175,-0.09046853713914638
ROP,Individual equity,,2016-2019,1006,0.7982339254928386,0.08691435513744294,-0.12890283565577387,1.138315672595922,0.09472672833521156,-0.07357041605061398,-0.14549908447000626,-0.014023679222476937,-0.12935361630116426,-0.3400817471030835,-0.007812373197768618,-0.05533241960515989
ROP,Individual equity,,2020-2022,756,1.0488768925879135,0.19876570441851205,-0.13750881924288205,1.315058771701745,0.17305941005581182,-0.07446408279172056,0.18811568785989877,0.016804590277100795,-0.14426486949245942,-0.2661818791138315,0.02570629436270022,-0.06304473645116149
ROP,Individual equity,,2023-present,917,0.34419037517448026,0.03740191235054757,-0.1150370538276001,0.3204224882700084,0.02750790554622795,-0.11711058847063127,-0.11427866541253483,-0.014213314551337564,-0.1794114376415541,0.023767886904471847,0.009894006804319622,0.002073534643031172
ROST,Individual equity,,2016-2019,1006,0.6396423006680241,0.09415619706295741,-0.16685094655612154,1.3039303941980127,0.1726024394718939,-0.08572290842330788,-0.3359048749501261,-0.043400593236010976,-0.23706991660087162,-0.6642880935299886,-0.0784462424089365,-0.08112803813281366
ROST,Individual equity,,2020-2022,756,0.2859102428595312,0.042289308549155136,-0.4043113323334162,0.6216294363203256,0.09538273948647769,-0.15032988292615312,-0.10145879791347656,-0.05502865443795468,-0.4306245297978114,-0.33571919346079443,-0.05309343093732255,-0.2539814494072631
ROST,Individual equity,,2023-present,917,1.1474283621674428,0.188653045317156,-0.10365052381662765,1.4078246132179104,0.20062237700868235,-0.0771883098632078,0.08803749492505282,0.003860354644734887,-0.15897856278494482,-0.2603962510504676,-0.011969331691526364,-0.026462213953419855
RSG,Individual equity,,2016-2019,1006,1.2381756502970511,0.11505876108432611,-0.08290157982218149,1.731980207160732,0.1391759490803952,-0.06720159528130731,-0.6898127986087651,-0.034361168622689564,-0.13750969633135646,-0.49380455686368085,-0.0241171879960691,-0.01569998454087418
RSG,Individual equity,,2020-2022,756,1.1976275366999236,0.20998239173724276,-0.09485490664840357,1.6529881114852125,0.1690524689344728,-0.08846690369309529,0.3308688462087508,0.03756554299469772,-0.16298845119140792,-0.4553605747852889,0.04092992280276997,-0.006388002955308281
RSG,Individual equity,,2023-present,917,1.4328721301395404,0.18138525199292777,-0.06598329608298592,1.4633460124233535,0.13758691628090602,-0.04922279116296191,0.30216166825072405,0.022484854402328613,-0.13512550690979974,-0.030473882283813092,0.04379833571202174,-0.01676050492002401
RSP,Broad index ETF,,2016-2019,1006,1.0924326046129316,0.08981930979145791,-0.08269708421884348,1.9031635475078528,0.11783516129695903,-0.04623096833384832,-0.29075086442021586,-0.018247650809374183,-0.1160751331774359,-0.8107309428949212,-0.02801585150550112,-0.036466115884995154
RSP,Broad index ETF,,2020-2022,756,0.7086179537618029,0.12611286441332137,-0.14537239108589406,1.023372031978567,0.11466402308160939,-0.06941480399865241,0.2232311022764505,0.023256074259315973,-0.18192972701242838,-0.31475407821676415,0.011448841331711979,-0.07595758708724165
RSP,Broad index ETF,,2023-present,917,1.07333356581741,0.10728296156089145,-0.09536381178797171,1.4692205544197081,0.11591629123383962,-0.06363754081083828,-0.29456105069757726,-0.02086052300071839,-0.127098269646579,-0.3958869886022982,-0.008633329672948165,-0.03172627097713343
RTX,Individual equity,,2016-2019,1006,0.7076630718262665,0.08460869603406085,-0.15050118877413965,1.474010925144335,0.13839139186937777,-0.05801266049924436,-0.6647734973216731,-0.06070644558270388,-0.22120844956605668,-0.7663478533180684,-0.05378269583531692,-0.09248852827489529
RTX,Individual equity,,2020-2022,756,-0.1254943446068384,-0.07790417656935311,-0.5821488220515721,0.322671348945954,0.03695635252881524,-0.16749699196861845,-0.306946544626231,-0.10616896699270706,-0.5078353409917552,-0.4481656935527924,-0.11486052909816835,-0.4146518300829537
RTX,Individual equity,,2023-present,917,1.200568383752615,0.18872741998496156,-0.11876522128079436,1.372771445217633,0.17409482961441136,-0.06528887119767635,0.22132754410091685,0.016914279651630837,-0.13589585631611556,-0.17220306146501785,0.014632590370550203,-0.05347635008311802
RUN,Individual equity,,2016-2019,1006,0.7396817754887367,0.19839704517147805,-0.23553401554332787,1.1402192634038717,0.26687132671354874,-0.213542250654979,0.016518796420586082,-0.02245532176364695,-0.3446240849847131,-0.400537487915135,-0.06847428154207069,-0.021991764888348864
RUN,Individual equity,,2020-2022,756,1.2683443670490548,0.8142779700975653,-0.465554265665184,1.5059341255606555,0.6103963195768429,-0.31631434165436567,0.5421314903764666,0.15489167951041272,-0.5369600864134565,-0.2375897585116007,0.20388165052072238,-0.14923992401081831
RUN,Individual equity,,2023-present,917,-0.3195535080123759,-0.3013453157041516,-0.8063940053491456,-0.06012293660131027,-0.07509821512742731,-0.3800271831835248,-0.37097066495534753,-0.2435943562764893,-0.7415169733855189,-0.2594305714110656,-0.22624710057672426,-0.42636682216562083
RVTY,Individual equity,,2016-2019,1006,0.5429935896185876,0.07413470304424763,-0.20711452174407707,1.2888205896564646,0.14398999115602407,-0.07031746207089662,-0.4815534956852455,-0.056722064710642006,-0.2663553047722025,-0.745827000037877,-0.06985528811177644,-0.13679705967318045
RVTY,Individual equity,,2020-2022,756,0.3745801460074655,0.06005783792880348,-0.3587865395736989,0.8204811637860844,0.11976141663260131,-0.22587595616558165,-0.23582204494347636,-0.048864350302702086,-0.2418932261105301,-0.4459010177786189,-0.05970357870379783,-0.13291058340811723
RVTY,Individual equity,,2023-present,917,0.07051660351843643,-0.015377340821763341,-0.40881125485064107,0.29115340079358176,0.035858594698381374,-0.20149656121209925,-0.1071769444786231,-0.04118202163915985,-0.33200392876709117,-0.22063679727514535,-0.051235935520144715,-0.20731469363854182
S,Individual equity,,2020-2022,380,0.7006225973413107,0.2650101434137264,-0.3978078716865251,0.5289297261309194,0.08811370691704168,-0.18420495021373717,0.5510320313579748,0.16257164611765362,-0.3978078716865252,0.17169287121039134,0.17689643649668474,-0.21360292147278792
S,Individual equity,,2023-present,917,0.4057263947666466,0.08196649469165229,-0.3361592764184316,0.8101111251570192,0.189347895469562,-0.18275292585775293,-0.3112826846482399,-0.08761601153751952,-0.36894394954021215,-0.4043847303903726,-0.1073814007779097,-0.15340635056067864
SBAC,Individual equity,,2016-2019,1006,0.7549995868297465,0.0999291125533266,-0.15677549756715325,1.512266688264888,0.16718157287774016,-0.09291105038843495,-0.4328043027119237,-0.04357757497573245,-0.22279865460291848,-0.7572671014351415,-0.06725246032441357,-0.06386444717871831
SBAC,Individual equity,,2020-2022,756,0.8320890274565721,0.18433772764016498,-0.35757611456713156,0.5932264997430233,0.08483090395319492,-0.19621044621794026,0.5782518670569695,0.09090305398749621,-0.23239404013746912,0.23886252771354877,0.09950682368697006,-0.1613656683491913
SBAC,Individual equity,,2023-present,917,0.5685832728027507,0.09894083336079351,-0.2187346342408406,0.10326758910634201,0.005164388975011258,-0.1672360666390441,0.6898065839396276,0.10650625922510315,-0.16199847302524528,0.46531568369640863,0.09377644438578225,-0.0514985676017965
SBUX,Individual equity,,2016-2019,1006,0.9304397439062141,0.11591004670604677,-0.10994573235190752,1.4130817470458736,0.14123079457560372,-0.05860696034484181,-0.12723817364652576,-0.014231062598417,-0.1685781219619754,-0.48264200313965955,-0.02532074786955696,-0.051338772007065714
SBUX,Individual equity,,2020-2022,756,0.6625948978980503,0.14259754387051626,-0.3171777012313024,0.7194651894226644,0.10205910908064175,-0.12665810631847152,0.304528195678057,0.041517658766216936,-0.26988406170380663,-0.05687029152461409,0.04053843478987451,-0.19051959491283088
SBUX,Individual equity,,2023-present,917,0.6311973135193503,0.09927894399133863,-0.16938324822288675,0.3532045336117769,0.03539983723468931,-0.16143002955859231,0.456943709833496,0.05302795534684668,-0.15071153806044968,0.2779927799075734,0.06387910675664932,-0.007953218664294437
SCCO,Individual equity,,2016-2019,1006,0.7759615632205606,0.1444324053924928,-0.2533988897963646,0.9375544357446497,0.13554435478786098,-0.15863070470973395,0.09434397943574103,0.003602798270701202,-0.20800388265190428,-0.16159287252408905,0.008888050604631825,-0.09476818508663065
SCCO,Individual equity,,2020-2022,756,1.425984289740642,0.47827062265705167,-0.27110940721874877,1.6157011989764343,0.3871951748085052,-0.18641917032403565,0.40110859459804804,0.06565438627705622,-0.30282255632015076,-0.1897169092357922,0.09107544784854649,-0.08469023689471311
SCCO,Individual equity,,2023-present,917,0.6055878908263785,0.12473498007811079,-0.3653721742830922,1.2752808395894486,0.24258149399966444,-0.2258236193595966,-0.6630910074968184,-0.11188829786127918,-0.3651083175367478,-0.6696929487630701,-0.11784651392155365,-0.1395485549234956
SCHD,Factor/style ETF,,2016-2019,1006,1.4962598836677259,0.11697116791229467,-0.06913610243214174,2.2955150844775187,0.13541449100035519,-0.035617083200919164,-0.37409470474232226,-0.02034580676805786,-0.12275419422303868,-0.7992552008097928,-0.018443323088060515,-0.03351901923122258
SCHD,Factor/style ETF,,2020-2022,756,0.7701821776922446,0.13065984308277057,-0.10930700687442896,1.4722218256250201,0.16538489517598753,-0.05358435916002935,0.00972045593339936,-0.009367020044550811,-0.19869475144715476,-0.7020396479327755,-0.03472505209321697,-0.05572264771439961
SCHD,Factor/style ETF,,2023-present,917,0.9164465364173187,0.08130932209037622,-0.08010703190010049,1.294356472673268,0.0923386644507811,-0.0788495734223269,-0.12406671195080286,-0.008751963998595125,-0.09253686109483528,-0.37790993625594926,-0.01102934236040487,-0.0012574584777735875
SCHW,Individual equity,,2016-2019,1006,1.093583715112225,0.19602782948284614,-0.12283143817320019,1.4351035644860513,0.1934653866787679,-0.10312789758825858,0.15297576990356201,0.011372818754274538,-0.14617833088455556,-0.3415198493738263,0.0025624428040782465,-0.019703540584941615
SCHW,Individual equity,,2020-2022,756,0.3007933529835352,0.04624990892924363,-0.2825249434108268,0.5621756491591968,0.08825674107044668,-0.16402506779084058,-0.08460399619967886,-0.048401243226425694,-0.3427771091613081,-0.2613822961756616,-0.04200683214120304,-0.1184998756199862
SCHW,Individual equity,,2023-present,917,1.648736553224589,0.38012003375681136,-0.11099835516793333,2.0644130904656968,0.37553338138052417,-0.07577017269800079,0.28512782018017513,0.03039691584672899,-0.15243404903522995,-0.41567653724110776,0.0045866523762871925,-0.035228182469932534
SEDG,Individual equity,,2016-2019,1006,0.44796719939061636,0.0987519140864006,-0.3662584130190436,0.8030748774745498,0.17438928263897946,-0.29641078739436455,-0.23769252352065734,-0.079031316013086,-0.41618781077435907,-0.3551076780839334,-0.07563736855257885,-0.06984762562467906
SEDG,Individual equity,,2020-2022,756,0.7290319315855303,0.2659736797619916,-0.5005511937103928,1.3639005135167868,0.5306194888902347,-0.16730338769756092,-0.5171818342296471,-0.22453396017671046,-0.7086386548297452,-0.6348685819312565,-0.2646458091282431,-0.3332478060128319
SEDG,Individual equity,,2023-present,917,0.4966953947558797,0.1303556002423909,-0.7195830488245544,0.012421249544345576,-0.0474214752339408,-0.2841270055134406,0.579598757245604,0.18400718427116836,-0.7339767541911715,0.4842741452115341,0.1777770754763317,-0.43545604331111376
SHOP,Individual equity,,2016-2019,1006,1.0611370069500645,0.2955040641473101,-0.352184838833861,1.959456643191707,0.5282860880243812,-0.137192965293766,-0.8543326142820253,-0.14647189175198705,-0.501209699874823,-0.8983196362416426,-0.23278202387707103,-0.21499187354009497
SHOP,Individual equity,,2020-2022,756,0.7944221292608874,0.3388355136258936,-0.4778707905999938,0.4978237170087364,0.11489958961082092,-0.49132366086104007,0.36578550007881316,0.06128838053103025,-0.461855450100609,0.296598412252151,0.22393592401507267,0.013452870261046246
SHOP,Individual equity,,2023-present,917,0.7864680846083848,0.25275564100662784,-0.2728349728922773,1.0194800522968372,0.30501631199605383,-0.2225870073095172,0.004621560533306994,-0.022274276950189242,-0.21197516847239872,-0.23301196768845245,-0.052260670989425995,-0.050247965582760123
SHV,Bond ETF,,2016-2019,1006,-0.11054683305440903,-0.00041058364631607613,-0.022539496639932932,-0.11054683305440903,-0.00041058364631607613,-0.022539496639932932,,0.0,0.0,0.0,0.0,0.0
SHV,Bond ETF,,2020-2022,756,0.21464537853273563,0.0005632655302900691,-0.011143991753771454,1.4757961449258308,0.0027686788990473055,-0.00459074278304028,-1.1922290481249693,-0.002199324146401005,-0.006583471997289703,-1.2611507663930952,-0.0022054133687572364,-0.006553248970731174
SHV,Bond ETF,,2023-present,917,16.99878567374388,0.04581499690839319,-0.0005284853609555107,16.99878567374388,0.04581499690839319,-0.0005284853609555107,,0.0,0.0,0.0,0.0,0.0
SHW,Individual equity,,2016-2019,1006,1.5633934615992808,0.2566401409210999,-0.14348534792609613,1.8629253702097586,0.24914511889984858,-0.0532524049473202,0.20904845181394247,0.015271243475922347,-0.12211132087725873,-0.29953190861047774,0.007495022021251296,-0.09023294297877593
SHW,Individual equity,,2020-2022,756,1.6163621321669814,0.3743874086884973,-0.13457312542814748,1.5604154268385677,0.1989580839913483,-0.07862283012342697,0.9126730874462337,0.15417199705424212,-0.12501101094804346,0.055946705328413726,0.175429324697149,-0.05595029530472051
SHW,Individual equity,,2023-present,917,0.8296403742938733,0.1293748724614412,-0.15296130309162403,0.9577192405576662,0.1164368305827983,-0.142224390638082,0.13453797033996698,0.008867491512293268,-0.14670588631000647,-0.12807886626379295,0.012938041878642892,-0.010736912453542025
SHY,Bond ETF,,2016-2019,1006,-0.12693656632589082,-0.0008770632104917464,-0.019561100830086442,-0.15000412512346076,-0.0009635909335629078,-0.0160627336259348,0.037407497423193554,8.661118081976227e-05,-0.004311312919196841,0.023067558797569943,8.652772307116141e-05,-0.0034983672041516423
SHY,Bond ETF,,2020-2022,756,0.15446230146999868,0.0014827306078921687,-0.020896629611498962,0.20415250595051496,0.0009889901704178694,-0.009367963982611749,0.06155610831726001,0.0004932526154861616,-0.0116376870621262,-0.04969020448051628,0.0004937404374742993,-0.011528665628887214
SHY,Bond ETF,,2023-present,917,1.0267669971485904,0.0131657595167467,-0.015532932118260234,1.0267669971485904,0.0131657595167467,-0.015532932118260234,,0.0,0.0,0.0,0.0,0.0
SIL,Thematic/industry ETF,,2016-2019,1006,0.8423559427144782,0.19434961855054111,-0.20840381783637496,0.9996163438943354,0.18555895381809195,-0.15605304087403948,0.11546686111135171,0.005549241544162475,-0.19173434274663215,-0.15726040117985718,0.00879066473244916,-0.05235077696233548
SIL,Thematic/industry ETF,,2020-2022,756,0.7481624915811663,0.18781556978254588,-0.25373622909642135,0.8755367736380909,0.16621435156263087,-0.2229781294310219,0.26473326341443076,0.03403377526492868,-0.1762124545821322,-0.12737428205692458,0.021601218219915008,-0.03075809966539944
SIL,Thematic/industry ETF,,2023-present,917,1.329889425258022,0.3729492758058197,-0.26571757348283553,1.731219316777297,0.41094556099239443,-0.16670774863667337,-0.09246549313583192,-0.026929660673689737,-0.2627781671166155,-0.4013298915192749,-0.03799628518657472,-0.09900982484616216
SJM,Individual equity,,2016-2019,1006,0.41363242869328526,0.047317983442142886,-0.19207542886865836,0.6493624056440723,0.05379488142641309,-0.1071338278560181,0.12514920187157766,0.007697131237332844,-0.1741987771188228,-0.23572997695078707,-0.006476897984270202,-0.08494160101264026
SJM,Individual equity,,2020-2022,756,0.07945411568305313,0.0007450154321813063,-0.17098448569038938,0.34801358039059005,0.038544622790848804,-0.146873615200516,-0.7288200631202089,-0.06845958650002582,-0.2310255401539697,-0.2685594647075369,-0.0377996073586675,-0.02411087048987337
SJM,Individual equity,,2023-present,917,0.48213645244556924,0.06494933561835303,-0.20023467350434576,0.29486359141849794,0.02806901082517843,-0.11447731740066391,0.2628984234474674,0.02225111833068949,-0.208087826822293,0.1872728610270713,0.0368803247931746,-0.08575735610368185
SKYY,Thematic/industry ETF,,2016-2019,1006,0.4577150028447454,0.0436537738035041,-0.19348623121189124,1.325556172211744,0.0983632119538056,-0.08253742474659909,-0.7366140672001972,-0.05783894071176954,-0.2116738059778589,-0.8678411693669985,-0.05470943815030149,-0.11094880646529215
SKYY,Thematic/industry ETF,,2020-2022,756,0.9856324163954184,0.23744371826866573,-0.22796483416290525,1.4748872570813742,0.20472177278666437,-0.09209128552072887,0.26667577441439827,0.03474787600048623,-0.21853093960653713,-0.4892548406859558,0.03272194548200136,-0.13587354864217638
SKYY,Thematic/industry ETF,,2023-present,917,0.9411835619395797,0.17491272949462555,-0.21011861578877278,1.683622678600148,0.27669446405157827,-0.10721892300241675,-0.613970966755488,-0.07487709061221137,-0.2721548727518053,-0.7424391166605683,-0.10178173455695272,-0.10289969278635602
SLB,Individual equity,,2016-2019,1006,1.1003824733001413,0.21489175396750215,-0.18288845178827018,0.7836921146792871,0.09527827388915622,-0.10299158230427807,0.775925358870974,0.10920830160687589,-0.15293158353606673,0.31669035862085415,0.11961348007834594,-0.0798968694839921
SLB,Individual equity,,2020-2022,756,0.7529159521936737,0.2529608135061776,-0.36117592568849755,1.0169365272047615,0.24171065345221265,-0.1840201423486233,0.333802521462054,0.05870514785584935,-0.4191074442298073,-0.2640205750110878,0.011250160053964953,-0.17715578333987425
SLB,Individual equity,,2023-present,917,0.5224364864485338,0.08936908213265582,-0.262320410567476,-0.03285122642709165,-0.013648140425968625,-0.2387490471247059,0.6511007393554922,0.09135965554164382,-0.12277529303973689,0.5552877128756255,0.10301722255862444,-0.02357136344277011
SLV,Commodity ETF,,2016-2019,1006,1.0950663172971196,0.13670782006128634,-0.11546109399154914,1.2118646303546694,0.10964042117252482,-0.0630602162649504,0.3814858902724181,0.030518779737156443,-0.0838136497684977,-0.11679831305754984,0.02706739888876153,-0.05240087772659874
SLV,Commodity ETF,,2020-2022,756,1.3404766875535694,0.3461820110675826,-0.14947113056929429,1.1900241391805086,0.2264545187639102,-0.1722756490672025,0.6813216259755829,0.10020664126992607,-0.108961739768616,0.15045254837306077,0.11972749230367241,0.02280451849790821
SLV,Commodity ETF,,2023-present,917,1.1327882798943008,0.2946124479128618,-0.31767542044060904,1.8937691518943829,0.39244593604747835,-0.12413065956941127,-0.16587935357104036,-0.04591355549750975,-0.36288365731100636,-0.7609808720000821,-0.09783348813461656,-0.19354476087119776
SMCI,Individual equity,,2016-2019,1006,0.5901729171300936,0.09400815890951164,-0.28648292808918563,0.7110713187944779,0.07379836226088665,-0.10250753547790181,0.19223054233907028,0.01802491372903492,-0.3122441044910542,-0.12089840166438437,0.02020979664862499,-0.18397539261128382
SMCI,Individual equity,,2020-2022,756,0.6766456398313755,0.1878928689208561,-0.3206488199655817,1.223291322900655,0.2839893747931319,-0.13069128852545353,-0.034920755179013316,-0.04098826928418986,-0.33029198662660453,-0.5466456830692795,-0.0960965058722758,-0.18995753144012817
SMCI,Individual equity,,2023-present,917,1.2275626357888767,0.692586759587547,-0.4141837102834287,1.4891174169575752,0.6590749466635233,-0.31041347026709964,0.10878664830142881,-0.03577218444420993,-0.5233661421766915,-0.26155478116869846,0.03351181292402372,-0.10377024001632906
SMH,Thematic/industry ETF,,2016-2019,1006,0.9197835143353765,0.15434798266922778,-0.1799377013079142,1.6624403759932258,0.2223061521914924,-0.1421760804697072,-0.3125206327937176,-0.04410465727445734,-0.18801719705045727,-0.7426568616578493,-0.06795816952226463,-0.037761620838207
SMH,Thematic/industry ETF,,2020-2022,756,0.5057889899044564,0.11678987377067962,-0.33068127540375203,0.8869180212197879,0.16987302262425152,-0.18943202802654513,-0.04802864700342319,-0.04142624260532546,-0.3603416378413292,-0.3811290313153315,-0.053083148853571904,-0.1412492473772069
SMH,Thematic/industry ETF,,2023-present,917,1.1091407824456727,0.27717745980002384,-0.24929419566238076,1.4969416261059663,0.30999550778464835,-0.19434390798669998,-0.17475703717341642,-0.039917662658910724,-0.2018015384887113,-0.38780084366029355,-0.03281804798462451,-0.054950287675680776
SNA,Individual equity,,2016-2019,1006,0.3116734916626004,0.03502184744764936,-0.17810988685354934,0.2888139301184235,0.021563095029723645,-0.082747529213127,0.06652170874255856,0.0011101994142608262,-0.18274145709097334,0.0228595615441769,0.013458752417925712,-0.09536235764042233
SNA,Individual equity,,2020-2022,756,0.8300092032877667,0.2025300318009,-0.21583418488604145,0.9680358875046374,0.15474437944161812,-0.16310696101724131,0.2536130497708889,0.03194723083246087,-0.22038399205840842,-0.1380266842168707,0.047785652359281894,-0.05272722386880013
SNA,Individual equity,,2023-present,917,-0.21517951685732284,-0.037509305179974306,-0.27074689536741137,0.5529472235658226,0.053371656098233355,-0.146380308183526,-0.8049717619014671,-0.07554607013693615,-0.2702964160974465,-0.7681267404231454,-0.09088096127820766,-0.12436658718388538
SNAP,Individual equity,,2016-2019,714,0.8755185341826378,0.276485780081448,-0.3881389435172756,0.8876589359168537,0.2003517728447255,-0.18201318637061714,0.49010279200505946,0.09725645432966834,-0.27547633689113904,-0.012140401734215933,0.07613400723672248,-0.20612575714665848
SNAP,Individual equity,,2020-2022,756,0.574936780542277,0.1820728248912029,-0.7347150429863669,0.8965432824463847,0.28155071726158476,-0.3051536279864855,0.42481766063819626,0.10194588521447434,-0.4744324876533763,-0.32160650190410767,-0.09947789237038185,-0.42956141499988143
SNAP,Individual equity,,2023-present,917,1.2583482474708982,0.4852020888375508,-0.23792072850903845,0.8813275443498924,0.19196776760719914,-0.15907154856194228,0.8106373675639273,0.22456768202991229,-0.2800314492798631,0.3770207031210059,0.29323432123035165,-0.07884917994709617
SNDK,Individual equity,,2023-present,387,2.1120039213084922,2.717869837304515,-0.435329971759603,2.8396223479942777,3.7019367044990537,-0.2858300923873045,-0.29496190426753577,-0.2092896882794979,-0.4504376598581168,-0.7276184266857855,-0.9840668671945387,-0.14949987937229847
SNOW,Individual equity,,2020-2022,578,0.15094393691357236,-0.05828779510316895,-0.500560124235454,0.5935774925093339,0.12993756044969107,-0.25064995464191,-0.27243856468187555,-0.20881895439667653,-0.46933605388694655,-0.44263355559576156,-0.18822535555286002,-0.24991016959354406
SNOW,Individual equity,,2023-present,917,1.1215356554103586,0.48115468866924815,-0.2842664378794387,1.0677036329720901,0.38074912915270764,-0.2406810481557906,0.27997287155293404,0.0393006133549858,-0.25369549885098885,0.053832022438268456,0.10040555951654051,-0.043585389723648116
SNPS,Individual equity,,2016-2019,1006,1.0527552686987476,0.14368046901365883,-0.11216753851170158,1.5527288350201014,0.18478230688598263,-0.0733232544019854,-0.4880180633075415,-0.03923498684579263,-0.15093414539130767,-0.4999735663213538,-0.0411018378723238,-0.03884428410971619
SNPS,Individual equity,,2020-2022,756,1.5265477161337673,0.4977992939823124,-0.1680753574811651,1.9901933798211273,0.43903287042625005,-0.14065813752564094,0.37597661008655386,0.06075293899586165,-0.20204737405925355,-0.46364566368736004,0.05876642355606232,-0.027417219955524152
SNPS,Individual equity,,2023-present,917,0.9314693154045226,0.28118721242818734,-0.18172005180167938,0.7744207734740874,0.11595985015907262,-0.14390964189581357,0.5629285262707232,0.1273494499877792,-0.1698322149277639,0.15704854193043516,0.16522736226911472,-0.037810409905865816
SO,Individual equity,,2016-2019,1006,0.9974349098915849,0.11516537527597115,-0.1083429710030055,1.150905600396791,0.11043293917154728,-0.06635417279887768,0.08176877806391246,0.003244831411125526,-0.0830801235927171,-0.15347069050520612,0.004732436104423865,-0.04198879820412782
SO,Individual equity,,2020-2022,756,0.4091944815027157,0.0659307891224461,-0.3774621523314551,0.38532813482655415,0.04321238104957903,-0.19516472404130059,0.037088034217123644,-0.008297970862285342,-0.33481608099331295,0.023866346676161554,0.02271840807286707,-0.1822974282901545
SO,Individual equity,,2023-present,917,-0.05215716177843191,-0.014926687045557108,-0.21302318890444627,0.6534881350439175,0.06579137410714031,-0.09052731026816951,-0.762944215443267,-0.0589791856718076,-0.2500440276746444,-0.7056452968223493,-0.08071806115269742,-0.12249587863627676
SOLV,Individual equity,,2023-present,606,0.934378182849199,0.19396721721696397,-0.14606736317697266,1.2732472427264432,0.2141558932057459,-0.09756150990075851,0.1383198614151615,0.00952584009098456,-0.1783294313227013,-0.33886905987724414,-0.020188675988781934,-0.04850585327621415
SOXX,Thematic/industry ETF,Semis / Software,2016-2019,1006,1.0193642067306496,0.1666081076633903,-0.15854926174381312,1.7334087750911407,0.22329695015260875,-0.12652331318566423,-0.3120250597541052,-0.0414478401893994,-0.18381000470437736,-0.714044568360491,-0.05668884248921846,-0.03202594855814889
SOXX,Thematic/industry ETF,Semis / Software,2020-2022,756,0.47328065244717243,0.10559400650954198,-0.302510928849254,1.0767327992206928,0.21189475101206212,-0.13922724095392092,-0.18985060578022026,-0.076468432747822,-0.37586156758005396,-0.6034521467735203,-0.10630074450252014,-0.1632836878953331
SOXX,Thematic/industry ETF,Semis / Software,2023-present,917,1.1370062352390817,0.3123468233604032,-0.20343835477611893,1.4917319474682926,0.3357667713097052,-0.1408931333528478,-0.19993337600995054,-0.04957755824846788,-0.2327806866418758,-0.3547257122292109,-0.023419947949302022,-0.06254522142327112
SPG,Individual equity,,2016-2019,1006,-0.12734556242411957,-0.02647973580965779,-0.3192544041747477,0.37851875002422897,0.03246810472185535,-0.20129143749458067,-0.22634046172769634,-0.028272209373211177,-0.22117469758873698,-0.5058643124483485,-0.05894784053151314,-0.11796296668016704
SPG,Individual equity,,2020-2022,756,1.11375916588088,0.4346071335599273,-0.339617790142552,1.117087874862847,0.21764282923728762,-0.21570628648182733,0.6461243774427428,0.17818386403058994,-0.4543574028885313,-0.0033287089819669102,0.2169643043226397,-0.12391150366072468
SPG,Individual equity,,2023-present,917,0.9244914094865199,0.15837931348098788,-0.18344257593565272,1.2040751884196705,0.17061713570431247,-0.13423323145444666,0.1765933477050397,0.01356323587295738,-0.11340138377495401,-0.2795837789331507,-0.01223782222332459,-0.04920934448120606
SPGI,Individual equity,,2016-2019,1006,2.1804521958153877,0.3212413617338006,-0.10007805484211785,2.43721897058226,0.30184365361931564,-0.0870818583744829,0.09392767266870158,0.004198571552290531,-0.11252256980669151,-0.25676677476687226,0.019397708114484935,-0.012996196467634946
SPGI,Individual equity,,2020-2022,756,1.162294443780935,0.3159978606739411,-0.19535216219831286,1.1895153225572084,0.1888311123494666,-0.13081312959957203,0.600741092643053,0.11326101212971307,-0.20178875173386468,-0.027220878776273327,0.1271667483244745,-0.06453903259874083
SPGI,Individual equity,,2023-present,917,0.8968684904612586,0.13557752791656874,-0.22866402525521057,1.3177205720942613,0.15421169024485826,-0.10560150273110203,-0.05557175562287163,-0.0123906190176436,-0.17451806127916303,-0.4208520816330027,-0.018634162328289516,-0.12306252252410854
SPLV,Factor/style ETF,,2016-2019,1006,1.112068164046641,0.07540127325218626,-0.07323518931334683,1.7300076911169102,0.09582351280226264,-0.03575186592973245,-0.39795793176344263,-0.017011007671297596,-0.09561882642435071,-0.6179395270702692,-0.020422239550076382,-0.037483323383614375
SPLV,Factor/style ETF,,2020-2022,756,0.6975864077059278,0.10343491175961339,-0.1818776193551349,1.2019980078544363,0.10568394306587048,-0.07931160190960729,-0.07112575949992755,-0.018644274293654117,-0.24407910997828774,-0.5044116001485085,-0.0022490313062570877,-0.10256601744552762
SPLV,Factor/style ETF,,2023-present,917,0.4805763970739868,0.034014011393891375,-0.09638801634847194,0.8258739069466895,0.04831579336117975,-0.08014814396919834,-0.29939522481045305,-0.015496481421669706,-0.09392322677737786,-0.3452975098727027,-0.014301781967288374,-0.0162398723792736
SPOT,Individual equity,,2016-2019,441,0.37128468149841787,0.061720473269633036,-0.24486162997814598,1.0825838114136364,0.21934271535862027,-0.10240192153465943,-0.21565534937826447,-0.051333942396521004,-0.21799895470490682,-0.7112991299152185,-0.15762224208898723,-0.14245970844348654
SPOT,Individual equity,,2020-2022,756,0.6924415761626037,0.2222616878710275,-0.40031593733953863,0.6256645739144705,0.1392987132394099,-0.3124395024318789,0.24595271500372887,0.026050906416407615,-0.2798279257190821,0.06677700224813321,0.08296297463161761,-0.08787643490765973
SPOT,Individual equity,,2023-present,917,1.1588495095328861,0.3234266383578599,-0.20875430525722116,1.2042868434315233,0.27971063381370787,-0.19824937660760222,0.39518186068820116,0.05177876698223227,-0.18235925057193514,-0.04543733389863713,0.04371600454415203,-0.010504928649618939
SPY,Broad index ETF,Indices,2016-2019,1006,1.2161336458739227,0.09458210694877422,-0.06555932119263586,2.0984512823990267,0.11721982821460863,-0.030040148180804693,-0.4512933743796695,-0.026216971825141266,-0.11555956688511504,-0.882317636525104,-0.02263772126583441,-0.03551917301183116
SPY,Broad index ETF,Indices,2020-2022,756,0.8924616032708605,0.1571428705997968,-0.10512318192269121,1.435312850337121,0.15096778275678324,-0.074654711727279,0.13621028191298515,0.009308872445553007,-0.18756087783115005,-0.5428512470662605,0.006175087843013571,-0.03046847019541221
SPY,Broad index ETF,Indices,2023-present,917,1.5595778479734412,0.16231312798710262,-0.06055396695292148,2.0205942768763667,0.16563720941904858,-0.05131446101728987,-0.12635794809921633,-0.009992312827216132,-0.07905096235554498,-0.4610164289029255,-0.0033240814319459577,-0.009239505935631609
SRE,Individual equity,,2016-2019,1006,0.3875953838065851,0.03688631771801654,-0.16686057177287272,0.8036456705759293,0.07068208083022243,-0.07458385361153463,-0.7315550392290155,-0.048193959544364895,-0.182022446284403,-0.4160502867693442,-0.03379576311220589,-0.09227671816133809
SRE,Individual equity,,2020-2022,756,0.4782166411122481,0.09412068966145326,-0.40314663890418,0.6827790593305659,0.09362161994038565,-0.16843624724435713,0.150852365949805,0.010287753725685356,-0.35440979231531855,-0.20456241821831783,0.0004990697210676132,-0.23471039165982288
SRE,Individual equity,,2023-present,917,0.21486977076635175,0.020865041869494894,-0.1986813017766036,0.24073453957718716,0.019163865698184956,-0.15728107781481837,-0.04928013292458985,-0.013048315465927107,-0.2024038290845589,-0.02586476881083541,0.0017011761713099371,-0.04140022396178522
STE,Individual equity,,2016-2019,1006,1.2733620743762617,0.17013810094783577,-0.11961894922349059,1.6977198074849424,0.18295611170634185,-0.06347270461103405,-0.3696087718297476,-0.034117105545823034,-0.18144341767879923,-0.42435773310868075,-0.012818010758506082,-0.05614624461245654
STE,Individual equity,,2020-2022,756,0.15474171465377504,0.00996669374286907,-0.33068636644716887,0.1251628500435696,0.007830272449142361,-0.20659731056634367,-0.11642463103104222,-0.0367371817659643,-0.3735109334609742,0.029578864610205424,0.002136421293726709,-0.1240890558808252
STE,Individual equity,,2023-present,917,0.21140788856289255,0.020836042772437446,-0.2026146148527993,0.5966524621500575,0.0663476901772393,-0.12015878118398382,-0.07347566286920841,-0.013062780300950094,-0.1728766725547417,-0.38524457358716496,-0.04551164740480185,-0.08245583366881548
STLD,Individual equity,,2016-2019,1006,0.9095877351875035,0.20123386019277367,-0.2241791585426326,1.2441263153187312,0.212021021534063,-0.1460712654093218,0.03877970699325262,-0.007131299856673712,-0.2869896982335578,-0.3345385801312277,-0.01078716134128932,-0.07810789313331079
STLD,Individual equity,,2020-2022,756,1.268257053312751,0.5201633057391302,-0.2951362273880197,1.648519557782581,0.49341253733202195,-0.13068280765662577,0.25758546449558,0.032735605144297075,-0.4098190428521119,-0.38026250446983,0.026750768407108216,-0.16445341973139393
STLD,Individual equity,,2023-present,917,0.5400920596363041,0.10544250389805154,-0.2727354060392647,0.9629691151996506,0.18644397720282502,-0.13946461874139238,-0.2507670381418168,-0.04610165445365577,-0.21908848439431927,-0.4228770555633464,-0.08100147330477347,-0.13327078729787234
STM,Individual equity,,2016-2019,1006,1.6265231044136403,0.49539766981251687,-0.14868331476056906,2.046100387407105,0.49763300230502217,-0.08018394123662664,0.03365793030935814,-0.00875756136135275,-0.21712359046587426,-0.41957728299346475,-0.002235332492505293,-0.06849937352394242
STM,Individual equity,,2020-2022,756,0.6456689687188747,0.17304068436581033,-0.2643454086152205,0.6986176119429967,0.11717631746709145,-0.16318658863808788,0.31137386705462927,0.05000496879971239,-0.20311294891687615,-0.05294864322412196,0.055864366898718876,-0.10115881997713261
STM,Individual equity,,2023-present,917,1.7504032325338041,0.6882781248306515,-0.2641752288415087,1.6384256770439254,0.44387567134576833,-0.13520029660622368,0.86356806801597,0.1868433790497881,-0.1924732950339132,0.11197755548987876,0.2444024534848832,-0.128974932235285
STT,Individual equity,,2016-2019,1006,1.4051855297720734,0.2764401358976414,-0.15973255530501929,1.555866745683475,0.20395212236050875,-0.09918213826331501,0.5348331328803363,0.0669636189250793,-0.1872061173310272,-0.1506812159114015,0.07248801353713263,-0.060550417041704274
STT,Individual equity,,2020-2022,756,0.5171914443832607,0.11178253770739377,-0.36946704206267145,0.3557495052663521,0.046682656434088754,-0.16923137777548902,0.42360674396301495,0.07336644484459587,-0.2839884706990864,0.16144193911690863,0.06509988127330502,-0.20023566428718242
STT,Individual equity,,2023-present,917,1.4782601882607826,0.25473218678835696,-0.13750493774202255,2.136105752286885,0.28692641153862497,-0.06764905911931418,-0.1539271457152418,-0.021720230749644798,-0.21433187476949567,-0.6578455640261023,-0.03219422475026801,-0.06985587862270837
STX,Individual equity,,2016-2019,1006,1.0732947980145635,0.2636045856166336,-0.1884831133154683,1.4862565659909255,0.250186718656068,-0.11997101997883675,0.25559732031349963,0.03211586170639347,-0.26360237410448384,-0.41296176797636197,0.013417866960565572,-0.06851209333663155
STX,Individual equity,,2020-2022,756,1.0174650207055558,0.24945729188556376,-0.24470832813097354,0.4717863447473035,0.06801408468555592,-0.2251934426744352,0.49565688753477993,0.0814658896575835,-0.1999049495853542,0.5456786759582523,0.18144320720000784,-0.019514885456538344
STX,Individual equity,,2023-present,917,1.8490488334674462,0.7680387231575294,-0.26070828890775355,2.1058282587195665,0.7949761215196691,-0.17683120967764254,0.0661164974525684,-0.0020619546707956182,-0.23076330152386193,-0.2567794252521203,-0.02693739836213971,-0.083877079230111
STZ,Individual equity,,2016-2019,1006,0.4780490728866507,0.058153830902485604,-0.18757757404863928,0.6338270772588291,0.06304220301125119,-0.15560093004466946,0.21274932124273113,0.015820307429792457,-0.15692711758807498,-0.15577800437217842,-0.004888372108765582,-0.03197664400396982
STZ,Individual equity,,2020-2022,756,0.6296320574785866,0.1264225504886911,-0.2566493063584795,0.7210491462666233,0.09878984130391189,-0.11138813108248846,0.18674296416156017,0.017459163455388227,-0.2852637467825616,-0.09141708878803667,0.027632709184779225,-0.14526117527599103
STZ,Individual equity,,2023-present,917,0.7606165553630903,0.11873229639456961,-0.16168043224654483,0.6396483942804413,0.05692441703702378,-0.11258567520433882,0.46775428345009895,0.05767637000588466,-0.21939678812179153,0.12096816108264896,0.061807879357545836,-0.049094757042206005
SW,Individual equity,,2016-2019,1006,0.48403677318459915,0.08155493684627269,-0.25010189687609186,0.6749506401616158,0.09168686374843737,-0.19401686772980564,-0.3110470833761438,-0.05944704552626934,-0.4119554864696242,-0.19091386697701662,-0.01013192690216469,-0.056085029146286214
SW,Individual equity,,2020-2022,756,0.1513298612105771,-0.006038612075630834,-0.44278290557975764,0.01564781067141846,-0.016362990358039453,-0.1827562126618878,0.17723776348103853,0.010429005163041571,-0.4122315784419782,0.13568205053915863,0.01032437828240862,-0.26002669291786984
SW,Individual equity,,2023-present,917,0.3228397150108771,0.050276063023032114,-0.2939504219055532,0.4030357570912603,0.050267189164932224,-0.25249854400170746,0.2719780067383336,0.03485429473422785,-0.25873520845657794,-0.08019604208038322,8.873858099889276e-06,-0.041451877903845746
SWK,Individual equity,,2016-2019,1006,0.9556678454057308,0.14671346868242785,-0.11884552447894958,1.3493164369186756,0.15688339139982577,-0.07118334859041409,0.05049072016069579,-0.0004683908713998264,-0.17008828218217642,-0.39364859151294485,-0.010169922717397917,-0.047662175888535496
SWK,Individual equity,,2020-2022,756,0.8591664203383873,0.27410246809767136,-0.3658361153984686,0.4271693445967823,0.06131231545865545,-0.1737443896586306,0.6995698422793472,0.18374627725224402,-0.38769081161308927,0.431997075741605,0.2127901526390159,-0.19209172573983802
SWK,Individual equity,,2023-present,917,0.8478267935732511,0.22639145221117873,-0.29524988526270923,0.8739342493285341,0.1685024338783927,-0.13055404660224523,0.29042252625833803,0.0398869865809115,-0.22363247083317184,-0.02610745575528306,0.057889018332786035,-0.164695838660464
SWKS,Individual equity,,2016-2019,1006,1.1011792511277314,0.2612606836577773,-0.192616400557997,1.1920339284763848,0.20056619328964365,-0.1755355233912801,0.4091545852662266,0.05886791427527727,-0.2030833259046989,-0.09085467734865338,0.06069449036813368,-0.017080877166716912
SWKS,Individual equity,,2020-2022,756,0.574616398643913,0.14757246931187962,-0.2831833817235079,0.8318286214375976,0.14712948611393606,-0.1431253259660542,0.20520539626643802,0.01832195144334836,-0.30965708706715334,-0.2572122227936846,0.00044298319794355834,-0.14005805575745367
SWKS,Individual equity,,2023-present,917,0.6293601654046964,0.15158468590318197,-0.3185696194238008,0.6868569609977925,0.1219061980947096,-0.19154862370883718,0.298628505984275,0.0437612060703787,-0.24053440197287201,-0.05749679559309606,0.029678487808472376,-0.1270209957149636
SYF,Individual equity,,2016-2019,1006,0.547957867617715,0.08851847096213383,-0.23428667216703336,1.24603977777729,0.17436613431860604,-0.11433465676806076,-0.30237893219465134,-0.04780892423823224,-0.32869363952371966,-0.698081910159575,-0.0858476633564722,-0.1199520153989726
SYF,Individual equity,,2020-2022,756,0.1484920095608517,-0.01081363499009702,-0.4881559370721418,0.6792014764695139,0.13519368984093272,-0.18994031192946847,-0.29610979777962027,-0.12024616187936321,-0.5948153711593358,-0.5307094669086622,-0.14600732483102974,-0.2982156251426733
SYF,Individual equity,,2023-present,917,1.4397617120298696,0.42649514385693243,-0.19208767358568402,1.5561024609459182,0.3380202662597551,-0.12791342469316047,0.4582226019798437,0.07360684085691083,-0.18834720233961766,-0.11634074891604862,0.08847487759717731,-0.06417424889252354
SYK,Individual equity,,2016-2019,1006,0.47591644224870144,0.055884711622299355,-0.18971175439414834,1.4205140981805178,0.16074210869202177,-0.07047129085028103,-0.8485618942385696,-0.06952575907891567,-0.2672038384567058,-0.9445976559318163,-0.10485739706972241,-0.1192404635438673
SYK,Individual equity,,2020-2022,756,0.3242917362068633,0.05011835674385412,-0.2878490149930698,0.2265816263253776,0.02426260508111322,-0.14433707580953603,0.260390289241053,0.03124017893978448,-0.2600161390322059,0.09771010988148571,0.0258557516627409,-0.14351193918353378
SYK,Individual equity,,2023-present,917,0.6299747816467505,0.08542692798070561,-0.12729763054009513,0.6031086292994785,0.05874000155142789,-0.11053825110488547,0.35960218733535143,0.03400750722041268,-0.08262213509849747,0.026866152347271965,0.026686926429277724,-0.016759379435209665
SYY,Individual equity,,2016-2019,1006,1.1631498488429581,0.11327224632140798,-0.11925634478689462,1.6764307856976406,0.13948049055894107,-0.09986232010729967,-0.6816026916644514,-0.03757207429843146,-0.17738764158730957,-0.5132809368546825,-0.026208244237533096,-0.019394024679594946
SYY,Individual equity,,2020-2022,756,0.7433219717716467,0.19607591567805005,-0.36613933322885206,-0.4002446088086058,-0.07457639931325633,-0.3532871601915869,1.183624681348071,0.3062438135887373,-0.08635236279291358,1.1435665805802526,0.2706523149913064,-0.012852173037265158
SYY,Individual equity,,2023-present,917,-0.48887727672008446,-0.06357427782117919,-0.3053479881647404,0.01683440195790899,-0.0023762994154843398,-0.17361493835207475,-0.7365833120452427,-0.06134374952182775,-0.21915871004021503,-0.5057116786779935,-0.06119797840569485,-0.13173304981266565
T,Individual equity,,2016-2019,1006,0.7464848871297969,0.08180879917204087,-0.1574651548614331,1.0032021811245428,0.08226949198043476,-0.11227114846320885,0.12747142617398693,0.007164128731607322,-0.11239984633101952,-0.25671729399474597,-0.00046069280839389215,-0.04519400639822424
T,Individual equity,,2020-2022,756,0.6961581559714881,0.12588658093542704,-0.2210903884331079,0.9593197842446557,0.09947281158095311,-0.10107640496087689,0.33753891185032014,0.04445774665901636,-0.22656086382125218,-0.2631616282731676,0.026413769354473926,-0.12001398347223102
T,Individual equity,,2023-present,917,1.4609419122562568,0.23345418954732877,-0.1060048761593455,1.1872896261348678,0.12847336823703914,-0.09931940991041177,0.8753804397659136,0.09547844020212959,-0.07892608945195911,0.27365228612138903,0.10498082131028963,-0.006685466248933736
TAN,Thematic/industry ETF,,2016-2019,1006,1.0366357049891979,0.17180155888103466,-0.11842227880330469,0.7117752215727224,0.08649052181368377,-0.15944652087018707,0.809842073485177,0.08428809295008177,-0.08503538708945357,0.32486048341647544,0.08531103706735088,0.04102424206688238
TAN,Thematic/industry ETF,,2020-2022,756,1.9438554706724456,0.9500847301829267,-0.19897354722216043,2.0723162005352482,0.6262672209404299,-0.16260690309740378,0.7998296253003162,0.20911258637608987,-0.25320255511552336,-0.12846072986280266,0.32381750924249686,-0.03636664412475665
TAN,Thematic/industry ETF,,2023-present,917,0.20757962635280677,0.020442682235772835,-0.4421688450434893,0.3026102874241074,0.036999561999518926,-0.23922201775287266,0.21316775012683697,0.022834199334738514,-0.25121053465411003,-0.09503066107130062,-0.01655687976374609,-0.20294682729061664
TAP,Individual equity,,2016-2019,1006,0.7111072621134755,0.09312242290241257,-0.10630050397196045,0.8169605359995925,0.06866095314816145,-0.07894070513376727,0.30301563854706587,0.02860378581079459,-0.11692560159148613,-0.10585327388611698,0.02446146975425112,-0.027359798838193172
TAP,Individual equity,,2020-2022,756,0.19396627722287849,0.01690200912284512,-0.3468836009013364,0.8629848762722293,0.1487098430259286,-0.15709704816758951,-0.6208688433800966,-0.12481096071574582,-0.4599064126977055,-0.6690185990493508,-0.13180783390308348,-0.1897865527337469
TAP,Individual equity,,2023-present,917,0.3444703454590973,0.041847833625068276,-0.22100176850642328,0.5848900547536316,0.058638739061215084,-0.1402847432876113,-0.023728000526039426,-0.008798682710281058,-0.1589549816929392,-0.24041970929453432,-0.016790905436146808,-0.08071702521881197
TDG,Individual equity,,2016-2019,1006,0.9291948931668332,0.12642107844233785,-0.1909751460769793,1.5018154516938362,0.19664433703316408,-0.11555105866062676,-0.6111032871563187,-0.0446862882247,-0.1965162964388001,-0.572620558527003,-0.07022325859082623,-0.07542408741635254
TDG,Individual equity,,2020-2022,756,1.0351994002340092,0.3140478363175465,-0.3523669911331193,0.846387248708794,0.14103744823714215,-0.2625883901479209,0.8334368060481162,0.20195131010979428,-0.21107499161043453,0.18881215152521524,0.17301038808040436,-0.08977860098519841
TDG,Individual equity,,2023-present,917,0.6931207714710051,0.10765828895383289,-0.14347167507328695,1.3889299833314757,0.19278039929685042,-0.07946441204231602,-0.5881184127878923,-0.062289106026077845,-0.24205207993115496,-0.6958092118604705,-0.08512211034301753,-0.06400726303097093
TDY,Individual equity,,2016-2019,1006,1.159024093112374,0.17305209633077578,-0.12153712188324539,1.8062236314320566,0.24137803717047301,-0.07346110084206459,-0.24016229799541505,-0.023626359477070813,-0.13540530026955355,-0.6471995383196825,-0.06832594083969723,-0.048076021041180805
TDY,Individual equity,,2020-2022,756,0.359154015931122,0.06313989653957286,-0.3816649435836317,0.5498798709519168,0.06544646132066445,-0.1591482596654874,0.12385561213062458,0.00299989380577359,-0.34592942442741936,-0.1907258550207948,-0.0023065647810915912,-0.22251668391814428
TDY,Individual equity,,2023-present,917,0.4734809631145026,0.06442070490867335,-0.16735881701462307,0.6541668030591171,0.07197876034339923,-0.14707903519628596,-0.12944402073696776,-0.01971906619923003,-0.17142612768596754,-0.1806858399446145,-0.007558055434725874,-0.020279781818337117
TEAM,Individual equity,,2016-2019,1006,-0.029334238633506187,-0.02767759865011077,-0.224704337770252,0.8392743955791793,0.140890910350302,-0.19179134072903714,-1.064622692505238,-0.1363051568863648,-0.4747822150693599,-0.8686086342126854,-0.16856850900041276,-0.032912997041214864
TEAM,Individual equity,,2020-2022,756,0.5783265983936822,0.17220789418408766,-0.36750790865531247,0.3842540338150065,0.06402476382562217,-0.4008913541964205,0.32955743072403054,0.056177409440742565,-0.3020153012979714,0.19407256457867567,0.1081831303584655,0.03338344554110806
TEAM,Individual equity,,2023-present,917,1.1810250773985504,0.5294041071435898,-0.44186369552906557,1.3352166917043835,0.47730308719187264,-0.3691355610284254,0.3285435222463287,0.0550331913222879,-0.3078093822614938,-0.15419161430583306,0.05210101995171712,-0.0727281345006402
TECH,Individual equity,,2016-2019,1006,0.7441829615844349,0.10451543259098783,-0.1608684506218101,0.8397099638350004,0.09058903963409826,-0.16419334501822302,0.043530938466283725,-0.0006346371331258371,-0.11525151124404198,-0.09552700225056554,0.013926392956889577,0.003324894396412925
TECH,Individual equity,,2020-2022,756,0.6901256624837933,0.1591112198904876,-0.19706292613591259,0.8098973370866358,0.13825291196335554,-0.19095683194177948,0.22563235796043635,0.025404720509728307,-0.24498323257132193,-0.11977167460284255,0.020858307927132058,-0.006106094194133105
TECH,Individual equity,,2023-present,917,0.8591664519672346,0.215762325449268,-0.24595799871949453,0.7147994105475776,0.12431721400606999,-0.32406242827308485,0.6023432110193616,0.10902464342086104,-0.16595678094194033,0.14436704141965706,0.091445111443198,0.07810442955359032
TEL,Individual equity,,2016-2019,1006,0.46070589154940583,0.053017079638847164,-0.14759961084851725,1.3937228601448957,0.13781901793045326,-0.06338094062130584,-0.6198696824891802,-0.059011947910182605,-0.23825167129532765,-0.9330169685954899,-0.0848019382916061,-0.08421867022721141
TEL,Individual equity,,2020-2022,756,0.5964103348263537,0.11922573573483053,-0.19459243042515206,0.7953037340541089,0.10784334081960001,-0.127555718922297,0.3085894366850929,0.04208780004899837,-0.24402062468251573,-0.19889339922775517,0.01138239491523052,-0.06703671150285506
TEL,Individual equity,,2023-present,917,0.15559608062906446,0.012171401347609523,-0.3277922714495062,1.17250815353088,0.13359904303244474,-0.11090809072615948,-0.8955878729466653,-0.0981119452938749,-0.31620071788810267,-1.0169120729018155,-0.12142764168483522,-0.2168841807233467
TER,Individual equity,,2016-2019,1006,1.2329005740166616,0.29191880002013626,-0.20912330739962326,1.5075853454954695,0.26458943556246894,-0.15595888928931279,0.20607146016713462,0.02081382715503266,-0.15477166485295613,-0.2746847714788079,0.027329364457667316,-0.053164418110310474
TER,Individual equity,,2020-2022,756,0.881990205403025,0.3119212992498821,-0.2797276980565838,1.35317540553947,0.34607622225049406,-0.18913626732703148,0.12273581172557714,-0.010510226586710414,-0.3690708876326466,-0.47118520013644505,-0.03415492300061196,-0.09059143072955234
TER,Individual equity,,2023-present,917,1.2248648631894523,0.43903337575416423,-0.28868651824340563,1.0769705470233426,0.2954370637376069,-0.26099375984579964,0.6041716897069273,0.11084777179545235,-0.16223642489715695,0.1478943161661097,0.14359631201655731,-0.027692758397605988
TFC,Individual equity,,2016-2019,1006,0.3094070502456468,0.03422211724285851,-0.1345646633476124,0.7376001217577336,0.07551086263330942,-0.09210330279800927,-0.22794266149657869,-0.02548887508103137,-0.1625481411277313,-0.4281930715120868,-0.04128874539045091,-0.042461360549603144
TFC,Individual equity,,2020-2022,756,0.06501872365755584,-0.033611035431086345,-0.4623494291067951,-0.029333539919903118,-0.02510759736742163,-0.27815363298678397,0.13289464797397368,-0.0009760391587175787,-0.405238009247024,0.09435226357745896,-0.008503438063664714,-0.18419579612001113
TFC,Individual equity,,2023-present,917,0.7750248578932729,0.14689684438507222,-0.23930534931370384,0.6770082999085768,0.09090869694399228,-0.1428955093579498,0.4578721250127221,0.057345637269848426,-0.17211825785989432,0.0980165579846961,0.05598814744107994,-0.09640983995575403
TGT,Individual equity,,2016-2019,1006,1.5301513248795107,0.2927601765281247,-0.1336527137464435,1.619677506156699,0.21831035192752402,-0.11158318007040413,0.7616628699359872,0.09702043975266905,-0.13576803203705412,-0.08952618127718837,0.07444982460060068,-0.022069533676039366
TGT,Individual equity,,2020-2022,756,1.5731367744668148,0.4597856923262551,-0.1533477180289925,1.9298575298819136,0.3225605838116341,-0.08426610348468855,0.5925211697099068,0.11124435928535803,-0.17062749971318292,-0.35672075541509884,0.137225108514621,-0.06908161454430395
TGT,Individual equity,,2023-present,917,0.5218976277018147,0.09574673929904076,-0.29243972856095357,0.33102267819969605,0.04028717575550367,-0.22554473148194465,0.4060113997707971,0.053311782396298524,-0.1783254563897868,0.19087494950211864,0.055459563543537094,-0.06689499707900892
TIP,Bond ETF,,2016-2019,1006,0.2882355201646359,0.004827362741843588,-0.030125692754067734,0.270254747306219,0.0037708333616903733,-0.02747668470820852,0.114473948992053,0.0010525603504685233,-0.020494524471532105,0.01798077285841687,0.001056529380153215,-0.0026490080458592136
TIP,Bond ETF,,2020-2022,756,0.5971164960949729,0.020905381074683538,-0.02333206959819789,0.8165739273851305,0.010474606690864308,-0.01431388593718863,0.3247318203634943,0.010322648698692038,-0.02204296297170394,-0.2194574312901576,0.01043077438381923,-0.00901818366100926
TIP,Bond ETF,,2023-present,917,0.09430527573007201,0.0018281249612634998,-0.02526752500193119,0.2549573404513903,0.004585217476898773,-0.022853967873385672,-0.23223545027235734,-0.002744508347993113,-0.019043722517018025,-0.16065206472131827,-0.0027570925156352732,-0.002413557128545518
TJX,Individual equity,,2016-2019,1006,0.7172355522100702,0.08890423306923645,-0.12366061228160041,1.0843120688507049,0.1145819996755808,-0.10338494917995722,-0.009728893440535168,-0.004087527104626343,-0.0846459598384186,-0.3670765166406347,-0.025677766606344354,-0.020275663101643193
TJX,Individual equity,,2020-2022,756,0.06937905980472082,-0.012260573430768806,-0.45151952589334166,0.41191105235309783,0.05214361705551962,-0.1773403073444254,-0.28453228927112395,-0.07175561023429311,-0.4203218804607938,-0.342531992548377,-0.06440419048628843,-0.27417921854891625
TJX,Individual equity,,2023-present,917,0.3534487132129597,0.03640960069804455,-0.1634886125829459,0.4142760187979006,0.03718564773012756,-0.14604771751659318,-0.3004687031282782,-0.024769584654259713,-0.2191337162712116,-0.06082730558494093,-0.0007760470320830049,-0.017440895066352713
TKO,Individual equity,,2016-2019,1006,1.0259812053326918,0.22443029546897786,-0.2677500478140836,1.4723783104016805,0.2681437844281709,-0.1262158018123669,0.048755035500268704,-0.0034657984180913592,-0.22044471570767987,-0.4463971050689888,-0.043713488959193025,-0.1415342460017167
TKO,Individual equity,,2020-2022,756,0.6694570595032193,0.1642116635850357,-0.295899785436883,0.8556125815160461,0.1383135025003186,-0.1493904654185364,0.3970946638078395,0.06914296502323247,-0.27147907818725714,-0.1861555220128268,0.025898161084717097,-0.1465093200183466
TKO,Individual equity,,2023-present,917,0.08530340527508817,-0.002120260024915277,-0.2788930924245918,0.8024583309948095,0.11807583087973317,-0.20456350868770645,-0.8010927311090649,-0.10307283090370067,-0.3282402658086919,-0.7171549257197213,-0.12019609090464844,-0.07432958373688536
TLT,Bond ETF,,2016-2019,1006,0.728480475803744,0.0362598152743836,-0.05077637122072831,0.5470108151089204,0.018749994122048586,-0.037388838086418796,0.48418964800531966,0.0171875546045277,-0.03530489733378517,0.18146966069482362,0.017509821152335014,-0.013387533134309515
TLT,Bond ETF,,2020-2022,756,0.8314167831285998,0.0681906422226084,-0.06614413989964107,0.12651270411024662,0.003471942825150176,-0.04876365099969049,0.8452793246322936,0.06449477721843455,-0.0661441398996413,0.7049040790183532,0.06471869939745822,-0.017380488899950586
TLT,Bond ETF,,2023-present,917,-0.18259764100200832,-0.011633411228082369,-0.12073971177920795,-0.34572273263207154,-0.010588241448760471,-0.046774841966228164,0.0011430598122942226,-0.0010563547181329236,-0.08601346678728017,0.16312509163006322,-0.0010451697793218973,-0.07396486981297978
TMO,Individual equity,,2016-2019,1006,0.4997386333429013,0.058356409895684136,-0.14650841750088262,1.224674624206827,0.129196544381607,-0.09547313529625157,-0.6122699521887475,-0.052979695628404766,-0.24159859123961536,-0.7249359908639257,-0.07084013448592286,-0.05103528220463105
TMO,Individual equity,,2020-2022,756,0.6218466059381833,0.11682093086058654,-0.23482001909046935,1.7244433950683062,0.28105923240226005,-0.12240358144378638,-0.7998376799162457,-0.1261157477000573,-0.3595496191500591,-1.102596789130123,-0.16423830154167351,-0.11241643764668297
TMO,Individual equity,,2023-present,917,1.0583907206638525,0.21162354591556665,-0.14968424044607187,0.7454692836968909,0.0979599210770925,-0.11011856122021635,0.9074449340349467,0.1344370464100597,-0.11137999606509563,0.3129214369669616,0.11366362483847414,-0.03956567922585552
TMUS,Individual equity,,2016-2019,1006,-0.12117622770898386,-0.025234663557619497,-0.22255525315740776,0.31424939781646644,0.030117333942047297,-0.11703701754370921,-0.8211943516172516,-0.06027090220235787,-0.23823293581417515,-0.4354256255254503,-0.055351997499666794,-0.10551823561369855
TMUS,Individual equity,,2020-2022,756,0.3139202113246896,0.04778879082228915,-0.279501607916261,0.535770858661836,0.08099166205062369,-0.10414877382126686,-0.08612736013064129,-0.028444993769995097,-0.19860600144958795,-0.22185064733714643,-0.03320287122833454,-0.17535283409499414
TMUS,Individual equity,,2023-present,917,0.42574590773458804,0.0514194858517345,-0.1462502041117516,0.8492877977671607,0.07472564221985278,-0.05675623656854145,-0.023735119718679337,-0.009229748172511654,-0.12988301878793396,-0.42354189003257264,-0.02330615636811828,-0.08949396754321015
TPL,Individual equity,,2016-2019,1006,1.7716625747730521,0.48326045964226805,-0.1740069271022009,1.939002003612368,0.4022642411888169,-0.11124623254693766,0.4200390722423258,0.054756383734178904,-0.20312903719325548,-0.16733942883931596,0.08099621845345117,-0.06276069455526323
TPL,Individual equity,,2020-2022,756,1.1815395607848649,0.5468736400020682,-0.38603756055196203,1.8263857712005287,0.682800218923393,-0.2178189151081924,-0.10107625802567666,-0.0880186045432726,-0.5871478693403112,-0.6448462104156638,-0.13592657892132487,-0.16821864544376963
TPL,Individual equity,,2023-present,917,1.5133998708728702,0.45791466985203244,-0.21438368156786758,1.4406935483244983,0.2662672849213308,-0.19411825006974626,0.7692897114828832,0.15421641712446443,-0.15388475365748222,0.07270632254837195,0.19164738493070166,-0.020265431498121322
TPR,Individual equity,,2016-2019,1006,0.40827068345019046,0.06537114695745583,-0.16340899340584525,0.44078450461061425,0.046904320657978005,-0.15122554367719077,0.13448374939299887,0.009106407568287178,-0.20327754613972737,-0.032513821160423784,0.018466826299477823,-0.012183449728654483
TPR,Individual equity,,2020-2022,756,0.5833370689720784,0.17290296909362368,-0.5533532585259648,0.7226718195027773,0.16153372150597178,-0.24207045832947194,0.29744924565447484,0.040455644951374437,-0.5154195996249988,-0.13933475053069888,0.011369247587651898,-0.3112828001964929
TPR,Individual equity,,2023-present,917,1.7251530024039048,0.5103468577460955,-0.24856566106640898,2.0371023374814063,0.4592958483640577,-0.1355229089488259,0.1404357960148683,0.009256788941447436,-0.33839751945584184,-0.31194933507750155,0.05105100938203777,-0.11304275211758308
TRGP,Individual equity,,2016-2019,1006,0.5547026728475433,0.1177359897506518,-0.3715452075917228,0.8071781020517684,0.16378488642618727,-0.1858274611303199,-0.24355372353497998,-0.050237032186185915,-0.34367746030584334,-0.25247542920422517,-0.04604889667553547,-0.18571774646140293
TRGP,Individual equity,,2020-2022,756,0.8237195982649942,0.3444324735147748,-0.6830487924165818,1.720329747649665,0.6888101637566177,-0.27065805670329957,-0.0553707759818976,-0.1803980994142922,-0.7425503733312251,-0.8966101493846709,-0.34437769024184295,-0.4123907357132822
TRGP,Individual equity,,2023-present,917,1.1516495495154324,0.2154570135179772,-0.21458117505962815,1.5488444302164621,0.2590523355611425,-0.16868549211968054,-0.3414648972881398,-0.03927504206367782,-0.19786011597191455,-0.3971948807010297,-0.0435953220431653,-0.04589568293994761
TRI,Individual equity,,2016-2019,1006,0.6463119370014117,0.059943384179990344,-0.11518488796766901,1.2973543886812073,0.10243125402015485,-0.06282807062965812,-0.6712669599089061,-0.042988951377798235,-0.1952286109349496,-0.6510424516797957,-0.042487869840164505,-0.0523568173380109
TRI,Individual equity,,2020-2022,756,1.065598803642508,0.19446887621478015,-0.2322415432313375,0.9126473094884205,0.105224918425465,-0.14850807112344777,0.5885343224102619,0.0767084134337721,-0.15913396337655594,0.15295149415408738,0.08924395778931515,-0.08373347210788973
TRI,Individual equity,,2023-present,917,0.33329475730264524,0.04953661446126589,-0.36999093727034194,-0.16415751712663806,-0.03213994913229368,-0.21600038458988513,0.5281937869722994,0.07572537436483118,-0.2645865843320061,0.4974522744292833,0.08167656359355957,-0.1539905526804568
TRMB,Individual equity,,2016-2019,1006,0.27418102836178226,0.032889550315598814,-0.1358928388949825,0.8025566600362166,0.09835589869177208,-0.08176852388388867,-0.23603435109314827,-0.035215205432741814,-0.1762948450663806,-0.5283756316744344,-0.06546634837617327,-0.054124315011093826
TRMB,Individual equity,,2020-2022,756,0.7284122581218195,0.1910493489122378,-0.3476567168922704,0.9736359493946789,0.20056436357169116,-0.1411751651684341,0.15201993292186947,0.008332068362844502,-0.3115104418508128,-0.24522369127285937,-0.009515014659453369,-0.2064815517238363
TRMB,Individual equity,,2023-present,917,1.1603209760430777,0.24284420918323435,-0.19897774790188172,0.7611579685536882,0.09657029994081578,-0.15469953964080718,0.7882105735978258,0.12037696936546927,-0.15377249071806554,0.3991630074893895,0.14627390924241856,-0.044278208261074536
TROW,Individual equity,,2016-2019,1006,0.6319534217923062,0.0875427104733042,-0.22483484233883655,1.3927863331527939,0.15830968658449507,-0.08344280143120875,-0.6221601281943361,-0.0666476395085488,-0.3038447863061111,-0.7608329113604877,-0.07076697611119087,-0.1413920409076278
TROW,Individual equity,,2020-2022,756,1.2256766766629603,0.34628710460112977,-0.23224928563952418,1.1321693195245226,0.1717831040415665,-0.10920940596140238,0.7209755085196928,0.14892175860676438,-0.2073708591700102,0.09350735713843772,0.17450400055956328,-0.1230398796781218
TROW,Individual equity,,2023-present,917,0.8206864312498353,0.14574350855152707,-0.21872994222595843,0.6508829623768093,0.07994543778487229,-0.12323709239858816,0.5795502892715809,0.0723724406321129,-0.14427598356999116,0.169803468873026,0.06579807076665478,-0.09549284982737027
TRV,Individual equity,,2016-2019,1006,0.9178788938084486,0.10650153776414184,-0.11356163822636733,1.0171781546133598,0.08591535177621612,-0.08006614771060006,0.09468556264631815,0.004498361714377674,-0.09061150926435502,-0.09929926080491125,0.02058618598792572,-0.03349549051576728
TRV,Individual equity,,2020-2022,756,0.482179153483419,0.08309816444353424,-0.3141297344034236,0.7736554616739737,0.09633523789538145,-0.13084621128478746,-0.08016342690299338,-0.02734607043935866,-0.3629869257397049,-0.2914763081905547,-0.013237073451847214,-0.18328352311863616
TRV,Individual equity,,2023-present,917,0.6936454004218808,0.08895205325305522,-0.1604100895857471,1.4491092295929038,0.15680850884333486,-0.08184141673817658,-0.5275772652062584,-0.05215946903015267,-0.24514540009780628,-0.755463829171023,-0.06785645559027964,-0.07856867284757052
TSCO,Individual equity,,2016-2019,1006,1.2533207730852034,0.2573210757426725,-0.14224029141886252,1.2523299688619496,0.15764856632970248,-0.09721117633571308,0.7140466361135324,0.10514604844401232,-0.18589324897294102,0.0009908042232538161,0.09967250941297001,-0.04502911508314944
TSCO,Individual equity,,2020-2022,756,0.9863427069177182,0.22812699774912093,-0.20340733109225817,1.2442545239492429,0.20298310847159007,-0.17851810145122537,0.10707432719272443,0.003586718723254778,-0.18769715116134256,-0.25791181703152466,0.025143889277530862,-0.024889229641032795
TSCO,Individual equity,,2023-present,917,0.7411304911062259,0.12781114959153905,-0.1884713965294993,0.9125392228938608,0.09765599966006588,-0.14157748141681126,0.2686425002528621,0.029764683046452856,-0.30142611388565843,-0.17140873178763494,0.03015514993147317,-0.046893915112688034
TSLA,Individual equity,Mega-cap 7,2016-2019,1006,0.8841530282557742,0.24291818846673774,-0.36814438355024615,1.497992737211721,0.3392644730554535,-0.14969393903634853,-0.12403536890822595,-0.0484161069708563,-0.3872512333148417,-0.6138397089559468,-0.09634628458871575,-0.2184504445138976
TSLA,Individual equity,Mega-cap 7,2020-2022,756,1.6852918926926725,1.0594952290593258,-0.3282360159321551,1.9786506462798088,0.7895303238219662,-0.1893030781017322,0.5014905441234813,0.12681165984960363,-0.5170940149271609,-0.29335875358713626,0.2699649052373596,-0.13893293783042293
TSLA,Individual equity,Mega-cap 7,2023-present,917,1.1190238166845805,0.4094944001413343,-0.3136144852877363,0.9697527214432055,0.24975554548178036,-0.27216509359778884,0.6440328272568981,0.14065966697635068,-0.21071805997561788,0.14927109524137505,0.15973885465955395,-0.041449391689947435
TSM,Individual equity,,2016-2019,1006,1.267608259154929,0.21144868249936222,-0.2509640183475429,1.8401722029867134,0.2586679979084121,-0.06895570361260916,-0.3363562489699529,-0.03705181831190685,-0.24306142955746945,-0.5725639438317844,-0.04721931540904989,-0.18200831473493373
TSM,Individual equity,,2020-2022,756,0.6937073340843779,0.17837179373212608,-0.27493390602725865,0.8432687307947587,0.16893435758873077,-0.18640937534739255,0.11754584879380711,0.0021913113670020135,-0.2647150754116542,-0.14956139671038082,0.009437436143395317,-0.0885245306798661
TSM,Individual equity,,2023-present,917,1.186364735886428,0.3237080735213491,-0.1742303761769216,1.3902241416068755,0.3262313698670578,-0.14562913734791838,-0.13301882970144452,-0.032042032037453816,-0.18817342726283326,-0.20385940572044747,-0.002523296345708692,-0.028601238829003228
TSN,Individual equity,,2016-2019,1006,1.18187574138005,0.18437018570180008,-0.2570504360214473,1.9123418490415978,0.2083772472333001,-0.06483013931288562,-0.06349972133778968,-0.014120116558857254,-0.3053737799048045,-0.7304661076615477,-0.024007061531500007,-0.19222029670856167
TSN,Individual equity,,2020-2022,756,1.0090417511693697,0.21794304323141644,-0.22739602354250787,0.37683298870465737,0.03538671773391777,-0.09889237194281753,0.9613383103042378,0.18222026958475213,-0.2549741564489405,0.6322087624647124,0.18255632549749867,-0.12850365159969035
TSN,Individual equity,,2023-present,917,0.9641143612190558,0.1481133000637056,-0.09471609323570884,1.0667551490503215,0.119329184400498,-0.0759584193920062,0.17846168591846634,0.013880421556889289,-0.11423282297256432,-0.10264078783126573,0.0287841156632076,-0.018757673843702638
TT,Individual equity,,2016-2019,1006,1.1231337987111618,0.17359685688598692,-0.11248069857733001,1.6921100920747676,0.2129063449394064,-0.0669419204383972,-0.08707417169991205,-0.013483098944092942,-0.13549387814105207,-0.5689762933636058,-0.039309488053419495,-0.04553877813893281
TT,Individual equity,,2020-2022,756,1.1390669191266483,0.27044022845702953,-0.1803386010412802,1.446862437003092,0.241045402901074,-0.09774287209688615,0.12516743440639574,0.00685025597341693,-0.23494080731401445,-0.30779551787644377,0.029394825555955517,-0.08259572894439404
TT,Individual equity,,2023-present,917,0.9157679543559462,0.15227123354492367,-0.11923263439376397,1.6013439988085272,0.2235937377640711,-0.10426885796477059,-0.49974234378095067,-0.060051378601749916,-0.22499262008523913,-0.685576044452581,-0.07132250421914743,-0.01496377642899338
TTD,Individual equity,,2016-2019,825,0.6888259877980047,0.20817096263601464,-0.25664267244646677,0.986026053962,0.29233227923610206,-0.15085025233316596,-0.14600989921407304,-0.05351313407454139,-0.3237304037603391,-0.2972000661639953,-0.08416131660008741,-0.10579242011330081
TTD,Individual equity,,2020-2022,756,0.1463617870355691,-0.0851626069442818,-0.6525687554852422,0.8199893702206335,0.2695118542528947,-0.3144191854589573,-0.37191363915487086,-0.2543319852474827,-0.6536073737609461,-0.6736275831850643,-0.3546744611971765,-0.3381495700262849
TTD,Individual equity,,2023-present,917,1.2371103733943676,0.49300262612942847,-0.4012437056891862,1.1743237448826942,0.29331561374667636,-0.21334464743946424,0.6844848063179215,0.17237737456806013,-0.31387310812818237,0.06278662851167338,0.1996870123827521,-0.18789905824972197
TTWO,Individual equity,,2016-2019,1006,0.5830287028354058,0.11171789393197051,-0.20367085978571353,1.0460781766169647,0.1792136732202969,-0.17758462043394463,-0.4843795560404434,-0.08487903095796456,-0.32340179232164357,-0.4630494737815589,-0.0674957792883264,-0.026086239351768903
TTWO,Individual equity,,2020-2022,756,0.2212928787462627,0.02463318366521805,-0.28483195415896345,0.2605400226602457,0.028895718500545176,-0.31911652290262005,0.10816330683523157,0.002638765401628662,-0.23670196639878338,-0.039247143913982985,-0.004262534835327125,0.034284568743656596
TTWO,Individual equity,,2023-present,917,-0.00277036949000617,-0.014194832021188541,-0.2468331020255884,0.6060176643241781,0.076685707620187,-0.1087940787676841,-0.7751047935637002,-0.07610707184696641,-0.2822270537611111,-0.6087880338141843,-0.09088053964137555,-0.1380390232579043
TXN,Individual equity,,2016-2019,1006,0.7092975010513094,0.11579553082777672,-0.18680840288598477,1.4807759844411321,0.20454213602533788,-0.11603807586028769,-0.4174877351201454,-0.056355230751663044,-0.22603771066886202,-0.7714784833898227,-0.08874660519756117,-0.07077032702569708
TXN,Individual equity,,2020-2022,756,-0.07918712136941619,-0.05537971069074521,-0.354408911889851,0.30492029742096133,0.038052198743152355,-0.16701330814177584,-0.3010337628820519,-0.08066634873001377,-0.31501483708062605,-0.3841074187903775,-0.09343190943389756,-0.18739560374807518
TXN,Individual equity,,2023-present,917,0.8083887963674773,0.16886569770088733,-0.3166163673952378,1.1019642785715733,0.1875585728818674,-0.1497613874863265,0.2120206490800683,0.020704743238694423,-0.20311215748210698,-0.293575482204096,-0.018692875180980062,-0.1668549799089113
TXT,Individual equity,,2016-2019,1006,0.7490088775805824,0.11009783108161564,-0.15837030171704458,0.8733117104090303,0.08466921001499328,-0.10189876689480326,0.48099150255132084,0.05303027783980019,-0.1339739155322036,-0.1243028328284479,0.02542862106662236,-0.05647153482224132
TXT,Individual equity,,2020-2022,756,0.3730712347542928,0.07155911883425148,-0.38346533774397995,0.9718183785467237,0.19443717097604618,-0.18011729202867532,-0.2481835424695626,-0.09535631859775417,-0.5152926358112055,-0.5987471437924309,-0.1228780521417947,-0.20334804571530463
TXT,Individual equity,,2023-present,917,-0.18650881216140358,-0.03915041641907757,-0.317497580640997,0.39213789353842254,0.037376190961497135,-0.13605801334801526,-0.5975785651546139,-0.06756854721956762,-0.3165115826725461,-0.5786467056998261,-0.07652660738057471,-0.18143956729298172
TYL,Individual equity,,2016-2019,1006,0.9608283015957209,0.14633401179431482,-0.12376138665702596,1.0964682127906058,0.13347720701856747,-0.11318109926601394,0.20780429774341888,0.01628398675833198,-0.16252880247171209,-0.13563991119488494,0.012856804775747355,-0.010580287391012022
TYL,Individual equity,,2020-2022,756,0.5998551055145519,0.1332986634871567,-0.21791242479989015,1.3350782265084746,0.22374803190982728,-0.12830035701461961,-0.16693518601683596,-0.06100811148230556,-0.3211916039403223,-0.7352231209939227,-0.0904493684226706,-0.08961206778527053
TYL,Individual equity,,2023-present,917,0.12470986166868872,0.004991605097339091,-0.268212093328545,0.017358570235579903,-0.005220784800913925,-0.20331531554595494,0.2343538880209131,0.024793385935396595,-0.2674795729014463,0.10735129143310881,0.010212389898253016,-0.06489677778259006
UAL,Individual equity,,2016-2019,1006,1.6027086883879178,0.3732105798018013,-0.12655455237029656,1.6330502998141088,0.2540437568334759,-0.09097446704820311,0.6684458020612178,0.09645049161582309,-0.12982020454389742,-0.030341611426190962,0.11916682296832537,-0.03558008532209345
UAL,Individual equity,,2020-2022,756,0.2983820703261752,0.02394353538732963,-0.6688717172450994,0.5599544725913029,0.11803276720680866,-0.3105858895618373,-0.01046670775970566,-0.09738608663274428,-0.7497949827005823,-0.26157240226512773,-0.09408923181947904,-0.3582858276832621
UAL,Individual equity,,2023-present,917,1.5886067122526135,0.532239660939164,-0.20923297886744818,1.3972769452296343,0.3197764217131105,-0.13639673065339175,0.8451105620028113,0.16695352587014756,-0.20435331516393596,0.1913297670229792,0.21246323922605348,-0.07283624821405643
UBER,Individual equity,,2016-2019,163,0.7124697756921688,0.1662819721367348,-0.13062172191131516,-1.7206386199185781,-0.10825666221116448,-0.07143162947543658,1.1747228488891874,0.3078673231567328,-0.11383303007773693,2.433108395610747,0.27453863434789927,-0.05919009243587858
UBER,Individual equity,,2020-2022,756,0.4628669862938996,0.11437744319782439,-0.5286668480577651,0.3508950725830063,0.05887236910314875,-0.3559728759984023,0.2859834284230679,0.04099763828099223,-0.4397669887216684,0.11197191371089332,0.055505074094675644,-0.17269397205936277
UBER,Individual equity,,2023-present,917,0.32622517546355034,0.05079415146547861,-0.3384489101738055,0.7508256593886382,0.13374257945264767,-0.23572201209456023,-0.317044998922428,-0.057504609171486254,-0.1950050140502957,-0.42460048392508787,-0.08294842798716906,-0.10272689807924529
UDR,Individual equity,,2016-2019,1006,-0.5240819029524882,-0.06345535295235005,-0.29775474371934496,0.11381094604452832,0.00598484343354766,-0.11740908154290264,-0.855462890649283,-0.06759497704385264,-0.26191932538444473,-0.6378928489970166,-0.06944019638589771,-0.18034566217644232
UDR,Individual equity,,2020-2022,756,0.24424794223234517,0.03062978446337361,-0.3812813028643741,0.40076798567300004,0.04549288356440728,-0.18295792255151844,0.2207038328657471,0.0250694610669977,-0.3267681338752858,-0.15652004344065487,-0.014863099101033672,-0.19832338031285568
UDR,Individual equity,,2023-present,917,0.8031736353663961,0.12068064613219076,-0.11913861994331576,0.6657037250452829,0.07219127557423821,-0.11842743831423108,0.37217876482264384,0.036060695639297036,-0.13266244767561908,0.13746991032111322,0.04848937055795255,-0.0007111816290846784
UHS,Individual equity,,2016-2019,1006,0.06801313337010201,0.0005536415487452651,-0.19083318768965285,0.8255034637954125,0.07138204353422273,-0.08680551514647528,-0.6125708547055636,-0.059541496832173246,-0.24686568218131155,-0.7574903304253104,-0.07082840198547746,-0.10402767254317757
UHS,Individual equity,,2020-2022,756,0.774001512191575,0.22120768433574334,-0.3893754664333259,1.2529691696918959,0.20621153995274977,-0.09915135914748296,0.36376668408680474,0.06535507797237039,-0.4184415071290296,-0.4789676575003209,0.01499614438299357,-0.2902241072858429
UHS,Individual equity,,2023-present,917,1.3353751768263296,0.2773203956214798,-0.19889284269908503,1.440341852874711,0.2129246456725995,-0.09760850691400447,0.40074196409685636,0.048071241955179866,-0.18809893275653067,-0.10496667604838139,0.06439574994888031,-0.10128433578508056
ULTA,Individual equity,,2016-2019,1006,0.6793505826227004,0.11755051786841264,-0.2942109117442926,0.5756490473424889,0.06708111970753183,-0.16863578371929788,0.21034099621382793,0.020417189006309178,-0.28210599239245226,0.10370153528021153,0.05046939816088081,-0.1255751280249947
ULTA,Individual equity,,2020-2022,756,0.1730924083037235,0.009681886229094827,-0.5061899079296608,0.3495465376796756,0.04963156727641804,-0.2271733212343644,0.05533595884741634,-0.011821810071355743,-0.4005683718079226,-0.1764541293759521,-0.039949681047323216,-0.2790165866952964
ULTA,Individual equity,,2023-present,917,1.532886756256903,0.4174251783960661,-0.1499745768184313,0.9877606078954777,0.17349683331058108,-0.13823082425202238,1.1206892992704391,0.1988076351187218,-0.12928481871401787,0.5451261483614254,0.243928345085485,-0.011743752566408916
UMC,Individual equity,,2016-2019,1006,0.7304763642979604,0.13129327064491236,-0.21333324551880561,1.1362491555250311,0.1697964112582262,-0.15772260158472873,0.0008701966746814409,-0.008326684131812145,-0.2622889860718237,-0.4057727912270708,-0.038503140613313835,-0.05561064393407689
UMC,Individual equity,,2020-2022,756,0.9330376412397183,0.30759590651776847,-0.18698182477676573,1.3111262623842919,0.40233577142939736,-0.17220623472476226,-0.10587244942483008,-0.04334897605217736,-0.27824358683613903,-0.37808862114457353,-0.09473986491162889,-0.014775590052003462
UMC,Individual equity,,2023-present,917,1.4447237361112526,0.4770811896922007,-0.21598386717550722,1.3976410131875932,0.3678113186245102,-0.19027205091737465,0.5264469136656507,0.07988665511086279,-0.18922365937519547,0.04708272292365945,0.10926987106769048,-0.02571181625813257
UNG,Commodity ETF,,2016-2019,1006,0.7406524922622999,0.16511292786243748,-0.28728504306262237,0.6354479286039287,0.09019017296414833,-0.18147479854325277,0.3832013043698883,0.05752985659411003,-0.22038885717293077,0.10520456365837116,0.07492275489828915,-0.1058102445193696
UNG,Commodity ETF,,2020-2022,756,0.8349085870898062,0.29764358590710316,-0.3742031382557909,0.694970551256079,0.15078836037841148,-0.20618986370968906,0.5696095046922818,0.14453845657157838,-0.2936042182917362,0.13993803583372721,0.14685522552869168,-0.16801327454610182
UNG,Commodity ETF,,2023-present,917,0.7382592997989075,0.24674200015815528,-0.5070482030932513,0.3219949184167041,0.05028017371219229,-0.33983798557517364,0.6380558274359673,0.17204356849748614,-0.34323203716617856,0.4162643813822034,0.196461826445963,-0.16721021751807763
UNH,Individual equity,,2016-2019,1006,1.1239270406380983,0.14972343252310116,-0.11921212525940517,1.3920882801400853,0.15792002227317448,-0.11656595016912141,0.010721687312923138,-0.0020593907190964433,-0.07600902850064772,-0.268161239501987,-0.008196589750073313,-0.0026461750902837533
UNH,Individual equity,,2020-2022,756,0.29972372102374767,0.04157647202094039,-0.14725666104135682,0.8611943324449927,0.11790751386029408,-0.09478451420731726,-0.35444486888274057,-0.06626715234385061,-0.30159410941656195,-0.561470611421245,-0.07633104183935369,-0.05247214683403956
UNH,Individual equity,,2023-present,917,1.0499471596662238,0.23936713751549688,-0.2118602714026414,0.7091859654381033,0.09495049297679992,-0.1406964406356601,0.9174635397687877,0.16716899826122877,-0.1193565135693827,0.34076119422812046,0.14441664453869696,-0.0711638307669813
UNP,Individual equity,,2016-2019,1006,0.6064798558013724,0.08055273781068961,-0.21381617321066204,0.9068579638595143,0.10705299261108103,-0.13179497464443468,-0.24676228298715025,-0.024725658756887925,-0.19205322576567563,-0.3003781080581419,-0.02650025480039142,-0.08202119856622736
UNP,Individual equity,,2020-2022,756,0.5700313352073832,0.11012799628049397,-0.2105201388138197,0.6448075396944664,0.08132254909505487,-0.11654443038280438,0.19533581708693015,0.01923998855698672,-0.24754827589941186,-0.07477620448708311,0.028805447185439093,-0.09397570843101533
UNP,Individual equity,,2023-present,917,0.23164230094318608,0.022994903439587766,-0.16874284882822788,0.8162330116012767,0.08578520193064887,-0.09075709512713415,-0.5874457753351313,-0.0555150841429638,-0.20256568918362605,-0.5845907106580907,-0.0627902984910611,-0.07798575370109373
UPS,Individual equity,,2016-2019,1006,0.679197270310832,0.08750448741278816,-0.15374315832581642,0.9606515928605,0.08812523608485456,-0.095659267227725,0.17829263643202833,0.013364122525005406,-0.12635722612835854,-0.28145432254966796,-0.0006207486720664068,-0.05808389109809142
UPS,Individual equity,,2020-2022,756,1.1034702971681811,0.24800916644253546,-0.19269432932206132,0.8949760327027649,0.15095019278443855,-0.21203568656898142,0.4310970858942134,0.053405452073250315,-0.1827884550657034,0.2084942644654162,0.0970589736580969,0.0193413572469201
UPS,Individual equity,,2023-present,917,0.4357080770111639,0.06287990735777349,-0.26044453778148036,0.5809649024857486,0.06276626786861161,-0.12066867282363958,0.21132719372113046,0.02009018630531645,-0.1973920427107344,-0.14525682547458474,0.00011363948916187638,-0.13977586495784078
URA,Thematic/industry ETF,,2016-2019,1006,0.35355618767488184,0.04437891756263079,-0.18135850714759116,0.21176135626035272,0.01705999112318124,-0.17004994659449624,0.20748459927139318,0.01767829438043389,-0.1469190331106659,0.14179483141452912,0.027318926439449553,-0.011308560553094926
URA,Thematic/industry ETF,,2020-2022,756,0.7735736145078499,0.20843586404608305,-0.3388849943144885,0.7519129375416572,0.1343485369308446,-0.26168486282751047,0.43739442014249547,0.0795542361337136,-0.23015579365659966,0.02166067696619267,0.07408732711523847,-0.07720013148697802
URA,Thematic/industry ETF,,2023-present,917,1.2904759599383007,0.4040831450136304,-0.2117347174808184,1.6048752775111408,0.4046686428027082,-0.12467743655511188,0.14257987329960312,0.009009479040586132,-0.27581857709865987,-0.3143993175728401,-0.0005854977890777935,-0.08705728092570653
URI,Individual equity,,2016-2019,1006,0.9502624110713542,0.24805340045833524,-0.2350555154912789,1.6098818964077444,0.3377371798162543,-0.14151366488490147,-0.13403477826270555,-0.04345675101102475,-0.24267615394251296,-0.6596194853363901,-0.08968377935791905,-0.09354185060637743
URI,Individual equity,,2020-2022,756,0.8837813987480762,0.274442260840122,-0.2927160706161067,0.7977500621937867,0.1665230063333225,-0.14795785845781606,0.4726659774422591,0.09251361003673497,-0.258352671592453,0.0860313365542894,0.10791925450679951,-0.14475821215829066
URI,Individual equity,,2023-present,917,1.5577077592343003,0.49806406944472514,-0.18697506016846122,1.7285792954154215,0.46209857747503924,-0.12659297563777772,0.37131267691223013,0.04900153502878646,-0.24863281267837445,-0.17087153618112128,0.0359654919696859,-0.0603820845306835
USB,Individual equity,,2016-2019,1006,0.8823174557803667,0.09467162007401142,-0.12037322750349899,1.2652751391867978,0.10363738160467695,-0.07332030609568352,-0.023529485035396567,-0.004619510283540906,-0.10342340396636573,-0.3829576834064311,-0.008965761530665528,-0.04705292140781547
USB,Individual equity,,2020-2022,756,0.16487077582139906,0.010069469883856152,-0.4165478735590573,0.3821373392749823,0.04826278464623557,-0.1701999284176693,-0.040359413642070095,-0.027547510246965667,-0.3807480512822282,-0.21726656345358322,-0.038193314762379416,-0.24634794514138803
USB,Individual equity,,2023-present,917,1.4743569708283788,0.35509711008042144,-0.10813430862759343,1.1768006190149018,0.1830340179432166,-0.13463980482571392,0.6491106985208538,0.1006263616937495,-0.14177868863774568,0.29755635181347695,0.17206309213720483,0.026505496198120482
USMV,Factor/style ETF,,2016-2019,1006,0.947795436064504,0.061815825820151105,-0.089508916958418,1.5377934584971478,0.0797193309155586,-0.058252513433288744,-0.36159603938897816,-0.015952902790178247,-0.0921420556364495,-0.5899980224326438,-0.0179035050954075,-0.03125640352512926
USMV,Factor/style ETF,,2020-2022,756,0.9459388608428347,0.1402657652304713,-0.11699152515884825,1.5410346028332633,0.13780224200634628,-0.05905721052504276,0.005473849130639486,-0.00696592434350829,-0.19040339930824823,-0.5950957419904286,0.0024635232241250193,-0.057934314633805495
USMV,Factor/style ETF,,2023-present,917,0.2574588040371693,0.01542517455025072,-0.0825655989408346,0.8496198305164521,0.04753534580898,-0.040469510193069325,-0.7269211464483755,-0.028596029269465584,-0.1298860603448101,-0.5921610264792827,-0.03211017125872928,-0.04209608874776527
USO,Commodity ETF,Cross-asset,2016-2019,1006,0.831821260652606,0.16472486208509474,-0.2023141723228682,0.5754583677583781,0.0715101332704784,-0.12672589674799561,0.6289054194869045,0.0948655887140939,-0.12015978399869476,0.25636289289422787,0.09321472881461634,-0.07558827557487258
USO,Commodity ETF,Cross-asset,2020-2022,756,1.4753529528009302,0.6754230257004947,-0.3344078000441031,2.0772599304878394,0.40633113304610413,-0.17704969532211023,0.6522203681960292,0.19134319530531818,-0.43167808444379596,-0.6019069776869093,0.2690918926543906,-0.15735810472199285
USO,Commodity ETF,Cross-asset,2023-present,917,0.9382903735864014,0.1967688197152131,-0.24359035352700453,1.1798012551707275,0.2000488328366472,-0.12706988582400724,0.1729862589504055,0.014471386009579756,-0.2160013167527962,-0.2415108815843261,-0.003280013121434111,-0.11652046770299729
V,Individual equity,,2016-2019,1006,0.9320322156361108,0.11796623410635942,-0.14118225738209988,2.0616331196416318,0.19908544520285676,-0.05739733360789723,-0.6904313155362661,-0.06492426157972953,-0.26783647435069213,-1.129600904005521,-0.08111921109649733,-0.08378492377420266
V,Individual equity,,2020-2022,756,0.3086362284347478,0.0461326430900284,-0.2691659492577547,0.47651194019454884,0.05212752856817082,-0.13347437322921607,0.23219350017273976,0.02696487401514802,-0.20556217058508153,-0.16787571175980104,-0.00599488547814242,-0.13569157602853865
V,Individual equity,,2023-present,917,0.8215878718627376,0.10121884819557381,-0.10372509322898638,1.6504786005501617,0.17060395177503995,-0.04547939636152587,-0.7007189975718029,-0.05763398895125027,-0.19769966768518465,-0.8288907286874241,-0.06938510357946615,-0.058245696867460506
VEA,Broad index ETF,,2016-2019,1006,0.7250578763402441,0.056322990531950445,-0.11602333997045478,1.5085821777641393,0.08740133964309948,-0.04395909169357104,-0.37755867456515413,-0.022896381134696386,-0.1668595057742499,-0.7835243014238952,-0.03107834911114904,-0.07206424827688374
VEA,Broad index ETF,,2020-2022,756,0.789433666862575,0.1412958655710923,-0.11743563974786475,0.788548129708042,0.08086122275665031,-0.13396487662261758,0.41207704688301994,0.05447217971941143,-0.17322615061983637,0.0008855371545329893,0.060434642814442,0.01652923687475283
VEA,Broad index ETF,,2023-present,917,0.4498444846243728,0.04326872702188722,-0.1368899074394746,0.7745571072789009,0.061635707089286784,-0.07809115195568972,-0.12268445987124507,-0.010885965274439302,-0.10492423097804404,-0.3247126226545281,-0.018366980067399563,-0.05879875548378488
VEEV,Individual equity,,2016-2019,1006,0.8150301631062702,0.1678421257367717,-0.25646603860763995,1.5011134858058832,0.3014661315632783,-0.14369598281884266,-0.7670978972812529,-0.09293150294373254,-0.3430107532549662,-0.686083322699613,-0.13362400582650658,-0.11277005578879729
VEEV,Individual equity,,2020-2022,756,1.198991722436476,0.382372484942755,-0.21839751164905286,1.1057757001330566,0.23555990016176387,-0.16453436888238493,0.6583517669161045,0.1356656568711212,-0.16841340874670974,0.0932160223034193,0.14681258478099113,-0.053863142766667926
VEEV,Individual equity,,2023-present,917,0.8874211598930404,0.21987795408892663,-0.25416660733277985,0.5756295061413343,0.10513144338478808,-0.29818811303277604,0.6270480994328685,0.09560497433871284,-0.13898790147283324,0.31179165375170603,0.11474651070413855,0.04402150569999619
VICI,Individual equity,,2016-2019,482,1.502942834790971,0.1982119181018025,-0.10328456936427943,1.618100424075542,0.1643059289067199,-0.04905897811202198,0.3176668656106387,0.02280824723919328,-0.12003166251132158,-0.1151575892845711,0.033905989195082586,-0.054225591252257455
VICI,Individual equity,,2020-2022,756,0.5651396631280615,0.10984765563053922,-0.25492552029897264,1.2394624766827722,0.19916293875650282,-0.14572602942585822,-0.4557990077902927,-0.08853472328366663,-0.4065786962399136,-0.6743228135547107,-0.0893152831259636,-0.10919949087311442
VICI,Individual equity,,2023-present,917,-0.10902019076846409,-0.024837655627569455,-0.1891696252243521,0.518252873788599,0.041591476787084414,-0.07956452968768113,-0.5158236292577225,-0.061580380396880186,-0.2393089874292762,-0.627273064557063,-0.06642913241465387,-0.10960509553667097
VLO,Individual equity,,2016-2019,1006,1.3037052681243917,0.27018846450762335,-0.16253799132824942,1.5009718010655682,0.22453462277764702,-0.12490891491941325,0.4672132505479431,0.059076680598460385,-0.20189892541228893,-0.19726653294117646,0.04565384172997633,-0.03762907640883617
VLO,Individual equity,,2020-2022,756,1.4531068740045423,0.7112967701154851,-0.19779434441774302,1.6337880484811518,0.5320463220841498,-0.16758892586496366,0.5997498002519354,0.1571112276947324,-0.224059067902447,-0.18068117447660947,0.17925044803133527,-0.03020541855277936
VLO,Individual equity,,2023-present,917,1.4114102518848834,0.34598576655735425,-0.15204250067797753,1.7710737057174135,0.38371445721446285,-0.15948595330984516,-0.05565956661398867,-0.015586886597771077,-0.17148284562424876,-0.35966345383253007,-0.0377286906571086,0.007443452631867631
VLTO,Individual equity,,2023-present,730,0.1443699262610234,0.01044811638232579,-0.19935903401018906,0.3952938929504939,0.03702393796113457,-0.15432658141713196,-0.2356943011932252,-0.023597755436718937,-0.0989892926308652,-0.2509239666894705,-0.026575821578808778,-0.045032452593057104
VLUE,Factor/style ETF,,2016-2019,1006,1.0491608313421992,0.1001736258574244,-0.13664121750398572,1.715452308851805,0.114348425552389,-0.03911970661972519,-0.1852358805679537,-0.015484511885741625,-0.1522947807564221,-0.6662914775096058,-0.014174799694964602,-0.09752151088426053
VLUE,Factor/style ETF,,2020-2022,756,0.19948457985839288,0.02022205308156888,-0.25242088486737535,0.5232805372660996,0.056901216172683844,-0.09302108891633554,-0.025203620714547993,-0.017613093750120767,-0.2951459318830689,-0.3237959574077067,-0.036679163091114964,-0.1593997959510398
VLUE,Factor/style ETF,,2023-present,917,1.0344033192477198,0.12785690907048552,-0.11025086799414652,1.457675523385354,0.15459853547460245,-0.07115415136167902,-0.27438183601528365,-0.021403159437540897,-0.12181635772086008,-0.4232722041376342,-0.026741626404116925,-0.0390967166324675
VMC,Individual equity,,2016-2019,1006,1.0689751258566416,0.1829722545501944,-0.18263241290775045,0.9250079134977919,0.12345173789362218,-0.14269907329801923,0.38464020342186045,0.03558642813121904,-0.20040548217659648,0.14396721235884968,0.05952051665657221,-0.03993333960973122
VMC,Individual equity,,2020-2022,756,0.5092393528908792,0.09277549843619126,-0.26107822005713943,0.06307862078106068,-0.0017558577451639579,-0.196323021411146,0.48308309216265327,0.06963018340231297,-0.21104299759290757,0.4461607321098185,0.09453135618135522,-0.06475519864599344
VMC,Individual equity,,2023-present,917,0.966040227784229,0.16772094729864806,-0.13102869243659843,1.3396433175816005,0.18635887899227965,-0.08738474951826591,-0.06540269776480774,-0.01395585271125932,-0.148601697815396,-0.37360308979737145,-0.018637931693631593,-0.04364394291833251
VMRK,Individual equity,,2016-2019,1006,0.1699127934282956,0.013043522560789444,-0.17229936285556513,0.5003771578236461,0.041285052582396675,-0.0925798151998618,0.056837882776988397,0.001343791464367916,-0.13931368637597474,-0.33046436439535054,-0.02824153002160723,-0.07971954765570333
VMRK,Individual equity,,2020-2022,756,0.05035575391221001,-0.01658874092420115,-0.3345906186333416,0.051344342953600006,-0.001238968218191805,-0.1540582350641394,0.2689051364761582,0.03541832034072745,-0.26835417500373804,-0.0009885890413899937,-0.015349772706009346,-0.1805323835692022
VMRK,Individual equity,,2023-present,917,0.012572721645926897,-0.011067944223107862,-0.1743696384130442,0.39459682934534535,0.0394650910159311,-0.14991600690279738,-0.35880080780905743,-0.0471394133177131,-0.24032911421684533,-0.38202410769941847,-0.05053303523903896,-0.02445363151024682
VNQ,Thematic/industry ETF,,2016-2019,1006,0.3442615283767739,0.030573770912978082,-0.18043518737498043,0.6770277002950637,0.04726063722187979,-0.12416921232686373,-0.14213901630433828,-0.013584120375795594,-0.14976614717435122,-0.3327661719182898,-0.016686866308901704,-0.0562659750481167
VNQ,Thematic/industry ETF,,2020-2022,756,1.1073274319937514,0.21727486141894436,-0.16327311962487856,1.1237663280661785,0.11528307316069752,-0.07879168498254219,0.6068747439963266,0.0918068825861591,-0.2404401542540977,-0.0164388960724271,0.10199178825824684,-0.08448143464233637
VNQ,Thematic/industry ETF,,2023-present,917,0.11532697555392225,0.006682649727226098,-0.16424830834071036,0.1928963733356899,0.013644092951909714,-0.12206910659319026,-0.05207082803340926,-0.007984784827362645,-0.17489818219480457,-0.07756939778176765,-0.006961443224683617,-0.0421792017475201
VRSK,Individual equity,,2016-2019,1006,1.0519417139947829,0.11515191179365347,-0.10099915879504584,1.2536876915839061,0.10850492512077459,-0.06648831734729155,0.06702315261615871,0.002211209193096364,-0.08757529515898888,-0.20174597758912327,0.006646986672878885,-0.03451084144775429
VRSK,Individual equity,,2020-2022,756,1.388251807806995,0.3477583875969332,-0.1652312111465316,1.6339170592448313,0.2339448382794478,-0.10823626678261866,0.5041803575807794,0.08232881183179575,-0.1607242551441289,-0.24566525143783635,0.11381354931748544,-0.05699494436391295
VRSK,Individual equity,,2023-present,917,1.2461473320759668,0.21356038176958347,-0.14967963268818674,1.229090574922287,0.117133813886791,-0.09682994144176282,0.6838833213598937,0.09063884570952174,-0.17829748539545387,0.017056757153679936,0.09642656788279247,-0.05284969124642391
VRSN,Individual equity,,2016-2019,1006,0.7237972797206293,0.09110697772368637,-0.15977337158571725,1.3700292109713972,0.13720176102035242,-0.10701379134688827,-0.1416940434443711,-0.017869982921595584,-0.2010124751949286,-0.6462319312507678,-0.04609478329666605,-0.052759580238828985
VRSN,Individual equity,,2020-2022,756,0.49132551221581516,0.0880927524225592,-0.20069169871851944,0.9991077752926268,0.13536752717621958,-0.09869045624084238,-0.06574060522003543,-0.02723569269419135,-0.23971993237349642,-0.5077822630768116,-0.047274774753660376,-0.10200124247767706
VRSN,Individual equity,,2023-present,917,0.9250556392843069,0.13762744270656802,-0.11422384543910247,1.0974519716671873,0.1293590549266712,-0.09880821761367742,0.09483504516772627,0.004524114360840548,-0.12143586770946624,-0.17239633238288044,0.008268387779896802,-0.015415627825425049
VRT,Individual equity,,2016-2019,359,0.2523608398055209,0.011114813588064765,-0.03334645237153966,0.5689404558529276,0.02519698839839335,-0.01411053768438053,-0.8391665050442907,-0.01373606728237542,-0.019511228613783294,-0.31657961604740675,-0.014082174810328585,-0.019235914687159128
VRT,Individual equity,,2020-2022,756,0.8382147543073919,0.29929382082233147,-0.3426396808768559,1.3311396935878732,0.30167294454753324,-0.15908922599047737,0.2255037840010273,0.016180783695858958,-0.3932353706338153,-0.4929249392804813,-0.0023791237252017705,-0.18355045488637856
VRT,Individual equity,,2023-present,917,1.5474855789646458,0.801070413865439,-0.28289839448376175,1.7644145244477276,0.7222641607432632,-0.16543743314244785,0.014804034935980308,-0.036629001212374446,-0.3678830137520154,-0.21692894548308184,0.07880625312217582,-0.1174609613413139
VRTX,Individual equity,,2016-2019,1006,-0.23005797184891083,-0.0631542303789383,-0.4624488900986865,0.42514071799763664,0.05314061866548636,-0.17197953253200315,-0.8508965042546024,-0.12276027930789835,-0.4170019501317238,-0.6551986898465475,-0.11629484904442466,-0.29046935756668335
VRTX,Individual equity,,2020-2022,756,-0.12048330100331928,-0.05167835185482905,-0.3208812135718012,0.5619917052641217,0.07840398935353843,-0.184320238508894,-0.5694999087177426,-0.106805727100031,-0.30309707464511126,-0.682475006267441,-0.13008234120836748,-0.1365609750629072
VRTX,Individual equity,,2023-present,917,0.20920846248254124,0.02146373697028059,-0.26246533605719025,0.9103887545697686,0.1319700636646357,-0.13599382220590006,-1.043158945193206,-0.09625460535659813,-0.3454077786876014,-0.7011802920872274,-0.11050632669435512,-0.12647151385129018
VST,Individual equity,,2016-2019,666,0.7776489088567416,0.10666741701487936,-0.13440097041225219,1.745171843860307,0.20849859463731346,-0.06166679038583922,-0.5946306007589491,-0.062004920317413226,-0.2726001658436127,-0.9675229350035653,-0.1018311776224341,-0.07273418002641296
VST,Individual equity,,2020-2022,756,0.15371045255444507,0.0011025189426487891,-0.31986638624870234,0.1939394566220484,0.01907041525308295,-0.2504651650037387,-0.006367784980800448,-0.02765153963478162,-0.3472002888774611,-0.040229004067603324,-0.01796789631043416,-0.06940122124496362
VST,Individual equity,,2023-present,917,1.5517325561354314,0.5929659822695779,-0.34145099459175976,2.005323557292501,0.6577270659176344,-0.2837449612753835,-0.1562683702771898,-0.05037108719826944,-0.3187710564152644,-0.4535910011570694,-0.06476108364805655,-0.05770603331637625
VTI,Broad index ETF,,2016-2019,1006,1.2537039059060875,0.10179125334597172,-0.08403250243397009,2.06052597197957,0.12532183882302905,-0.03939187728783733,-0.48795787129812185,-0.028327061919512286,-0.12490273712214861,-0.8068220660734824,-0.02353058547705733,-0.04464062514613276
VTI,Broad index ETF,,2020-2022,756,1.0596717504653195,0.2096095986375377,-0.11550704809039258,1.5843140674710465,0.17806817319346768,-0.055005912880267904,0.26384193236568676,0.03066252194330632,-0.17887024755276582,-0.524642317005727,0.031541425444070015,-0.06050113521012468
VTI,Broad index ETF,,2023-present,917,1.365078928432459,0.1400743946188332,-0.07826980063240574,1.7551781936009005,0.14340152162456077,-0.06646626833223579,-0.24772581626555604,-0.017660420069826932,-0.08377844534055767,-0.3900992651684416,-0.0033271270057275704,-0.01180353230016995
VTR,Individual equity,,2016-2019,1006,1.2662824856786208,0.1909847082735634,-0.10090831514912657,1.3521850264136737,0.14637640321734136,-0.07430465626323979,0.4564132025728881,0.0430553652624861,-0.1062715237002495,-0.08590254073505288,0.04460830505622204,-0.026603658885886783
VTR,Individual equity,,2020-2022,756,0.9301573167549152,0.3459995114206873,-0.3051308823473652,0.5937828454927497,0.10375196577418166,-0.1805120905126848,0.7358766162354204,0.2213180172215412,-0.3762391983948983,0.33637447126216546,0.24224754564650564,-0.12461879183468039
VTR,Individual equity,,2023-present,917,1.3029362309939378,0.22619644462353827,-0.12974565569576613,1.5492499305687613,0.20661579251829254,-0.0882557412302688,0.20933116046353875,0.01738828243000734,-0.12033860461261936,-0.2463136995748234,0.019580652105245733,-0.041489914465497324
VTRS,Individual equity,,2020-2022,537,-0.03990367543937352,-0.027129658072174045,-0.22936226026146989,-0.13548570254771075,-0.022327484982821,-0.16856209417361312,-0.04154667303083841,-0.019570908104233897,-0.23161757595774368,0.09558202710833723,-0.004802173089353046,-0.060800166087856766
VTRS,Individual equity,,2023-present,917,1.2393584243469675,0.2664928351361979,-0.1525477689404573,1.1637637221677808,0.1833670408745922,-0.16561448184809469,0.7108669655556301,0.09663779501868563,-0.1932704842097287,0.07559470217918673,0.08312579426160571,0.01306671290763739
VTV,Factor/style ETF,,2016-2019,1006,1.1135754152497055,0.0842957421070143,-0.08259646391954412,1.8836419138305711,0.10900342589187906,-0.06496570644412059,-0.40086391038696884,-0.021852383708734546,-0.10038819105917718,-0.7700664985808656,-0.024707683784864765,-0.01763075747542353
VTV,Factor/style ETF,,2020-2022,756,0.66240064192359,0.10773577147690228,-0.15863225486647892,1.3584257611077422,0.13575816907325877,-0.06383842099396253,-0.00018919578325663148,-0.011546617847576157,-0.24640036250212305,-0.6960251191841521,-0.028022397596356496,-0.09479383387251639
VTV,Factor/style ETF,,2023-present,917,1.2545175515957563,0.11641672152362892,-0.07448013354251537,1.5468224472279577,0.11267593475830706,-0.05024271518056045,0.1241569191738704,0.005714846289501585,-0.07469365159876795,-0.2923048956322014,0.0037407867653218574,-0.02423741836195492
VUG,Factor/style ETF,,2016-2019,1006,1.027912790936909,0.08961629823215156,-0.07778035266249705,1.9932964013041827,0.12345559766962677,-0.032859971171548374,-0.47470142690499467,-0.03182464903457494,-0.13591181394220297,-0.9653836103672737,-0.03383929943747521,-0.04492038149094868
VUG,Factor/style ETF,,2020-2022,756,1.255741443298279,0.27380800199280886,-0.13111685651757554,1.7028954296148944,0.20623878739651058,-0.08594855853779415,0.4210030788499904,0.06077620174638887,-0.14232127285106577,-0.4471539863166154,0.06756921459629828,-0.04516829797978139
VUG,Factor/style ETF,,2023-present,917,1.8662651938503012,0.28979260260319895,-0.10564653580174566,2.3925091463907338,0.2717977417019668,-0.05259469085077384,0.2171393693679138,0.016659355498254147,-0.10733376386028759,-0.5262439525404325,0.017994860901232146,-0.053051844950971816
VWO,Broad index ETF,,2016-2019,1006,0.5430582307648095,0.05878684965780723,-0.18467828894762994,1.2936891105213015,0.11878607891580772,-0.08929079879999735,-0.4751178885055355,-0.03922821961898715,-0.22820440537313758,-0.750630879756492,-0.0599992292580005,-0.09538749014763259
VWO,Broad index ETF,,2020-2022,756,0.9678982051332983,0.16689341628078314,-0.12934646661994575,1.1063648131095947,0.12770421182469938,-0.0751149144300447,0.3230095891336949,0.03475131514554941,-0.16850821203760225,-0.1384666079762964,0.03918920445608376,-0.054231552189901056
VWO,Broad index ETF,,2023-present,917,0.6802110187064102,0.06617331031163531,-0.10201960192104531,1.1331201792985515,0.09174939377261215,-0.057328870528693066,-0.4044192966998997,-0.028140785459042195,-0.14607742236365429,-0.45290916059214126,-0.02557608346097684,-0.044690731392352245
VXX,Thematic/industry ETF,,2016-2019,492,0.6065882207790934,0.15723791578952495,-0.25619634117871015,-0.5382854380136658,-0.11416300157451853,-0.27369896066951604,1.1253723714377852,0.3063779429471125,-0.15968365699292297,1.144873658792759,0.2714009173640435,0.017502619490805893
VXX,Thematic/industry ETF,,2020-2022,756,0.822850469905731,0.3202197419582642,-0.29723160780552804,0.11750346907070489,-0.012208249489494727,-0.4251064293629352,0.977175269699458,0.3422368733686707,-0.2696489644111023,0.7053470008350261,0.3324279914477589,0.12787482155740715
VXX,Thematic/industry ETF,,2023-present,917,1.002454198360181,0.3499937272221283,-0.30887581266037734,-0.7032163992824032,-0.1750926008919398,-0.5075689422651912,1.8455249901552835,0.6369628747779981,-0.17839371675283877,1.705670597642584,0.5250863281140681,0.1986931296048139
VZ,Individual equity,,2016-2019,1006,0.9670959249710921,0.10661700790880113,-0.11446145425710796,1.108688347820365,0.08912894658643622,-0.06537094413468825,0.2356826411385579,0.015373282647764608,-0.13420077370460615,-0.14159242284927298,0.01748806132236491,-0.04909051012241972
VZ,Individual equity,,2020-2022,756,0.3969530948470068,0.046767456547503805,-0.1471487432127928,-0.19065667348951032,-0.01620909623246425,-0.12222054774293167,0.529548781681996,0.05867006372263317,-0.0947567928063846,0.5876097683365171,0.06297655277996805,-0.024928195469861136
VZ,Individual equity,,2023-present,917,0.8386138484676388,0.0978432620654055,-0.10156937041357328,1.0812992723198704,0.10196606200644509,-0.09569149637796881,0.04304076609982178,0.00021565475864226968,-0.10656640751837143,-0.24268542385223169,-0.00412279994103959,-0.005877874035604469
WAB,Individual equity,,2016-2019,1006,0.526438415436529,0.08165683045609673,-0.21154670591722857,0.625397319366699,0.07066206101189376,-0.1999914225573598,0.12770721991962805,0.008137135821092656,-0.16973459194339569,-0.09895890393016993,0.010994769444202968,-0.011555283359868773
WAB,Individual equity,,2020-2022,756,0.039469827351257425,-0.020153648695548476,-0.4452282791866172,0.24979153583478794,0.027458354080551084,-0.18693627920091083,-0.10673740460333853,-0.037366409490940944,-0.39954905372891025,-0.21032170848353052,-0.04761200277609956,-0.2582919999857064
WAB,Individual equity,,2023-present,917,1.3669568074005558,0.20783212050593147,-0.08461859593905507,1.5450807546831324,0.20323675520684104,-0.06625223277572989,0.26516279594846154,0.02024747576528818,-0.10324621198580075,-0.17812394728257663,0.004595365299090437,-0.018366363163325183
WAT,Individual equity,,2016-2019,1006,0.4827074614215923,0.06445487280987039,-0.15620644360296398,1.231290189666763,0.14214485150238554,-0.06374915283303728,-0.5901620740555702,-0.06387753856448775,-0.23611021952507305,-0.7485827282451707,-0.07768997869251515,-0.0924572907699267
WAT,Individual equity,,2020-2022,756,0.948027982141339,0.1977461962841942,-0.24058935606754417,1.0601997999622284,0.17062585372562755,-0.1711004914931129,0.27036251122913696,0.028796339760427392,-0.11992120753998459,-0.11217181782088936,0.027120342558566657,-0.06948886457443126
WAT,Individual equity,,2023-present,917,0.7701065938546544,0.15431646900037976,-0.1699554185771912,0.563982437701058,0.0789164670179805,-0.21407881980511667,0.3475353112289645,0.04329628965183896,-0.1438816795101222,0.20612415615359636,0.07540000198239927,0.04412340122792546
WBD,Individual equity,,2020-2022,188,0.38427004388440794,0.07612437130672367,-0.22683710722899553,0.7455070268954664,0.10893064303744882,-0.07958732498157706,0.20839464748310813,0.008471447583719982,-0.17578038240363347,-0.3612369830110585,-0.032806271730725145,-0.14724978224741847
WBD,Individual equity,,2023-present,917,0.6596863224191112,0.15789214806664398,-0.30588676885165544,1.2502173665477827,0.28127227238366825,-0.20002616718591082,-0.09295799667754784,-0.036840224366277874,-0.27587485721581606,-0.5905310441286715,-0.12338012431702428,-0.10586060166574462
WDAY,Individual equity,,2016-2019,1006,-0.011402927681920715,-0.024511758818823837,-0.35420851206137993,0.7747978328063064,0.12171931919406798,-0.21959150902275903,-0.9277025432688197,-0.127683129119883,-0.46569860724396006,-0.7862007604882272,-0.1462310780128918,-0.1346170030386209
WDAY,Individual equity,,2020-2022,756,1.1655740528330507,0.3963920174712161,-0.1895738578205003,1.2905089050904577,0.2798364486719185,-0.12294345758307057,0.5061670158957854,0.10439535605312478,-0.30768282489372145,-0.12493485225740697,0.11655556879929763,-0.06663040023742972
WDAY,Individual equity,,2023-present,917,1.1016961518263642,0.27169981464025694,-0.1978014692058413,0.9925875968246457,0.1662267351501756,-0.12183479842009404,0.6973670915770104,0.11509808139271582,-0.16477019617663768,0.10910855500171845,0.10547307949008133,-0.07596667078574726
WDC,Individual equity,,2016-2019,1006,0.9481174996094897,0.25504729448990293,-0.2441414680310502,1.0676999736507202,0.19731483591986687,-0.15206292405207422,0.24826951045794857,0.031333255001685156,-0.375634446906278,-0.11958247404123057,0.05773245857003606,-0.09207854397897597
WDC,Individual equity,,2020-2022,756,0.917415561600102,0.2864364231012593,-0.26383272246868206,0.23514055489479946,0.02731350681042688,-0.18649082988766896,0.955394895248042,0.2522335339436448,-0.17259200097818772,0.6822750067053025,0.2591229162908324,-0.0773418925810131
WDC,Individual equity,,2023-present,917,1.5024841735107435,0.5595925952865417,-0.25515758422107737,1.6477854712349203,0.5682332509041323,-0.2120027061775609,0.1335037199169922,0.009015407233369244,-0.21574118690966626,-0.14530129772417677,-0.008640655617590642,-0.043154878043516476
WEC,Individual equity,,2016-2019,1006,0.47558961330610655,0.04776263521190072,-0.1288049502953862,1.0586475019138346,0.09162448493601816,-0.08680954159634813,-0.5541114585679685,-0.0410713261354857,-0.18514084856603796,-0.583057888607728,-0.04386184972411744,-0.04199540869903806
WEC,Individual equity,,2020-2022,756,0.5449619122640235,0.08451270263210975,-0.2942243841361938,0.6412101339701618,0.06900242784711241,-0.11265789480256538,0.23462915468281784,0.022986874891564257,-0.22675246365693646,-0.09624822170613834,0.015510274784997335,-0.1815664893336284
WEC,Individual equity,,2023-present,917,-0.4900862872882753,-0.06765435232218897,-0.2517161541717359,0.22255795179800597,0.016074263389526555,-0.13108524345079597,-0.8740660443982424,-0.08129808085219536,-0.3000904623171248,-0.7126442390862813,-0.08372861571171553,-0.1206309107209399
WELL,Individual equity,,2016-2019,1006,0.9206823761218631,0.13370247227668952,-0.11140730837896284,1.0100053231491646,0.10796753849566554,-0.06053311672495876,0.20513736275002073,0.015981783143353967,-0.19008876682513964,-0.08932294702730148,0.025734933781023983,-0.050874191654004086
WELL,Individual equity,,2020-2022,756,0.5252165977755211,0.10779574562092864,-0.3797039028598127,0.22486191463858043,0.023268687158552348,-0.21257676941461157,0.5311402396196275,0.09302392380636415,-0.3797015385196255,0.3003546831369407,0.08452705846237629,-0.16712713344520114
WELL,Individual equity,,2023-present,917,0.725947809551862,0.10237897056667622,-0.27392089301182954,1.4500335797010122,0.2035588151170984,-0.16550777526838245,-1.0997914772516268,-0.08144712696192358,-0.2659255010250917,-0.7240857701491502,-0.10117984455042217,-0.10841311774344708
WFC,Individual equity,,2016-2019,1006,0.5132654169208001,0.06539016562743849,-0.18158784356857438,0.45486414516972457,0.040972674330616465,-0.11677339565556955,0.3594570399741384,0.03275329572361074,-0.12211343363012983,0.05840127175107551,0.024417491296822025,-0.06481444791300484
WFC,Individual equity,,2020-2022,756,0.8532719140730507,0.25953813248068247,-0.3128359360409244,0.7935021572010139,0.13797404951701964,-0.16895132134946633,0.45047677303064504,0.09351865401832371,-0.3632648846769815,0.05976975687203678,0.12156408296366283,-0.14388461469145808
WFC,Individual equity,,2023-present,917,0.9686593968297638,0.1827099556454841,-0.1666060011883459,1.214972837809886,0.18292710996909856,-0.14967201540592534,0.12891684969298073,0.008410566187894153,-0.18428410590277378,-0.2463134409801223,-0.00021715432361446574,-0.016933985782420558
WM,Individual equity,,2016-2019,1006,1.3103335855602,0.12668052960527665,-0.09122407375553965,1.8890662470271329,0.1444288194216241,-0.05308782490243402,-0.43395210743857743,-0.028390846032869343,-0.16300166409248618,-0.5787326614669328,-0.017748289816347462,-0.038136248853105625
WM,Individual equity,,2020-2022,756,1.0972160741150043,0.14111135414912868,-0.10015252206916159,1.8509691411930713,0.18919660497575963,-0.06877105190198851,-0.3347922228896534,-0.0317840078593582,-0.16917225751404386,-0.753753067078067,-0.048085250826630954,-0.031381470167173076
WM,Individual equity,,2023-present,917,0.5221029105758797,0.056916971343016876,-0.147856771620559,1.0144610539815533,0.09720875717826294,-0.09157571848504653,-0.4968201534482996,-0.040670624979087355,-0.1959037139096883,-0.49235814340567363,-0.04029178583524606,-0.05628105313551246
WMB,Individual equity,,2016-2019,1006,1.165577458625746,0.23207334227995258,-0.14371607388651175,1.0633828484369652,0.17863132094479073,-0.11247655699406578,0.2318732890936685,0.02029560217362647,-0.1894683782663148,0.10219461018878073,0.05344202133516185,-0.031239516892445973
WMB,Individual equity,,2020-2022,756,0.6840744307886207,0.1782475662426959,-0.34616121150295076,0.8499539603371052,0.15281055680757039,-0.17901973445367514,0.2083623812290656,0.02245441590966779,-0.39875837038993034,-0.1658795295484845,0.0254370094351255,-0.16714147704927562
WMB,Individual equity,,2023-present,917,0.8258032770087461,0.11536162170654474,-0.16119218403305857,1.5900213347763867,0.20617258654585857,-0.09543134661078023,-1.119987581200253,-0.08609433321420035,-0.3138446744678115,-0.7642180577676406,-0.09081096483931383,-0.06576083742227834
WMT,Individual equity,,2016-2019,1006,1.4041949089601078,0.18072989369065318,-0.07158229753160938,1.6329632329700414,0.1529512287125563,-0.04883483003414324,0.2533144998373274,0.018293877984497664,-0.0889253700918946,-0.22876832400993363,0.02777866497809689,-0.022747467497466145
WMT,Individual equity,,2020-2022,756,0.43929419783165113,0.06121817839064736,-0.19168368536194524,0.4621131658706203,0.046372057928438126,-0.13049956167421095,0.18485215835829477,0.015620245562971258,-0.1202014716793457,-0.022818968038969156,0.014846120462209234,-0.06118412368773429
WMT,Individual equity,,2023-present,917,0.8088152007737123,0.10413078713579949,-0.14397927829319201,1.6363565231903139,0.197462884271834,-0.08628387127004611,-0.958320903433163,-0.06653868502684968,-0.2381522808998484,-0.8275413224166016,-0.09333209713603452,-0.057695407023145906
WRB,Individual equity,,2016-2019,1006,0.9434015195583567,0.10335745107698036,-0.10988693293135565,1.1998910097987054,0.1113407692173507,-0.09493250297702949,-0.06599594520774912,-0.006053168192916791,-0.09323146705989738,-0.2564894902403487,-0.007983318140370343,-0.014954429954326165
WRB,Individual equity,,2020-2022,756,0.07761910496735026,-0.010693358939886433,-0.35595479344552106,0.49387329424424803,0.06261928422020402,-0.146097963441692,-0.3482477003540324,-0.0849601988266031,-0.3828739214877631,-0.4162541892768978,-0.07331264316009045,-0.20985683000382904
WRB,Individual equity,,2023-present,917,0.060673897858355995,-0.0011112699452614505,-0.15010614620022789,0.30719924090370276,0.028040785522283063,-0.11342880146018641,-0.23596964407776683,-0.02389421005965109,-0.12782431622255608,-0.24652534304534676,-0.029152055467544513,-0.03667734474004147
WSM,Individual equity,,2016-2019,1006,0.06298464520377739,-0.008074757561852719,-0.3283140374121921,0.43759285307084156,0.06156048738685316,-0.18911972738055238,-0.1014720342374847,-0.02373356864669518,-0.2686941703260708,-0.37460820786706417,-0.06963524494870588,-0.13919431003163973
WSM,Individual equity,,2020-2022,756,1.394796494628049,0.6003308186629233,-0.280333314933505,1.3583958755030343,0.37194988958342523,-0.15628398638623298,0.663273696182142,0.16646448300589323,-0.24475315107485263,0.0364006191250148,0.22838092907949803,-0.12404932854727202
WSM,Individual equity,,2023-present,917,0.7830747231318773,0.19248233895050704,-0.23031320356527807,0.9185287978573955,0.17736587981502128,-0.15561198293562895,0.28074920479902693,0.03641233422370105,-0.20881484872388112,-0.13545407472551818,0.01511645913548576,-0.07470122062964912
WST,Individual equity,,2016-2019,1006,0.8479552695313777,0.11350111855938927,-0.10568724011899655,1.4486235447437539,0.16515667978999904,-0.07370923240074156,-0.78904721882924,-0.07303601334184406,-0.27558072798433986,-0.6006682752123762,-0.05165556123060977,-0.031978007718254986
WST,Individual equity,,2020-2022,756,1.208349881021649,0.3070679474939517,-0.21352179380309733,1.7679937573846285,0.31018256013807544,-0.12994161979947894,0.11521089675913804,0.003882482999405523,-0.21352179380309733,-0.5596438763629794,-0.0031146126441237154,-0.08358017400361839
WST,Individual equity,,2023-present,917,0.9352621058271039,0.19578259524001718,-0.34424573288426863,1.2091281129538551,0.21178264973803151,-0.15507777677180923,-0.20646858036067692,-0.03626279041624614,-0.30258185898182743,-0.27386600712675124,-0.016000054498014338,-0.1891679561124594
WTW,Individual equity,,2016-2019,1005,-0.006243367955266698,-0.007563595504238463,-0.21154050613185482,0.33894757321335567,0.028969808731951208,-0.1328958597260511,-0.5295846617787237,-0.03962188780470555,-0.17655874334248856,-0.34519094116862237,-0.03653340423618967,-0.07864464640580371
WTW,Individual equity,,2020-2022,756,0.2670963049389293,0.034728815461236184,-0.2642443971620213,0.46663203342860526,0.058418540850719625,-0.14062679000147282,-0.07975370202543061,-0.028363206543590924,-0.2614138230357288,-0.199535728489676,-0.02368972538948344,-0.12361760716054848
WTW,Individual equity,,2023-present,917,0.35248091602033516,0.04120506347406039,-0.1742347667650791,0.8501740853808822,0.09651315962222085,-0.12487961148952642,-0.22697676378783563,-0.027518782839569655,-0.1644465315371696,-0.4976931693605471,-0.05530809614816046,-0.049355155275552676
WY,Individual equity,,2016-2019,1006,1.1225489139855316,0.18639180655810628,-0.1613813891397199,1.3011834377038474,0.1395391548640268,-0.08445138623321535,0.4271150307414972,0.04738735571418151,-0.18423308588151355,-0.17863452371831579,0.046852651694079483,-0.07693000290650454
WY,Individual equity,,2020-2022,756,0.326699571341655,0.05383753214234521,-0.2939652672532821,0.16402213343846092,0.013416327246110082,-0.2429680141383065,0.2827190101324282,0.03988608019181705,-0.38422661465359664,0.16267743790319408,0.04042120489623513,-0.050997253114975605
WY,Individual equity,,2023-present,917,0.7221121580417206,0.1235158126011453,-0.20795759917499534,0.42576615130979073,0.04355379059083253,-0.15362118710241146,0.6198203038007107,0.0824058943895607,-0.10664558338786023,0.29634600673192985,0.07996202201031277,-0.054336412072583884
WYNN,Individual equity,,2016-2019,1006,0.9498275319359375,0.2345537875474819,-0.27923353666468076,1.1927327839837336,0.2390404392607175,-0.1606222999331809,0.293239386160389,0.035767320939879,-0.2545283424538879,-0.24290525204779612,-0.00448665171323559,-0.11861123673149987
WYNN,Individual equity,,2020-2022,756,0.3548753337890153,0.06334674161669862,-0.5484774538978079,0.001473194368606923,-0.030669529961611652,-0.35592326427098897,0.41645065701212675,0.09196390083245998,-0.41094410175593954,0.3534021394204084,0.09401627157831027,-0.19255418962681892
WYNN,Individual equity,,2023-present,917,1.3700166521076627,0.33959249544761705,-0.1749733962012524,1.265557980221149,0.21087949153416496,-0.11609557694284722,0.6580256766491458,0.1026351190796988,-0.15797738311737242,0.1044586718865137,0.12871300391345208,-0.058877819258405184
XBI,Thematic/industry ETF,,2016-2019,1006,-0.012930954071247369,-0.026565655231010843,-0.30965964089573805,0.475751599196673,0.06443676771241513,-0.2371786727355324,-0.3028521274089859,-0.05947575977090658,-0.3183378526288091,-0.48868255326792037,-0.09100242294342598,-0.07248096816020566
XBI,Thematic/industry ETF,,2020-2022,756,0.4639420084569928,0.09885709600744086,-0.23474703093984073,0.7278717798112213,0.12654105194614362,-0.22041079919921291,-0.07106773316209983,-0.04385740722211806,-0.3344243441675474,-0.2639297713542285,-0.027683955938702764,-0.014336231740627814
XBI,Thematic/industry ETF,,2023-present,917,1.0327388881312896,0.21202066253720409,-0.19580610084615968,1.1182263050236882,0.18204613117224966,-0.13320795885744452,0.3536373883487776,0.03889362874744773,-0.16074471324946094,-0.0854874168923987,0.029974531364954426,-0.06259814198871516
XE,Individual equity,,2016-2019,171,2.032345385262458,0.33120184266384056,-0.037627056831372574,-1.7269187938956654,-0.002944499521224886,-0.001998999999999973,2.032345385262458,0.33120184266384056,-0.037627056831372574,3.759264179158123,0.33414634218506545,-0.0356280568313726
XEL,Individual equity,,2016-2019,1006,0.7512483404724127,0.07567488273718759,-0.17125092776406958,1.1161168972594309,0.09026911505389656,-0.07118235275564289,-0.09911894556396827,-0.009103834528550792,-0.14469208875615447,-0.36486855678701813,-0.014594232316708977,-0.1000685750084267
XEL,Individual equity,,2020-2022,756,0.5427677290625375,0.08262947925237474,-0.2659039039701021,0.43238125359068663,0.045055491278570114,-0.17319295320439654,0.38824681019344737,0.04280479748133703,-0.1866413236509733,0.11038647547185082,0.03757398797380462,-0.09271095076570557
XEL,Individual equity,,2023-present,917,0.37454735850444404,0.04146932715518803,-0.19310701671396624,0.4312160211289103,0.03740869972981131,-0.10166300837430209,0.10020968950664245,0.005014249068169496,-0.17979398092303622,-0.05666866262446624,0.004060627425376717,-0.09144400833966415
XHB,Thematic/industry ETF,,2016-2019,1006,1.0308257380345978,0.12264098221828323,-0.09986350264995114,0.9069717766355045,0.0807752964904287,-0.1286447181341991,0.4283671211643508,0.03170495327759326,-0.09670808029594535,0.12385396139909322,0.04186568572785454,0.028781215484247946
XHB,Thematic/industry ETF,,2020-2022,756,0.9590555575759966,0.24590944676240611,-0.18119520093512864,1.4377430936790219,0.22262726898599117,-0.10217764316527511,0.11652190017957169,0.0015241483166164027,-0.3450939017604636,-0.4786875361030253,0.023282177776414947,-0.07901755776985353
XHB,Thematic/industry ETF,,2023-present,917,0.5841006251352762,0.09953756987488904,-0.1983869907308421,0.5916378154096343,0.07859478794002595,-0.1845493166775526,0.16196880280714868,0.012699399360548425,-0.11116752045635014,-0.007537190274358174,0.020942781934863097,-0.013837674053289506
XLB,Sector ETF,Sector SPDRs,2016-2019,1006,0.48726941694657394,0.04751970912186487,-0.1468642250842731,0.7571389562145607,0.057195528204603274,-0.14346386747932127,-0.17277999447844863,-0.01580674183119768,-0.12880983064495988,-0.2698695392679868,-0.009675819082738402,-0.0034003576049518314
XLB,Sector ETF,Sector SPDRs,2020-2022,756,0.9939066655863442,0.2094247561656637,-0.14573347573395445,1.1871928115188184,0.1558359951912731,-0.08147326921756248,0.2699198067750611,0.031805782683070216,-0.16122592990964224,-0.19328614593247417,0.05358876097439058,-0.06426020651639197
XLB,Sector ETF,Sector SPDRs,2023-present,917,0.46620675392566785,0.05204095173717582,-0.14724463330708448,0.6448790483402029,0.053777926323449465,-0.09771352342585493,0.03155287024208275,-0.0012164182836581494,-0.15484271067539668,-0.17867229441453508,-0.001736974586273643,-0.04953110988122955
XLC,Sector ETF,Sector SPDRs,2016-2019,387,-0.33263160792261826,-0.05068734073122272,-0.13717368420766995,0.8992327153125909,0.0661976637592201,-0.05181406050409987,-0.9819193981427461,-0.10524251361186998,-0.16525781955169316,-1.2318643232352091,-0.11688500449044281,-0.08535962370357009
XLC,Sector ETF,Sector SPDRs,2020-2022,756,0.555124277220416,0.10329813823939449,-0.17070841275100324,0.4725059837031391,0.04598377434107137,-0.19990439963470796,0.3348370811299298,0.04727190167226247,-0.14607399599305348,0.0826182935172769,0.05731436389832312,0.029195986883704728
XLC,Sector ETF,Sector SPDRs,2023-present,917,1.0589037239327757,0.1359280568533503,-0.15203599432471449,1.4629571006740025,0.15953168148352037,-0.07354627544255099,-0.18804459719240466,-0.016397311669379522,-0.16587226414257783,-0.4040533767412269,-0.023603624630170073,-0.0784897188821635
XLE,Sector ETF,Sector SPDRs,2016-2019,1006,0.24081797939295885,0.023537367512931784,-0.2621260827218965,0.6337919866013348,0.0575038240004897,-0.17795375708546113,-0.266386044290373,-0.02914063819568935,-0.19594228849000417,-0.392974007208376,-0.03396645648755792,-0.0841723256364354
XLE,Sector ETF,Sector SPDRs,2020-2022,756,1.1888505304461046,0.4015490705901943,-0.258589860466799,1.293550592907007,0.27408503287893327,-0.13000466917458386,0.426477346863259,0.08143069454023966,-0.32502660717682375,-0.10470006246090247,0.12746403771126102,-0.12858519129221513
XLE,Sector ETF,Sector SPDRs,2023-present,917,0.6150903550601995,0.08117988030013268,-0.19824989006236393,1.030861096916879,0.11271763224523146,-0.1211801974492227,-0.22070159089622027,-0.02588387598420072,-0.16985683023058729,-0.4157707418566795,-0.03153775194509878,-0.07706969261314123
XLF,Sector ETF,Sector SPDRs,2016-2019,1006,1.2066742913418527,0.14589523753178923,-0.08071326043432103,1.6941895795030708,0.1534336198006645,-0.04903459774411856,0.10652645801809955,0.005425146751941279,-0.11039340849582824,-0.48751528816121814,-0.0075383822688752655,-0.031678662690202475
XLF,Sector ETF,Sector SPDRs,2020-2022,756,0.27621880888987715,0.03833890036928422,-0.32658650450877935,0.5148916587952904,0.059715488639492165,-0.1254067659167487,0.08304068134791227,-0.0032722923514875157,-0.32615760332253074,-0.23867284990541326,-0.02137658827020794,-0.20117973859203064
XLF,Sector ETF,Sector SPDRs,2023-present,917,0.9426148068391093,0.10733826452237061,-0.10512767280079915,1.3118336759590288,0.1102422340930651,-0.0502594507710844,0.0711416660929859,0.002472455032122456,-0.15887850361190958,-0.3692188691199195,-0.002903969570694498,-0.05486822202971475
XLI,Sector ETF,Sector SPDRs,2016-2019,1006,1.0829953477483358,0.10953217681910088,-0.09852820094084647,1.6045467877962016,0.11597046298904234,-0.03636261271574115,-0.00967757170544017,-0.003427004188707894,-0.10467253784604202,-0.5215514400478658,-0.006438286169941465,-0.06216558822510532
XLI,Sector ETF,Sector SPDRs,2020-2022,756,0.519582701409353,0.07821192213595007,-0.17300257937260977,1.1363826114791753,0.14104413140306749,-0.08850266739629675,-0.32914723429926857,-0.04852434944827222,-0.252496191534351,-0.6167999100698223,-0.06283220926711741,-0.08449991197631301
XLI,Sector ETF,Sector SPDRs,2023-present,917,0.8749099593660059,0.09889209013488176,-0.10965291918890718,1.2917551187815848,0.11867825214393846,-0.052018888970411736,-0.4370962520712096,-0.03478343792660887,-0.16151487616196725,-0.41684515941557887,-0.019786162009056696,-0.05763403021849545
XLK,Sector ETF,Sector SPDRs,2016-2019,1006,0.9267610590613993,0.10643170812509672,-0.18913570260246526,2.156363868763153,0.17386180307976828,-0.05324120144046107,-0.702918524322746,-0.06486320891335018,-0.2541540299437962,-1.2296028097017535,-0.06743009495467156,-0.1358945011620042
XLK,Sector ETF,Sector SPDRs,2020-2022,756,0.845282732960622,0.19647281061779198,-0.15108309807217035,1.3173472676358828,0.19009481334129297,-0.09509152740429305,0.199381700357527,0.020107523780209302,-0.19720969587370496,-0.4720645346752609,0.0063779972764990145,-0.0559915706678773
XLK,Sector ETF,Sector SPDRs,2023-present,917,1.5892355420984023,0.26873145713311697,-0.13794019915935285,2.038403635779119,0.2489471658094966,-0.0744777613694686,0.25359565761214753,0.022651994387527186,-0.12270628451116239,-0.44916809368071653,0.019784291323620362,-0.06346243778988425
XLP,Sector ETF,Sector SPDRs,2016-2019,1006,0.8136762662834103,0.05937141583377015,-0.07608484878770305,1.0801769880816319,0.061319581392418554,-0.06370195907321885,0.07163614514522061,0.002341473736237054,-0.06575607112397253,-0.2665007217982216,-0.001948165558648407,-0.012382889714484202
XLP,Sector ETF,Sector SPDRs,2020-2022,756,0.027164842792862617,-0.005353138461017037,-0.16981063543503683,1.202334634208255,0.09414868501410512,-0.06029268292682932,-0.6831547948066186,-0.07820738081501899,-0.2835962738859612,-1.1751697914153925,-0.09950182347512215,-0.1095179525082075
XLP,Sector ETF,Sector SPDRs,2023-present,917,0.5666424474906954,0.04545008609061818,-0.13668670402855676,0.9789319472129776,0.065249875062253,-0.05167728233984836,-0.10773902570693694,-0.007829321303734371,-0.12029890079729255,-0.41228949972228224,-0.019799788971634813,-0.0850094216887084
XLRE,Sector ETF,Sector SPDRs,2016-2019,1006,0.5955839489384479,0.05462069299355954,-0.11878520170895512,0.9809197965892001,0.07233911802963044,-0.06664753574556503,-0.07705901008723702,-0.007080974672332041,-0.08696660690145963,-0.38533584765075224,-0.017718425036070906,-0.05213766596339009
XLRE,Sector ETF,Sector SPDRs,2020-2022,756,0.7141319410574299,0.13025156985666597,-0.30212159975393393,0.7792315523034448,0.09256136823378491,-0.10049151441839188,0.2371822612670278,0.025443661653689054,-0.294147276770485,-0.06509961124601482,0.03769020162288106,-0.20163008533554205
XLRE,Sector ETF,Sector SPDRs,2023-present,917,0.32457922648611376,0.03321823465382545,-0.13399617793771468,0.3419123808922152,0.025783946781492872,-0.1052407838781898,0.11138160292212346,0.006092975572379533,-0.09997097303334501,-0.017333154406101448,0.007434287872332579,-0.028755394059524875
XLU,Sector ETF,Sector SPDRs,2016-2019,1006,0.2295532273792349,0.016653387023650712,-0.14498286072372835,0.5044311736299801,0.03299982126247181,-0.08689794461011136,-0.3233905796741251,-0.02050931068422701,-0.12085944018861661,-0.27487794625074524,-0.016346434238821095,-0.05808491611361699
XLU,Sector ETF,Sector SPDRs,2020-2022,756,0.2770302242260905,0.03519300385871915,-0.2981067845702353,0.4689909689447632,0.04608032353609892,-0.15010714938781966,-0.18950922259460842,-0.04333244605062203,-0.31514340145433195,-0.1919607447186727,-0.01088731967737977,-0.14799963518241566
XLU,Sector ETF,Sector SPDRs,2023-present,917,0.6023753640951429,0.06673673441955308,-0.152374567942958,0.9330395983243781,0.08308924201693668,-0.09624572895988626,0.003877473396421078,-0.0027938583204222267,-0.1375576544624656,-0.3306642342292352,-0.016352507597383603,-0.05612883898307175
XLV,Sector ETF,Sector SPDRs,2016-2019,1006,0.8507466288756969,0.07098870270712965,-0.06880902668415367,1.4783830049815485,0.09268855105567608,-0.047641720500911866,-0.29195896229878093,-0.018688052086614393,-0.1272542044577185,-0.6276363761058517,-0.021699848348546436,-0.021167306183241807
XLV,Sector ETF,Sector SPDRs,2020-2022,756,0.737794813450165,0.10482916750434979,-0.14621719930713517,1.2152727560514878,0.11622791114523712,-0.08426628212025045,-0.18105681410301194,-0.02954379573222321,-0.20281538330860405,-0.4774779426013228,-0.011398743640887332,-0.061950917186884724
XLV,Sector ETF,Sector SPDRs,2023-present,917,0.45730284081822214,0.04086562365756308,-0.1749531840504689,0.7271263163030663,0.054820182262919515,-0.10202215672220527,-0.25989189962592096,-0.017356650340481172,-0.1419522864460534,-0.2698234754848442,-0.013954558605356437,-0.07293102732826362
XLY,Sector ETF,Sector SPDRs,2016-2019,1006,0.9248457030208835,0.08706169009237508,-0.08027236922686354,1.5808390790902163,0.11053910278333023,-0.04850845994028952,-0.27364799961906683,-0.0204082396861599,-0.09805625201946189,-0.6559933760693327,-0.023477412690955157,-0.03176390928657402
XLY,Sector ETF,Sector SPDRs,2020-2022,756,1.0606511239283005,0.23404431366749456,-0.15816653266184255,1.8040866043398962,0.22031877989305815,-0.08216557078187481,0.21166974368308447,0.02255551395090527,-0.22281195712552726,-0.7434354804115957,0.013725533774436416,-0.07600096187996774
XLY,Sector ETF,Sector SPDRs,2023-present,917,1.1356794813649644,0.16304965307497454,-0.18003005707616015,1.3654315822608698,0.1508397538688122,-0.09550949139661091,-0.06140987322292663,-0.010663172300704904,-0.11501099025735573,-0.22975210089590536,0.012209899206162333,-0.08452056567954924
XME,Thematic/industry ETF,,2016-2019,1006,1.1566031385575675,0.25712868010328505,-0.16891151529616555,1.3427811625798212,0.2386433272323556,-0.13194668146033883,0.18900519412365907,0.01668102682594297,-0.14770022127975735,-0.1861780240222537,0.01848535287092945,-0.036964833835826716
XME,Thematic/industry ETF,,2020-2022,756,1.1553480819775317,0.37447863722210184,-0.275027801382427,1.0487085378665884,0.25393378507987885,-0.15993407204136934,0.61913563092083,0.11558329503861131,-0.17577892578619503,0.10663954411094334,0.12054485214222299,-0.11509372934105766
XME,Thematic/industry ETF,,2023-present,917,1.099933400357202,0.23464624515195576,-0.16291109755358735,1.558938374498361,0.2737256535366446,-0.09601944220430825,-0.03168364022843263,-0.013481262768826219,-0.16699855942883002,-0.4590049741411588,-0.03907940838468882,-0.0668916553492791
XOM,Individual equity,,2016-2019,1006,0.5269218625041457,0.05863492665553016,-0.1770080546627565,0.5006887563259762,0.041020155206955566,-0.12683532973818668,0.5191851016951357,0.04349986435838593,-0.10613462615320657,0.02623310617816954,0.017614771448574595,-0.05017272492456981
XOM,Individual equity,,2020-2022,756,1.3694829889344247,0.4347079965668883,-0.23579667837319507,1.3734353260451655,0.2943258893157745,-0.16043457491624413,0.5821421533994474,0.10786363145205247,-0.22976906531914665,-0.003952337110740833,0.14038210725111377,-0.07536210345695094
XOM,Individual equity,,2023-present,917,0.40871857373555615,0.051466599426909676,-0.16517074093201722,0.9031945123189798,0.1028603548271747,-0.10570211639155458,-0.4169894537461046,-0.046756369422488064,-0.2329919989847664,-0.4944759385834237,-0.05139375540026503,-0.059468624540462645
XOP,Thematic/industry ETF,,2016-2019,1006,0.519232943150304,0.10033803764907545,-0.2762255177867884,0.47590822813453526,0.06500023072924144,-0.20772309799774924,0.2532480275554369,0.029982059135883254,-0.1958046315351334,0.04332471501576873,0.035337806919834014,-0.06850241978903915
XOP,Thematic/industry ETF,,2020-2022,756,1.306950469520559,0.6647546699540168,-0.30357585558968936,1.2885029567685862,0.3964774646834126,-0.12299032967486845,0.7799552693385436,0.255947294819284,-0.315258320077464,0.01844751275197276,0.26827720527060417,-0.1805855259148209
XOP,Thematic/industry ETF,,2023-present,917,0.5060758460292922,0.078805497133144,-0.2603695013396429,1.0462437678411147,0.14312259548497264,-0.16944154260503697,-0.5660088399093174,-0.07787044217276717,-0.29899982773284306,-0.5401679218118225,-0.06431709835182864,-0.09092795873460591
XRT,Thematic/industry ETF,,2016-2019,1006,0.4693642092936012,0.057258794960418635,-0.11962997773130857,0.6914941483726647,0.06027083796360144,-0.0850732841311641,0.07649429163659024,0.0024887225546927905,-0.13292747056498044,-0.22212993907906348,-0.003012043003182807,-0.03455669360014446
XRT,Thematic/industry ETF,,2020-2022,756,1.0604724081339334,0.29761451767284064,-0.18685217160688616,1.2596861761132307,0.21556385567692926,-0.1679948472853764,0.40137872541820035,0.0698579952230014,-0.2207358153491885,-0.19921376797929735,0.08205066199591138,-0.018857324321509772
XRT,Thematic/industry ETF,,2023-present,917,0.7992967466573495,0.12094517580115749,-0.13971750531925176,0.8439756255147338,0.10017381944205983,-0.10460445064147417,0.30795795371055423,0.02652588839350445,-0.09452196107145105,-0.04467887885738431,0.02077135635909766,-0.03511305467777759
XYL,Individual equity,,2016-2019,1006,1.4423897351598665,0.2174537095340774,-0.08946969163482932,1.8704119114608488,0.21103213796885867,-0.06612860071942595,0.24137367900697174,0.019461191286740176,-0.1071242446320203,-0.4280221763009824,0.00642157156521872,-0.023341090915403373
XYL,Individual equity,,2020-2022,756,0.8349904600285358,0.2112901423413489,-0.25858948463538367,1.2546584616539405,0.1901765852781392,-0.13829240884193772,0.09400208823597084,-0.005609315402399839,-0.2536442729514693,-0.41966800162540463,0.02111355706320972,-0.12029707579344595
XYL,Individual equity,,2023-present,917,1.088157379799384,0.17784655463059318,-0.12416633132830723,1.102088433529645,0.11561484429868374,-0.0850829034497591,0.5650272147209163,0.06653774791135869,-0.12713975955720003,-0.013931053730261045,0.06223171033190944,-0.03908342787854813
XYZ,Individual equity,,2016-2019,1006,1.409033410383735,0.44582384346856774,-0.22056452417709638,2.1742294606852526,0.6502222729104035,-0.12068744388867503,-0.08917202436769617,-0.03141677492354045,-0.41179338682242816,-0.7651960503015176,-0.20439842944183573,-0.09987708028842135
XYZ,Individual equity,,2020-2022,756,1.1874975369006655,0.6465343439481714,-0.4212960412668978,0.8002661476924199,0.21042861103856847,-0.37665448567569404,0.9192544058718303,0.37841253564308897,-0.424575994264938,0.3872313892082456,0.43610573290960297,-0.04464155559120375
XYZ,Individual equity,,2023-present,917,0.8858588067819847,0.2586157604472241,-0.32921360858207127,1.4066375318615363,0.35196453871871514,-0.12456286207380918,0.07983694662602421,-0.006632717303954538,-0.2848321748151518,-0.5207787250795516,-0.09334877827149102,-0.2046507465082621
YUM,Individual equity,,2016-2019,1006,1.064317806958996,0.201306342144548,-0.09007788728390842,1.7546191896300187,0.1610350618419525,-0.05485375820859306,0.1431154351456317,0.011793914125348914,-0.21108849418131248,-0.6903013826710227,0.040271280302595525,-0.03522412907531536
YUM,Individual equity,,2020-2022,756,1.0430454814203853,0.20336795770391136,-0.2334983676267448,0.8650688178854767,0.10860510545128954,-0.1275389972693588,0.6825971510959491,0.0945615769329946,-0.17485064505110692,0.1779766635349086,0.09476285225262182,-0.105959370357386
YUM,Individual equity,,2023-present,917,-0.34279881453271854,-0.04954578221917205,-0.3274779495484421,0.194899704887983,0.013410383976550033,-0.15355565784672942,-0.6108879916978195,-0.05714581108283212,-0.245333978147513,-0.5376985194207016,-0.06295616619572209,-0.1739222917017127
ZBH,Individual equity,,2016-2019,1006,1.4038612483510517,0.2503932165023943,-0.13075805756452796,1.6445885937164146,0.21490196209896428,-0.050817703548234894,0.32493808349037684,0.03257407490054032,-0.16353504424561038,-0.2407273453653629,0.03549125440343004,-0.07994035401629307
ZBH,Individual equity,,2020-2022,756,0.6176380997571511,0.13300582942366734,-0.23783047201925445,0.3445847566125211,0.04236672474802927,-0.1587490233132326,0.42565739615021375,0.06797605686698827,-0.34469971141081956,0.27305334314463003,0.09063910467563807,-0.07908144870602185
ZBH,Individual equity,,2023-present,917,0.2571594427870882,0.028100759719971835,-0.37418135513831563,0.35333975667080414,0.03373536834884039,-0.21182889186463527,0.07977650082983992,0.0027967274057070224,-0.24462243388561433,-0.09618031388371595,-0.005634608628868554,-0.16235246327368036
ZBRA,Individual equity,,2016-2019,1006,0.9169747803968837,0.19872326308430344,-0.22866742703354004,1.460934122178511,0.2483869197150237,-0.13042645977315237,-0.25608592006079434,-0.05318360741445349,-0.37527100013641845,-0.5439593417816273,-0.049663656630720254,-0.09824096726038767
ZBRA,Individual equity,,2020-2022,756,0.7708502556023039,0.22704699337380885,-0.2853039435308503,0.5237769933941354,0.08161392030962422,-0.1850678532670671,0.691298895349693,0.1744508501560038,-0.22817297932092373,0.2470732622081685,0.14543307306418463,-0.10023609026378322
ZBRA,Individual equity,,2023-present,917,1.035083835090762,0.2939867903072866,-0.2974473642617016,0.9422631713258788,0.20581039833028014,-0.12949985104082518,0.6910979717797517,0.11917560212003497,-0.1796258495462726,0.0928206637648833,0.08817639197700644,-0.16794751322087642
ZS,Individual equity,,2016-2019,452,0.7170332129226391,0.23063722984384616,-0.4136878446728469,0.7022322997350231,0.17955691757821746,-0.23528338062980803,0.39339245880611595,0.07558419982181741,-0.36152916824335135,0.014800913187616005,0.0510803122656287,-0.1784044640430389
ZS,Individual equity,,2020-2022,756,0.38909465351768097,0.07832280754597432,-0.5681009402214805,0.7497991867385385,0.1523901773792975,-0.28908316949157786,0.0264498762529865,-0.04934260133439339,-0.4233420296960194,-0.36070453322085755,-0.07406736983332318,-0.27901777072990264
ZS,Individual equity,,2023-present,917,1.7489114197634845,0.7025834273344789,-0.20262962944048013,1.7221363466348372,0.4642088767146484,-0.1483067012062218,0.5782975595787111,0.1195035468590484,-0.2204672048424393,0.026775073128647353,0.23837455061983048,-0.05432292823425833
ZTS,Individual equity,,2016-2019,1006,0.6526798307643737,0.07980760141027665,-0.2406295640857019,1.4804641980862536,0.1734765233366724,-0.13333856293437385,-1.336985471228841,-0.0872236329567021,-0.3053402802205666,-0.8277843673218799,-0.09366892192639575,-0.10729100115132806
ZTS,Individual equity,,2020-2022,756,0.2636197876253907,0.03382202228049014,-0.28912012570173196,0.6878243748933884,0.07266024746305955,-0.19834387950036203,-0.1471868980119413,-0.04009747617641657,-0.3230308698545069,-0.42420458726799776,-0.03883822518256941,-0.09077624620136993
ZTS,Individual equity,,2023-present,917,0.5029487979967591,0.08733340586040028,-0.2193720147042203,0.03201970325417448,-0.0009672638639687259,-0.1492792278568531,0.6017934330636857,0.10254793254320482,-0.17095854601496674,0.4709290947425846,0.08830066972436901,-0.0700927868473672
