symbol,name,group,bars,years_252,first_date,last_date,bh_cagr,bh_max_dd,bh_calmar,both_cagr,both_cagr_delta,both_max_dd,both_dd_reduction,both_sharpe,both_calmar,both_exposure,both_trades,both_win_rate,both_beats_bh,both_calmar_beats_bh,long_cagr,long_cagr_delta,long_max_dd,long_dd_reduction,long_sharpe,long_calmar,long_exposure,long_trades,long_win_rate,long_beats_bh
A,Agilent Technologies Inc.,Individual equity,2679,10.630952380952381,2016-01-04,2026-08-28,0.1422562716993614,-0.43194821707218434,0.32933640208911535,0.14519246905493088,0.002936197355569492,-0.26015243723003467,0.17179577984214967,0.7970720037949329,0.5581053577697114,0.5363941769316909,94,0.3404255319148936,True,True,0.1346390426543016,-0.007617229045059792,-0.2322382669639219,0.19970995010826242,1.0232599194326675,0.5797452952713331,0.3501306457633445,54,0.4074074074074074,False
AAL,American Airlines Group Inc. Common Stock,Individual equity,2679,10.630952380952381,2016-01-04,2026-08-28,-0.09431279964987593,-0.8413756799438501,-0.11209356521473259,0.09643806942084576,0.1907508690707217,-0.7915903335413663,0.04978534640248378,0.44191435185638395,0.1218282555187445,0.543859649122807,104,0.3269230769230769,True,True,0.06252477951225299,0.15683757916212893,-0.28546343853708434,0.5559122414067658,0.42280254820418456,0.21902902813990466,0.2515864128406122,51,0.29411764705882354,True
AAPL,Apple Inc. Common Stock,Individual equity,2679,10.630952380952381,2016-01-04,2026-08-28,0.2773505422429434,-0.38507843852608525,0.7202442788137453,0.30737078508451154,0.030020242841568123,-0.1900189795668068,0.19505945895927845,1.4124663579202685,1.617579390149531,0.614408361328854,99,0.41414141414141414,True,True,0.28210137371351696,0.0047508314705735355,-0.09431658879260607,0.2907618497334792,1.9597936646301994,2.991004841511319,0.43001119820828665,57,0.5087719298245614,True
ABBV,ABBVIE INC.,Individual equity,2679,10.630952380952381,2016-01-04,2026-08-28,0.1989244250668376,-0.45093485077226747,0.44113783781883614,0.143622160060785,-0.05530226500605262,-0.32107748227855215,0.12985736849371532,0.8997687908492329,0.4473130879236961,0.5158641284061217,89,0.38202247191011235,False,True,0.15254158755322678,-0.04638283751361083,-0.18629230449452294,0.26464254627774453,1.240944534686366,0.8188292477626823,0.3538633818589026,55,0.41818181818181815,False
ABNB,"Airbnb, Inc. Class A Common Stock",Individual equity,1435,5.694444444444445,2020-12-10,2026-08-28,0.04842555665348236,-0.6195812580704668,0.07815852403975522,0.10374075358527612,0.055315196931793764,-0.3789418028101075,0.24063945526035935,0.4684049948796104,0.2737643427459544,0.5282229965156794,55,0.32727272727272727,True,True,0.16120603385475385,0.11278047720127149,-0.18221706185643616,0.43736419621403066,0.7983667112699809,0.8846923126318637,0.28362369337979093,26,0.4230769230769231,True
ABT,Abbott Laboratories,Individual equity,2679,10.630952380952381,2016-01-04,2026-08-28,0.11633145889943308,-0.39636256534864844,0.293497593036077,0.09232836546453282,-0.024003093434900258,-0.2634902237430915,0.13287234160555694,0.6476962470361503,0.35040527937975763,0.5528182157521463,96,0.3333333333333333,False,True,0.09188282547800353,-0.024448633421429555,-0.1893725310991179,0.20699003424953055,0.8608821771991138,0.4851961630586851,0.3579693915640164,56,0.375,False
ACGL,Arch Capital Group Ltd. Common Stock,Individual equity,2679,10.630952380952381,2016-01-04,2026-08-28,0.152693762546938,-0.5383104125736737,0.2836537413736915,0.11614978522022579,-0.03654397732671222,-0.3647915469349102,0.1735188656387635,0.6793978577071491,0.3184004294950135,0.5416200074654722,98,0.29591836734693877,False,True,0.127129098810274,-0.025564663736663995,-0.23352697833267466,0.3047834342409991,1.0578273928429305,0.5443872040735703,0.3669279581933557,57,0.38596491228070173,False
ACHR,Archer Aviation Inc.,Individual equity,1429,5.670634920634921,2020-12-18,2026-08-28,-0.09249666980332283,-0.9049008168028008,-0.10221746746801759,0.46997983645689767,0.5624765062602205,-0.45398383914698126,0.4509169776558195,0.9897092300641652,1.0352347284871908,0.47865640307907625,51,0.4117647058823529,True,True,0.32879951298563603,0.42129618278895886,-0.2679686563048247,0.6369321604979761,0.9499383389819394,1.227007357948662,0.16375087473757874,27,0.4444444444444444,True
ACN,Accenture PLC,Individual equity,2679,10.630952380952381,2016-01-04,2026-08-28,0.07752377380555209,-0.6804839503614091,0.11392447061297882,0.18477311222736792,0.10724933842181583,-0.21930693142252566,0.4611770189388834,0.9843808379572754,0.8425320213494598,0.5733482642777156,98,0.35714285714285715,True,True,0.14968135629895585,0.07215758249340376,-0.15200360177635708,0.528480348585052,1.2044720238707771,0.9847224312433205,0.4079880552444942,57,0.43859649122807015,True
ACWI,iShares MSCI ACWI ETF,Broad index ETF,2679,10.630952380952381,2016-01-04,2026-08-28,0.1275473069823838,-0.33515507583003135,0.38056206270039433,0.09936365676889714,-0.028183650213486677,-0.12340566035964928,0.21174941547038206,0.842204334610228,0.8051790856214784,0.5923852183650616,108,0.37037037037037035,False,True,0.1105102726154894,-0.01703703436689441,-0.06141471979347679,0.27374035603655456,1.4458215322351171,1.7994101900506811,0.48562896603210154,65,0.4461538461538462,False
ADBE,Adobe Inc. Common Stock,Individual equity,2679,10.630952380952381,2016-01-04,2026-08-28,0.11462460324584556,-0.7190319159754207,0.15941518130019122,0.1543104551875467,0.039685851941701156,-0.274217482619062,0.44481443335635873,0.7539328612377845,0.5627301866887606,0.5890257558790594,98,0.336734693877551,True,True,0.1717491699157323,0.057124566669886745,-0.2588893181400035,0.4601425978354172,1.1352483874628063,0.6634077108691403,0.3762597984322508,53,0.4528301886792453,True
ADI,"Analog Devices, Inc. Common Stock",Individual equity,2679,10.630952380952381,2016-01-04,2026-08-28,0.21811912589168192,-0.3361518395250519,0.6488708382493515,0.09133409694740457,-0.12678502894427734,-0.3379732982438287,-0.0018214587187768139,0.4862257299514091,0.2702405705480087,0.524822695035461,98,0.3163265306122449,False,False,0.16496432270845673,-0.053154803183225185,-0.19329151530790123,0.14286032421715067,1.0181997425978906,0.8534483391352121,0.3437849944008959,56,0.39285714285714285,False
ADM,Archer Daniels Midland Company,Individual equity,2679,10.630952380952381,2016-01-04,2026-08-28,0.11326723558356555,-0.5413213627992631,0.2092421311397019,0.07852423896726957,-0.034742996616295985,-0.22141687869918203,0.3199044841000811,0.5344288239425385,0.3546443226397069,0.4669652855543113,100,0.29,False,True,0.11100701502922261,-0.00226022055434294,-0.17437904687127204,0.3669423159279911,1.012456420925259,0.6365845955745408,0.2788353863381859,60,0.3,False
ADP,"Automatic Data Processing, Inc. Common Stock",Individual equity,2679,10.630952380952381,2016-01-04,2026-08-28,0.1498714890149202,-0.40778785675906337,0.3675231778749851,0.14696880401439683,-0.002902685000523375,-0.13960264779766862,0.26818520896139475,0.925288508159493,1.0527651612124453,0.5431131019036954,90,0.35555555555555557,False,True,0.15330906662282384,0.0034375776079036413,-0.08322222807834789,0.3245656286807155,1.423468282474541,1.8421648898716592,0.3654348637551325,51,0.47058823529411764,True
ADSK,"Autodesk, Inc. Common Stock",Individual equity,2679,10.630952380952381,2016-01-04,2026-08-28,0.1476135922767956,-0.5199403979314574,0.2839048338310792,0.04557894439308785,-0.10203464788370775,-0.5650365190236433,-0.04509612109218586,0.3047736651308278,0.08066548419179373,0.5184770436730123,101,0.27722772277227725,False,False,0.1530084209337974,0.0053948286570018045,-0.2335958814255361,0.2863445165059213,0.9204579054282801,0.6550133504069173,0.3538633818589026,53,0.41509433962264153,True
AEE,Ameren Corporation,Individual equity,2679,10.630952380952381,2016-01-04,2026-08-28,0.12150180605936489,-0.2908713692946059,0.41771662282891486,0.05095799217728669,-0.0705438138820782,-0.20898918179569392,0.08188218749891196,0.43184114519213007,0.24383076549437283,0.545726017170586,96,0.3125,False,False,0.08664230876764245,-0.03485949729172244,-0.12111158339683403,0.16975978589777185,0.9191367726395586,0.7153924202588483,0.36058230683090703,52,0.4423076923076923,False
AEP,"American Electric Power Company, Inc. Common Stock",Individual equity,2679,10.630952380952381,2016-01-04,2026-08-28,0.1107294305135591,-0.3289855072463769,0.33657844517337343,0.07852727901132406,-0.032202151502235044,-0.17024496475478712,0.15874054249158975,0.6340419409510296,0.4612605084939286,0.5927584919746174,95,0.3473684210526316,False,True,0.10468120464242414,-0.00604822587113496,-0.11209318804855473,0.21689231919782215,1.0809537811588705,0.9338765937951556,0.3826054497946995,51,0.45098039215686275,False
AES,AES Corporation,Individual equity,2679,10.630952380952381,2016-01-04,2026-08-28,0.08382011755925944,-0.6344242424242429,0.132119978957564,0.20077213258514304,0.1169520150258836,-0.34490356395079624,0.28952067847344665,0.9011407908788124,0.58211092482009,0.5281821575214632,94,0.30851063829787234,True,True,0.12753949322522584,0.0437193756659664,-0.24176034270815583,0.39266389971608706,0.8673794675535746,0.5275451374553469,0.3165360209033221,57,0.2807017543859649,True
AFL,Aflac Inc.,Individual equity,2679,10.630952380952381,2016-01-04,2026-08-28,0.1646998279350873,-0.548823651884239,0.3000960825387801,0.06581284509706409,-0.09888698283802322,-0.31737798626272684,0.23144566562151214,0.4565656882205303,0.2073642405764839,0.5083986562150056,100,0.3,False,False,0.07299507471429023,-0.09170475322079708,-0.16210181304209348,0.3867218388421455,0.7593554994538392,0.4503038759679719,0.3676745054124673,65,0.3230769230769231,False
AGG,iShares Core U.S. Aggregate Bond ETF,Bond ETF,2679,10.630952380952381,2016-01-04,2026-08-28,0.018187850272601613,-0.18435530659197796,0.09865650524970047,0.02108582539418946,0.002897975121587848,-0.07521781701720764,0.10913748957477032,0.597979836984723,0.28033019609390736,0.5337812616648003,105,0.2857142857142857,True,True,0.012982986593996104,-0.005204863678605509,-0.0605362251292495,0.12381908146272846,0.5325280255416929,0.21446640530156,0.3277342291899963,61,0.3114754098360656,False
AIG,"American International Group, Inc.",Individual equity,2679,10.630952380952381,2016-01-04,2026-08-28,0.048601736160298614,-0.6957591821279819,0.0698542504486251,0.1379150240074425,0.08931328784714387,-0.24949707595288428,0.44626210617509765,0.6977225623057423,0.5527721055676289,0.5561776782381486,93,0.3548387096774194,True,True,0.1267633520442757,0.07816161588397708,-0.1274773054877144,0.5682818766402675,0.9755340232201706,0.9943993682584739,0.341545352743561,50,0.42,True
AIR,AAR Corp.,Individual equity,2679,10.630952380952381,2016-01-04,2026-08-28,0.17148095351286474,-0.8177325581395349,0.20970297905590282,0.15973617558669195,-0.01174477792617279,-0.5979774090983154,0.2197551490412195,0.6247801269727914,0.26712744186700405,0.5199701381112355,99,0.30303030303030304,False,True,0.20617644326880802,0.034695489755943276,-0.21358661678802127,0.6041459413515137,1.0471292977656979,0.9653060026388842,0.3351997013811124,54,0.3888888888888889,True
AIZ,"Assurant, Inc.",Individual equity,2679,10.630952380952381,2016-01-04,2026-08-28,0.15134519730141416,-0.44636793765655436,0.3390592928694233,0.0780540425420313,-0.07329115475938286,-0.350636426038616,0.09573151161793836,0.49569484335228026,0.2226067708476903,0.559163867114595,98,0.2755102040816326,False,False,0.09974457499009026,-0.051600622311323896,-0.16391791138269118,0.2824500262738632,0.846885695928234,0.6085032083969241,0.3751399776035834,56,0.35714285714285715,False
AJG,Arthur J. Gallagher & Co.,Individual equity,2679,10.630952380952381,2016-01-04,2026-08-28,0.21537869798118692,-0.44404416037187755,0.4850389155006832,0.09323790502181306,-0.12214079295937386,-0.17333511656083078,0.27070904381104677,0.650481303195672,0.5379054566192988,0.5617767823814857,93,0.3763440860215054,False,True,0.14897301937308027,-0.06640567860810664,-0.1232375956873204,0.32080656468455715,1.3814176779533964,1.2088277002016172,0.4057484135871594,54,0.5740740740740741,False
AKAM,"Akamai Technologies, Inc. Common Stock",Individual equity,2679,10.630952380952381,2016-01-04,2026-08-28,0.07007531981473925,-0.4684382793017451,0.14959349590130344,0.04849216558770486,-0.021583154227034385,-0.36545812519201526,0.10298015410972983,0.3243076851652,0.13268870561360924,0.49570735349010825,100,0.3,False,False,0.09068316650586294,0.0206078466911237,-0.24076700598465406,0.22767127331709103,0.5994122705328618,0.37664283000488397,0.2971257932064203,53,0.39622641509433965,True
ALAB,"Astera Labs, Inc. Common Stock",Individual equity,613,2.4325396825396823,2024-03-20,2026-08-28,0.8837442466818863,-0.6369247651052743,1.387517482595949,1.1680734447116183,0.284329198029732,-0.3969317790774165,0.2399929860278578,1.4802386181868095,2.942756176959569,0.564437194127243,18,0.4444444444444444,True,True,1.4290937373270167,0.5453494906451304,-0.17256897152350092,0.46435579358177337,1.9352921073043214,8.28129022680302,0.29526916802610115,10,0.6,True
ALB,Albemarle Corporation,Individual equity,2679,10.630952380952381,2016-01-04,2026-08-28,0.10356759486024747,-0.8390321224080477,0.1234369842277377,0.3061144689368307,0.20254687407658323,-0.3478238979432139,0.4912082244648338,0.9715115191174004,0.8800846369297123,0.5636431504292646,104,0.28846153846153844,True,True,0.22505151031666704,0.12148391545641957,-0.2440393719085574,0.5949927504994903,1.022135018506134,0.9221934500019726,0.3131765584173199,59,0.2542372881355932,True
ALGN,"Align Technology, Inc. Common Stock",Individual equity,2679,10.630952380952381,2016-01-04,2026-08-28,0.08802185791921335,-0.8289127575624726,0.10618953215058874,0.3474014369539329,0.25937957903471953,-0.3706239360177378,0.4582888215447348,1.0637290095208596,0.9373421497992684,0.5595371407241508,90,0.35555555555555557,True,True,0.19820810836346237,0.11018625044424901,-0.31058571888760045,0.5183270386748722,0.9514174277914806,0.6381752164052107,0.339678984695782,55,0.34545454545454546,True
ALK,"Alaska Air Group, Inc.",Individual equity,2679,10.630952380952381,2016-01-04,2026-08-28,-0.049364628205382455,-0.7506086588334924,-0.0657661320908543,0.26491437108294824,0.3142789992883307,-0.5836704343094933,0.1669382245239991,0.941965551418728,0.4538766322751179,0.5658827920865995,100,0.3,True,True,0.049138863581290826,0.09850349178667328,-0.5206134912180558,0.2299951676154366,0.3528500541996794,0.09438645830388079,0.3191489361702128,57,0.2807017543859649,True
ALL,The Allstate Corporation,Individual equity,2679,10.630952380952381,2016-01-04,2026-08-28,0.1721468925802816,-0.41393747673985837,0.4158765568561177,0.07447512428303393,-0.09767176829724766,-0.2865076721531886,0.12742980458666975,0.5410906854421056,0.25994111684106636,0.5139977603583427,93,0.3225806451612903,False,False,0.10451540292604355,-0.06763148965423804,-0.21463255499792078,0.1993049217419376,0.968447030076456,0.4869503739870964,0.3598357596117954,54,0.3888888888888889,False
ALLE,Allegion Public Limited Company,Individual equity,2679,10.630952380952381,2016-01-04,2026-08-28,0.09935390017224854,-0.43251246882793004,0.22971337783969256,0.14562374795845834,0.046269847786209795,-0.4522847381121532,-0.019772269284223154,0.8160520656087357,0.32197360575617734,0.5546845837999254,90,0.37777777777777777,True,True,0.18040944666590097,0.08105554649365243,-0.1279936364183788,0.30451883240955124,1.3108114579919286,1.4095188769868852,0.356849570735349,44,0.4772727272727273,True
ALNY,"Alnylam Pharmaceuticals, Inc. Common Stock",Individual equity,2679,10.630952380952381,2016-01-04,2026-08-28,0.09199183649195186,-0.6685660018993348,0.13759574407105876,0.014895708850933387,-0.07709612764101847,-0.42305495466335274,0.24551104723598205,0.20219096368144204,0.035209867386582654,0.5255692422545726,102,0.28431372549019607,False,False,0.08060978076391168,-0.011382055728040186,-0.28037206694916206,0.38819393495017274,0.458798628905131,0.2875100278036189,0.2982456140350877,58,0.29310344827586204,False
AMAT,"Applied Materials, Inc. Common Stock",Individual equity,2679,10.630952380952381,2016-01-04,2026-08-28,0.36897604036850096,-0.5513739173780289,0.669193860534985,0.22545602407279097,-0.14352001629570998,-0.345513275989347,0.20586064138868188,0.8099141128816508,0.6525249237593473,0.5520716685330347,106,0.33962264150943394,False,False,0.2621900237110808,-0.10678601665742016,-0.27710838600491283,0.27426553137311604,1.1273652977174282,0.9461641615798392,0.3751399776035834,65,0.4461538461538462,False
AMCR,Amcor plc Ordinary Shares,Individual equity,1815,7.2023809523809526,2019-06-11,2026-08-28,0.021324802206442506,-0.4589302769818532,0.046466322393642644,0.06960806396426156,0.04828326175781905,-0.32678910243122017,0.132141174550633,0.45843642518885536,0.21300607470199248,0.5052341597796143,63,0.31746031746031744,True,True,0.02387579588811306,0.0025509936816705547,-0.26484483887830756,0.19408543810354562,0.26043772956807754,0.09015012710549232,0.2705234159779614,36,0.25,True
AMD,"Advanced Micro Devices, Inc. Common Stock",Individual equity,2679,10.630952380952381,2016-01-04,2026-08-28,0.619358158737932,-0.654499413254277,0.9463081955389128,0.30660439193213884,-0.31275376680579314,-0.4918172191089021,0.16268219414537488,0.8774827275201083,0.6234112593448016,0.49869354236655467,106,0.330188679245283,False,False,0.40638653339944786,-0.21297162533848413,-0.24435337502970955,0.4101460382245674,1.2603143037653477,1.6631099666621654,0.3027248973497574,63,0.38095238095238093,False
AME,"Ametek, Inc.",Individual equity,2679,10.630952380952381,2016-01-04,2026-08-28,0.15932332327985677,-0.4272093500102522,0.37293969168987834,0.12659831824623136,-0.03272500503362541,-0.15174072230716407,0.2754686277030881,0.8063536404744326,0.8343068117862408,0.5737215378872713,90,0.35555555555555557,False,True,0.11043495217785804,-0.04888837110199873,-0.1257184256859729,0.30149092432427926,0.997315655396796,0.8784309187398603,0.41209406494960804,53,0.41509433962264153,False
AMGN,Amgen Inc. Common Stock,Individual equity,2679,10.630952380952381,2016-01-04,2026-08-28,0.1324293178427811,-0.24857861148714044,0.5327462288509565,0.0933476428108917,-0.03908167503188942,-0.3017492520799089,-0.05317064059276844,0.6303515296146357,0.3093550097223488,0.5718551698394924,104,0.34615384615384615,False,False,0.1459449647081681,0.013515646865386977,-0.11769576189793318,0.13088284958920726,1.1601618436056467,1.2400188618068753,0.3594624860022396,52,0.46153846153846156,True
AMP,"Ameriprise Financial, Inc.",Individual equity,2679,10.630952380952381,2016-01-04,2026-08-28,0.19591436769023196,-0.5388523980666751,0.36357705448309136,0.1938823820571387,-0.0020319856330932584,-0.3524933803257486,0.18635901774092645,0.8332438090021879,0.5500312711630692,0.5949981336319522,95,0.4,False,True,0.21505943362990143,0.01914506593966947,-0.17692384822372897,0.3619285498429461,1.3268076820377035,1.2155480213043304,0.4154535274356103,51,0.5490196078431373,True
AMT,American Tower Corporation,Individual equity,2679,10.630952380952381,2016-01-04,2026-08-28,0.08475692849298788,-0.4534529907945938,0.18691447672330225,0.11998851118004339,0.03523158268705551,-0.3193249575143585,0.13412803328023526,0.7242656449340868,0.3757567592399917,0.5543113101903695,94,0.3191489361702128,True,True,0.09089182447544952,0.006134895982461641,-0.19570630501532527,0.2577466857792685,0.8024165259137089,0.4644297201785707,0.3296005972377753,50,0.36,True
AMZN,"Amazon.com, Inc. Common Stock",Individual equity,2679,10.630952380952381,2016-01-04,2026-08-28,0.22115963661250215,-0.5614514659377179,0.39390695372596196,0.2280837042911137,0.006924067678611534,-0.26799780973791276,0.2934536561998051,1.0380144583977633,0.8510655535363035,0.528555431131019,100,0.36,True,True,0.20930654935942483,-0.011853087253077321,-0.16126506189873846,0.4001864040389794,1.264069543281606,1.2979038788380126,0.3919372900335946,62,0.4032258064516129,False
ANET,Arista Networks,Individual equity,2679,10.630952380952381,2016-01-04,2026-08-28,0.41608219307888406,-0.5219191427179737,0.7972158118440961,0.33239178709167305,-0.083690405987211,-0.2558092366974549,0.26610990602051876,1.1971308299020518,1.2993736715019097,0.5125046659201195,92,0.34782608695652173,False,True,0.3813495795906716,-0.03473261348821244,-0.16826340558645914,0.35365573713151455,1.664321093247587,2.266384531214792,0.3826054497946995,57,0.40350877192982454,False
AON,Aon plc Class A,Individual equity,2679,10.630952380952381,2016-01-04,2026-08-28,0.14729954074556462,-0.3872590108968986,0.38036439850532155,0.08421087122474535,-0.06308866952081926,-0.36655630160396113,0.020702709292937493,0.61438401305077,0.2297351617098358,0.5091452034341172,94,0.32978723404255317,False,False,0.09379864971479002,-0.0535008910307746,-0.18944568842100107,0.19781332247589756,0.9525399194803537,0.49512158601542466,0.3658081373646883,55,0.36363636363636365,False
AOS,A.O. Smith Corporation,Individual equity,2679,10.630952380952381,2016-01-04,2026-08-28,0.06362648796233827,-0.468096143869964,0.13592611004292648,0.11484082757192304,0.05121433960958477,-0.21430700682466897,0.25378913704529504,0.6940927556195128,0.5358706151212209,0.5278088839119074,97,0.30927835051546393,True,True,0.08252631121220277,0.0188998232498645,-0.15133869879345485,0.31675744507650916,0.6905749899744197,0.545308713965049,0.3023516237402016,55,0.34545454545454546,True
APA,APA Corporation Common Stock,Individual equity,2679,10.630952380952381,2016-01-04,2026-08-28,0.021897576469048774,-0.9348699311400155,0.023423126297736463,0.29564769474057284,0.27375011827152407,-0.6770047202194763,0.25786521092053916,0.7946541113960055,0.4366996062372026,0.5442329227323628,92,0.358695652173913,True,True,0.17808960163479104,0.15619202516574227,-0.23213455553979456,0.7027353756002209,0.7431402787425433,0.7671826420701132,0.28294139604329976,52,0.34615384615384615,True
APD,"Air Products & Chemicals, Inc.",Individual equity,2679,10.630952380952381,2016-01-04,2026-08-28,0.1199216925415183,-0.31764546776211255,0.37753314532203147,0.1278377127719037,0.007916020230385401,-0.18921951703367168,0.12842595072844087,0.8498968931912092,0.6756053221991627,0.5416200074654722,97,0.27835051546391754,True,True,0.13125965150023577,0.011337958958717476,-0.09821746159364275,0.2194280061684698,1.147793601989383,1.3364186914471399,0.3501306457633445,56,0.35714285714285715,True
APH,Amphenol Corporation,Individual equity,2679,10.630952380952381,2016-01-04,2026-08-28,0.27899358970674526,-0.37562862669245656,0.7427378263562682,0.16305829824215157,-0.11593529146459369,-0.19424996238506131,0.18137866430739524,0.9070136580448575,0.8394251213234287,0.5472191116088092,100,0.34,False,True,0.1972670381426762,-0.08172655156406905,-0.13681616671901986,0.2388124599734367,1.398722543811298,1.4418401192879833,0.4154535274356103,60,0.4666666666666667,False
APO,"Apollo Global Management, Inc.",Individual equity,2679,10.630952380952381,2016-01-04,2026-08-28,0.2780197277751568,-0.5347826086956522,0.5198742877096428,0.2465806799690442,-0.03143904780611262,-0.20961547163893612,0.32516713705671607,1.0258113661539043,1.1763477096470287,0.5625233296005973,96,0.4166666666666667,False,True,0.25088252628651087,-0.027137201488645957,-0.16004484702326127,0.3747377616723909,1.3464052037770795,1.5675764071932103,0.3964165733482643,55,0.5272727272727272,False
APP,Applovin Corporation Class A Common Stock,Individual equity,1350,5.357142857142857,2021-04-15,2026-08-28,0.343999079080171,-0.9190248149760557,0.37430880371726805,0.5714547574710813,0.2274556783909103,-0.493866946605689,0.42515786837036673,1.1390884453294738,1.157102659731832,0.5414814814814815,49,0.46938775510204084,True,True,0.5405858589092296,0.1965867798290586,-0.34723584278381814,0.5717889721922376,1.371369864216079,1.5568262036986407,0.30814814814814817,27,0.5555555555555556,True
APTV,Aptiv PLC,Individual equity,2205,8.75,2017-11-17,2026-08-28,-0.1745684749494355,-0.8906796938108243,-0.19599467256577305,0.24207514409469422,0.4166436190441297,-0.33334768660079983,0.5573320072100245,0.897974842655688,0.7261941625069415,0.5356009070294785,80,0.375,True,True,0.13888486478420048,0.313453339733636,-0.19557134955540234,0.695108344255422,0.8694528976479303,0.7101493398697264,0.2743764172335601,39,0.3333333333333333,True
ARE,"Alexandria Real Estate Equities, Inc.",Individual equity,2679,10.630952380952381,2016-01-04,2026-08-28,-0.015581445269797878,-0.7791862717962915,-0.01999707365721075,0.15462567503471814,0.170207120304516,-0.29349137881608445,0.48569489298020707,0.7645860220021632,0.5268491212875247,0.5453527435610303,90,0.3333333333333333,True,True,0.10114152660463849,0.11672297187443637,-0.156813594157592,0.6223726776386995,0.8266238702064123,0.6449793281505614,0.3296005972377753,45,0.37777777777777777,True
ARES,Ares Management Corporation Class A Common Stock,Individual equity,2679,10.630952380952381,2016-01-04,2026-08-28,0.30684179864845884,-0.49973460721868435,0.6140095046773189,0.24138294550712525,-0.0654588531413336,-0.30502054442850535,0.194714062790179,1.0129246048813627,0.7913661880034566,0.5315416200074655,86,0.4186046511627907,False,True,0.23705530153578946,-0.06978649711266938,-0.1680422273652643,0.33169237985342004,1.2666068772815517,1.4106888801260362,0.4005225830533781,55,0.509090909090909,False
ARKK,ARK Innovation ETF,Factor/style ETF,2679,10.630952380952381,2016-01-04,2026-08-28,0.15190814499065297,-0.809143593045718,0.1877394152240045,0.34894072051506786,0.1970325755244149,-0.4010265019708563,0.4081170910748617,1.188896566083319,0.8701188544901363,0.5169839492347891,97,0.422680412371134,True,True,0.26244357779405236,0.11053543280339939,-0.25949870222114757,0.5496448908245705,1.4037240723072488,1.0113483248574984,0.3351997013811124,57,0.42105263157894735,True
ARKX,ARK Space & Defense Innovation ETF,Individual equity,1361,5.400793650793651,2021-03-30,2026-08-28,0.09031304846133215,-0.43610261237938397,0.20709128057862913,0.21318223475157505,0.1228691862902429,-0.14266552686005207,0.2934370855193319,1.1057155740824136,1.4942799388439256,0.5180014695077149,54,0.3148148148148148,True,True,0.1564954233411251,0.06618237487979295,-0.13942102908917808,0.2966815832902059,1.217677637521564,1.1224664196175578,0.2828802351212344,30,0.36666666666666664,True
ARM,Arm Holdings plc American Depositary Shares,Individual equity,742,2.9444444444444446,2023-09-14,2026-08-28,0.5678949272276264,-0.5397404269012123,1.0521630378662874,0.827186227034846,0.25929129980721966,-0.4201223270655674,0.11961809983564486,1.5588886675157485,1.9689175598271624,0.46765498652291104,26,0.38461538461538464,True,True,0.5287567149805952,-0.03913821224703118,-0.18758992363946625,0.352150503261746,1.4860826073437012,2.8186839928397536,0.22776280323450135,17,0.4117647058823529,False
ASML,ASML Holding N.V. New York Registry Shares,Individual equity,2679,10.630952380952381,2016-01-04,2026-08-28,0.33313136674217314,-0.5693871814092966,0.5850700149547378,0.16220506648835942,-0.17092630025381372,-0.322057856828843,0.24732932458045354,0.6794300428650148,0.5036519465338272,0.5759611795446062,115,0.28695652173913044,False,False,0.22201408435424974,-0.1111172823879234,-0.21727746775869838,0.3521097136505982,1.0870059599346653,1.0217998517950868,0.391190742814483,66,0.36363636363636365,False
ASTS,"AST SpaceMobile, Inc. Class A Common Stock",Individual equity,1714,6.801587301587301,2019-11-01,2026-08-28,0.29952126321321204,-0.910666666666667,0.32890329049767053,0.24969772860786676,-0.04982353460534528,-0.5345764112450314,0.37609025542163554,0.6727653469092452,0.46709455066735805,0.49008168028004667,74,0.3108108108108108,False,True,0.2374574488307608,-0.06206381438245123,-0.36630051539344166,0.5443661512732253,0.7463886121430591,0.6482585714511182,0.20420070011668612,45,0.3111111111111111,False
ASX,"ASE Technology Holding Co., Ltd.",Individual equity,2679,10.630952380952381,2016-01-04,2026-08-28,0.2344333475276006,-0.5556690500510718,0.4218938368189729,0.2222346271990534,-0.012198720328547186,-0.3489486399908167,0.2067204100602551,0.9090562067225251,0.6368691598995828,0.5233296005972378,111,0.3153153153153153,False,True,0.1889282231737126,-0.04550512435388798,-0.3513946631593867,0.2042743868916851,0.9822265713201294,0.5376525114953665,0.3486375513251213,67,0.3582089552238806,False
ATO,Atmos Energy Corporation,Individual equity,2679,10.630952380952381,2016-01-04,2026-08-28,0.1234219034186288,-0.3291238374938815,0.37500141089271066,0.021487093161176585,-0.10193481025745221,-0.30767569748356405,0.021448140010317474,0.22295463793628092,0.0698368227874885,0.561030235162374,93,0.2903225806451613,False,False,0.0390416824830897,-0.0843802209355391,-0.21002150660332852,0.119102330890553,0.432709452670707,0.18589373590595387,0.3661814109742441,56,0.3392857142857143,False
AVAV,"AeroVironment, Inc. Common Stock",Individual equity,2679,10.630952380952381,2016-01-04,2026-08-28,0.1673671777914607,-0.6664958641387898,0.251115103328846,0.3298181688842101,0.1624509910927494,-0.38243376210204183,0.284062102036748,1.119751126830489,0.8624190685240999,0.5031728256812243,93,0.41935483870967744,True,True,0.27867651818018957,0.11130934038872886,-0.27460821793437407,0.39188764620441574,1.3153255132636963,1.014814925337696,0.2795819335572975,55,0.41818181818181815,True
AVGO,Broadcom Inc. Common Stock,Individual equity,2679,10.630952380952381,2016-01-04,2026-08-28,0.3916260656293511,-0.4829320876751706,0.8109340332191103,0.1718085048573761,-0.219817560771975,-0.27031146344797985,0.21262062422719075,0.7137176635611859,0.6355945939763661,0.5173572228443449,102,0.3235294117647059,False,False,0.20815104289621944,-0.18347502273313165,-0.16842483222457127,0.3145072554505993,1.0414894266528807,1.2358690826461904,0.3784994400895857,61,0.3770491803278688,False
AVY,Avery Dennison Corp.,Individual equity,2679,10.630952380952381,2016-01-04,2026-08-28,0.12589344653690215,-0.4352103663413853,0.28927033056503415,0.11439005300609217,-0.01150339353080998,-0.2248956683309271,0.2103146980104582,0.7103880590641479,0.5086360882583595,0.5535647629712579,97,0.30927835051546393,False,True,0.09222410165551231,-0.03366934488138984,-0.20787348147894358,0.22733688486244175,0.7968939665188702,0.44365496262135823,0.3508771929824561,56,0.32142857142857145,False
AWK,"American Water Works Company, Inc",Individual equity,2679,10.630952380952381,2016-01-04,2026-08-28,0.10309736227804134,-0.37100376116596046,0.2778876471603289,0.05513467504132241,-0.047962687236718926,-0.24082233988022828,0.13018142128573218,0.43467349724085,0.2289433574507388,0.5300485255692422,96,0.3020833333333333,False,False,0.06314774143268242,-0.03994962084535891,-0.1624475057859539,0.20855625538000655,0.6289776506637392,0.3887270606412876,0.3281075027995521,55,0.34545454545454546,False
AXON,"Axon Enterprise, Inc. Common Stock",Individual equity,2679,10.630952380952381,2016-01-04,2026-08-28,0.3997316724085498,-0.6028106593797717,0.6631131453777398,0.2146650397432921,-0.1850666326652577,-0.2940640747570693,0.30874658462270244,0.804904863449289,0.7299941005055788,0.5677491601343785,108,0.37962962962962965,False,True,0.29876013727383266,-0.10097153513471713,-0.2906716631503271,0.31213899622944463,1.344237667383759,1.0278268408961573,0.3527435610302352,60,0.48333333333333334,False
AXP,American Express Company,Individual equity,2679,10.630952380952381,2016-01-04,2026-08-28,0.1786153105104158,-0.49634572608833794,0.3598606800104217,0.12058560258922268,-0.05802970792119311,-0.37315694648715503,0.12318877960118291,0.6822457563863287,0.3231498266999929,0.5502053004852557,103,0.33980582524271846,False,False,0.13646334226143764,-0.042151968248978156,-0.13778005622982326,0.3585656698585147,1.1367788627921023,0.9904433631077253,0.372153788727137,59,0.4067796610169492,False
AZN,AstraZeneca PLC,Individual equity,145,0.5753968253968254,2026-02-02,2026-08-28,-0.20172245216581774,-0.25342862661773224,-0.7959734259622245,-0.07886307677743953,0.12285937538837821,-0.14068873538707194,0.1127398912306603,-0.2750489833574079,-0.5605500437577062,0.5172413793103449,6,0.16666666666666666,True,True,-0.060714576137827825,0.14100787602798992,-0.06892190946282672,0.18450671715490552,-0.45352168037962864,-0.8809183699498988,0.1310344827586207,2,0.0,True
AZO,"AutoZone, Inc.",Individual equity,2679,10.630952380952381,2016-01-04,2026-08-28,0.14001371798247852,-0.42142400000000046,0.3322395449297581,0.10096085898036433,-0.03905285900211419,-0.1768057360489469,0.24461826395105357,0.6181706079279341,0.5710270562286188,0.5427398282941396,101,0.31683168316831684,False,True,0.1182503460304487,-0.02176337195202982,-0.13528136298776017,0.2861426370122403,0.9387012664495132,0.8741067019050335,0.3617021276595745,55,0.38181818181818183,False
BA,Boeing Company,Individual equity,2679,10.630952380952381,2016-01-04,2026-08-28,0.04913147971747511,-0.7792005577504063,0.06305370193691893,0.19801196975249113,0.14888049003501602,-0.41687377254595037,0.36232678520445594,0.7765274041900474,0.4749926303667018,0.49794699514744306,97,0.27835051546391754,True,True,0.18904375570951992,0.1399122759920448,-0.2092807875236773,0.569919770226729,1.1601572994011402,0.9033020084948418,0.28331466965285557,48,0.375,True
BABA,"Alibaba Group Holding Limited American Depositary Shares, each represents eight Ordinary Shares",Individual equity,2679,10.630952380952381,2016-01-04,2026-08-28,0.04797370977162663,-0.8008769580934527,0.05990147336218989,0.2904136234764214,0.24243991370479478,-0.39177237334861004,0.4091045847448427,1.0426537282645432,0.7412815278273929,0.5393803658081374,106,0.29245283018867924,True,True,0.1680538092812458,0.12008009950961918,-0.2703094470385269,0.5305675110549258,0.8689868312636623,0.6217089751113778,0.3023516237402016,59,0.2542372881355932,True
BAC,Bank of America Corporation,Individual equity,2679,10.630952380952381,2016-01-04,2026-08-28,0.15843506166493504,-0.48931975024646734,0.32378636175043474,0.16444702393063348,0.006011962265698445,-0.3836823635374981,0.10563738670896927,0.8038477941401432,0.4286019884115985,0.593505039193729,103,0.36893203883495146,True,True,0.15961306569650136,0.0011780040315663154,-0.1896330243821276,0.29968672586433975,1.1547331143174155,0.8416944581069734,0.3982829413960433,53,0.4339622641509434,True
BALL,Ball Corporation,Individual equity,2679,10.630952380952381,2016-01-04,2026-08-28,0.06620009046928788,-0.5508825452168232,0.12017097118811781,0.0944254828547475,0.028225392385459624,-0.28348035789113124,0.267402187325692,0.5984467955557699,0.33309356442611443,0.5681224337439343,100,0.37,True,True,0.07799864165969295,0.011798551190405071,-0.2561031320199636,0.29477941319685963,0.7235220749020476,0.30455949930988285,0.3251213139231056,51,0.43137254901960786,True
BAX,Baxter International Inc.,Individual equity,2679,10.630952380952381,2016-01-04,2026-08-28,-0.017720326256292163,-0.8114401719608308,-0.02183811803829148,0.18934807979759039,0.20706840605388255,-0.1954629522260466,0.6159772197347843,1.018615328256295,0.9687159517503626,0.5684957073534901,92,0.3804347826086957,True,True,0.16479502760988352,0.18251535386617568,-0.12317623671715705,0.6882639352436738,1.423241487518945,1.337880032723304,0.3202687569988802,44,0.5227272727272727,True
BBY,"Best Buy Company, Inc.",Individual equity,2679,10.630952380952381,2016-01-04,2026-08-28,0.13871564418760696,-0.5259057971014494,0.26376519321928704,0.08595369754369742,-0.05276194664390954,-0.33362353557619595,0.1922822615252534,0.45381565426480536,0.2576367923061787,0.505785740948115,102,0.3137254901960784,False,False,0.1398644623029457,0.0011488181153387345,-0.18677986973569316,0.3391259273657562,0.8862097178776722,0.7488197871690556,0.2855543113101904,55,0.38181818181818183,True
BDX,"Becton, Dickinson and Co.",Individual equity,2679,10.630952380952381,2016-01-04,2026-08-28,0.06330120004880446,-0.4005807587946879,0.15802356618244015,0.05994588918983701,-0.003355310858967453,-0.24700361275678961,0.1535771460378983,0.4468631962396871,0.24269235790029642,0.5009331840238895,91,0.2967032967032967,False,True,0.08790547306193153,0.024604273013127065,-0.12248253064229042,0.2780982281523975,0.8998953170315545,0.7176980472313965,0.3098170959313177,50,0.36,True
BEN,"Franklin Templeton, Inc.",Individual equity,2679,10.630952380952381,2016-01-04,2026-08-28,0.044597563829713804,-0.6209952283571916,0.07181627457540082,0.14604662505259136,0.10144906122287756,-0.34038520969589636,0.2806100186612952,0.7575684063470137,0.4290627820846591,0.522956326987682,96,0.34375,True,True,0.09905746338633525,0.05445989955662145,-0.2213774054871951,0.3996178228699965,0.7318708841039046,0.44745968166143735,0.2706233669279582,50,0.32,True
BF.B,Brown-Forman Corporation Class B,Individual equity,2679,10.630952380952381,2016-01-04,2026-08-28,-0.01504506088930102,-0.6896030765004797,-0.02181698632443754,0.05884840395027546,0.07389346483957648,-0.3388773768547544,0.3507256996457253,0.4062189068632171,0.17365692716483216,0.5192235908921239,97,0.32989690721649484,True,True,0.047545235065478364,0.06259029595477938,-0.20819553786528333,0.48140753863519636,0.47746850814352176,0.22836817519232022,0.269130272489735,49,0.3673469387755102,True
BG,Bunge Global SA,Individual equity,2679,10.630952380952381,2016-01-04,2026-08-28,0.08563887523915947,-0.6049402390438254,0.14156584355261462,0.06745006819867605,-0.018188807040483423,-0.35769884638473437,0.24724139265909106,0.44085037221493345,0.18856663609736102,0.4748040313549832,100,0.3,False,True,0.0760774502105499,-0.009561425028609571,-0.2456431031913161,0.35929713585250933,0.6246572394475016,0.3097072509758107,0.2721164613661814,55,0.2909090909090909,False
BIDU,"Baidu, Inc. ADS",Individual equity,2679,10.630952380952381,2016-01-04,2026-08-28,-0.058350119195129335,-0.7747344885410843,-0.07531627939400173,0.2676364896356256,0.3259866088307549,-0.4179359056884281,0.3567985828526562,0.9111298912517491,0.640376875958461,0.47069802164986935,97,0.31958762886597936,True,True,0.1492516512077815,0.20760177040291083,-0.3412298148948696,0.4335046736462147,0.7509928746213066,0.4373933480981574,0.22321761851437102,52,0.3076923076923077,True
BIIB,Biogen Inc. Common Stock,Individual equity,2679,10.630952380952381,2016-01-04,2026-08-28,-0.0277244711468565,-0.7266041330086086,-0.03815622549800171,0.03780432973581771,0.06552880088267421,-0.44381236534881985,0.28279176765978875,0.28975968599863655,0.08518088428226854,0.4669652855543113,90,0.25555555555555554,True,True,0.003396998895817349,0.03112147004267385,-0.33584032669972874,0.39076380630887986,0.08953338536044263,0.010114922556202041,0.2123926838372527,47,0.23404255319148937,True
BIL,State Street SPDR Bloomberg 1-3 Month T-Bill ETF,Bond ETF,2679,10.630952380952381,2016-01-04,2026-08-28,0.021356061061763354,-0.0020792722547081643,10.270930616905085,0.020487923566922417,-0.000868137494840937,-0.0031079775736702064,-0.001028705318962042,7.790692047834795,6.592043565722469,0.8223217618514371,7,0.42857142857142855,False,False,0.020594693101945838,-0.000761367959817516,-0.001998602014014139,8.067024069402517e-05,8.011642368788074,10.304549358770005,0.7472937663307204,5,0.6,False
BKNG,Booking Holdings Inc. Common Stock,Individual equity,2679,10.630952380952381,2016-01-04,2026-08-28,0.144922218157292,-0.4777224858234005,0.3033606800138467,0.11312868164359058,-0.031793536513701426,-0.37903186869790173,0.09869061712549876,0.6016988071436359,0.29846746668617746,0.5307950727883539,103,0.30097087378640774,False,False,0.10148021582384792,-0.043442002333444085,-0.31164422315611195,0.16607826266728853,0.7246909254671975,0.32562841947182003,0.36916759985069053,57,0.3684210526315789,False
BKR,Baker Hughes Company Class A Common Stock,Individual equity,2301,9.130952380952381,2017-07-05,2026-08-28,0.0870692348776414,-0.7350320620992236,0.11845637675855251,0.2888768228693712,0.20180758799172982,-0.36253050831684874,0.3725015537823748,0.9634346267697029,0.7968345180397761,0.5684485006518905,73,0.3835616438356164,True,True,0.244773227778887,0.1577039929012456,-0.17669736544480086,0.5583346966544227,1.1724995475723274,1.385268123057288,0.33289873967840067,37,0.4864864864864865,True
BLDR,"Builders FirstSource, Inc.",Individual equity,2679,10.630952380952381,2016-01-04,2026-08-28,0.18553632227248484,-0.6873342175066316,0.26993610611375496,0.2607118089405098,0.07517548666802498,-0.31618273780229633,0.37115147970433526,0.8536312125447542,0.8245605397456216,0.5815602836879432,92,0.31521739130434784,True,True,0.17848883925435333,-0.007047483018131517,-0.2945923642512931,0.3927418532553385,0.8298518914575912,0.6058841331749483,0.3542366554684584,58,0.27586206896551724,False
BLK,"Blackrock, Inc.",Individual equity,2679,10.630952380952381,2016-01-04,2026-08-28,0.15281681617887677,-0.4390131107360036,0.34809169120867495,0.24740012516826426,0.0945833089893875,-0.20763302581731302,0.23138008491869055,1.2624171274595386,1.1915258865703788,0.5785740948114968,93,0.40860215053763443,True,True,0.18868139303860465,0.03586457685972788,-0.17925977205063925,0.2597533386853643,1.3988072940696896,1.052558479128847,0.3792459873086973,56,0.42857142857142855,True
BMY,Bristol-Myers Squibb Co.,Individual equity,2679,10.630952380952381,2016-01-04,2026-08-28,0.034174062717678755,-0.4766341534430053,0.07169872840798262,0.1290821517306704,0.09490808901299164,-0.27609545177599537,0.20053870166700993,0.7936783652833715,0.4675272660246452,0.5423665546845838,94,0.30851063829787234,True,True,0.10368565322304724,0.06951159050536848,-0.12801659039058189,0.3486175630524234,0.8879442925993903,0.8099391876216955,0.3109369167599851,47,0.3617021276595745,True
BND,Vanguard Total Bond Market ETF,Bond ETF,2679,10.630952380952381,2016-01-04,2026-08-28,0.017725137619168052,-0.18581808396125155,0.09538973409533302,0.024098493014336864,0.0063733553951688116,-0.07420005454825129,0.11161802941300025,0.6916873427097953,0.3247772951253821,0.5502053004852557,101,0.3069306930693069,True,True,0.011467788437922621,-0.006257349181245431,-0.06013406925633458,0.12568401470491697,0.4696127539852682,0.1907036822843083,0.3310936916759985,59,0.3389830508474576,False
BNDX,Vanguard Charlotte Funds Vanguard Total International Bond ETF,Bond ETF,2679,10.630952380952381,2016-01-04,2026-08-28,0.019414102438479297,-0.16248184270595345,0.11948475051217493,0.020698260518403844,0.0012841580799245467,-0.08225791274617456,0.0802239299597789,0.7440025612747151,0.25162637644688385,0.545726017170586,110,0.3181818181818182,True,True,0.017232662310888935,-0.0021814401275903617,-0.03510046365475372,0.12738137905119973,0.8912682300267227,0.49095255494025597,0.3628219484882419,59,0.423728813559322,False
BNO,"United States Brent Oil Fund, LP",Commodity ETF,2679,10.630952380952381,2016-01-04,2026-08-28,0.14450156697909278,-0.7517554729450643,0.19221884266834258,0.23856895733121464,0.09406739035212186,-0.3414773678638031,0.41027810508126117,0.9959468404142355,0.6986376837318452,0.5319148936170213,108,0.2962962962962963,True,True,0.244683001874902,0.10018143489580922,-0.21290701186510186,0.5388484610799624,1.4849436076081293,1.149248208085948,0.3351997013811124,58,0.3620689655172414,True
BNY,Bank of New York Mellon Corporation,Individual equity,2679,10.630952380952381,2016-01-04,2026-08-28,0.2246210270239073,-0.4639724310776939,0.4841258057125676,0.19542987063687156,-0.029191156387035733,-0.23712605574005186,0.22684637533764207,1.01595027522325,0.824160255299445,0.5692422545726017,90,0.34444444444444444,False,True,0.2066904602624875,-0.017930566761419797,-0.12411573086064409,0.33985670021704983,1.6047203693506094,1.6653042996987826,0.40164240388204553,53,0.49056603773584906,False
BR,Broadridge Financial Solutions Inc,Individual equity,2679,10.630952380952381,2016-01-04,2026-08-28,0.14483198499082528,-0.4820848151122332,0.3004284317835384,0.11392974344809592,-0.03090224154272936,-0.2800837008899191,0.20200111422231415,0.7195802665431854,0.4067703443153001,0.576334453154162,97,0.31958762886597936,False,True,0.10204619504927526,-0.04278578994155002,-0.3396168236109507,0.14246799150128253,0.938261676767912,0.3004744993615942,0.3799925345278089,57,0.3508771929824561,False
BRK.B,BERKSHIRE HATHAWAY Class B,Individual equity,2679,10.630952380952381,2016-01-04,2026-08-28,0.13553881960985859,-0.2956993918331886,0.4583669204376295,0.09875547391900641,-0.036783345690852176,-0.13493110660298835,0.16076828523020026,0.8017737863356242,0.7318955310251584,0.5449794699514744,98,0.32653061224489793,False,True,0.10679668085273497,-0.028742138757123614,-0.10475908789233424,0.19094030394085437,1.175473938958551,1.0194502739704536,0.3538633818589026,57,0.40350877192982454,False
BRO,"Brown & Brown, Inc.",Individual equity,2679,10.630952380952381,2016-01-04,2026-08-28,0.1658086369187779,-0.5585123697916663,0.29687549620544135,0.11517344931108009,-0.05063518760769781,-0.1865250615054781,0.3719873082861882,0.7625547314245895,0.6174690327481679,0.5524449421425905,94,0.3617021276595745,False,True,0.12968512499749374,-0.03612351192128416,-0.1280254178932997,0.4304869518983666,1.2068481570233591,1.0129638874178666,0.3878312803284808,56,0.42857142857142855,False
BSX,Boston Scientific Corp.,Individual equity,2679,10.630952380952381,2016-01-04,2026-08-28,0.09418825837818634,-0.6057887923062695,0.15548035812879063,0.13592154173707138,0.04173328335888504,-0.24335985921184156,0.3624289330944279,0.7750543254387757,0.5585207937630892,0.5815602836879432,91,0.3076923076923077,True,True,0.12619728442035694,0.032009026042170596,-0.16561133591556065,0.4401774563907088,0.9960016337201321,0.7620087340198769,0.40164240388204553,50,0.36,True
BTC/USD,Bitcoin  / US Dollar,Crypto,2068,8.206349206349206,2021-01-01,2026-08-30,0.1262261375165501,-0.7668092653528407,0.164612170483449,0.27704218841706907,0.15081605090051897,-0.24822502274732072,0.5185842426055199,1.0097107248187578,1.116092911789488,0.4269825918762089,70,0.34285714285714286,True,True,0.20600239548636168,0.07977625796981158,-0.2267177135441263,0.5400915518087144,1.0467666587462738,0.9086294681878363,0.2683752417794971,43,0.32558139534883723,True
BWXT,"BWX Technologies, Inc.",Individual equity,2679,10.630952380952381,2016-01-04,2026-08-28,0.17353697384682376,-0.4774746687451279,0.36344749827860795,0.17963818710945945,0.006101213262635685,-0.29602195514872764,0.18145271359640025,0.9669639787861554,0.6068407561837954,0.5072788353863382,93,0.3655913978494624,True,True,0.16070862609571246,-0.012828347751111302,-0.21922105788673663,0.25825361085839127,1.111253917401531,0.7330893648854876,0.3374393430384472,54,0.4074074074074074,False
BX,Blackstone Inc.,Individual equity,2679,10.630952380952381,2016-01-04,2026-08-28,0.21648628074831455,-0.49285714285714355,0.43924752615599993,0.2595358842595865,0.04304960351127196,-0.36486514467876696,0.1279919981783766,1.1054340080273284,0.7113200261649711,0.555431131019037,92,0.40217391304347827,True,True,0.20839880334881933,-0.008087477399495224,-0.203757344858987,0.28909979799815655,1.2150872612078152,1.0227793432086805,0.3762597984322508,51,0.5098039215686274,False
BXP,"BXP, Inc.",Individual equity,2679,10.630952380952381,2016-01-04,2026-08-28,-0.014666429002543002,-0.6359723002058767,-0.02306142735744181,0.13287852535930988,0.1475449543618529,-0.33411601075072983,0.30185628945514686,0.6553787966146846,0.3977017595198246,0.5416200074654722,86,0.37209302325581395,True,True,0.11823600577418847,0.13290243477673147,-0.15693181923837207,0.4790404809675046,0.9237082540826013,0.7534227688687756,0.3045912653975364,41,0.4878048780487805,True
C,Citigroup Inc.,Individual equity,2679,10.630952380952381,2016-01-04,2026-08-28,0.12604975677895025,-0.5650431565967944,0.22307987506323754,0.2123692716280401,0.08631951484908984,-0.3369937177586122,0.22804943883818218,0.9468308426202481,0.6301876279490756,0.541993281075028,98,0.3469387755102041,True,True,0.1462613772102388,0.020211620431288546,-0.23835256650655812,0.32669059009023627,1.029512680106671,0.6136345807135016,0.3557297499066816,54,0.3888888888888889,True
CAH,"Cardinal Health, Inc.",Individual equity,2679,10.630952380952381,2016-01-04,2026-08-28,0.12690554514238195,-0.48436569386539474,0.262003578597061,0.12719825243946592,0.0002927072970839717,-0.26885628832125974,0.215509405544135,0.7338244260576621,0.47310871259025616,0.5304217991787981,92,0.34782608695652173,True,True,0.15554979368521193,0.028644248542829986,-0.1913846661716666,0.29298102769372814,1.1290193583806571,0.812759960328735,0.3310936916759985,57,0.40350877192982454,True
CARR,Carrier Global Corporation,Individual equity,1609,6.384920634920635,2020-04-03,2026-08-28,0.23169359381286703,-0.40824590465672705,0.5675343981899493,0.21950815300220827,-0.012185440810658754,-0.2572269312279053,0.15101897342882176,0.9917977056276873,0.8533638058595122,0.5612181479179614,58,0.29310344827586204,False,True,0.26092469408024366,0.02923110026737663,-0.12394488037680185,0.2843010242799252,1.4598381817739867,2.105167178240947,0.32753262896208823,31,0.3870967741935484,True
CASY,"Casey's General Stores, Inc. Common Stock",Individual equity,2679,10.630952380952381,2016-01-04,2026-08-28,0.20164673341473427,-0.3340988689211689,0.6035540738759971,0.03599957716618585,-0.16564715624854842,-0.35876321492162333,-0.024664346000454418,0.29496320283352456,0.10034355716778388,0.5811870100783875,93,0.24731182795698925,False,False,0.0981128630637238,-0.10353387035101047,-0.13890535112516167,0.19519351779600724,0.8488563854667489,0.7063288942361803,0.3840985442329227,55,0.34545454545454546,False
CAT,Caterpillar Inc.,Individual equity,2679,10.630952380952381,2016-01-04,2026-08-28,0.29116792792495994,-0.4335869337614294,0.6715329850902932,0.2594526325323807,-0.031715295392579224,-0.22143729504503873,0.2121496387163907,1.2154206564185526,1.1716754058055574,0.5251959686450168,92,0.3804347826086957,False,True,0.2610115693816921,-0.030156358543267814,-0.141782586173542,0.2918043475878874,1.4719511655524689,1.8409282580176225,0.3792459873086973,56,0.4642857142857143,False
CB,Chubb Limited,Individual equity,2679,10.630952380952381,2016-01-04,2026-08-28,0.12872970165539388,-0.4259421560035057,0.3022234353679103,0.004016213582611838,-0.12471348807278204,-0.25854976095770454,0.16739239504580117,0.10518971451014889,0.015533619399744252,0.5128779395296752,103,0.30097087378640774,False,False,0.04496606116941959,-0.08376364048597429,-0.20254342076713527,0.22339873523637044,0.4438567978231434,0.22200701952751747,0.3561030235162374,62,0.3709677419354839,False
CBOE,"Cboe Global Markets, Inc.",Individual equity,2679,10.630952380952381,2016-01-04,2026-08-28,0.175438633044392,-0.4344523401127176,0.40381560149699014,0.08384072112529317,-0.09159791191909883,-0.29389371038743883,0.14055862972527877,0.5401874160047168,0.28527565634108437,0.5125046659201195,87,0.2988505747126437,False,False,0.11388014090134368,-0.061558492143048316,-0.18684192070550354,0.24761041940721407,0.9529888773762362,0.6094999477169755,0.3665546845837999,51,0.39215686274509803,False
CBRE,"CBRE GROUP, INC.",Individual equity,2679,10.630952380952381,2016-01-04,2026-08-28,0.1501385187401001,-0.5357198443579767,0.28025566034431815,0.09435000336986077,-0.05578851537023932,-0.29073085125293585,0.24498899310504085,0.5259410390677892,0.3245269738772108,0.561030235162374,106,0.32075471698113206,False,True,0.12068751025708213,-0.02945100848301796,-0.16443947200395737,0.37128037235401934,0.8665030403538353,0.7339327278682681,0.3766330720418066,57,0.40350877192982454,False
CCEP,Coca-Cola Europacific Partners plc Ordinary Shares,Individual equity,2679,10.630952380952381,2016-01-04,2026-08-28,0.10834498288438099,-0.48775425487754276,0.2221302670369989,0.11786260194405562,0.009517619059674631,-0.24423654817888008,0.24351770669866268,0.7096685489642236,0.48257561295753515,0.5319148936170213,93,0.3548387096774194,True,True,0.1101444233190112,0.0017994404346302062,-0.15247375390472573,0.33528050097281703,1.006087519733718,0.7223828396580023,0.3572228443449048,48,0.4583333333333333,True
CCI,Crown Castle Inc.,Individual equity,2679,10.630952380952381,2016-01-04,2026-08-28,0.03097840865913737,-0.5579775415840996,0.05551909593205058,0.07521510388156738,0.04423669522243001,-0.32705230576127264,0.23092523582282698,0.5122950720575264,0.22997882160314018,0.5770810003732736,97,0.30927835051546393,True,True,0.03833743693042124,0.007359028271283874,-0.19968848942305062,0.358289052161049,0.40064776160856025,0.1919862133325139,0.3116834639790967,53,0.32075471698113206,True
CCL,Carnival Corporation Ltd.,Individual equity,2679,10.630952380952381,2016-01-04,2026-08-28,-0.05767323277568448,-0.9036519871106337,-0.06382239357442322,0.17899934427300668,0.23667257704869116,-0.6280393321918114,0.27561265491882225,0.6251453280208747,0.2850129523708524,0.5121313923105636,105,0.3047619047619048,True,True,0.07984985816343815,0.13752309093912263,-0.4900440790471867,0.41360790806344694,0.44951122747877553,0.16294423619747345,0.2788353863381859,60,0.3333333333333333,True
CDNS,"Cadence Design Systems, Inc. Common Stock",Individual equity,2679,10.630952380952381,2016-01-04,2026-08-28,0.3023282730888057,-0.31917020744813784,0.9472321226533377,0.19702401804754732,-0.1053042550412584,-0.3075646418446042,0.011605565603533652,0.9253897979903334,0.6405938500144399,0.5479656588279209,94,0.2978723404255319,False,False,0.23170318337931817,-0.07062508970948755,-0.20983909857309124,0.1093311088750466,1.3849103380730132,1.104194523112723,0.3878312803284808,57,0.3333333333333333,False
CDW,CDW Corporation Common Stock,Individual equity,2679,10.630952380952381,2016-01-04,2026-08-28,0.14244935420232863,-0.6036388575116984,0.23598440098692283,0.13745907546209546,-0.004990278740233167,-0.32529409427914346,0.27834476323255497,0.7217612412554657,0.4225686167672574,0.5524449421425905,103,0.3300970873786408,False,True,0.13071967238397275,-0.011729681818355875,-0.19052325559305594,0.4131156019186425,0.9635089490932295,0.6861087481266887,0.3475177304964539,59,0.423728813559322,False
CEG,Constellation Energy Corporation Common Stock,Individual equity,1147,4.551587301587301,2022-02-02,2026-08-28,0.4498397398047662,-0.5070352927495784,0.8871961108769194,0.21790702644645754,-0.23193271335830867,-0.35572063213011673,0.15131466061946164,0.814646334342109,0.6125791049610829,0.4673060156931125,41,0.2682926829268293,False,False,0.32134940847478144,-0.12849033132998477,-0.18863243215643644,0.31840286059314193,1.2910638865132933,1.7035745380639544,0.3086312118570183,24,0.3333333333333333,False
CF,"CF Industries Holding, Inc.",Individual equity,2679,10.630952380952381,2016-01-04,2026-08-28,0.14423950652893658,-0.6048981361074977,0.23845255575941052,0.06692721690480607,-0.0773122896241305,-0.4879004931623844,0.11699764294511328,0.37211872578479355,0.13717390706250254,0.5244494214259052,98,0.2755102040816326,False,False,0.11284301394454754,-0.031396492584389035,-0.29416335379180214,0.3107347823156955,0.6478399564262088,0.3836066338311251,0.3008585293019784,57,0.2982456140350877,False
CFG,"Citizens Financial Group, Inc.",Individual equity,2679,10.630952380952381,2016-01-04,2026-08-28,0.13908630454195792,-0.6560642092746736,0.21200105504265793,0.2310482571436212,0.09196195260166329,-0.33570145392483586,0.3203627553498377,0.8994590691442769,0.688255157796705,0.5625233296005973,92,0.3695652173913043,True,True,0.19552499118525346,0.056438686643295544,-0.1918879136010303,0.46417629567364327,1.1531191463447472,1.0189541775506783,0.3557297499066816,49,0.46938775510204084,True
CHD,"Church & Dwight Co., Inc.",Individual equity,2679,10.630952380952381,2016-01-04,2026-08-28,0.10133675855190472,-0.31721901287118603,0.31945360914749077,0.1165492102227057,0.015212451670800986,-0.16417967621374785,0.15303933665743819,0.8898702889785457,0.7098881719742742,0.5151175811870101,85,0.4,True,True,0.11354115142781329,0.012204392875908576,-0.10534604822639637,0.21187296464478966,1.126822173060497,1.077792222293949,0.3277342291899963,41,0.5609756097560976,True
CHRW,"C.H. Robinson Worldwide, Inc. Common Stock",Individual equity,2679,10.630952380952381,2016-01-04,2026-08-28,0.11236580441666333,-0.40556422734367836,0.27706044281228887,0.08210924721717205,-0.030256557199491274,-0.24922508802365717,0.1563391393200212,0.5506732646054261,0.3294581932673568,0.49608062709966405,94,0.2978723404255319,False,True,0.11192482890978206,-0.0004409755068812693,-0.143347488956737,0.2622167383869414,0.9785316556895339,0.7807937880485758,0.3079507278835386,51,0.3333333333333333,False
CHTR,"Charter Communications, Inc. Class A Common Stock New",Individual equity,2679,10.630952380952381,2016-01-04,2026-08-28,-0.013515049159853909,-0.8498069451042009,-0.015903669930817915,0.20540501344227868,0.2189200626021326,-0.2061914873793954,0.6436154577248054,0.9355205039971397,0.9961857109276796,0.5875326614408362,90,0.3888888888888889,True,True,0.11136898884582935,0.12488403800568326,-0.1718652882654439,0.677941656838757,0.8446691836377475,0.6480016411098748,0.3389324374766704,46,0.5,True
CI,The Cigna Group,Individual equity,2679,10.630952380952381,2016-01-04,2026-08-28,0.07258760842770928,-0.42469437652811615,0.1709172817900586,0.033523903351279305,-0.03906370507642998,-0.3950701890751639,0.029624187452952255,0.26787336918523397,0.08485556308299746,0.49384098544232924,107,0.2616822429906542,False,False,0.058729320806326646,-0.013858287621382637,-0.21210150590468535,0.2125928706234308,0.5337116659662675,0.27689252160575684,0.2877939529675252,59,0.288135593220339,False
CIBR,First Trust Exchange-Traded Fund II First Trust NASDAQ Cybersecurity ETF,Thematic/industry ETF,2679,10.630952380952381,2016-01-04,2026-08-28,0.18274516980894484,-0.3388625592417065,0.5392899416739486,0.07982274067560757,-0.10292242913333727,-0.366582361172175,-0.027719801930468524,0.5519682686673921,0.2177484492717224,0.49384098544232924,106,0.25471698113207547,False,False,0.09976883904080935,-0.08297633076813549,-0.24588306139192906,0.09297949784977744,0.8834877232377564,0.40575726719857813,0.3676745054124673,64,0.34375,False
CIEN,Ciena Corporation,Individual equity,2679,10.630952380952381,2016-01-04,2026-08-28,0.31713574337047246,-0.49536082474226883,0.6402115943170817,0.23314037650959363,-0.08399536686087883,-0.3005748588404875,0.19478596590178132,0.9265833394305972,0.7756482941020667,0.48600223964165734,106,0.32075471698113206,False,True,0.22110066401875472,-0.09603507935171773,-0.2335871300678083,0.26177369467446054,1.0848975234918643,0.9465447174019012,0.2777155655095185,61,0.3114754098360656,False
CINF,Cincinnati Financial Corporation Common Stock,Individual equity,2679,10.630952380952381,2016-01-04,2026-08-28,0.1379552174086358,-0.5812069663831507,0.23735988277485856,0.041931844888138725,-0.09602337252049709,-0.3375519405773373,0.24365502580581344,0.30494094384126935,0.12422338564079925,0.5192235908921239,102,0.3333333333333333,False,False,0.07982071733741081,-0.058134500071225004,-0.20278170824276587,0.37842525814038486,0.6835136221295697,0.39362878451468203,0.3516237402015677,63,0.38095238095238093,False
CL,Colgate-Palmolive Company,Individual equity,2679,10.630952380952381,2016-01-04,2026-08-28,0.057176417190548445,-0.29049041333461645,0.1968272086304164,0.05238659969998949,-0.004789817490558956,-0.34115167538498314,-0.050661262050366695,0.4414533688098657,0.15355809008081878,0.5961179544606197,94,0.3191489361702128,False,False,0.06198729481709897,0.004810877626550525,-0.12142417665717486,0.16906623667744158,0.7164532718044698,0.5105020805873933,0.3669279581933557,54,0.3333333333333333,True
CLX,Clorox Company,Individual equity,2679,10.630952380952381,2016-01-04,2026-08-28,0.011253409075656196,-0.5634135083850482,0.019973623117260062,0.10505695750170219,0.09380354842604599,-0.28608536058496903,0.2773281478000792,0.7207508353203058,0.3672224167181727,0.5569242254572602,91,0.32967032967032966,True,True,0.06214752375882027,0.05089411468316407,-0.2295339449597814,0.3338795634252668,0.6569398529901115,0.27075526353938484,0.3128032848077641,48,0.3541666666666667,True
CMCSA,Comcast Corporation Class A Common Stock,Individual equity,2679,10.630952380952381,2016-01-04,2026-08-28,0.02923431160623613,-0.5540183112919626,0.05276777140824487,0.07962790362346084,0.05039359201722471,-0.22688906397977537,0.3271292473121872,0.5486552723686666,0.3509552299557231,0.5330347144456887,98,0.2755102040816326,True,True,0.06782656118552044,0.03859224957928431,-0.13356886106375065,0.4204494502282119,0.6640782544971056,0.507802197648056,0.3049645390070922,51,0.3137254901960784,True
CME,CME Group Inc. Class A Common Stock,Individual equity,2679,10.630952380952381,2016-01-04,2026-08-28,0.15899634449761546,-0.37357840321654223,0.42560368353374617,0.06319646102169219,-0.09579988347592328,-0.2508267273528949,0.12275167586364732,0.43540481365996114,0.2519526594659084,0.5569242254572602,95,0.3157894736842105,False,False,0.0700182740977735,-0.08897807039984196,-0.2341044733453006,0.13947392987124163,0.661493418344553,0.29908985974179825,0.36954087346024633,57,0.3684210526315789,False
CMG,"Chipotle Mexican Grill, Inc.",Individual equity,2679,10.630952380952381,2016-01-04,2026-08-28,0.14546761049686818,-0.5889132020423051,0.24701027246867252,0.270255197935269,0.1247875874384008,-0.2729009414124334,0.31601226062987176,1.1568532249173107,0.9903051141433554,0.5446061963419186,94,0.39361702127659576,True,True,0.21292930151618017,0.06746169101931199,-0.20057416163558106,0.38833904040672407,1.3001086181697903,1.0615988608894047,0.3277342291899963,49,0.40816326530612246,True
CMI,Cummins Inc.,Individual equity,2679,10.630952380952381,2016-01-04,2026-08-28,0.2204039927222352,-0.4404942965779465,0.5003560646175909,0.18123718946854872,-0.03916680325368649,-0.3022275997128391,0.1382666968651074,0.9643998620303799,0.599671206867774,0.5636431504292646,93,0.3225806451612903,False,True,0.17923385634520628,-0.04117013637702893,-0.12483986262191449,0.315654433956032,1.2045693273077236,1.4357101376186825,0.3994027622247107,53,0.37735849056603776,False
CMS,CMS Energy Corporation,Individual equity,2679,10.630952380952381,2016-01-04,2026-08-28,0.09552424604047638,-0.2954907161803707,0.3232732563488301,0.04766841902100771,-0.047855827019468666,-0.19176820714683684,0.10372250903353386,0.4253765483835594,0.2485731067220544,0.5352743561030235,94,0.30851063829787234,False,False,0.07572782955300483,-0.019796416487471546,-0.08128651916443241,0.2142041970159383,0.8448970390861283,0.9316160949125765,0.3557297499066816,50,0.46,False
CNC,Centene Corporation,Individual equity,2679,10.630952380952381,2016-01-04,2026-08-28,0.06539459579091766,-0.7406912157992189,0.08828860717668392,0.12507554891574824,0.05968095312483057,-0.3463545045183908,0.39433671128082814,0.6709980566244458,0.3611200295768261,0.49757372153788726,96,0.28125,True,True,0.10871023921406264,0.04331564342314498,-0.24474625722339083,0.4959449585758281,0.758467970560076,0.4441752876933189,0.3045912653975364,56,0.35714285714285715,True
CNP,"CenterPoint Energy, Inc.",Individual equity,2679,10.630952380952381,2016-01-04,2026-08-28,0.11023475118985981,-0.5982704402515723,0.1842557207798971,0.08617479519481885,-0.02405995599504096,-0.25771279933289215,0.3405576409186801,0.5347044196188872,0.33438306292077236,0.5434863755132512,88,0.3409090909090909,False,True,0.11061447626430798,0.0003797250744481673,-0.15613337886278122,0.44213706138879105,0.8697411837540475,0.7084614261856345,0.3706606942889138,48,0.4791666666666667,True
COF,Capital One Financial,Individual equity,2679,10.630952380952381,2016-01-04,2026-08-28,0.13083246730058695,-0.6024792520222715,0.2171568014357954,0.10481411746143277,-0.026018349839154187,-0.4298932891228302,0.17258596289944128,0.5195552772962326,0.24381426766465528,0.5315416200074655,104,0.27884615384615385,False,True,0.10825085095527154,-0.022581616345315414,-0.2508557662679145,0.351623485754357,0.7006396630335563,0.4315262613483614,0.3348264277715566,60,0.2833333333333333,False
COHR,Coherent Corp.,Individual equity,2679,10.630952380952381,2016-01-04,2026-08-28,0.29637472209892524,-0.7222333801968264,0.41035865999181015,0.20662263160501104,-0.0897520904939142,-0.439006631239904,0.28322674895692235,0.6962834893444713,0.4706594773328104,0.5281821575214632,110,0.35454545454545455,False,True,0.2643437244736073,-0.032030997625317914,-0.3916126157151759,0.33062076448165045,1.0336410438742465,0.6750133010675717,0.3045912653975364,65,0.38461538461538464,False
COIN,"Coinbase Global, Inc. Class A Common Stock",Individual equity,1351,5.361111111111111,2021-04-14,2026-08-28,-0.10729716636440378,-0.9089789865413135,-0.11804141564666092,0.2362206554367312,0.343517821801135,-0.5209930495179027,0.3879859370234108,0.6520039811801086,0.4534046196111759,0.49740932642487046,51,0.29411764705882354,True,True,0.3842804195784244,0.4915775859428282,-0.3421104872594206,0.5668684992818929,1.0935719466166738,1.1232640737114457,0.19319022945965952,24,0.375,True
COO,"The Cooper Companies, Inc. Common Stock",Individual equity,2679,10.630952380952381,2016-01-04,2026-08-28,0.07527924974156264,-0.48235913638757255,0.15606473281575045,0.09362799677615596,0.018348747034593327,-0.2451314033317744,0.23722773305579814,0.5911210068921037,0.3819502336444207,0.5371407241508025,98,0.3673469387755102,True,True,0.08487143889697135,0.009592189155408715,-0.1918449904058256,0.29051414598174696,0.7887626674654301,0.44239590889204755,0.3042179917879806,52,0.38461538461538464,True
COP,ConocoPhillips,Individual equity,2679,10.630952380952381,2016-01-04,2026-08-28,0.13553576437286075,-0.7019954203467453,0.19307214896916833,0.1833446141880637,0.04780884981520295,-0.2293417208369234,0.47265369950982195,0.811479066927885,0.7994385562251598,0.513251213139231,102,0.2647058823529412,True,True,0.1829041271279166,0.04736836275505585,-0.20943723559912764,0.4925581847476177,1.0888179051572306,0.8733123630317743,0.3068309070548712,52,0.36538461538461536,True
COPX,Global X Copper Miners ETF (NEW),Thematic/industry ETF,2679,10.630952380952381,2016-01-04,2026-08-28,0.24208573385315013,-0.6540728612361849,0.37012043795184046,0.34583302007496086,0.10374728622181073,-0.30629378287108877,0.34777907836509614,1.2504808003174,1.1290892581404866,0.5098917506532288,107,0.34579439252336447,True,True,0.32451573619160645,0.08243000233845632,-0.1417105306572597,0.5123623305789252,1.6694213081803189,2.2899902687999836,0.3083240014930944,55,0.41818181818181815,True
COR,"Cencora, Inc.",Individual equity,2679,10.630952380952381,2016-01-04,2026-08-28,0.1544969834783556,-0.32443024722841063,0.47621017090180295,0.12490776427415007,-0.02958921920420554,-0.36125462960893917,-0.03682438238052854,0.7812220424918074,0.3457610063277629,0.5158641284061217,97,0.3402061855670103,False,False,0.14754039019905574,-0.006956593279299872,-0.1358585346987432,0.18857171252966742,1.1876992691624697,1.0859854371771065,0.3478910041060097,59,0.4067796610169492,False
COST,Costco Wholesale Corporation Common Stock,Individual equity,2679,10.630952380952381,2016-01-04,2026-08-28,0.2020568082600689,-0.3140267109542588,0.6434382847435565,0.25177120317705093,0.04971439491698204,-0.12009256519300748,0.19393414576125134,1.6549745854542133,2.0964761871179562,0.5778275475923852,85,0.38823529411764707,True,True,0.2176977759620342,0.015640967701965325,-0.09405678566862863,0.2199699252856302,1.8828811844070321,2.314535569278383,0.4162000746547219,50,0.52,True
CPAY,"Corpay, Inc.",Individual equity,2679,10.630952380952381,2016-01-04,2026-08-28,0.10535238593802432,-0.5012923825452336,0.2101615536288704,0.08403924353474412,-0.021313142403280194,-0.39017921141964795,0.11111317112558561,0.5130266373689062,0.21538626629791846,0.5386338185890257,103,0.2815533980582524,False,True,0.09395783637021826,-0.011394549567806056,-0.24879845995305827,0.2524939225921753,0.7431761288412505,0.37764637445081306,0.3579693915640164,57,0.3157894736842105,False
CPER,United States Copper Index Fund,Commodity ETF,2679,10.630952380952381,2016-01-04,2026-08-28,0.10397532258703479,-0.38422714126386925,0.2706090003038838,0.10591897766985392,0.001943655082819129,-0.2106183301127006,0.17360881115116866,0.7687600781444782,0.5028953444516311,0.4400895856662934,117,0.28205128205128205,True,True,0.10100766055409416,-0.0029676620329406322,-0.16192708201738837,0.22230005924648089,0.9522021205061533,0.6237848499193456,0.25867861142217247,67,0.31343283582089554,False
CPRT,"Copart, Inc. (DE) Common Stock",Individual equity,2679,10.630952380952381,2016-01-04,2026-08-28,0.2009572620899187,-0.5744047619047621,0.34985305731716404,0.18589389145135993,-0.015063370638558782,-0.24506118424180756,0.3293435776629545,0.9648047643601311,0.758561140665729,0.6218738335199702,91,0.3626373626373626,False,True,0.18637540444174006,-0.014581857648178653,-0.1382404773765603,0.4361642845282018,1.3760805847521305,1.348197054716923,0.41918626353116833,55,0.43636363636363634,False
CPT,Camden Property Trust,Individual equity,2679,10.630952380952381,2016-01-04,2026-08-28,0.07290852435795014,-0.502174772637406,0.14518555756004406,0.041702112710283235,-0.03120641164766691,-0.27675261971640197,0.22542215292100398,0.3311799468282125,0.1506837144053662,0.5423665546845838,98,0.3163265306122449,False,True,0.03336222752735307,-0.03954629683059707,-0.20401810726059078,0.2981566653768152,0.3631581203371827,0.16352581628815796,0.356849570735349,58,0.3103448275862069,False
CRDO,Credo Technology Group Holding Ltd Ordinary Shares,Individual equity,1151,4.567460317460317,2022-01-27,2026-08-28,0.9263956919322389,-0.6203512396694213,1.4933405991513864,0.2669046305933662,-0.6594910613388727,-0.4935501364129843,0.126801103256437,0.6922609259371891,0.5407852432848492,0.5412684622067767,50,0.38,False,False,0.5680678271964954,-0.3583278647357435,-0.23935022665097827,0.381001013018443,1.2314832344840125,2.3733749290526256,0.3266724587315378,31,0.45161290322580644,False
CRH,CRH Public Limited Company,Individual equity,2679,10.630952380952381,2016-01-04,2026-08-28,0.146883949092806,-0.5326917633739028,0.2757391031588119,0.12398306428928363,-0.02290088480352237,-0.3721983134159901,0.1604934499579127,0.685512102494495,0.33311022597438017,0.49832026875699886,101,0.297029702970297,False,True,0.09387849337773524,-0.05300545571507076,-0.20681654073119904,0.32587522264270374,0.7179017142428503,0.453921591792553,0.3475177304964539,56,0.375,False
CRL,"Charles River Laboratories International, Inc.",Individual equity,2679,10.630952380952381,2016-01-04,2026-08-28,0.13168508524687628,-0.782347807113244,0.16832038646951175,0.18081028585224512,0.049125200605368846,-0.2715785395014011,0.5107692676118429,0.8167634669096036,0.6657753082559468,0.49944008958566627,87,0.41379310344827586,True,True,0.19356120440768687,0.061876119160810594,-0.154707071100325,0.627640736012919,1.1732542608450487,1.2511464604107565,0.3463979096677865,51,0.45098039215686275,True
CRM,"Salesforce, Inc.",Individual equity,2679,10.630952380952381,2016-01-04,2026-08-28,0.12183946076151764,-0.5866967677991302,0.20767024372500434,0.0927593660885524,-0.02908009467296524,-0.2874254548687336,0.29927131293039655,0.5006254303985396,0.3227249518693998,0.5177304964539007,103,0.30097087378640774,False,True,0.1071953978710487,-0.014644062890468934,-0.27672301466299176,0.3099737531361384,0.6977839713177579,0.38737434976847535,0.3538633818589026,61,0.32786885245901637,False
CRWD,"CrowdStrike Holdings, Inc. Class A Common Stock",Individual equity,1814,7.198412698412699,2019-06-12,2026-08-28,0.45757584196046786,-0.6769440654843113,0.675943353802948,0.3813558022555428,-0.07622003970492508,-0.46199398430995353,0.21495008117435777,1.0122056050881023,0.8254562076715044,0.5490628445424476,63,0.3968253968253968,False,True,0.30903835461323204,-0.14853748734723582,-0.3043280702179654,0.3726159952663459,1.12985988920771,1.015477653414925,0.35170893054024255,40,0.425,False
CRWV,"CoreWeave, Inc. Class A Common Stock",Individual equity,357,1.4166666666666667,2025-03-28,2026-08-28,0.6915590365198032,-0.6687002941496899,1.034183837767232,0.1662193000770662,-0.525339736442737,-0.6833757754262073,-0.01467548127651741,0.587732898604068,0.24323264893813168,0.5126050420168067,14,0.35714285714285715,False,False,0.9250272899413174,0.23346825342151423,-0.4100984967114951,0.2586017974381948,1.3665147753551252,2.2556222404103945,0.26330532212885155,6,0.5,True
CSCO,"Cisco Systems, Inc. Common Stock (DE)",Individual equity,2679,10.630952380952381,2016-01-04,2026-08-28,0.1779725257880942,-0.4194637956512559,0.42428578493115376,0.17636149836331083,-0.0016110274247833622,-0.18300942680792887,0.23645436884332705,0.9668875532458728,0.963674393387423,0.5879059350503919,96,0.3125,False,True,0.19631533726613104,0.018342811478036847,-0.11131020001579794,0.30815359563545797,1.454190969647419,1.7636778771241859,0.40164240388204553,55,0.41818181818181815,True
CSGP,"CoStar Group, Inc. Common Stock",Individual equity,2679,10.630952380952381,2016-01-04,2026-08-28,0.047114801438572274,-0.7278925205534397,0.06472769002042966,0.06510062694692231,0.01798582550835004,-0.3814807233474147,0.346411797206025,0.40129580567056283,0.17065246803476133,0.5390070921985816,95,0.30526315789473685,True,True,0.0923524375787308,0.04523763614015852,-0.2256799325065486,0.5022125880468911,0.6912493260650009,0.4092186511800334,0.3325867861142217,54,0.3333333333333333,True
CSX,CSX Corporation Common Stock,Individual equity,2679,10.630952380952381,2016-01-04,2026-08-28,0.08248769753899032,-0.7384791428274209,0.1116994275873101,0.19034945320758911,0.10786175566859879,-0.36154524858285264,0.37693389424456825,0.7317056631553553,0.5264886039954917,0.6076894363568496,93,0.3548387096774194,True,True,0.11071151208111885,0.028223814542128522,-0.13410804963483813,0.6043710931925828,0.8810260195846308,0.825539647937424,0.4079880552444942,57,0.3508771929824561,True
CTAS,Cintas Corporation Common Stock,Individual equity,2679,10.630952380952381,2016-01-04,2026-08-28,0.24543346017335632,-0.4837443946188338,0.507361869002628,0.21116579406068325,-0.03426766611267307,-0.24390266690702134,0.23984172771181245,1.099970768884271,0.8657789467352656,0.5531914893617021,82,0.4268292682926829,False,True,0.16248400660117013,-0.0829494535721862,-0.1504724998292929,0.3332718947895409,1.3124309322345413,1.0798252623270297,0.39380365808137363,54,0.46296296296296297,False
CTSH,Cognizant Technology Solutions Corporation Class A Common Stock,Individual equity,2679,10.630952380952381,2016-01-04,2026-08-28,0.02236689060836272,-0.5608531994981181,0.03988011591692413,0.14451977446414555,0.12215288385578282,-0.24345524555994513,0.31739795393817294,0.7549814202594858,0.5936194725718529,0.545726017170586,96,0.3541666666666667,True,True,0.07735597947875927,0.05498908887039655,-0.2329561867965353,0.3278970127015828,0.6821358035578465,0.3320623527647379,0.3142963792459873,53,0.3584905660377358,True
CTVA,"Corteva, Inc. Common Stock",Individual equity,1821,7.226190476190476,2019-06-03,2026-08-28,0.19822941291906804,-0.34758450378144745,0.5703056688732873,0.05700517211756373,-0.1412242408015043,-0.29255436776149213,0.05503013601995532,0.37011837149011084,0.19485325942574122,0.4898407468423943,63,0.2857142857142857,False,False,0.07932451121719164,-0.1189049017018764,-0.21346623687298916,0.1341182669084583,0.5836070395116729,0.3716021436419903,0.32894014277869305,39,0.28205128205128205,False
CVNA,Carvana Co.,Individual equity,2347,9.313492063492063,2017-04-28,2026-08-28,0.4572644935101904,-0.9899486625236422,0.46190727945881727,0.8519217591686181,0.39465726565842774,-0.49484381009485723,0.495104852428785,1.23218385097112,1.7215972834040547,0.5270558159352364,79,0.4177215189873418,True,True,0.6405743273361748,0.18330983382598443,-0.2920345391134599,0.6979141234101823,1.3455866537984036,2.193488240400571,0.28206220707285895,45,0.4888888888888889,True
CVS,CVS HEALTH CORPORATION,Individual equity,2679,10.630952380952381,2016-01-04,2026-08-28,0.0272435312132544,-0.5678323151464086,0.04797812749742851,0.15425212824857826,0.12700859703532386,-0.1901210069424485,0.37771130820396015,0.9007446906807609,0.8113365836278781,0.5024262784621127,96,0.3020833333333333,True,True,0.1369673739250108,0.10972384271175639,-0.11685950334465689,0.45097281180175175,1.1277234725334022,1.1720687663805076,0.2971257932064203,53,0.2830188679245283,True
CVX,Chevron Corporation,Individual equity,2679,10.630952380952381,2016-01-04,2026-08-28,0.12752632139300868,-0.5577818693815664,0.22863116998478614,0.12293205688854547,-0.004594264504463208,-0.28205895174819384,0.27572291763337253,0.6671909017230189,0.43583816832125294,0.5162374020156775,92,0.30434782608695654,False,True,0.12387345443735431,-0.003652866955654366,-0.1659990800626775,0.3917827893188889,0.9152744615103577,0.7462297645901562,0.3680477790220231,57,0.3333333333333333,False
D,"Dominion Energy, Inc Common Stock",Individual equity,2679,10.630952380952381,2016-01-04,2026-08-28,0.040638203385612526,-0.5220567962503437,0.07784249468160384,0.002376297449193654,-0.03826190593641887,-0.2860886812371243,0.23596811501321946,0.09151544401288718,0.008306156814446157,0.5774542739828294,100,0.27,False,False,0.021759699598765225,-0.0188785037868473,-0.15531863321616612,0.3667381630341776,0.2704564963677551,0.1400971612239271,0.3519970138111235,54,0.3333333333333333,False
DAL,"Delta Air Lines, Inc.",Individual equity,2679,10.630952380952381,2016-01-04,2026-08-28,0.060945917300500474,-0.6918469217970049,0.08809162168735159,0.19048417241277638,0.1295382551122759,-0.5102503025231742,0.18159661927383075,0.7589340824650459,0.37331515820928907,0.5408734602463606,100,0.34,True,True,0.1519485124439519,0.09100259514345144,-0.1944031625013698,0.4974437592956351,0.9056872468787434,0.7816154351032292,0.3213885778275476,56,0.375,True
DASH,"DoorDash, Inc. Class A Common Stock",Individual equity,1436,5.698412698412699,2020-12-09,2026-08-28,0.039822050691215694,-0.8249380005691749,0.048272780092249404,0.16674664412820994,0.12692459343699425,-0.4757730593336932,0.3491649412354817,0.5741007678578234,0.3504751705818189,0.6274373259052924,52,0.4230769230769231,True,True,0.23084559172565333,0.19102354103443764,-0.2892425861074268,0.5356954144617481,0.9534579889049577,0.7981037468663608,0.3725626740947075,27,0.5555555555555556,True
DBA,Invesco DB Agriculture Fund,Commodity ETF,2679,10.630952380952381,2016-01-04,2026-08-28,0.050095963979003955,-0.4055299539170477,0.12353209299368112,0.06520134078664697,0.015105376807643012,-0.21839510487342406,0.18713484904362365,0.7673630394569496,0.2985476291899304,0.5087719298245614,107,0.34579439252336447,True,True,0.06785398093164785,0.017758016952643896,-0.10774513884214232,0.2977848150749054,1.0540813083495344,0.6297637337593568,0.2952594251586413,54,0.4074074074074074,True
DBC,Invesco DB Commodity Index Tracking Fund,Commodity ETF,2679,10.630952380952381,2016-01-04,2026-08-28,0.10109910329811456,-0.40943762120232796,0.24692187054338946,0.10948929596423551,0.008390192666120955,-0.28491974846948565,0.12451787273284232,0.9170991744137853,0.38428117584822874,0.5293019783501306,112,0.36607142857142855,True,True,0.0926108958323244,-0.008488207465790154,-0.1594929383606496,0.24994468284167837,1.1137987161795784,0.5806582835843819,0.3426651735722284,67,0.3582089552238806,False
DD,"DuPont de Nemours, Inc. Common Stock",Individual equity,2679,10.630952380952381,2016-01-04,2026-08-28,0.17055294997930037,-0.6202798254851812,0.2749613045142881,0.09126792691134278,-0.0792850230679576,-0.3868905518519655,0.2333892736332157,0.5029526309970053,0.2359011520815434,0.5371407241508025,99,0.2727272727272727,False,False,0.07647334299731456,-0.09407960698198581,-0.2522905829115163,0.36798924257366494,0.5978614881587005,0.30311612155629053,0.3486375513251213,54,0.2962962962962963,False
DDOG,"Datadog, Inc. Class A Common Stock",Individual equity,1745,6.924603174603175,2019-09-19,2026-08-28,0.304802501053824,-0.6810643060643056,0.44753850457264277,0.1815104187908403,-0.12329208226298372,-0.6343494750648269,0.04671483099947871,0.6125614575492805,0.2861363111749891,0.4802292263610315,65,0.3076923076923077,False,False,0.3990073592170973,0.09420485816327329,-0.2886251133557405,0.3924391927085651,1.3257183396610355,1.3824415851343708,0.27163323782234955,32,0.375,True
DE,Deere & Company,Individual equity,2679,10.630952380952381,2016-01-04,2026-08-28,0.23995153846922035,-0.3790937366591448,0.6329609678699819,0.11668332367404233,-0.12326821479517802,-0.2703343716691873,0.10875936498995753,0.6424209118388606,0.4316259266388429,0.5169839492347891,100,0.3,False,False,0.1339760723887049,-0.10597546608051545,-0.21444914303379825,0.16464459362534656,0.9529250953509062,0.6247451982943556,0.353116834639791,58,0.41379310344827586,False
DECK,Deckers Outdoor Corp,Individual equity,2679,10.630952380952381,2016-01-04,2026-08-28,0.25481186816835155,-0.643494240509165,0.39598158324887506,0.22618685292832774,-0.02862501524002381,-0.3243562464766483,0.31913799403251675,0.9068639804607338,0.6973408262837689,0.5225830533781262,103,0.3106796116504854,False,True,0.1546826876015952,-0.10012918056675635,-0.1601577230003166,0.48333651750884843,0.925969693346468,0.9658147275313687,0.335946248600224,60,0.35,False
DELL,Dell Technologies Inc.,Individual equity,1927,7.646825396825397,2018-12-28,2026-08-28,0.4964326609671732,-0.5958896201362429,0.833094996441908,0.38216887814569134,-0.11426378282148186,-0.30579902049928986,0.29009059963695305,1.1474804153281937,1.2497387255253776,0.5412558380902958,75,0.36,False,True,0.2909959163329423,-0.2054367446342309,-0.21388576284937189,0.38200385728687103,1.1180986108087883,1.360520272393609,0.36481577581733265,50,0.4,False
DG,Dollar General Corp.,Individual equity,2679,10.630952380952381,2016-01-04,2026-08-28,0.06512179897276837,-0.7260822868473236,0.08968928198968971,0.11199199720517306,0.04687019823240468,-0.28967761408936243,0.43640467275796113,0.6602709833767221,0.38660908457574056,0.5195968645016797,101,0.33663366336633666,True,True,0.09284170610372056,0.02771990713095218,-0.1834443728498375,0.5426379139974861,0.7609854270594306,0.5061027747071762,0.3154162000746547,56,0.375,True
DGX,Quest Diagnostics Inc.,Individual equity,2679,10.630952380952381,2016-01-04,2026-08-28,0.1457637338069171,-0.36596874078442954,0.39829558528545983,0.09661838282813773,-0.04914535097877937,-0.23047409930318996,0.13549464148123957,0.7026898625823242,0.4192157952683252,0.5453527435610303,94,0.3191489361702128,False,True,0.09620469845514168,-0.049559035351775416,-0.15690647945011427,0.20906226133431527,0.9048289504473778,0.6131340069084166,0.3452780888391191,55,0.34545454545454546,False
DHI,D.R. Horton Inc.,Individual equity,2679,10.630952380952381,2016-01-04,2026-08-28,0.17334724395081058,-0.5361269184342131,0.3233324759314088,0.21844946841829804,0.04510222446748746,-0.32772376237532974,0.20840315605888338,0.9285382379639696,0.6665658505656848,0.5584173198954834,89,0.3707865168539326,True,True,0.20137536578796977,0.028028121837159192,-0.2079062548445315,0.3282206635896816,1.1739904816276636,0.9685873373004318,0.3471444568868981,48,0.4166666666666667,True
DHR,Danaher Corporation,Individual equity,2679,10.630952380952381,2016-01-04,2026-08-28,0.13275847777980898,-0.42902074424850756,0.3094453579683072,0.12418670370321383,-0.008571774076595151,-0.2504393859282722,0.17858135832023536,0.7904771551440173,0.49587529231037913,0.5606569615528182,97,0.32989690721649484,False,True,0.10464789282385345,-0.02811058495595553,-0.23984836656275565,0.1891723776857519,0.8912186589318649,0.43630854912023187,0.3747667039940276,57,0.40350877192982454,False
DIA,State Street SPDR Dow Jones Industrial Average ETF Trust,Broad index ETF,2679,10.630952380952381,2016-01-04,2026-08-28,0.1349644389222402,-0.368188736681887,0.36656319293886686,0.11072834741737902,-0.024236091504861168,-0.13856025908541458,0.22962847759647242,0.9259322289039725,0.7991349622774684,0.5946248600223965,103,0.3883495145631068,False,True,0.11016325474469757,-0.024801184177542623,-0.05578087568058088,0.31240786100130613,1.4893165333692244,1.9749287439574734,0.48002986188876445,61,0.45901639344262296,False
DIS,The Walt Disney Company,Individual equity,2679,10.630952380952381,2016-01-04,2026-08-28,0.013030946833458179,-0.6071209644462618,0.021463509904230276,0.1629080377985952,0.14987709096513702,-0.2233979627188567,0.38372300172740514,0.8424590512457883,0.7292279473632118,0.5177304964539007,91,0.31868131868131866,True,True,0.12352486958344056,0.11049392274998238,-0.17452088317356884,0.432600081272693,0.9503240768929019,0.7077942039783831,0.2717431877566256,42,0.38095238095238093,True
DLR,"Digital Realty Trust, Inc.",Individual equity,2679,10.630952380952381,2016-01-04,2026-08-28,0.12490852007008124,-0.485158987241358,0.2574589430576527,0.09021144478754439,-0.03469707528253685,-0.32998589665707867,0.1551730905842793,0.5523085513634911,0.2733796980459808,0.5662560656961553,95,0.3368421052631579,False,True,0.10648640622895233,-0.018422113841128906,-0.1921682936607677,0.29299069358059027,0.8133598827307935,0.5541309869615195,0.3620754012691303,52,0.46153846153846156,False
DLTR,Dollar Tree Inc. Common Stock,Individual equity,2679,10.630952380952381,2016-01-04,2026-08-28,0.046877025145758644,-0.6483800551470589,0.0722986846582233,0.2248008989771988,0.17792387383144015,-0.23406522761529114,0.41431482753176774,1.045870207757179,0.9604198849505354,0.597237775289287,92,0.31521739130434784,True,True,0.14793262155679554,0.1010555964110369,-0.17601241154330827,0.4723676436037506,1.0339270159392837,0.840466989002059,0.3337066069428891,49,0.3673469387755102,True
DOC,"Healthpeak Properties, Inc.",Individual equity,2679,10.630952380952381,2016-01-04,2026-08-28,0.049585668054682674,-0.4870235198702352,0.10181370309978974,0.09481979438696175,0.04523412633227908,-0.3381969094618219,0.14882661040841327,0.5801436948321161,0.2803686010550776,0.5479656588279209,92,0.358695652173913,True,True,0.08520951985323388,0.03562385179855121,-0.15625951238888758,0.3307640074813476,0.7254187193776734,0.5453077291139273,0.3437849944008959,50,0.42,True
DOV,Dover Corporation,Individual equity,2679,10.630952380952381,2016-01-04,2026-08-28,0.1350219368553809,-0.4524199417758369,0.29844382262504465,0.1360984491429329,0.0010765122875520117,-0.22772134752894224,0.22469859424689465,0.7500363197887819,0.5976534506745594,0.6140350877192983,96,0.3541666666666667,True,True,0.12159775910637816,-0.01342417774900273,-0.13673836651888105,0.31568157525695584,0.9490238937752143,0.8892731586755335,0.4247853676745054,54,0.4074074074074074,False
DOW,Dow Inc.,Individual equity,2679,10.630952380952381,2016-01-04,2026-08-28,-0.0034446990397604127,-0.6493622734392491,-0.005304741560540752,0.14665737187625938,0.1501020709160198,-0.2995944589918018,0.3497678144474473,0.7338961904011021,0.489519640549402,0.5696155281821575,83,0.3614457831325301,True,True,0.04194300626751546,0.04538770530727587,-0.21660329916452614,0.432758974274723,0.3685363512081478,0.19363973877266136,0.393057110862262,46,0.34782608695652173,True
DPZ,Domino's Pizza Inc Common Stock,Individual equity,2679,10.630952380952381,2016-01-04,2026-08-28,0.12861122861181506,-0.47813162677976306,0.2689870767972769,0.15658379777656872,0.027972569164753658,-0.22538021821501064,0.2527514085647524,0.7884101516465654,0.6947539540812283,0.5912653975363942,93,0.3548387096774194,True,True,0.17298447247248383,0.044373243860668765,-0.18307242433247828,0.2950592024472848,1.058800561035296,0.9448963878815867,0.3654348637551325,52,0.40384615384615385,True
DRI,"Darden Restaurants, Inc.",Individual equity,2679,10.630952380952381,2016-01-04,2026-08-28,0.15643675623525044,-0.7279862174578866,0.21488972247513763,0.06938778646540533,-0.08704896976984511,-0.42658280522934255,0.30140341222854405,0.4044746781203055,0.16265959531139695,0.5110115714818962,97,0.24742268041237114,False,False,0.04797136567994853,-0.10846539055530191,-0.2650722655766332,0.4629139518812534,0.4070328907780056,0.1809746695890365,0.3430384471817842,58,0.3275862068965517,False
DTE,DTE Energy Company,Individual equity,2679,10.630952380952381,2016-01-04,2026-08-28,0.10364139201199074,-0.43758127438231476,0.23685061057123585,0.06781787352365942,-0.03582351848833132,-0.2746533343179992,0.16292794006431555,0.481758622193088,0.24692171930867043,0.5823068309070548,96,0.3229166666666667,False,True,0.07394766715291201,-0.02969372485907873,-0.12731620909624042,0.31026506528607434,0.7644558014237892,0.5808189521022712,0.39492347891004104,55,0.36363636363636365,False
DUK,Duke Energy Corporation,Individual equity,2679,10.630952380952381,2016-01-04,2026-08-28,0.09462345281945073,-0.3736457545981353,0.25324375201645327,0.0253617816396301,-0.06926167117982063,-0.27349200547494956,0.10015374912318575,0.2460137647300102,0.09273317366475309,0.5703620754012692,94,0.2978723404255319,False,False,0.06225055981246963,-0.032372893006981096,-0.12895344960015498,0.24469230499798034,0.6912724514728334,0.4827366775025367,0.393057110862262,50,0.4,False
DVA,DaVita Inc.,Individual equity,2679,10.630952380952381,2016-01-04,2026-08-28,0.09526884262994395,-0.5109881895649572,0.18644040033695009,0.13983625028695856,0.04456740765701461,-0.23963738793696765,0.2713508016279895,0.7285251689638602,0.5835326928356438,0.507652108995894,106,0.25471698113207547,True,True,0.14502117098445866,0.04975232835451471,-0.22942672664335007,0.2815614629216071,0.9425117596634371,0.6321023409356222,0.3221351250466592,58,0.3103448275862069,True
DVN,Devon Energy Corporation,Individual equity,2679,10.630952380952381,2016-01-04,2026-08-28,0.07330719022631538,-0.8851280558789287,0.08282099944682199,0.35242514509906075,0.2791179548727454,-0.3335698296306514,0.5515582262482773,1.0016351767818434,1.0565258419482575,0.5390070921985816,98,0.35714285714285715,True,True,0.21521873288815985,0.14191154266184447,-0.22628548081579658,0.6588425750631322,0.9500378880939894,0.9510938665276302,0.2904068682344158,53,0.3584905660377358,True
DXCM,"DexCom, Inc. Common Stock",Individual equity,2679,10.630952380952381,2016-01-04,2026-08-28,0.15504412991402594,-0.6631863407443803,0.23378667561216618,0.2838317433557265,0.12878761344170053,-0.33804120323825926,0.32514513750612106,0.929654810919906,0.8396365313954799,0.5352743561030235,89,0.34831460674157305,True,True,0.1803711608093448,0.025327030895318847,-0.3660032031533177,0.29718313759106263,0.942602832894306,0.49281306626649335,0.3322135125046659,52,0.38461538461538464,True
EBAY,eBay Inc. Common Stock,Individual equity,2679,10.630952380952381,2016-01-04,2026-08-28,0.15272519557301045,-0.5358352526757888,0.28502267219327204,0.14530653347788447,-0.007418662095125983,-0.26493731616409655,0.27089793651169225,0.7627866447910804,0.5484562747962793,0.5143710339678985,98,0.32653061224489793,False,True,0.16119302207250819,0.008467826499497733,-0.11523239312102773,0.42060285955476107,1.0810661728185929,1.3988516397746624,0.3128032848077641,55,0.38181818181818183,True
ECHO,EchoStar Corporation Common Stock,Individual equity,2679,10.630952380952381,2016-01-04,2026-08-28,0.07865020704525794,-0.8444979919678708,0.09313249740474246,0.15760249728074527,0.07895229023548733,-0.43167532991995394,0.41282266204791684,0.6517621417843712,0.3650949830975277,0.5203434117207913,93,0.3118279569892473,True,True,0.1790244564950434,0.10037424944978546,-0.3312143459576352,0.5132836460102356,0.9353780845090061,0.5405093670608759,0.2646509891750653,49,0.3469387755102041,True
ECL,"Ecolab, Inc.",Individual equity,2679,10.630952380952381,2016-01-04,2026-08-28,0.10383591256234159,-0.4369946844150622,0.23761367418308718,0.09529644038898466,-0.008539472173356932,-0.2681941830100383,0.1688005014050239,0.6063845516786315,0.35532627635483727,0.5737215378872713,91,0.34065934065934067,False,True,0.0937753688677736,-0.010060543694567992,-0.1557824936924509,0.2812121907226113,0.8971973934880308,0.6019634597254998,0.3878312803284808,52,0.38461538461538464,False
ED,"Consolidated Edison, Inc.",Individual equity,2679,10.630952380952381,2016-01-04,2026-08-28,0.08799962833374408,-0.3091103393000266,0.284686783797065,0.04009517771607385,-0.047904450617670236,-0.27235094295645,0.03675939634357661,0.35998633424748777,0.14721879528239865,0.5830533781261665,93,0.3225806451612903,False,False,0.05944179926156212,-0.02855782907218196,-0.1345553001157428,0.17455503918428383,0.6732172121044683,0.4417648298538298,0.3404255319148936,51,0.37254901960784315,False
EEM,iShares MSCI Emerging Markets ETF,Broad index ETF,2679,10.630952380952381,2016-01-04,2026-08-28,0.09758847081257671,-0.39816799844085105,0.24509370716560425,0.11949004040640565,0.02190156959382894,-0.1876324036033984,0.21053559483745266,0.8408220910394748,0.6368305160071054,0.5684957073534901,115,0.3391304347826087,True,True,0.12234754492677502,0.02475907411419831,-0.1163777022458704,0.28179029619498064,1.1783199779944926,1.0512971348093139,0.3822321761851437,60,0.4,True
EFA,iShares MSCI EAFE ETF,Broad index ETF,2679,10.630952380952381,2016-01-04,2026-08-28,0.09215158267617385,-0.3420464316423032,0.26941249535543127,0.07365134856773459,-0.018500234108439262,-0.14429248586759325,0.19775394577470995,0.6151416171576983,0.5104309356435864,0.5942515864128406,114,0.2631578947368421,False,True,0.061765493755314704,-0.030386088920859144,-0.12235325724774104,0.21969317439456215,0.759427522131422,0.5048128275837549,0.4404628592758492,67,0.29850746268656714,False
EFX,"Equifax, Incorporated",Individual equity,2679,10.630952380952381,2016-01-04,2026-08-28,0.06554740322961328,-0.49693718751034643,0.1319027935059671,0.22982584744711465,0.16427844421750137,-0.20393366756039932,0.2930035199499471,1.1092922638836733,1.1269637338280438,0.5322881672265771,90,0.35555555555555557,True,True,0.1800858314984526,0.11453842826883931,-0.2433027308023351,0.2536344567080113,1.2326082591037428,0.7401718464260008,0.3385591638671146,49,0.42857142857142855,True
EG,"Everest Group, Ltd.",Individual equity,2679,10.630952380952381,2016-01-04,2026-08-28,0.09616037152657597,-0.44207135186731883,0.21752228711585248,-0.013437945277308794,-0.10959831680388477,-0.5352974822933123,-0.09322613042599348,-0.003034631065331488,-0.02510369602288839,0.48936170212765956,102,0.22549019607843138,False,False,0.048924337170926036,-0.047236034355649936,-0.24574362999555288,0.19632772187176595,0.47800457186807993,0.19908689869931276,0.3284807764091079,59,0.2711864406779661,False
EIX,Edison International,Individual equity,2679,10.630952380952381,2016-01-04,2026-08-28,0.059154318056645394,-0.4387996513510146,0.1348094007698409,0.12050598756708353,0.061351669510438134,-0.1672497628743741,0.2715498884766405,0.739169069864021,0.7205151475018765,0.5699888017917133,94,0.3723404255319149,True,True,0.121569343011531,0.0624150249548856,-0.11652672221888505,0.32227292913212957,0.9863141203690466,1.0432743725784532,0.36916759985069053,47,0.5106382978723404,True
EL,The Estee Lauder Companies Inc. Class A,Individual equity,2679,10.630952380952381,2016-01-04,2026-08-28,0.029094131237992427,-0.8581500852428698,0.03390331334612445,0.1916470877067702,0.16255295646877777,-0.2792630702457273,0.5788870149971426,0.8264930025135409,0.6862600469805671,0.5666293393057111,95,0.29473684210526313,True,True,0.12785436158536312,0.09876023034737069,-0.17367081856159905,0.6844792666812708,0.8541601066914896,0.7361879367201499,0.34341172079134,54,0.2962962962962963,True
ELV,"Elevance Health, Inc.",Individual equity,2679,10.630952380952381,2016-01-04,2026-08-28,0.1184374545339495,-0.5038180610889772,0.23507981091021815,0.10944045985778827,-0.008996994676161219,-0.422324765432189,0.0814932956567882,0.6309792445447245,0.2591381534203698,0.5334079880552445,94,0.2872340425531915,False,True,0.14992065074842564,0.03148319621447615,-0.16738384273371898,0.3364342183552582,1.0404652420377745,0.8956697868797618,0.3557297499066816,51,0.37254901960784315,True
EMB,"iShares J,P. Morgan USD Emerging Markets Bond ETF",Bond ETF,2679,10.630952380952381,2016-01-04,2026-08-28,0.037878228401006186,-0.28735632183908033,0.1318162348355016,0.07525761843067147,0.03737939002966528,-0.07201701901256274,0.2153393028265176,1.1237690101501112,1.0449976889149415,0.543859649122807,103,0.33980582524271846,True,True,0.051036785318483435,0.013158556917477249,-0.04854004645377874,0.2388162753853016,1.158686278530734,1.05143668057842,0.406494960806271,56,0.375,True
EME,"EMCOR Group, Inc.",Individual equity,2679,10.630952380952381,2016-01-04,2026-08-28,0.30335376765305155,-0.4799603611539308,0.6320392103292073,0.23335193220275774,-0.07000183545029381,-0.26112315861504354,0.21883720253888728,1.056324026078509,0.8936470186727977,0.5494587532661441,101,0.32673267326732675,False,True,0.2503934166909647,-0.052960350962086844,-0.15639575832141772,0.3235646028325131,1.4552012295194394,1.601024346046311,0.3811123553564763,59,0.3898305084745763,False
EMR,Emerson Electric Co.,Individual equity,2679,10.630952380952381,2016-01-04,2026-08-28,0.14723743233411413,-0.5077220077220076,0.2899961595021716,0.1907480671076398,0.04351063477352568,-0.20326908229847307,0.3044529254235345,0.9656363327294938,0.9384017724227837,0.5856662933930571,90,0.4777777777777778,True,True,0.170759993495605,0.023522561161490874,-0.1459070652196972,0.3618149425023104,1.2346008305576786,1.17033396044589,0.40276222471071293,48,0.5416666666666666,True
ENPH,"Enphase Energy, Inc. Common Stock",Individual equity,2679,10.630952380952381,2016-01-04,2026-08-28,0.24947355181931785,-0.9222619047619048,0.2705018504301368,0.49252498306225245,0.2430514312429346,-0.5753861348049523,0.3468757699569526,1.0396242893166012,0.8559903572045778,0.524822695035461,98,0.32653061224489793,True,True,0.463727449486915,0.21425389766759717,-0.45477022238765197,0.46749168237425287,1.2218270332016403,1.0196961600788976,0.2541993281075028,53,0.33962264150943394,True
ENTG,"Entegris, Inc. Common Stock",Individual equity,2679,10.630952380952381,2016-01-04,2026-08-28,0.2534592646596747,-0.5931924418987424,0.42727999677200884,0.16934834909561913,-0.08411091556405559,-0.469757642983641,0.12343479891510145,0.6555207787172256,0.3605015301507645,0.505785740948115,102,0.3235294117647059,False,False,0.19266013198969012,-0.0607991326699846,-0.1725005235737469,0.42069191832499553,0.9239246557544701,1.1168669404491671,0.3217618514371034,60,0.4166666666666667,False
EOG,"EOG Resources, Inc.",Individual equity,2679,10.630952380952381,2016-01-04,2026-08-28,0.10390064175012759,-0.7713373828889122,0.1347019398450332,0.15456066259462053,0.05066002084449295,-0.4045303121826367,0.3668070707062755,0.6491660628403985,0.3820743660980336,0.5322881672265771,104,0.3076923076923077,True,True,0.13651482025367612,0.03261417850354853,-0.22100437193133493,0.5503330109575773,0.805021388044725,0.6177018991103518,0.3045912653975364,56,0.32142857142857145,True
EPD,Enterprise Products Partners L.P.,Individual equity,2679,10.630952380952381,2016-01-04,2026-08-28,0.11369395821586492,-0.5803021824286514,0.1959219897123921,0.1478131438058281,0.034119185589963186,-0.24225365158442336,0.33804853084422803,0.8612026016226687,0.6101585789897432,0.5121313923105636,81,0.38271604938271603,True,True,0.14553441733218397,0.03184045911631905,-0.10166836174707716,0.47863382068157423,1.1609189290355646,1.4314622054620438,0.3654348637551325,44,0.5454545454545454,True
EQIX,"Equinix, Inc. Common Stock REIT",Individual equity,2679,10.630952380952381,2016-01-04,2026-08-28,0.14821830731885455,-0.41768128636676527,0.3548598229241812,0.1339505305399853,-0.014267776778869257,-0.239354385343446,0.17832690102331927,0.7747849896138048,0.5596326566057342,0.576334453154162,94,0.2978723404255319,False,True,0.12385481372478657,-0.024363493594067975,-0.15719279458039492,0.26048849178637035,0.9433312894678898,0.7879166093802225,0.3919372900335946,53,0.37735849056603776,False
EQT,EQT CORP,Individual equity,2679,10.630952380952381,2016-01-04,2026-08-28,-0.00976444180716296,-0.9489556857111283,-0.010289671008025716,0.01135218048743658,0.02111662229459954,-0.5832656285463289,0.3656900571647994,0.19299946316075486,0.0194631398317257,0.561030235162374,102,0.29411764705882354,True,True,0.060676518558409276,0.07044096036557224,-0.32332740651992165,0.6256282791912067,0.38437512430494586,0.1876627756721598,0.26689063083240017,52,0.2692307692307692,True
ERIE,Erie Indemnity Company Class A Common Stock,Individual equity,2679,10.630952380952381,2016-01-04,2026-08-28,0.12462535508028516,-0.608660146234925,0.20475359829487408,0.12998223565293987,0.00535688057265471,-0.31011757070708756,0.2985425755278375,0.7908828680583134,0.419138571724821,0.5244494214259052,92,0.29347826086956524,True,True,0.16565914180127073,0.041033786720985566,-0.1613019116133635,0.44735823462156155,1.2778483414193107,1.027012886235046,0.2807017543859649,45,0.4,True
ES,Eversource Energy,Individual equity,2679,10.630952380952381,2016-01-04,2026-08-28,0.06765729088924477,-0.41683493185260045,0.16231195065285334,0.03290773888441123,-0.03474955200483354,-0.29918351095401907,0.11765142089858138,0.28243482583230184,0.1099918200019678,0.5893990294886151,98,0.37755102040816324,False,False,0.03161524323061493,-0.03604204765862984,-0.14420160028826368,0.2726333315643368,0.35352517241316206,0.2192433590710161,0.3617021276595745,55,0.45454545454545453,False
ESLT,Elbit Systems Ltd. Ordinary Shares,Individual equity,2679,10.630952380952381,2016-01-04,2026-08-28,0.22952112146024373,-0.3288969380448963,0.6978511956499662,0.1662688578772622,-0.06325226358298153,-0.21658728072196565,0.11230965732293063,0.9021149929796064,0.7676760025936264,0.4748040313549832,110,0.3181818181818182,False,True,0.19058287007756358,-0.038938251382680145,-0.22784373432135663,0.10105320372353965,1.2006676063539654,0.8364630725757006,0.29189996267263907,64,0.421875,False
ESS,"Essex Property Trust, Inc",Individual equity,2679,10.630952380952381,2016-01-04,2026-08-28,0.05077656237091954,-0.44843785807043,0.11322987445664046,0.03866888553244219,-0.012107676838477355,-0.3761685999669784,0.07226925810345164,0.30099653473346255,0.10279668620888799,0.53826054497947,93,0.3118279569892473,False,False,0.03558911461269232,-0.015187447758227224,-0.16935119146811517,0.27908666660231485,0.3668925661452228,0.2101497739943147,0.3419186263531168,52,0.40384615384615385,False
ET,Energy Transfer LP Common Units representing limited partner interests,Individual equity,2679,10.630952380952381,2016-01-04,2026-08-28,0.13330704053496834,-0.760033977489913,0.1753961592286018,0.10126530610756546,-0.03204173442740288,-0.40391156693752617,0.3561224105523868,0.49857771398003103,0.25071157747564177,0.4744307577454274,91,0.32967032967032966,False,True,0.10079304166947312,-0.03251399886549522,-0.2500871794892383,0.5099467980006747,0.6345796186543599,0.4030316223139716,0.3258678611422172,55,0.32727272727272727,False
ETH/USD,Ethereum / US Dollar,Crypto,2068,8.206349206349206,2021-01-01,2026-08-30,0.15912693784724685,-0.7931468046062051,0.20062734530747164,0.300251620982088,0.14112468313484117,-0.5504812240723937,0.24266558053381138,0.8395845962144354,0.5454348084042953,0.4395551257253385,69,0.3188405797101449,True,True,0.3141780945288999,0.15505115668165304,-0.3124710891105298,0.48067571549567534,1.1622396840165992,1.005462922740242,0.22195357833655707,38,0.3684210526315789,True
ETN,"Eaton Corporation, plc Ordinary Shares",Individual equity,2679,10.630952380952381,2016-01-04,2026-08-28,0.2408220007059525,-0.4454865181711607,0.5405820173741511,0.12887511769357385,-0.11194688301237865,-0.32132832837449943,0.12415818979666127,0.6950727170292081,0.40106989117801467,0.5912653975363942,106,0.330188679245283,False,False,0.19984700790139276,-0.04097499280455974,-0.14469865533714776,0.30078786283401293,1.3720292986073706,1.3811255359336227,0.4173198954833893,58,0.4827586206896552,False
ETR,Entergy Corporation,Individual equity,2679,10.630952380952381,2016-01-04,2026-08-28,0.15540314802484456,-0.41998132586367887,0.3700239473868575,0.11018170828267992,-0.04522143974216464,-0.287411006884433,0.13257031897924587,0.7285138572659492,0.3833593900145363,0.5539380365808138,90,0.35555555555555557,False,True,0.10397265412022993,-0.05143049390461463,-0.13285492268418275,0.2871264031794961,0.996549863228045,0.7826029477837976,0.4005225830533781,53,0.4339622641509434,False
EVRG,"Evergy, Inc. Common Stock",Individual equity,2070,8.214285714285714,2018-06-05,2026-08-28,0.08958305324667393,-0.38803088803088837,0.2308657790138162,0.051265699497337724,-0.0383173537493362,-0.4183686235579278,-0.030337735527039444,0.3892917388026538,0.12253715171410175,0.5120772946859904,68,0.36764705882352944,False,False,0.06661838660665098,-0.022964666640022946,-0.15683335515121555,0.23119753287967282,0.7041483279273411,0.42477180024886213,0.34009661835748795,41,0.4878048780487805,False
EW,Edwards Lifesciences Corp,Individual equity,2679,10.630952380952381,2016-01-04,2026-08-28,0.1230108317607308,-0.5431588613406801,0.22647302753581688,0.080927538579739,-0.0420832931809918,-0.33667003301209564,0.2064888283285845,0.4532941557677435,0.2403764239296923,0.47256438969764836,98,0.2755102040816326,False,True,0.09603856093007512,-0.026972270830655676,-0.28986044918731746,0.2532984121533627,0.713409936951,0.3313268891956067,0.3113101903695409,58,0.3275862068965517,False
EWG,iShares MSCI Germany ETF,Thematic/industry ETF,2679,10.630952380952381,2016-01-04,2026-08-28,0.08007663627134631,-0.46778126088470806,0.17118393353316144,0.10365428119947873,0.023577644928132413,-0.1882400815770897,0.27954117930761835,0.7586623476926836,0.5506493639986515,0.5263157894736842,121,0.2809917355371901,True,True,0.06623343262146508,-0.01384320364988123,-0.15790328177920665,0.3098779791055014,0.717490800784526,0.4194557065259613,0.3564762971257932,65,0.2923076923076923,False
EWJ,iShares MSCI Japan ETF,Thematic/industry ETF,2679,10.630952380952381,2016-01-04,2026-08-28,0.08881353188738816,-0.3314086005166381,0.2679880116235226,0.030630581258673795,-0.05818295062871437,-0.15557386745391077,0.17583473306272734,0.3144811523444933,0.19688770202841552,0.5125046659201195,118,0.22033898305084745,False,False,0.05413396767945011,-0.03467956420793805,-0.17421620318462916,0.15719239733200896,0.6634055993946332,0.3107286618000769,0.3799925345278089,67,0.26865671641791045,False
EWZ,iShares MSCI Brazil ETF,Thematic/industry ETF,2679,10.630952380952381,2016-01-04,2026-08-28,0.10904557500074374,-0.57025576255131,0.1912222237139289,0.21715381033328973,0.10810823533254599,-0.19377224318249697,0.3764835193688131,0.9605403082734458,1.1206652034717466,0.5733482642777156,97,0.3711340206185567,True,True,0.21056855078146897,0.10152297578072522,-0.20130475327536757,0.3689510092759425,1.3125718093699423,1.046018771814242,0.3355729749906682,51,0.49019607843137253,True
EXC,Exelon Corporation Common Stock,Individual equity,2679,10.630952380952381,2016-01-04,2026-08-28,0.11545451024837194,-0.40042223786066133,0.28833191399461616,0.06095086876084954,-0.0545036414875224,-0.2626504036625703,0.13777183419809103,0.4612631857588063,0.23206082271685274,0.5535647629712579,97,0.30927835051546393,False,False,0.058201097749272845,-0.0572534124990991,-0.17146130011987937,0.22896093774078197,0.5805704320824255,0.33944159824159037,0.3676745054124673,54,0.42592592592592593,False
EXE,Expand Energy Corporation Common Stock,Individual equity,2679,10.630952380952381,2016-01-04,2026-08-28,-0.17709232422624643,-0.9945902880762313,-0.17805555347698412,-0.02921248496443507,0.14787983926181136,-0.9620223556747033,0.032567932401528,0.23645412527628984,-0.030365702826050472,0.47181784247853675,89,0.2696629213483146,True,True,0.11581172899079406,0.2929040532170405,-0.4090569637259688,0.5855333243502625,0.5979163063150561,0.28311883004240324,0.23478910041060097,46,0.2826086956521739,True
EXPD,"Expeditors International of Washington, Inc.",Individual equity,2679,10.630952380952381,2016-01-04,2026-08-28,0.16167446530201834,-0.35622083981337516,0.4538602103872416,0.058082153336635356,-0.10359231196538299,-0.3451407066678138,0.011080133145561333,0.4432586253687954,0.1682854332002555,0.5117581187010078,96,0.22916666666666666,False,False,0.08534649993843169,-0.07632796536358666,-0.13556831660400936,0.2206525232093658,0.768412522092521,0.6295460626521315,0.353116834639791,59,0.2542372881355932,False
EXPE,"Expedia Group, Inc. Common Stock",Individual equity,2679,10.630952380952381,2016-01-04,2026-08-28,0.10488234261074458,-0.7050307873706283,0.14876278382380612,0.1438212724950918,0.03893892988434722,-0.3507914419311394,0.3542393454394889,0.6083322864982686,0.40999082447206336,0.5046659201194476,100,0.22,True,True,0.1406961159985669,0.03581377338782232,-0.2336944383264491,0.4713363490441792,0.7489971122979545,0.6020516235051675,0.3348264277715566,58,0.3103448275862069,True
EXR,"Extra Space Storage, Inc.",Individual equity,2679,10.630952380952381,2016-01-04,2026-08-28,0.08650096554825604,-0.5136658513240454,0.16839929172883059,0.111561123265429,0.02506015771717296,-0.2667275300921962,0.24693832123184922,0.6701972311969623,0.4182587497693513,0.5602836879432624,97,0.28865979381443296,True,True,0.09724080786363865,0.010739842315382608,-0.1961650465288617,0.3175008047951837,0.8071921234758749,0.49570914688581713,0.3389324374766704,53,0.3584905660377358,True
F,Ford Motor Company,Individual equity,2679,10.630952380952381,2016-01-04,2026-08-28,0.051212961773594357,-0.6515976331360941,0.07859599109823333,0.19863859277996654,0.14742563100637218,-0.3917816629037063,0.2598159702323878,0.8304275575043037,0.507013501621664,0.48861515490854796,99,0.32323232323232326,True,True,0.14437881997032176,0.0931658581967274,-0.352209364101125,0.29938826903496907,0.8403418555157636,0.40992328622151075,0.2773422918999627,59,0.3050847457627119,True
FANG,"Diamondback Energy, Inc. Common Stock",Individual equity,2679,10.630952380952381,2016-01-04,2026-08-28,0.13741190029273764,-0.8872011251758087,0.15488246846565704,0.20325685142368943,0.06584495113095179,-0.5063469042184875,0.38085422095732124,0.7057888994440639,0.4014181774003393,0.5024262784621127,93,0.3010752688172043,True,True,0.12741570237690114,-0.009996197915836502,-0.3559854648178241,0.5312156603579846,0.6890395082850227,0.357923890072608,0.3157894736842105,53,0.2641509433962264,False
FAST,Fastenal Company Common Stock,Individual equity,2679,10.630952380952381,2016-01-04,2026-08-28,0.19370805298091098,-0.306968641114982,0.6310353144781107,0.10479013173308038,-0.0889179212478306,-0.32298996404073044,-0.016021322925748427,0.6706067382066179,0.3244377330555877,0.5658827920865995,92,0.33695652173913043,False,False,0.12930615124299316,-0.06440190173791782,-0.11004951969681354,0.19691912141816847,1.02879037745214,1.1749815137697253,0.375886524822695,57,0.43859649122807015,False
FCX,Freeport-McMoran Inc.,Individual equity,2679,10.630952380952381,2016-01-04,2026-08-28,0.272313977055366,-0.7259012756516914,0.3751391355675619,0.3500832773999367,0.07776930034457075,-0.31520210934724746,0.4106991663044439,1.0466357839505973,1.1106628636620635,0.5319148936170213,98,0.25510204081632654,True,True,0.33757242603253435,0.06525844897716837,-0.20792569018268892,0.5179755854690025,1.249331162208352,1.6235243741931766,0.3135498320268757,51,0.27450980392156865,True
FDS,Factset Research Systems,Individual equity,2679,10.630952380952381,2016-01-04,2026-08-28,0.0774742950868903,-0.6113073475036667,0.12673542270228577,0.1232873753549879,0.045813080268097606,-0.28472554817033147,0.3265817993333352,0.6915395505078591,0.43300426023320415,0.5621500559910414,95,0.3263157894736842,True,True,0.12992353918129318,0.05244924409440288,-0.16568739831988166,0.445619949183785,1.0280649308010654,0.7841485864269437,0.3542366554684584,50,0.44,True
FDX,FedEx Corporation,Individual equity,2679,10.630952380952381,2016-01-04,2026-08-28,0.12109252577508878,-0.6596713418463467,0.18356493316226877,0.20321879777323182,0.08212627199814304,-0.24073460425342497,0.4189367375929217,0.9718463454465789,0.8441611392074747,0.5468458379992535,100,0.34,True,True,0.2058541131448186,0.08476158736972983,-0.11243505223841421,0.5472362896079325,1.337617374267419,1.8308713256815399,0.3333333333333333,55,0.38181818181818183,True
FDXF,"FedEx Freight Holding Company, Inc.",Individual equity,63,0.25,2026-06-01,2026-08-28,-0.36560320645210886,-0.3168311578053694,-1.15393703379609,-0.3993873037427521,-0.033784097290643245,-0.11966366537510331,0.1971674924302661,-2.526443534890371,-3.3375820679636883,0.2222222222222222,1,0.0,False,False,0.0,0.36560320645210886,0.0,0.3168311578053694,,,0.0,0,,True
FE,FirstEnergy Corp.,Individual equity,2679,10.630952380952381,2016-01-04,2026-08-28,0.08057402396018509,-0.47675295300326703,0.169005820420441,0.03959328209596458,-0.040980741864220516,-0.3233426295944256,0.15341032340884142,0.338615929060152,0.12244992918387264,0.557297499066816,99,0.3333333333333333,False,False,0.04823113931187417,-0.03234288464831092,-0.18026311275040885,0.2964898402528582,0.5163506195538798,0.2675596719482743,0.3583426651735722,60,0.31666666666666665,False
FER,Ferrovial N.V. Ordinary Shares,Individual equity,578,2.2936507936507935,2024-05-09,2026-08-28,0.2036530146129525,-0.20387691473498792,0.9989017877657876,-0.05044930241546042,-0.2541023170284129,-0.20777742171658475,-0.0039005069815968296,-0.29189387414552503,-0.24280454535755538,0.47923875432525953,23,0.21739130434782608,False,False,0.021602924757816,-0.1820500898551365,-0.0928609124217682,0.11101600231321973,0.2442236925094988,0.23263743801802128,0.3408304498269896,12,0.4166666666666667,False
FERG,Ferguson Enterprises Inc.,Individual equity,1377,5.464285714285714,2021-03-08,2026-08-28,0.15211295906795153,-0.43311947706088827,0.35120322941876697,0.23904491066709976,0.08693195159914824,-0.1436569646085537,0.28946251245233456,1.1551428604594325,1.6639980617609849,0.5635439360929557,53,0.3584905660377358,True,True,0.2007222295391129,0.04860927047116137,-0.09033976925706899,0.3427797078038193,1.2088082788245382,2.2218590017419886,0.3718228031953522,29,0.4482758620689655,True
FFIV,"F5, Inc. Common Stock",Individual equity,2679,10.630952380952381,2016-01-04,2026-08-28,0.141074516589212,-0.5459332062982645,0.2584098475082271,0.14073232902175503,-0.0003421875674569641,-0.3019071883918887,0.2440260179063758,0.7803595635464934,0.46614434645086467,0.5195968645016797,101,0.297029702970297,False,True,0.10828798629832259,-0.032786530290889404,-0.14965017826941762,0.39628302802884685,0.8970300195173116,0.7236074660958304,0.3098170959313177,60,0.2833333333333333,False
FICO,Fair Isaac Corporation,Individual equity,2679,10.630952380952381,2016-01-04,2026-08-28,0.26728573721417304,-0.612839993284084,0.43614277812034347,0.26020593761886635,-0.0070797995953066906,-0.2067251526861027,0.4061148405979813,1.0510920300398576,1.2587047789679002,0.5938783128032848,97,0.3917525773195876,False,True,0.18168010800305834,-0.0856056292111147,-0.23898560307122918,0.3738543902128548,1.1276912625076725,0.7602136098085748,0.41284061216871965,62,0.41935483870967744,False
FIS,"Fidelity National Information Services, Inc.",Individual equity,2679,10.630952380952381,2016-01-04,2026-08-28,-0.016485335608554696,-0.7245911214953269,-0.02275122495916618,0.11120549053329931,0.127690826141854,-0.2687396520021693,0.4558514694931576,0.6371150390347416,0.4138038049271629,0.5558044046285927,91,0.2967032967032967,True,True,0.06539988443913836,0.08188522004769305,-0.2156452957835674,0.5089458257117595,0.6311566044589396,0.3032752659941027,0.3505039193729003,53,0.2830188679245283,True
FISV,"Fiserv, Inc. Common Stock",Individual equity,2679,10.630952380952381,2016-01-04,2026-08-28,0.016367257926021006,-0.8015896379158082,0.020418499880533732,0.015562838549647129,-0.0008044193763738772,-0.35468103058148925,0.4469086073343189,0.17547690386941164,0.0438784068156459,0.5670026129152669,104,0.3173076923076923,False,True,0.08968740432149791,0.0733201463954769,-0.17355752550445325,0.6280321124113549,0.8344201774432173,0.5167589481402042,0.3643150429264651,56,0.44642857142857145,True
FITB,Fifth Third Bancorp,Individual equity,2679,10.630952380952381,2016-01-04,2026-08-28,0.13979816966133773,-0.640564163686929,0.2182422582879036,0.12972943855696806,-0.010068731104369677,-0.484717596280561,0.15584656740636804,0.6047631057661133,0.2676392182838746,0.5964912280701754,100,0.35,False,True,0.13044041984429633,-0.009357749817041405,-0.2983025255720294,0.3422616381148996,0.8314456673036839,0.4372756133866511,0.39529675251959684,57,0.40350877192982454,False
FIX,"Comfort Systems USA, Inc.",Individual equity,2679,10.630952380952381,2016-01-04,2026-08-28,0.4693328792309315,-0.496913035808784,0.9444970153923159,0.20151858567737957,-0.2678142935535519,-0.45188832261469125,0.045024713194092736,0.8090679844693568,0.44594776096749716,0.5386338185890257,98,0.3979591836734694,False,False,0.2549566424494647,-0.21437623678146678,-0.2803354506307709,0.21657758517801307,1.2458198284953168,0.9094698578998751,0.3590892123926838,63,0.4603174603174603,False
FLEX,Flex Ltd. Ordinary Shares,Individual equity,2679,10.630952380952381,2016-01-04,2026-08-28,0.2789786029841108,-0.7000701262272091,0.39850093945241105,0.22983568788991815,-0.04914291509419266,-0.5173563744837868,0.1827137517434223,0.8851209811580052,0.44425022909835793,0.43896976483762595,97,0.24742268041237114,False,True,0.2245329549362054,-0.054445648047905415,-0.17832784257420387,0.5217422836530052,1.2354957661724792,1.259102065583366,0.2803284807764091,52,0.3269230769230769,False
FLOT,iShares Floating Rate Bond ETF,Bond ETF,2679,10.630952380952381,2016-01-04,2026-08-28,0.029796068353384886,-0.13524089019320118,0.22031848733633072,0.02495195380937365,-0.004844114544011235,-0.04704317609081876,0.08819771410238242,1.2678754504403102,0.5304053825193029,0.8152295632698768,33,0.48484848484848486,False,True,0.02856020818015592,-0.0012358601732289642,-0.007154017096110743,0.12808687309709044,4.017305341001514,3.9921917709258175,0.8040313549832027,20,0.7,False
FOX,Fox Corporation Class B Common Stock,Individual equity,2679,10.630952380952381,2016-01-04,2026-08-28,0.09649484733178082,-0.6071197411003231,0.15893874107420203,0.14707218018788937,0.05057733285610855,-0.30232804517325906,0.304791695927064,0.812870116622018,0.4864655546712671,0.541993281075028,95,0.3473684210526316,True,True,0.12598798757069596,0.02949314023891514,-0.14635372677799352,0.46076601432232955,0.9456709756527909,0.8608457764919735,0.3456513624486749,53,0.41509433962264153,True
FOXA,Fox Corporation Class A Common Stock,Individual equity,2679,10.630952380952381,2016-01-04,2026-08-28,0.10726695613555814,-0.6016208146726377,0.17829661727034118,0.10681467945565437,-0.0004522766799037736,-0.352838398476617,0.2487824161960207,0.6276371337130295,0.30272974800029623,0.49645390070921985,97,0.29896907216494845,False,True,0.1149298334669695,0.007662877331411355,-0.16507558662703858,0.43654522804559914,0.8556288568183821,0.6962255038150175,0.3314669652855543,54,0.35185185185185186,True
FRT,Federal Realty Investment Trust,Individual equity,2679,10.630952380952381,2016-01-04,2026-08-28,0.021820736747084846,-0.5647687154883676,0.03863658901186831,0.07473400430895727,0.052913267561872424,-0.28649539574753125,0.27827331974083636,0.4754905766453964,0.26085586511419967,0.5091452034341172,100,0.29,True,True,0.0525374543843069,0.030716717637222057,-0.1971497173584117,0.3676189981299559,0.5110776411705447,0.2664850606343784,0.2952594251586413,51,0.27450980392156865,True
FSLR,"First Solar, Inc. Common Stock",Individual equity,2679,10.630952380952381,2016-01-04,2026-08-28,0.11108863760060883,-0.6403496790056002,0.17348121072398834,0.17291094617466896,0.061822308574060125,-0.3603049297669656,0.28004474923863465,0.6510156459944971,0.4799016940636992,0.5341545352743561,99,0.29292929292929293,True,True,0.10027550533909713,-0.010813132261511704,-0.34052737738772876,0.2998223016178715,0.5206470992308446,0.2944711996678087,0.25867861142217247,56,0.26785714285714285,False
FTNT,"Fortinet, Inc. Common Stock",Individual equity,2679,10.630952380952381,2016-01-04,2026-08-28,0.3656065587603239,-0.38315894369705983,0.9541903295604304,0.26308224181686524,-0.10252431694345865,-0.420118490382422,-0.036959546685362166,1.0222497504590269,0.6262096238072952,0.5009331840238895,91,0.34065934065934067,False,False,0.2890553916609173,-0.07655116709940657,-0.2966278871007426,0.08653105659631721,1.3764160409928103,0.9744713974338715,0.3501306457633445,56,0.4107142857142857,False
FTV,Fortive Corporation,Individual equity,2553,10.130952380952381,2016-07-05,2026-08-28,0.08495688972896787,-0.5265331406153211,0.16135145763034955,0.06464330798217399,-0.020313581746793874,-0.2442122183274067,0.2823209222879144,0.4717889132694003,0.2647013668067541,0.49471210340775557,100,0.26,False,True,0.04739757886000717,-0.037559310868960694,-0.19286011562046412,0.33367302499485696,0.49509870887412216,0.24576143547109788,0.30748139443791617,59,0.2542372881355932,False
FXI,iShares China Large-Cap ETF,Thematic/industry ETF,2679,10.630952380952381,2016-01-04,2026-08-28,0.026896629230752422,-0.6079967023907668,0.04423811695851212,0.16809716048952028,0.14120053125876786,-0.23752492638044131,0.37047177601032544,0.9058614270047124,0.7077032421442823,0.5360209033221351,109,0.3577981651376147,True,True,0.10549519938410068,0.07859857015334826,-0.18632283351140633,0.4216738688793604,0.8096264970371121,0.5661957656823766,0.30011198208286677,58,0.3448275862068966,True
GD,General Dynamics Corporation,Individual equity,2679,10.630952380952381,2016-01-04,2026-08-28,0.1256894807998954,-0.5162869020680945,0.243448904662156,0.0934313653002452,-0.032258115499650186,-0.21993967207537857,0.2963472299927159,0.6729967138987561,0.4248045130676745,0.5177304964539007,100,0.35,False,True,0.08757536967368917,-0.03811411112620622,-0.14363423641443018,0.3726526656536643,0.8432864591050007,0.6097109704472305,0.3628219484882419,58,0.39655172413793105,False
GDDY,GoDaddy Inc,Individual equity,2679,10.630952380952381,2016-01-04,2026-08-28,0.10809318068790574,-0.6501516211803119,0.16625841906180125,0.15210049072037912,0.04400731003247338,-0.25490221692282844,0.39524940425748345,0.7459986607426982,0.596701325537814,0.5024262784621127,96,0.2916666666666667,True,True,0.12671473773814146,0.018621557050235715,-0.1992319392192229,0.450919681961089,0.9074983327800504,0.636016184125539,0.3109369167599851,57,0.3333333333333333,True
GDX,VanEck Gold Miners ETF,Thematic/industry ETF,2679,10.630952380952381,2016-01-04,2026-08-28,0.21293357207854524,-0.4974570113829003,0.42804416704591786,0.17180771264997574,-0.0411258594285695,-0.27455729141695473,0.2228997199659456,0.7648126257069395,0.625762702433792,0.568868980963046,104,0.33653846153846156,False,True,0.21733588311433238,0.004402311035787143,-0.1677631328513416,0.32969387853155874,1.158276932302053,1.2954925162664805,0.3128032848077641,57,0.40350877192982454,True
GDXJ,VanEck Junior Gold Miners ETF,Thematic/industry ETF,2597,10.305555555555555,2016-05-02,2026-08-28,0.1431283392186038,-0.588687782805432,0.24313115270800403,0.11812042770504405,-0.025007911513559744,-0.37900420762327525,0.20968357518215675,0.5474627808978452,0.31165993761856614,0.51636503658067,107,0.27102803738317754,False,True,0.18243641721035786,0.039308077991754065,-0.19484658165322433,0.39384120115220767,0.9700396318079719,0.9363080207126585,0.27801309202926455,54,0.3148148148148148,True
GE,GE Aerospace,Individual equity,2679,10.630952380952381,2016-01-04,2026-08-28,0.09615319524642563,-0.8118642862223486,0.11843505974851042,0.2603186007681657,0.16416540552174008,-0.3415004896298186,0.47036379659253,1.1134824910437429,0.7622788507575704,0.5020530048525569,99,0.32323232323232326,True,True,0.22103268427823397,0.12487948903180834,-0.15474330975474704,0.6571209764676016,1.426102499373961,1.4283828142783626,0.286300858529302,50,0.38,True
GEHC,GE HealthCare Technologies Inc. Common Stock,Individual equity,928,3.6825396825396823,2022-12-15,2026-08-28,0.05138126327913395,-0.3735429365843228,0.13755115743578047,0.07144138503064013,0.020060121751506177,-0.2517536961709852,0.12178924041333761,0.43754736514117815,0.283774920158943,0.5247844827586207,34,0.2647058823529412,True,True,0.050083059348121406,-0.0012982039310125426,-0.1692716726150224,0.2042712639693004,0.4412820116038945,0.29587383744961393,0.3286637931034483,18,0.2222222222222222,False
GEN,Gen Digital Inc. Common Stock,Individual equity,2679,10.630952380952381,2016-01-04,2026-08-28,0.13656044270240142,-0.4838478104809768,0.2822384223804822,0.20575795455243973,0.0691975118500383,-0.29488871355589674,0.18895909692508006,1.052453327338305,0.6977478116111009,0.5386338185890257,100,0.38,True,True,0.17109931682767843,0.03453887412527701,-0.18354574477793906,0.30030206570303775,1.1811677868471193,0.9321889594045407,0.3131765584173199,57,0.42105263157894735,True
GEV,GE Vernova Inc.,Individual equity,605,2.4007936507936507,2024-04-02,2026-08-28,1.1864982748865072,-0.38285190279688197,3.0991050748832016,0.523035609965429,-0.6634626649210782,-0.2671691317599654,0.1156827710369166,1.4803311447286367,1.9576947625646495,0.4479338842975207,19,0.2631578947368421,False,False,0.8943980512593124,-0.2921002236271948,-0.11954825297221705,0.2633036498246649,2.570544803630497,7.4814815693473165,0.3256198347107438,11,0.45454545454545453,False
GILD,"Gilead Sciences, Inc. Common Stock",Individual equity,2679,10.630952380952381,2016-01-04,2026-08-28,0.07419521961340236,-0.36004483048472913,0.20607217027255517,0.023109862126973413,-0.05108535748642895,-0.36810388987643694,-0.008059059391707812,0.22644017094714547,0.06278081477142446,0.47704367301231804,98,0.2653061224489796,False,False,0.04453889522596177,-0.02965632438744059,-0.23468505792555894,0.1253597725591702,0.43295804569897306,0.18978155498970586,0.2612915266890631,56,0.25,False
GIS,"General Mills, Inc.",Individual equity,2679,10.630952380952381,2016-01-04,2026-08-28,0.007148017798499495,-0.5961685823754793,0.01198992702704606,0.0994984410847437,0.09235042328624421,-0.34887739095549275,0.24729119141998657,0.7434598670047337,0.28519601345401313,0.5244494214259052,95,0.2631578947368421,True,True,0.044665489750998155,0.03751747195249866,-0.26467418928757,0.3314943930879093,0.482888309408083,0.16875649972226361,0.2706233669279582,51,0.27450980392156865,True
GL,Globe Life Inc.,Individual equity,2679,10.630952380952381,2016-01-04,2026-08-28,0.12039656049238423,-0.6162540794396243,0.1953683789028446,0.0688315721658852,-0.05156498832649903,-0.4506898994447325,0.1655641799948918,0.4674390723886439,0.15272490519687346,0.4748040313549832,89,0.33707865168539325,False,False,0.06765961553054156,-0.05273694496184267,-0.22591246836484302,0.39034161107478127,0.6365961145927007,0.2994948265594308,0.3437849944008959,55,0.41818181818181815,False
GLD,"SPDR Gold Trust, SPDR Gold Shares",Commodity ETF,2679,10.630952380952381,2016-01-04,2026-08-28,0.138588655274122,-0.2640451703972573,0.5248672227771282,0.13701067608945006,-0.0015779791846719515,-0.1504401882116495,0.11360498218560777,1.2566992057049462,0.910731884333288,0.5270623366927958,99,0.3434343434343434,False,True,0.1280376319779677,-0.010551023296154316,-0.09909113131600189,0.1649540390812554,1.4744267927221537,1.2921199937626642,0.3180291153415454,59,0.4067796610169492,False
GLW,Corning Incorporated,Individual equity,2679,10.630952380952381,2016-01-04,2026-08-28,0.251841346251072,-0.5148421917165318,0.48916221378712094,0.20446617935193712,-0.0473751668991349,-0.2989359127752629,0.2159062789412689,0.9071980539307428,0.6839799790320035,0.5520716685330347,101,0.39603960396039606,False,True,0.1893571691619087,-0.06248417708916332,-0.1618384790118439,0.3530037127046879,1.1065112512019677,1.17003799293029,0.3602090332213512,60,0.45,False
GM,General Motors Company,Individual equity,2679,10.630952380952381,2016-01-04,2026-08-28,0.11671527471108045,-0.5994043186895017,0.1947187750769949,0.13156310598807952,0.014847831276999068,-0.3583077169665285,0.2410966017229732,0.6309783331310174,0.36717910264927267,0.5304217991787981,105,0.3333333333333333,True,True,0.12457699926307697,0.007861724551996518,-0.25410604154010963,0.3452982771493921,0.8060897401235219,0.4902559518381738,0.3064576334453154,55,0.41818181818181815,True
GNRC,GENERAC HOLDINGS INC,Individual equity,2679,10.630952380952381,2016-01-04,2026-08-28,0.19004156632762692,-0.8374851720047449,0.22691932069998513,0.2904468473874817,0.1004052810598548,-0.2742165246703099,0.563268647334435,0.9883557919456334,1.0591879819667525,0.5270623366927958,96,0.375,True,True,0.2007283897031582,0.010686823375531285,-0.23011769901654167,0.6073674729882033,0.9919324005113321,0.8722857501227194,0.3198954833893244,58,0.41379310344827586,True
GOOG,Alphabet Inc. Class C Capital Stock,Individual equity,2679,10.630952380952381,2016-01-04,2026-08-28,0.23370106468705298,-0.44601378941026815,0.5239772182740338,0.1366632756723809,-0.09703778901467208,-0.2627560245001268,0.18325776491014134,0.7275624340265648,0.52011471832995,0.5714818962299365,106,0.2830188679245283,False,False,0.1710856792699047,-0.06261538541714828,-0.3025365612714227,0.14347722813884545,1.1296869310599085,0.5655041445268958,0.4053751399776036,62,0.3548387096774194,False
GOOGL,Alphabet Inc. Class A Common Stock,Individual equity,2679,10.630952380952381,2016-01-04,2026-08-28,0.23223705675223116,-0.4431726366819283,0.5240329332853445,0.14762798660876109,-0.08460907014347008,-0.24649018537739487,0.19668245130453343,0.777186498993421,0.5989203439590571,0.5666293393057111,104,0.2980769230769231,False,True,0.17123065293539086,-0.061006403816840304,-0.34270330775982416,0.10046932892210414,1.1382058241533435,0.4996469221575007,0.40201567749160133,62,0.3709677419354839,False
GOVT,iShares U.S. Treasury Bond ETF,Bond ETF,2679,10.630952380952381,2016-01-04,2026-08-28,0.011209699802266382,-0.19084913437757545,0.05873592164211308,0.005570863737988985,-0.005638836064277397,-0.07322000218119307,0.11762913219638238,0.18105062742476657,0.07608390565467492,0.49010824934677116,107,0.21495327102803738,False,True,-0.0012809037987989713,-0.012490603601065353,-0.08079750014195786,0.11005163423561759,-0.03856171523033738,-0.01585326026855381,0.2530795072788354,57,0.24561403508771928,False
GPC,Genuine Parts Company,Individual equity,2679,10.630952380952381,2016-01-04,2026-08-28,0.0782168905873557,-0.5489668532070597,0.14248017003287775,0.1760619171410971,0.09784502655374139,-0.28596949609323086,0.2629973571138289,0.94230901346674,0.6156667740663428,0.5509518477043673,92,0.391304347826087,True,True,0.12335846233584413,0.04514157174848843,-0.2233725854694627,0.32559426773759703,1.0512184855689601,0.5522542619837674,0.3329600597237775,51,0.39215686274509803,True
GPN,"Global Payments, Inc.",Individual equity,2679,10.630952380952381,2016-01-04,2026-08-28,0.04236555644234019,-0.7016921528210545,0.060376272232795306,0.12398068127654405,0.08161512483420386,-0.4002316300101706,0.30146052281088387,0.6398867497309624,0.30977232177625114,0.5281821575214632,92,0.3695652173913043,True,True,0.12401932505131041,0.08165376860897022,-0.2617954131216834,0.43989673969937104,0.8997506807465053,0.47372611908087864,0.3247480403135498,48,0.3958333333333333,True
GRMN,Garmin Ltd,Individual equity,2679,10.630952380952381,2016-01-04,2026-08-28,0.2468654739817131,-0.5463338533541335,0.45185827761929837,0.08484722844479742,-0.16201824553691568,-0.24364956785009295,0.3026842855040406,0.5749239198693942,0.34823467652115947,0.49906681597611047,107,0.2897196261682243,False,False,0.11755190715872543,-0.12931356682298767,-0.16025156971851007,0.38608228363562347,0.959905894629813,0.733546057397199,0.3381858902575588,66,0.36363636363636365,False
GS,Goldman Sachs Group Inc.,Individual equity,2679,10.630952380952381,2016-01-04,2026-08-28,0.20454898409975653,-0.48749725335091276,0.41959002372576865,0.16688690969653996,-0.03766207440321656,-0.3293732882851216,0.15812396506579118,0.8649175360426753,0.5066801578398625,0.5487122060470325,101,0.32673267326732675,False,True,0.18995636673512228,-0.014592617364634242,-0.12541586720926212,0.36208138614165064,1.2662184379976353,1.5146119144411878,0.36058230683090703,55,0.43636363636363634,False
GWW,"W.W. Grainger, Inc.",Individual equity,2679,10.630952380952381,2016-01-04,2026-08-28,0.21050314622395327,-0.41594329138257413,0.506086167477907,0.1439965494359463,-0.06650659678800697,-0.20609973407373217,0.20984355730884197,0.7676008056154635,0.6986741156319569,0.5666293393057111,99,0.35353535353535354,False,True,0.1536231799725687,-0.056879966251384584,-0.11455038713460897,0.30139290424796517,1.0765278511066982,1.3410969950895497,0.3512504665920119,57,0.40350877192982454,False
HACK,Amplify Cybersecurity ETF,Thematic/industry ETF,2558,10.15079365079365,2016-06-27,2026-08-28,0.1800617455302913,-0.38689501116902403,0.46540208669588445,0.07564223427168959,-0.10441951125860172,-0.39743567051439954,-0.010540659345375514,0.5388242607012231,0.19032573038496048,0.516419077404222,110,0.2909090909090909,False,False,0.09504426386769049,-0.08501748166260081,-0.2696643040535045,0.11723070711551953,0.8806415059871863,0.3524540046235879,0.3612197028928851,64,0.375,False
HAL,Halliburton Company,Individual equity,2679,10.630952380952381,2016-01-04,2026-08-28,0.0238530882346899,-0.9109387923904051,0.026185171203541278,0.3961559823321341,0.3723028940974442,-0.43809624177786977,0.47284255061253533,1.1694483556326807,0.9042670184169239,0.5901455767077267,94,0.39361702127659576,True,True,0.17205728316176283,0.14820419492707293,-0.2309773590838049,0.6799614333066002,0.8816982819091149,0.744909734201852,0.3195222097797686,52,0.36538461538461536,True
HAS,"Hasbro, Inc. Common Stock",Individual equity,2679,10.630952380952381,2016-01-04,2026-08-28,0.06783270372611283,-0.6383905423623355,0.10625580929676834,0.12515218322684762,0.057319479500734793,-0.43487952855501943,0.20351101380731607,0.6660143220371166,0.2877858694399633,0.5042926465098917,93,0.3225806451612903,True,True,0.05191162805830296,-0.01592107566780987,-0.4001312251797059,0.2382593171826296,0.4397181039268231,0.12973650840418302,0.3023516237402016,48,0.3541666666666667,False
HBAN,Huntington Bancshares Incorporated Common Stock,Individual equity,2679,10.630952380952381,2016-01-04,2026-08-28,0.08709112660671159,-0.5496937882764654,0.15843571178015495,0.10065349470539364,0.013562368098682054,-0.4911614738427551,0.05853231443371032,0.5253273893444953,0.20492953960313623,0.5852930197835013,99,0.37373737373737376,True,True,0.07884893099381762,-0.008242195612893966,-0.26146241966418116,0.28823136861228427,0.5649170751686761,0.3015688873953287,0.3766330720418066,58,0.3448275862068966,False
HCA,"HCA Healthcare, Inc.",Individual equity,2679,10.630952380952381,2016-01-04,2026-08-28,0.19760236971901857,-0.547413192023428,0.3609748040389967,0.13722148613107055,-0.06038088358794802,-0.3413411503524564,0.2060720416709716,0.712782370384371,0.40200686612024555,0.5737215378872713,102,0.29411764705882354,False,True,0.12523722643381863,-0.07236514328519994,-0.25246923165726287,0.2949439603661651,0.8236241997250188,0.4960494615986838,0.38633818589025753,57,0.3684210526315789,False
HD,"Home Depot, Inc.",Individual equity,2679,10.630952380952381,2016-01-04,2026-08-28,0.11699867673584952,-0.37991929741276986,0.3079566569337337,0.1705133831493566,0.053514706413507085,-0.24459648979051563,0.13532280762225424,0.9829811130677764,0.697121137328637,0.5718551698394924,93,0.43010752688172044,True,True,0.15925668818099004,0.04225801144514052,-0.11665405496103476,0.2632652424517351,1.4040428091569852,1.3652049063719693,0.3822321761851437,50,0.54,True
HEI,HEICO Corporation,Individual equity,2679,10.630952380952381,2016-01-04,2026-08-28,0.26647562809990677,-0.5772391409433046,0.4616381828585659,0.13511787342941317,-0.1313577546704936,-0.20299608761741805,0.3742430533258866,0.7468004213537328,0.665618116168163,0.5121313923105636,99,0.2727272727272727,False,True,0.16000769946521665,-0.10646792863469012,-0.14989627908717673,0.4273428618561279,1.084262872052411,1.0674561132512124,0.3575961179544606,63,0.3333333333333333,False
HIG,"The Hartford Insurance Group, Inc.",Individual equity,2679,10.630952380952381,2016-01-04,2026-08-28,0.14083741235846392,-0.5758697261287938,0.2445647096353273,0.06065322746968471,-0.08018418488877921,-0.28352559436856273,0.2923441317602311,0.45000845779850696,0.21392505182738428,0.5658827920865995,94,0.2553191489361702,False,False,0.09205894842083517,-0.04877846393762875,-0.188724747251228,0.3871449788775658,0.8269630969124675,0.48779478982842384,0.3885778275475924,52,0.3269230769230769,False
HII,"Huntington Ingalls Industries, Inc.",Individual equity,2679,10.630952380952381,2016-01-04,2026-08-28,0.10534064163710632,-0.4970239334027051,0.21194279501980415,0.1557676117838971,0.05042697014679076,-0.2630400130114884,0.23398392039121674,0.8705532676577405,0.5921821931216749,0.5349010824934677,89,0.34831460674157305,True,True,0.18159062401740678,0.07624998238030045,-0.14420927534263162,0.3528146580600735,1.4083083076422123,1.2592159802894756,0.3329600597237775,48,0.4375,True
HLT,Hilton Worldwide Holdings Inc.,Individual equity,2679,10.630952380952381,2016-01-04,2026-08-28,0.21360219068465391,-0.5760385095382422,0.37081234526469314,0.11568218424500376,-0.09792000643965015,-0.5227415163644478,0.05329699317379444,0.6498174692730866,0.22129901801094334,0.49720044792833146,94,0.30851063829787234,False,False,0.09753586657086988,-0.11606632411378404,-0.26450169974379,0.3115368097944522,0.779309524554427,0.3687532695077126,0.3680477790220231,57,0.42105263157894735,False
HON,Honeywell International Inc. Common Stock,Individual equity,2679,10.630952380952381,2016-01-04,2026-08-28,0.1020219295808662,-0.43012185833967953,0.2371930828502479,0.0826176914848662,-0.019404238096000004,-0.2102763656068456,0.21984549273283394,0.57862228321301,0.3929005109368152,0.5431131019036954,108,0.28703703703703703,False,True,0.12017438358030907,0.018152453999442875,-0.14941450759217423,0.2807073507475053,1.160780723531989,0.8043019752025965,0.36058230683090703,57,0.3684210526315789,True
HOOD,"Robinhood Markets, Inc. Class A Common Stock",Individual equity,1277,5.067460317460317,2021-07-29,2026-08-28,0.24162279176490853,-0.9021167779514137,0.26783981594223477,0.7095936909672049,0.4679708992022964,-0.3744557939320844,0.5276609840193293,1.4285757291386785,1.8949998970930733,0.5348472983555208,43,0.3488372093023256,True,True,0.529372434182392,0.28774964241748346,-0.19170222706350482,0.7104145508879088,1.511990296341422,2.7614307996903333,0.2889584964761159,23,0.43478260869565216,True
HPE,Hewlett Packard Enterprise Company,Individual equity,2679,10.630952380952381,2016-01-04,2026-08-28,0.214769886273537,-0.5689081225033283,0.3775124273643685,0.18032831959968898,-0.03444156667384801,-0.40443343622377637,0.16447468627955197,0.8256181983596087,0.445878860272848,0.49272116461366183,104,0.3076923076923077,False,True,0.20721916786275418,-0.0075507184107828085,-0.16320824199469053,0.4056998805086378,1.2516580025981283,1.26966117231687,0.2859275849197462,55,0.36363636363636365,False
HPQ,HP Inc.,Individual equity,2679,10.630952380952381,2016-01-04,2026-08-28,0.13288474368021164,-0.5124035281146622,0.25933612160936487,0.08751490429842756,-0.04536983938178407,-0.3211224074374216,0.19128112067724057,0.4872391836903254,0.27252817701761267,0.5360209033221351,103,0.30097087378640774,False,True,0.11300027253829703,-0.019884471141914606,-0.22793282903039735,0.2844706990842648,0.7525134581824315,0.4957612864236735,0.3516237402015677,58,0.3793103448275862,False
HRL,Hormel Foods Corporation,Individual equity,2679,10.630952380952381,2016-01-04,2026-08-28,-0.029021054596977014,-0.5845400340715495,-0.0496476766438631,0.03860113473998572,0.06762218933696273,-0.3201972046552902,0.2643428294162593,0.35847520142147554,0.12055425275040096,0.5169839492347891,96,0.3020833333333333,True,True,0.02362033082111359,0.0526413854180906,-0.24268565539894227,0.34185437867260726,0.30788647740816105,0.09732891209529863,0.251959686450168,53,0.2641509433962264,True
HSIC,"Henry Schein, Inc. Common Stock",Individual equity,2679,10.630952380952381,2016-01-04,2026-08-28,0.03691709919138453,-0.4141907475240806,0.08913067086134803,0.05129617052736335,0.014379071335978821,-0.3053675341974835,0.10882321332659706,0.38713412680795434,0.16798174259805143,0.48114968271743186,99,0.29292929292929293,True,True,0.07466143818665283,0.0377443389952683,-0.10717423768155188,0.3070165098425287,0.6775159681245522,0.6966360554716076,0.2821948488241881,55,0.34545454545454546,True
HST,"Host Hotels & Resorts, Inc. Common Stock",Individual equity,2679,10.630952380952381,2016-01-04,2026-08-28,0.07996693114243403,-0.5505037783375311,0.14526136656850303,-0.006824610926332908,-0.08679154206876694,-0.7057103461716376,-0.15520656783410658,0.06710567567158651,-0.00967055529702136,0.47891004106009705,100,0.23,False,False,0.024962641458834423,-0.055004289683599605,-0.46548992916088183,0.08501384917664923,0.2495893901470411,0.05362659833228503,0.286300858529302,54,0.2777777777777778,False
HSY,The Hershey Company,Individual equity,2679,10.630952380952381,2016-01-04,2026-08-28,0.09561845379093459,-0.4525159744408941,0.21130404050172136,0.050916672977879385,-0.0447017808130552,-0.3267556841747059,0.12576029026618818,0.42233372650921236,0.15582490357124393,0.5599104143337066,93,0.3333333333333333,False,False,0.04689974095895244,-0.04871871283198215,-0.16672432899908773,0.28579164544180635,0.4980776176396677,0.2813011228805669,0.3501306457633445,55,0.34545454545454546,False
HUBB,Hubbell Incorporated,Individual equity,2679,10.630952380952381,2016-01-04,2026-08-28,0.17600511033575583,-0.41626650660264075,0.4228183328325442,0.08456656885943126,-0.09143854147632458,-0.23163933887188926,0.1846271677307515,0.5064367415619304,0.36507861432898386,0.5949981336319522,105,0.2571428571428571,False,False,0.1510671572832345,-0.024937953052521333,-0.15502103510946807,0.2612454714931727,1.0615152828566747,0.9744945721498921,0.406494960806271,55,0.36363636363636365,False
HUBS,"HUBSPOT, INC.",Individual equity,2679,10.630952380952381,2016-01-04,2026-08-28,0.15783242321025348,-0.8001596094263448,0.19725117507919157,0.1408452896641652,-0.016987133546088273,-0.5947195498389073,0.2054400595874375,0.5518983370376295,0.23682639943872066,0.5375139977603584,100,0.31,False,True,0.20250293231523564,0.04467050910498216,-0.36135553339580206,0.4388040760305427,0.9431818672655808,0.560398039051,0.3303471444568869,61,0.3442622950819672,True
HUM,Humana Inc.,Individual equity,2679,10.630952380952381,2016-01-04,2026-08-28,0.0833533521942218,-0.6991702781790565,0.11921752796945284,0.15145972366998461,0.06810637147576282,-0.2671219995576031,0.43204827862145345,0.7597672249961058,0.5670058022956785,0.5826801045166107,103,0.3106796116504854,True,True,0.16519670936035102,0.08184335716612923,-0.16786554237251616,0.5313047358065404,1.1620789951138015,0.9841013648516225,0.3665546845837999,54,0.42592592592592593,True
HWM,Howmet Aerospace Inc.,Individual equity,1611,6.392857142857143,2020-04-01,2026-08-28,0.6023915056345559,-0.26746849942726225,2.2521960788820876,0.073862658869283,-0.5285288467652729,-0.45339754254940257,-0.18592904312214031,0.4390183001446698,0.16290926160287883,0.5046554934823091,58,0.29310344827586204,False,False,0.13695812556225828,-0.4654333800722976,-0.346976917587123,-0.07950841815986076,0.7821588225633682,0.39471826113006275,0.3860955927995034,41,0.34146341463414637,False
HYG,iShares iBoxx $ High Yield Corporate Bond ETF,Bond ETF,2679,10.630952380952381,2016-01-04,2026-08-28,0.05345548435526437,-0.2202791593133323,0.24267154696748927,0.0214189219898282,-0.03203656236543617,-0.09359903982631124,0.12668011948702107,0.43610181214630206,0.22883698411409575,0.6099290780141844,107,0.24299065420560748,False,False,0.03238692103864915,-0.02106856331661522,-0.05545695509365001,0.1648222042196823,0.880345359409503,0.584001068647881,0.5031728256812243,57,0.38596491228070173,False
IBB,iShares Biotechnology ETF,Thematic/industry ETF,2679,10.630952380952381,2016-01-04,2026-08-28,0.06570212097899808,-0.3981827592155961,0.16500493669898866,0.06034992691906238,-0.0053521940599357,-0.19671905337328977,0.20146370584230633,0.44908412074121673,0.30678231662971495,0.49570735349010825,94,0.2872340425531915,False,True,0.08144934250671643,0.015747221527718347,-0.10648737265226738,0.2916953865633287,0.7658420627563406,0.7648732472035704,0.3131765584173199,48,0.3333333333333333,True
IBIT,iShares Bitcoin Trust ETF Shares,Thematic/industry ETF,660,2.619047619047619,2024-01-11,2026-08-28,0.21029207527703053,-0.5330340861270864,0.39451900122367134,0.3255192841248171,0.11522720884778659,-0.3242299060873911,0.20880418003969525,0.9761381281199972,1.0039767400021344,0.5136363636363637,24,0.4166666666666667,True,True,0.252218602123103,0.041926526846072454,-0.22231595889188482,0.31071812723520154,1.0635564281467267,1.1345051582453431,0.3090909090909091,13,0.38461538461538464,True
IBKR,"Interactive Brokers Group, Inc. Class A Common Stock",Individual equity,2679,10.630952380952381,2016-01-04,2026-08-28,0.23845510260606795,-0.5508447729672659,0.4328898345019573,0.18476353991373595,-0.053691562692331996,-0.3996135781166449,0.15123119485062098,0.8599979875443554,0.4623555105022096,0.5352743561030235,94,0.30851063829787234,False,True,0.18333461268832485,-0.0551204899177431,-0.20916597985942353,0.3416787931078423,1.1366112504534596,0.8765030183758399,0.3631952220977977,59,0.3220338983050847,False
IBM,International Business Machines Corporation,Individual equity,2679,10.630952380952381,2016-01-04,2026-08-28,0.09807081331619494,-0.4058351089985248,0.24165187077629458,0.17438290648950527,0.07631209317331034,-0.23191732411113386,0.17391778488739096,0.9671208880313281,0.7519184138479524,0.540126913027249,97,0.38144329896907214,True,True,0.15095822163379635,0.052887408317601414,-0.14178438272853455,0.26405072626999027,1.240483305469213,1.0647027460198233,0.3236282194848824,55,0.41818181818181815,True
ICE,Intercontinental Exchange  Inc.,Individual equity,2679,10.630952380952381,2016-01-04,2026-08-28,0.13075082281849948,-0.34317484662576625,0.3810035149839634,0.1367160055236405,0.0059651827051410145,-0.1449135302976834,0.19826131632808286,0.8653375276850389,0.9434316122365978,0.5502053004852557,89,0.3707865168539326,True,True,0.14777493307266543,0.017024110254165947,-0.135811772629716,0.20736307399605025,1.3201776184386962,1.0880863286834963,0.3814856289660321,49,0.46938775510204084,True
ICLN,iShares Global Clean Energy ETF,Thematic/industry ETF,2679,10.630952380952381,2016-01-04,2026-08-28,0.07473683927543862,-0.6675241157556286,0.11196125729605662,0.2568208585857088,0.18208401931027018,-0.2574506779808845,0.41007343777474414,1.2681970407838545,0.9975536308542079,0.5237028742067936,93,0.3655913978494624,True,True,0.18484602120252358,0.11010918192708496,-0.2250821009979307,0.44244201475769795,1.390908146263214,0.8212382076717107,0.3090705487122061,50,0.4,True
IDXX,"IDEXX Laboratories, Inc. Common Stock",Individual equity,2679,10.630952380952381,2016-01-04,2026-08-28,0.21320316505006986,-0.5400136023577418,0.3948107309134587,0.12424726216463267,-0.0889559028854372,-0.3911787913118673,0.14883481104587448,0.6896553179183136,0.3176226956168913,0.5065322881672266,98,0.25510204081632654,False,False,0.1305438980856466,-0.08265926696442327,-0.24248237780760695,0.2975312245501348,0.9571739084797629,0.5383644752495135,0.3195222097797686,58,0.27586206896551724,False
IEF,iShares 7-10 Year Treasury Bond ETF,Bond ETF,2679,10.630952380952381,2016-01-04,2026-08-28,0.010238984255743766,-0.2392707937713655,0.04279245324662398,0.019940148052085105,0.009701163796341339,-0.08374278980273087,0.15552800396863464,0.459654217344545,0.23811181952568355,0.5035460992907801,111,0.2972972972972973,True,True,0.006274453635821686,-0.00396453061992208,-0.06284557309358352,0.176425220677782,0.21307561751394694,0.09983923014717966,0.2534527808883912,59,0.3220338983050847,False
IEX,IDEX Corporation,Individual equity,2679,10.630952380952381,2016-01-04,2026-08-28,0.12483121204529968,-0.3552284575283654,0.35141106912959463,0.13661951174648057,0.011788299701180893,-0.16158348694392843,0.19364497058443697,0.8792064017481969,0.8455041683429527,0.511384845091452,88,0.3409090909090909,True,True,0.11460569673929033,-0.010225515306009347,-0.1215269076503247,0.2337015498780407,1.069457156994014,0.9430479138747683,0.3486375513251213,49,0.42857142857142855,False
IFF,International Flavors & Fragrances Inc.,Individual equity,2679,10.630952380952381,2016-01-04,2026-08-28,-0.0037357602100771548,-0.5741483696841493,-0.006506611195521242,0.003668467772462547,0.007404227982539702,-0.3239219795904892,0.2502263900936601,0.10710144690802392,0.011325158536942513,0.49197461739455023,110,0.24545454545454545,True,True,0.03410565202323701,0.037841412233314164,-0.22139088939459062,0.35275748028955867,0.3534773003750195,0.15405174131826915,0.2877939529675252,59,0.288135593220339,True
IGV,iShares Expanded Tech-Software Sector ETF,Thematic/industry ETF,2679,10.630952380952381,2016-01-04,2026-08-28,0.17364796738731458,-0.45849669541839466,0.378733301946385,0.1240840236965135,-0.04956394369080108,-0.22162320972798755,0.23687348569040712,0.7306464353429679,0.559887314369329,0.5345278088839119,109,0.3119266055045872,False,True,0.17361098560181754,-3.698178549704778e-05,-0.1411782457563593,0.3173184496620354,1.3791192271482897,1.2297290186012766,0.39529675251959684,61,0.3770491803278688,False
IJR,iShares Core S&P Small-Cap ETF,Broad index ETF,2679,10.630952380952381,2016-01-04,2026-08-28,0.11432422448734858,-0.44355444305381764,0.2577456415502016,0.10624516265318529,-0.008079061834163292,-0.22156196695913788,0.22199247609467976,0.7548419401014219,0.4795279808685749,0.5856662933930571,99,0.35353535353535354,False,True,0.07881826454258478,-0.0355059599447638,-0.169375074377079,0.27417936867673864,0.7172927434291142,0.46534748298980533,0.421799178798059,57,0.40350877192982454,False
INCY,Incyte Corp. Common Stock,Individual equity,2679,10.630952380952381,2016-01-04,2026-08-28,0.017595474127142685,-0.6647451853792761,0.026469502170374408,0.11409840112329439,0.0965029269961517,-0.32230553762988046,0.3424396477493956,0.5854039834366173,0.3540069524164344,0.5326614408361329,93,0.34408602150537637,True,True,0.09556295043312946,0.07796747630598677,-0.20181715848055548,0.4629280268987206,0.6695855373487307,0.47351251574744907,0.27398282941396046,47,0.3404255319148936,True
INDA,iShares MSCI India ETF,Thematic/industry ETF,2679,10.630952380952381,2016-01-04,2026-08-28,0.07063137024541777,-0.4445086705202316,0.1588976209682349,0.09147492592162165,0.020843555676203884,-0.18440960751159774,0.26009906300863384,0.7378758016902139,0.49604208346828504,0.5479656588279209,116,0.3103448275862069,True,True,0.068909793512266,-0.001721576733151764,-0.16710406267112798,0.2774046078491036,0.8132480120128569,0.4123765299942773,0.3553564762971258,63,0.38095238095238093,False
INTC,Intel Corporation Common Stock,Individual equity,2679,10.630952380952381,2016-01-04,2026-08-28,0.11983917220848395,-0.7080045095828646,0.1692632894091164,0.16370500899000273,0.043865836781518786,-0.42015079397557975,0.2878537156072849,0.6563788447684007,0.3896339393791975,0.49533407988055245,107,0.308411214953271,True,True,0.1795978319404774,0.05975865973199346,-0.2958761623465107,0.41212834723635394,0.860292598010836,0.6070033845110653,0.2859275849197462,61,0.3442622950819672,True
INTU,Intuit Inc. Common Stock,Individual equity,2679,10.630952380952381,2016-01-04,2026-08-28,0.14302577146387274,-0.6819343202825583,0.20973540590332843,0.13501848769919866,-0.008007283764674078,-0.3517508594407873,0.33018346084177097,0.6759207016960026,0.3838469305060142,0.528555431131019,101,0.31683168316831684,False,True,0.15893345825517025,0.015907686791297504,-0.1715009388043942,0.5104333814781641,1.0701299961122364,0.9267206311706676,0.3624486748786861,56,0.4642857142857143,True
INVH,Invitation Homes Inc. Common Stock,Individual equity,2407,9.551587301587302,2017-02-01,2026-08-28,0.06777283439203097,-0.505388331475288,0.1341005127565848,0.01676901640796924,-0.05100381798406173,-0.34828806041862836,0.1571002710566597,0.1803401733538942,0.04814697462730577,0.4989613626921479,89,0.25842696629213485,False,False,0.030259577705837426,-0.03751325668619354,-0.14858531172149736,0.3568030197537907,0.3480307926077509,0.20365120451848448,0.3061902783547985,49,0.2653061224489796,False
IP,International Paper Co.,Individual equity,2679,10.630952380952381,2016-01-04,2026-08-28,0.04899826095491977,-0.5528639347973742,0.08862625660846866,0.04926636828144271,0.00026810732652293723,-0.3762531641499851,0.17661077064738906,0.33213616656985456,0.13093941254352812,0.5416200074654722,101,0.31683168316831684,True,True,0.05912691858804631,0.010128657633126537,-0.26535090272321804,0.2875130320741561,0.48677424629522953,0.2228253907608536,0.3090705487122061,54,0.37037037037037035,True
IQV,IQVIA Holdings Inc.,Individual equity,2679,10.630952380952381,2016-01-04,2026-08-28,0.13669610927852371,-0.5152330066168933,0.26530930185566604,0.12166629213086799,-0.015029817147655722,-0.22378107195838026,0.29145193465851305,0.6495068241072541,0.5436844638651833,0.48637551325121314,97,0.35051546391752575,False,True,0.08833863644586315,-0.048357472832660564,-0.15435472467437217,0.36087828194252114,0.7236484145570692,0.5723092482735658,0.2993654348637551,58,0.3620689655172414,False
IR,Ingersoll Rand Inc. Common Stock,Individual equity,2337,9.273809523809524,2017-05-12,2026-08-28,0.1469765722295664,-0.550986842105263,0.2667515101957504,0.11187397114912923,-0.03510260108043717,-0.31001758004752855,0.2409692620577345,0.5563451433278885,0.3608633134029945,0.5293110825845101,90,0.2777777777777778,False,True,0.10882790876164306,-0.03814866346792334,-0.14505508189760963,0.4059317602076534,0.7458944426036751,0.7502522995951405,0.32263585793752675,50,0.32,False
IRDM,Iridium Communications Inc Common Stock,Individual equity,2679,10.630952380952381,2016-01-04,2026-08-28,0.18361589012960167,-0.7533660700142564,0.24372731589322438,0.10425685172422416,-0.0793590384053775,-0.4410564386563859,0.3123096313578705,0.4903675752525694,0.23637984300110765,0.5214632325494587,103,0.30097087378640774,False,False,0.09853610129451762,-0.08507978883508405,-0.30110765453976396,0.4522584154744924,0.5613290789619846,0.32724542139298235,0.3165360209033221,64,0.28125,False
IRM,Iron Mountain Inc.,Individual equity,2679,10.630952380952381,2016-01-04,2026-08-28,0.21278221091602667,-0.39027009168249693,0.5452178259386963,0.1373667240404215,-0.07541548687560518,-0.25011081403448876,0.14015927764800817,0.7933201704895229,0.5492234494965877,0.5468458379992535,103,0.3592233009708738,False,True,0.1871397281060605,-0.02564248280996617,-0.13378967214433113,0.2564804195381658,1.3422683311982302,1.3987606450233003,0.3628219484882419,56,0.4642857142857143,False
ISRG,"Intuitive Surgical, Inc. Common Stock",Individual equity,2679,10.630952380952381,2016-01-04,2026-08-28,0.18589869995591757,-0.4990421980187182,0.3725109834277879,0.1490756931431425,-0.03682300681277506,-0.3222125113472739,0.17682968667144427,0.7320911593487203,0.46266264621385805,0.5752146323254946,98,0.35714285714285715,False,True,0.2057824342300929,0.019883734274175335,-0.17057222345071354,0.32846997456800464,1.3029067909236176,1.206424059363647,0.3844718178424785,55,0.4909090909090909,True
IT,"Gartner, Inc.",Individual equity,2679,10.630952380952381,2016-01-04,2026-08-28,0.07931475115631748,-0.7721457049655678,0.10271992791807907,0.174510674882705,0.09519592372638752,-0.4693432444576032,0.30280246050796455,0.7988913379110957,0.37181887018397025,0.5584173198954834,98,0.3877551020408163,True,True,0.11148141987092575,0.03216666871460827,-0.2292823074916841,0.5428633974738837,0.8721788852919916,0.4862190244442175,0.3542366554684584,59,0.4406779661016949,True
ITB,iShares U.S. Home Construction ETF,Thematic/industry ETF,2679,10.630952380952381,2016-01-04,2026-08-28,0.13740337841649675,-0.5210767946577628,0.26369122521900384,0.18186860774808022,0.04446522933158348,-0.19429351190974609,0.3267832827480167,0.8981410939650916,0.936050853991267,0.5558044046285927,92,0.3804347826086957,True,True,0.12612445678594342,-0.011278921630553329,-0.17608247605170346,0.34499431860605934,0.8952038296950814,0.7162805726840713,0.3661814109742441,53,0.4339622641509434,False
ITW,Illinois Tool Works Inc.,Individual equity,2679,10.630952380952381,2016-01-04,2026-08-28,0.13759424745664295,-0.378497790868925,0.3635272140975118,0.086718329370985,-0.050875918085657945,-0.26617043342545754,0.11232735744346745,0.5910726461630189,0.325800008118749,0.5367674505412467,96,0.3854166666666667,False,False,0.10815294399379405,-0.0294413034628489,-0.1752955367355019,0.20320225413342308,1.0050122777476695,0.6169748871414948,0.3557297499066816,59,0.423728813559322,False
IVZ,Invesco LTD,Individual equity,2679,10.630952380952381,2016-01-04,2026-08-28,0.044999505500840975,-0.7972666926981649,0.05644222430583491,0.19021790328104027,0.1452183977801993,-0.4007429991491057,0.39652369354905914,0.7382432468870789,0.4746630725550499,0.5740948114968272,95,0.3684210526315789,True,True,0.1276535752893857,0.08265406978854473,-0.33177170409464274,0.4654949886035221,0.8122676385469333,0.3847632987199253,0.3075774542739828,54,0.35185185185185186,True
IWD,iShares Russell 1000 Value ETF,Factor/style ETF,2679,10.630952380952381,2016-01-04,2026-08-28,0.1203346572042423,-0.38518396846254976,0.3124082699613758,0.08817322845956155,-0.03216142874468075,-0.2002752458113246,0.18490872265122515,0.7437529960508479,0.44026024335842195,0.6095558044046286,98,0.35714285714285715,False,True,0.11109267189007688,-0.009241985314165424,-0.06661656982159936,0.3185673986409504,1.396982110634498,1.667643233321462,0.49608062709966405,51,0.5490196078431373,False
IWF,iShares Russell 1000 Growth ETF,Factor/style ETF,2679,10.630952380952381,2016-01-04,2026-08-28,0.17382204602561657,-0.32727272727272694,0.5311229184116067,0.16323167278602768,-0.01059037323958889,-0.12782676731115283,0.1994459599615741,1.1193096875647388,1.2769756774705339,0.5979843225083986,101,0.42574257425742573,False,True,0.1718358331483807,-0.0019862128772358822,-0.1023583372179695,0.22491439005475744,1.7944775177207846,1.6787673365820766,0.4916013437849944,58,0.603448275862069,False
IWM,iShares Russell 2000 ETF,Broad index ETF,2679,10.630952380952381,2016-01-04,2026-08-28,0.11138150824487059,-0.4127328400102058,0.26986345026995284,0.10992179970325067,-0.0014597085416199196,-0.1793903415037339,0.23334249850647193,0.7258872867746943,0.612752051096144,0.5666293393057111,98,0.3163265306122449,False,True,0.10780297156256835,-0.0035785366823022358,-0.13459946173290538,0.27813337827730045,0.9793377186050385,0.8009168103249099,0.41246733855916384,55,0.36363636363636365,False
IWN,iShares Russell 2000 Value ETF,Broad index ETF,2679,10.630952380952381,2016-01-04,2026-08-28,0.10943195956515872,-0.4608076009501201,0.23747863390170976,0.12435364281492478,0.01492168324976606,-0.18056705901388115,0.28024054193623893,0.7655496673518158,0.6886839908344803,0.5737215378872713,100,0.34,True,True,0.10155445375443595,-0.007877505810722774,-0.1421302842297365,0.3186773167203836,0.8851674586133612,0.7145166443928684,0.4005225830533781,56,0.39285714285714285,False
IWO,iShares Russell 2000 Growth ETF,Broad index ETF,2679,10.630952380952381,2016-01-04,2026-08-28,0.109029164140793,-0.4201241625176707,0.2595165283696511,0.16083290632892133,0.05180374218812833,-0.15992626405420063,0.2601978984634701,0.9658492239473978,1.0056691268321847,0.5502053004852557,90,0.35555555555555557,True,True,0.133750493088568,0.024721328947775012,-0.12588784415494447,0.29423631836272623,1.2011686719711352,1.0624575707559667,0.39455020530048523,55,0.4,True
IYR,iShares U.S. Real Estate ETF,Thematic/industry ETF,2679,10.630952380952381,2016-01-04,2026-08-28,0.06235859429348367,-0.4232854112656139,0.14732044297731137,0.07855751956208934,0.01619892526860567,-0.16204625475643475,0.26123915650917917,0.608326578489977,0.4847845430316548,0.5550578574094811,98,0.2857142857142857,True,True,0.05713936237400663,-0.005219231919477041,-0.14457797528430427,0.27870743598130965,0.6959642993227529,0.39521484694778275,0.38559163867114593,53,0.33962264150943394,False
IYT,iShares U.S. Transportation ETF,Thematic/industry ETF,2679,10.630952380952381,2016-01-04,2026-08-28,0.10731255847153798,-0.41285563751317145,0.2599275599527555,0.1490280027945292,0.041715444322991235,-0.20954686075707463,0.20330877675609682,0.9138954688693229,0.7111917699750021,0.5412467338559164,97,0.31958762886597936,True,True,0.11560245467348174,0.008289896201943758,-0.1329105089501077,0.27994512856306375,1.0886439085993012,0.8697766308071011,0.3609555804404629,54,0.4074074074074074,True
J,Jacobs Solutions Inc.,Individual equity,2679,10.630952380952381,2016-01-04,2026-08-28,0.16329399295994018,-0.39323385644455855,0.4152592415016604,0.07035396118485648,-0.0929400317750837,-0.2924716243586568,0.10076223208590174,0.4847007684970085,0.24054969892936245,0.48637551325121314,103,0.2621359223300971,False,False,0.13115055009979626,-0.03214344286014392,-0.1328018901024054,0.26043196634215315,1.0600478253678216,0.9875653878018169,0.3419186263531168,58,0.39655172413793105,False
JBHT,"J.B. Hunt Transport Services, Inc. Common Stock",Individual equity,2679,10.630952380952381,2016-01-04,2026-08-28,0.14045476385379718,-0.424161513959154,0.3311350964937444,0.10558944905859224,-0.03486531479520494,-0.3322639421886673,0.09189757177048674,0.5931169133785653,0.31778786576436896,0.5412467338559164,100,0.29,False,False,0.13152288589745198,-0.008931877956345202,-0.1642815301118582,0.2598799838472958,0.950622064996041,0.8005944783196195,0.3030981709593132,57,0.3157894736842105,False
JBL,Jabil Inc.,Individual equity,2679,10.630952380952381,2016-01-04,2026-08-28,0.2830787155073393,-0.5734945471787578,0.4936031508929132,0.1883272550839199,-0.09475146042341942,-0.3933498921109979,0.1801446550677599,0.8394482274876243,0.4787779502702305,0.5293019783501306,106,0.3113207547169811,False,False,0.18377123956464625,-0.09930747594269307,-0.25112724646975726,0.32236730070900055,1.039332355529198,0.7317853484559169,0.356849570735349,65,0.3384615384615385,False
JBLU,JetBlue Airways Corporation Common Stock,Individual equity,2679,10.630952380952381,2016-01-04,2026-08-28,-0.13297935403146488,-0.8557894736842109,-0.1553879290650573,0.09635118943932075,0.22933054347078563,-0.6225125940866292,0.2332768795975817,0.4404524524412294,0.1547778958282609,0.49645390070921985,98,0.29591836734693877,True,True,-0.016591669640614537,0.11638768439085034,-0.4288657356873232,0.42692373799688765,0.029429089416244336,-0.038687328597198,0.24113475177304963,56,0.25,True
JCI,Johnson Controls International plc,Individual equity,2679,10.630952380952381,2016-01-04,2026-08-28,0.14677331733585697,-0.47155085599194313,0.31125660248693243,0.13886512719452093,-0.007908190141336036,-0.22393103442704654,0.2476198215648966,0.7891935378220526,0.6201245287408395,0.5502053004852557,95,0.3684210526315789,False,True,0.1400846065569381,-0.0066887107789188605,-0.16846115948970397,0.30308969650223916,1.0820626927052739,0.8315543296821474,0.3624486748786861,57,0.42105263157894735,False
JD,"JD.com, Inc. American Depositary Shares",Individual equity,2679,10.630952380952381,2016-01-04,2026-08-28,0.009725261004494223,-0.791453537936914,0.01228784829220059,0.2128807829572834,0.2031555219527892,-0.497192757679231,0.294260780257683,0.7844855185918074,0.4281654945075158,0.5102650242627846,97,0.29896907216494845,True,True,0.13939152333770943,0.1296662623332152,-0.35225138987060023,0.43920214806631375,0.7362809576818911,0.3957160350422322,0.251959686450168,53,0.33962264150943394,True
JETS,U.S. Global Jets ETF,Thematic/industry ETF,2679,10.630952380952381,2016-01-04,2026-08-28,0.023058145706512878,-0.6472694717994634,0.03562371888544241,0.20297323770227615,0.17991509199576328,-0.38435485281209025,0.2629146189873731,0.8797589785279009,0.528088135787137,0.5823068309070548,108,0.3611111111111111,True,True,0.13329732392727722,0.11023917822076434,-0.2285851371511064,0.41868433464835697,0.9243359768922075,0.583140818290215,0.3493840985442329,59,0.3559322033898305,True
JKHY,"Jack Henry & Associates, Inc. Common Stock",Individual equity,2679,10.630952380952381,2016-01-04,2026-08-28,0.09086694014939689,-0.38354727536087274,0.2369119688411339,0.10212732551581638,0.01126038536641949,-0.19092797089562297,0.19261930446524977,0.7293673094213773,0.5348997584625651,0.561030235162374,89,0.39325842696629215,True,True,0.11899042562067264,0.028123485471275744,-0.08538552412819922,0.2981617512326735,1.1682428024792961,1.3935667296720984,0.3482642777155655,52,0.4423076923076923,True
JNJ,Johnson & Johnson,Individual equity,2679,10.630952380952381,2016-01-04,2026-08-28,0.12732016271152125,-0.2737286149519571,0.4651328204538191,0.08171702675686854,-0.04560313595465271,-0.19036819422229778,0.08336042072965932,0.6946038014749534,0.4292577711875834,0.5640164240388205,99,0.3333333333333333,False,False,0.10291031498208891,-0.024409847729432332,-0.12733011889575818,0.14639849605619892,1.1783415074986046,0.8082165938000803,0.3471444568868981,53,0.41509433962264153,False
JNK,State Street SPDR Bloomberg High Yield Bond ETF,Bond ETF,1840,7.301587301587301,2019-05-06,2026-08-28,0.04282154226813972,-0.22893014558568203,0.1870506925096627,0.02367321637976283,-0.019148325888376894,-0.0895357155355957,0.13939443005008634,0.43817126927835304,0.2643997005904458,0.6065217391304348,78,0.2692307692307692,False,True,0.024100426551455056,-0.018721115716684666,-0.05723207806035868,0.17169806752532335,0.6341753884937351,0.4210999734456264,0.48695652173913045,42,0.40476190476190477,False
JOBY,"Joby Aviation, Inc.",Individual equity,1457,5.781746031746032,2020-11-09,2026-08-28,-0.06818721743368195,-0.7974522292993635,-0.08550633496076725,0.2093950395456079,0.27758225697928984,-0.36413059419986815,0.4333216350994954,0.6470370169768296,0.5750547822155058,0.49759780370624573,52,0.3076923076923077,True,True,0.13058307707606276,0.1987702945097447,-0.3141866099044779,0.48326561939488566,0.5522233702122008,0.41562266805629916,0.16609471516815374,30,0.23333333333333334,True
JPM,JPMorgan Chase & Co.,Individual equity,2679,10.630952380952381,2016-01-04,2026-08-28,0.2075043737599933,-0.4363019508057675,0.47559808838070017,0.12415104955854317,-0.08335332420145014,-0.2525007184929169,0.18380123231285062,0.773179960830217,0.49168592588391324,0.5524449421425905,95,0.28421052631578947,False,True,0.1492785415032949,-0.05822583225669842,-0.14680788048938753,0.28949407031637997,1.2758757033998305,1.0168292124760017,0.3900709219858156,53,0.39622641509433965,False
KBE,State Street SPDR S&P Bank ETF,Thematic/industry ETF,2679,10.630952380952381,2016-01-04,2026-08-28,0.09686291843186612,-0.5314382076608049,0.18226562756603631,0.19038562803872083,0.09352270960685471,-0.3138036882571521,0.21763451940365275,0.9111713773639105,0.606702964825276,0.5643896976483762,99,0.3333333333333333,True,True,0.13776107697395368,0.04089815854208756,-0.1826399609376097,0.34879824672319515,0.9741736992521847,0.7542767544776974,0.3736468831653602,54,0.3888888888888889,True
KDP,Keurig Dr Pepper Inc. Common Stock,Individual equity,2679,10.630952380952381,2016-01-04,2026-08-28,0.10100326289517336,-0.36870026525198973,0.27394410152144116,0.07949124085705073,-0.021512022038122636,-0.17688076523334662,0.19181950001864312,0.5932221573822742,0.44940579464467717,0.5311683463979097,100,0.29,False,True,0.08873858727234052,-0.012264675622832844,-0.1159579798827226,0.25274228536926713,0.8722692431548646,0.7652650327479731,0.30048525569242257,50,0.36,False
KEY,KeyCorp,Individual equity,2679,10.630952380952381,2016-01-04,2026-08-28,0.09396895615246148,-0.6523654916512058,0.14404341945588836,0.15994173628429498,0.0659727801318335,-0.37505382838127566,0.2773116632699302,0.666287647590317,0.4264500831110033,0.5498320268756999,92,0.40217391304347827,True,True,0.13982813538796446,0.04585917923550298,-0.23875604782252935,0.4136094438286765,0.8125651362729327,0.5856527474935447,0.3650615901455767,52,0.4423076923076923,True
KEYS,"Keysight Technologies, Inc.",Individual equity,2679,10.630952380952381,2016-01-04,2026-08-28,0.2583292246259534,-0.42620112537873334,0.60612046576929,0.11299498474749603,-0.1453342398784574,-0.3268668442631174,0.09933428111561593,0.6184008700388591,0.3456911789332131,0.5405001866368048,106,0.25471698113207547,False,False,0.17522289136034175,-0.08310633326561168,-0.14402987357406305,0.2821712518046703,1.068623442329991,1.2165732497865356,0.3904441955953714,62,0.3548387096774194,False
KHC,The Kraft Heinz Company Common Stock,Individual equity,2679,10.630952380952381,2016-01-04,2026-08-28,-0.051881688492076194,-0.7607817800032306,-0.06819523003279059,0.156183175899407,0.2080648643914832,-0.30655856677291893,0.4542232132303117,0.9612754642078848,0.5094725537880616,0.5520716685330347,92,0.31521739130434784,True,True,0.05592818737242533,0.10780987586450153,-0.2120187229049567,0.5487630570982739,0.5553114747276379,0.2637889079140275,0.2736095558044046,44,0.25,True
KIM,Kimco Realty Corp.,Individual equity,2679,10.630952380952381,2016-01-04,2026-08-28,0.04158856073462647,-0.6935681470137827,0.059963193110424105,0.0947480447385658,0.05315948400393933,-0.4310534275830491,0.26251471943073357,0.5752406824240579,0.21980580289043433,0.47368421052631576,93,0.3333333333333333,True,True,0.07993464889123181,0.03834608815660534,-0.23043098428326236,0.4631371627305203,0.6588484305151391,0.3468919300929183,0.26614408361328856,46,0.391304347826087,True
KKR,KKR & Co. Inc.,Individual equity,2679,10.630952380952381,2016-01-04,2026-08-28,0.22126576925510233,-0.4941582420243359,0.44776298448181223,0.12404571369240469,-0.09722005556269764,-0.34355112047927905,0.15060712154505684,0.58895593131822,0.36106915768271053,0.5337812616648003,100,0.32,False,False,0.18173582820046152,-0.039529941054640805,-0.1605298855386207,0.3336283564857152,1.0619973802116076,1.1320996560278431,0.3590892123926838,58,0.46551724137931033,False
KLAC,KLA Corporation Common Stock,Individual equity,2679,10.630952380952381,2016-01-04,2026-08-28,0.3797530026982978,-0.43590934731393316,0.8711742591397273,0.17614084034698085,-0.20361216235131696,-0.606378611347035,-0.1704692640331018,0.7197604380542347,0.2904799691989369,0.5524449421425905,108,0.28703703703703703,False,False,0.31109664513288093,-0.06865635756541688,-0.19622942920844155,0.2396799181054916,1.4268536030447636,1.5853720126883901,0.3654348637551325,60,0.4,False
KMB,Kimberly-Clark Corporation Common Stock,Individual equity,2679,10.630952380952381,2016-01-04,2026-08-28,0.021167993939939844,-0.34063644853099684,0.06214248073342517,0.05088200483061822,0.029714010890678377,-0.29861301993767064,0.042023428593326195,0.43885023030228204,0.17039446183973758,0.545726017170586,94,0.32978723404255317,True,True,0.06677169608993427,0.04560370214999443,-0.10913060976093714,0.2315058387700597,0.7549042155098372,0.611851214212082,0.2892870474057484,47,0.3829787234042553,True
KMI,"Kinder Morgan, Inc.",Individual equity,2679,10.630952380952381,2016-01-04,2026-08-28,0.12559658074542357,-0.5391874180865007,0.23293677955458963,0.07219973482410835,-0.05339684592131522,-0.2998951176854141,0.23929230040108662,0.4491369181888287,0.24074995078727787,0.5520716685330347,95,0.28421052631578947,False,True,0.07312294707301037,-0.0524736336724132,-0.22908979982422073,0.31009761826228,0.5934210429118542,0.31918901290724067,0.3505039193729003,60,0.31666666666666665,False
KO,Coca-Cola Company,Individual equity,2679,10.630952380952381,2016-01-04,2026-08-28,0.10654792098470134,-0.3699351701782819,0.28801781926642167,0.024970501055554095,-0.08157741992914724,-0.19725681770705694,0.17267835247122498,0.28069877627747325,0.12658878585701105,0.5546845837999254,102,0.2549019607843137,False,False,0.07904498905308244,-0.0275029319316189,-0.11787001010681875,0.2520651600714632,0.9453291266175776,0.6706115404711389,0.3926838372527062,53,0.39622641509433965,False
KR,The Kroger Co.,Individual equity,2679,10.630952380952381,2016-01-04,2026-08-28,0.053758812203317685,-0.5136014192785332,0.10467029526287881,-0.04665561641620464,-0.10041442861952232,-0.5433212761383006,-0.029719856859767413,-0.19979705852749965,-0.08587113824772916,0.47144456886898095,116,0.19827586206896552,False,False,-0.01597052791106246,-0.06972934011438015,-0.2651809790997348,0.24842044017879839,-0.07405165987084314,-0.060225012990301724,0.2560656961552818,69,0.15942028985507245,False
KRE,State Street SPDR S&P Regional Banking ETF,Thematic/industry ETF,2679,10.630952380952381,2016-01-04,2026-08-28,0.08342138752533157,-0.5501901140684412,0.15162283980070626,0.1382037314302409,0.054782343904909325,-0.3785216436244313,0.1716684704440099,0.6775289981608278,0.36511447563977734,0.5513251213139231,104,0.2980769230769231,True,True,0.10883567643194514,0.02541428890661357,-0.22179346319215654,0.32839665087628467,0.7500476957732706,0.4907073223237987,0.3508771929824561,57,0.3157894736842105,True
KTOS,"Kratos Defense & Security Solutions, Inc. Common Stock",Individual equity,2679,10.630952380952381,2016-01-04,2026-08-28,0.27079149818952297,-0.7274368231046925,0.37225431761041156,0.333489509331768,0.06269801114224505,-0.3855980929566418,0.34183873014805066,1.041000083518006,0.8648629633374948,0.5016797312430011,102,0.28431372549019607,True,True,0.38137203487997695,0.11058053669045398,-0.2135721580970832,0.5138646650076093,1.4715833000701881,1.7856823580282277,0.2892870474057484,57,0.3684210526315789,True
KVUE,Kenvue Inc.,Individual equity,833,3.3055555555555554,2023-05-04,2026-08-28,-0.06035445091814329,-0.4407976734524298,-0.13692098337414807,0.14214136427315216,0.20249581519129545,-0.13000841271809882,0.310789260734331,0.8519641015868377,1.0933243572580307,0.4957983193277311,23,0.43478260869565216,True,True,0.07688101583038764,0.13723546674853093,-0.09173164966792924,0.3490660237845006,0.6577729303398655,0.8381078516378889,0.22208883553421369,12,0.4166666666666667,True
KWEB,KraneShares CSI China Internet ETF,Thematic/industry ETF,2679,10.630952380952381,2016-01-04,2026-08-28,-0.009047550534472149,-0.8092759657645151,-0.01117980876390542,0.3040664305034184,0.31311398103789057,-0.32614819226807856,0.48312777349643654,1.166174354985362,0.9322953114929119,0.5083986562150056,105,0.3904761904761905,True,True,0.18403359178402945,0.1930811423185016,-0.25127398786367006,0.558001977900845,1.080868904797149,0.7324020816825567,0.2810750279955207,53,0.41509433962264153,True
L,Loews Corporation,Individual equity,2679,10.630952380952381,2016-01-04,2026-08-28,0.11048965817141942,-0.4852428964252985,0.22769969222708433,-0.00274748089601462,-0.11323713906743405,-0.44566962456695003,0.03957327185834847,0.0789345082812926,-0.006164837683708651,0.49421425905188504,103,0.2912621359223301,False,False,0.01704984607594784,-0.09343981209547159,-0.27674694217147144,0.20849595425382705,0.203188572118368,0.06160807393992384,0.3699141470698022,66,0.3181818181818182,False
LDOS,"Leidos Holdings, Inc.",Individual equity,2679,10.630952380952381,2016-01-04,2026-08-28,0.14439968643017043,-0.4947198221413769,0.29188174794602245,0.21436339520644476,0.06996370877627434,-0.23113848587837937,0.2635813362629975,1.1585451857053006,0.9274240695651119,0.559163867114595,98,0.3979591836734694,True,True,0.17386219438186012,0.029462507951689698,-0.14130443395447534,0.35341538818690155,1.3875324467735697,1.23040862566191,0.3516237402015677,60,0.43333333333333335,True
LEN,Lennar Corporation Class A,Individual equity,2679,10.630952380952381,2016-01-04,2026-08-28,0.07944729832006114,-0.5880566801619447,0.13510142984547371,0.11774870782085767,0.038301409500796524,-0.2898125272439672,0.29824415291797746,0.5633114327089748,0.40629267803091057,0.5125046659201195,91,0.27472527472527475,True,True,0.10405243701836087,0.024605138698299722,-0.22483110239756288,0.3632255777643818,0.6742542041311712,0.46280268125166996,0.2948861515490855,46,0.34782608695652173,True
LH,Labcorp Holdings Inc.,Individual equity,2679,10.630952380952381,2016-01-04,2026-08-28,0.12313462356240334,-0.4658276863504356,0.264335133291693,0.10717971578787622,-0.015954907774527127,-0.20494172736735672,0.26088595898307887,0.670922961514962,0.5229765415012692,0.528555431131019,87,0.3448275862068966,False,True,0.10961143583900967,-0.01352318772339367,-0.1725078236571489,0.2933198626932867,0.9547317259553457,0.635399795297732,0.36058230683090703,52,0.4423076923076923,False
LHX,"L3Harris Technologies, Inc.",Individual equity,2679,10.630952380952381,2016-01-04,2026-08-28,0.12992245987355444,-0.38157416016493495,0.34049071828500027,0.1372412474012079,0.00731878752765347,-0.20190867814133828,0.17966548202359667,0.8768740201035379,0.6797194091139438,0.5173572228443449,95,0.35789473684210527,True,True,0.149711217832311,0.019788757958756564,-0.12655859798520974,0.2550155621797252,1.2966517449139887,1.1829399204454445,0.3247480403135498,55,0.4,True
LII,Lennox International Inc.,Individual equity,2679,10.630952380952381,2016-01-04,2026-08-28,0.12752278714141818,-0.4687640584230577,0.27204045372081276,0.11447917653713646,-0.013043610604281719,-0.21457420514641,0.25418985327664767,0.6290229548622368,0.5335178870126729,0.53826054497947,97,0.29896907216494845,False,True,0.11087776942527627,-0.016645017716141908,-0.14524929196968228,0.3235147664533754,0.841631593520116,0.7633618582348729,0.3232549458753266,61,0.29508196721311475,False
LIN,Linde plc Ordinary Shares,Individual equity,1966,7.801587301587301,2018-10-31,2026-08-28,0.16701471158893355,-0.32583107608963324,0.5125806709209937,0.14477669274621596,-0.02223801884271759,-0.13422690727746212,0.19160416881217113,0.8667261860165505,1.0785966516158065,0.6134282807731435,72,0.375,False,True,0.10969271544723758,-0.057321996141695974,-0.09095326006712534,0.2348778160225079,0.9358432085189082,1.206033905395828,0.4252288911495422,44,0.4090909090909091,False
LIT,Global X Lithium & Battery Tech ETF,Thematic/industry ETF,2679,10.630952380952381,2016-01-04,2026-08-28,0.15029078220768644,-0.659088448630508,0.22802824494947424,0.29597566981636625,0.14568488760867981,-0.20043593102591484,0.45865251760459314,1.3611773549708024,1.4766597401046764,0.46883165360209034,109,0.3669724770642202,True,True,0.2185044896758741,0.06821370746818767,-0.15056178922036045,0.5085266594101475,1.4601230861154921,1.4512612450166458,0.2724897349757372,61,0.3770491803278688,True
LITE,Lumentum Holdings Inc. Common Stock,Individual equity,2679,10.630952380952381,2016-01-04,2026-08-28,0.4150765539439363,-0.6688699164601115,0.6205639448409691,0.2532101856203466,-0.1618663683235897,-0.5100601866705404,0.15880972978957109,0.7778005780270864,0.496431974573818,0.5091452034341172,99,0.41414141414141414,False,False,0.2899939148079691,-0.12508263913596718,-0.41702653350046814,0.25184338295964337,1.0802288765178993,0.6953848053115391,0.2963792459873087,57,0.45614035087719296,False
LLY,Eli Lilly & Co.,Individual equity,2679,10.630952380952381,2016-01-04,2026-08-28,0.3047305322404845,-0.34474418015125174,0.8839323468978888,0.13313904836899826,-0.17159148387148626,-0.24679733475260524,0.09794684539864651,0.7893894916315715,0.5394671239154977,0.5184770436730123,102,0.3431372549019608,False,False,0.177571651200487,-0.1271588810399975,-0.13946158509127515,0.2052825950599766,1.2792318570726566,1.2732656887864102,0.375886524822695,57,0.45614035087719296,False
LMT,Lockheed Martin Corp.,Individual equity,2679,10.630952380952381,2016-01-04,2026-08-28,0.1264814198938402,-0.3667307692307693,0.3448890316979386,0.1486274807076189,0.02214606081377868,-0.2717322862596645,0.0949984829711048,0.9889183341201829,0.5469629051204907,0.5143710339678985,91,0.37362637362637363,True,True,0.15044050877628412,0.023959088882443913,-0.12231468744039542,0.24441608179037388,1.4020118146980058,1.229946394210381,0.3445315416200075,51,0.45098039215686275,True
LNG,Cheniere Energy Inc,Individual equity,2679,10.630952380952381,2016-01-04,2026-08-28,0.2147589948934776,-0.5742929821936258,0.3739537162254066,0.029757310549505256,-0.18500168434397235,-0.3417084500797255,0.2325845321139003,0.2425938976695877,0.08708391771570895,0.48973497573721536,91,0.2967032967032967,False,False,0.09546171172952067,-0.11929728316395694,-0.2852020714461222,0.2890909107475036,0.6393322048456984,0.3347160532372025,0.3094438223217619,53,0.3584905660377358,False
LNT,Alliant Energy Corporation Common Stock,Individual equity,2679,10.630952380952381,2016-01-04,2026-08-28,0.11113456725045423,-0.3352412101390029,0.33150628231050083,0.044426754797725065,-0.06670781245272916,-0.21160641342955233,0.12363479670945055,0.38081940664338415,0.20994994470011916,0.5636431504292646,95,0.30526315789473685,False,False,0.056289806938681464,-0.05484476031177277,-0.14448876315778814,0.19075244698121474,0.5858775764934058,0.38957913202710787,0.3964165733482643,56,0.39285714285714285,False
LOW,Lowe's Companies Inc.,Individual equity,2679,10.630952380952381,2016-01-04,2026-08-28,0.12119651410807775,-0.48805704099821745,0.24832448653992556,0.14277718764988245,0.021580673541804707,-0.240853118194308,0.24720392280390946,0.7356741119892674,0.5927977545829285,0.59163867114595,97,0.36082474226804123,True,True,0.14479889773967325,0.023602383631595503,-0.18441233106985122,0.30364470992836623,1.0731741246428346,0.7851909733998574,0.3747667039940276,52,0.4230769230769231,True
LQD,iShares iBoxx $ Investment Grade Corporate Bond ETF,Bond ETF,2679,10.630952380952381,2016-01-04,2026-08-28,0.028776324670126918,-0.24959799892799628,0.11529068659892693,0.04724351829229456,0.018467193622167644,-0.06313720335498052,0.18646079557301576,0.8304830986572204,0.7482675155355578,0.5666293393057111,99,0.31313131313131315,True,True,0.03243355655287461,0.0036572318827476913,-0.06067337913704729,0.188924619790949,0.8819492744733717,0.5345599176141915,0.3523702874206794,53,0.33962264150943394,True
LRCX,Lam Research Corporation Common Stock,Individual equity,2679,10.630952380952381,2016-01-04,2026-08-28,0.4300082227685622,-0.5639367816091956,0.7625113962978833,0.24195979732323214,-0.18804842544533007,-0.47832558334971853,0.08561119825947705,0.8356049128158385,0.5058474933094429,0.5479656588279209,100,0.42,False,False,0.2771654115341742,-0.15284281123438803,-0.32028550287077495,0.24365127873842063,1.1821868068699495,0.8653698311346975,0.3631952220977977,63,0.5079365079365079,False
LULU,lululemon athletica inc. Common Stock,Individual equity,2679,10.630952380952381,2016-01-04,2026-08-28,0.0752561663758875,-0.793796084413933,0.09480541395143038,0.2952182232070715,0.21996205683118397,-0.23418672134401008,0.5596093630699229,1.0953262797352392,1.2606104287758004,0.5255692422545726,99,0.36363636363636365,True,True,0.22206212726079788,0.14680596088491038,-0.17399246664924928,0.6198036177646837,1.1733340366421172,1.2762743786399215,0.3254945875326614,52,0.38461538461538464,True
LUNR,"Intuitive Machines, Inc. Class A Common Stock",Individual equity,1199,4.757936507936508,2021-11-17,2026-08-28,0.1027731450163143,-0.9742651542871082,0.10548785878677527,0.34229768105251535,0.23952453603620105,-0.47385695198876887,0.5004082022983394,0.7908468249106549,0.7223650082918448,0.4078398665554629,40,0.375,True,True,0.03749687582187433,-0.06527626919443996,-0.3619533430131525,0.6123118112739557,0.279301139996062,0.1035958820264627,0.16930775646371976,27,0.2962962962962963,False
LUV,Southwest Airlines Co.,Individual equity,2679,10.630952380952381,2016-01-04,2026-08-28,0.006555283377395638,-0.647543741588155,0.010123305896398998,0.21127394299806967,0.20471865962067404,-0.2887945742315404,0.35874916735661455,0.897310172263051,0.7315717186178202,0.5505785740948115,106,0.2830188679245283,True,True,0.18433996865358182,0.17778468527618618,-0.20926811299388115,0.4382756285942738,1.1706218965921769,0.8808793944587812,0.3045912653975364,55,0.34545454545454546,True
LVS,Las Vegas Sands Corp.,Individual equity,2679,10.630952380952381,2016-01-04,2026-08-28,0.030190888097040958,-0.5877551020408155,0.05136644155399337,0.24294346430229252,0.21275257620525156,-0.2737456486308607,0.3140094534099548,1.0152962903498375,0.8874788166218336,0.559163867114595,90,0.3888888888888889,True,True,0.15375939562788044,0.12356850753083948,-0.25308741883592933,0.33466768320488616,0.94363825491422,0.6075347258867856,0.3363195222097798,47,0.425531914893617,True
LYB,LyondellBasell Industries N.V. Class A,Individual equity,2679,10.630952380952381,2016-01-04,2026-08-28,0.02711208147330324,-0.6816360370319193,0.039775011883700695,0.22283522562887192,0.19572314415556868,-0.2636224508480708,0.41801358618384854,0.9526075245901784,0.8452816704799353,0.5098917506532288,89,0.4044943820224719,True,True,0.10063339463212717,0.07352131315882393,-0.26680250021214824,0.4148335368197711,0.6876095334647813,0.37718310192786214,0.284434490481523,50,0.34,True
LYV,Live Nation Entertainment Inc.,Individual equity,2679,10.630952380952381,2016-01-04,2026-08-28,0.20986373772783962,-0.6122502628811777,0.34277443465723567,0.128424857516646,-0.08143888021119361,-0.24057166544198716,0.3716785974391905,0.6080346754349455,0.5338320175017249,0.5009331840238895,98,0.32653061224489793,False,True,0.15667373415667152,-0.0531900035711681,-0.17680479869781884,0.43544546418335883,0.9907135954558988,0.8861396031701957,0.3449048152295633,52,0.5,False
MA,Mastercard Incorporated,Individual equity,2679,10.630952380952381,2016-01-04,2026-08-28,0.19594064482096285,-0.40995903120857957,0.4779517705545359,0.0857438440513747,-0.11019680076958815,-0.29874968031079385,0.11120935089778572,0.5495257529739705,0.2870089901424298,0.5218365061590146,95,0.3157894736842105,False,False,0.14119036444032296,-0.05475028038063989,-0.16786159196613082,0.24209743924244875,1.1947193482477896,0.8411117920817213,0.389324374766704,57,0.42105263157894735,False
MAA,"Mid-America Apartment Communities, Inc.",Individual equity,2679,10.630952380952381,2016-01-04,2026-08-28,0.07346595190328786,-0.4539793836010676,0.16182662595939765,0.0764380928277737,0.0029721409244858332,-0.29251419998650896,0.16146518361455864,0.5287735509046568,0.2613141270792977,0.5643896976483762,95,0.3368421052631579,True,True,0.05504822889131478,-0.018417723011973086,-0.18278011636910607,0.2711992672319615,0.5636619224313313,0.3011718669669211,0.3598357596117954,54,0.35185185185185186,False
MAR,Marriott International Class A Common Stock,Individual equity,2679,10.630952380952381,2016-01-04,2026-08-28,0.1825239644754959,-0.6126384899466555,0.29793094536288256,0.1520847044970246,-0.0304392599784713,-0.4740948467662097,0.13854364318044576,0.7729910848483315,0.32078961738224104,0.5509518477043673,100,0.33,False,True,0.13634587151154354,-0.046178092963952366,-0.2934729043595943,0.3191655855870612,0.9249412727377961,0.46459441224760584,0.3743934303844718,57,0.45614035087719296,False
MAS,Masco Corporation,Individual equity,2679,10.630952380952381,2016-01-04,2026-08-28,0.11237912643327541,-0.4484304932735427,0.25060545194620415,0.12149940624414968,0.009120279810874266,-0.32461412306921567,0.12381637020432701,0.6649706571299309,0.37428872501102806,0.48525569242254574,99,0.25252525252525254,True,True,0.11221330965577736,-0.00016581677749805124,-0.22188034761650133,0.22655014565704135,0.85384639640293,0.5057379387638565,0.2952594251586413,52,0.3076923076923077,False
MBB,iShares MBS ETF,Bond ETF,2679,10.630952380952381,2016-01-04,2026-08-28,0.014022182864901422,-0.17643257216717012,0.07947615733684019,0.020170565460151613,0.00614838259525019,-0.0771360472965984,0.09929652487057172,0.5676806683469957,0.26149337653500826,0.5222097797685704,89,0.29213483146067415,True,True,0.010468967042174926,-0.0035532158227264965,-0.049992676590667084,0.12643989557650304,0.43544637729023017,0.20941001274833387,0.3553564762971258,50,0.3,False
MCD,McDonald's Corporation,Individual equity,2679,10.630952380952381,2016-01-04,2026-08-28,0.10572573660176388,-0.3689614811662054,0.2865495234559127,0.11535821076582486,0.009632474164060989,-0.15293916119738438,0.21602231996882104,0.90240003671011,0.7542751631607468,0.5464725643896976,88,0.3977272727272727,True,True,0.08372173206653866,-0.02200400453522522,-0.10304864327403873,0.2659128378921667,1.0142445365559254,0.8124486592598434,0.3564762971257932,51,0.47058823529411764,False
MCHP,Microchip Technology Incorporated Common Stock,Individual equity,2679,10.630952380952381,2016-01-04,2026-08-28,0.13703440189315463,-0.6376641400661895,0.21490059309110665,0.26009042309037445,0.12305602119721981,-0.32491053108270096,0.3127536089834886,0.9172195990792313,0.8004985933317516,0.5681224337439343,95,0.42105263157894735,True,True,0.26218764727835,0.12515324538519534,-0.2115798875367314,0.42608425252945814,1.2724934460398258,1.239189841391861,0.3351997013811124,48,0.5625,True
MCK,McKesson Corporation,Individual equity,2679,10.630952380952381,2016-01-04,2026-08-28,0.1628039209522778,-0.44231083065876053,0.3680758183330125,0.07173286114864519,-0.09107105980363261,-0.37245008457562157,0.06986074608313897,0.50142878463213,0.1925972475758176,0.48002986188876445,102,0.3627450980392157,False,False,0.09043006749470184,-0.07237385345757597,-0.15475772665448528,0.28755310400427525,0.7532021176306991,0.5843331344392099,0.3068309070548712,66,0.4090909090909091,False
MCO,Moody's Corporation,Individual equity,2679,10.630952380952381,2016-01-04,2026-08-28,0.18146582307173698,-0.420156533996068,0.43190051418654174,0.1354709774566325,-0.045994845615104474,-0.24536870786981635,0.17478782612625166,0.7497092980415359,0.5521118753598704,0.5475923852183651,97,0.35051546391752575,False,True,0.17388581528336555,-0.007580007788371423,-0.16576890316020165,0.25438763083586635,1.2669070933325826,1.0489652279071884,0.4087346024636058,54,0.5,False
MDB,"MongoDB, Inc. Class A Common Stock",Individual equity,2226,8.833333333333334,2017-10-19,2026-08-28,0.34738351959773883,-0.7652257149206025,0.45396216152221475,0.38572997766934236,0.03834645807160353,-0.4278935624521779,0.33733215246842463,0.9500193676496245,0.9014624465458093,0.52785265049416,84,0.34523809523809523,True,True,0.364683489283824,0.01729996968608516,-0.35772863298230784,0.4074970819382947,1.1682799260010857,1.0194417098892392,0.32345013477088946,50,0.42,True
MDLZ,"Mondelez International, Inc. Class A Common Stock",Individual equity,2679,10.630952380952381,2016-01-04,2026-08-28,0.05795709861466536,-0.2973507315144328,0.1949115723357561,0.019997054572415296,-0.03796004404225006,-0.3800173497110755,-0.08266661819664267,0.20804919702083546,0.05262142527865877,0.572601717058604,100,0.29,False,False,0.039253824874754706,-0.018703273739910653,-0.18238647452017132,0.1149642569942615,0.4570802264289453,0.21522333264034538,0.3407988055244494,53,0.2830188679245283,False
MDT,Medtronic plc,Individual equity,2679,10.630952380952381,2016-01-04,2026-08-28,0.04198286291808473,-0.45323315887219284,0.09262972511224288,0.11307280057282254,0.07108993765473781,-0.31106147864201183,0.142171680230181,0.7317299207840068,0.3635062787795511,0.5879059350503919,94,0.3829787234042553,True,True,0.07339971029764603,0.0314168473795613,-0.15232198399633556,0.3009111748758573,0.7289160349953338,0.48187207369496854,0.3516237402015677,52,0.36538461538461536,True
MDY,State Street SPDR S&P MIDCAP 400 ETF Trust,Broad index ETF,2679,10.630952380952381,2016-01-04,2026-08-28,0.11385657152306328,-0.4222379003809793,0.26965028819140135,0.11493966333844496,0.001083091815381687,-0.17280122016672017,0.24943668021425913,0.7904424290871339,0.6651553920021522,0.6050765210899589,94,0.35106382978723405,True,True,0.10494447906880544,-0.008912092454257836,-0.08911358830471872,0.3331243120762606,1.0328827078429268,1.17764844918997,0.4662187383351997,53,0.4716981132075472,False
MELI,"MercadoLibre, Inc. Common Stock",Individual equity,2679,10.630952380952381,2016-01-04,2026-08-28,0.31243991616669065,-0.6912323492949797,0.45200418713817836,0.17692773855646382,-0.13551217761022682,-0.6633237689609082,0.02790858033407151,0.6470384745848903,0.26672907987847294,0.572601717058604,96,0.3541666666666667,False,False,0.26692509205549286,-0.04551482411119778,-0.3228374800264203,0.36839486926855936,1.1621145338758678,0.8268094895104753,0.3437849944008959,57,0.3684210526315789,False
MET,"MetLife, Inc.",Individual equity,2679,10.630952380952381,2016-01-04,2026-08-28,0.11837249367270641,-0.5514393581878241,0.21466094488015838,0.07616320398233745,-0.04220928969036897,-0.346912656179041,0.2045267020087831,0.45470525563717257,0.21954576353948227,0.5296752519596865,101,0.24752475247524752,False,True,0.08459982038483327,-0.033772673287873145,-0.17758984859284,0.3738495095949841,0.6835751191993601,0.47637756918637375,0.353116834639791,54,0.3148148148148148,False
META,"Meta Platforms, Inc. Class A Common Stock",Individual equity,2679,10.630952380952381,2016-01-04,2026-08-28,0.17796495062349016,-0.7673485548370068,0.23192192062092545,0.2660976046490555,0.08813265402556536,-0.2942415291531858,0.473107025683821,0.9975094870860971,0.9043509439842593,0.5390070921985816,100,0.33,True,True,0.20915569196186135,0.031190741338371186,-0.25396469138285027,0.5133838634541565,1.0812301775124078,0.8235620897653066,0.3803658081373647,59,0.4067796610169492,True
MGM,MGM RESORTS INTERNATIONAL,Individual equity,2679,10.630952380952381,2016-01-04,2026-08-28,0.06794509511998092,-0.8042261251372115,0.08448506333761366,0.0975687332886852,0.02962363816870428,-0.6405938048870468,0.16363232025016472,0.45194603096457175,0.15230982963672135,0.5069055617767824,104,0.28846153846153844,True,True,0.12129581488744012,0.0533507197674592,-0.2370330014597397,0.5671931236774718,0.7001053023759682,0.5117254312287918,0.2937663307204181,52,0.40384615384615385,True
MKC,"McCormick & Company, Incorporated Non-VTG CS",Individual equity,2679,10.630952380952381,2016-01-04,2026-08-28,0.045919906212857464,-0.5200722175021254,0.08829524952016841,0.11492226594449484,0.06900235973163737,-0.27366196016240085,0.24641025733972455,0.7275089182591891,0.41994242048217384,0.5767077267637178,96,0.3541666666666667,True,True,0.09867851848512088,0.05275861227226342,-0.20306299808124872,0.3170092194208767,0.8840602227190507,0.4859502687222122,0.3460246360582307,47,0.425531914893617,True
MLM,Martin Marietta Materials,Individual equity,2679,10.630952380952381,2016-01-04,2026-08-28,0.14532213456200727,-0.48340931171063384,0.3006192289671828,0.14728336671012254,0.0019612321481152772,-0.3735855504518327,0.10982376125880111,0.7588686458245167,0.39424267488930126,0.5405001866368048,88,0.32954545454545453,True,True,0.1567257731300582,0.011403638568050933,-0.23588337009139382,0.24752594161924002,1.0291048857106606,0.6644206120564339,0.3519970138111235,45,0.4222222222222222,True
MMM,3M Company,Individual equity,2679,10.630952380952381,2016-01-04,2026-08-28,0.07170080837060655,-0.5909943714821765,0.12132232019534375,0.08978344960942053,0.01808264123881398,-0.32531512792475215,0.26567924355742434,0.5938281359835565,0.27598916220763064,0.513251213139231,96,0.3541666666666667,True,True,0.06538816851792228,-0.006312639852684265,-0.20082655891032697,0.3901678125718495,0.6612684852485659,0.32559522442008976,0.3120567375886525,55,0.38181818181818183,False
MNST,Monster Beverage Corporation,Individual equity,2679,10.630952380952381,2016-01-04,2026-08-28,0.13644599084607112,-0.3041207196749852,0.4486573324957648,0.117075007119954,-0.01937098372611712,-0.21316779798544316,0.09095292168954205,0.7065894452233873,0.5492152577752332,0.5502053004852557,89,0.3146067415730337,False,True,0.12638253383148101,-0.010063457014590105,-0.12225411824068766,0.18186660143429756,0.9472017879768526,1.0337691330991856,0.36879432624113473,48,0.3333333333333333,False
MO,"Altria Group, Inc.",Individual equity,2679,10.630952380952381,2016-01-04,2026-08-28,0.08613781310781143,-0.5369869746866558,0.16040950184699512,0.0944963662555871,0.008358553147775671,-0.26148980903994157,0.2754971656467142,0.6820946348613757,0.36137686054584695,0.559163867114595,103,0.3106796116504854,True,True,0.10268865636964386,0.016550843261832426,-0.12448150598934948,0.4125054686973063,1.0460161191904849,0.8249310253237923,0.3221351250466592,57,0.3684210526315789,True
MOAT,VanEck Morningstar Wide Moat ETF,Factor/style ETF,2597,10.305555555555555,2016-05-02,2026-08-28,0.14401550750144487,-0.3330163560289081,0.432457760389833,0.11229813944759504,-0.03171736805384984,-0.11349953290747483,0.21951682312143328,0.9703747062959968,0.9894149920347322,0.5964574509048902,95,0.3368421052631579,False,True,0.11339625059118119,-0.03061925691026368,-0.09100586403761624,0.24201049199129188,1.2932335511255557,1.246032349567168,0.46438197920677704,55,0.43636363636363634,False
MOS,The Mosaic Company,Individual equity,2679,10.630952380952381,2016-01-04,2026-08-28,0.0024253436471664003,-0.7879450343535294,0.003078061973137856,0.18962092616573645,0.18719558251857005,-0.4099483471495965,0.37799668720393287,0.7277676652800931,0.46254833684337515,0.5356476297125793,98,0.29591836734693877,True,True,0.09236823615679879,0.08994289250963239,-0.29916487798571734,0.488780156367812,0.5310851080951664,0.30875361031253346,0.2780888391190743,57,0.2807017543859649,True
MPC,MARATHON PETROLEUM CORPORATION,Individual equity,2679,10.630952380952381,2016-01-04,2026-08-28,0.24159442179048973,-0.7967503692762183,0.30322473776818987,0.4304182838280295,0.18882386203753976,-0.37293299735755225,0.4238173719186661,1.330261191790381,1.1541437386281022,0.576334453154162,86,0.45348837209302323,True,True,0.31004034857047835,0.06844592677998862,-0.16359223242006227,0.6331581368561561,1.3972449123549961,1.8952021375585575,0.39380365808137363,56,0.44642857142857145,True
MPWR,"Monolithic Power Systems, Inc. Common Stock",Individual equity,2679,10.630952380952381,2016-01-04,2026-08-28,0.34030322461742446,-0.5164654932144161,0.658907960141577,0.19012059442297247,-0.150182630194452,-0.5250079457064781,-0.00854245249206198,0.7334872977294197,0.362128984861622,0.511384845091452,96,0.2916666666666667,False,False,0.20696908456208973,-0.13333414005533473,-0.2830430940433626,0.23342239917105356,0.9986123691380538,0.7312281730865399,0.3579693915640164,58,0.3275862068965517,False
MRK,"Merck & Co., Inc.",Individual equity,2679,10.630952380952381,2016-01-04,2026-08-28,0.13674040286506606,-0.4344367668327175,0.3147532927794732,0.027240487578972905,-0.10949991528609315,-0.2725776010181379,0.1618591658145796,0.25622941693155105,0.09993663264047975,0.5177304964539007,100,0.28,False,False,0.051169146131160526,-0.08557125673390553,-0.20018146055361963,0.23425530627909785,0.4933940865170302,0.25561381153703094,0.3344531541620007,59,0.288135593220339,False
MRNA,"Moderna, Inc. Common Stock",Individual equity,1941,7.7023809523809526,2018-12-07,2026-08-28,0.29716594010315345,-0.9538464714017378,0.31154483348504636,0.5731788551574328,0.2760129150542794,-0.4729860680602438,0.48086040334149405,1.217912175034988,1.2118303135398643,0.467284904688305,74,0.4189189189189189,True,True,0.4127075702465619,0.11554163014340846,-0.28608968553806835,0.6677567858636695,1.2422018953274088,1.4425810894592537,0.17413704276146316,41,0.4878048780487805,True
MRSH,Marsh,Individual equity,2679,10.630952380952381,2016-01-04,2026-08-28,0.14624726453969505,-0.3580178173719374,0.4084915818247162,0.07684267335678774,-0.06940459118290732,-0.1941450338887153,0.1638727834832221,0.6003933734596664,0.3958003551140755,0.5259425158641284,100,0.35,False,False,0.08828752633914005,-0.057959738200555,-0.10078680005389362,0.25723101731804376,0.9890155909441037,0.8759830284514456,0.3729003359462486,61,0.3770491803278688,False
MRVL,"Marvell Technology, Inc. Common Stock",Individual equity,2679,10.630952380952381,2016-01-04,2026-08-28,0.3626430624229766,-0.6187298409520631,0.5861088934468782,0.1558873755844432,-0.2067556868385334,-0.37921005282764164,0.23951978812442143,0.5829693864509149,0.41108450164241045,0.49869354236655467,107,0.2897196261682243,False,False,0.2634222464412419,-0.09922081598173471,-0.14866467790371107,0.470065163048352,1.0470020861276024,1.7719222222501192,0.3113101903695409,61,0.3114754098360656,False
MS,Morgan Stanley,Individual equity,2679,10.630952380952381,2016-01-04,2026-08-28,0.2322083567180664,-0.513346145633141,0.4523426516267493,0.19056376256022678,-0.04164459415783961,-0.36151283900211584,0.15183330663102512,0.9423202047666932,0.527128616195873,0.572601717058604,96,0.3645833333333333,False,True,0.18875962004282965,-0.04344873667523674,-0.1390010167977057,0.37434512883543525,1.2353425256695982,1.3579729443097515,0.3982829413960433,57,0.42105263157894735,False
MSCI,"MSCI, Inc.",Individual equity,2679,10.630952380952381,2016-01-04,2026-08-28,0.23103787602436632,-0.43744127779517705,0.528157464217506,0.11072189325794546,-0.12031598276642086,-0.3387987694607272,0.09864250833444987,0.6359558695504398,0.3268072473645159,0.49197461739455023,98,0.29591836734693877,False,False,0.15235504068446803,-0.07868283533989828,-0.1868995040464433,0.25054177374873376,1.08933758405351,0.8151709201251215,0.3344531541620007,59,0.3559322033898305,False
MSFT,Microsoft Corporation Common Stock,Individual equity,2679,10.630952380952381,2016-01-04,2026-08-28,0.25053722149312807,-0.3714874655188092,0.6744163524958633,0.18321476260614622,-0.06732245888698185,-0.2868685330440188,0.08461893247479035,0.984029501399029,0.6386715219756524,0.5658827920865995,93,0.3655913978494624,False,False,0.20882204011784888,-0.04171518137527919,-0.2017262254880453,0.16976124003076387,1.3818302177124282,1.035175469191655,0.4337439343038447,57,0.45614035087719296,False
MSI,"Motorola Solutions, Inc. New",Individual equity,2679,10.630952380952381,2016-01-04,2026-08-28,0.2231318196950154,-0.32809579439252334,0.6800813162148235,0.0971128776913206,-0.1260189420036948,-0.2556301300563847,0.07246566433613866,0.6270926180403077,0.3798960539976265,0.5830533781261665,105,0.3523809523809524,False,False,0.12031432063894121,-0.10281749905607418,-0.1559566466141391,0.17213914777838424,0.9547746348483696,0.7714600387415195,0.39343038447181783,66,0.3787878787878788,False
MSTR,Strategy Inc Common Stock Class A,Individual equity,2679,10.630952380952381,2016-01-04,2026-08-28,0.2078474025725019,-0.8926802421574026,0.23283522224058928,0.26729920602132373,0.05945180344882184,-0.5219188620022672,0.3707613801551354,0.7205254648609352,0.5121470509723839,0.5098917506532288,102,0.2647058823529412,True,True,0.3358627061631956,0.12801530359069369,-0.3944444912919389,0.4982357508654637,1.0237976954627708,0.8514828159042905,0.2702500933184024,61,0.3114754098360656,True
MTB,M&T Bank Corp.,Individual equity,2679,10.630952380952381,2016-01-04,2026-08-28,0.09869518190513227,-0.5297307893361204,0.1863119605126615,0.08830045507290918,-0.010394726832223089,-0.5242406724135235,0.005490116922596933,0.49680749564704096,0.16843495691852267,0.5778275475923852,97,0.38144329896907214,False,False,0.061770106591948926,-0.03692507531318334,-0.42895775223174515,0.10077303710437524,0.5022595593752724,0.14400044356484207,0.3497573721537887,53,0.39622641509433965,False
MTD,Mettler-Toledo International,Individual equity,2679,10.630952380952381,2016-01-04,2026-08-28,0.14571557601187868,-0.4347412380398581,0.3351777178279074,0.20792850614822966,0.062212930136350986,-0.23931481268312194,0.19542642535673616,1.0818945699746154,0.868849294437737,0.5584173198954834,91,0.3516483516483517,True,True,0.18289379652011362,0.03717822050823494,-0.19853147892625267,0.23620975911360542,1.2812108183702424,0.9212332346955019,0.3803658081373647,51,0.45098039215686275,True
MTSI,"MACOM Technology Solutions Holdings, Inc. Common Stock",Individual equity,2679,10.630952380952381,2016-01-04,2026-08-28,0.19619030220875233,-0.8078389507396678,0.24285818606433615,0.21017092108581092,0.013980618877058593,-0.280309323400564,0.5275296273391038,0.7224227034517513,0.7497821283149942,0.49272116461366183,108,0.3148148148148148,True,True,0.23716378883633848,0.04097348662758615,-0.19187099647557138,0.6159679542640965,1.0471030188846067,1.2360585663948105,0.3139231056364315,62,0.3548387096774194,True
MTUM,iShares MSCI USA Momentum Factor ETF,Factor/style ETF,2679,10.630952380952381,2016-01-04,2026-08-28,0.15703886811349288,-0.3407847428482099,0.460815430881658,0.12352411534779639,-0.03351475276569649,-0.14384965882871326,0.19693508401949666,0.8683039906178234,0.8587028732190517,0.561030235162374,103,0.3592233009708738,False,True,0.12029398219815834,-0.036744885915334535,-0.11432214921948203,0.2264625936287279,1.284341631442372,1.0522368851482249,0.44344904815229563,64,0.453125,False
MU,"Micron Technology, Inc. Common Stock",Individual equity,2679,10.630952380952381,2016-01-04,2026-08-28,0.4846797821336404,-0.5762667366762924,0.8410684693152793,0.2676093593640423,-0.2170704227695981,-0.4206252182121053,0.15564151846418706,0.8798750547410923,0.6362180577320903,0.4740574841358716,101,0.32673267326732675,False,False,0.38782241857001876,-0.09685736356362162,-0.2751242227606093,0.30114251391568303,1.4406510642847004,1.4096265849607514,0.3068309070548712,58,0.41379310344827586,False
MUB,iShares National Muni Bond ETF,Bond ETF,2679,10.630952380952381,2016-01-04,2026-08-28,0.020017186417267574,-0.13674614305750343,0.14638209144114656,0.03958487094191909,0.01956768452465152,-0.062229441666094454,0.07451670139140898,1.6651578777535316,0.6361116198715118,0.6166480029861888,92,0.42391304347826086,True,True,0.024616824977073293,0.004599638559805719,-0.03422064392238011,0.10252549913512332,1.4458749810416496,0.7193559838590303,0.42814483016050764,52,0.46153846153846156,True
NBIS,Nebius Group N.V. Class A Ordinary Shares,Individual equity,2636,10.46031746031746,2016-01-04,2026-08-28,0.2847013946580279,-0.8015496704059211,0.3551887115290676,0.14412091194339327,-0.14058048271463464,-0.5434061443820475,0.2581435260238736,0.5353252640433889,0.26521767085884757,0.4275417298937785,79,0.25316455696202533,False,False,0.23527908497398098,-0.04942230968404693,-0.27377619190272273,0.5277734785031983,0.9479435684921409,0.8593847527018696,0.2742792109256449,47,0.2978723404255319,False
NCLH,Norwegian Cruise Line Holdings Ltd. Ordinary Shares,Individual equity,2679,10.630952380952381,2016-01-04,2026-08-28,-0.11075271598010583,-0.8724766125061547,-0.12694061295462467,0.3327601518155321,0.4435128677956379,-0.5815595636559188,0.29091704885023595,0.933429266450107,0.5721858475229383,0.503919372900336,95,0.3368421052631579,True,True,0.1540751142875958,0.2648278302677016,-0.32963134470524047,0.5428452678009142,0.7251129258074128,0.46741645405527577,0.26577081000373276,51,0.37254901960784315,True
NDAQ,"Nasdaq, Inc. Common Stock",Individual equity,2679,10.630952380952381,2016-01-04,2026-08-28,0.18777735520258254,-0.38299639988922674,0.49028490935395996,0.09573571496899502,-0.09204164023358752,-0.21087362811180088,0.17212277177742585,0.6321626138497791,0.45399567421601866,0.5524449421425905,102,0.3235294117647059,False,False,0.10862243065116539,-0.07915492455141715,-0.08681727986427734,0.2961791200249494,1.0138652889392705,1.251161414190543,0.3725270623366928,59,0.3898305084745763,False
NDSN,Nordson Corporation Common Stock,Individual equity,2679,10.630952380952381,2016-01-04,2026-08-28,0.17849671565187952,-0.4423434779998795,0.40352514398760536,0.13725602163257133,-0.04124069401930819,-0.20657998872195937,0.23576348927792012,0.7692527892290789,0.664420704453166,0.48040313549832026,85,0.38823529411764707,False,True,0.13085533648563774,-0.04764137916624178,-0.14859910262021592,0.2937443753796636,1.0883419624479655,0.8805930465143721,0.3430384471817842,50,0.48,False
NEE,"NextEra Energy, Inc.",Individual equity,2679,10.630952380952381,2016-01-04,2026-08-28,0.14378750560799003,-0.4496889864617637,0.3197487817954733,0.08807859074187308,-0.055708914866116954,-0.22599148972251337,0.22369749673925032,0.5758965799179373,0.3897429538166306,0.5677491601343785,98,0.32653061224489793,False,True,0.09050472941221965,-0.053282776195770376,-0.13181859834442,0.3178703881173437,0.7976855941499207,0.6865854329276503,0.3882045539380366,59,0.3559322033898305,False
NEM,Newmont Corporation,Individual equity,2679,10.630952380952381,2016-01-04,2026-08-28,0.22805706242689094,-0.624093844734414,0.3654211050966889,0.27484960345396847,0.04679254102707753,-0.3093721246423228,0.3147217200920912,1.1194961799459613,0.8884110156069583,0.5796939156401643,89,0.34831460674157305,True,True,0.22647055456782184,-0.0015865078590691084,-0.19346288538207257,0.4306309593523414,1.192887837222608,1.1706149948118574,0.3389324374766704,51,0.4117647058823529,False
NET,"Cloudflare, Inc. Class A common stock",Individual equity,1749,6.940476190476191,2019-09-13,2026-08-28,0.4997312339351352,-0.8258227848101268,0.605131322514955,0.25581538200178344,-0.24391585193335175,-0.4934693774204947,0.33235340738963215,0.7339952007457143,0.5184017361705472,0.4734133790737564,61,0.3114754098360656,False,False,0.352301963051447,-0.14742927088368818,-0.25425851805485844,0.5715642667552684,1.1686811049028243,1.3856053505961001,0.29273870783304745,37,0.40540540540540543,False
NFLX,"Netflix, Inc. Common Stock",Individual equity,2679,10.630952380952381,2016-01-04,2026-08-28,0.20760393684617795,-0.7594332803238395,0.27336692007710134,0.1962681449718544,-0.011335791874323542,-0.43704791578656543,0.32238536453727407,0.7707975653724403,0.44907694987774055,0.5759611795446062,101,0.297029702970297,False,True,0.18729512641218493,-0.02030881043399302,-0.19691546562366635,0.5625178147001731,1.0280927980821455,0.9511448266340478,0.3643150429264651,59,0.4067796610169492,False
NI,NiSource Inc.,Individual equity,2679,10.630952380952381,2016-01-04,2026-08-28,0.1059327375768584,-0.3093967993434551,0.34238472344138443,0.038437606169497984,-0.06749513140736041,-0.2651097435359383,0.044287055807516795,0.34589054735265357,0.1449875272663729,0.5535647629712579,95,0.3157894736842105,False,False,0.05334998189118445,-0.05258275568567394,-0.15267309815975605,0.15672370118369905,0.5653895677001898,0.3494393087861452,0.3613288540500187,57,0.40350877192982454,False
NKE,"Nike, Inc.",Individual equity,2679,10.630952380952381,2016-01-04,2026-08-28,-0.027577619979182955,-0.7651658623006896,-0.03604136219075818,0.18071818499400716,0.2082958049731901,-0.2865981050776204,0.4785677572230692,0.8775298727613459,0.6305630839571064,0.5684957073534901,86,0.4186046511627907,True,True,0.08802165652873506,0.11559927650791801,-0.14752465241323065,0.617641209887459,0.7744029631697971,0.5966572710991922,0.3008585293019784,46,0.41304347826086957,True
NOBL,ProShares S&P 500 Dividend Aristocrats ETF,Factor/style ETF,2679,10.630952380952381,2016-01-04,2026-08-28,0.10895880547034431,-0.3544798556825014,0.3073765792997161,0.08964890852907503,-0.019309896941269278,-0.13252565728162868,0.22195419840087272,0.7861027713071389,0.6764645455676799,0.5752146323254946,101,0.3465346534653465,False,True,0.09371744162487672,-0.015241363845467593,-0.09466476150707792,0.2598150941754235,1.1991097543691724,0.9899928984437322,0.44606196341918625,56,0.4642857142857143,False
NOC,Northrop Grumman Corp.,Individual equity,2679,10.630952380952381,2016-01-04,2026-08-28,0.12337413893290505,-0.3638241744271048,0.3391037418752505,0.10402230999560902,-0.019351828937296034,-0.309416567534223,0.05440760689288182,0.6884048774182768,0.33618855908258255,0.5397536394176932,91,0.3076923076923077,False,False,0.11223539549418349,-0.011138743438721566,-0.18955005523519763,0.17427411919190716,0.9769886270348859,0.5921148129179887,0.3497573721537887,56,0.3392857142857143,False
NOW,"SERVICENOW, INC.",Individual equity,2679,10.630952380952381,2016-01-04,2026-08-28,0.2244589258695644,-0.6454203691045798,0.34777167968988365,0.1479614112956278,-0.07649751457393661,-0.5181289623961568,0.12729140670842298,0.6608657739384042,0.2855686943485275,0.543859649122807,100,0.32,False,False,0.21108716036113617,-0.013371765508428224,-0.3062278505985797,0.3391925185060001,1.0982154830598319,0.6893140514441347,0.374020156774916,55,0.41818181818181815,False
NRG,"NRG Energy, Inc.",Individual equity,2679,10.630952380952381,2016-01-04,2026-08-28,0.2641308013230883,-0.5191715645116144,0.5087543682627469,0.1709284377125586,-0.09320236361052969,-0.49124272100595867,0.02792884350565572,0.7235086059751847,0.3479510848782333,0.5460992907801419,108,0.3148148148148148,False,False,0.214995630597705,-0.049135170725383315,-0.15061272417153837,0.368558840340076,1.134022332224129,1.4274732216704251,0.3381858902575588,61,0.3770491803278688,False
NSC,Norfolk Southern Corp.,Individual equity,2679,10.630952380952381,2016-01-04,2026-08-28,0.17049898582947653,-0.44420154625433195,0.38383249060518954,0.19550738766919173,0.0250084018397152,-0.21747725184361044,0.2267242944107215,0.9855953888068307,0.8989785644789304,0.586039567002613,88,0.4431818181818182,True,True,0.1611060796592545,-0.009392906170222037,-0.11654852402063098,0.32765302223370096,1.1732703266075153,1.3823090512131762,0.3807390817469205,50,0.52,False
NTAP,"NetApp, Inc. Common Stock",Individual equity,2679,10.630952380952381,2016-01-04,2026-08-28,0.23454794979602034,-0.5807854137447401,0.40384614393760593,0.1749512039282668,-0.05959674586775354,-0.44185496412908276,0.13893044961565737,0.7757398573050859,0.39594712774836416,0.5569242254572602,104,0.375,False,False,0.1929704269150725,-0.04157752288094785,-0.22385177683853974,0.3569336369062004,1.1349792378944672,0.8620455447814408,0.3609555804404629,59,0.423728813559322,False
NTES,"NetEase, Inc. American Depositary Shares",Individual equity,2679,10.630952380952381,2016-01-04,2026-08-28,0.14732326393331285,-0.5734760981367512,0.2568952122189095,0.08666822127031515,-0.060655042662997705,-0.38376290427931004,0.18971319385744112,0.44305342532777187,0.2258379335362658,0.5378872713699141,107,0.2616822429906542,False,False,0.10889694089514612,-0.03842632303816673,-0.2864938807248403,0.2869822174119109,0.6261713683563958,0.38010215303598377,0.3068309070548712,61,0.3114754098360656,False
NTRS,Northern Trust Corporation Common Stock,Individual equity,2679,10.630952380952381,2016-01-04,2026-08-28,0.12524110364914742,-0.5003005581794753,0.25033172880094823,0.04839274349134293,-0.0768483601578045,-0.5397075302815697,-0.03940697210209443,0.3388372328689545,0.08966475503148168,0.5412467338559164,104,0.25961538461538464,False,False,0.0733186860522721,-0.051922417596875325,-0.292161731599639,0.2081388265798363,0.5935013136783335,0.2509523942469771,0.3762597984322508,63,0.31746031746031744,False
NUE,Nucor Corporation,Individual equity,2679,10.630952380952381,2016-01-04,2026-08-28,0.21601611509575247,-0.571987746766508,0.37765864097073526,0.2741243113321501,0.058108196236397625,-0.25027722673644603,0.32171052003006195,1.0741834831228487,1.095282678758528,0.5856662933930571,105,0.38095238095238093,True,True,0.23987922922726845,0.023863114131515983,-0.13522002405085087,0.4367677227156571,1.238429894012329,1.7739919136315152,0.3501306457633445,57,0.40350877192982454,True
NVDA,NVIDIA Corporation Common Stock,Individual equity,2679,10.630952380952381,2016-01-04,2026-08-28,0.6966198360671105,-0.6633603847309889,1.050137831715123,0.3851102502347825,-0.311509585832328,-0.35343713590519743,0.3099232488257915,1.1661125286218432,1.089614562568436,0.5281821575214632,96,0.3645833333333333,False,True,0.5096932224409951,-0.1869266136261154,-0.16074005756683551,0.5026203271641534,1.8290888053267564,3.1709160128244034,0.39455020530048523,59,0.4915254237288136,False
NVMI,Nova Ltd. Ordinary Shares,Individual equity,2679,10.630952380952381,2016-01-04,2026-08-28,0.39771873817925774,-0.5275965198477431,0.7538312388679775,0.28348422687385355,-0.11423451130540418,-0.33419428476963586,0.19340223507810728,1.0013964721099344,0.8482617441206771,0.528555431131019,98,0.30612244897959184,False,True,0.2802001951603217,-0.11751854301893605,-0.20721751658295606,0.3203790032647871,1.2760472476169669,1.3522032296345383,0.34341172079134,64,0.359375,False
NVO,Novo-Nordisk A/S,Individual equity,2679,10.630952380952381,2016-01-04,2026-08-28,0.0632203648316978,-0.7491542503418986,0.08438898237959047,0.14683018034200424,0.08360981551030644,-0.1990130521362613,0.5501411982056373,0.766680447016076,0.7377917114776561,0.5356476297125793,108,0.3333333333333333,True,True,0.1374727249027239,0.07425236007102609,-0.13918013478342572,0.6099741155584729,0.9729253974937776,0.9877323737086569,0.3366927958193356,59,0.4406779661016949,True
NVR,"NVR, Inc.",Individual equity,2679,10.630952380952381,2016-01-04,2026-08-28,0.14223908710309408,-0.4613363316880357,0.30831971672952657,0.06380160738990748,-0.0784374797131866,-0.2861158465290867,0.17522048515894895,0.4427782480746456,0.2229922185852134,0.5341545352743561,86,0.3488372093023256,False,False,0.06569887700443444,-0.07654021009865963,-0.190659224204896,0.27067710748313967,0.5469109596991715,0.3445879803529975,0.3407988055244494,51,0.39215686274509803,False
NWS,News Corporation Class B Common Stock,Individual equity,2679,10.630952380952381,2016-01-04,2026-08-28,0.10471144035284397,-0.5185393258426955,0.20193538876279812,0.09738086050636596,-0.0073305798464780025,-0.27196424834466393,0.24657507749803154,0.5729204137019531,0.35806493353109375,0.5158641284061217,102,0.29411764705882354,False,True,0.11719665089899456,0.012485210546150594,-0.13030741967567727,0.3882319061670182,0.9052281476021334,0.8993858614550563,0.3045912653975364,55,0.34545454545454546,True
NWSA,News Corporation Class A Common Stock,Individual equity,2679,10.630952380952381,2016-01-04,2026-08-28,0.09641885632382041,-0.506190172303765,0.19047951066493526,0.10618315119595989,0.009764294872139478,-0.27380958006286804,0.2323805922408969,0.6073762961395354,0.387799255130444,0.5270623366927958,98,0.32653061224489793,True,True,0.11160091420235396,0.01518205787853355,-0.15863176500417686,0.3475584072995881,0.8487179555306177,0.7035218589379968,0.3240014930944382,55,0.34545454545454546,True
NXPI,NXP Semiconductors N.V. Common Stock,Individual equity,2679,10.630952380952381,2016-01-04,2026-08-28,0.1081952961296817,-0.5326208326686872,0.2031375595798067,0.11190451914828503,0.003709223018603325,-0.5750706498321523,-0.042449817163465076,0.5194129253362275,0.19459264558354172,0.521089958939903,95,0.3263157894736842,True,False,0.05930304998295588,-0.048892246146725826,-0.3823209808054636,0.1502998518632236,0.40023998247635906,0.15511325027995534,0.3165360209033221,59,0.3220338983050847,False
O,Realty Income Corporation,Individual equity,2679,10.630952380952381,2016-01-04,2026-08-28,0.06682426458116786,-0.4827933523585698,0.13841173300070128,0.0363779196705285,-0.030446344910639356,-0.4676235416328499,0.015169810725719879,0.31527494242380366,0.07779317427754796,0.5830533781261665,106,0.32075471698113206,False,False,0.06790276966693676,0.0010785050857688994,-0.2610926904305585,0.2217006619280113,0.6802314536439874,0.26007150776592314,0.3572228443449048,56,0.375,True
ODFL,"Old Dominion Freight Line, Inc. Common Stock",Individual equity,2679,10.630952380952381,2016-01-04,2026-08-28,0.24909464387275015,-0.4518098560837337,0.5513262725870804,0.1352986449031799,-0.11379599896957027,-0.3134296155505585,0.13838024053317521,0.7143887500836887,0.43167154024523,0.5352743561030235,93,0.3763440860215054,False,False,0.1639691785795485,-0.08512546529320164,-0.2721173078890228,0.17969254819471092,1.058877330643052,0.6025679875034624,0.3370660694288914,56,0.44642857142857145,False
OIH,VanEck Oil Services ETF,Thematic/industry ETF,2597,10.305555555555555,2016-05-02,2026-08-28,-0.017459621935273173,-0.8960850652489123,-0.01948433537436904,0.3151184063568713,0.33257802829214445,-0.41993751629382325,0.47614754895508904,1.0414170550398423,0.7503935564937432,0.5591066615325375,93,0.3655913978494624,True,True,0.12823552822839446,0.14569515016366763,-0.3299139369200832,0.5661711283288291,0.7199177574172665,0.3886938800632046,0.30496726992683865,52,0.34615384615384615,True
OKE,"Oneok, Inc.",Individual equity,2679,10.630952380952381,2016-01-04,2026-08-28,0.20466492147927928,-0.8056246299585553,0.25404501534394264,0.10900725712319814,-0.09565766435608114,-0.473950641269658,0.3316739886888973,0.5126793435633921,0.22999706642696066,0.5296752519596865,103,0.3106796116504854,False,False,0.1886940044208365,-0.01597091705844278,-0.26292842000633565,0.5426962099522197,1.0643742538242422,0.7176630218075689,0.39417693169092943,61,0.3770491803278688,False
OKTA,"Okta, Inc. Class A Common Stock",Individual equity,2361,9.369047619047619,2017-04-07,2026-08-28,0.2321576809065402,-0.845705668654466,0.27451356838592267,0.14964464317666248,-0.08251303772987773,-0.41805680852122384,0.4276488601332421,0.5953437715517909,0.357952890914502,0.4235493434985176,86,0.2441860465116279,False,True,0.13651659749075762,-0.09564108341578259,-0.2915567875514974,0.5541488811029686,0.7126425820819339,0.46823330246305733,0.26005929690808977,52,0.2692307692307692,False
OMC,Omnicom Group Inc.,Individual equity,2679,10.630952380952381,2016-01-04,2026-08-28,0.0523287962120198,-0.43214013709063126,0.12109219144586207,0.002500632532861591,-0.04982816367915821,-0.4351003718229197,-0.002960234732288458,0.10490402477456212,0.00574725441484871,0.49010824934677116,103,0.2524271844660194,False,False,0.028866583934897827,-0.023462212277121974,-0.2570847410493894,0.17505539604124187,0.29948435708106613,0.1122843145690711,0.2650242627846211,58,0.27586206896551724,False
ON,ON Semiconductor Corporation Common Stock,Individual equity,2679,10.630952380952381,2016-01-04,2026-08-28,0.20846451542211453,-0.7044129891756876,0.29594076007323794,0.21657406817702496,0.008109552754910432,-0.4297273047990342,0.2746856843766534,0.7223239507172752,0.5039802352757355,0.5535647629712579,95,0.30526315789473685,True,True,0.22584086689601413,0.0173763514738996,-0.2941218672042497,0.4102911219714379,0.9676663185708828,0.767847929984687,0.3307204180664427,50,0.38,True
ORCL,Oracle Corp,Individual equity,2679,10.630952380952381,2016-01-04,2026-08-28,0.16204749870583668,-0.6457267853841893,0.25095365776010514,0.2740746134594376,0.11202711475360094,-0.21441423046181995,0.4313125549223693,1.239972072668384,1.2782482434543503,0.5449794699514744,96,0.3645833333333333,True,True,0.21549006340925692,0.05344256470342024,-0.10512954908895678,0.5405972362952325,1.3814975211965506,2.049757325858186,0.3452780888391191,56,0.375,True
ORLY,"O'Reilly Automotive, Inc. Common Stock",Individual equity,2679,10.630952380952381,2016-01-04,2026-08-28,0.17176357401735554,-0.42014004668222715,0.40882457022067425,0.08417929969923432,-0.08758427431812121,-0.2923489218262503,0.12779112485597688,0.557195416727752,0.2879412011283696,0.5072788353863382,94,0.2553191489361702,False,False,0.11598022138355346,-0.055783352633802075,-0.16305156811907584,0.2570884785631513,0.9710233282432971,0.7113100641807604,0.3381858902575588,52,0.34615384615384615,False
OTIS,Otis Worldwide Corporation,Individual equity,1609,6.384920634920635,2020-04-03,2026-08-28,0.0844956717687857,-0.32444618702215455,0.2604304662795004,0.06458556914098779,-0.01991010262779791,-0.18937370523766994,0.1350724817844846,0.48341445888116663,0.34104824141203166,0.5307644499689248,55,0.3090909090909091,False,True,0.08867454820251086,0.004178876433725165,-0.12488308690485117,0.19956310011730338,0.8075370771415424,0.7100605085945088,0.32442510876320696,30,0.3,True
OXY,Occidental Petroleum Corporation,Individual equity,2679,10.630952380952381,2016-01-04,2026-08-28,0.015814532780366486,-0.8838845291479822,0.01789208008382142,0.09911992813222414,0.08330539535185766,-0.448251430064724,0.4356330990832582,0.4692128226224546,0.22112573766448887,0.5083986562150056,100,0.26,True,True,0.07099006093710147,0.05517552815673499,-0.3494747910659368,0.5344097380820454,0.43696090094239354,0.20313356714678596,0.25755879059350506,52,0.25,True
PANW,"Palo Alto Networks, Inc. Common Stock",Individual equity,2679,10.630952380952381,2016-01-04,2026-08-28,0.2728412201091346,-0.4797551789077207,0.568709275281455,0.21812647826895426,-0.054714741840180325,-0.3615744360111266,0.11818074289659408,0.939206574613498,0.6032685293665007,0.5237028742067936,102,0.2647058823529412,False,True,0.2182232920973044,-0.054617928011830186,-0.24798338398512387,0.2317717949225968,1.1759477581596,0.8799915889138575,0.3624486748786861,60,0.2833333333333333,False
PAVE,Global X U.S. Infrastructure Development ETF,Thematic/industry ETF,2383,9.456349206349206,2017-03-08,2026-08-28,0.15742599990817174,-0.4408852649970878,0.35706795487758386,0.16257491470544183,0.005148914797270088,-0.201144653657223,0.2397406113398648,1.0002334414035372,0.8082487490942261,0.5744859420898027,87,0.3563218390804598,True,True,0.15307925358705776,-0.004346746321113981,-0.09997660536660946,0.34090865963047834,1.2478908937509372,1.5311507429735527,0.4162819974821653,49,0.4489795918367347,False
PAYX,"Paychex, Inc. Common Stock",Individual equity,2679,10.630952380952381,2016-01-04,2026-08-28,0.1234379942126882,-0.4495358483112788,0.2745898790416692,0.11005309081207981,-0.013384903400608383,-0.18405847430193356,0.26547737400934523,0.7169150396600623,0.5979246064571105,0.5531914893617021,100,0.37,False,True,0.12445993327249427,0.0010219390598060762,-0.11483517421296252,0.3347006740983163,1.1870063260459969,1.0838136844873207,0.36879432624113473,53,0.4528301886792453,True
PCAR,PACCAR Inc. Common Stock,Individual equity,2679,10.630952380952381,2016-01-04,2026-08-28,0.17981107225601667,-0.3787598334104586,0.4747363801408082,0.08523768157115619,-0.09457339068486048,-0.3332789594561565,0.045480873954302115,0.5345511919869107,0.25575476384781914,0.5602836879432624,96,0.28125,False,False,0.13694922448071178,-0.042861847775304884,-0.24494070365322362,0.13381912975723498,1.079300730773233,0.5591117459783186,0.3643150429264651,50,0.38,False
PCG,PG&E Corporation,Individual equity,2679,10.630952380952381,2016-01-04,2026-08-28,-0.09727241745047954,-0.9464746345657781,-0.10277340131265748,0.19312276345605395,0.2903951809065335,-0.5439283828379319,0.4025462517278462,0.6350102281318806,0.3550518221690162,0.5446061963419186,92,0.31521739130434784,True,True,0.0984881916666418,0.19576060911712134,-0.30285533113144425,0.6436193034343338,0.5993756439879541,0.325198804652695,0.3329600597237775,52,0.3269230769230769,True
PDBC,Invesco Actively Managed Exch-Traded Commodity Fd Tr Invesco Optimum Yield Diversified Commodity Strategy No K-1 ETF,Commodity ETF,2679,10.630952380952381,2016-01-04,2026-08-28,0.09682015986803161,-0.4073610676676044,0.23767651735200734,0.10770522396072923,0.010885064092697627,-0.26756494572855183,0.13979612193905255,0.9355034797401112,0.40253861980110656,0.5027995520716685,113,0.36283185840707965,True,True,0.09239859243161264,-0.004421567436418972,-0.16955671428842622,0.23780435337917816,1.144911621980124,0.5449421028201634,0.3184023889511012,68,0.35294117647058826,False
PDD,PDD Holdings Inc. American Depositary Shares,Individual equity,2034,8.071428571428571,2018-07-26,2026-08-28,0.15542606988695695,-0.8741248397593926,0.1778076343531649,0.32697166247828435,0.1715455925913274,-0.4521232693597159,0.4220015703996767,0.8549306851592102,0.7231914051699491,0.4975417895771878,75,0.36,True,True,0.32380830918001724,0.1683822392930603,-0.2768918069026567,0.5972330328567359,1.047303282998454,1.1694398357328586,0.2586037364798427,39,0.41025641025641024,True
PEG,Public Service Enterprise Group Incorporated,Individual equity,2679,10.630952380952381,2016-01-04,2026-08-28,0.09853556333999802,-0.4077014688368392,0.24168557356714265,0.0414992793463429,-0.057036283993655124,-0.21248630471234442,0.1952151641244948,0.34522160999199436,0.1953033133242304,0.5322881672265771,96,0.3020833333333333,False,False,0.07306143865619275,-0.025474124683805277,-0.1391585624864522,0.268542906350387,0.708247160853503,0.5250229475696521,0.3505039193729003,51,0.37254901960784315,False
PEP,"PepsiCo, Inc. Common Stock",Individual equity,2679,10.630952380952381,2016-01-04,2026-08-28,0.06577184751479281,-0.3032324268855813,0.21690242099210094,0.05193245894205689,-0.013839388572735922,-0.2213442352665208,0.08188819161906047,0.4123205338454153,0.2346230471262329,0.6073161627472937,92,0.3695652173913043,False,True,0.07149980748170481,0.005727959966912,-0.16225992395234035,0.14097250293324093,0.7528346856514596,0.4406498273887151,0.41284061216871965,48,0.4583333333333333,True
PFE,Pfizer Inc.,Individual equity,2679,10.630952380952381,2016-01-04,2026-08-28,0.03328870357901281,-0.5896246309574017,0.05645745077670916,0.16541580688830493,0.13212710330929212,-0.18624819340822174,0.40337643754917996,1.032936227508956,0.8881471753433009,0.5431131019036954,94,0.35106382978723405,True,True,0.10592063253491801,0.0726319289559052,-0.13167672229082916,0.45794790866657253,0.9925635145286196,0.8043990668371537,0.2889137737961926,51,0.3333333333333333,True
PFG,Principal Financial Group Inc Common Stock,Individual equity,2679,10.630952380952381,2016-01-04,2026-08-28,0.1319588397392546,-0.6472109346139647,0.20388845843274067,0.04036478733582993,-0.09159405240342466,-0.5026078986527802,0.1446030359611845,0.2912466918132591,0.08031069038912059,0.47816349384098544,103,0.2621359223300971,False,False,0.07543823542131056,-0.056520604317944034,-0.19937124359351488,0.44783969102044985,0.5948809447422393,0.3783807236269073,0.3277342291899963,59,0.3220338983050847,False
PG,Procter & Gamble Company,Individual equity,2679,10.630952380952381,2016-01-04,2026-08-28,0.08872536167149003,-0.23768809849521078,0.37328483097473125,0.046044726580501294,-0.04268063509098874,-0.28631776504166695,-0.048629666546456174,0.44236231666162823,0.16081686923548227,0.5729749906681597,99,0.3333333333333333,False,False,0.06164005652221727,-0.027085305149272765,-0.15952207958928344,0.07816601890592734,0.7282067482780489,0.38640454463056156,0.3807390817469205,52,0.36538461538461536,False
PGR,Progressive Corporation,Individual equity,2679,10.630952380952381,2016-01-04,2026-08-28,0.23623887903510132,-0.30352045670789707,0.77832934754198,0.10252392062032567,-0.13371495841477565,-0.3160306450324236,-0.01251018832452655,0.7281203539447688,0.324411326027598,0.5375139977603584,92,0.2826086956521739,False,False,0.1504027194175186,-0.08583615961758273,-0.18340944029337192,0.12011101641452515,1.2663534301895423,0.8200380480794361,0.40201567749160133,51,0.39215686274509803,False
PH,Parker-Hannifin Corporation,Individual equity,2679,10.630952380952381,2016-01-04,2026-08-28,0.2645999243473125,-0.5468244336569578,0.4838846036519746,0.19257083307313927,-0.07202909127417323,-0.2926683934369734,0.2541560402199844,0.8921784265262802,0.6579830189781314,0.578200821201941,96,0.3854166666666667,False,True,0.2093859558065605,-0.055213968540752,-0.13324277934508688,0.4135816543118709,1.274063289640463,1.5714619346408978,0.43822321761851435,55,0.5272727272727272,False
PHM,"Pultegroup, Inc.",Individual equity,2679,10.630952380952381,2016-01-04,2026-08-28,0.222417902173772,-0.6210502386906116,0.35813190031567455,0.1813908052148181,-0.0410270969589539,-0.3925681588684333,0.22848207982217827,0.8059936435767674,0.46206194037150644,0.503919372900336,92,0.31521739130434784,False,True,0.18543816259808898,-0.03697973957568301,-0.2594276657667467,0.3616225729238649,1.1029008230271966,0.7147971749659798,0.3467711832773423,55,0.38181818181818183,False
PINS,"Pinterest, Inc. Class A Common Stock",Individual equity,1851,7.345238095238095,2019-04-18,2026-08-28,-0.006900564645163865,-0.8270330902972518,-0.008343758824309759,0.2944339880426865,0.30133455268785037,-0.6432718782662993,0.18376121203095253,0.8445858582814448,0.45771313497525196,0.49054565099945974,61,0.29508196721311475,True,True,0.15474573181319617,0.16164629645836004,-0.41594837872930035,0.41108471156795146,0.682767055160217,0.372031097430734,0.26580226904376014,35,0.2857142857142857,True
PKG,Packaging Corp of America,Individual equity,2679,10.630952380952381,2016-01-04,2026-08-28,0.1688007296763694,-0.38181276680234333,0.4421034191445832,0.09730975359489102,-0.07149097608147836,-0.21550227274705602,0.1663104940552873,0.612226571349616,0.4515486187429101,0.5681224337439343,99,0.26262626262626265,False,True,0.11879556074496889,-0.0500051689314005,-0.12420735963689578,0.25760540716544755,0.9488136761930793,0.9564293218393211,0.38671145949981334,56,0.32142857142857145,False
PL,Planet Labs PBC,Individual equity,1343,5.329365079365079,2021-04-26,2026-08-28,0.14083445899322955,-0.8572635135135136,0.16428374329850617,0.12325222865405605,-0.0175822303391735,-0.46091854696873036,0.39634496654478324,0.483018349844132,0.26740566085837664,0.43410275502606105,48,0.2708333333333333,False,True,0.17626445525954604,0.03542999626631649,-0.33584814157392273,0.5214153719395909,0.740031896921522,0.5248337967079353,0.17051377513030527,26,0.3076923076923077,True
PLD,"PROLOGIS, INC.",Individual equity,2679,10.630952380952381,2016-01-04,2026-08-28,0.1530121046553925,-0.4329734000526726,0.3533983949978869,0.12645403771275543,-0.02655806694263707,-0.2834865281303114,0.1494868719223612,0.757416102247489,0.4460671854382717,0.5729749906681597,97,0.36082474226804123,False,True,0.11046972179724235,-0.04254238285815015,-0.16002383102233364,0.27294956903033896,0.8692518465222651,0.6903329403595188,0.41843971631205673,56,0.44642857142857145,False
PLTR,Palantir Technologies Inc. Class A Common Stock,Individual equity,1485,5.892857142857143,2020-09-30,2026-08-28,0.6570192471824057,-0.8461538461538461,0.7764772921246612,0.2472831303866161,-0.4097361167957896,-0.5259515058711781,0.32020234028266803,0.7128641734864855,0.47016336606360704,0.5481481481481482,59,0.2711864406779661,False,False,0.4664371778587253,-0.19058206932368038,-0.25652146177207347,0.5896323843817727,1.3260338559550586,1.8183163881748337,0.2868686868686869,32,0.375,False
PM,Philip Morris International Inc.,Individual equity,2679,10.630952380952381,2016-01-04,2026-08-28,0.129500174298516,-0.4286083473316965,0.30214104579325163,0.1865195696718318,0.057019395373315795,-0.2488955801035827,0.1797127672281138,1.14475284471285,0.7493888384607236,0.5494587532661441,96,0.3854166666666667,True,True,0.16643036958756463,0.03693019528904862,-0.12975648379175309,0.2988518635399434,1.3866060128378317,1.2826362484873564,0.3594624860022396,57,0.42105263157894735,True
PNC,PNC Financial Services Group,Individual equity,2679,10.630952380952381,2016-01-04,2026-08-28,0.13024092854030123,-0.4958396069419131,0.2626674568083843,0.1606890527289515,0.030448124188650283,-0.36499846015591086,0.13084114678600223,0.8082503869970034,0.44024583736685463,0.5923852183650616,94,0.3723404255319149,True,True,0.12263253394374529,-0.007608394596555934,-0.20728382194869754,0.28855578499321555,0.8942107958759372,0.5916165226541252,0.40238895110115713,52,0.4423076923076923,False
PNR,Pentair plc,Individual equity,2679,10.630952380952381,2016-01-04,2026-08-28,0.03841048656246282,-0.6798958014097458,0.05649466651039718,0.18645954630302253,0.1480490597405597,-0.22513939456906895,0.45475640684067686,0.9540739920097272,0.8281960012370021,0.5244494214259052,85,0.3411764705882353,True,True,0.13620719029623585,0.09779670373377303,-0.13086785886568875,0.5490279425440571,1.0487788501793052,1.0407994100066,0.3281075027995521,49,0.3877551020408163,True
PNW,Pinnacle West Capital Corporation,Individual equity,2679,10.630952380952381,2016-01-04,2026-08-28,0.08251570008272324,-0.3926748340990299,0.2101374799636723,0.046734157674188426,-0.03578154240853482,-0.25038004894320975,0.14229478515582017,0.3594653378698365,0.18665288177489128,0.5599104143337066,103,0.24271844660194175,False,False,0.038655620372971544,-0.0438600797097517,-0.16214367320496392,0.230531160894066,0.4267033284633047,0.23840350726548193,0.3277342291899963,61,0.26229508196721313,False
PODD,Insulet Corporation Common Stock,Individual equity,2679,10.630952380952381,2016-01-04,2026-08-28,0.13701599148692933,-0.6223003231109347,0.22017663561859357,0.2597683007620666,0.12275230927513725,-0.34410683577856094,0.2781934873323738,1.007556487634862,0.7549059587099637,0.521089958939903,90,0.3888888888888889,True,True,0.16085750308240065,0.02384151159547132,-0.2715031782090208,0.35079714490191394,0.890683380641733,0.5924700555754161,0.3404255319148936,50,0.36,True
PPG,"PPG Industries, Inc.",Individual equity,2679,10.630952380952381,2016-01-04,2026-08-28,0.03389377420664852,-0.4602105778648403,0.07364840322423621,0.06515343509075988,0.03125966088411136,-0.4223196747272242,0.037890903137616117,0.4276646485240639,0.15427515929216987,0.5524449421425905,102,0.30392156862745096,True,True,0.05279962249834358,0.01890584829169506,-0.16563479561757755,0.2945757822472628,0.5026734810289301,0.318771320370684,0.3064576334453154,50,0.34,True
PPL,PPL Corporation,Individual equity,2679,10.630952380952381,2016-01-04,2026-08-28,0.04559455196037132,-0.48724309000708743,0.0935766004597584,0.0869323964278359,0.04133784446746458,-0.4262790453828297,0.06096404462425775,0.5768829299786958,0.2039330747533327,0.6267263904441956,94,0.3404255319148936,True,True,0.08384547692729005,0.03825092496691873,-0.2146584750224363,0.27258461498465114,0.8342775476328562,0.39059942505659956,0.3967898469578201,49,0.3877551020408163,True
PPLT,abrdn Physical Platinum Shares ETF,Commodity ETF,2679,10.630952380952381,2016-01-04,2026-08-28,0.06397865490694188,-0.5113857016769645,0.1251084156188558,0.140363964914614,0.07638531000767212,-0.3096397514930298,0.2017459501839347,0.8037391685243274,0.45331377588892585,0.48525569242254574,111,0.34234234234234234,True,True,0.13502033825826332,0.07104168335132144,-0.16059710548137418,0.35078859619559033,1.0399575191010297,0.840739550401939,0.2374020156774916,59,0.3898305084745763,True
PRU,"Prudential Financial, Inc.",Individual equity,2679,10.630952380952381,2016-01-04,2026-08-28,0.08749360325292588,-0.6589231699939504,0.13278270857242608,0.08918311143534297,0.0016895081824170877,-0.3729273957538539,0.2859957742400965,0.4869583202780479,0.23914336262441596,0.5617767823814857,101,0.26732673267326734,True,True,0.12667975490571082,0.03918615165278494,-0.16543677723289263,0.49348639276105777,0.9061036291758142,0.7657291022260314,0.3967898469578201,55,0.32727272727272727,True
PSA,Public Storage,Individual equity,2679,10.630952380952381,2016-01-04,2026-08-28,0.06443929001869231,-0.37928623452294286,0.16989620016065834,0.08678868950104857,0.022349399482356258,-0.27737379006707386,0.101912444455869,0.6299851499627988,0.3128943418917178,0.5218365061590146,97,0.28865979381443296,True,True,0.0644953151713179,5.602515262559393e-05,-0.1685893755128619,0.21069685901008095,0.6741605929788717,0.3825585982219708,0.30160507652109,51,0.3333333333333333,True
PSKY,Paramount Skydance Corporation Class B Common Stock,Individual equity,267,1.0595238095238095,2025-08-07,2026-08-28,-0.054840835249651665,-0.5986639260020556,-0.09160537802216491,0.17126034048233607,0.22610117573198774,-0.25368722041393277,0.3449767055881229,0.7034792823553575,0.6750846187793631,0.5468164794007491,8,0.375,True,True,-0.03303040326466422,0.021810431984987444,-0.15696383701670513,0.4417000889853505,-0.22901237250220444,-0.21043320482251532,0.1198501872659176,3,0.0,True
PSX,PHILLIPS 66,Individual equity,2679,10.630952380952381,2016-01-04,2026-08-28,0.15274983445748958,-0.6421180096873624,0.23788436417141012,0.25389704237376853,0.10114720791627896,-0.34644550622363957,0.29567250346372287,1.0027136559876733,0.7328628537899735,0.6173945502053005,96,0.375,True,True,0.21880725744486162,0.06605742298737205,-0.20669012490107208,0.43542788478629035,1.245563918983144,1.0586246321617405,0.3646883165360209,52,0.4807692307692308,True
PTC,PTC Inc. Common Stock,Individual equity,2679,10.630952380952381,2016-01-04,2026-08-28,0.15574872191969047,-0.5437423486203974,0.2864384617362648,0.1418910866874381,-0.013857635232252363,-0.3661053958641354,0.177636952756262,0.7686442254675665,0.38756895771100575,0.5203434117207913,100,0.26,False,True,0.13057252328012492,-0.02517619863956555,-0.2494507164058335,0.2942916322145639,0.9361395975067051,0.5234401614934445,0.3389324374766704,61,0.3114754098360656,False
PWR,"Quanta Services, Inc.",Individual equity,2679,10.630952380952381,2016-01-04,2026-08-28,0.3782024127247101,-0.45532606173125967,0.8306188564886736,0.2039103090296739,-0.17429210369503623,-0.3030082531531372,0.1523178085781225,0.9193104453809722,0.6729529869492359,0.555431131019037,103,0.32038834951456313,False,False,0.2272116016499206,-0.1509908110747895,-0.16309521672532246,0.2922308450059372,1.2617996290685296,1.3931224116313603,0.3926838372527062,64,0.359375,False
PYPL,"PayPal Holdings, Inc. Common Stock",Individual equity,2679,10.630952380952381,2016-01-04,2026-08-28,0.04256676380772051,-0.8730547927291754,0.04875611950385898,0.2611524416735571,0.2185856778658366,-0.2764609422698233,0.5965938504593521,0.9855602350406677,0.9446268956816141,0.5964912280701754,102,0.3333333333333333,True,True,0.22918580448834192,0.1866190406806214,-0.1681161331307338,0.7049386595984416,1.2624365956770909,1.3632588391152078,0.3527435610302352,56,0.4107142857142857,True
Q,"Qnity Electronics, Inc.",Individual equity,206,0.8174603174603174,2025-11-03,2026-08-28,0.30371083370170293,-0.3153040309724433,0.9632316870958317,0.4096567682294594,0.10594593452775647,-0.15159034320942877,0.16371368776301454,1.3234814525895924,2.702393566478707,0.30097087378640774,5,0.6,True,True,0.49360144364089353,0.1898906099391906,-0.110509518937006,0.2047945120354373,1.5688334694065278,4.4665966189054025,0.2815533980582524,4,0.75,True
QCOM,QUALCOMM Incorporated Common Stock,Individual equity,2679,10.630952380952381,2016-01-04,2026-08-28,0.1501444509182739,-0.4428946600525234,0.3390071374996214,0.15553372891063888,0.005389277992364994,-0.30399889695271887,0.13889576309980456,0.6785114662162091,0.5116259646653558,0.5490854796565883,103,0.34951456310679613,True,True,0.12902256166093884,-0.021121889257335047,-0.1710069921300129,0.2718876679225105,0.8149126576474771,0.7544870537389826,0.2967525195968645,55,0.36363636363636365,False
QQQ,"Invesco QQQ Trust, Series 1",Broad index ETF,2679,10.630952380952381,2016-01-04,2026-08-28,0.20204933100582867,-0.35002552322613567,0.5772417083862017,0.15009890486850508,-0.05195042613732359,-0.1665758939121289,0.18344962931400677,0.9636350021533782,0.901084192576414,0.58006718924972,102,0.35294117647058826,False,True,0.1665306850144459,-0.03551864599138277,-0.14213418169560355,0.20789134153053213,1.6157798585889898,1.1716441676998586,0.45278088839119074,62,0.43548387096774194,False
QUAL,iShares MSCI USA Quality Factor ETF,Factor/style ETF,2679,10.630952380952381,2016-01-04,2026-08-28,0.14239217329709475,-0.34054221854304656,0.41813368664330686,0.10953079144544953,-0.03286138185164522,-0.12798366622391688,0.21255855231912968,0.8776280087910334,0.855818517136533,0.6360582306830908,108,0.39814814814814814,False,True,0.13031192237440536,-0.012080250922689384,-0.07756989515670021,0.26297232338634635,1.5380177232347012,1.6799290770106126,0.5251959686450168,60,0.5333333333333333,False
RBLX,Roblox Corporation,Individual equity,1375,5.4563492063492065,2021-03-10,2026-08-28,-0.10247174271017812,-0.8278652019002374,-0.12377829443123105,0.14500286045473842,0.24747460316491654,-0.6129300425716603,0.2149351593285771,0.5302057456553276,0.23657326347775737,0.5294545454545454,48,0.25,True,True,0.21929618795429207,0.3217679306644702,-0.4135324859987022,0.4143327159015352,0.9021846847913815,0.5302997838844039,0.248,22,0.2727272727272727,True
RCL,Royal Caribbean Group,Individual equity,2679,10.630952380952381,2016-01-04,2026-08-28,0.11667977189886458,-0.8329744693940326,0.14007604816957486,0.30715754606582757,0.190477774166963,-0.5632320028813751,0.26974246651265754,0.9142525856176436,0.5453481771179104,0.5472191116088092,96,0.3125,True,True,0.19896632377512846,0.08228655187626388,-0.27089028313615093,0.5620841862578817,0.9442132010194678,0.734490441929683,0.3475177304964539,53,0.39622641509433965,True
RDDT,"Reddit, Inc.",Individual equity,612,2.4285714285714284,2024-03-21,2026-08-28,0.5791964000987679,-0.6141277804910535,0.9431203383042619,0.5648133561635789,-0.014383043935189077,-0.474188355255299,0.13993942523575453,1.0203688062107406,1.1911160405014334,0.6078431372549019,21,0.3333333333333333,False,True,0.5855736222237651,0.0063772221249971395,-0.24876667652220452,0.365361103968849,1.22177163494953,2.3539070039853094,0.3431372549019608,13,0.38461538461538464,True
RDW,Redwire Corporation,Individual equity,1412,5.603174603174603,2021-01-14,2026-08-28,0.007746874385574198,-0.8726307808946171,0.008877608440115002,0.5797834095441907,0.5720365351586165,-0.5367165191345975,0.3359142617600196,1.0456609006003676,1.0802414102681883,0.5049575070821529,51,0.3333333333333333,True,True,0.26101007327439296,0.25326319888881876,-0.3440869796151016,0.5285438012795155,0.7597583898314483,0.7585584132429565,0.17138810198300283,33,0.30303030303030304,True
REG,Regency Centers Corporation Common Stock,Individual equity,2679,10.630952380952381,2016-01-04,2026-08-28,0.049664997995940485,-0.5701420159334969,0.08710987194063165,0.06079290982642149,0.011127911830481008,-0.31615514349722507,0.2539868724362718,0.4054101158155409,0.19228822012492447,0.5255692422545726,89,0.30337078651685395,True,True,0.0749599075065015,0.025294909510561014,-0.14412202301077348,0.4260199929227234,0.6795502897337607,0.520114177837332,0.2993654348637551,43,0.3488372093023256,True
REGN,"Regeneron Pharmaceuticals, Inc. Common Stock",Individual equity,2679,10.630952380952381,2016-01-04,2026-08-28,0.04221243009927855,-0.5969190192603295,0.07071718061787671,0.13851001677543606,0.09629758667615751,-0.2853263682578331,0.31159265100249645,0.727560937202178,0.4854441516259461,0.5561776782381486,91,0.34065934065934067,True,True,0.08841078536798097,0.04619835526870242,-0.21166594116045412,0.3852530780998754,0.6441407589109127,0.4176901814400119,0.2989921612541993,51,0.3137254901960784,True
RF,Regions Financial Corp.,Individual equity,2679,10.630952380952381,2016-01-04,2026-08-28,0.1562996890725823,-0.6071625344352611,0.2574264388990355,0.1846406968462868,0.02834100777370452,-0.4420342906011736,0.16512824383408753,0.7847548567392574,0.41770672722057955,0.58006718924972,94,0.39361702127659576,True,True,0.15835033137829302,0.002050642305710726,-0.33069653672319177,0.27646599771206937,0.9682923099857519,0.4788387956745962,0.3732736095558044,52,0.4230769230769231,True
RIO,Rio Tinto plc,Individual equity,2679,10.630952380952381,2016-01-04,2026-08-28,0.21096462406782157,-0.39310716208939145,0.5366593245122531,0.2260386125072893,0.015073988439467723,-0.27221223294777963,0.12089492914161182,1.086364470860461,0.8303763944019806,0.5408734602463606,112,0.2767857142857143,True,True,0.19910128746313815,-0.011863336604683417,-0.22854395182748388,0.16456321026190757,1.2211310079128743,0.8711728569978938,0.3370660694288914,66,0.3333333333333333,False
RIVN,"Rivian Automotive, Inc. Class A Common Stock",Individual equity,1204,4.777777777777778,2021-11-10,2026-08-28,-0.3189858664117021,-0.951165629905238,-0.33536311277719505,0.17324477278079775,0.4922306391924999,-0.5863732553434344,0.3647923745618036,0.5690499680108452,0.2954513549212431,0.4850498338870432,41,0.3170731707317073,True,True,0.13735492442007735,0.4563407908317795,-0.25686559778080353,0.6943000321244345,0.6406016737703294,0.5347346067622855,0.1420265780730897,18,0.3333333333333333,True
RJF,"Raymond James Financial, Inc.",Individual equity,2679,10.630952380952381,2016-01-04,2026-08-28,0.17543407504734865,-0.45595685569537514,0.3847602527651348,0.09595493699400426,-0.07947913805334439,-0.39851466580262385,0.057442189892751294,0.552795529102583,0.24078144477003707,0.5789473684210527,102,0.35294117647058826,False,False,0.1360616176830305,-0.03937245736431816,-0.1922328166710512,0.26372403902432395,0.9675352901098164,0.7077959946654642,0.3967898469578201,58,0.4482758620689655,False
RKLB,Rocket Lab Corporation Common Stock,Individual equity,1446,5.738095238095238,2020-11-24,2026-08-28,0.389689991850211,-0.8296332046332052,0.46971359110740935,0.5608085921346864,0.17111860028447534,-0.3262186028585107,0.5034146017746945,1.1416453349981257,1.7191189810163074,0.5359612724757953,52,0.4423076923076923,True,True,0.34840193846741574,-0.04128805338279529,-0.36477523759527475,0.4648579670379305,1.0270011794915272,0.9551140059950409,0.21230982019363762,35,0.4,False
RL,Ralph Lauren Corporation,Individual equity,2679,10.630952380952381,2016-01-04,2026-08-28,0.1359180491605838,-0.5514477343366584,0.24647494349411173,0.1192643404473106,-0.016653708713273208,-0.5400118473428921,0.011435886993766298,0.5767494206474011,0.2208550442627255,0.5046659201194476,101,0.27722772277227725,False,False,0.10792125654450024,-0.027996792616083566,-0.21688043976312799,0.3345672945735304,0.6601189927410822,0.49760714549624413,0.3090705487122061,61,0.29508196721311475,False
RMBS,Rambus Inc. Common Stock,Individual equity,2679,10.630952380952381,2016-01-04,2026-08-28,0.20715039244320144,-0.5295262816353024,0.3911994543565846,0.20751806800203254,0.00036767555883110425,-0.41677648928361744,0.11274979235168492,0.7687195729360089,0.4979121263743262,0.5330347144456887,103,0.3300970873786408,True,True,0.17645197254138578,-0.030698419901815654,-0.2226067194146082,0.30691956222069416,0.862278047132941,0.7926623823638561,0.3154162000746547,66,0.3484848484848485,False
RMD,ResMed Inc.,Individual equity,2679,10.630952380952381,2016-01-04,2026-08-28,0.16819869774715523,-0.5399422860360363,0.311512363630526,0.12295663410621005,-0.045242063640945185,-0.1895181727669476,0.35042411326908873,0.7370866447496223,0.6487854558275583,0.5154908547965659,97,0.32989690721649484,False,True,0.13459958559061413,-0.0335991121565411,-0.1092498779793295,0.43069240805670683,1.0485394736575033,1.2320341961030006,0.3426651735722284,58,0.3793103448275862,False
ROK,"Rockwell Automation, Inc.",Individual equity,2679,10.630952380952381,2016-01-04,2026-08-28,0.16777599164226076,-0.4509205291886387,0.3720744139641359,0.10389869969478172,-0.06387729194747904,-0.28876290415621153,0.16215762503242714,0.5594063292357154,0.359806256964973,0.507652108995894,99,0.29292929292929293,False,False,0.13919689412159286,-0.028579097520667895,-0.13955402977065312,0.31136649941798555,0.9613830608803208,0.997440878993984,0.3340798805524449,59,0.3220338983050847,False
ROL,"Rollins, Inc.",Individual equity,2679,10.630952380952381,2016-01-04,2026-08-28,0.13165037075524788,-0.4459688607985203,0.29520081406473997,0.10961910875959169,-0.022031261995656193,-0.23590081940207952,0.21006804139644075,0.7688304118811372,0.4646830351731511,0.5852930197835013,106,0.3113207547169811,False,True,0.12514061796586273,-0.006509752789385148,-0.1529945095611075,0.2929743512374128,1.137302266420121,0.8179418877504251,0.3919372900335946,62,0.3387096774193548,False
ROP,"Roper Technologies, Inc. Common Stock",Individual equity,2679,10.630952380952381,2016-01-04,2026-08-28,0.08758622334163446,-0.4651242034960992,0.1883071718979445,0.08783736334253489,0.00025114000090042943,-0.23973438681399473,0.22538981668210445,0.6592774773473427,0.36639451064934714,0.5225830533781262,95,0.30526315789473685,True,True,0.09019672121702138,0.002610497875386919,-0.11801519619314804,0.34710900730295113,0.9052208390091274,0.7642805683210667,0.3374393430384472,53,0.33962264150943394,True
ROST,"Ross Stores, Inc. Common Stock",Individual equity,2679,10.630952380952381,2016-01-04,2026-08-28,0.1556933078074334,-0.5141923275417167,0.3027919699848145,0.0921113350122158,-0.0635819727952176,-0.40294752535820144,0.11124480218351529,0.5240182048973003,0.22859387194482245,0.5879059350503919,97,0.28865979381443296,False,False,0.14018230458576286,-0.015511003221670538,-0.149857542125582,0.36433478541613473,0.9975013603956829,0.9354370997776595,0.3967898469578201,52,0.40384615384615385,False
RSG,Republic Services Inc.,Individual equity,2679,10.630952380952381,2016-01-04,2026-08-28,0.18591505323225865,-0.34023539668700964,0.5464306625429869,0.15319836974942125,-0.032716683482837405,-0.09658372859648723,0.2436516680905224,1.1833408254972768,1.5861716251343096,0.5449794699514744,87,0.367816091954023,False,True,0.13766324447842937,-0.048251808753829284,-0.08570487761919654,0.2545305190678131,1.550707122228349,1.606247489088007,0.3878312803284808,54,0.48148148148148145,False
RSP,Invesco S&P 500 Equal Weight ETF,Broad index ETF,2679,10.630952380952381,2016-01-04,2026-08-28,0.12483779527274752,-0.39034508768621534,0.3198139267301353,0.11113095769447989,-0.013706837578267628,-0.14450722199779942,0.24583786568841592,0.8838562455646919,0.7690339358691167,0.6103023516237402,92,0.33695652173913043,False,True,0.11674494953738157,-0.00809284573536595,-0.0694148039986523,0.32093028368756304,1.378448677284706,1.681845122542566,0.49272116461366183,53,0.4716981132075472,False
RTX,RTX Corporation,Individual equity,2679,10.630952380952381,2016-01-04,2026-08-28,0.03348339970509384,-0.8400505651397978,0.039858790761627155,0.045290288258649,0.011806888553555162,-0.668351960574451,0.1716986045653468,0.3271192754963574,0.06776412867813215,0.5957446808510638,98,0.32653061224489793,True,True,0.12622237853205842,0.09273897882696458,-0.176629592825031,0.6634209723147668,1.058002806208268,0.7146162571811742,0.3964165733482643,50,0.46,True
RUN,Sunrun Inc. Common Stock,Individual equity,2679,10.630952380952381,2016-01-04,2026-08-28,-0.022720778600442637,-0.9412953367875647,-0.02413777877407073,0.13267836006424738,0.15539913866469002,-0.7640018591801712,0.17729347760739356,0.5007517081058415,0.1736623523490123,0.5251959686450168,101,0.33663366336633666,True,True,0.22352504764619896,0.2462458262466416,-0.48314821356710413,0.4581471232204606,0.8066363224352209,0.4626428109832051,0.24822695035460993,58,0.3275862068965517,True
RVTY,"Revvity, Inc.",Individual equity,2679,10.630952380952381,2016-01-04,2026-08-28,0.09168086970346523,-0.5900880503144647,0.155368117782774,0.031045754716575003,-0.060635114986890226,-0.5553942678067334,0.03469378250773125,0.2491490843092964,0.05589858685285951,0.5509518477043673,108,0.24074074074074073,False,False,0.09773119854974621,0.0060503288462809834,-0.32340677597297396,0.2666812743414907,0.7207622246675884,0.3021927980813651,0.3404255319148936,58,0.3448275862068966,True
S,"SentinelOne, Inc.",Individual equity,1297,5.146825396825397,2021-06-30,2026-08-28,-0.12369500771431863,-0.8435124508519011,-0.14664277639220796,0.09236660506551209,0.21606161277983071,-0.4435198764107747,0.39999257444112635,0.42117024303778783,0.20825809614891966,0.47031611410948343,42,0.23809523809523808,True,True,0.15714536904873588,0.2808403767630545,-0.22812422025602175,0.6153882305958793,0.7321316199795819,0.6888587668261312,0.2243639167309175,20,0.15,True
SBAC,SBA Communications Corporation Class A Common Stock,Individual equity,2679,10.630952380952381,2016-01-04,2026-08-28,0.06705320805728499,-0.5450410224926048,0.12302414917437664,0.12731992106066148,0.06026671300337649,-0.37567801845258153,0.16936300404002325,0.7246513574981143,0.33890702891026864,0.5823068309070548,86,0.4069767441860465,True,True,0.0892949570906425,0.022241749033357516,-0.22160264653610362,0.32343837595650116,0.7459811693612569,0.4029507701574066,0.3404255319148936,49,0.3877551020408163,True
SBUX,Starbucks Corporation Common Stock,Individual equity,2679,10.630952380952381,2016-01-04,2026-08-28,0.0818490845332307,-0.43679397525551344,0.18738601988580783,0.11099872846816461,0.02914964393493391,-0.3054235498708928,0.13137042538462063,0.6688687315340397,0.3634255725044302,0.5472191116088092,100,0.31,True,True,0.08717958413659188,0.005330499603361183,-0.15847267897340656,0.2783212962821069,0.7541161044772335,0.5501237481523333,0.3157894736842105,51,0.4117647058823529,True
SCCO,Southern Copper Corporation,Individual equity,2679,10.630952380952381,2016-01-04,2026-08-28,0.27123561314479616,-0.5482584419037481,0.49472218285042685,0.211796573914804,-0.05943903922999216,-0.34738392310201593,0.20087451880173213,0.9026529425059697,0.6096902010419345,0.5136244867487869,96,0.375,False,True,0.22404713632232132,-0.047188476822474845,-0.20547567492536278,0.3427827669783853,1.2211570194884043,1.0903827735507108,0.3113101903695409,56,0.4107142857142857,False
SCHD,Schwab US Dividend Equity ETF,Factor/style ETF,2679,10.630952380952381,2016-01-04,2026-08-28,0.13645318655724203,-0.33397068196303314,0.40857833913800223,0.11084397073463115,-0.025609215822610887,-0.10841069990392793,0.2255599820591052,0.9473843997979615,1.0224449323992886,0.5621500559910414,96,0.3854166666666667,False,True,0.12947013344862257,-0.006983053108619464,-0.07329903822758022,0.26067164373545293,1.6140444793860738,1.7663278615831397,0.45166106756252333,52,0.5769230769230769,False
SCHW,The Charles Schwab Corporation,Individual equity,2679,10.630952380952381,2016-01-04,2026-08-28,0.13777998084286103,-0.5095972901768908,0.27037031691246827,0.20393309498133827,0.06615311413847724,-0.31151829436588285,0.19807899581100796,0.9308417201372087,0.6546424356760757,0.5759611795446062,95,0.3473684210526316,True,True,0.2170606274286071,0.07928064658574607,-0.174933275408365,0.3346640147685258,1.3546610631745086,1.2408195463207319,0.3747667039940276,51,0.45098039215686275,True
SEDG,"SolarEdge Technologies, Inc. Common Stock",Individual equity,2679,10.630952380952381,2016-01-04,2026-08-28,0.010868754034470518,-0.9715879781717482,0.01118658760570753,0.1263376796585105,0.11546892562403999,-0.775568971368698,0.1960190068030503,0.484810373380541,0.16289676911075238,0.49234789100410603,91,0.26373626373626374,True,True,0.14947377141588802,0.1386050173814175,-0.4421275048950323,0.529460473276716,0.6104146333201008,0.33807842706229135,0.2631578947368421,50,0.3,True
SHOP,Shopify Inc. Class A subordinate voting shares,Individual equity,2679,10.630952380952381,2016-01-04,2026-08-28,0.46853419122489504,-0.8481604164202059,0.5524122349430277,0.2689075016550213,-0.19962668956987373,-0.634522780517514,0.2136376359026919,0.7841174154508759,0.4237948737407056,0.5658827920865995,103,0.33980582524271846,False,False,0.3371951785863474,-0.13133901263854764,-0.46268335406906136,0.38547706235114454,1.169502262230767,0.7287817372742931,0.3743934303844718,66,0.4090909090909091,False
SHV,iShares Trust iShares 0-1 Year Treasury Bond ETF,Bond ETF,2679,10.630952380952381,2016-01-04,2026-08-28,0.02190874900684081,-0.0045156434791967515,4.851744631251971,0.017883449166231857,-0.0040252998406089535,-0.007756446554547103,-0.0032408030753503514,6.32955466088554,2.3056239787725925,0.7383351997013811,31,0.0967741935483871,False,False,0.018209100793518784,-0.0036996482133220265,-0.007756446554548435,-0.0032408030753516837,6.71637053191688,2.3476086201923017,0.6670399402762225,26,0.11538461538461539,False
SHW,The Sherwin-Williams Company,Individual equity,2679,10.630952380952381,2016-01-04,2026-08-28,0.1517322220679196,-0.4245921091664199,0.35735996687693455,0.22490589912372783,0.07317367705580824,-0.17898329673531432,0.24560881243110555,1.2612002604452761,1.2565747934363125,0.5356476297125793,83,0.40963855421686746,True,True,0.1752474688001029,0.023515246732183304,-0.1419824852039545,0.28260962396246536,1.4026417064939842,1.2342893459595667,0.3624486748786861,44,0.5,True
SHY,iShares 1-3 Year Treasury Bond ETF,Bond ETF,2679,10.630952380952381,2016-01-04,2026-08-28,0.016755121620984692,-0.0570245726495745,0.29382283535814824,0.006247577128860371,-0.010507544492124321,-0.0208425779014918,0.0361819947480827,0.540906812396913,0.29975069103199575,0.5072788353863382,82,0.2804878048780488,False,True,0.006180074351718856,-0.010575047269265836,-0.015497043432839419,0.04152752921673508,0.6456001761675239,0.39879054211223325,0.3505039193729003,52,0.3269230769230769,False
SIL,Global X Silver Miners ETF (NEW),Thematic/industry ETF,2679,10.630952380952381,2016-01-04,2026-08-28,0.18523056714146113,-0.6787564766839371,0.2728969424297865,0.2195427876385918,0.034312220497130674,-0.26276125773702574,0.4159952189469114,0.8946012309155199,0.8355219088588492,0.5311683463979097,108,0.26851851851851855,True,True,0.22234921926562334,0.03711865212416221,-0.21670081181288137,0.46205566487105576,1.1293723167489564,1.0260654651244192,0.2960059723777529,56,0.32142857142857145,True
SJM,The J.M. Smucker Company,Individual equity,2679,10.630952380952381,2016-01-04,2026-08-28,0.03938397443607178,-0.3810934744268072,0.10334465709576421,0.04287035155220176,0.0034863771161299795,-0.24961712494185928,0.1314763494849479,0.3594882358203202,0.1717444328476546,0.5304217991787981,94,0.2553191489361702,True,True,0.040358255917624763,0.0009742814815529854,-0.1800715502537834,0.20102192417302378,0.4101907437436794,0.2241234434909121,0.27584919746173947,50,0.3,True
SKYY,First Trust Cloud Computing ETF,Thematic/industry ETF,2679,10.630952380952381,2016-01-04,2026-08-28,0.17970183386951333,-0.5320404721753802,0.337759706765836,0.14517381622198067,-0.03452801764753266,-0.25404378640526915,0.27799668577011105,0.825995737040353,0.571451946438827,0.5337812616648003,110,0.35454545454545455,False,True,0.18828458127059888,0.008582747401085555,-0.10587327868851615,0.42616719348686405,1.4809799410086528,1.7783956783329664,0.4091078760731616,62,0.45161290322580644,True
SLB,SLB Limited,Individual equity,2679,10.630952380952381,2016-01-04,2026-08-28,0.01017569685197417,-0.8428378985181857,0.012073136328900629,0.1664594782109694,0.15628378135899523,-0.36421976888457896,0.4786181296336067,0.6994463365602234,0.457030321887114,0.5576707726763718,101,0.31683168316831684,True,True,0.07437552849957951,0.06419983164760534,-0.29346390689381585,0.5493739916243698,0.5096842581261039,0.25344012245598174,0.2866741321388578,53,0.2830188679245283,True
SLV,iShares Silver Trust,Commodity ETF,2679,10.630952380952381,2016-01-04,2026-08-28,0.1531865078447061,-0.52282196969697,0.2929993701938228,0.24526833387154423,0.09208182602683812,-0.3266950115377053,0.19612695815926473,1.1440201825032352,0.7507562870859347,0.5289287047405749,104,0.3269230769230769,True,True,0.23711147919680053,0.08392497135209442,-0.16779381851747588,0.35502815117949416,1.450527163896477,1.413112123508323,0.2795819335572975,58,0.3793103448275862,True
SMCI,"Super Micro Computer, Inc. Common Stock",Individual equity,2679,10.630952380952381,2016-01-04,2026-08-28,0.29549768537215826,-0.8484134332126925,0.3482944444351798,0.27087258127857483,-0.024625104093583428,-0.41060737506205713,0.43780605815063534,0.8156651075630893,0.6596875695124486,0.404628592758492,84,0.2619047619047619,False,True,0.30046209867090634,0.004964413298748083,-0.30793688997081925,0.5404765432418732,1.1199633139843743,0.9757262233160138,0.2206047032474804,48,0.2916666666666667,True
SMH,VanEck Semiconductor ETF,Thematic/industry ETF,2679,10.630952380952381,2016-01-04,2026-08-28,0.3432470873584048,-0.4530440414507768,0.7576461799590815,0.1788256775917776,-0.16442140976662722,-0.30244617362876935,0.15059786782200746,0.7948798675175035,0.5912644734308098,0.606942889137738,107,0.34579439252336447,False,False,0.24107347225857367,-0.10217361509983114,-0.18906688754763834,0.2639771539031385,1.35055940718073,1.2750697670306308,0.44419559537140724,67,0.44776119402985076,False
SNA,Snap-on Incorporated,Individual equity,2679,10.630952380952381,2016-01-04,2026-08-28,0.10917329922474228,-0.4738355000979938,0.2304033767038649,0.05434274849690657,-0.054830550727835714,-0.2581808469250274,0.2156546531729664,0.38022598154095916,0.21048326839165976,0.5207166853303471,102,0.2549019607843137,False,False,0.06873439586409757,-0.04043890336064471,-0.16226655702495096,0.31156894307304284,0.6245764655482751,0.42358941438270986,0.3105636431504293,56,0.2857142857142857,False
SNAP,Snap Inc.,Individual equity,2387,9.472222222222221,2017-03-02,2026-08-28,-0.14698869133355064,-0.9527132715678017,-0.15428429068870161,0.3351346980102079,0.48212338934375853,-0.7402965227579392,0.2124167488098625,0.8548234441531206,0.45270332590740753,0.5286971093422707,85,0.3058823529411765,True,True,0.21767011455869567,0.3646588058922463,-0.3240249492178525,0.6286883223499492,0.8623504864051178,0.6717696124453335,0.2446585672392124,45,0.28888888888888886,True
SNDK,Sandisk Corporation Common Stock,Individual equity,387,1.5357142857142858,2025-02-13,2026-08-28,10.269383559580366,-0.5649293361884368,18.178173625869075,2.800274434386501,-7.469109125193865,-0.43473655058927796,0.1301927855991588,2.1427685809415262,6.441313550909802,0.5478036175710594,15,0.4666666666666667,False,False,3.7375478507702713,-6.531835708810094,-0.2850795592950718,0.279849776893365,2.8526240698470766,13.110543105974568,0.4005167958656331,11,0.5454545454545454,False
SNOW,Snowflake Inc.,Individual equity,1495,5.932539682539683,2020-09-16,2026-08-28,0.04408849282093885,-0.7298763343203367,0.0604054286292132,0.15214738782318027,0.10805889500224142,-0.7056216835796689,0.024254650740667794,0.5310260278842788,0.21562175789627916,0.5585284280936454,54,0.3148148148148148,True,True,0.283114272398854,0.23902577957791515,-0.2784481885840506,0.4514281457362861,0.9213557283849465,1.01675745796204,0.28494983277591973,27,0.37037037037037035,True
SNPS,"Synopsys, Inc. Common Stock",Individual equity,2679,10.630952380952381,2016-01-04,2026-08-28,0.2401128032892994,-0.42305725575269215,0.5675657373186925,0.2875771513798353,0.0474643480905359,-0.17556419780426336,0.2474930579484288,1.117238116368976,1.6380170614310285,0.5666293393057111,95,0.3894736842105263,True,True,0.21675864014999902,-0.023354163139300388,-0.142297080147893,0.28076017560479916,1.3783771463373893,1.523282416791098,0.3882045539380366,60,0.38333333333333336,False
SO,The Southern Company,Individual equity,2679,10.630952380952381,2016-01-04,2026-08-28,0.1062349607974249,-0.38432087511394675,0.2764225616574365,0.03934095440152108,-0.06689400639590382,-0.3727995324935821,0.011521342620364639,0.33303782551127614,0.1055284434998543,0.5912653975363942,98,0.336734693877551,False,False,0.06288516501931807,-0.043349795778106825,-0.19479513022013462,0.18952574489381213,0.6259943469840805,0.32282719259076254,0.4072415080253826,55,0.43636363636363634,False
SOLV,Solventum Corporation,Individual equity,606,2.4047619047619047,2024-04-01,2026-08-28,0.12190841292521903,-0.31458749643162953,0.3875183035181878,0.2142753120344465,0.09236689910922746,-0.1409319228105833,0.17365557362104622,1.0156778994003366,1.5204171472380952,0.5313531353135313,21,0.38095238095238093,True,True,0.2189417398522271,0.09703332692700806,-0.09665577232234346,0.21793172410928607,1.2968212732157554,2.265169835093391,0.3184818481848185,9,0.6666666666666666,True
SOXX,iShares Semiconductor ETF,Thematic/industry ETF,2679,10.630952380952381,2016-01-04,2026-08-28,0.319540317143318,-0.4575009792401108,0.6984472856737062,0.2058602910395393,-0.1136800261037787,-0.2602768150926066,0.1972241641475042,0.8674624430531687,0.7909282698356906,0.5879059350503919,103,0.33980582524271846,False,True,0.26715677635559754,-0.05238354078772045,-0.1366304826000101,0.3208704966401007,1.436157694934889,1.9553233749287642,0.42777155655095184,64,0.421875,False
SPG,"Simon Property Group, Inc.",Individual equity,2679,10.630952380952381,2016-01-04,2026-08-28,0.062241411208210584,-0.7700345867981464,0.08082937088191636,0.14920591247600812,0.08696450126779753,-0.33564362999114716,0.43439095680699924,0.6865786208920226,0.4445367024541581,0.5546845837999254,95,0.29473684210526313,True,True,0.12020664346548027,0.05796523225726968,-0.21642479468945763,0.5536097921086888,0.8691066711393465,0.5554199260669818,0.3426651735722284,50,0.34,True
SPGI,S&P Global Inc.,Individual equity,2679,10.630952380952381,2016-01-04,2026-08-28,0.17292764242648628,-0.3976183360537021,0.4349086215257708,0.24487028520666465,0.07194264278017837,-0.26256125801419017,0.13505707803951195,1.2747588642682455,0.9326215415734739,0.6259798432250839,83,0.43373493975903615,True,True,0.21243523533819575,0.039507592911709466,-0.13125047574403947,0.26636786030966264,1.609673850602364,1.6185483072265598,0.46435237028742066,47,0.5531914893617021,True
SPLV,Invesco S&P 500 Low Volatility ETF,Factor/style ETF,2679,10.630952380952381,2016-01-04,2026-08-28,0.08883369371060734,-0.36259259259259236,0.24499588663803878,0.06300641522316908,-0.025827278487438265,-0.21740321938576002,0.14518937320683234,0.6418832768952574,0.28981362558100193,0.555431131019037,93,0.3763440860215054,False,True,0.07940802224444377,-0.009425671466163577,-0.07745547087939364,0.2851371217131987,1.204869438316323,1.0252086953043054,0.42702500933184023,53,0.49056603773584906,False
SPOT,Spotify Technology S.A.,Individual equity,2114,8.38888888888889,2018-04-03,2026-08-28,0.16780962385175102,-0.8051235634548399,0.20842716754142498,0.23395065501498413,0.06614103116323311,-0.41919614841013386,0.38592741504470607,0.795412924336547,0.5580935223338243,0.5085146641438032,74,0.3918918918918919,True,True,0.21006327793059865,0.042253654078847624,-0.3064980183894066,0.49862554506543333,0.9299726424190902,0.6853658598983589,0.29517502365184484,41,0.4146341463414634,True
SPY,State Street SPDR S&P 500 ETF Trust,Broad index ETF,2679,10.630952380952381,2016-01-04,2026-08-28,0.1518941033063903,-0.3379381911340269,0.44947303173007996,0.11653531926147687,-0.03535878404491344,-0.10422297838673567,0.23371521274729123,0.9706212648835607,1.1181346097120188,0.6009705113848451,107,0.38317757009345793,False,True,0.12665659073852353,-0.02523751256786677,-0.0737246874116747,0.2642135037223522,1.6154456335495655,1.7179671448626146,0.503919372900336,64,0.515625,False
SRE,Sempra,Individual equity,2679,10.630952380952381,2016-01-04,2026-08-28,0.09017865032346384,-0.44993876301285995,0.2004242748937957,0.038844638564744516,-0.05133401175871932,-0.4126351054979436,0.03730365751491638,0.3061336034164671,0.0941379878909457,0.5349010824934677,94,0.3723404255319149,False,False,0.05196363247962377,-0.03821501784384007,-0.16593681460553256,0.2840019484073274,0.5130507293587379,0.31315312761157,0.3583426651735722,52,0.46153846153846156,False
STE,STERIS plc,Individual equity,2679,10.630952380952381,2016-01-04,2026-08-28,0.12488214319578983,-0.3617847940779515,0.34518350477959076,0.059963156879419666,-0.06491898631637016,-0.3407222522211817,0.021062541856769812,0.43233019251904387,0.17598837906393697,0.5251959686450168,95,0.29473684210526313,False,False,0.08031629156356423,-0.044565851632225595,-0.21455488972349146,0.14722990435446004,0.7358781031568595,0.37433913376233097,0.3452780888391191,57,0.3508771929824561,False
STLD,"Steel Dynamics, Inc.",Individual equity,2679,10.630952380952381,2016-01-04,2026-08-28,0.3002988292973221,-0.6846100759144238,0.43864214077804403,0.24672179988084397,-0.05357702941647813,-0.3040364337297622,0.3805736421846616,0.9069093104551085,0.8114876130277814,0.5957446808510638,96,0.3333333333333333,False,True,0.25853885981598856,-0.041759969481333536,-0.19410485987495385,0.49050521603946995,1.2154807496850377,1.3319545939372377,0.3826054497946995,55,0.43636363636363634,False
STM,STMicroelectronics N.V.,Individual equity,2679,10.630952380952381,2016-01-04,2026-08-28,0.22137512819027716,-0.6673604541154217,0.3317174801490257,0.41308150148712675,0.19170637329684959,-0.30223643276257495,0.3651240213528467,1.283233224329314,1.3667495268898548,0.5304217991787981,100,0.42,True,True,0.3564607531492896,0.13508562495901244,-0.15895370698674727,0.5084067471286744,1.5406372511004134,2.2425444483594803,0.3314669652855543,60,0.45,True
STT,State Street Corporation,Individual equity,2679,10.630952380952381,2016-01-04,2026-08-28,0.1392693248677812,-0.5959816303099869,0.23368056628749329,0.2155885109690756,0.0763191861012944,-0.3528368922393659,0.24314473807062098,1.0399219735824086,0.611014652126625,0.5390070921985816,94,0.3404255319148936,True,True,0.18211830651395222,0.042848981646171014,-0.16085766254202294,0.4351239677679639,1.2931215586157476,1.1321705390713053,0.3493840985442329,53,0.39622641509433965,True
STX,Seagate Technology Holdings PLC Ordinary Shares (Ireland),Individual equity,2679,10.630952380952381,2016-01-04,2026-08-28,0.4008497179686139,-0.5699009123908566,0.703367391160971,0.3980314805164422,-0.00281823745217169,-0.2861942239000177,0.2837066884908389,1.325827255602595,1.3907739824109624,0.5281821575214632,102,0.30392156862745096,False,True,0.35407219709901994,-0.04677752086959397,-0.2300046719220924,0.3398962404687642,1.4954427058465416,1.5394130655700415,0.3266144083613289,62,0.3709677419354839,False
STZ,"Constellation Brands, Inc.",Individual equity,2679,10.630952380952381,2016-01-04,2026-08-28,0.00898895448781456,-0.5353066165933694,0.016792160248306376,0.08184783733654322,0.07285888284872866,-0.3003319956854976,0.2349746209078718,0.5353930662210009,0.27252453455626097,0.49832026875699886,96,0.2916666666666667,True,True,0.05398654168236372,0.04499758719454916,-0.17846885052348616,0.35683776606988327,0.5283270112570658,0.3024983997151884,0.2941396043299739,51,0.3137254901960784,True
SW,Smurfit WestRock plc,Individual equity,2679,10.630952380952381,2016-01-04,2026-08-28,-0.12370510508656496,-0.9034998473903751,-0.13691768232597798,0.004111577674781763,0.12781668276134672,-0.48309355518099284,0.4204062922093823,0.1446930001149875,0.008510934643376364,0.5177304964539007,110,0.2545454545454545,True,True,0.03153749226437852,0.15524259735094348,-0.24470451291170725,0.6587953344786679,0.2734010851716935,0.1288798963661029,0.2859275849197462,60,0.2833333333333333,True
SWK,"Stanley Black & Decker, Inc.",Individual equity,2679,10.630952380952381,2016-01-04,2026-08-28,0.019980463274226423,-0.713073282193569,0.02802021022686779,0.18932016137829688,0.16933969810407046,-0.3645414563115661,0.34853182588200293,0.7787469221395679,0.5193378094602464,0.5684957073534901,95,0.3368421052631579,True,True,0.10662939425051055,0.08664893097628412,-0.1821653875743141,0.5309078946192549,0.7103174007484152,0.5853438771787052,0.3217618514371034,54,0.3333333333333333,True
SWKS,"Skyworks Solutions, Inc. Common Stock",Individual equity,2679,10.630952380952381,2016-01-04,2026-08-28,0.005627322148811453,-0.7287919229430196,0.007721438687310237,0.18709538641504442,0.18146806426623296,-0.319678287804291,0.40911363513872867,0.7435789758948512,0.5852614755293778,0.543859649122807,102,0.3431372549019608,True,True,0.14768133857387622,0.14205401642506477,-0.19720789604460132,0.5315840268984183,0.8576001840127231,0.7488611842422173,0.3038447181784248,57,0.3333333333333333,True
SYF,SYNCHRONY FINANCIAL,Individual equity,2679,10.630952380952381,2016-01-04,2026-08-28,0.11908497221998515,-0.6636977886977884,0.17942650141058392,0.1381914526793846,0.019106480459399444,-0.47620196730265973,0.18749582139512866,0.6115266933819139,0.2901950478326232,0.5837999253452781,101,0.27722772277227725,True,True,0.20552700587751516,0.08644203365753,-0.21007462732311388,0.4536231613746745,1.1035107188752222,0.9783523526684444,0.3725270623366928,50,0.38,True
SYK,Stryker Corporation,Individual equity,2679,10.630952380952381,2016-01-04,2026-08-28,0.142490978259465,-0.4380594172538561,0.3252777423499407,0.07577957194112916,-0.06671140631833583,-0.27686459041359934,0.16119482684025677,0.5095430793467052,0.2737062613457519,0.52668906308324,104,0.2980769230769231,False,False,0.08316357897443227,-0.05932739928503272,-0.15102317558684386,0.28703624166701225,0.6989243119140925,0.5506676617762561,0.3699141470698022,61,0.2786885245901639,False
SYY,Sysco Corporation,Individual equity,2679,10.630952380952381,2016-01-04,2026-08-28,0.09664333566496275,-0.6614481409001958,0.14610871161182237,0.07746539600513302,-0.019177939659829724,-0.3591428560245379,0.3023052848756579,0.4968677765964373,0.21569521627861735,0.47293766330720416,94,0.3404255319148936,False,True,0.02916494142898829,-0.06747839423597446,-0.34612604672520697,0.3153220941749888,0.315540831448785,0.08426104219814072,0.3060843598357596,56,0.35714285714285715,False
T,AT&T Inc.,Individual equity,2679,10.630952380952381,2016-01-04,2026-08-28,0.05964157700880013,-0.42999006951340635,0.13870454514517713,0.13885883991215175,0.07921726290335163,-0.2376037514895648,0.19238631802384154,0.9286699026756431,0.584413499541274,0.49421425905188504,95,0.30526315789473685,True,True,0.10313730590618331,0.04349572889738318,-0.1324633625161662,0.29752670699724015,1.064035198374148,0.7786100544865464,0.2706233669279582,51,0.3137254901960784,True
TAN,Invesco Solar ETF,Thematic/industry ETF,2679,10.630952380952381,2016-01-04,2026-08-28,0.05221450529891736,-0.7852841705848385,0.0664912235019722,0.26967843007342207,0.2174639247745047,-0.4208908438182528,0.36439332676658565,1.0209466105573233,0.6407324702693542,0.5218365061590146,92,0.32608695652173914,True,True,0.19381000592208508,0.14159550062316772,-0.2568045255342346,0.5284796450506039,1.0677542111441918,0.7546985611678727,0.2866741321388578,50,0.36,True
TAP,Molson Coors Beverage Company Class B,Individual equity,2679,10.630952380952381,2016-01-04,2026-08-28,-0.04772794372495537,-0.6773549447968039,-0.07046223562931694,0.0620228786379462,0.10975082236290157,-0.34329136666840765,0.33406357812839627,0.42107532691059846,0.18067124507053334,0.503919372900336,99,0.3434343434343434,True,True,0.08761297354364528,0.13534091726860065,-0.15157144326612115,0.5257835015306828,0.7362788138202042,0.5780308721466684,0.24412094064949608,49,0.32653061224489793,True
TDG,TransDigm Group Incorporated,Individual equity,2679,10.630952380952381,2016-01-04,2026-08-28,0.22730295132737566,-0.6264243134955536,0.3628578048942365,0.17910191298901057,-0.04820103833836509,-0.34427641886569227,0.28214789462986134,0.8969603075172512,0.5202270709655578,0.5169839492347891,91,0.3076923076923077,False,True,0.17641356912003925,-0.05088938220733641,-0.2668689383750863,0.3595553751204673,1.2137823147602256,0.6610494656822468,0.3971631205673759,52,0.4423076923076923,False
TDY,Teledyne Technologies Incorporated,Individual equity,2679,10.630952380952381,2016-01-04,2026-08-28,0.20244230606657454,-0.4894686088412932,0.4135960966849563,0.10558625659014775,-0.09685604947642679,-0.3752578392350451,0.1142107696062481,0.6226520867594532,0.28136988904850874,0.5203434117207913,94,0.3404255319148936,False,False,0.12674652276823628,-0.07569578329833826,-0.16228436132326685,0.3271842475180263,1.046523626149406,0.7810150142302377,0.3609555804404629,54,0.42592592592592593,False
TEAM,Atlassian Corporation Class A Common Stock,Individual equity,2679,10.630952380952381,2016-01-04,2026-08-28,0.20000521521532755,-0.8752537489358915,0.22851112087036266,0.15531449960515298,-0.04469071561017457,-0.43342824462550167,0.4418255043103898,0.5751563699440522,0.35833959030369733,0.48077640910787606,106,0.2641509433962264,False,True,0.2034636915481245,0.0034584763327969448,-0.3984666439564132,0.4767871049794783,0.8634312476915095,0.5106166215769384,0.2926465098917507,60,0.31666666666666665,True
TECH,Bio-Techne Corp Common Stock,Individual equity,2679,10.630952380952381,2016-01-04,2026-08-28,0.1254830895620631,-0.6721597812879705,0.18668639965577313,0.12409841528573162,-0.0013846742763314879,-0.2591077642914318,0.4130520169965387,0.6278214442786643,0.47894518184392104,0.5263157894736842,93,0.27956989247311825,False,True,0.08455214394162636,-0.040930945620436754,-0.3637322399239832,0.3084275413639873,0.595066669567839,0.23245710624743357,0.3195222097797686,56,0.30357142857142855,False
TEL,TE Connectivity plc,Individual equity,2679,10.630952380952381,2016-01-04,2026-08-28,0.13529663140334236,-0.4770871884184186,0.283588900913188,0.0695475731986992,-0.06574905820464316,-0.2956518632649823,0.1814353251534363,0.47533624732997215,0.23523468592642074,0.48973497573721536,101,0.27722772277227725,False,False,0.12685355224343842,-0.008443079159903943,-0.12535546960919486,0.3517317188092237,1.0951197759700162,1.0119506762562012,0.3180291153415454,54,0.3148148148148148,False
TER,"Teradyne, Inc. Common Stock",Individual equity,2679,10.630952380952381,2016-01-04,2026-08-28,0.3163213553646653,-0.5911809121111435,0.5350669294024772,0.3306041602550851,0.014282804890419776,-0.3540128326305919,0.23716807948055163,1.0503349743759045,0.9338762038608541,0.5602836879432624,91,0.4065934065934066,True,True,0.2877046000999286,-0.028616755264736726,-0.2587347612779871,0.33244615083315643,1.2275878514621836,1.1119673239067247,0.3878312803284808,54,0.46296296296296297,False
TFC,Truist Financial Corporation,Individual equity,2679,10.630952380952381,2016-01-04,2026-08-28,0.0731453518531,-0.5911219329462458,0.12373987121156531,0.04919839983710528,-0.023946952015994727,-0.45798754927751884,0.13313438366872699,0.32289704696340604,0.10742300727326841,0.5311683463979097,106,0.2830188679245283,False,False,0.05020144436835117,-0.022943907484748838,-0.2914711549442861,0.2996507780019597,0.4027437732662939,0.17223469120965687,0.3508771929824561,58,0.3448275862068966,False
TGT,Target Corporation,Individual equity,2679,10.630952380952381,2016-01-04,2026-08-28,0.11118561982845465,-0.6439625775990206,0.17265851106286978,0.24535426530007332,0.13416864547161866,-0.28459317589239597,0.3593694017066247,1.1118505289607963,0.8621227987309197,0.5949981336319522,98,0.37755102040816324,True,True,0.17363063527387768,0.062445015445423024,-0.21695413178524614,0.4270084458137745,1.1963984803323036,0.8003103413847283,0.3516237402015677,55,0.4,True
TIP,iShares TIPS Bond ETF,Bond ETF,2679,10.630952380952381,2016-01-04,2026-08-28,0.02719560973549351,-0.14507772020725285,0.18745545281965303,0.008955642247296502,-0.018239967488197006,-0.06930273508917029,0.07577498511808256,0.2584534709151952,0.12922494668895068,0.5363941769316909,104,0.3076923076923077,False,False,0.009697148025480162,-0.017498461710013347,-0.039200630562390204,0.10587708964486264,0.37313045742682266,0.24737224596544583,0.339678984695782,63,0.3492063492063492,False
TJX,"TJX Companies, Inc. (The)",Individual equity,2679,10.630952380952381,2016-01-04,2026-08-28,0.15028497120844952,-0.42551384406319026,0.35318468083997684,0.032458194660211825,-0.1178267765482377,-0.4549904600144409,-0.029476615951250618,0.273367001626473,0.07133818730876608,0.5472191116088092,96,0.2604166666666667,False,False,0.05741227329511678,-0.09287269791333275,-0.17488077795588286,0.2506330661073074,0.5428517058031093,0.32829378943865495,0.3882045539380366,56,0.32142857142857145,False
TKO,"TKO Group Holdings, Inc.",Individual equity,2679,10.630952380952381,2016-01-04,2026-08-28,0.265241243711134,-0.6907741721120828,0.3839767820214575,0.12949379422237195,-0.13574744948876205,-0.37882535412233975,0.31194881798974305,0.6406253030493051,0.34182979785601303,0.5408734602463606,104,0.2692307692307692,False,False,0.17134928579552566,-0.09389195791560834,-0.26677022214750323,0.4240039499645796,1.0615959412982923,0.6423103913778757,0.353116834639791,61,0.32786885245901637,False
TLT,iShares 20 Year Treasury Bond ETF,Bond ETF,2679,10.630952380952381,2016-01-04,2026-08-28,-0.00818789463486913,-0.48350102019277974,-0.01693459639775834,0.03983453525514813,0.04802242989001726,-0.187232746477081,0.29626827371569875,0.4430646211899115,0.21275410420807048,0.5255692422545726,111,0.24324324324324326,True,True,0.01989236054114185,0.028080255176010982,-0.15357735934241412,0.3299236608503656,0.33838310871949123,0.1295266478491149,0.24113475177304963,55,0.2545454545454545,True
TMO,"Thermo Fisher Scientific, Inc.",Individual equity,2679,10.630952380952381,2016-01-04,2026-08-28,0.15492344570147787,-0.4095423208916684,0.37828433790230437,0.12277484764050794,-0.032148598060969924,-0.2915568299667356,0.11798549092493282,0.7320191163306948,0.42110091420089735,0.5651362448674878,97,0.29896907216494845,False,True,0.1405913097133462,-0.014332135988131656,-0.14827991647000582,0.2612624044216626,1.0884529291157887,0.948148023416139,0.39380365808137363,52,0.40384615384615385,False
TMUS,"T-Mobile US, Inc. Common Stock",Individual equity,2679,10.630952380952381,2016-01-04,2026-08-28,0.16280272213073976,-0.37131978738643623,0.4384434324834656,0.010584140492196692,-0.15221858163854307,-0.3433952371118938,0.027924550274542437,0.1465630165346549,0.03082203638353871,0.505785740948115,101,0.22772277227722773,False,False,0.05602986538799826,-0.1067728567427415,-0.16988114257703324,0.201438644809403,0.4974589792569376,0.3298180394718696,0.339678984695782,58,0.3103448275862069,False
TPL,Texas Pacific Land Corporation,Individual equity,2679,10.630952380952381,2016-01-04,2026-08-28,0.3781719989803427,-0.6492747104464185,0.5824529939265999,0.4977938054981761,0.11962180651783338,-0.3875794810011488,0.2616952294452697,1.4101334031478994,1.2843657363189993,0.5136244867487869,87,0.4367816091954023,True,True,0.43171421009137156,0.05354221111102886,-0.21543747791017553,0.43383723253624296,1.7182744498875087,2.003895581582005,0.30869727510265027,50,0.54,True
TPR,"Tapestry, Inc. Common Stock",Individual equity,2679,10.630952380952381,2016-01-04,2026-08-28,0.1632257986990724,-0.7887247101614003,0.20694901097452717,0.20058306078718768,0.037357262088115295,-0.5565278858575771,0.23219682430382327,0.758858566217604,0.36041870656328545,0.5550578574094811,95,0.28421052631578947,True,True,0.19756751149511786,0.034341712796045476,-0.29763317352814667,0.49109153663325367,1.052043443711785,0.6637953328694869,0.3594624860022396,52,0.34615384615384615,True
TRGP,Targa Resources Corp.,Individual equity,2679,10.630952380952381,2016-01-04,2026-08-28,0.3108232055883502,-0.9198662207357858,0.33790044528401947,0.18688043743342342,-0.12394276815492677,-0.682890158178552,0.2369760625572338,0.6546702451097588,0.273661049577699,0.5550578574094811,100,0.32,False,False,0.3044445984250257,-0.006378607163324501,-0.2624973599885724,0.6573688607472135,1.2336050214747598,1.1598006107119685,0.3994027622247107,58,0.41379310344827586,False
TRI,Thomson Reuters Corporation Common Shares,Individual equity,2679,10.630952380952381,2016-01-04,2026-08-28,0.11271137680487708,-0.6409990574929311,0.17583703983234025,0.08988928448385192,-0.022822092321025167,-0.38199479814866655,0.2590042593442645,0.5971326414858343,0.23531546743437165,0.522956326987682,103,0.2912621359223301,False,True,0.05583614228984035,-0.05687523451503673,-0.20651016728501548,0.4344888902079156,0.5439789608289489,0.27037962839271723,0.3602090332213512,62,0.3548387096774194,False
TRMB,Trimble Inc. Common Stock,Individual equity,2679,10.630952380952381,2016-01-04,2026-08-28,0.10264890336707788,-0.5735478478896783,0.17897182204547712,0.13762482753319638,0.0349759241661185,-0.3294272204896278,0.24412062740005047,0.6843239785303347,0.4177700535148387,0.5561776782381486,99,0.37373737373737376,True,True,0.12069050735051845,0.01804160398344057,-0.1846543443049612,0.3888935035847171,0.8088008471027087,0.6536023173719385,0.3557297499066816,55,0.4,True
TROW,"T. Rowe Price Group, Inc. Common Stock",Individual equity,2679,10.630952380952381,2016-01-04,2026-08-28,0.08299377659483476,-0.5816099621970197,0.1426966214287793,0.16469937018520087,0.08170559359036611,-0.23223094562142943,0.34937901657559023,0.85419476290171,0.7092050964374276,0.5804404628592759,92,0.3695652173913043,True,True,0.12290869379255565,0.03991491719772089,-0.1867930161583996,0.39481694603862005,0.9739269395283723,0.6579940530984822,0.3486375513251213,54,0.4074074074074074,True
TRV,"The Travelers Companies, Inc.",Individual equity,2679,10.630952380952381,2016-01-04,2026-08-28,0.14505546219262055,-0.4628272251308898,0.31341168867410113,0.07592754415889869,-0.06912791803372187,-0.36330915675543174,0.09951806837545807,0.5542209620374136,0.20898879851247656,0.5166106756252333,98,0.29591836734693877,False,False,0.09709234437271452,-0.04796311781990603,-0.1536534021181455,0.3091738230127443,0.9646066512135091,0.6318919271182771,0.353116834639791,57,0.3684210526315789,False
TSCO,Tractor Supply Company Common Stock,Individual equity,2679,10.630952380952381,2016-01-04,2026-08-28,0.08838952358630214,-0.5269695979078125,0.16773173241346062,0.18653756181667824,0.0981480382303761,-0.35741842372202337,0.16955117418578913,0.9466155434952589,0.5219024802195282,0.5643896976483762,84,0.3333333333333333,True,True,0.14743030428555626,0.059040780699254114,-0.27400766448970804,0.25296193341810447,1.143851591548802,0.5380517532606971,0.3318402388951101,44,0.36363636363636365,True
TSLA,"Tesla, Inc. Common Stock",Individual equity,2679,10.630952380952381,2016-01-04,2026-08-28,0.3453435192126053,-0.7363221699148724,0.4690114372795961,0.4974060923772541,0.15206257316464877,-0.40385807608502833,0.3324640938298441,1.2387593873970404,1.2316358687167375,0.5027995520716685,101,0.36633663366336633,True,True,0.41797642413604374,0.07263290492343843,-0.2681056782064788,0.46821649170839363,1.466193377466118,1.558998775901134,0.2777155655095185,56,0.42857142857142855,True
TSM,Taiwan Semiconductor Manufacturing Company Ltd.,Individual equity,2679,10.630952380952381,2016-01-04,2026-08-28,0.3447498468930055,-0.566202484004516,0.6088808449845228,0.22938886941608128,-0.1153609774769242,-0.2639552747601408,0.3022472092443752,0.9697698911302162,0.8690444607501387,0.5360209033221351,102,0.3333333333333333,False,True,0.251286271672996,-0.09346357522000948,-0.17905704918208676,0.38714543482242925,1.2860273251514431,1.403386645880989,0.3714072415080254,66,0.36363636363636365,False
TSN,"Tyson Foods, Inc.",Individual equity,2679,10.630952380952381,2016-01-04,2026-08-28,0.028978915532288596,-0.5244219277734479,0.05525877923397511,0.16947862116742818,0.14049970563513958,-0.26360131811389154,0.26082060965955634,0.9891984171444791,0.6429354085938344,0.5072788353863382,87,0.3448275862068966,True,True,0.12398962160698535,0.09501070607469675,-0.10521524601968779,0.4192066817537601,1.1659561563214342,1.1784377863240894,0.2788353863381859,46,0.41304347826086957,True
TT,Trane Technologies plc,Individual equity,2679,10.630952380952381,2016-01-04,2026-08-28,0.2514862751422051,-0.4442108803497852,0.5661416373776733,0.14066165791857932,-0.1108246172236258,-0.20493522207439407,0.2392756582753911,0.8095795229711706,0.686371315261353,0.5931317655841732,100,0.36,False,True,0.1855136628818077,-0.06597261226039741,-0.11711471500895998,0.3270961653408252,1.345074308786328,1.584033764396001,0.41209406494960804,56,0.44642857142857145,False
TTD,"The Trade Desk, Inc. Class A Common Stock",Individual equity,2498,9.912698412698413,2016-09-21,2026-08-28,0.16406525804903693,-0.9066016772991186,0.18096730036702355,0.18746549201285245,0.02340023396381552,-0.6802533752114166,0.22634830208770196,0.6026915647720125,0.275581862353259,0.5176140912730184,96,0.3333333333333333,True,True,0.27112271031427615,0.10705745226523922,-0.313004967479648,0.5935967098194705,0.9343081827324208,0.8661929952658176,0.2878302642113691,51,0.37254901960784315,True
TTWO,"Take-Two Interactive Software, Inc. Common Stock",Individual equity,2679,10.630952380952381,2016-01-04,2026-08-28,0.1990571465774631,-0.561404331114653,0.3545700229676542,0.032358374112767097,-0.166698772464696,-0.30544029375051596,0.2559640373641371,0.25537055992734076,0.10594009623104102,0.5449794699514744,105,0.22857142857142856,False,False,0.09175935454264339,-0.1072977920348197,-0.37127293078136336,0.19013140033328968,0.6498550720324736,0.2471479791148011,0.356849570735349,58,0.3103448275862069,False
TXN,Texas Instruments Incorporated Common Stock,Individual equity,2679,10.630952380952381,2016-01-04,2026-08-28,0.19037677894296556,-0.3341276271267206,0.5697726362231149,0.06037738044428309,-0.12999939849868247,-0.4043662418032724,-0.07023861467655179,0.3789476009352892,0.14931360287404308,0.543859649122807,102,0.30392156862745096,False,False,0.13939193840177877,-0.05098484054118679,-0.1568544850152208,0.1772731421114998,0.9282417246448751,0.8886704029422715,0.3482642777155655,59,0.3898305084745763,False
TXT,"Textron, Inc.",Individual equity,2679,10.630952380952381,2016-01-04,2026-08-28,0.06888503124726064,-0.6996367700475001,0.09845827748959486,0.06533578276243368,-0.003549248484826961,-0.46926419974938616,0.23037257029811398,0.39807022602454567,0.13923027326040793,0.5009331840238895,105,0.24761904761904763,False,True,0.1004696825015563,0.03158465125429566,-0.15679728143873728,0.5428394886087629,0.7638981525958742,0.6407616355313603,0.3292273236282195,55,0.34545454545454546,True
TYL,"Tyler Technologies, Inc.",Individual equity,2679,10.630952380952381,2016-01-04,2026-08-28,0.07983674197729251,-0.5743730092463745,0.1389980738858969,0.07494830254649698,-0.0048884394307955326,-0.3023461121841686,0.27202689706220584,0.4581444104659543,0.2478890897755073,0.5617767823814857,97,0.3402061855670103,False,True,0.0857147613131275,0.005878019335834983,-0.19039088657466718,0.3839821226717073,0.6963812512404818,0.4502041187749395,0.341545352743561,58,0.3620689655172414,True
UAL,"United Airlines Holdings, Inc. Common Stock",Individual equity,2679,10.630952380952381,2016-01-04,2026-08-28,0.06681227439042003,-0.7940020682523269,0.08414622210932035,0.27354035749831707,0.20672808310789703,-0.6559364822250988,0.13806558602722807,0.8748433640244851,0.41702263086572117,0.5434863755132512,98,0.336734693877551,True,True,0.22027558970217398,0.15346331531175395,-0.29996115286856684,0.49404091538376005,1.0859181746399287,0.7343470565959971,0.318775662560657,52,0.4230769230769231,True
UBER,"Uber Technologies, Inc.",Individual equity,1836,7.285714285714286,2019-05-10,2026-08-28,0.09178507671326508,-0.6764769297110818,0.1356810153931869,0.05829581808976991,-0.033489258623495166,-0.5500783494399963,0.12639858027108541,0.3340830597501513,0.10597729968670389,0.5043572984749455,76,0.23684210526315788,False,False,0.08221847970119334,-0.009566597012071743,-0.35859031227815186,0.3178866174329299,0.47947160795367955,0.22928249003396942,0.26742919389978215,35,0.34285714285714286,False
UDR,"UDR, Inc.",Individual equity,2679,10.630952380952381,2016-01-04,2026-08-28,0.03760895791120533,-0.44428969359331516,0.08464962940515801,0.012573243042200088,-0.025035714869005243,-0.3670665186044427,0.07722317498887243,0.1580304826834791,0.034253309427409895,0.5528182157521463,96,0.2916666666666667,False,False,0.022212175224114672,-0.01539678268709066,-0.17194271034504482,0.27234698324827034,0.25951386797097303,0.12918358201717622,0.3351997013811124,52,0.3269230769230769,False
UHS,"Universal Health Services, Inc. Class B",Individual equity,2679,10.630952380952381,2016-01-04,2026-08-28,0.04031425939578592,-0.563010695542417,0.07160478426958883,0.13086020690307598,0.09054594750729006,-0.38814514599555217,0.17486554954686484,0.6645428771917186,0.33714245367524326,0.5487122060470325,91,0.3626373626373626,True,True,0.14024260362610996,0.09992834423032404,-0.12264854939305336,0.44036214614936364,1.0871538411884993,1.1434509769591543,0.3154162000746547,46,0.43478260869565216,True
ULTA,"Ulta Beauty, Inc. Common Stock",Individual equity,2679,10.630952380952381,2016-01-04,2026-08-28,0.10340007548679697,-0.6492262343404569,0.15926663159544097,0.15883006462121907,0.0554299891344221,-0.5064228420555958,0.14280339228486105,0.7402437348758739,0.31363132037354363,0.5472191116088092,103,0.30097087378640774,True,True,0.0936037958589011,-0.009796279627895865,-0.212265636722473,0.4369605976179839,0.6353224170909995,0.44097479603485473,0.3437849944008959,60,0.36666666666666664,False
UMC,United Microelectronic Corp.,Individual equity,2679,10.630952380952381,2016-01-04,2026-08-28,0.30208198067365877,-0.5444444444444443,0.5548444542985571,0.30630905729052826,0.004227076616869496,-0.22252731492587374,0.32191712951857054,1.0799608263843445,1.3765009360426748,0.49832026875699886,103,0.3300970873786408,True,True,0.29517521315113227,-0.006906767522526502,-0.19485258070995726,0.34959186373448703,1.2435997682987896,1.5148642736762499,0.2974990668159761,57,0.42105263157894735,False
UNG,"United States Natural Gas Fund, LP Unit",Commodity ETF,2679,10.630952380952381,2016-01-04,2026-08-28,-0.21556649262386574,-0.9387716174974566,-0.22962612908826013,0.21475674951865487,0.4303232421425206,-0.5628237452961431,0.37594787220131354,0.7223862429735817,0.38157016528443644,0.5386338185890257,113,0.336283185840708,True,True,0.10250178647800956,0.3180682791018753,-0.43124435077176204,0.5075272667256946,0.5683409630758748,0.23768841561534815,0.2026875699888018,56,0.2857142857142857,True
UNH,UNITEDHEALTH GROUP INCORPORATED (Delaware),Individual equity,2679,10.630952380952381,2016-01-04,2026-08-28,0.13966577473942654,-0.6139084330921337,0.2275026163689559,0.13242963228183102,-0.007236142457595518,-0.22893811973035494,0.3849703133617788,0.7511065725301056,0.5784516464003795,0.5453527435610303,97,0.32989690721649484,False,True,0.10536335669126484,-0.0343024180481617,-0.13723931970308745,0.4766691133890463,0.8506193634282921,0.7677344723014865,0.393057110862262,60,0.4166666666666667,False
UNP,Union Pacific Corp.,Individual equity,2679,10.630952380952381,2016-01-04,2026-08-28,0.16170890315856346,-0.387186285996177,0.41765142260271104,0.07326466902458417,-0.08844423413397928,-0.22264261794340956,0.16454366805276743,0.49908874728597824,0.3290684851864539,0.5139977603583427,101,0.26732673267326734,False,False,0.09193710693292334,-0.06977179622564011,-0.12582318645969104,0.26136309953648595,0.7987667161119707,0.7306849358991278,0.3430384471817842,55,0.32727272727272727,False
UPS,"United Parcel Service, Inc. Class B",Individual equity,2679,10.630952380952381,2016-01-04,2026-08-28,0.04983191694032563,-0.5791788856304995,0.08603890469190385,0.11754623503634365,0.06771431809601802,-0.24874704811251802,0.33043183751798144,0.721300434486643,0.4725532862732622,0.545726017170586,102,0.3333333333333333,True,True,0.09285130262377006,0.04301938568344443,-0.20730227927390688,0.3718766063565926,0.7630426961149472,0.44790295094192556,0.3262411347517731,61,0.3442622950819672,True
URA,Global X Uranium ETF,Thematic/industry ETF,2679,10.630952380952381,2016-01-04,2026-08-28,0.15348446969980833,-0.6146143437077127,0.24972484171765397,0.21656006759813007,0.06307559789832173,-0.31289442225697095,0.3017199214507418,0.9006273126300933,0.6921186579039612,0.5128779395296752,109,0.3302752293577982,True,True,0.17849090410289326,0.02500643440308492,-0.25882795507766954,0.3557863886300432,1.0210160626431506,0.6896121558791105,0.2724897349757372,60,0.31666666666666665,True
URI,"United Rentals, Inc.",Individual equity,2679,10.630952380952381,2016-01-04,2026-08-28,0.2911164351141413,-0.6325892612296391,0.4601981932925381,0.33995392980431993,0.04883749469017862,-0.28029594108491374,0.35229332014472536,1.1382327359085382,1.2128392886764394,0.5711086226203808,94,0.3723404255319149,True,True,0.3162296384522716,0.025113203338130274,-0.14796793783049667,0.48462132339914243,1.3881327475221559,2.1371497304674585,0.3882045539380366,50,0.54,True
USB,U.S. Bancorp,Individual equity,2679,10.630952380952381,2016-01-04,2026-08-28,0.07718384480186269,-0.5212930700735579,0.14806228824597945,0.14602123102290476,0.06883738622104207,-0.41118730391331915,0.1101057661602387,0.7869486089481468,0.35512096223108813,0.5550578574094811,96,0.3541666666666667,True,True,0.10931852141460441,0.03213467661274172,-0.18146526969019028,0.3398278003833676,0.8601595960697596,0.6024211773483727,0.3590892123926838,52,0.4230769230769231,True
USMV,iShares MSCI USA Min Vol Factor ETF,Factor/style ETF,2679,10.630952380952381,2016-01-04,2026-08-28,0.10817475726180525,-0.3307174887892377,0.32709113043230603,0.0650706297559458,-0.04310412750585946,-0.12864653283783523,0.20207095595140245,0.6962891011456196,0.5058094324078696,0.6013437849944009,101,0.37623762376237624,False,True,0.0795779908673111,-0.028596766394494155,-0.07111747925504186,0.2596000095341958,1.2487717028985867,1.1189652909649415,0.48114968271743186,61,0.47540983606557374,False
USO,"United States Oil Fund, LP",Commodity ETF,2679,10.630952380952381,2016-01-04,2026-08-28,0.03733796228909969,-0.8675373134328356,0.043039027498833204,0.31560406680355224,0.27826610451445255,-0.43363475376607563,0.43390255966675995,1.1194060322225963,0.7278108225011064,0.5352743561030235,100,0.36,True,True,0.20186089415558395,0.16452293186648426,-0.2830662037894558,0.5844711096433798,1.250276037460676,0.7131225538521998,0.3161627472937663,55,0.4,True
V,VISA Inc.,Individual equity,2679,10.630952380952381,2016-01-04,2026-08-28,0.17269895327426132,-0.36363189701763876,0.4749279551399865,0.08443911728262199,-0.08825983599163933,-0.25357413424637554,0.11005776277126322,0.5730685314343581,0.33299578260841056,0.5390070921985816,89,0.2808988764044944,False,False,0.13990359673408292,-0.0327953565401784,-0.12594075907413949,0.23769113794349928,1.3366359845906175,1.110868298417383,0.3960432997387085,48,0.3958333333333333,False
VEA,Vanguard FTSE Developed Markets ETF,Broad index ETF,2679,10.630952380952381,2016-01-04,2026-08-28,0.10040586289254039,-0.35729671513193484,0.2810153540187591,0.07574685128599778,-0.024659011606542602,-0.12976034779871526,0.22753636733321958,0.6346935397802039,0.5837442066932234,0.5923852183650616,114,0.2982456140350877,False,True,0.07143635149053407,-0.02896951140200632,-0.1213170015520263,0.23597971357990855,0.8973126937267614,0.5888403981028074,0.4412094064949608,66,0.3484848484848485,False
VEEV,Veeva Systems Inc.,Individual equity,2679,10.630952380952381,2016-01-04,2026-08-28,0.23761237000600088,-0.5568914956011728,0.4266762410323662,0.2274293453922278,-0.010183024613773073,-0.29324625585090514,0.26364523975026766,0.9184568618229265,0.7755575420129471,0.5580440462859276,99,0.3333333333333333,False,True,0.21310367303033328,-0.0245086969756676,-0.29427415684788394,0.26261733875328885,1.065493138588496,0.7241671348683559,0.3964165733482643,61,0.36065573770491804,False
VICI,VICI Properties Inc. Common Stock,Individual equity,2155,8.551587301587302,2018-02-01,2026-08-28,0.08147893313622068,-0.6022255943348507,0.13529636385881766,0.06628434723697696,-0.015194585899243718,-0.2537979740135894,0.3484276203212613,0.4594925978616901,0.2611697256236877,0.5290023201856149,74,0.3108108108108108,False,True,0.11545585993893037,0.033976926802709695,-0.1448575775582368,0.4573680167766139,1.013619033672814,0.797030171877021,0.34106728538283065,35,0.37142857142857144,True
VLO,Valero Energy Corporation,Individual equity,2679,10.630952380952381,2016-01-04,2026-08-28,0.2106163810207884,-0.7187983211840071,0.2930117876094373,0.36400065450541463,0.15338427348462624,-0.19739284008561986,0.5214054810983872,1.2170411074452288,1.844041832254544,0.5964912280701754,89,0.3707865168539326,True,True,0.32240442657809676,0.11178804555730837,-0.16754061790596186,0.5512577032780452,1.467006483590138,1.924335904974743,0.3729003359462486,46,0.4782608695652174,True
VLTO,Veralto Corporation,Individual equity,730,2.8968253968253967,2023-10-02,2026-08-28,0.056427672307427734,-0.27097576134244905,0.20823881821708973,0.009471188033170819,-0.046956484274256916,-0.16598707153235026,0.10498868981009879,0.1372654855739753,0.057059793547384316,0.5123287671232877,25,0.36,False,False,0.027196431717354086,-0.02923124059007365,-0.13934063566896715,0.1316351256734819,0.31320054909232947,0.19517947213880166,0.3315068493150685,15,0.4666666666666667,False
VLUE,iShares MSCI USA Value Factor ETF,Factor/style ETF,2679,10.630952380952381,2016-01-04,2026-08-28,0.14727417868745474,-0.3946753246753244,0.3731527396819356,0.08662450210595041,-0.06064967658150433,-0.26488677410234207,0.12978855057298233,0.6570377295322619,0.3270246406205318,0.5658827920865995,113,0.2920353982300885,False,False,0.11058470727963421,-0.03668947140782053,-0.10418463139220668,0.2904906932831177,1.154761955845594,1.0614301341944976,0.43635684957073534,67,0.373134328358209,False
VMC,Vulcan Materials Company(Holding Company),Individual equity,2679,10.630952380952381,2016-01-04,2026-08-28,0.11741743190096376,-0.492302309307208,0.23850676643422483,0.1324048443816197,0.014987412480655937,-0.2669505147911416,0.22535179451606635,0.7591566741461111,0.49599021933039317,0.5091452034341172,93,0.3333333333333333,True,True,0.09755047713367815,-0.019866954767285616,-0.177612301439249,0.314690007867959,0.743875473655994,0.5492326620577268,0.322508398656215,50,0.34,False
VMRK,Vivmark Residential,Individual equity,2679,10.630952380952381,2016-01-04,2026-08-28,0.03251863437251701,-0.45900920648838295,0.07084527698539751,-0.0018369715620489835,-0.03435560593456599,-0.40579049282064483,0.053218713667738116,0.07463355918066261,-0.004526896500901774,0.5569242254572602,100,0.23,False,False,0.024819921961250824,-0.007698712411266184,-0.1546871289450018,0.30432207754338114,0.2858231742833326,0.16045240564310567,0.3501306457633445,54,0.2962962962962963,False
VNQ,Vanguard Real Estate ETF,Thematic/industry ETF,2679,10.630952380952381,2016-01-04,2026-08-28,0.06074273647125139,-0.4243319630010277,0.14314909497191064,0.06113467784556037,0.00039194137430897946,-0.2110283227676758,0.2133036402333519,0.496485067693611,0.2896989230818294,0.5483389324374767,100,0.27,True,True,0.05090996250773494,-0.00983277396351645,-0.12065751948374082,0.3036744435172869,0.6243975158043744,0.42193775179171744,0.3699141470698022,52,0.34615384615384615,False
VRSK,"Verisk Analytics, Inc. Common Stock",Individual equity,2679,10.630952380952381,2016-01-04,2026-08-28,0.09711727776368573,-0.5081137178438897,0.1911329577477055,0.17352904782264833,0.0764117700589626,-0.16438286278239445,0.34373085506149526,1.0489975780205532,1.0556395288744993,0.562896603210153,91,0.3626373626373626,True,True,0.13791028588900978,0.04079300812532405,-0.11692002557151804,0.39119369227237166,1.3265763319129538,1.1795266483640336,0.3923105636431504,52,0.36538461538461536,True
VRSN,"VeriSign, Inc. Common Stock",Individual equity,2679,10.630952380952381,2016-01-04,2026-08-28,0.12628925628164156,-0.38847117794486163,0.3250929887508068,0.10945561768759604,-0.01683363859404552,-0.19299107767472568,0.19548010027013596,0.7066807602361017,0.5671537721141523,0.5509518477043673,88,0.3409090909090909,False,True,0.12882818761134285,0.0025389313297012883,-0.1056605317327518,0.28281064621210983,1.115794291757629,1.2192649942098457,0.3628219484882419,50,0.4,True
VRT,Vertiv Holdings Co Class A Common Stock,Individual equity,2032,8.063492063492063,2018-07-30,2026-08-28,0.4995804556227521,-0.7123374340949032,0.7013255680680598,0.33370399868321865,-0.16587645693953346,-0.3635136915293289,0.34882374256557436,0.9365484194764058,0.9179956806559372,0.5364173228346457,65,0.4153846153846154,False,True,0.40771597200048415,-0.09186448362226796,-0.16413158267378503,0.5482058514211182,1.4270423297709243,2.4840799397568,0.3690944881889764,41,0.5121951219512195,False
VRTX,Vertex Pharmaceuticals Incorporated Common Stock,Individual equity,2679,10.630952380952381,2016-01-04,2026-08-28,0.14974059192225653,-0.4166059133252332,0.3594298283648173,-0.05901393464578941,-0.20875452656804594,-0.5921902076940191,-0.17558429436878586,-0.21195355435566113,-0.09965368200799689,0.5326614408361329,98,0.17346938775510204,False,False,0.06520782497407418,-0.08453276694818235,-0.18064585704365643,0.2359600562815768,0.5050575221832819,0.36097049797447334,0.339678984695782,57,0.2631578947368421,False
VST,Vistra Corp.,Individual equity,2339,9.281746031746032,2017-05-10,2026-08-28,0.28976885758580395,-0.5333333333333332,0.5433166079733825,0.2352657927079309,-0.05450306487787304,-0.3855226011701277,0.1478107321632055,0.886216486440876,0.6102516220679632,0.5446772124839675,74,0.25675675675675674,False,True,0.29289467264943947,0.0031258150636355175,-0.2811888613460244,0.2521444719873088,1.318746562867023,1.041629711957225,0.34117144078666095,37,0.43243243243243246,True
VTI,Vanguard Morningstar Total Stock Market ETF,Broad index ETF,2679,10.630952380952381,2016-01-04,2026-08-28,0.14903082720984728,-0.3499680918953413,0.42584118569991025,0.12861495740254236,-0.02041586980730492,-0.11461609760765379,0.2353519942876875,1.004386169279138,1.1221369431265105,0.60321015304218,106,0.37735849056603776,False,True,0.13205197335313557,-0.016978853856711718,-0.057920542091204896,0.2920475498041364,1.606017489053917,2.2798815167371744,0.5102650242627846,64,0.515625,False
VTR,"Ventas, Inc.",Individual equity,2679,10.630952380952381,2016-01-04,2026-08-28,0.0910079312876313,-0.769297484822203,0.11830005047873605,0.2239919023296233,0.132983971041992,-0.30407373714286456,0.4652237476793384,0.929668070229527,0.7366367922277484,0.5617767823814857,93,0.41935483870967744,True,True,0.14488666958145813,0.05387873829382683,-0.18116127282061767,0.5881362120015853,1.0161047964338763,0.7997662377042474,0.3736468831653602,50,0.48,True
VTRS,Viatris Inc. Common Stock,Individual equity,1454,5.76984126984127,2020-11-12,2026-08-28,0.04883633021924849,-0.5434201736806957,0.08986845278207112,0.1584831516232159,0.10964682140396742,-0.2574250613483736,0.2859951123323221,0.822616053215351,0.6156477181867716,0.548143053645117,51,0.3137254901960784,True,True,0.10450389385671133,0.055667563637462836,-0.21144138100644627,0.33197879267424946,0.7765022554255172,0.49424522938357696,0.2579092159559835,26,0.34615384615384615,True
VTV,Vanguard Morningstar Value ETF,Factor/style ETF,2679,10.630952380952381,2016-01-04,2026-08-28,0.129280076844839,-0.36877237109412797,0.3505687708145594,0.10930838368550133,-0.019971693159337667,-0.15185590873934518,0.2169164623547828,0.9373610658478512,0.7198164667607697,0.6114221724524076,96,0.375,False,True,0.11846878689751694,-0.010811289947322056,-0.06289882529701285,0.3058735457971151,1.5651775947401116,1.8834817079349044,0.49384098544232924,51,0.5490196078431373,False
VUG,Vanguard Morningstar Growth ETF,Factor/style ETF,2679,10.630952380952381,2016-01-04,2026-08-28,0.17481305600879748,-0.35615661055419034,0.49083198466198097,0.19093745356573089,0.0161243975569334,-0.13024008565051837,0.22591652490367198,1.2636820866680745,1.4660421375803274,0.5852930197835013,93,0.43010752688172044,True,True,0.18486968951330573,0.01005663350450825,-0.0850278087639541,0.27112880179023624,1.9017611029492232,2.174226199648669,0.47331093691675996,53,0.5849056603773585,True
VWO,Vanguard FTSE Emerging Markets ETF,Broad index ETF,2679,10.630952380952381,2016-01-04,2026-08-28,0.09277862316828323,-0.3650714106740164,0.2541382876215638,0.08926493315657336,-0.003513690011709869,-0.17437078560174335,0.19070062507227303,0.718539090009577,0.5119259676930703,0.5405001866368048,116,0.28448275862068967,False,True,0.10091716485508706,0.008138541686803835,-0.09621437450492953,0.26885703616908685,1.081877358686234,1.0488782510342733,0.3725270623366928,62,0.3387096774193548,True
VXX,iPath Series B S&P 500 VIX Short-Term Futures ETN,Thematic/industry ETF,2165,8.591269841269842,2018-01-18,2026-08-28,-0.4114468305423642,-0.9961427645935624,-0.4130400231439107,0.23112523416180375,0.642572064704168,-0.42702786471824306,0.5691148998753194,0.7213787625922831,0.5412415752173511,0.5778290993071593,87,0.28735632183908044,True,True,-0.10477829104250125,0.30666853949986295,-0.695132661550789,0.3010101030427734,-0.29674259456316815,-0.15073135940519428,0.08267898383371824,42,0.19047619047619047,True
VZ,Verizon Communications,Individual equity,2679,10.630952380952381,2016-01-04,2026-08-28,0.06398966393282235,-0.4121699196326062,0.15525068881751608,0.09324293086550961,0.02925326693268726,-0.14353747750466894,0.26863244212793724,0.793446298770068,0.6496068656527466,0.49122807017543857,93,0.27956989247311825,True,True,0.06476793697810002,0.0007782730452776665,-0.11694392996491199,0.2952259896676942,0.8096922297699862,0.5538375270741549,0.25905188503172827,46,0.2608695652173913,True
WAB,Wabtec Inc.,Individual equity,2679,10.630952380952381,2016-01-04,2026-08-28,0.1502746359917153,-0.6408237986270024,0.23450227084837727,0.09518355089676067,-0.05509108509495464,-0.4424081682410109,0.19841563038599153,0.5732264742684879,0.21514871950760972,0.5580440462859276,98,0.336734693877551,False,False,0.0952967047320652,-0.054977931259650115,-0.21731163404233722,0.42351216458466523,0.7535384990925599,0.43852555410585725,0.387458006718925,58,0.41379310344827586,False
WAT,Waters Corp,Individual equity,2679,10.630952380952381,2016-01-04,2026-08-28,0.11500861273496787,-0.4426654108782666,0.2598093501518133,0.1360160977508278,0.021007485015859917,-0.23412475771051477,0.20854065316775183,0.7588357887337641,0.5809556369899413,0.5199701381112355,88,0.29545454545454547,True,True,0.12906177326895052,0.014053160533982645,-0.2093505273865015,0.2333148834917651,0.9230435727443308,0.616486496977758,0.3602090332213512,51,0.29411764705882354,True
WBD,"Warner Bros. Discovery, Inc. Series A Common Stock",Individual equity,1105,4.384920634920635,2022-04-04,2026-08-28,0.02789788534673332,-0.7419230769230769,0.03760212643935025,0.155697810024914,0.1277999246781807,-0.3017029454460203,0.44022013147705663,0.6260114292221827,0.5160632747378032,0.5203619909502263,37,0.2702702702702703,True,True,0.2551356581831359,0.22723777283640256,-0.1972152510483265,0.5447078258747504,1.1967337493846713,1.2936913186324335,0.22171945701357465,17,0.35294117647058826,True
WDAY,"Workday, Inc. Class A Common Stock",Individual equity,2679,10.630952380952381,2016-01-04,2026-08-28,0.09533075743507968,-0.6338009830409178,0.15041118582317692,0.1681499275476992,0.07281917011261951,-0.3503076708051419,0.2834933122357759,0.7249956957761684,0.4800064102542371,0.5453527435610303,99,0.29292929292929293,True,True,0.17685977844119094,0.08152902100611126,-0.21565448945250842,0.4181464935884094,0.9976159805497586,0.8201071022921557,0.3165360209033221,53,0.39622641509433965,True
WDC,Western Digital Corporation Common Stock,Individual equity,2679,10.630952380952381,2016-01-04,2026-08-28,0.27284093754907146,-0.7049229839927511,0.3870507044665707,0.3466827685939011,0.07384183104482966,-0.30900668254899943,0.3959163014437517,1.1063848291070066,1.121926444224802,0.49570735349010825,95,0.3684210526315789,True,True,0.25296691809921334,-0.019874019449858116,-0.21041133833058567,0.49451164566216543,1.087610882788087,1.2022494610141536,0.3094438223217619,58,0.3620689655172414,False
WEC,"WEC Energy Group, Inc.",Individual equity,2679,10.630952380952381,2016-01-04,2026-08-28,0.10656046584661838,-0.3230114643659141,0.3298968538339694,0.008829550347111415,-0.09773091549950697,-0.33517874419444993,-0.012167279828535826,0.13315924708180912,0.026342811112118305,0.5871593878312803,101,0.32673267326732675,False,False,0.04954139340712249,-0.05701907243949589,-0.17163993010442824,0.15137153426148586,0.5648784159187481,0.28863559532435595,0.3583426651735722,55,0.36363636363636365,False
WELL,Welltower Inc.,Individual equity,2679,10.630952380952381,2016-01-04,2026-08-28,0.16675626529030252,-0.6332363059010322,0.2633397102098007,0.11600938822274554,-0.050746877067556984,-0.37629067786276493,0.25694562803826726,0.6816482761399655,0.3082972687010193,0.5449794699514744,95,0.35789473684210527,False,True,0.11822422155816836,-0.048532043732134156,-0.21084136726722558,0.4223949386338066,0.9137885855685556,0.5607259291215279,0.358715938783128,54,0.48148148148148145,False
WFC,Wells Fargo & Co.,Individual equity,2679,10.630952380952381,2016-01-04,2026-08-28,0.07738396913570056,-0.6445771527644009,0.12005385050311447,0.14222593085436364,0.06484196171866308,-0.36749835917985885,0.277078793584542,0.7067358527261546,0.38701106359159626,0.568868980963046,101,0.40594059405940597,True,True,0.10635812583040294,0.02897415669470238,-0.16769298867379645,0.4768841640906044,0.8027554545517648,0.6342431288960763,0.3482642777155655,56,0.48214285714285715,True
WM,"Waste Management, Inc.",Individual equity,2679,10.630952380952381,2016-01-04,2026-08-28,0.1653179849109927,-0.3006253853606974,0.5499135900071789,0.0984863362988766,-0.0668316486121161,-0.231694664970576,0.06893072039012138,0.8828058849327501,0.42506950391535275,0.5893990294886151,92,0.30434782608695654,False,False,0.13251364364664786,-0.03280434126434484,-0.10240718050038711,0.19821820486031028,1.4810848073571914,1.2939878141274181,0.39529675251959684,51,0.39215686274509803,False
WMB,Williams Companies Inc.,Individual equity,2679,10.630952380952381,2016-01-04,2026-08-28,0.16327432670674846,-0.6808914177335229,0.23979495475246,0.16027531031853282,-0.0029990163882156473,-0.32261920760432883,0.3582722101291941,0.7939644635082287,0.4967940734486581,0.541993281075028,89,0.3595505617977528,False,True,0.15587824752871682,-0.007396079178031645,-0.17808597750813537,0.5028054402253875,1.0079359689673648,0.8752977056916003,0.3654348637551325,51,0.37254901960784315,False
WMT,Walmart Inc. Common Stock,Individual equity,2679,10.630952380952381,2016-01-04,2026-08-28,0.18495853057994815,-0.25743162901308025,0.7184763243313443,0.11089671408622315,-0.07406181649372501,-0.19888412265170696,0.05854750636137329,0.8313786449851596,0.5575946063850932,0.5405001866368048,92,0.358695652173913,False,False,0.12303167511547297,-0.06192685546447518,-0.15966319632697035,0.09776843268610991,1.1909711375851015,0.7705700370893204,0.3822321761851437,57,0.45614035087719296,False
WRB,W.R. Berkley Corporation,Individual equity,2679,10.630952380952381,2016-01-04,2026-08-28,0.17396221459432604,-0.45357142857142874,0.38353874083788403,0.03430756802154655,-0.13965464657277948,-0.349476115514331,0.10409531305709774,0.2864630709076372,0.09816856288177353,0.513251213139231,104,0.25,False,False,0.06351021070038154,-0.1104520038939445,-0.1426941761981425,0.31087725237328623,0.6054701579313008,0.4450792064014752,0.3717805151175812,67,0.26865671641791045,False
WSM,"Williams-Sonoma, Inc.",Individual equity,2679,10.630952380952381,2016-01-04,2026-08-28,0.24786289614119417,-0.5970193740685547,0.4151672573907669,0.17947382931555378,-0.06838906682564039,-0.36073668810912674,0.23628268595942792,0.7125945773162062,0.4975203111618661,0.5237028742067936,100,0.29,False,True,0.15112915673708938,-0.09673373940410479,-0.2489449137676758,0.34807446030087885,0.7930411778689996,0.6070787084974487,0.3019783501306458,57,0.3684210526315789,False
WST,"West Pharmaceutical Services, Inc.",Individual equity,2679,10.630952380952381,2016-01-04,2026-08-28,0.18558667713777566,-0.5929220653645331,0.31300349232858377,0.18738688829765793,0.00180021115988227,-0.3371389342091444,0.25578313115538864,0.9636478008281284,0.5558150343484574,0.507652108995894,89,0.38202247191011235,True,True,0.22615243174673139,0.04056575460895573,-0.1489461217496234,0.44397594361490966,1.4651830163280508,1.5183505893956126,0.3505039193729003,50,0.48,True
WTW,Willis Towers Watson Public Limited Company Ordinary Shares,Individual equity,2678,10.626984126984127,2016-01-05,2026-08-28,0.1175939528780352,-0.32942017149857095,0.35697253250487526,-0.010424913692820614,-0.12801886657085582,-0.3849493436947502,-0.055529172196179255,0.012175259134196773,-0.027081261115455137,0.48693054518297235,101,0.24752475247524752,False,False,0.028131650127128927,-0.08946230275090628,-0.18966560471844318,0.13975456678012776,0.30517280147448783,0.14832236012897593,0.3457804331590739,63,0.23809523809523808,False
WY,Weyerhaeuser Company,Individual equity,2679,10.630952380952381,2016-01-04,2026-08-28,0.016572373705287413,-0.6169455322178721,0.026861972151270785,0.12148679888713732,0.1049144251818499,-0.33646255631328137,0.2804829759045907,0.6326679408348753,0.36107078368037054,0.5569242254572602,100,0.31,True,True,0.06074767860934638,0.044175304904058965,-0.28563590987217957,0.3313096223456925,0.5564833554874474,0.21267521522952285,0.303471444568869,55,0.34545454545454546,True
WYNN,"Wynn Resorts, Limited Common stock",Individual equity,2679,10.630952380952381,2016-01-04,2026-08-28,0.044278618966148375,-0.7740214491806845,0.05720593274646082,0.21554849983128133,0.17126988086513295,-0.5790695066526355,0.19495194252804904,0.7689289091968032,0.37223251674445657,0.5143710339678985,97,0.32989690721649484,True,True,0.14344175843318374,0.09916313946703537,-0.3493922631847428,0.4246291859959417,0.7549246722419896,0.41054646466896216,0.2874206793579694,53,0.32075471698113206,True
XBI,State Street SPDR S&P Biotech ETF,Thematic/industry ETF,2679,10.630952380952381,2016-01-04,2026-08-28,0.08712632053899316,-0.6389354932021978,0.13636168512463767,0.09162272261674875,0.00449640207775559,-0.260571619646519,0.3783638735556788,0.4874674765965048,0.3516220329022803,0.574468085106383,92,0.34782608695652173,True,True,0.11044493547821155,0.023318614939218385,-0.2386252105824389,0.4003102826197589,0.7138781081800897,0.46283850398135384,0.3579693915640164,49,0.40816326530612246,True
XE,"X-Energy, Inc. Class A Common Stock",Individual equity,259,1.0277777777777777,2016-12-30,2026-08-28,0.1467009181667338,-0.6156197887715398,0.23829792485955223,0.38539363551659256,0.23869271734985875,-0.25396686809005364,0.36165292068148613,0.9333548110966038,1.5174957206620217,0.47104247104247104,8,0.5,True,True,0.01273674705874539,-0.13396417110798842,-0.17067443906731206,0.4449453497042277,0.16676562040510612,0.07462597872504015,0.04633204633204633,3,0.0,False
XEL,Xcel Energy Inc. Common Stock,Individual equity,2679,10.630952380952381,2016-01-04,2026-08-28,0.10847452170774807,-0.34415004465614873,0.3151954311559902,0.06415372553002174,-0.04432079617772633,-0.24384916282479085,0.10030088183135788,0.5328995353018826,0.26308774156471937,0.5558044046285927,89,0.3707865168539326,False,False,0.05995709129051696,-0.04851743041723111,-0.16734656564878503,0.1768034790073637,0.6642708536594646,0.358280978507504,0.3639417693169093,52,0.40384615384615385,False
XHB,State Street SPDR S&P Homebuilders ETF,Thematic/industry ETF,2679,10.630952380952381,2016-01-04,2026-08-28,0.12212089353195088,-0.4956055734190782,0.24640742574677807,0.15348556200878316,0.03136466847683228,-0.19335136978265322,0.30225420363642497,0.8267687400999822,0.7938167812377884,0.5498320268756999,99,0.3434343434343434,True,True,0.1223729003484555,0.000252006816504613,-0.17633233573521456,0.3192732376838636,0.9646950562529637,0.6939901285729804,0.37737961926091823,58,0.39655172413793105,True
XLB,State Street Materials Select Sector SPDR ETF,Sector ETF,2679,10.630952380952381,2016-01-04,2026-08-28,0.11075111047724051,-0.3727810650887562,0.297094248740535,0.08327246157590151,-0.027478648901338998,-0.16207553847219003,0.21070552661656616,0.6106409172556125,0.5137879680109158,0.5516983949234789,101,0.2871287128712871,False,True,0.07601860122506032,-0.03473250925218019,-0.13744809773927102,0.23533296734948517,0.8134245817115153,0.5530713227422183,0.3755132512131392,57,0.3333333333333333,False
XLC,State Street Communication Services Select Sector SPDR ETF,Sector ETF,2060,8.174603174603174,2018-06-19,2026-08-28,0.11558141600516847,-0.4666014191338397,0.24770909659838639,0.10125071534219243,-0.014330700662976037,-0.17483625061235475,0.29176516852148493,0.6570801990730721,0.5791174026414267,0.5936893203883495,78,0.3076923076923077,False,True,0.10670420844862472,-0.008877207556543754,-0.20747249586364913,0.25912892327019055,1.0573081881297908,0.5143053203483449,0.4160194174757282,42,0.35714285714285715,False
XLE,State Street Energy Select Sector SPDR ETF,Sector ETF,2679,10.630952380952381,2016-01-04,2026-08-28,0.11369888354618674,-0.6681489515545921,0.1701699647685473,0.1390523158906325,0.02535343234444576,-0.2570895460659578,0.4110594054886343,0.7276560335537384,0.5408711401083489,0.53826054497947,103,0.30097087378640774,True,True,0.13003010860842035,0.016331225062233612,-0.17298412169822164,0.49516482985637045,0.959566766068516,0.7516881164114216,0.3393057110862262,53,0.3584905660377358,True
XLF,State Street Financial Select Sector SPDR ETF,Sector ETF,2679,10.630952380952381,2016-01-04,2026-08-28,0.11031651560894074,-0.42851972493666335,0.2574362606651208,0.08876904035607258,-0.021547475252868153,-0.32894357220142045,0.0995761527352429,0.6158430118421122,0.26986099701536975,0.6013437849944009,101,0.3465346534653465,False,True,0.09871848109688197,-0.011598034512058764,-0.12224934593927872,0.30627037899738463,1.0230623408576192,0.807517458178594,0.43598357596117954,56,0.5,False
XLI,State Street Industrial Select Sector SPDR ETF,Sector ETF,2679,10.630952380952381,2016-01-04,2026-08-28,0.14049120354113342,-0.42328179810315747,0.3319093903180181,0.10265533991681242,-0.03783586362432101,-0.17399227499099024,0.24928952311216723,0.8166036436604119,0.5899994118826722,0.5677491601343785,95,0.3473684210526316,False,True,0.12442833779884555,-0.01606286574228788,-0.09251532168426913,0.33076647641888834,1.301883464577127,1.3449484424157039,0.42814483016050764,51,0.49019607843137253,False
XLK,State Street Technology Select Sector SPDR ETF,Sector ETF,2679,10.630952380952381,2016-01-04,2026-08-28,0.23959087128478118,-0.3355586788475039,0.7140058844780001,0.17485776968846678,-0.0647331015963144,-0.1734241067651492,0.1621345720823547,1.0123861539583805,1.0082668029840802,0.5834266517357223,106,0.3584905660377358,False,True,0.1928308410341828,-0.04676003025059838,-0.13637229275043505,0.19918638609706885,1.7003300161580712,1.4140030730954154,0.45352743561030234,66,0.42424242424242425,False
XLP,State Street Consumer Staples Select Sector SPDR ETF,Sector ETF,2679,10.630952380952381,2016-01-04,2026-08-28,0.07949978654427059,-0.24518966465090708,0.32423791866374035,0.03870192901339453,-0.04079785753087606,-0.15179107115474877,0.09339859349615831,0.4421154485097989,0.2549684162511673,0.5647629712579321,94,0.3191489361702128,False,False,0.07021369570081926,-0.009286090843451333,-0.059944958646926616,0.18524470600398046,1.0723004029579906,1.1713027631627053,0.40836132885405,46,0.5,False
XLRE,State Street Real Estate Select Sector SPDR ETF,Sector ETF,2679,10.630952380952381,2016-01-04,2026-08-28,0.07091702460208604,-0.38837829825081516,0.18259780456705063,0.060100006601206735,-0.010817018000879308,-0.3241706306490362,0.06420766760177898,0.4850603008570551,0.18539621088091135,0.5375139977603584,95,0.3263157894736842,False,True,0.05577956162065645,-0.015137462981429595,-0.10366476673878189,0.28471353151203327,0.6396030973095712,0.5380763722857906,0.3658081373646883,50,0.42,False
XLU,State Street Utilities Select Sector SPDR ETF,Sector ETF,2679,10.630952380952381,2016-01-04,2026-08-28,0.09935365197925128,-0.3606613847743716,0.2754762671401779,0.03229970976633689,-0.06705394221291439,-0.3333182750230601,0.02734310975131149,0.3041208455861746,0.09690350690823143,0.5875326614408362,98,0.32653061224489793,False,False,0.06020539855862972,-0.03914825342062156,-0.13162142941452637,0.22903995535984523,0.7188317872850467,0.4574133469483896,0.3915640164240388,54,0.4444444444444444,False
XLV,State Street Health Care Select Sector SPDR ETF,Sector ETF,2679,10.630952380952381,2016-01-04,2026-08-28,0.1043412072311114,-0.2840619694397277,0.3673184672939843,0.06452940987768785,-0.03981179735342355,-0.1864404420316813,0.09762152740804642,0.6209319962975058,0.34611272733800186,0.5431131019036954,96,0.375,False,False,0.08129759298330286,-0.02304361424780854,-0.1176325642545426,0.16642940518518512,1.0614998475886916,0.6911146883390616,0.3840985442329227,53,0.4716981132075472,False
XLY,State Street Consumer Discretionary Select Sector SPDR ETF,Sector ETF,2679,10.630952380952381,2016-01-04,2026-08-28,0.12195134671890284,-0.396751968503937,0.3073742700729479,0.154643757678383,0.03269241095948017,-0.17012216004579706,0.22662980845813996,1.0086151201365086,0.9090159543986084,0.5602836879432624,98,0.3877551020408163,True,True,0.14938368563086457,0.02743233891196173,-0.08571379133919077,0.31103817716474624,1.5096307880262207,1.7428197177711602,0.41881298992161253,52,0.5192307692307693,True
XME,State Street SPDR S&P Metals & Mining ETF,Thematic/industry ETF,2679,10.630952380952381,2016-01-04,2026-08-28,0.22962050336153128,-0.6168038603462966,0.3722747507329377,0.27055925796074876,0.040938754599217475,-0.29561445360198146,0.3211894067443152,1.088415171331202,0.9152436718301762,0.5994774169466218,99,0.3838383838383838,True,True,0.2386877610973348,0.009067257735803524,-0.15655421940025338,0.46024964094604326,1.221890824317539,1.524633203830139,0.3840985442329227,54,0.37037037037037035,True
XOM,ExxonMobil Holdings Corporation,Individual equity,2679,10.630952380952381,2016-01-04,2026-08-28,0.11556133249872036,-0.6134247917687415,0.18838712430502233,0.15483588075923582,0.03927454826051546,-0.23386773213787126,0.3795570596308703,0.8394106510809779,0.6620660291346048,0.5416200074654722,102,0.2647058823529412,True,True,0.1252214549417534,0.009660122443033048,-0.17967186204946517,0.43375292971927637,0.9291108328281319,0.6969452729736774,0.3310936916759985,57,0.2982456140350877,True
XOP,State Street SPDR S&P Oil & Gas Exploration & Production ETF,Thematic/industry ETF,2679,10.630952380952381,2016-01-04,2026-08-28,0.060039879050292955,-0.8261101836393987,0.07267781010250887,0.23784763781771634,0.17780775876742339,-0.2995610689099161,0.5265491147294826,0.8398294150615544,0.7939871448690878,0.5711086226203808,96,0.3125,True,True,0.18396310752374334,0.12392322847345039,-0.2370551386312646,0.5890550450081341,0.9442501036792528,0.7760350970914618,0.3221351250466592,49,0.3469387755102041,True
XRT,State Street SPDR S&P Retail ETF,Thematic/industry ETF,2679,10.630952380952381,2016-01-04,2026-08-28,0.08394934692817047,-0.47025982392097965,0.17851694458652487,0.15704396343936278,0.07309461651119231,-0.18277455406704213,0.2874852698539375,0.8424165924776352,0.8592222491855113,0.5431131019036954,90,0.4111111111111111,True,True,0.11120834329057572,0.027258996362405252,-0.18073404392567682,0.2895257799953028,0.9155899467433081,0.6153148619653963,0.3299738708473311,48,0.4375,True
XYL,Xylem Inc,Individual equity,2679,10.630952380952381,2016-01-04,2026-08-28,0.12587684884783923,-0.46693386773547185,0.26958174924923456,0.17941234988246246,0.053535501034623234,-0.25601885142490854,0.2109150163105633,0.9523082091163794,0.7007778875810046,0.6061963419186264,90,0.3888888888888889,True,True,0.15641915514858318,0.03054230630074395,-0.13441124779438873,0.3325226199410831,1.31044617138951,1.163735607810593,0.3736468831653602,53,0.4716981132075472,True
XYZ,"Block, Inc.",Individual equity,2679,10.630952380952381,2016-01-04,2026-08-28,0.1987906642824353,-0.8608282175934139,0.23092953997045673,0.37316404660929225,0.17437338232685695,-0.5052538815913156,0.3555743360020983,1.0248448615503862,0.7385674018653721,0.5427398282941396,95,0.3368421052631579,True,True,0.4048477998773452,0.2060571355949099,-0.37269585795686644,0.48813235963654744,1.4653415699852819,1.0862685786118929,0.3344531541620007,51,0.49019607843137253,True
YUM,"Yum! Brands, Inc.",Individual equity,2679,10.630952380952381,2016-01-04,2026-08-28,0.09374263203981714,-0.521693625118935,0.17968905028970944,0.11593880904573672,0.022196177005919582,-0.30808850229068296,0.21360512282825206,0.7253135421204875,0.3763165719710887,0.5341545352743561,94,0.3191489361702128,True,True,0.09818079371196409,0.004438161672146945,-0.13907482335706933,0.3826188017618657,0.9848724322368422,0.705956630697194,0.3519970138111235,50,0.42,True
ZBH,"Zimmer Biomet Holdings, Inc.",Individual equity,2679,10.630952380952381,2016-01-04,2026-08-28,0.0073418792696517965,-0.5353044496487103,0.013715333908525985,0.11040337264045186,0.10306149337080006,-0.3602184291283731,0.17508602052033717,0.6480276687459529,0.30649007300264136,0.52668906308324,92,0.2826086956521739,True,True,0.07127053046611342,0.06392865119646163,-0.1998686847951523,0.33543576485355797,0.6206498822513962,0.3565867786599957,0.3296005972377753,52,0.28846153846153844,True
ZBRA,Zebra Technologies Corporation Class A Common Stock,Individual equity,2679,10.630952380952381,2016-01-04,2026-08-28,0.1711058189620276,-0.6778293059962581,0.252432017099851,0.22285590023817647,0.051750081276148885,-0.29032024743878393,0.3875090585574742,0.8517064890398028,0.7676209365492747,0.5778275475923852,102,0.35294117647058826,True,True,0.17191061615570158,0.0008047971936739895,-0.2264321039895073,0.4513972020067508,0.9371521345408257,0.7592148512812821,0.3501306457633445,60,0.4,True
ZS,"Zscaler, Inc. Common Stock",Individual equity,2125,8.432539682539682,2018-03-16,2026-08-28,0.22621661958346428,-0.7640869895330547,0.2960613420753424,0.30314030427217387,0.07692368468870958,-0.6505208704803559,0.11356611905269876,0.8961630271079283,0.4659962777955607,0.563764705882353,79,0.31645569620253167,True,True,0.27603603045575253,0.04981941087228825,-0.3423028477059541,0.42178414182710056,1.1174226653293051,0.8064088052602874,0.3176470588235294,45,0.35555555555555557,True
ZTS,ZOETIS INC.,Individual equity,2679,10.630952380952381,2016-01-04,2026-08-28,0.05670076915066935,-0.6947949189512858,0.08160792142270232,0.0739689644514474,0.017268195300778055,-0.2868489029323382,0.40794601601894753,0.4834095566828501,0.2578673430342356,0.5214632325494587,99,0.24242424242424243,True,True,0.08048997971101679,0.02378921056034744,-0.19600350371897735,0.4987914152323084,0.8167024934443046,0.4106558208593066,0.3195222097797686,53,0.32075471698113206,True
