scope,scenario,period,cost,assets,median_cagr,median_drawdown,positive,median_net,thin,short_history,failures
Priority assets,e5-x40-s0,full,normal,60,0.08001584226144298,-0.36837740906231864,57,1.2729680271356094,1,0,0
Priority assets,e5-x40-s0,full,double,60,0.07167486622335373,-0.3833676999571828,55,1.092539234610547,1,0,0
Priority assets,e5-x40-s0,full,gross,60,0.08794116126539608,-0.3532412927656388,58,1.457373583519104,1,0,0
Priority assets,e5-x40-s0,validation,normal,60,0.0762006013906179,-0.36837740906231875,51,0.4658516507949474,1,2,0
Priority assets,e5-x40-s0,validation,double,60,0.0672862572196199,-0.383367699957183,49,0.3766974458212904,1,2,0
Priority assets,e5-x40-s0,validation,gross,60,0.08690639872973993,-0.353241292765639,53,0.5605135436348164,1,2,0
Priority assets,e5-x40-s2,full,normal,60,0.07653447030112337,-0.3680953513498556,58,1.1090219732981033,1,0,0
Priority assets,e5-x40-s2,full,double,60,0.06607746495021793,-0.3915875016643617,55,0.9276308212480098,1,0,0
Priority assets,e5-x40-s2,full,gross,60,0.0861551755735892,-0.342140795316652,58,1.3324699300605296,1,0,0
Priority assets,e5-x40-s2,validation,normal,60,0.06210508588826502,-0.36358910826514396,53,0.4337195188696227,1,2,0
Priority assets,e5-x40-s2,validation,double,60,0.05082329504345717,-0.3891494721746957,49,0.31042349195589924,1,2,0
Priority assets,e5-x40-s2,validation,gross,60,0.07200124263849939,-0.34214079531665187,56,0.5760070316541485,1,2,0
Priority assets,e5-x40-s3,full,normal,60,0.07569147012702038,-0.3669437655465386,57,1.133326939000268,1,0,0
Priority assets,e5-x40-s3,full,double,60,0.06585717219803655,-0.37707048050879827,56,0.9216578166636328,1,0,0
Priority assets,e5-x40-s3,full,gross,60,0.08672528522040612,-0.35491714155817145,58,1.3680676798943845,1,0,0
Priority assets,e5-x40-s3,validation,normal,60,0.06613777423666434,-0.3669437655465385,53,0.4697213300814411,1,2,0
Priority assets,e5-x40-s3,validation,double,60,0.05215219924094705,-0.377070480508798,50,0.3768114290212642,1,2,0
Priority assets,e5-x40-s3,validation,gross,60,0.07612950760331838,-0.3549171415581718,56,0.5895431820386551,1,2,0
Priority assets,e5-x55-s0,full,normal,60,0.08520061814015978,-0.3830355880237356,57,1.3920706657947328,1,0,0
Priority assets,e5-x55-s0,full,double,60,0.07773558772941158,-0.3884854229658378,57,1.2232368731946055,1,0,0
Priority assets,e5-x55-s0,full,gross,60,0.09211439841694613,-0.37147635763140396,58,1.5601411279577098,1,0,0
Priority assets,e5-x55-s0,validation,normal,60,0.07079687466853002,-0.3830355880237357,52,0.4810779719913695,1,2,0
Priority assets,e5-x55-s0,validation,double,60,0.0663036163087386,-0.3884854229658378,50,0.40665561940908,1,2,0
Priority assets,e5-x55-s0,validation,gross,60,0.07841095485036897,-0.37147635763140396,55,0.5826338968067328,1,2,0
Priority assets,e5-x55-s2,full,normal,60,0.08365860062879227,-0.3923996198074233,58,1.3574310929986975,1,0,0
Priority assets,e5-x55-s2,full,double,60,0.07184735794574126,-0.41521374594847493,57,1.0962209830057645,1,0,0
Priority assets,e5-x55-s2,full,gross,60,0.09286702486714049,-0.37451525188303275,59,1.5792911690770042,1,0,0
Priority assets,e5-x55-s2,validation,normal,60,0.06787482132973544,-0.3874287946582913,53,0.49521533976173326,1,2,0
Priority assets,e5-x55-s2,validation,double,60,0.06282380464368698,-0.40957972397230485,49,0.39891509805033376,1,2,0
Priority assets,e5-x55-s2,validation,gross,60,0.0770009327536001,-0.37451525188303275,57,0.6092214494117462,1,2,0
Priority assets,e5-x55-s3,full,normal,60,0.08453888225934214,-0.3769930210559461,58,1.3801550555600963,1,0,0
Priority assets,e5-x55-s3,full,double,60,0.07795678782981119,-0.38884015198832006,57,1.231786137058069,1,0,0
Priority assets,e5-x55-s3,full,gross,60,0.09294986136374095,-0.36281130850076687,58,1.5816500769412816,1,0,0
Priority assets,e5-x55-s3,validation,normal,60,0.0809823792848432,-0.37699302105594623,53,0.6570241482925132,1,2,0
Priority assets,e5-x55-s3,validation,double,60,0.07174640845086444,-0.38884015198831984,52,0.5266377501197453,1,2,0
Priority assets,e5-x55-s3,validation,gross,60,0.09117937796556663,-0.3628113085007669,56,0.7524166660348848,1,2,0
Priority assets,e5-x70-s0,full,normal,60,0.08954407516247498,-0.3724427754886174,58,1.4984314698267809,1,0,0
Priority assets,e5-x70-s0,full,double,60,0.08485351653301565,-0.3840290812611147,57,1.3852301284966035,1,0,0
Priority assets,e5-x70-s0,full,gross,60,0.09551119468190772,-0.3606760798878307,59,1.6471107719453677,1,0,0
Priority assets,e5-x70-s0,validation,normal,60,0.07985411841800916,-0.37244277548861776,53,0.5774133800636747,2,2,0
Priority assets,e5-x70-s0,validation,double,60,0.06993669656760682,-0.3840290812611147,52,0.5014977609611746,2,2,0
Priority assets,e5-x70-s0,validation,gross,60,0.08647602212136385,-0.3606760798878305,56,0.6363789434508732,2,2,0
Priority assets,e5-x70-s2,full,normal,60,0.08715804737620458,-0.38188757099358,58,1.4319674019068438,1,0,0
Priority assets,e5-x70-s2,full,double,60,0.07919378177136649,-0.39505563950313305,57,1.2547079110349153,1,0,0
Priority assets,e5-x70-s2,full,gross,60,0.09517503473808708,-0.3614451993011628,59,1.5793286508750417,1,0,0
Priority assets,e5-x70-s2,validation,normal,60,0.07241363830949932,-0.38188757099358034,55,0.5310017814084701,2,2,0
Priority assets,e5-x70-s2,validation,double,60,0.06815562926621699,-0.3918688170517952,53,0.4476358659852062,2,2,0
Priority assets,e5-x70-s2,validation,gross,60,0.08042380886856382,-0.36144519930116287,57,0.6191354803630741,2,2,0
Priority assets,e5-x70-s3,full,normal,60,0.09152617960732967,-0.36915763064782947,59,1.5452742083105122,1,0,0
Priority assets,e5-x70-s3,full,double,60,0.08590446755879522,-0.3754747430394912,58,1.4087048560307618,1,0,0
Priority assets,e5-x70-s3,full,gross,60,0.0958777381404281,-0.36281130850076687,60,1.6457535891839907,1,0,0
Priority assets,e5-x70-s3,validation,normal,60,0.0838774637029347,-0.3691576306478295,55,0.6223261870776635,2,2,0
Priority assets,e5-x70-s3,validation,double,60,0.07117279915368302,-0.375474743039491,53,0.5496822470370599,2,2,0
Priority assets,e5-x70-s3,validation,gross,60,0.0898443729151478,-0.3628113085007669,56,0.6984349466553074,2,2,0
Priority assets,e10-x40-s0,full,normal,60,0.05660691726709732,-0.3398619331412666,58,0.7991895791811173,2,0,0
Priority assets,e10-x40-s0,full,double,60,0.0503330612534485,-0.353073864639776,57,0.6785013272874157,2,0,0
Priority assets,e10-x40-s0,full,gross,60,0.06289020116377964,-0.3277956651321692,59,0.9166572310482288,2,0,0
Priority assets,e10-x40-s0,validation,normal,60,0.04494685024730227,-0.33214348816896777,46,0.30479752178289055,3,2,0
Priority assets,e10-x40-s0,validation,double,60,0.03730769504948095,-0.344717085988796,44,0.2584713563711478,3,2,0
Priority assets,e10-x40-s0,validation,gross,60,0.0532592850078083,-0.3193639884638601,50,0.3606256948680385,3,2,0
Priority assets,e10-x40-s2,full,normal,60,0.05298368934837783,-0.3258846664792663,57,0.7119454374022526,2,0,0
Priority assets,e10-x40-s2,full,double,60,0.044027256838025774,-0.3443195490272031,55,0.5774343277147979,2,0,0
Priority assets,e10-x40-s2,full,gross,60,0.06254522216142788,-0.3107745385691008,58,0.9106944660017233,2,0,0
Priority assets,e10-x40-s2,validation,normal,60,0.05035748497757164,-0.32156181217193386,48,0.3549443546972635,2,2,0
Priority assets,e10-x40-s2,validation,double,60,0.04196163967777866,-0.33808260691090003,45,0.28497311907344036,2,2,0
Priority assets,e10-x40-s2,validation,gross,60,0.05655877256174824,-0.3068242212223476,54,0.429702485052333,2,2,0
Priority assets,e10-x40-s3,full,normal,60,0.05827319075197168,-0.33888791334681817,58,0.7737275423025698,2,0,0
Priority assets,e10-x40-s3,full,double,60,0.05015436271045193,-0.3624314506327606,58,0.6549709663313241,2,0,0
Priority assets,e10-x40-s3,full,gross,60,0.06643068269181618,-0.325909878544366,59,0.9006474932741072,2,0,0
Priority assets,e10-x40-s3,validation,normal,60,0.04593242884977011,-0.33408186864985073,47,0.3092445347040216,3,2,0
Priority assets,e10-x40-s3,validation,double,60,0.0378437200623688,-0.3516523174086038,44,0.25852227218690604,3,2,0
Priority assets,e10-x40-s3,validation,gross,60,0.05419341745945461,-0.31335399484122883,54,0.37813195186164894,3,2,0
Priority assets,e10-x55-s0,full,normal,60,0.0701561874954586,-0.36825927100649336,58,1.0611727819466688,2,0,0
Priority assets,e10-x55-s0,full,double,60,0.06436046373815585,-0.38639919224522423,57,0.9451366206030877,2,0,0
Priority assets,e10-x55-s0,full,gross,60,0.07577178742495527,-0.3561054228145145,59,1.1795352556416838,2,0,0
Priority assets,e10-x55-s0,validation,normal,60,0.054103999856273455,-0.3601275806051784,47,0.30519734494043127,3,2,0
Priority assets,e10-x55-s0,validation,double,60,0.04720809008072657,-0.37729962311274856,45,0.25967249837321893,3,2,0
Priority assets,e10-x55-s0,validation,gross,60,0.0677655991992413,-0.3416195638550623,48,0.37789814279703904,3,2,0
Priority assets,e10-x55-s2,full,normal,60,0.07049194889396837,-0.34191236556961535,57,0.9794717481229197,2,0,0
Priority assets,e10-x55-s2,full,double,60,0.06111117462778226,-0.3547126666552635,55,0.8449388188949298,2,0,0
Priority assets,e10-x55-s2,full,gross,60,0.07820878950217558,-0.3225823790186826,59,1.123392947399383,2,0,0
Priority assets,e10-x55-s2,validation,normal,60,0.06095513548295861,-0.333341507373259,54,0.4029871036877892,2,2,0
Priority assets,e10-x55-s2,validation,double,60,0.04923574549020804,-0.34776658411677785,47,0.3213738069986817,2,2,0
Priority assets,e10-x55-s2,validation,gross,60,0.070045819743212,-0.3163256121843291,57,0.4899061535968492,2,2,0
Priority assets,e10-x55-s3,full,normal,60,0.06050186375645683,-0.361543668074608,58,0.871217612690877,2,0,0
Priority assets,e10-x55-s3,full,double,60,0.05379572234025043,-0.37530617666679494,58,0.7488079446819433,2,0,0
Priority assets,e10-x55-s3,full,gross,60,0.06768896690762694,-0.34887394620959145,59,1.0070688703096702,2,0,0
Priority assets,e10-x55-s3,validation,normal,60,0.05543290102850196,-0.3579564656933882,49,0.3131089767469547,3,2,0
Priority assets,e10-x55-s3,validation,double,60,0.04960566890215423,-0.37003197678800176,46,0.2667390283506861,3,2,0
Priority assets,e10-x55-s3,validation,gross,60,0.06044046429710237,-0.3408053508776147,54,0.39007594115699173,3,2,0
Priority assets,e10-x70-s0,full,normal,60,0.07712442305417522,-0.35266485277990006,60,1.1763995094108413,2,0,0
Priority assets,e10-x70-s0,full,double,60,0.0717526913491986,-0.36407087969057245,58,1.0713969139953274,2,0,0
Priority assets,e10-x70-s0,full,gross,60,0.0813556080476856,-0.34609254551988583,60,1.2572040422701354,2,0,0
Priority assets,e10-x70-s0,validation,normal,60,0.052203720170742596,-0.3473048735330243,49,0.32868113174076685,3,2,0
Priority assets,e10-x70-s0,validation,double,60,0.046809153226387235,-0.35739625838152106,48,0.27981226107841584,3,2,0
Priority assets,e10-x70-s0,validation,gross,60,0.05761166658967598,-0.3391928891674289,51,0.3795373868632357,3,2,0
Priority assets,e10-x70-s2,full,normal,60,0.07335963136428802,-0.3521808730868877,60,1.11866253806852,2,0,0
Priority assets,e10-x70-s2,full,double,60,0.06633779060928946,-0.3660726548678274,59,0.9488686749840914,2,0,0
Priority assets,e10-x70-s2,full,gross,60,0.0804085244309668,-0.3283192481957476,60,1.2820908643632938,2,0,0
Priority assets,e10-x70-s2,validation,normal,60,0.06523077930644239,-0.33454997227594147,55,0.501834327604873,2,2,0
Priority assets,e10-x70-s2,validation,double,60,0.058549770576350246,-0.3454013485983511,51,0.41969298379290887,2,2,0
Priority assets,e10-x70-s2,validation,gross,60,0.07514265437100909,-0.31802887572251326,57,0.5886627537727964,2,2,0
Priority assets,e10-x70-s3,full,normal,60,0.07340583649888155,-0.34000473286736826,60,1.0954930150877675,2,0,0
Priority assets,e10-x70-s3,full,double,60,0.06741402187168777,-0.3448410380877663,59,0.94174965726295,2,0,0
Priority assets,e10-x70-s3,full,gross,60,0.07794092133755193,-0.33514878551641686,60,1.2138332037878135,2,0,0
Priority assets,e10-x70-s3,validation,normal,60,0.06111853688812241,-0.32627690568054957,53,0.4538782409397466,3,2,0
Priority assets,e10-x70-s3,validation,double,60,0.05654769723465258,-0.3338327759476875,50,0.3890525329734136,3,2,0
Priority assets,e10-x70-s3,validation,gross,60,0.06862383558011265,-0.3186624784089809,55,0.5214811566570495,3,2,0
Priority assets,e15-x40-s0,full,normal,60,0.0639588768915611,-0.33796479166218124,59,0.8552135024852534,2,0,0
Priority assets,e15-x40-s0,full,double,60,0.0571663560941984,-0.3505388050412581,58,0.7494039522699508,2,0,0
Priority assets,e15-x40-s0,full,gross,60,0.07040540134170059,-0.3213632494726646,59,0.9850291138394706,2,0,0
Priority assets,e15-x40-s0,validation,normal,60,0.053584210336057314,-0.31626821356874824,48,0.35301107834310297,3,2,0
Priority assets,e15-x40-s0,validation,double,60,0.04890442725488142,-0.3289097756410301,43,0.2915840089260753,3,2,0
Priority assets,e15-x40-s0,validation,gross,60,0.05827772111581642,-0.3034206228400004,53,0.4171636116421634,3,2,0
Priority assets,e15-x40-s2,full,normal,60,0.04604197212795047,-0.3188490443236351,57,0.6163410963558169,2,0,0
Priority assets,e15-x40-s2,full,double,60,0.03818665466907112,-0.33878204741097895,55,0.49146140615168565,2,0,0
Priority assets,e15-x40-s2,full,gross,60,0.053932465267586216,-0.2936943071711427,57,0.7512477515261115,2,0,0
Priority assets,e15-x40-s2,validation,normal,60,0.04618366765302029,-0.3149239624413938,51,0.32956052859369567,2,2,0
Priority assets,e15-x40-s2,validation,double,60,0.03752718552930412,-0.33005133938597736,46,0.25824274108856804,2,2,0
Priority assets,e15-x40-s2,validation,gross,60,0.054885509216712425,-0.2919469559979902,52,0.40270278976347973,2,2,0
Priority assets,e15-x40-s3,full,normal,60,0.05884616790388886,-0.33210542690453854,59,0.792400824722483,2,0,0
Priority assets,e15-x40-s3,full,double,60,0.04967728030989427,-0.342713396305213,58,0.6239333131760056,2,0,0
Priority assets,e15-x40-s3,full,gross,60,0.06712864711655497,-0.3205928608817066,59,0.9786303817086729,2,0,0
Priority assets,e15-x40-s3,validation,normal,60,0.05504468285951658,-0.3174913852780636,50,0.3441351333969389,3,2,0
Priority assets,e15-x40-s3,validation,double,60,0.04991381248550375,-0.33418206756615826,49,0.2903165976469745,3,2,0
Priority assets,e15-x40-s3,validation,gross,60,0.06263859715835263,-0.3044886506142965,55,0.4189938986518337,3,2,0
Priority assets,e15-x55-s0,full,normal,60,0.06865531118378998,-0.35547903469515385,60,1.0306587061095944,2,0,0
Priority assets,e15-x55-s0,full,double,60,0.06379557301675087,-0.3661354391416963,59,0.9341943897027631,2,0,0
Priority assets,e15-x55-s0,full,gross,60,0.07352215452955657,-0.343494249173344,60,1.1316677043918408,2,0,0
Priority assets,e15-x55-s0,validation,normal,60,0.06462990833527427,-0.35108116294134695,49,0.4568229816840744,5,2,0
Priority assets,e15-x55-s0,validation,double,60,0.059732206437258184,-0.3586418226989242,47,0.40483942607865164,5,2,0
Priority assets,e15-x55-s0,validation,gross,60,0.07057759879079117,-0.33863061482412576,53,0.5005093923026313,5,2,0
Priority assets,e15-x55-s2,full,normal,60,0.05968228604045145,-0.326156417375882,58,0.859174208779676,2,0,0
Priority assets,e15-x55-s2,full,double,60,0.05212909122319653,-0.34061722699590136,57,0.7214093605553802,2,0,0
Priority assets,e15-x55-s2,full,gross,60,0.07219633088699096,-0.3075716066651989,59,1.007825195702169,2,0,0
Priority assets,e15-x55-s2,validation,normal,60,0.06486487318044598,-0.3222521180038959,51,0.44548025511953593,2,2,0
Priority assets,e15-x55-s2,validation,double,60,0.05743468110248284,-0.33451561579025557,48,0.3921095185650364,2,2,0
Priority assets,e15-x55-s2,validation,gross,60,0.07107835050883426,-0.30757160666519895,54,0.5006430189148418,2,2,0
Priority assets,e15-x55-s3,full,normal,60,0.06643851676619161,-0.3518559819552029,59,0.9862344441161736,2,0,0
Priority assets,e15-x55-s3,full,double,60,0.06060668976030947,-0.364218294984086,59,0.8738886818190226,2,0,0
Priority assets,e15-x55-s3,full,gross,60,0.07233275113864823,-0.34118059428750047,59,1.1062808273140925,2,0,0
Priority assets,e15-x55-s3,validation,normal,60,0.06174719073758472,-0.34161151227809056,53,0.4188149051333565,3,2,0
Priority assets,e15-x55-s3,validation,double,60,0.05491802086971487,-0.35818971583265724,53,0.3557557281549193,3,2,0
Priority assets,e15-x55-s3,validation,gross,60,0.067443765067278,-0.3248158872987022,57,0.4846336851176942,3,2,0
Priority assets,e15-x70-s0,full,normal,60,0.07422910691732498,-0.3552103047139218,60,1.1468598004676838,2,0,0
Priority assets,e15-x70-s0,full,double,60,0.06955640944255614,-0.3610145970502475,60,1.048922828483669,2,0,0
Priority assets,e15-x70-s0,full,gross,60,0.0789075881292961,-0.349148765597764,60,1.2494896652673457,2,0,0
Priority assets,e15-x70-s0,validation,normal,60,0.07360346839308196,-0.35061877843933476,52,0.39698167737723944,5,2,0
Priority assets,e15-x70-s0,validation,double,60,0.06862216015034295,-0.35608493771327027,51,0.36561740590275826,5,2,0
Priority assets,e15-x70-s0,validation,gross,60,0.07859255713395996,-0.3434607051808937,52,0.43235032083323943,5,2,0
Priority assets,e15-x70-s2,full,normal,60,0.06832095951107253,-0.3379040267303086,58,0.9178026756609126,2,0,0
Priority assets,e15-x70-s2,full,double,60,0.06184876220698954,-0.3512812174892797,57,0.8166532834042602,2,0,0
Priority assets,e15-x70-s2,full,gross,60,0.07481316389408377,-0.3245407407676195,59,1.0242765457894702,2,0,0
Priority assets,e15-x70-s2,validation,normal,60,0.06465523113306348,-0.3343117579081789,54,0.4763621340545522,3,2,0
Priority assets,e15-x70-s2,validation,double,60,0.05704711815486174,-0.3468849500463585,50,0.42510212934932556,3,2,0
Priority assets,e15-x70-s2,validation,gross,60,0.07121451021023639,-0.3193991504788508,55,0.5293315011773858,3,2,0
Priority assets,e15-x70-s3,full,normal,60,0.07106767232458733,-0.33548092199876756,60,1.0800830458576263,2,0,0
Priority assets,e15-x70-s3,full,double,60,0.06380897332949209,-0.35047153643990736,60,0.9344049369140401,2,0,0
Priority assets,e15-x70-s3,full,gross,60,0.07674099440348436,-0.32271346765887327,60,1.2004933330828367,2,0,0
Priority assets,e15-x70-s3,validation,normal,60,0.06674417155670143,-0.318664731213296,57,0.4609830800782999,3,2,0
Priority assets,e15-x70-s3,validation,double,60,0.060539614563622224,-0.32816944922773583,51,0.40871633067573654,3,2,0
Priority assets,e15-x70-s3,validation,gross,60,0.07296343839930708,-0.307927141611158,57,0.5151039995632635,3,2,0
Priority assets,e20-x40-s0,full,normal,60,0.06051783271238553,-0.32528204512759107,58,0.8716667196726318,2,0,0
Priority assets,e20-x40-s0,full,double,60,0.05375123438100582,-0.3367569724939823,57,0.748001118909327,2,0,0
Priority assets,e20-x40-s0,full,gross,60,0.06614084212963667,-0.3064445989420994,59,0.9791391631569105,2,0,0
Priority assets,e20-x40-s0,validation,normal,60,0.05799171764171018,-0.30313244721662,48,0.39884063396873337,3,2,0
Priority assets,e20-x40-s0,validation,double,60,0.05001665072868622,-0.3129405030230087,44,0.34097291401772045,3,2,0
Priority assets,e20-x40-s0,validation,gross,60,0.06636652062217707,-0.293216564227408,49,0.4730928267652401,3,2,0
Priority assets,e20-x40-s2,full,normal,60,0.041872137577340984,-0.3156866734916412,57,0.5491667791722096,2,0,0
Priority assets,e20-x40-s2,full,double,60,0.03441023635950413,-0.3322936592379019,53,0.4347115391339136,2,0,0
Priority assets,e20-x40-s2,full,gross,60,0.049367414483397765,-0.29399023518155254,57,0.6724477542821066,2,0,0
Priority assets,e20-x40-s2,validation,normal,60,0.04106998372093573,-0.2882209994729435,49,0.26625183134863384,2,2,0
Priority assets,e20-x40-s2,validation,double,60,0.030669058633689517,-0.3074257921842809,46,0.21350481512348662,2,2,0
Priority assets,e20-x40-s2,validation,gross,60,0.048141469702921214,-0.2704265871000707,53,0.33205331581255726,2,2,0
Priority assets,e20-x40-s3,full,normal,60,0.056398192899502986,-0.3009014297735165,58,0.7962785513000412,2,0,0
Priority assets,e20-x40-s3,full,double,60,0.04988179650699731,-0.31484463949080893,56,0.6815648264465836,2,0,0
Priority assets,e20-x40-s3,full,gross,60,0.06293510901691135,-0.28955135973894636,60,0.9184355205088799,2,0,0
Priority assets,e20-x40-s3,validation,normal,60,0.052094724762709155,-0.29878960246301495,49,0.3484791676239337,2,2,0
Priority assets,e20-x40-s3,validation,double,60,0.044893115442177445,-0.31009027340802836,46,0.2887157180045934,2,2,0
Priority assets,e20-x40-s3,validation,gross,60,0.06275638897366287,-0.2878297124467593,56,0.4141351418891731,2,2,0
Priority assets,e20-x55-s0,full,normal,60,0.07463704016863004,-0.33420535057185924,59,1.0809009789208734,2,0,0
Priority assets,e20-x55-s0,full,double,60,0.07038863226293335,-0.3499606843554476,56,0.969048319129571,2,0,0
Priority assets,e20-x55-s0,full,gross,60,0.07888977400784525,-0.3252380212316217,59,1.1824928046014183,2,0,0
Priority assets,e20-x55-s0,validation,normal,60,0.06468221540697405,-0.31705901960731214,50,0.48183262533948845,6,2,0
Priority assets,e20-x55-s0,validation,double,60,0.058443604923413606,-0.3257357524959307,47,0.428287532014171,6,2,0
Priority assets,e20-x55-s0,validation,gross,60,0.06937887977325374,-0.30830329632249454,50,0.5371968657401315,6,2,0
Priority assets,e20-x55-s2,full,normal,60,0.06430970535730496,-0.32343148844715525,57,0.6153653844722422,2,0,0
Priority assets,e20-x55-s2,full,double,60,0.04924409156390386,-0.3366603375230066,52,0.5263415769369074,2,0,0
Priority assets,e20-x55-s2,full,gross,60,0.07439117801786455,-0.30492439324733633,57,0.7579550143037693,2,0,0
Priority assets,e20-x55-s2,validation,normal,60,0.05781235152466979,-0.3011368648709867,49,0.35935234383770787,3,2,0
Priority assets,e20-x55-s2,validation,double,60,0.04827148184306107,-0.30688026670549956,48,0.30346083132750323,3,2,0
Priority assets,e20-x55-s2,validation,gross,60,0.06582796659492252,-0.2846821403556689,54,0.4212035557626458,3,2,0
Priority assets,e20-x55-s3,full,normal,60,0.0723041390615663,-0.3235147219020639,59,1.031454963195328,2,0,0
Priority assets,e20-x55-s3,full,double,60,0.06581162288363862,-0.3384457812236548,58,0.9388139392777577,2,0,0
Priority assets,e20-x55-s3,full,gross,60,0.08281506952281659,-0.30766537958832646,60,1.1440116271407956,2,0,0
Priority assets,e20-x55-s3,validation,normal,60,0.06343281533009437,-0.3086918500805509,53,0.4464046083024712,5,2,0
Priority assets,e20-x55-s3,validation,double,60,0.04891685234996335,-0.31841985690944763,49,0.36729230408676217,5,2,0
Priority assets,e20-x55-s3,validation,gross,60,0.0735335600492737,-0.2988605105051363,56,0.5225596821175404,5,2,0
Priority assets,e20-x70-s0,full,normal,60,0.07566975370722884,-0.34784261163065366,60,1.06728183161924,2,0,0
Priority assets,e20-x70-s0,full,double,60,0.07163881349355139,-0.3563956633868259,60,0.9821018377028842,2,0,0
Priority assets,e20-x70-s0,full,gross,60,0.07970305157688784,-0.33923072897729256,60,1.161286247053388,2,0,0
Priority assets,e20-x70-s0,validation,normal,60,0.06240475606595597,-0.34048371242301173,50,0.4496688290531379,6,2,0
Priority assets,e20-x70-s0,validation,double,60,0.05538077090295279,-0.3512612617042398,48,0.4013815945127316,6,2,0
Priority assets,e20-x70-s0,validation,gross,60,0.06750328118560145,-0.3282301510775147,53,0.4997659526680074,6,2,0
Priority assets,e20-x70-s2,full,normal,60,0.058186028261762,-0.32647300827147296,58,0.8283074816090313,2,0,0
Priority assets,e20-x70-s2,full,double,60,0.05246256793386839,-0.33671707187111355,56,0.7256742594994238,2,0,0
Priority assets,e20-x70-s2,full,gross,60,0.06928921478119665,-0.3162135766312553,58,0.9367280027207702,2,0,0
Priority assets,e20-x70-s2,validation,normal,60,0.06805578085487629,-0.3237221759082987,50,0.4636059074146466,4,2,0
Priority assets,e20-x70-s2,validation,double,60,0.06141521960968244,-0.33399039211859616,48,0.4105623316859358,4,2,0
Priority assets,e20-x70-s2,validation,gross,60,0.07471251838460702,-0.3079619667918192,54,0.5268457664270639,4,2,0
Priority assets,e20-x70-s3,full,normal,60,0.07208286023684807,-0.3401395333554538,60,1.076583951498978,2,0,0
Priority assets,e20-x70-s3,full,double,60,0.06537541187293217,-0.35298010802662416,60,0.9347649095025569,2,0,0
Priority assets,e20-x70-s3,full,gross,60,0.07715532785487911,-0.32144593035310726,60,1.2024747311463793,2,0,0
Priority assets,e20-x70-s3,validation,normal,60,0.06928712629140255,-0.3168334814021973,53,0.5639529559186951,6,2,0
Priority assets,e20-x70-s3,validation,double,60,0.06381441684314226,-0.3248679261860005,50,0.5113138647149694,6,2,0
Priority assets,e20-x70-s3,validation,gross,60,0.08022308314375981,-0.30839318495525725,56,0.621711654019136,6,2,0
Priority assets,e25-x40-s0,full,normal,60,0.05259913611967726,-0.3143349166315008,58,0.6972111843469647,2,0,0
Priority assets,e25-x40-s0,full,double,60,0.04535968784469424,-0.3264017375752494,57,0.6051799829546907,2,0,0
Priority assets,e25-x40-s0,full,gross,60,0.05803896784824414,-0.303122377243161,59,0.7934037345824663,2,0,0
Priority assets,e25-x40-s0,validation,normal,60,0.0422602795000131,-0.3105759024261842,49,0.30750352805866765,4,2,0
Priority assets,e25-x40-s0,validation,double,60,0.035759199384928775,-0.32106518014623553,47,0.25908920762015974,4,2,0
Priority assets,e25-x40-s0,validation,gross,60,0.046630584206063475,-0.30103126229343125,49,0.3554106107776497,4,2,0
Priority assets,e25-x40-s2,full,normal,60,0.03373334219079316,-0.3207742103677766,54,0.425344480472973,2,0,0
Priority assets,e25-x40-s2,full,double,60,0.027935286985076746,-0.33657285930861564,49,0.3417065878095087,2,0,0
Priority assets,e25-x40-s2,full,gross,60,0.03955334150021661,-0.3013880797395732,56,0.5147705997510086,2,0,0
Priority assets,e25-x40-s2,validation,normal,60,0.030456438698649113,-0.3129984117466521,42,0.1962814507964552,2,2,0
Priority assets,e25-x40-s2,validation,double,60,0.02795575720507204,-0.33189013375645227,39,0.17100420061082877,2,2,0
Priority assets,e25-x40-s2,validation,gross,60,0.03420971311627574,-0.29052914993121454,48,0.2305013236231127,2,2,0
Priority assets,e25-x40-s3,full,normal,60,0.047610161412214747,-0.30383846990105234,58,0.5268660728347141,2,0,0
Priority assets,e25-x40-s3,full,double,60,0.0339861910269067,-0.31500094755860586,57,0.4283147549287226,2,0,0
Priority assets,e25-x40-s3,full,gross,60,0.05360086052124868,-0.29253296683979335,58,0.6319999976842401,2,0,0
Priority assets,e25-x40-s3,validation,normal,60,0.03600527433824907,-0.29800117973483736,49,0.255255030232574,2,2,0
Priority assets,e25-x40-s3,validation,double,60,0.02997760658660875,-0.3084544742238196,44,0.20508690425163023,2,2,0
Priority assets,e25-x40-s3,validation,gross,60,0.04509687566675258,-0.2874281412230042,52,0.31569350014826125,2,2,0
Priority assets,e25-x55-s0,full,normal,60,0.06459266298781774,-0.32139376167066,57,0.949720279344869,2,0,0
Priority assets,e25-x55-s0,full,double,60,0.059696691943898705,-0.3356428241417658,54,0.8561271670614106,2,0,0
Priority assets,e25-x55-s0,full,gross,60,0.06990262501876154,-0.30703158517269,59,1.0559903217399684,2,0,0
Priority assets,e25-x55-s0,validation,normal,60,0.05268292001446173,-0.3082917261665338,48,0.32792628506450905,6,2,0
Priority assets,e25-x55-s0,validation,double,60,0.04835335487039594,-0.31786410572223317,46,0.29393708170087174,6,2,0
Priority assets,e25-x55-s0,validation,gross,60,0.057018244311166866,-0.2963199238424811,48,0.36762885338361684,6,2,0
Priority assets,e25-x55-s2,full,normal,60,0.06176515061530308,-0.30349253692455097,54,0.7149278466248892,2,0,0
Priority assets,e25-x55-s2,full,double,60,0.05085689799002879,-0.3215030658863334,52,0.6057539181799968,2,0,0
Priority assets,e25-x55-s2,full,gross,60,0.07033673163554544,-0.2877629590661303,55,0.8316591867601772,2,0,0
Priority assets,e25-x55-s2,validation,normal,60,0.04677090902673908,-0.29338291877018013,47,0.3134000481867255,3,2,0
Priority assets,e25-x55-s2,validation,double,60,0.04002470539401004,-0.31054303296213104,45,0.26177784738176213,3,2,0
Priority assets,e25-x55-s2,validation,gross,60,0.0535386585153399,-0.2774238151105194,49,0.36605689316536827,3,2,0
Priority assets,e25-x55-s3,full,normal,60,0.06923902006447291,-0.31911019487480413,57,0.9860136447534258,2,0,0
Priority assets,e25-x55-s3,full,double,60,0.06437333431672898,-0.32919064586356483,54,0.9137536993386026,2,0,0
Priority assets,e25-x55-s3,full,gross,60,0.07511346021819032,-0.30891594409088974,57,1.102559181317717,2,0,0
Priority assets,e25-x55-s3,validation,normal,60,0.04950771546127164,-0.311249082127547,50,0.2676359837371848,5,2,0
Priority assets,e25-x55-s3,validation,double,60,0.042521574477388024,-0.32238115022901465,47,0.24705381660078318,5,2,0
Priority assets,e25-x55-s3,validation,gross,60,0.0565135529427081,-0.2976845261937994,51,0.30745260101295946,5,2,0
Priority assets,e25-x70-s0,full,normal,60,0.0626250389773203,-0.34335521888460346,60,0.9115922809962067,2,0,0
Priority assets,e25-x70-s0,full,double,60,0.05837738022972283,-0.3490888395200713,60,0.8316093839538016,2,0,0
Priority assets,e25-x70-s0,full,gross,60,0.06863195400006206,-0.33540348982443097,60,0.9948472955233066,2,0,0
Priority assets,e25-x70-s0,validation,normal,60,0.053430489855019525,-0.3002749839428922,48,0.39892359818018697,7,2,0
Priority assets,e25-x70-s0,validation,double,60,0.050115436762895316,-0.3102371283858773,47,0.36012388529853323,7,2,0
Priority assets,e25-x70-s0,validation,gross,60,0.058110926386323425,-0.2901425366369173,51,0.4254922518303146,7,2,0
Priority assets,e25-x70-s2,full,normal,60,0.05405342057137574,-0.3251838826750297,54,0.7534015987042709,2,0,0
Priority assets,e25-x70-s2,full,double,60,0.048226645858210015,-0.3358356071367098,53,0.6526802971837234,2,0,0
Priority assets,e25-x70-s2,full,gross,60,0.06695651441505812,-0.31234181785223747,58,0.8817842862088506,2,0,0
Priority assets,e25-x70-s2,validation,normal,60,0.059888337841083494,-0.3021189582299947,48,0.37812136231509186,5,2,0
Priority assets,e25-x70-s2,validation,double,60,0.053168430447547155,-0.3172244421870504,47,0.3199577802556287,5,2,0
Priority assets,e25-x70-s2,validation,gross,60,0.06662780311690697,-0.2898578588178048,49,0.4577321770857028,5,2,0
Priority assets,e25-x70-s3,full,normal,60,0.06285596735683541,-0.3420253097344878,58,0.9162931471711954,2,0,0
Priority assets,e25-x70-s3,full,double,60,0.05851347944502727,-0.3531702336397817,57,0.8348268981508093,2,0,0
Priority assets,e25-x70-s3,full,gross,60,0.06720376684501828,-0.3296321296188511,60,1.001327356450806,2,0,0
Priority assets,e25-x70-s3,validation,normal,60,0.0634558527450847,-0.30760502466941486,48,0.4280417306571884,7,2,0
Priority assets,e25-x70-s3,validation,double,60,0.05718867494886526,-0.31611559040145526,48,0.3950690480373632,7,2,0
Priority assets,e25-x70-s3,validation,gross,60,0.07025625111572864,-0.2990149376297227,53,0.468989796908438,7,2,0
Priority assets,e30-x40-s0,full,normal,60,0.04529579046412002,-0.3232927977413733,57,0.6040645886554635,2,0,0
Priority assets,e30-x40-s0,full,double,60,0.04024043904714958,-0.3311697808410309,55,0.5232266215785394,2,0,0
Priority assets,e30-x40-s0,full,gross,60,0.0513774960807436,-0.31535149918090427,57,0.6888899880546547,2,0,0
Priority assets,e30-x40-s0,validation,normal,60,0.04411235066644348,-0.32102740441424715,49,0.25622200354411995,6,2,0
Priority assets,e30-x40-s0,validation,double,60,0.0382767924859877,-0.3311697808410309,46,0.22080142260815472,6,2,0
Priority assets,e30-x40-s0,validation,gross,60,0.04874556411142672,-0.30735213981446763,53,0.29253012133150047,6,2,0
Priority assets,e30-x40-s2,full,normal,60,0.028447751528724585,-0.3047798943649355,53,0.34886986743027903,2,0,0
Priority assets,e30-x40-s2,full,double,60,0.023331623802715695,-0.32009107872890036,49,0.27892054280033496,2,0,0
Priority assets,e30-x40-s2,full,gross,60,0.03502834875655447,-0.28647117900905406,58,0.4437609571747533,2,0,0
Priority assets,e30-x40-s2,validation,normal,60,0.02835683007490264,-0.2955377958951827,42,0.20184956794543696,3,2,0
Priority assets,e30-x40-s2,validation,double,60,0.025837460013566238,-0.3115104925184633,41,0.1762250585261741,3,2,0
Priority assets,e30-x40-s2,validation,gross,60,0.031092462998671855,-0.27474734246089777,47,0.22155320981037607,3,2,0
Priority assets,e30-x40-s3,full,normal,60,0.0315871282459369,-0.3210481697479841,57,0.3933772162181488,2,0,0
Priority assets,e30-x40-s3,full,double,60,0.026808873389334575,-0.3358769439488716,55,0.3260486279376984,2,0,0
Priority assets,e30-x40-s3,full,gross,60,0.03781990320338646,-0.30533260606879314,58,0.48582598967657464,2,0,0
Priority assets,e30-x40-s3,validation,normal,60,0.03424570081537015,-0.3134199307885181,49,0.20855832361262927,3,2,0
Priority assets,e30-x40-s3,validation,double,60,0.029924736234296145,-0.32251467861089944,42,0.19967177081042597,3,2,0
Priority assets,e30-x40-s3,validation,gross,60,0.0385781410885262,-0.29937242521581214,53,0.23827131757011377,3,2,0
Priority assets,e30-x55-s0,full,normal,60,0.06272126872280293,-0.3273277303463835,57,0.9135968574816454,3,0,0
Priority assets,e30-x55-s0,full,double,60,0.05716660918876704,-0.3409332923405322,57,0.8094622642932279,3,0,0
Priority assets,e30-x55-s0,full,gross,60,0.06820447382815209,-0.31461899735220117,59,1.021706834974554,3,0,0
Priority assets,e30-x55-s0,validation,normal,60,0.046802791837765256,-0.3043281822155731,47,0.2992402765914478,6,2,0
Priority assets,e30-x55-s0,validation,double,60,0.042917055629608014,-0.3153681309362926,45,0.2688707357708735,6,2,0
Priority assets,e30-x55-s0,validation,gross,60,0.050692584684505326,-0.2972478239465171,51,0.33026130073430526,6,2,0
Priority assets,e30-x55-s2,full,normal,60,0.04694380092627237,-0.30021850442572556,54,0.5460149968931276,3,0,0
Priority assets,e30-x55-s2,full,double,60,0.04154755109978581,-0.31401957123594354,50,0.48566051983685454,3,0,0
Priority assets,e30-x55-s2,full,gross,60,0.0525849171670687,-0.28229237759208115,58,0.6385872098401533,3,0,0
Priority assets,e30-x55-s2,validation,normal,60,0.03369604911226476,-0.28442687261126987,48,0.2475116786630892,4,2,0
Priority assets,e30-x55-s2,validation,double,60,0.03058573699706646,-0.2986565528962016,44,0.22265744422982325,4,2,0
Priority assets,e30-x55-s2,validation,gross,60,0.039825444148031575,-0.27091099067001934,50,0.297667168035886,4,2,0
Priority assets,e30-x55-s3,full,normal,60,0.0587613374579361,-0.31532346560926533,57,0.7928611381572627,3,0,0
Priority assets,e30-x55-s3,full,double,60,0.05278845468791615,-0.3264421152202946,56,0.6854052322732559,3,0,0
Priority assets,e30-x55-s3,full,gross,60,0.06444250816994412,-0.30548687936858204,58,0.9239078427730596,3,0,0
Priority assets,e30-x55-s3,validation,normal,60,0.037548840344025725,-0.30506043136332006,52,0.2526498098984411,5,2,0
Priority assets,e30-x55-s3,validation,double,60,0.0330484671078114,-0.31716715219322844,48,0.2296501012868939,5,2,0
Priority assets,e30-x55-s3,validation,gross,60,0.04398160769675763,-0.2960250630402431,53,0.2911018589249189,5,2,0
Priority assets,e30-x70-s0,full,normal,60,0.05501253899243097,-0.3410266424378645,59,0.7704782610912991,3,0,0
Priority assets,e30-x70-s0,full,double,60,0.051446765810406414,-0.3498830204647628,59,0.707940979652084,3,0,0
Priority assets,e30-x70-s0,full,gross,60,0.060207377087864056,-0.3298761605110621,59,0.8501072009673745,3,0,0
Priority assets,e30-x70-s0,validation,normal,60,0.04494659658477984,-0.29620654605838914,50,0.29435815705796,7,2,0
Priority assets,e30-x70-s0,validation,double,60,0.04008969476315993,-0.30181527616131243,47,0.2655266436979653,7,2,0
Priority assets,e30-x70-s0,validation,gross,60,0.050020897979678236,-0.2917524025981598,51,0.33270088882826865,7,2,0
Priority assets,e30-x70-s2,full,normal,60,0.044854723965068066,-0.30723830881439224,57,0.5941183691022689,3,0,0
Priority assets,e30-x70-s2,full,double,60,0.038816619400885544,-0.3158568536937166,55,0.4815985807305381,3,0,0
Priority assets,e30-x70-s2,full,gross,60,0.04985520940487298,-0.2987662703505633,59,0.6807771057525932,3,0,0
Priority assets,e30-x70-s2,validation,normal,60,0.05365459048371202,-0.29697089473617805,47,0.3958530707063115,5,2,0
Priority assets,e30-x70-s2,validation,double,60,0.04590751755279987,-0.31357582108929855,45,0.34918120358711735,5,2,0
Priority assets,e30-x70-s2,validation,gross,60,0.06015886216029509,-0.2807845628890066,52,0.4440152779377673,5,2,0
Priority assets,e30-x70-s3,full,normal,60,0.05781104178801233,-0.3414591494095532,58,0.8215846332943605,3,0,0
Priority assets,e30-x70-s3,full,double,60,0.05292637822938395,-0.3551093932340615,58,0.7342597498020929,3,0,0
Priority assets,e30-x70-s3,full,gross,60,0.06270237451941041,-0.32325015015884445,59,0.9131711834991878,3,0,0
Priority assets,e30-x70-s3,validation,normal,60,0.059329001564658146,-0.3161789606831639,52,0.39974463271916183,7,2,0
Priority assets,e30-x70-s3,validation,double,60,0.053555954662457994,-0.3272133974964432,51,0.3539025910340161,7,2,0
Priority assets,e30-x70-s3,validation,gross,60,0.065113140221713,-0.2983839838770392,54,0.4469742605103165,7,2,0
Priority assets,baseline-long,full,normal,60,0.022903751875491873,-0.22151677091744781,47,0.27322261420704985,1,0,0
Priority assets,baseline-long,full,double,60,0.011384169519402687,-0.2619306282583692,37,0.12840640404827397,1,0,0
Priority assets,baseline-long,full,gross,60,0.033801854730629466,-0.19845704900657613,56,0.39875454408414346,1,0,0
Priority assets,baseline-long,validation,normal,60,0.014858168644865666,-0.1994554573435005,39,0.10341238039755063,2,2,0
Priority assets,baseline-long,validation,double,60,0.0031647371490803877,-0.23282192785854916,31,0.021306184496835634,2,2,0
Priority assets,baseline-long,validation,gross,60,0.027399919524712435,-0.1823239857819735,53,0.192479652393315,2,2,0
Priority assets,baseline-short,full,normal,60,-0.05806616356387384,-0.5256923572265617,2,-0.4638320298253554,1,0,0
Priority assets,baseline-short,full,double,60,-0.06921912819960108,-0.5696711321285713,1,-0.5229501459628119,1,0,0
Priority assets,baseline-short,full,gross,60,-0.04513398844707078,-0.4701230105384472,4,-0.3889837868752721,1,0,0
Priority assets,baseline-short,validation,normal,60,-0.05733407221360026,-0.4501559087771707,3,-0.31552335941874077,2,2,0
Priority assets,baseline-short,validation,double,60,-0.0693971282761286,-0.4908818476882953,2,-0.3691170591051325,2,2,0
Priority assets,baseline-short,validation,gross,60,-0.04478313455584915,-0.40287496626569763,9,-0.2586969184350334,2,2,0
Priority assets,adaptive-common,validation,normal,60,0.06116354738555918,-0.3610524174177304,53,0.4861930781474917,3,2,0
Priority assets,adaptive-common,validation,double,60,0.053100621313137975,-0.3801519025890916,49,0.4123501264357028,3,2,0
Priority assets,adaptive-common,validation,gross,60,0.06834208406533815,-0.3440864202636167,56,0.5545858836709513,3,2,0
Priority assets,adaptive-class,validation,normal,60,0.0722918874620676,-0.3599171737564376,51,0.5160311288262802,3,2,0
Priority assets,adaptive-class,validation,double,60,0.06431776246456955,-0.3808136037042464,49,0.4351091814848136,3,2,0
Priority assets,adaptive-class,validation,gross,60,0.0801410806947036,-0.34009980355650893,55,0.6014963838740007,3,2,0
Whole universe,e5-x40-s0,full,normal,678,0.08018656339765184,-0.5107039851683549,572,1.2061122217664302,9,9,0
Whole universe,e5-x40-s0,full,double,678,0.06838429364995946,-0.5304296616595918,554,0.9853267322610496,9,9,0
Whole universe,e5-x40-s0,full,gross,678,0.0897798835675202,-0.49090079480989895,597,1.4481481140815753,9,9,0
Whole universe,e5-x40-s0,validation,normal,658,0.0705406968351584,-0.48609012820862385,510,0.5391208814937666,12,24,0
Whole universe,e5-x40-s0,validation,double,658,0.057644443677471346,-0.5031986188250649,484,0.4448381421719133,12,24,0
Whole universe,e5-x40-s0,validation,gross,658,0.08253591449345754,-0.4674614134902806,530,0.6711209845118501,12,24,0
Whole universe,e5-x40-s2,full,normal,678,0.06793624096613426,-0.5150825761833578,559,0.9825811637989568,8,9,0
Whole universe,e5-x40-s2,full,double,678,0.05586663792718949,-0.5445537932862249,528,0.761600785226139,8,9,0
Whole universe,e5-x40-s2,full,gross,678,0.08182187957716014,-0.48788301892761915,595,1.2663217117957035,8,9,0
Whole universe,e5-x40-s2,validation,normal,658,0.06294398633756404,-0.49169983774841963,495,0.46661080398892074,8,24,0
Whole universe,e5-x40-s2,validation,double,658,0.04876505735772585,-0.5167436430125689,464,0.3531693385239225,8,24,0
Whole universe,e5-x40-s2,validation,gross,658,0.07796869260802064,-0.4682658711947455,538,0.614344084024697,8,24,0
Whole universe,e5-x40-s3,full,normal,678,0.07511485254765271,-0.5148783102655318,573,1.1013862412603328,9,9,0
Whole universe,e5-x40-s3,full,double,678,0.06492151833985182,-0.5348014149283913,551,0.8949925263230872,9,9,0
Whole universe,e5-x40-s3,full,gross,678,0.08577697005477891,-0.49494569717066544,598,1.3481902715132918,9,9,0
Whole universe,e5-x40-s3,validation,normal,658,0.06555072729074385,-0.4865564841526014,503,0.5092158143710419,10,24,0
Whole universe,e5-x40-s3,validation,double,658,0.052242592269251986,-0.506367522626805,476,0.39012719280658104,10,24,0
Whole universe,e5-x40-s3,validation,gross,658,0.07894149391440253,-0.4678529022715972,545,0.6410164999800072,10,24,0
Whole universe,e5-x55-s0,full,normal,678,0.08764737187521232,-0.5069187743379255,579,1.3927713473157641,10,9,0
Whole universe,e5-x55-s0,full,double,678,0.0787156063704233,-0.5229815607847786,564,1.2101294699476783,10,9,0
Whole universe,e5-x55-s0,full,gross,678,0.09591288671789522,-0.49051545775767574,603,1.5908182061448652,10,9,0
Whole universe,e5-x55-s0,validation,normal,658,0.07783374381218855,-0.47778038628481617,520,0.608341556338058,17,24,0
Whole universe,e5-x55-s0,validation,double,658,0.06871768035896286,-0.49207394537451604,500,0.49910339057188047,17,24,0
Whole universe,e5-x55-s0,validation,gross,658,0.08962881815764767,-0.4668263885583477,544,0.7164387670796044,17,24,0
Whole universe,e5-x55-s2,full,normal,678,0.07956691196929278,-0.5170457095127462,563,1.2009342589518446,10,9,0
Whole universe,e5-x55-s2,full,double,678,0.06728899380709508,-0.5393583662990422,548,0.9470011211986231,10,9,0
Whole universe,e5-x55-s2,full,gross,678,0.09065947716303813,-0.49364578611206045,593,1.4922511346650302,10,9,0
Whole universe,e5-x55-s2,validation,normal,658,0.07336323772016906,-0.489637662188069,515,0.5689930278390423,11,24,0
Whole universe,e5-x55-s2,validation,double,658,0.060414116788634176,-0.5082740011963462,483,0.4440194210116999,11,24,0
Whole universe,e5-x55-s2,validation,gross,658,0.0868014226647269,-0.46917500060400685,541,0.6861635468770175,11,24,0
Whole universe,e5-x55-s3,full,normal,678,0.08756395845963827,-0.5047329244231471,579,1.3687500778988368,10,9,0
Whole universe,e5-x55-s3,full,double,678,0.07772244057015021,-0.5247227854747145,560,1.1630015924247243,10,9,0
Whole universe,e5-x55-s3,full,gross,678,0.09658950608120231,-0.4864980240830489,593,1.5850879537561273,10,9,0
Whole universe,e5-x55-s3,validation,normal,658,0.07850248481834554,-0.4857200676070894,527,0.6160902223459102,15,24,0
Whole universe,e5-x55-s3,validation,double,658,0.0670578603673504,-0.5007722663946405,503,0.5109995956678028,15,24,0
Whole universe,e5-x55-s3,validation,gross,658,0.0902471352158275,-0.47124502160468007,550,0.7200122384286404,15,24,0
Whole universe,e5-x70-s0,full,normal,678,0.09123898912656725,-0.50217042520319,589,1.465526875147778,16,9,0
Whole universe,e5-x70-s0,full,double,678,0.08323633694640886,-0.5136979637562074,577,1.2939830889069408,16,9,0
Whole universe,e5-x70-s0,full,gross,678,0.09875361541395977,-0.48844418349069924,603,1.656954488315329,16,9,0
Whole universe,e5-x70-s0,validation,normal,658,0.08440087503228144,-0.478095913773827,525,0.6838570494668162,23,24,0
Whole universe,e5-x70-s0,validation,double,658,0.07586005869550816,-0.4921545012951503,504,0.5905008932778871,23,24,0
Whole universe,e5-x70-s0,validation,gross,658,0.09371707526825124,-0.4629702165755162,544,0.7996642568047087,23,24,0
Whole universe,e5-x70-s2,full,normal,678,0.08041776766712483,-0.5145915539881258,580,1.2284901056221325,12,9,0
Whole universe,e5-x70-s2,full,double,678,0.07138006688040666,-0.5362233111050996,552,1.0449387001559134,12,9,0
Whole universe,e5-x70-s2,full,gross,678,0.09096034178719403,-0.49495827260219666,598,1.4788512502142337,12,9,0
Whole universe,e5-x70-s2,validation,normal,658,0.08236172163140709,-0.4897273986917707,524,0.65104071450992,17,24,0
Whole universe,e5-x70-s2,validation,double,658,0.07212713902234424,-0.5067727752178687,503,0.5485683949235182,17,24,0
Whole universe,e5-x70-s2,validation,gross,658,0.09183965520507187,-0.47190341151544457,541,0.7681602447404171,17,24,0
Whole universe,e5-x70-s3,full,normal,678,0.08760309415796819,-0.5037324108776893,580,1.408918052333261,12,9,0
Whole universe,e5-x70-s3,full,double,678,0.0802924954868589,-0.518104853560873,570,1.2140805317043775,12,9,0
Whole universe,e5-x70-s3,full,gross,678,0.09543453453533945,-0.4855155364067148,600,1.6052089372017269,12,9,0
Whole universe,e5-x70-s3,validation,normal,658,0.08869131449314205,-0.4821417470083181,531,0.7241070286080209,22,24,0
Whole universe,e5-x70-s3,validation,double,658,0.08037522052408608,-0.49572438553178955,510,0.6361493349824111,22,24,0
Whole universe,e5-x70-s3,validation,gross,658,0.09765421957632503,-0.46989840367850455,548,0.8236640711773301,22,24,0
Whole universe,e10-x40-s0,full,normal,678,0.0642395329694968,-0.49165472908042246,568,0.9215730860640367,12,9,0
Whole universe,e10-x40-s0,full,double,678,0.055349128267736414,-0.5095721747623287,551,0.7406035654743999,12,9,0
Whole universe,e10-x40-s0,full,gross,678,0.07337693475880858,-0.473541022922058,584,1.102134188757326,12,9,0
Whole universe,e10-x40-s0,validation,normal,658,0.055762530368874574,-0.4764681518518735,494,0.40867613942398273,17,24,0
Whole universe,e10-x40-s0,validation,double,658,0.045434747465170955,-0.4922330360829787,464,0.32260427866655184,17,24,0
Whole universe,e10-x40-s0,validation,gross,658,0.06677241915255294,-0.46077281037235046,520,0.5057708006401946,17,24,0
Whole universe,e10-x40-s2,full,normal,678,0.05310284714381874,-0.48449524460297216,531,0.711997765200524,10,9,0
Whole universe,e10-x40-s2,full,double,678,0.04285920906986718,-0.5102974040416999,498,0.5145650980437412,10,9,0
Whole universe,e10-x40-s2,full,gross,678,0.0653023480985987,-0.45735256762077325,564,0.8952076029268361,10,9,0
Whole universe,e10-x40-s2,validation,normal,658,0.04668095961807872,-0.4650862132909838,459,0.3295313141852485,11,24,0
Whole universe,e10-x40-s2,validation,double,658,0.03374493934124878,-0.4884435072093451,432,0.2336460018400104,11,24,0
Whole universe,e10-x40-s2,validation,gross,658,0.059011766627079076,-0.43861856982256353,496,0.4444321936201511,11,24,0
Whole universe,e10-x40-s3,full,normal,678,0.06135435061684735,-0.49254589506536073,568,0.8701007175082596,10,9,0
Whole universe,e10-x40-s3,full,double,678,0.05172085264682347,-0.5133619908876431,545,0.6806395312944111,10,9,0
Whole universe,e10-x40-s3,full,gross,678,0.07164782029585393,-0.4744545407616902,590,1.052621260655286,10,9,0
Whole universe,e10-x40-s3,validation,normal,658,0.055023040339875484,-0.47428985953815467,492,0.3751480486884242,16,24,0
Whole universe,e10-x40-s3,validation,double,658,0.04332483825352418,-0.49160093052744186,455,0.2936785620166531,16,24,0
Whole universe,e10-x40-s3,validation,gross,658,0.06437716253719228,-0.4555534152266859,523,0.4828753566773166,16,24,0
Whole universe,e10-x55-s0,full,normal,678,0.07511916283264586,-0.49277140214621623,567,1.1281216052637901,16,9,0
Whole universe,e10-x55-s0,full,double,678,0.0677581568624599,-0.5051117855421339,551,0.9703964988164961,16,9,0
Whole universe,e10-x55-s0,full,gross,678,0.08180143832612086,-0.4800070059843036,587,1.2842312078640186,16,9,0
Whole universe,e10-x55-s0,validation,normal,658,0.06648356683287804,-0.47110857365026615,500,0.5022060495166365,25,24,0
Whole universe,e10-x55-s0,validation,double,658,0.05641626230488728,-0.4858264876432369,480,0.41484384456951484,25,24,0
Whole universe,e10-x55-s0,validation,gross,658,0.07489146910997224,-0.45468334750417333,524,0.5771589100629154,25,24,0
Whole universe,e10-x55-s2,full,normal,678,0.06315537048460851,-0.48217205193616985,542,0.8988067541797845,12,9,0
Whole universe,e10-x55-s2,full,double,678,0.05197661038321799,-0.5023063937986969,511,0.6928091841166669,12,9,0
Whole universe,e10-x55-s2,full,gross,678,0.07400334772382344,-0.46004945411570153,570,1.0913744720606837,12,9,0
Whole universe,e10-x55-s2,validation,normal,658,0.059835261481399726,-0.45953810241670345,479,0.44052878227958103,14,24,0
Whole universe,e10-x55-s2,validation,double,658,0.04819367426940957,-0.48153854269981267,450,0.348689287788442,14,24,0
Whole universe,e10-x55-s2,validation,gross,658,0.07014395219415115,-0.4377555555992377,510,0.5520649895444131,14,24,0
Whole universe,e10-x55-s3,full,normal,678,0.07038064123622023,-0.4890074668225595,566,1.015182422764895,14,9,0
Whole universe,e10-x55-s3,full,double,678,0.06155010961647378,-0.5046091635346491,554,0.8635348927598885,14,9,0
Whole universe,e10-x55-s3,full,gross,678,0.07873526360120897,-0.4734257640739226,583,1.1962037302469979,14,9,0
Whole universe,e10-x55-s3,validation,normal,658,0.06898081547507406,-0.47313490029808,509,0.5168589235430986,20,24,0
Whole universe,e10-x55-s3,validation,double,658,0.060178203715872125,-0.49024467770675667,485,0.4241999925965053,20,24,0
Whole universe,e10-x55-s3,validation,gross,658,0.07744770891448283,-0.4593693484465159,533,0.6116259966578503,20,24,0
Whole universe,e10-x70-s0,full,normal,678,0.08040716045468776,-0.49608460038952623,580,1.2243230808720675,19,9,0
Whole universe,e10-x70-s0,full,double,678,0.07379748044247803,-0.5070392425070332,567,1.0824967168823083,19,9,0
Whole universe,e10-x70-s0,full,gross,678,0.08612884288762412,-0.4830681418573118,591,1.3687646796177269,19,9,0
Whole universe,e10-x70-s0,validation,normal,658,0.073447931774825,-0.47725366315935264,514,0.5807118866177823,30,24,0
Whole universe,e10-x70-s0,validation,double,658,0.06611968458993922,-0.4892542178227761,500,0.5007976644696062,30,24,0
Whole universe,e10-x70-s0,validation,gross,658,0.08057083466488868,-0.4650547605250606,527,0.6482141226231968,30,24,0
Whole universe,e10-x70-s2,full,normal,678,0.06806392629237268,-0.4830510725469534,557,0.9790562265678425,15,9,0
Whole universe,e10-x70-s2,full,double,678,0.05949553315981049,-0.49904774354150444,527,0.8110597519455629,15,9,0
Whole universe,e10-x70-s2,full,gross,678,0.07651071437501122,-0.462280109048754,577,1.154304940304111,15,9,0
Whole universe,e10-x70-s2,validation,normal,658,0.06601042675426438,-0.456379127037705,498,0.5056214147728715,16,24,0
Whole universe,e10-x70-s2,validation,double,658,0.05526830540786809,-0.47682411952558273,472,0.4029633564137295,16,24,0
Whole universe,e10-x70-s2,validation,gross,658,0.07616696519985089,-0.4380354608448386,514,0.6042553891757166,16,24,0
Whole universe,e10-x70-s3,full,normal,678,0.07538695167484544,-0.49000157679680345,579,1.1467477446928471,18,9,0
Whole universe,e10-x70-s3,full,double,678,0.06906036043889818,-0.5046339287748034,553,1.0163855614627577,18,9,0
Whole universe,e10-x70-s3,full,gross,678,0.0829480945666905,-0.47328094899143935,593,1.3067707277364604,18,9,0
Whole universe,e10-x70-s3,validation,normal,658,0.07500728946918966,-0.46573033759668153,524,0.5823803571873869,22,24,0
Whole universe,e10-x70-s3,validation,double,658,0.06746733709397512,-0.47894573930824236,504,0.501022434065233,22,24,0
Whole universe,e10-x70-s3,validation,gross,658,0.08233410050874845,-0.4536635557056244,541,0.6566747895528917,22,24,0
Whole universe,e15-x40-s0,full,normal,678,0.05957233344614343,-0.48472257982564143,555,0.8259955436786456,13,9,0
Whole universe,e15-x40-s0,full,double,678,0.051516015819380145,-0.5027953190911336,538,0.692715182131345,13,9,0
Whole universe,e15-x40-s0,full,gross,678,0.06789796206248033,-0.4688616396866466,577,0.9941707746066397,13,9,0
Whole universe,e15-x40-s0,validation,normal,658,0.05244665803333337,-0.46441996460728724,472,0.38008251204736465,22,24,0
Whole universe,e15-x40-s0,validation,double,658,0.044189025248006386,-0.483178573567268,439,0.305787094433947,22,24,0
Whole universe,e15-x40-s0,validation,gross,658,0.06147951589765421,-0.4486278774112332,498,0.4566490700459469,22,24,0
Whole universe,e15-x40-s2,full,normal,678,0.04490105774637154,-0.4766355399745982,521,0.548674214914652,11,9,0
Whole universe,e15-x40-s2,full,double,678,0.03419726053056682,-0.5005736762282321,484,0.3977677472837169,11,9,0
Whole universe,e15-x40-s2,full,gross,678,0.05551381113565068,-0.45464895340485295,558,0.7386642329825096,11,9,0
Whole universe,e15-x40-s2,validation,normal,658,0.03677035108704818,-0.4445754957476889,439,0.25399149919083663,13,24,0
Whole universe,e15-x40-s2,validation,double,658,0.02578394425112085,-0.470589266544132,410,0.16446582380452512,13,24,0
Whole universe,e15-x40-s2,validation,gross,658,0.04780528084047031,-0.4196193875385607,472,0.3456268406067369,13,24,0
Whole universe,e15-x40-s3,full,normal,678,0.05610530981295514,-0.47658034197218835,558,0.7380870587967946,12,9,0
Whole universe,e15-x40-s3,full,double,678,0.04656952212282073,-0.4938870773392421,535,0.5799649306086633,12,9,0
Whole universe,e15-x40-s3,full,gross,678,0.06496471694492412,-0.45883972538816425,580,0.925923999778814,12,9,0
Whole universe,e15-x40-s3,validation,normal,658,0.050183351045220426,-0.4533663995526756,474,0.3597795913007845,18,24,0
Whole universe,e15-x40-s3,validation,double,658,0.03925234078302775,-0.4736182752687629,452,0.27710338319411887,18,24,0
Whole universe,e15-x40-s3,validation,gross,658,0.060079318182822306,-0.4352389434306835,502,0.4439010649147037,18,24,0
Whole universe,e15-x55-s0,full,normal,678,0.06802945094968471,-0.4949053065695834,562,0.9662877108454713,16,9,0
Whole universe,e15-x55-s0,full,double,678,0.060739712244190724,-0.5090488197489327,549,0.840045057083973,16,9,0
Whole universe,e15-x55-s0,full,gross,678,0.07528142082114508,-0.47929672484954045,575,1.115179414727968,16,9,0
Whole universe,e15-x55-s0,validation,normal,658,0.06066485498509988,-0.4665885741956709,485,0.4623538901630152,29,24,0
Whole universe,e15-x55-s0,validation,double,658,0.052950402668146324,-0.4791777629866796,460,0.3917070833711236,29,24,0
Whole universe,e15-x55-s0,validation,gross,658,0.06932859729817276,-0.45418941679623664,516,0.5386311513896332,29,24,0
Whole universe,e15-x55-s2,full,normal,678,0.05260343171253623,-0.4817837178032718,539,0.6985155861487979,14,9,0
Whole universe,e15-x55-s2,full,double,678,0.043210768336245264,-0.5054085077344499,502,0.5498666588338484,14,9,0
Whole universe,e15-x55-s2,full,gross,678,0.06234926603398028,-0.4600480958405375,558,0.8376464740205226,14,9,0
Whole universe,e15-x55-s2,validation,normal,658,0.04933771794915698,-0.453152315983371,460,0.3577165774284211,17,24,0
Whole universe,e15-x55-s2,validation,double,658,0.03965416213488393,-0.4729570876998748,437,0.2707922530131529,17,24,0
Whole universe,e15-x55-s2,validation,gross,658,0.05884463060368972,-0.435210038071339,484,0.4448399490827748,17,24,0
Whole universe,e15-x55-s3,full,normal,678,0.06785554980259412,-0.48363708242977677,555,0.9300158381015025,15,9,0
Whole universe,e15-x55-s3,full,double,678,0.05956781202230521,-0.5014505134460703,540,0.8161547464020541,15,9,0
Whole universe,e15-x55-s3,full,gross,678,0.07490698420147046,-0.46254570570718034,577,1.1062808273140925,15,9,0
Whole universe,e15-x55-s3,validation,normal,658,0.0601684210204354,-0.45471079126109504,500,0.43765648640295496,22,24,0
Whole universe,e15-x55-s3,validation,double,658,0.050591611532407654,-0.4705787938112082,480,0.3729053733018012,22,24,0
Whole universe,e15-x55-s3,validation,gross,658,0.06825227206252416,-0.4393968337222155,518,0.519558352064158,22,24,0
Whole universe,e15-x70-s0,full,normal,678,0.07372282085192061,-0.4925166389347512,566,1.1222923366983448,19,9,0
Whole universe,e15-x70-s0,full,double,678,0.06857383908690162,-0.504530738207379,555,1.004946472231837,19,9,0
Whole universe,e15-x70-s0,full,gross,678,0.07978420674889741,-0.48097593141655437,584,1.2509035429669877,19,9,0
Whole universe,e15-x70-s0,validation,normal,658,0.06928793871044259,-0.4721796734445643,497,0.5123642038284417,35,24,0
Whole universe,e15-x70-s0,validation,double,658,0.06215572794799196,-0.4810769622806896,485,0.4530681129040445,35,24,0
Whole universe,e15-x70-s0,validation,gross,658,0.07638574551926103,-0.46281766191585477,513,0.570690761922226,35,24,0
Whole universe,e15-x70-s2,full,normal,678,0.0589751006470457,-0.4810803569237157,546,0.7897638787739044,15,9,0
Whole universe,e15-x70-s2,full,double,678,0.05064227563850743,-0.501359576641369,519,0.6391001468212445,15,9,0
Whole universe,e15-x70-s2,full,gross,678,0.06752681205572197,-0.4655049106982324,568,0.9783312158843158,15,9,0
Whole universe,e15-x70-s2,validation,normal,658,0.05534006775956535,-0.4537756321641765,479,0.4145577044160198,20,24,0
Whole universe,e15-x70-s2,validation,double,658,0.046483853842518075,-0.4704268960300928,456,0.3347287108746839,20,24,0
Whole universe,e15-x70-s2,validation,gross,658,0.0646332336079789,-0.43438374557595344,504,0.5002329677176376,20,24,0
Whole universe,e15-x70-s3,full,normal,678,0.07288466030826068,-0.48422274490641964,564,1.0518709947947704,18,9,0
Whole universe,e15-x70-s3,full,double,678,0.06463194626016,-0.49786032272010705,544,0.9203278049052245,18,9,0
Whole universe,e15-x70-s3,full,gross,678,0.07933444322745586,-0.4679950942802289,574,1.1912301335222528,18,9,0
Whole universe,e15-x70-s3,validation,normal,658,0.06695146891264403,-0.4626574289835585,514,0.5082620636427062,26,24,0
Whole universe,e15-x70-s3,validation,double,658,0.05995275982987236,-0.47657081148915587,491,0.439797557527969,26,24,0
Whole universe,e15-x70-s3,validation,gross,658,0.07412868959744867,-0.4474624619491551,527,0.5736658633309648,26,24,0
Whole universe,e20-x40-s0,full,normal,678,0.05774560723093558,-0.4764554667672284,553,0.7937782687936776,14,9,0
Whole universe,e20-x40-s0,full,double,678,0.0502832933027092,-0.492059203910963,530,0.6621812547553733,14,9,0
Whole universe,e20-x40-s0,full,gross,678,0.06529667946451334,-0.46303048547843983,570,0.9433054408951581,14,9,0
Whole universe,e20-x40-s0,validation,normal,658,0.048094544403524564,-0.4450840627875776,464,0.3436850001637676,29,24,0
Whole universe,e20-x40-s0,validation,double,658,0.03944497720376816,-0.4575342174689572,434,0.27864009981313465,29,24,0
Whole universe,e20-x40-s0,validation,gross,658,0.055247489862311205,-0.4322888312206276,495,0.40821420975886924,29,24,0
Whole universe,e20-x40-s2,full,normal,678,0.04014938248295152,-0.46368162626224624,510,0.479384578958594,13,9,0
Whole universe,e20-x40-s2,full,double,678,0.02984651142034478,-0.4906462380118476,472,0.35530503762045795,13,9,0
Whole universe,e20-x40-s2,full,gross,678,0.0499977747126078,-0.4388213347260865,542,0.6349817360615198,13,9,0
Whole universe,e20-x40-s2,validation,normal,658,0.031960147746306844,-0.43202350009927876,423,0.2189289873676863,13,24,0
Whole universe,e20-x40-s2,validation,double,658,0.021538107621444924,-0.45487641339410156,395,0.14481875890773577,13,24,0
Whole universe,e20-x40-s2,validation,gross,658,0.04144661870992572,-0.40888609333064846,460,0.29645699815660265,13,24,0
Whole universe,e20-x40-s3,full,normal,678,0.04968650177574363,-0.4741447985720577,549,0.659723683713528,14,9,0
Whole universe,e20-x40-s3,full,double,678,0.041232042423464565,-0.4929169220559826,522,0.5330292559164765,14,9,0
Whole universe,e20-x40-s3,full,gross,678,0.05845581528170507,-0.4539925532128191,579,0.7902851052777163,14,9,0
Whole universe,e20-x40-s3,validation,normal,658,0.04406708409642002,-0.43452743791063764,471,0.320040727474199,18,24,0
Whole universe,e20-x40-s3,validation,double,658,0.03517642263357257,-0.4519750979388883,441,0.24587781869367964,18,24,0
Whole universe,e20-x40-s3,validation,gross,658,0.05466620233519692,-0.4162412485264142,500,0.38532693578733923,18,24,0
Whole universe,e20-x55-s0,full,normal,678,0.06662993050511168,-0.47842723558885314,560,0.9284932358064806,18,9,0
Whole universe,e20-x55-s0,full,double,678,0.06101722783620034,-0.4905805437578571,548,0.8133955422024347,18,9,0
Whole universe,e20-x55-s0,full,gross,678,0.07334671609274968,-0.4647650527085602,570,1.048521959612825,18,9,0
Whole universe,e20-x55-s0,validation,normal,658,0.05734628503677319,-0.45028534859404834,477,0.40543458716397096,36,24,0
Whole universe,e20-x55-s0,validation,double,658,0.04948738781187656,-0.46301656741349906,462,0.34791541729978337,36,24,0
Whole universe,e20-x55-s0,validation,gross,658,0.0636851321575419,-0.4358203197845325,501,0.4639873289593329,36,24,0
Whole universe,e20-x55-s2,full,normal,678,0.04925155458638375,-0.4723935527666716,518,0.6347414018542736,14,9,0
Whole universe,e20-x55-s2,full,double,678,0.04015988264110171,-0.4938967153260165,491,0.49469556354460764,14,9,0
Whole universe,e20-x55-s2,full,gross,678,0.057571048497155664,-0.4467562691164693,544,0.791403335597204,14,9,0
Whole universe,e20-x55-s2,validation,normal,658,0.043773954533086745,-0.43618466128802236,448,0.3145814427178756,17,24,0
Whole universe,e20-x55-s2,validation,double,658,0.03447581896767116,-0.4540498926349469,425,0.23335379909470766,17,24,0
Whole universe,e20-x55-s2,validation,gross,658,0.05417507838613789,-0.4132204842977548,476,0.39290870497651353,17,24,0
Whole universe,e20-x55-s3,full,normal,678,0.06313233970542731,-0.47155079861997057,556,0.873926812216663,14,9,0
Whole universe,e20-x55-s3,full,double,678,0.055488080205234214,-0.48816263940393384,541,0.7317219063174679,14,9,0
Whole universe,e20-x55-s3,full,gross,678,0.06957591461358614,-0.4546628166631177,581,1.0137330604956074,14,9,0
Whole universe,e20-x55-s3,validation,normal,658,0.05707746751237153,-0.43369914627207956,494,0.43592148782781404,27,24,0
Whole universe,e20-x55-s3,validation,double,658,0.04957990516040367,-0.44686034712922207,474,0.3659670593952883,27,24,0
Whole universe,e20-x55-s3,validation,gross,658,0.06502294941045283,-0.4205712504873387,506,0.5108614136409395,27,24,0
Whole universe,e20-x70-s0,full,normal,678,0.06942878023780952,-0.4827612682715221,573,1.0319742570223618,22,9,0
Whole universe,e20-x70-s0,full,double,678,0.06398136019497902,-0.49379417223812944,563,0.9215098756699963,22,9,0
Whole universe,e20-x70-s0,full,gross,678,0.07495811293616772,-0.4717445099298157,579,1.1355835689992668,22,9,0
Whole universe,e20-x70-s0,validation,normal,658,0.0641444946527997,-0.45752119952754017,490,0.4762061308637977,42,24,0
Whole universe,e20-x70-s0,validation,double,658,0.05733807066116803,-0.46776865236627024,471,0.42973940845233993,42,24,0
Whole universe,e20-x70-s0,validation,gross,658,0.07035946479764421,-0.4471703738827721,507,0.5283158424797518,42,24,0
Whole universe,e20-x70-s2,full,normal,678,0.0532176532504931,-0.47853004210313477,534,0.6961641190051426,16,9,0
Whole universe,e20-x70-s2,full,double,678,0.045368998809094174,-0.49905190214945216,507,0.5591506558434227,16,9,0
Whole universe,e20-x70-s2,full,gross,678,0.061550488448124496,-0.45779989101601365,550,0.8402846248738199,16,9,0
Whole universe,e20-x70-s2,validation,normal,658,0.04856343262377427,-0.44261089046715535,469,0.3500370717103135,21,24,0
Whole universe,e20-x70-s2,validation,double,658,0.03976643888352005,-0.46035237337476026,443,0.28962996803377505,21,24,0
Whole universe,e20-x70-s2,validation,gross,658,0.057758529413119764,-0.42008264588397437,491,0.44121389731123617,21,24,0
Whole universe,e20-x70-s3,full,normal,678,0.06743022401973897,-0.4691733439368271,559,0.976825451729769,17,9,0
Whole universe,e20-x70-s3,full,double,678,0.06157927367060456,-0.48321611665155284,554,0.8643016314925722,17,9,0
Whole universe,e20-x70-s3,full,gross,678,0.07365599434953651,-0.45458412708742496,581,1.0997889580650082,17,9,0
Whole universe,e20-x70-s3,validation,normal,658,0.0653410699877619,-0.4340049676315748,505,0.49782349844350504,33,24,0
Whole universe,e20-x70-s3,validation,double,658,0.05945512385468299,-0.44785398581952857,490,0.4426028385170142,33,24,0
Whole universe,e20-x70-s3,validation,gross,658,0.0723946853920493,-0.42255660857829097,518,0.5614173578291389,33,24,0
Whole universe,e25-x40-s0,full,normal,678,0.048575600160389865,-0.47690892683229924,540,0.6240876783754059,16,9,0
Whole universe,e25-x40-s0,full,double,678,0.041483508873409125,-0.4927584971794217,519,0.5249657774281737,16,9,0
Whole universe,e25-x40-s0,full,gross,678,0.0551533142133348,-0.4608344174228319,560,0.7415241011681406,16,9,0
Whole universe,e25-x40-s0,validation,normal,658,0.04094645878425718,-0.44512180532866086,454,0.28065417984060737,30,24,0
Whole universe,e25-x40-s0,validation,double,658,0.03243603193504574,-0.4590072548111693,425,0.22348744993290626,30,24,0
Whole universe,e25-x40-s0,validation,gross,658,0.04748596794337134,-0.427861916768891,472,0.34012744245078086,30,24,0
Whole universe,e25-x40-s2,full,normal,678,0.03198846147223222,-0.4607866576151093,486,0.38829252671014436,14,9,0
Whole universe,e25-x40-s2,full,double,678,0.022451240762845104,-0.48352960609677864,448,0.2672317492361429,14,9,0
Whole universe,e25-x40-s2,full,gross,678,0.04123140502327982,-0.43460840769034936,523,0.5191059349394652,14,9,0
Whole universe,e25-x40-s2,validation,normal,658,0.027588443629934956,-0.41678736093065377,410,0.19357995794281513,15,24,0
Whole universe,e25-x40-s2,validation,double,658,0.019012284560844694,-0.43666155353389063,380,0.12989029737596103,15,24,0
Whole universe,e25-x40-s2,validation,gross,658,0.03640307270304266,-0.39587887513368597,451,0.2535021315329249,15,24,0
Whole universe,e25-x40-s3,full,normal,678,0.042830954427787726,-0.47317452762476536,525,0.523457691427659,15,9,0
Whole universe,e25-x40-s3,full,double,678,0.03402395145257575,-0.48987507330042795,493,0.4238349924444449,15,9,0
Whole universe,e25-x40-s3,full,gross,678,0.05135145801474361,-0.4547924700342332,557,0.6413991260991982,15,9,0
Whole universe,e25-x40-s3,validation,normal,658,0.03532976698674162,-0.42693570480658644,445,0.2382380107120471,23,24,0
Whole universe,e25-x40-s3,validation,double,658,0.027534109999499345,-0.4449805198048388,416,0.17590237829698852,23,24,0
Whole universe,e25-x40-s3,validation,gross,658,0.04382123813922045,-0.4100961701804947,480,0.30717116208215434,23,24,0
Whole universe,e25-x55-s0,full,normal,678,0.05755924659512135,-0.4772049131365256,547,0.7819592118333907,20,9,0
Whole universe,e25-x55-s0,full,double,678,0.05258590465058233,-0.4888837807253019,525,0.6828226679898819,20,9,0
Whole universe,e25-x55-s0,full,gross,678,0.06390888155130214,-0.4655196536108217,564,0.8980025012699375,20,9,0
Whole universe,e25-x55-s0,validation,normal,658,0.04958008962932059,-0.45143281114899936,464,0.3486810073139638,36,24,0
Whole universe,e25-x55-s0,validation,double,658,0.04264285478705754,-0.46225939535418475,445,0.2984976962896192,36,24,0
Whole universe,e25-x55-s0,validation,gross,658,0.05644998684455216,-0.44013711585609716,482,0.4119710228665038,36,24,0
Whole universe,e25-x55-s2,full,normal,678,0.0427805641549176,-0.4627938912071213,503,0.5094959831625538,16,9,0
Whole universe,e25-x55-s2,full,double,678,0.03555740988557088,-0.4862316764825038,470,0.39899408275271975,16,9,0
Whole universe,e25-x55-s2,full,gross,678,0.0505901094074962,-0.4380684007307785,534,0.6312336180046549,16,9,0
Whole universe,e25-x55-s2,validation,normal,658,0.036489252127076766,-0.42622940464662856,434,0.25737598238095716,19,24,0
Whole universe,e25-x55-s2,validation,double,658,0.029069641774323474,-0.44573673537716685,407,0.19599999744472774,19,24,0
Whole universe,e25-x55-s2,validation,gross,658,0.04485269914380596,-0.40641065581579383,469,0.31675744737976286,19,24,0
Whole universe,e25-x55-s3,full,normal,678,0.05275690871912175,-0.47572352049192035,537,0.6987366980007319,16,9,0
Whole universe,e25-x55-s3,full,double,678,0.046072504259374814,-0.4930408163634865,517,0.5886087713529051,16,9,0
Whole universe,e25-x55-s3,full,gross,678,0.05992933219988161,-0.4593009594782447,559,0.8133906382817111,16,9,0
Whole universe,e25-x55-s3,validation,normal,658,0.050033676828094564,-0.42992631724010333,471,0.36298903844087804,30,24,0
Whole universe,e25-x55-s3,validation,double,658,0.04272201844075585,-0.44461990494732123,447,0.2897516903696493,30,24,0
Whole universe,e25-x55-s3,validation,gross,658,0.057370629082853175,-0.41407133114389266,487,0.42474037438576673,30,24,0
Whole universe,e25-x70-s0,full,normal,678,0.06468534024007266,-0.4854303755664846,558,0.9311559395463089,22,9,0
Whole universe,e25-x70-s0,full,double,678,0.059006784774428334,-0.4966311479498758,546,0.8304815750210981,22,9,0
Whole universe,e25-x70-s0,full,gross,678,0.06941226398110256,-0.4737535043586008,569,1.0227641881152174,22,9,0
Whole universe,e25-x70-s0,validation,normal,658,0.055342559170968086,-0.45657578829664275,477,0.4056493186075856,45,24,0
Whole universe,e25-x70-s0,validation,double,658,0.050952743086973395,-0.4667815772417,461,0.35940742261601955,45,24,0
Whole universe,e25-x70-s0,validation,gross,658,0.06111445558232054,-0.44377385118411283,489,0.44684350000261275,45,24,0
Whole universe,e25-x70-s2,full,normal,678,0.049704348643597074,-0.47242308070395095,518,0.619298847990359,18,9,0
Whole universe,e25-x70-s2,full,double,678,0.041211748856963104,-0.4926724166169938,490,0.4995422502221325,18,9,0
Whole universe,e25-x70-s2,full,gross,678,0.05659370915208595,-0.45110197314464223,537,0.7419205012377921,18,9,0
Whole universe,e25-x70-s2,validation,normal,658,0.04289596711911836,-0.4306149165084771,448,0.30270541781632376,26,24,0
Whole universe,e25-x70-s2,validation,double,658,0.03515344639267182,-0.4456782542769678,432,0.23533006262617084,26,24,0
Whole universe,e25-x70-s2,validation,gross,658,0.05183495277976358,-0.41174600982560045,470,0.37599632213474443,26,24,0
Whole universe,e25-x70-s3,full,normal,678,0.058625061772423104,-0.475512223172705,547,0.7929628827254606,19,9,0
Whole universe,e25-x70-s3,full,double,678,0.052739055155774706,-0.49090023563665736,528,0.6960223700806037,19,9,0
Whole universe,e25-x70-s3,full,gross,678,0.06445270850355012,-0.46379811615195704,563,0.8934668535751991,19,9,0
Whole universe,e25-x70-s3,validation,normal,658,0.05796375884583116,-0.439862193754566,483,0.42703185986721703,35,24,0
Whole universe,e25-x70-s3,validation,double,658,0.0494299063490965,-0.451747351656592,471,0.3693825456177189,35,24,0
Whole universe,e25-x70-s3,validation,gross,658,0.06484912399367204,-0.4259268993136093,506,0.4887086696187236,35,24,0
Whole universe,e30-x40-s0,full,normal,678,0.0449037589556357,-0.47503996353841593,531,0.5533284038014749,18,9,0
Whole universe,e30-x40-s0,full,double,678,0.038829031626345434,-0.48938518186613017,506,0.4604821400742989,18,9,0
Whole universe,e30-x40-s0,full,gross,678,0.05132277961154352,-0.46070671885380704,547,0.6660175405252918,18,9,0
Whole universe,e30-x40-s0,validation,normal,658,0.03690233226752915,-0.4359826495651094,445,0.24750577323509848,32,24,0
Whole universe,e30-x40-s0,validation,double,658,0.02916829385727293,-0.4509389981212643,421,0.1947010391647117,32,24,0
Whole universe,e30-x40-s0,validation,gross,658,0.04371008930673559,-0.4210147957140703,470,0.3064496021193518,32,24,0
Whole universe,e30-x40-s2,full,normal,678,0.028780055056829346,-0.4404610542576555,476,0.3448203379797624,16,9,0
Whole universe,e30-x40-s2,full,double,678,0.021443671811914422,-0.46449072790829243,446,0.24957964056903836,16,9,0
Whole universe,e30-x40-s2,full,gross,678,0.03763181992472664,-0.41735894969799514,517,0.4621189650142229,16,9,0
Whole universe,e30-x40-s2,validation,normal,658,0.024884651028102334,-0.4039790448551774,409,0.16895656076072718,18,24,0
Whole universe,e30-x40-s2,validation,double,658,0.015860800118541185,-0.4252928957743911,390,0.10220662569392203,18,24,0
Whole universe,e30-x40-s2,validation,gross,658,0.03257059837022469,-0.38508644424682364,446,0.23015467972892933,18,24,0
Whole universe,e30-x40-s3,full,normal,678,0.0384610304767623,-0.4559792891984193,511,0.4625602139001084,18,9,0
Whole universe,e30-x40-s3,full,double,678,0.030838345621023944,-0.47566818097909613,483,0.36906415705917484,18,9,0
Whole universe,e30-x40-s3,full,gross,678,0.044947134142160006,-0.43591891009092676,546,0.5788156244187826,18,9,0
Whole universe,e30-x40-s3,validation,normal,658,0.03334686002816101,-0.41957359925446286,448,0.23571449660840316,24,24,0
Whole universe,e30-x40-s3,validation,double,658,0.026733139998649125,-0.43535190692576126,415,0.18938238127390172,24,24,0
Whole universe,e30-x40-s3,validation,gross,658,0.041275190668297546,-0.4013366330362758,466,0.2899532705489115,24,24,0
Whole universe,e30-x55-s0,full,normal,678,0.05490530529360771,-0.4761718075906317,537,0.7232802917835283,22,9,0
Whole universe,e30-x55-s0,full,double,678,0.05005972687851912,-0.48787926036811974,521,0.6464522706226523,22,9,0
Whole universe,e30-x55-s0,full,gross,678,0.06012619638662842,-0.46674560199674686,556,0.8182545852712321,22,9,0
Whole universe,e30-x55-s0,validation,normal,658,0.04647924904041689,-0.45101285050156553,460,0.3254300188443139,38,24,0
Whole universe,e30-x55-s0,validation,double,658,0.04074573223878741,-0.45947667389507535,442,0.28494414250955846,38,24,0
Whole universe,e30-x55-s0,validation,gross,658,0.05220319503080029,-0.440945488916065,484,0.36135079966724215,38,24,0
Whole universe,e30-x55-s2,full,normal,678,0.04134349809360938,-0.44961758778132627,504,0.4925491335835923,18,9,0
Whole universe,e30-x55-s2,full,double,678,0.03424792184570069,-0.47251484343183797,474,0.3908437439226963,18,9,0
Whole universe,e30-x55-s2,full,gross,678,0.047475002551710666,-0.43075504392788794,527,0.6101048612543833,18,9,0
Whole universe,e30-x55-s2,validation,normal,658,0.0350192133856565,-0.40789126966551476,438,0.2466217049991598,21,24,0
Whole universe,e30-x55-s2,validation,double,658,0.02710403056173405,-0.42597092440678697,412,0.19131570661678043,21,24,0
Whole universe,e30-x55-s2,validation,gross,658,0.042756356304428755,-0.3929769906868634,456,0.3088996510418828,21,24,0
Whole universe,e30-x55-s3,full,normal,678,0.04864443311875677,-0.46278081969710044,524,0.6241468746457108,19,9,0
Whole universe,e30-x55-s3,full,double,678,0.04287235094283093,-0.48426480432180413,509,0.5277241022904602,19,9,0
Whole universe,e30-x55-s3,full,gross,678,0.05515759648198315,-0.4438482977190106,545,0.7479834967734473,19,9,0
Whole universe,e30-x55-s3,validation,normal,658,0.046287783214595035,-0.4262976327599725,467,0.3365006897576591,32,24,0
Whole universe,e30-x55-s3,validation,double,658,0.03880279397163344,-0.4378953670639061,443,0.27290954068202433,32,24,0
Whole universe,e30-x55-s3,validation,gross,658,0.05411322868599622,-0.4118076538739128,482,0.3989102812194514,32,24,0
Whole universe,e30-x70-s0,full,normal,678,0.057931944459329365,-0.48586956755444555,561,0.8022533010816724,25,9,0
Whole universe,e30-x70-s0,full,double,678,0.053395692620539226,-0.4944794443003344,541,0.7188324672783906,25,9,0
Whole universe,e30-x70-s0,full,gross,678,0.06225804681559288,-0.47644981620223237,570,0.8811986740251648,25,9,0
Whole universe,e30-x70-s0,validation,normal,658,0.05080392528672861,-0.4525842042580891,467,0.34279345374788084,49,24,0
Whole universe,e30-x70-s0,validation,double,658,0.045660068868240034,-0.4609742439475128,456,0.30681315018730193,49,24,0
Whole universe,e30-x70-s0,validation,gross,658,0.056438768034181575,-0.4429548479870056,484,0.37904060800003814,49,24,0
Whole universe,e30-x70-s2,full,normal,678,0.04438726971415252,-0.45671105782697285,519,0.5357629140044635,19,9,0
Whole universe,e30-x70-s2,full,double,678,0.03832076598274625,-0.4744926047107906,494,0.4502611645531054,19,9,0
Whole universe,e30-x70-s2,full,gross,678,0.050695259348560784,-0.43812243514823007,536,0.6562981991697386,19,9,0
Whole universe,e30-x70-s2,validation,normal,658,0.04098109563093588,-0.41218965018843917,453,0.2867556707346588,25,24,0
Whole universe,e30-x70-s2,validation,double,658,0.03371380865666296,-0.42937834524050833,429,0.23160737913819385,25,24,0
Whole universe,e30-x70-s2,validation,gross,658,0.04998465336623292,-0.3958939034023903,479,0.35515243160512533,25,24,0
Whole universe,e30-x70-s3,full,normal,678,0.054615313309915536,-0.4749635196408101,538,0.7414895190824642,22,9,0
Whole universe,e30-x70-s3,full,double,678,0.04851730482592398,-0.48772173228226406,521,0.6439011344712218,22,9,0
Whole universe,e30-x70-s3,full,gross,678,0.0614190100972396,-0.45815911566481365,555,0.8389380525849544,22,9,0
Whole universe,e30-x70-s3,validation,normal,658,0.058662816545206,-0.43049692209236684,479,0.43261301487410675,37,24,0
Whole universe,e30-x70-s3,validation,double,658,0.052364599208235996,-0.4416636612833961,464,0.37928981753618785,37,24,0
Whole universe,e30-x70-s3,validation,gross,658,0.06555820932714607,-0.41833674290146394,496,0.48750040391505944,37,24,0
Whole universe,baseline-long,full,normal,678,0.011252534643711898,-0.39954650126002783,409,0.11202550585201831,9,9,0
Whole universe,baseline-long,full,double,678,-0.004830685502069332,-0.4460361734882835,308,-0.049765877938516334,9,9,0
Whole universe,baseline-long,full,gross,678,0.028053338108240955,-0.3624704806472715,498,0.3261197435584069,9,9,0
Whole universe,baseline-long,validation,normal,658,0.00043682304416836626,-0.36880659292332035,331,0.0029182618022511875,6,24,0
Whole universe,baseline-long,validation,double,658,-0.014821623309374365,-0.40673993327160884,255,-0.09343139023432284,6,24,0
Whole universe,baseline-long,validation,gross,658,0.0185745179167347,-0.3343872226724262,410,0.11493527321608121,6,24,0
Whole universe,baseline-short,full,normal,678,-0.07434666353539526,-0.6121947691255422,17,-0.5456030746592104,8,9,1
Whole universe,baseline-short,full,double,678,-0.08764914251920847,-0.6552713118839956,10,-0.6143404074882945,8,9,1
Whole universe,baseline-short,full,gross,678,-0.060474146989423994,-0.5618495186307285,36,-0.4725930260134366,8,9,0
Whole universe,baseline-short,validation,normal,658,-0.07700998203071291,-0.5375595403660196,31,-0.4020758264316164,7,24,1
Whole universe,baseline-short,validation,double,658,-0.09194833382304352,-0.5788344066495799,18,-0.4628622120292376,7,24,1
Whole universe,baseline-short,validation,gross,658,-0.061378199336570016,-0.494706308925129,57,-0.3354788229883839,7,24,0
Whole universe,adaptive-common,validation,normal,658,0.06653862685818557,-0.4773662093556691,505,0.5178414829084481,22,24,0
Whole universe,adaptive-common,validation,double,658,0.05637479797103384,-0.4969021143866616,480,0.42333937307861613,22,24,0
Whole universe,adaptive-common,validation,gross,658,0.0779680204178047,-0.45920486743931116,529,0.6079374561181149,22,24,0
Whole universe,adaptive-class,validation,normal,658,0.07007325668225717,-0.4768776617304738,507,0.5520004730066109,25,24,0
Whole universe,adaptive-class,validation,double,658,0.060275900695963225,-0.4951557494702209,490,0.4521088070354423,25,24,0
Whole universe,adaptive-class,validation,gross,658,0.08139286239917787,-0.45872687075681107,532,0.642122345132153,25,24,0
Priority equities / ETFs,e5-x40-s0,full,normal,41,0.10571934100442504,-0.40956877792312885,41,1.9210949008410205,0,0,0
Priority equities / ETFs,e5-x40-s0,full,double,41,0.09823795204523811,-0.4294543153615985,41,1.7170363050369328,0,0,0
Priority equities / ETFs,e5-x40-s0,full,gross,41,0.11322894433512487,-0.3951435264098534,41,2.1397944869017205,0,0,0
Priority equities / ETFs,e5-x40-s0,validation,normal,41,0.10680397578650158,-0.40956877792312907,39,0.968094985579512,0,0,0
Priority equities / ETFs,e5-x40-s0,validation,double,41,0.09545849436055431,-0.4294543153615986,39,0.8373405675425742,0,0,0
Priority equities / ETFs,e5-x40-s0,validation,gross,41,0.11821369497358747,-0.3951435264098533,39,1.1074846477739775,0,0,0
Priority equities / ETFs,e5-x40-s2,full,normal,41,0.10087767650575197,-0.45437357445660753,41,1.787511679870005,0,0,0
Priority equities / ETFs,e5-x40-s2,full,double,41,0.08989233883971015,-0.4743934870055665,41,1.504715469357166,0,0,0
Priority equities / ETFs,e5-x40-s2,full,gross,41,0.11268886027638092,-0.4336617303345015,41,2.1235842757005488,0,0,0
Priority equities / ETFs,e5-x40-s2,validation,normal,41,0.09845828727843231,-0.4543735744566072,39,0.8711723160925051,0,0,0
Priority equities / ETFs,e5-x40-s2,validation,double,41,0.09039204485885288,-0.4743934870055663,38,0.781381566442422,0,0,0
Priority equities / ETFs,e5-x40-s2,validation,gross,41,0.10656327410047428,-0.4336617303345014,41,0.9652409989897031,0,0,0
Priority equities / ETFs,e5-x40-s3,full,normal,41,0.09997993088099166,-0.40291286736168175,41,1.763359933361969,0,0,0
Priority equities / ETFs,e5-x40-s3,full,double,41,0.09137761834651204,-0.41771062859815145,41,1.5413654828114258,0,0,0
Priority equities / ETFs,e5-x40-s3,full,gross,41,0.11054026570863607,-0.3878034162546381,41,2.0598441285040527,0,0,0
Priority equities / ETFs,e5-x40-s3,validation,normal,41,0.11559732722756366,-0.40291286736168164,40,1.0748015832334739,0,0,0
Priority equities / ETFs,e5-x40-s3,validation,double,41,0.10740062177289311,-0.4177106285981518,39,0.9751845799961172,0,0,0
Priority equities / ETFs,e5-x40-s3,validation,gross,41,0.12383148469519512,-0.3878034162546383,41,1.1791422981852175,0,0,0
Priority equities / ETFs,e5-x55-s0,full,normal,41,0.11830582058889738,-0.41881683606407893,41,2.295942123227398,0,0,0
Priority equities / ETFs,e5-x55-s0,full,double,41,0.11150324948038803,-0.4338354533174098,41,2.0882647529744505,0,0,0
Priority equities / ETFs,e5-x55-s0,full,gross,41,0.12261051624033747,-0.40531720320510156,41,2.43381689498215,0,0,0
Priority equities / ETFs,e5-x55-s0,validation,normal,41,0.11266025197509522,-0.4188168360640787,40,1.0386266312212729,0,0,0
Priority equities / ETFs,e5-x55-s0,validation,double,41,0.10527202255951718,-0.4338354533174098,39,0.9499906882493665,0,0,0
Priority equities / ETFs,e5-x55-s0,validation,gross,41,0.12007305448216665,-0.4053172032051017,40,1.1309764754610931,0,0,0
Priority equities / ETFs,e5-x55-s2,full,normal,41,0.10055064613111919,-0.4494313324878648,41,1.7786916314177965,0,0,0
Priority equities / ETFs,e5-x55-s2,full,double,41,0.09263443725995413,-0.4663791054523613,41,1.5727569863530806,0,0,0
Priority equities / ETFs,e5-x55-s2,full,gross,41,0.10849854914727386,-0.4267101049130615,41,2.000369276085676,0,0,0
Priority equities / ETFs,e5-x55-s2,validation,normal,41,0.10579371436151663,-0.44641488870923574,39,0.9561399655361598,0,0,0
Priority equities / ETFs,e5-x55-s2,validation,double,41,0.09412619248565957,-0.46589848645062115,39,0.822482444596857,0,0,0
Priority equities / ETFs,e5-x55-s2,validation,gross,41,0.11536651835473277,-0.4267101049130615,40,1.0719391715885171,0,0,0
Priority equities / ETFs,e5-x55-s3,full,normal,41,0.11266775790166861,-0.41513823464387056,41,2.122952446442957,0,0,0
Priority equities / ETFs,e5-x55-s3,full,double,41,0.10414827931820114,-0.43088332222567716,41,1.8771263417176183,0,0,0
Priority equities / ETFs,e5-x55-s3,full,gross,41,0.11962274838491638,-0.3990015357252287,41,2.3375794616732426,0,0,0
Priority equities / ETFs,e5-x55-s3,validation,normal,41,0.11516261534198202,-0.415138234643871,40,1.0694132307046433,0,0,0
Priority equities / ETFs,e5-x55-s3,validation,double,41,0.10034640327393363,-0.4308833222256776,40,0.8927369366144826,0,0,0
Priority equities / ETFs,e5-x55-s3,validation,gross,41,0.12211913395210572,-0.3990015357252288,40,1.1570842980619576,0,0,0
Priority equities / ETFs,e5-x70-s0,full,normal,41,0.11785074102053539,-0.4091651948494378,41,2.2816636746985868,0,0,0
Priority equities / ETFs,e5-x70-s0,full,double,41,0.11313203259354898,-0.42432646655513173,41,2.1368801542186153,0,0,0
Priority equities / ETFs,e5-x70-s0,full,gross,41,0.12213258983492326,-0.3928189781800372,41,2.418255650878427,0,0,0
Priority equities / ETFs,e5-x70-s0,validation,normal,41,0.12083039453660471,-0.4091651948494378,40,1.140608585280051,0,0,0
Priority equities / ETFs,e5-x70-s0,validation,double,41,0.11241566363625655,-0.4243264665551312,40,1.0356384603638555,0,0,0
Priority equities / ETFs,e5-x70-s0,validation,gross,41,0.1277905865522333,-0.3928189781800372,40,1.2308776684484468,0,0,0
Priority equities / ETFs,e5-x70-s2,full,normal,41,0.11192309357742225,-0.4519629245992163,41,2.1007303644301953,0,0,0
Priority equities / ETFs,e5-x70-s2,full,double,41,0.10616522981049714,-0.46978418977637826,41,1.9336842328478245,0,0,0
Priority equities / ETFs,e5-x70-s2,full,gross,41,0.11769410684874093,-0.4336124154695844,41,2.276762147886061,0,0,0
Priority equities / ETFs,e5-x70-s2,validation,normal,41,0.11532478693980663,-0.44641488870923574,40,1.071421991580217,0,0,0
Priority equities / ETFs,e5-x70-s2,validation,double,41,0.10419594442680036,-0.46589848645062115,39,0.9373586486884782,0,0,0
Priority equities / ETFs,e5-x70-s2,validation,gross,41,0.12371946831888803,-0.4267101049130615,41,1.1776934981286518,0,0,0
Priority equities / ETFs,e5-x70-s3,full,normal,41,0.11624608404508208,-0.4074046746499479,41,2.2317625862190873,0,0,0
Priority equities / ETFs,e5-x70-s3,full,double,41,0.10893224958637204,-0.419348130762485,41,2.0129145338007604,0,0,0
Priority equities / ETFs,e5-x70-s3,full,gross,41,0.12202097152035107,-0.39330969498468704,41,2.4146305861762514,0,0,0
Priority equities / ETFs,e5-x70-s3,validation,normal,41,0.12398464671739995,-0.4074046746499478,40,1.1811245948798805,0,0,0
Priority equities / ETFs,e5-x70-s3,validation,double,41,0.11328275104728291,-0.4193481307624852,40,1.0462486195369993,0,0,0
Priority equities / ETFs,e5-x70-s3,validation,gross,41,0.1310606145523714,-0.39330969498468715,40,1.2743924477294328,0,0,0
Priority equities / ETFs,e10-x40-s0,full,normal,41,0.08590698270044772,-0.4048328832694169,41,1.3916766625001795,0,0,0
Priority equities / ETFs,e10-x40-s0,full,double,41,0.08002834440664919,-0.42565963851616173,41,1.225837392258109,0,0,0
Priority equities / ETFs,e10-x40-s0,full,gross,41,0.09249260438961637,-0.3889357917854488,41,1.5486766456318017,0,0,0
Priority equities / ETFs,e10-x40-s0,validation,normal,41,0.085534723108188,-0.39748875308789544,36,0.7290994524417456,0,0,0
Priority equities / ETFs,e10-x40-s0,validation,double,41,0.0780380181365905,-0.4059573892811852,35,0.6509700984001128,0,0,0
Priority equities / ETFs,e10-x40-s0,validation,gross,41,0.09306247794567257,-0.3833310209222687,38,0.8106931167021281,0,0,0
Priority equities / ETFs,e10-x40-s2,full,normal,41,0.08492412470623201,-0.3799040743601997,40,1.3805643632046531,0,0,0
Priority equities / ETFs,e10-x40-s2,full,double,41,0.07363460655505905,-0.39540353275590057,40,1.133434749142514,0,0,0
Priority equities / ETFs,e10-x40-s2,full,gross,41,0.09569365594254098,-0.3640853032532566,41,1.6206235930592894,0,0,0
Priority equities / ETFs,e10-x40-s2,validation,normal,41,0.0803753353234522,-0.3531501997285236,36,0.6750004067827944,0,0,0
Priority equities / ETFs,e10-x40-s2,validation,double,41,0.06340765081157729,-0.3692997927623015,36,0.5071092563035795,0,0,0
Priority equities / ETFs,e10-x40-s2,validation,gross,41,0.09355587092305928,-0.33663955547557767,39,0.8161533869134379,0,0,0
Priority equities / ETFs,e10-x40-s3,full,normal,41,0.08401351054432782,-0.40586605850752444,41,1.239994624677823,0,0,0
Priority equities / ETFs,e10-x40-s3,full,double,41,0.07735580951757459,-0.41940488635910456,41,1.0755581761389856,0,0,0
Priority equities / ETFs,e10-x40-s3,full,gross,41,0.09069549777381836,-0.3920634924951245,41,1.4581753873973282,0,0,0
Priority equities / ETFs,e10-x40-s3,validation,normal,41,0.07493919193844678,-0.38775953659589657,37,0.6195629445910049,0,0,0
Priority equities / ETFs,e10-x40-s3,validation,double,41,0.06817724504662848,-0.4015485954482678,36,0.552788561336585,0,0,0
Priority equities / ETFs,e10-x40-s3,validation,gross,41,0.08433726637863748,-0.37369856433222703,39,0.7164129205591434,0,0,0
Priority equities / ETFs,e10-x55-s0,full,normal,41,0.09408471297538035,-0.40687776818364374,40,1.609416870486446,0,0,0
Priority equities / ETFs,e10-x55-s0,full,double,41,0.08511087312534182,-0.42316020549866407,40,1.3899596170342052,0,0,0
Priority equities / ETFs,e10-x55-s0,full,gross,41,0.09983190304580503,-0.39817008878108984,41,1.7593958539781136,0,0,0
Priority equities / ETFs,e10-x55-s0,validation,normal,41,0.09598581809838902,-0.40651622720298786,36,0.8432497759202506,0,0,0
Priority equities / ETFs,e10-x55-s0,validation,double,41,0.09074173438391608,-0.41405026012859525,35,0.7851967657354453,0,0,0
Priority equities / ETFs,e10-x55-s0,validation,gross,41,0.10071290626182061,-0.39304648065032577,37,0.8969472451571909,0,0,0
Priority equities / ETFs,e10-x55-s2,full,normal,41,0.09012091909931153,-0.383861418701003,40,1.5103244316918847,0,0,0
Priority equities / ETFs,e10-x55-s2,full,double,41,0.08242172078492827,-0.4012574309352184,39,1.327533738784962,0,0,0
Priority equities / ETFs,e10-x55-s2,full,gross,41,0.0957795204133538,-0.36602423713455445,41,1.6528574489294128,0,0,0
Priority equities / ETFs,e10-x55-s2,validation,normal,41,0.0796626111471539,-0.3758637853908694,38,0.6676414783459328,0,0,0
Priority equities / ETFs,e10-x55-s2,validation,double,41,0.07097011256557928,-0.39034651224433903,36,0.5800787285840396,0,0,0
Priority equities / ETFs,e10-x55-s2,validation,gross,41,0.08839547577886431,-0.35833993720999,40,0.7597310026883239,0,0,0
Priority equities / ETFs,e10-x55-s3,full,normal,41,0.08498626459089409,-0.4188224948291882,41,1.3870337679342533,0,0,0
Priority equities / ETFs,e10-x55-s3,full,double,41,0.07816028721500312,-0.43146239603153747,41,1.2316300352687666,0,0,0
Priority equities / ETFs,e10-x55-s3,full,gross,41,0.09204385817551874,-0.4019528788069615,41,1.557962619629854,0,0,0
Priority equities / ETFs,e10-x55-s3,validation,normal,41,0.09800815005443608,-0.39632183762709927,36,0.8660621414662331,0,0,0
Priority equities / ETFs,e10-x55-s3,validation,double,41,0.09277881612188144,-0.4082390010705108,36,0.8075602174137708,0,0,0
Priority equities / ETFs,e10-x55-s3,validation,gross,41,0.10276409520633445,-0.3813137903488515,39,0.9206581444393069,0,0,0
Priority equities / ETFs,e10-x70-s0,full,normal,41,0.0937161198998,-0.4089757318805828,41,1.6000550275920085,0,0,0
Priority equities / ETFs,e10-x70-s0,full,double,41,0.08923574722538397,-0.4307632160555478,41,1.4886669620644706,0,0,0
Priority equities / ETFs,e10-x70-s0,full,gross,41,0.09819990522902011,-0.39913511689439374,41,1.7160324446444548,0,0,0
Priority equities / ETFs,e10-x70-s0,validation,normal,41,0.10406357704467295,-0.3946241483701214,38,0.9358096091109791,0,0,0
Priority equities / ETFs,e10-x70-s0,validation,double,41,0.09911252175788299,-0.4042695483969969,38,0.8786207092789384,0,0,0
Priority equities / ETFs,e10-x70-s0,validation,gross,41,0.10847579783494665,-0.3848611854455256,38,0.9880150871993458,0,0,0
Priority equities / ETFs,e10-x70-s2,full,normal,41,0.09100208297311552,-0.39747501722686385,41,1.5128042659484775,0,0,0
Priority equities / ETFs,e10-x70-s2,full,double,41,0.08393480024264122,-0.4237788916102678,40,1.3430206440575692,0,0,0
Priority equities / ETFs,e10-x70-s2,full,gross,41,0.09894240352916217,-0.37030783354644603,41,1.6721569054855436,0,0,0
Priority equities / ETFs,e10-x70-s2,validation,normal,41,0.09156229934061089,-0.38092759957027933,39,0.7941766166938775,0,0,0
Priority equities / ETFs,e10-x70-s2,validation,double,41,0.08393795581497088,-0.3943361855059151,37,0.7122000322541426,0,0,0
Priority equities / ETFs,e10-x70-s2,validation,gross,41,0.10319430761546644,-0.3672783789494021,40,0.9256630539262143,0,0,0
Priority equities / ETFs,e10-x70-s3,full,normal,41,0.08830241877442524,-0.40994514195238907,41,1.3603463115011447,0,0,0
Priority equities / ETFs,e10-x70-s3,full,double,41,0.08173664509931622,-0.42644406824085446,41,1.2723691072187209,0,0,0
Priority equities / ETFs,e10-x70-s3,full,gross,41,0.09488714551632826,-0.3961750506565588,41,1.4514659789656483,0,0,0
Priority equities / ETFs,e10-x70-s3,validation,normal,41,0.10081426774653512,-0.4059793653144014,39,0.898113068875255,0,0,0
Priority equities / ETFs,e10-x70-s3,validation,double,41,0.09609051778492561,-0.4156625388976001,39,0.8444249646190634,0,0,0
Priority equities / ETFs,e10-x70-s3,validation,gross,41,0.10580888683407808,-0.39301480048964466,40,0.9563190526652647,0,0,0
Priority equities / ETFs,e15-x40-s0,full,normal,41,0.08646967026435415,-0.3845479433205923,40,1.422076239625826,0,0,0
Priority equities / ETFs,e15-x40-s0,full,double,41,0.0805924449624078,-0.3959406117082025,40,1.2859175013630075,0,0,0
Priority equities / ETFs,e15-x40-s0,full,gross,41,0.09317319941161628,-0.3734349467526318,40,1.5863208981115453,0,0,0
Priority equities / ETFs,e15-x40-s0,validation,normal,41,0.09438867213564683,-0.3743002709722958,37,0.8254015674474169,0,0,0
Priority equities / ETFs,e15-x40-s0,validation,double,41,0.08641031281869016,-0.3924209569286793,34,0.738426319725785,0,0,0
Priority equities / ETFs,e15-x40-s0,validation,gross,41,0.10083279994611138,-0.36328640374694265,37,0.8983262854872784,0,0,0
Priority equities / ETFs,e15-x40-s2,full,normal,41,0.08838212181838379,-0.4015065786961367,40,1.4679418674327533,0,0,0
Priority equities / ETFs,e15-x40-s2,full,double,41,0.07972996528362875,-0.42739475496887847,40,1.2665309100598203,0,0,0
Priority equities / ETFs,e15-x40-s2,full,gross,41,0.09561911113289168,-0.35882641669849147,40,1.648718008016142,0,0,0
Priority equities / ETFs,e15-x40-s2,validation,normal,41,0.08625298509196999,-0.3635669376858218,36,0.6857367369527931,0,0,0
Priority equities / ETFs,e15-x40-s2,validation,double,41,0.07855364834522516,-0.3860149702992436,33,0.5605730198273886,0,0,0
Priority equities / ETFs,e15-x40-s2,validation,gross,41,0.09398308201272321,-0.3457578223946105,37,0.8203318954022318,0,0,0
Priority equities / ETFs,e15-x40-s3,full,normal,41,0.08535537860956954,-0.3971165867334683,41,1.3957101329419226,0,0,0
Priority equities / ETFs,e15-x40-s3,full,double,41,0.07464361732483726,-0.40924901837330996,40,1.155200166021765,0,0,0
Priority equities / ETFs,e15-x40-s3,full,gross,41,0.09267992877791853,-0.37043756044526943,41,1.5738997868770652,0,0,0
Priority equities / ETFs,e15-x40-s3,validation,normal,41,0.08611003485885749,-0.35501762450552865,37,0.7352229228274827,0,0,0
Priority equities / ETFs,e15-x40-s3,validation,double,41,0.08004964260545022,-0.37845120000950994,37,0.6716341881755423,0,0,0
Priority equities / ETFs,e15-x40-s3,validation,gross,41,0.09218951351921367,-0.33510010955020486,37,0.8010664009876811,0,0,0
Priority equities / ETFs,e15-x55-s0,full,normal,41,0.10231060470374786,-0.3986686275707768,41,1.7578430254528135,0,0,0
Priority equities / ETFs,e15-x55-s0,full,double,41,0.09483474973449524,-0.40631560946658596,40,1.5202667579695697,0,0,0
Priority equities / ETFs,e15-x55-s0,full,gross,41,0.1082262361075006,-0.3909537090938655,41,1.9498292164066204,0,0,0
Priority equities / ETFs,e15-x55-s0,validation,normal,41,0.1030608109840141,-0.3786913278939761,37,0.9241088254766907,0,0,0
Priority equities / ETFs,e15-x55-s0,validation,double,41,0.09792296770343745,-0.3901333280658874,37,0.8650964466216018,0,0,0
Priority equities / ETFs,e15-x55-s0,validation,gross,41,0.10820762243851578,-0.3665475339647781,38,0.9848082292582319,0,0,0
Priority equities / ETFs,e15-x55-s2,full,normal,41,0.09441762937901643,-0.3691778527756473,40,1.487476462008396,0,0,0
Priority equities / ETFs,e15-x55-s2,full,double,41,0.09001138296555822,-0.38736306643803,40,1.3228274597497003,0,0,0
Priority equities / ETFs,e15-x55-s2,full,gross,41,0.0999047644885942,-0.3505065342287984,40,1.7288493162519925,0,0,0
Priority equities / ETFs,e15-x55-s2,validation,normal,41,0.09959334581292811,-0.3653669417592055,35,0.8841108982906998,0,0,0
Priority equities / ETFs,e15-x55-s2,validation,double,41,0.0882898877022853,-0.38038083022406066,34,0.7585922740236966,0,0,0
Priority equities / ETFs,e15-x55-s2,validation,gross,41,0.10692457280690792,-0.3492066632949933,38,0.9695262221785295,0,0,0
Priority equities / ETFs,e15-x55-s3,full,normal,41,0.09022262972458006,-0.36842634290897525,41,1.473949387418513,0,0,0
Priority equities / ETFs,e15-x55-s3,full,double,41,0.08532709402207428,-0.3797972047653577,41,1.3648094453472108,0,0,0
Priority equities / ETFs,e15-x55-s3,full,gross,41,0.09512678608482927,-0.3576678087098827,41,1.5878829111424517,0,0,0
Priority equities / ETFs,e15-x55-s3,validation,normal,41,0.11047670715419944,-0.36160779773263463,38,1.0120814274565801,0,0,0
Priority equities / ETFs,e15-x55-s3,validation,double,41,0.10538400516700497,-0.3759864416319537,38,0.9513092608086693,0,0,0
Priority equities / ETFs,e15-x55-s3,validation,gross,41,0.11444930938914921,-0.3512531602135851,39,1.0605974170621297,0,0,0
Priority equities / ETFs,e15-x70-s0,full,normal,41,0.09996686123551712,-0.4037313098982547,41,1.7616663366141818,0,0,0
Priority equities / ETFs,e15-x70-s0,full,double,41,0.09647491268332353,-0.4116989684220581,41,1.6663241826434505,0,0,0
Priority equities / ETFs,e15-x70-s0,full,gross,41,0.10353511424148398,-0.39569024543638465,41,1.8580781187580793,0,0,0
Priority equities / ETFs,e15-x70-s0,validation,normal,41,0.10444124415410827,-0.3811190714578615,38,0.9402320737775729,0,0,0
Priority equities / ETFs,e15-x70-s0,validation,double,41,0.10150021172196366,-0.3946429706627176,38,0.9060185725085448,0,0,0
Priority equities / ETFs,e15-x70-s0,validation,gross,41,0.10970153567594432,-0.3672038312785493,38,1.0027286739782268,0,0,0
Priority equities / ETFs,e15-x70-s2,full,normal,41,0.09324637986201756,-0.3905850470810216,39,1.5881682845833391,0,0,0
Priority equities / ETFs,e15-x70-s2,full,double,41,0.08567725053682618,-0.4035141319743405,39,1.4032993455967882,0,0,0
Priority equities / ETFs,e15-x70-s2,full,gross,41,0.1028241036033537,-0.3729626357127541,40,1.8405340237842216,0,0,0
Priority equities / ETFs,e15-x70-s2,validation,normal,41,0.11844833655789566,-0.36107937668215995,37,1.1104370012997866,0,0,0
Priority equities / ETFs,e15-x70-s2,validation,double,41,0.10610567854399688,-0.3835506446268302,36,0.9598250151848577,0,0,0
Priority equities / ETFs,e15-x70-s2,validation,gross,41,0.12322585229227001,-0.3495147532452506,38,1.171318906108497,0,0,0
Priority equities / ETFs,e15-x70-s3,full,normal,41,0.09699221751577536,-0.4029111079859258,41,1.601524693953381,0,0,0
Priority equities / ETFs,e15-x70-s3,full,double,41,0.09311972382371003,-0.4131491343907847,41,1.521980047130711,0,0,0
Priority equities / ETFs,e15-x70-s3,full,gross,41,0.10087061075825732,-0.37919616254893707,41,1.6833479481798377,0,0,0
Priority equities / ETFs,e15-x70-s3,validation,normal,41,0.11208994171705822,-0.3666944881561319,39,1.0316648506342272,0,0,0
Priority equities / ETFs,e15-x70-s3,validation,double,41,0.10838350951963749,-0.377607753097399,37,0.9869110011106939,0,0,0
Priority equities / ETFs,e15-x70-s3,validation,gross,41,0.11579881350690369,-0.3556295705249294,39,1.0773030938283306,0,0,0
Priority equities / ETFs,e20-x40-s0,full,normal,41,0.08650061890064453,-0.3742908756652651,40,1.3722811982369474,0,0,0
Priority equities / ETFs,e20-x40-s0,full,double,41,0.0799378492813081,-0.39614461023238035,40,1.2711899931615576,0,0,0
Priority equities / ETFs,e20-x40-s0,full,gross,41,0.09308081173288252,-0.36063965233405904,40,1.458750181986347,0,0,0
Priority equities / ETFs,e20-x40-s0,validation,normal,41,0.09363667871127834,-0.35935945344953546,35,0.8170490013573954,0,0,0
Priority equities / ETFs,e20-x40-s0,validation,double,41,0.08468196834624409,-0.371906409053395,35,0.720056749826905,0,0,0
Priority equities / ETFs,e20-x40-s0,validation,gross,41,0.09920395348282907,-0.34949070990494524,35,0.879663654814312,0,0,0
Priority equities / ETFs,e20-x40-s2,full,normal,41,0.0809458237572982,-0.3428294047347351,40,1.2939039626696256,0,0,0
Priority equities / ETFs,e20-x40-s2,full,double,41,0.07210598898613818,-0.3683667225397622,39,1.1015305226204442,0,0,0
Priority equities / ETFs,e20-x40-s2,full,gross,41,0.09149447517461984,-0.3210776215210791,40,1.475584780000343,0,0,0
Priority equities / ETFs,e20-x40-s2,validation,normal,41,0.07529809236465645,-0.3378087908264369,35,0.6231742520785155,0,0,0
Priority equities / ETFs,e20-x40-s2,validation,double,41,0.06712190640274551,-0.35804583595192274,35,0.5425812954316325,0,0,0
Priority equities / ETFs,e20-x40-s2,validation,gross,41,0.08276525947715041,-0.3210776215210791,36,0.6998783897396526,0,0,0
Priority equities / ETFs,e20-x40-s3,full,normal,41,0.08191940276945275,-0.3780689729271002,40,1.189716109476024,0,0,0
Priority equities / ETFs,e20-x40-s3,full,double,41,0.07230990390700986,-0.3907334582550629,40,1.0510791337220606,0,0,0
Priority equities / ETFs,e20-x40-s3,full,gross,41,0.09056170767126526,-0.3651934466449541,41,1.3489169247132504,0,0,0
Priority equities / ETFs,e20-x40-s3,validation,normal,41,0.0925042315694784,-0.36318561302990726,36,0.804531962474174,0,0,0
Priority equities / ETFs,e20-x40-s3,validation,double,41,0.08142504476277024,-0.38127414036593277,35,0.6858889944977709,0,0,0
Priority equities / ETFs,e20-x40-s3,validation,gross,41,0.1026978578095008,-0.35119516970554254,39,0.9198885497986631,0,0,0
Priority equities / ETFs,e20-x55-s0,full,normal,41,0.08867349423936766,-0.4084555877075119,40,1.4749984221592798,0,0,0
Priority equities / ETFs,e20-x55-s0,full,double,41,0.0847632160887215,-0.4186180818475388,39,1.3818046206539334,0,0,0
Priority equities / ETFs,e20-x55-s0,full,gross,41,0.09330087069159565,-0.39815910677602095,40,1.589544642021293,0,0,0
Priority equities / ETFs,e20-x55-s0,validation,normal,41,0.10265535617194343,-0.39060733936847536,36,0.9193948726984373,0,0,0
Priority equities / ETFs,e20-x55-s0,validation,double,41,0.09440027516328753,-0.40046985445091055,36,0.8255307002332073,0,0,0
Priority equities / ETFs,e20-x55-s0,validation,gross,41,0.10756880668627988,-0.3806148766556181,36,0.9771869407708382,0,0,0
Priority equities / ETFs,e20-x55-s2,full,normal,41,0.0890675435743764,-0.35075510044058045,39,1.4626767674451164,0,0,0
Priority equities / ETFs,e20-x55-s2,full,double,41,0.08447387497664915,-0.3770742203153241,38,1.2935135130942164,0,0,0
Priority equities / ETFs,e20-x55-s2,full,gross,41,0.09542208243906969,-0.3369989118802076,39,1.6250909851491264,0,0,0
Priority equities / ETFs,e20-x55-s2,validation,normal,41,0.08450230944438175,-0.3364139337661485,36,0.7181567638434503,0,0,0
Priority equities / ETFs,e20-x55-s2,validation,double,41,0.0738159276561583,-0.35095614009902987,35,0.6083046057900372,0,0,0
Priority equities / ETFs,e20-x55-s2,validation,gross,41,0.09153379295667419,-0.316286651321809,37,0.7938640145632543,0,0,0
Priority equities / ETFs,e20-x55-s3,full,normal,41,0.08354778398804252,-0.3692634624140756,41,1.3534920102727703,0,0,0
Priority equities / ETFs,e20-x55-s3,full,double,41,0.07611035230360663,-0.3818319357730866,41,1.1867843980888595,0,0,0
Priority equities / ETFs,e20-x55-s3,full,gross,41,0.08906380040497042,-0.3533775424504526,41,1.4844796393615698,0,0,0
Priority equities / ETFs,e20-x55-s3,validation,normal,41,0.10016066249361932,-0.3504463061152997,38,0.8906062209801737,0,0,0
Priority equities / ETFs,e20-x55-s3,validation,double,41,0.09561366304478347,-0.36422575770000887,36,0.8390777186113734,0,0,0
Priority equities / ETFs,e20-x55-s3,validation,gross,41,0.10616355060894866,-0.3406058028551666,39,0.9605092724249829,0,0,0
Priority equities / ETFs,e20-x70-s0,full,normal,41,0.10323103466068395,-0.3956875973479508,41,1.7751519260777293,0,0,0
Priority equities / ETFs,e20-x70-s0,full,double,41,0.10007206123399581,-0.40080762690470695,41,1.6991523753311992,0,0,0
Priority equities / ETFs,e20-x70-s0,full,gross,41,0.106391165282961,-0.38945460374344365,41,1.853132454263545,0,0,0
Priority equities / ETFs,e20-x70-s0,validation,normal,41,0.10928353888569076,-0.3733395654092373,37,0.9977007319942044,0,0,0
Priority equities / ETFs,e20-x70-s0,validation,double,41,0.1060921123334293,-0.37944231166670783,36,0.9596646428594395,0,0,0
Priority equities / ETFs,e20-x70-s0,validation,gross,41,0.11247585715708341,-0.36564691930467985,38,1.036373507604432,0,0,0
Priority equities / ETFs,e20-x70-s2,full,normal,41,0.0989859951806269,-0.3698274125237526,40,1.6481281907970962,0,0,0
Priority equities / ETFs,e20-x70-s2,full,double,41,0.09523235206088332,-0.3977352586578964,39,1.546955276158934,0,0,0
Priority equities / ETFs,e20-x70-s2,full,gross,41,0.10274347337373446,-0.35904490274867396,40,1.7529908799302216,0,0,0
Priority equities / ETFs,e20-x70-s2,validation,normal,41,0.0982988915523133,-0.3312193114369143,36,0.8693614202752229,0,0,0
Priority equities / ETFs,e20-x70-s2,validation,double,41,0.08802994986512203,-0.3557410758139278,35,0.7557916088333627,0,0,0
Priority equities / ETFs,e20-x70-s2,validation,gross,41,0.1086179617710954,-0.31980577680249056,36,0.9897168780087833,0,0,0
Priority equities / ETFs,e20-x70-s3,full,normal,41,0.0975470473051343,-0.37427058576681393,41,1.6930617617846244,0,0,0
Priority equities / ETFs,e20-x70-s3,full,double,41,0.09365897182021676,-0.3901783131470766,41,1.5856689106031796,0,0,0
Priority equities / ETFs,e20-x70-s3,full,gross,41,0.10173744457553946,-0.35800068105395,41,1.7907509968131619,0,0,0
Priority equities / ETFs,e20-x70-s3,validation,normal,41,0.11687664907893858,-0.3524282635324699,38,1.0907283237892167,0,0,0
Priority equities / ETFs,e20-x70-s3,validation,double,41,0.11393871393554167,-0.3601755104148969,37,1.0543065456895673,0,0,0
Priority equities / ETFs,e20-x70-s3,validation,gross,41,0.11981431665792286,-0.3437615934976994,39,1.1276942151603864,0,0,0
Priority equities / ETFs,e25-x40-s0,full,normal,41,0.08293231237426624,-0.3848557808649823,40,1.339271688740514,0,0,0
Priority equities / ETFs,e25-x40-s0,full,double,41,0.07689481180863655,-0.4015932743098577,40,1.2038483305958096,0,0,0
Priority equities / ETFs,e25-x40-s0,full,gross,41,0.08839281661085563,-0.37082428950873947,40,1.468200554810239,0,0,0
Priority equities / ETFs,e25-x40-s0,validation,normal,41,0.09329262944996186,-0.3724638605386531,35,0.8132384129351928,0,0,0
Priority equities / ETFs,e25-x40-s0,validation,double,41,0.08800576831072981,-0.3864594787143615,34,0.7555312608229805,0,0,0
Priority equities / ETFs,e25-x40-s0,validation,gross,41,0.09858886556627233,-0.3596929193414641,35,0.8726569278875447,0,0,0
Priority equities / ETFs,e25-x40-s2,full,normal,41,0.07340203014628788,-0.358015446327295,39,1.1287879258915168,0,0,0
Priority equities / ETFs,e25-x40-s2,full,double,41,0.06675022436654432,-0.3844869708792069,36,0.992213707733959,0,0,0
Priority equities / ETFs,e25-x40-s2,full,gross,41,0.0813708756729139,-0.33278497562686393,39,1.303543752537332,0,0,0
Priority equities / ETFs,e25-x40-s2,validation,normal,41,0.07969685401911941,-0.3500328041434049,31,0.6679944088350289,0,0,0
Priority equities / ETFs,e25-x40-s2,validation,double,41,0.07195009694694243,-0.36779684455280803,30,0.5897506559766243,0,0,0
Priority equities / ETFs,e25-x40-s2,validation,gross,41,0.08747381869275994,-0.3287577035468817,34,0.7498123803924015,0,0,0
Priority equities / ETFs,e25-x40-s3,full,normal,41,0.07815397614067843,-0.36857936525015866,40,1.1927922780412779,0,0,0
Priority equities / ETFs,e25-x40-s3,full,double,41,0.07038091120010193,-0.3808094392981338,39,1.0657406290830078,0,0,0
Priority equities / ETFs,e25-x40-s3,full,gross,41,0.08398199339373447,-0.35615369952395093,40,1.2862576321306634,0,0,0
Priority equities / ETFs,e25-x40-s3,validation,normal,41,0.07182179810495071,-0.36549783390361157,34,0.5884815582363279,0,0,0
Priority equities / ETFs,e25-x40-s3,validation,double,41,0.06621308058382991,-0.37628825292019663,33,0.5338368730068175,0,0,0
Priority equities / ETFs,e25-x40-s3,validation,gross,41,0.08254785167715051,-0.3545662819256372,35,0.6976023666563154,0,0,0
Priority equities / ETFs,e25-x55-s0,full,normal,41,0.1021518323463173,-0.41788368057009595,38,1.60576533606543,0,0,0
Priority equities / ETFs,e25-x55-s0,full,double,41,0.0926939288627655,-0.4314401718878056,38,1.5318763444247905,0,0,0
Priority equities / ETFs,e25-x55-s0,full,gross,41,0.10611658769801524,-0.4018974691959014,40,1.6886974694410757,0,0,0
Priority equities / ETFs,e25-x55-s0,validation,normal,41,0.10594351344964781,-0.3896876543462724,35,0.9579087183369912,0,0,0
Priority equities / ETFs,e25-x55-s0,validation,double,41,0.09447475596904176,-0.3995478665545118,34,0.8263597993324281,0,0,0
Priority equities / ETFs,e25-x55-s0,validation,gross,41,0.10906527443263947,-0.379697721981367,35,0.995079570172098,0,0,0
Priority equities / ETFs,e25-x55-s2,full,normal,41,0.08303704742548756,-0.35551596968632393,38,1.3355982940975495,0,0,0
Priority equities / ETFs,e25-x55-s2,full,double,41,0.07699066655550912,-0.36916476607881354,38,1.143946705647938,0,0,0
Priority equities / ETFs,e25-x55-s2,full,gross,41,0.08807966273163315,-0.3421334789055578,38,1.4419576874265787,0,0,0
Priority equities / ETFs,e25-x55-s2,validation,normal,41,0.07653713237186621,-0.3433499691511245,35,0.6356943111435043,0,0,0
Priority equities / ETFs,e25-x55-s2,validation,double,41,0.07113180050725987,-0.36367128035114415,34,0.5816710482856398,0,0,0
Priority equities / ETFs,e25-x55-s2,validation,gross,41,0.08581478239355689,-0.3212516440963371,35,0.7320780327355814,0,0,0
Priority equities / ETFs,e25-x55-s3,full,normal,41,0.08500420987669943,-0.38149314300094517,39,1.2899403738307291,0,0,0
Priority equities / ETFs,e25-x55-s3,full,double,41,0.07858743188321049,-0.4023101251758324,38,1.1726320202348175,0,0,0
Priority equities / ETFs,e25-x55-s3,full,gross,41,0.08879140904293581,-0.3685863114515363,39,1.4131827223413893,0,0,0
Priority equities / ETFs,e25-x55-s3,validation,normal,41,0.08423089448333365,-0.3731841141961947,36,0.7152897938173806,0,0,0
Priority equities / ETFs,e25-x55-s3,validation,double,41,0.07997014555840876,-0.38944969894235104,34,0.6708134149686051,0,0,0
Priority equities / ETFs,e25-x55-s3,validation,gross,41,0.08989140040113308,-0.356534803796977,36,0.7759314784649629,0,0,0
Priority equities / ETFs,e25-x70-s0,full,normal,41,0.10623159988993636,-0.3956875973479508,41,1.8793013800322007,0,0,0
Priority equities / ETFs,e25-x70-s0,full,double,41,0.10334260798633621,-0.4048142809406009,41,1.8120456654763513,0,0,0
Priority equities / ETFs,e25-x70-s0,full,gross,41,0.10912037431336419,-0.3905432441722497,41,1.9480265537405592,0,0,0
Priority equities / ETFs,e25-x70-s0,validation,normal,41,0.11266285207407178,-0.3747174078269022,36,1.0386584170239166,1,0,0
Priority equities / ETFs,e25-x70-s0,validation,double,41,0.10743567376576935,-0.3871277273146715,36,0.9756017565852999,1,0,0
Priority equities / ETFs,e25-x70-s0,validation,gross,41,0.11628571337247418,-0.3669272257769072,37,1.0833586834462636,1,0,0
Priority equities / ETFs,e25-x70-s2,full,normal,41,0.08517919010060515,-0.3808336125083426,39,1.3915651009548253,0,0,0
Priority equities / ETFs,e25-x70-s2,full,double,41,0.08188579626246173,-0.391011839554662,38,1.3152708500052412,0,0,0
Priority equities / ETFs,e25-x70-s2,full,gross,41,0.0893467869519129,-0.36608553167470137,40,1.4913744467019168,0,0,0
Priority equities / ETFs,e25-x70-s2,validation,normal,41,0.08747355574373783,-0.35292132950066,35,0.7498095574030372,1,0,0
Priority equities / ETFs,e25-x70-s2,validation,double,41,0.08234210594630498,-0.3738162291760252,35,0.6954508192401849,1,0,0
Priority equities / ETFs,e25-x70-s2,validation,gross,41,0.09236947027868303,-0.34197378710427695,35,0.7962242788323002,1,0,0
Priority equities / ETFs,e25-x70-s3,full,normal,41,0.09118041447686132,-0.39377473159718623,40,1.5364715614966604,0,0,0
Priority equities / ETFs,e25-x70-s3,full,double,41,0.08752982059572312,-0.41143051929165575,39,1.4474050948736403,0,0,0
Priority equities / ETFs,e25-x70-s3,full,gross,41,0.09483276580809297,-0.3833050135451712,41,1.628510530019296,0,0,0
Priority equities / ETFs,e25-x70-s3,validation,normal,41,0.111818629543039,-0.37066217076122165,35,1.0283600424317978,1,0,0
Priority equities / ETFs,e25-x70-s3,validation,double,41,0.10896109307089952,-0.38203304681966055,35,0.9938294759452644,1,0,0
Priority equities / ETFs,e25-x70-s3,validation,gross,41,0.11467594369933676,-0.3539063579392745,36,1.0633949440064354,1,0,0
Priority equities / ETFs,e30-x40-s0,full,normal,41,0.07213777981429836,-0.40559602677592177,39,1.1021953222820384,0,0,0
Priority equities / ETFs,e30-x40-s0,full,double,41,0.06600081201819807,-0.42404141619048397,39,0.9773355695309764,0,0,0
Priority equities / ETFs,e30-x40-s0,full,gross,41,0.07829070857170017,-0.3902442673078441,39,1.234511214252855,0,0,0
Priority equities / ETFs,e30-x40-s0,validation,normal,41,0.07134272383926055,-0.36495837601399894,35,0.5837502935761025,0,0,0
Priority equities / ETFs,e30-x40-s0,validation,double,41,0.06503707609906462,-0.37389555232565397,34,0.5225843181641521,0,0,0
Priority equities / ETFs,e30-x40-s0,validation,gross,41,0.076717998628266,-0.3583677002396053,35,0.6375287486489352,0,0,0
Priority equities / ETFs,e30-x40-s2,full,normal,41,0.06238462811399215,-0.3418599976494141,37,0.9069485116072611,0,0,0
Priority equities / ETFs,e30-x40-s2,full,double,41,0.0548991478499099,-0.36141597892887034,37,0.768411685627584,0,0,0
Priority equities / ETFs,e30-x40-s2,full,gross,41,0.06989510106336194,-0.3250464578301302,41,1.0557617851737047,0,0,0
Priority equities / ETFs,e30-x40-s2,validation,normal,41,0.0627350243519138,-0.32070925368458414,31,0.5007602580292423,0,0,0
Priority equities / ETFs,e30-x40-s2,validation,double,41,0.051648828399488256,-0.34810323463101367,30,0.39934469782474635,0,0,0
Priority equities / ETFs,e30-x40-s2,validation,gross,41,0.07389055275210255,-0.3067249546711259,33,0.609050494903846,0,0,0
Priority equities / ETFs,e30-x40-s3,full,normal,41,0.06536658842994414,-0.368579365250159,40,0.964823030585461,0,0,0
Priority equities / ETFs,e30-x40-s3,full,double,41,0.059963586082240505,-0.3808094392981337,40,0.8611016257946147,0,0,0
Priority equities / ETFs,e30-x40-s3,full,gross,41,0.07078348773201126,-0.35615369952395104,40,1.0740430401811119,0,0,0
Priority equities / ETFs,e30-x40-s3,validation,normal,41,0.0712443246877903,-0.35277304078349925,34,0.5059124891980216,0,0,0
Priority equities / ETFs,e30-x40-s3,validation,double,41,0.06403769907227863,-0.3663627507449374,31,0.4375477751109855,0,0,0
Priority equities / ETFs,e30-x40-s3,validation,gross,41,0.07806188364198019,-0.3331619881705601,35,0.5937195911399851,0,0,0
Priority equities / ETFs,e30-x55-s0,full,normal,41,0.08906933797760175,-0.4111016840326931,39,1.4582597368121695,0,0,0
Priority equities / ETFs,e30-x55-s0,full,double,41,0.08311364090796292,-0.41852826229574525,39,1.289176985174608,0,0,0
Priority equities / ETFs,e30-x55-s0,full,gross,41,0.09277241461312213,-0.4036103300657178,40,1.5602503717573875,0,0,0
Priority equities / ETFs,e30-x55-s0,validation,normal,41,0.09209383552917494,-0.39557995468896834,36,0.8000139517139702,0,0,0
Priority equities / ETFs,e30-x55-s0,validation,double,41,0.0837887297979214,-0.40977753414315243,36,0.7106278953402769,0,0,0
Priority equities / ETFs,e30-x55-s0,validation,gross,41,0.09541797913226979,-0.3869482597342865,36,0.8368872194652104,0,0,0
Priority equities / ETFs,e30-x55-s2,full,normal,41,0.06746103436462514,-0.36633617630898896,38,1.0064191435921228,0,0,0
Priority equities / ETFs,e30-x55-s2,full,double,41,0.060061381282141335,-0.37885650742316046,38,0.8629340207243585,0,0,0
Priority equities / ETFs,e30-x55-s2,full,gross,41,0.07327235945699284,-0.343334229582931,40,1.1260464339973844,0,0,0
Priority equities / ETFs,e30-x55-s2,validation,normal,41,0.0737812767593411,-0.31333740569723745,36,0.5774553361067469,0,0,0
Priority equities / ETFs,e30-x55-s2,validation,double,41,0.06388751671219595,-0.3267286299209077,33,0.511652708781331,0,0,0
Priority equities / ETFs,e30-x55-s2,validation,gross,41,0.08372982604736845,-0.30245019227742254,37,0.6352448768875036,0,0,0
Priority equities / ETFs,e30-x55-s3,full,normal,41,0.07661988640921757,-0.3620628514733114,39,1.1853808255003315,0,0,0
Priority equities / ETFs,e30-x55-s3,full,double,41,0.07229757749939991,-0.38196456458631967,38,1.1050032662746458,0,0,0
Priority equities / ETFs,e30-x55-s3,full,gross,41,0.08148952608932869,-0.3477793148106819,40,1.2540354978354027,0,0,0
Priority equities / ETFs,e30-x55-s3,validation,normal,41,0.08293218143001035,-0.3364573745724553,36,0.6365165723919757,0,0,0
Priority equities / ETFs,e30-x55-s3,validation,double,41,0.07803104283482765,-0.34905121126696836,35,0.5761279149738514,0,0,0
Priority equities / ETFs,e30-x55-s3,validation,gross,41,0.0878421542768657,-0.32365942568783324,36,0.6990137960178047,0,0,0
Priority equities / ETFs,e30-x70-s0,full,normal,41,0.09943625566438796,-0.41010672424624406,40,1.7327786445924946,0,0,0
Priority equities / ETFs,e30-x70-s0,full,double,41,0.09699794530827899,-0.417973333056479,40,1.639038664975693,0,0,0
Priority equities / ETFs,e30-x70-s0,full,gross,41,0.10242375337067244,-0.40354867398308725,40,1.8145690329292457,0,0,0
Priority equities / ETFs,e30-x70-s0,validation,normal,41,0.10782274109003964,-0.40885617277216335,36,0.9802134797196653,1,0,0
Priority equities / ETFs,e30-x70-s0,validation,double,41,0.10443529126014628,-0.4141375952124111,36,0.9401622990940253,1,0,0
Priority equities / ETFs,e30-x70-s0,validation,gross,41,0.11121124784881098,-0.39691030141841155,36,1.0209781912187075,1,0,0
Priority equities / ETFs,e30-x70-s2,full,normal,41,0.08008189796540854,-0.37862365318044455,41,1.2744234921508117,0,0,0
Priority equities / ETFs,e30-x70-s2,full,double,41,0.07384515952336712,-0.39116731534426263,40,1.1381807455039863,0,0,0
Priority equities / ETFs,e30-x70-s2,full,gross,41,0.08633413126836831,-0.36506900292609257,41,1.418855160893819,0,0,0
Priority equities / ETFs,e30-x70-s2,validation,normal,41,0.08687050996262902,-0.3298290664584499,35,0.7367933053787818,1,0,0
Priority equities / ETFs,e30-x70-s2,validation,double,41,0.08209603448622782,-0.34368541594382174,34,0.6851378126776002,1,0,0
Priority equities / ETFs,e30-x70-s2,validation,gross,41,0.09200844885460135,-0.30889707562554514,37,0.7817212966254978,1,0,0
Priority equities / ETFs,e30-x70-s3,full,normal,41,0.08391729677434578,-0.3801117785383171,40,1.3620671025853297,0,0,0
Priority equities / ETFs,e30-x70-s3,full,double,41,0.08049295637915743,-0.3935845449094595,40,1.2836735814939062,0,0,0
Priority equities / ETFs,e30-x70-s3,full,gross,41,0.08734559385111429,-0.3681381174261239,40,1.442986435426203,0,0,0
Priority equities / ETFs,e30-x70-s3,validation,normal,41,0.1014517569831308,-0.35243390135087826,36,0.8229375045015026,1,0,0
Priority equities / ETFs,e30-x70-s3,validation,double,41,0.09865226819132156,-0.3640070279335281,35,0.7897506742352856,1,0,0
Priority equities / ETFs,e30-x70-s3,validation,gross,41,0.1042510781647128,-0.3491108893494086,37,0.8566560996636854,1,0,0
Priority equities / ETFs,baseline-long,full,normal,41,0.0314507356648126,-0.26266163503723294,36,0.3913953880572021,0,0,0
Priority equities / ETFs,baseline-long,full,double,41,0.018479616205395066,-0.2963822054291134,29,0.21569596645765432,0,0,0
Priority equities / ETFs,baseline-long,full,gross,41,0.044554590973795216,-0.22952747866968448,40,0.5919601177401514,0,0,0
Priority equities / ETFs,baseline-long,validation,normal,41,0.03357295336609378,-0.25001133599745795,30,0.24648226020902264,0,0,0
Priority equities / ETFs,baseline-long,validation,double,41,0.016651884176060783,-0.2786797527640682,25,0.11299042244789437,0,0,0
Priority equities / ETFs,baseline-long,validation,gross,41,0.047490337070574595,-0.2088827463414289,38,0.3628367555545746,0,0,0
Priority equities / ETFs,baseline-short,full,normal,41,-0.06967243008336388,-0.5902262805361314,0,-0.5327019776400985,0,0,0
Priority equities / ETFs,baseline-short,full,double,41,-0.07993297773207841,-0.6362583192293718,0,-0.5882220566768523,0,0,0
Priority equities / ETFs,baseline-short,full,gross,41,-0.05776771913599299,-0.5542636552512954,0,-0.4669405863405873,0,0,0
Priority equities / ETFs,baseline-short,validation,normal,41,-0.07611271926585761,-0.5227497339624295,0,-0.4103354838898098,0,0,0
Priority equities / ETFs,baseline-short,validation,double,41,-0.09083462345485882,-0.564316980371258,0,-0.470264030849443,0,0,0
Priority equities / ETFs,baseline-short,validation,gross,41,-0.061381283448344814,-0.47216634481585384,0,-0.3446940781190394,0,0,0
Priority equities / ETFs,adaptive-common,validation,normal,41,0.10554706416353277,-0.4064491994189481,41,0.9532306028868796,0,0,0
Priority equities / ETFs,adaptive-common,validation,double,41,0.09551385351299824,-0.4187582411678402,39,0.8379601665564536,0,0,0
Priority equities / ETFs,adaptive-common,validation,gross,41,0.11411377325963157,-0.39468994760407905,41,1.0564615496503915,0,0,0
Priority equities / ETFs,adaptive-class,validation,normal,41,0.11431355540756316,-0.432236062215422,41,1.0589232427288926,0,0,0
Priority equities / ETFs,adaptive-class,validation,double,41,0.10711660428013636,-0.44941237515034826,40,0.9718070638465028,0,0,0
Priority equities / ETFs,adaptive-class,validation,gross,41,0.12252494286226101,-0.415604058015972,41,1.1622945711862167,0,0,0
Bonds,e5-x40-s0,full,normal,17,0.015154506758888076,-0.17084888081057548,15,0.174021998585687,1,0,0
Bonds,e5-x40-s0,full,double,17,0.011989122013339903,-0.18382233287158234,13,0.1355571739370287,1,0,0
Bonds,e5-x40-s0,full,gross,17,0.019387113348635188,-0.15119491444124833,16,0.22730023485749973,1,0,0
Bonds,e5-x40-s0,validation,normal,17,0.006784435087648033,-0.17084927175660392,11,0.04614696035764654,1,0,0
Bonds,e5-x40-s0,validation,double,17,0.002324055340269471,-0.18382233287158223,9,0.015609004577435082,1,0,0
Bonds,e5-x40-s0,validation,gross,17,0.011258532250416176,-0.15119491444124822,13,0.07755955738864895,1,0,0
Bonds,e5-x40-s2,full,normal,17,0.015514655455791004,-0.1495188667531745,16,0.17847240305148837,1,0,0
Bonds,e5-x40-s2,full,double,17,0.010821129504879456,-0.1719289482657852,13,0.12165506815707783,1,0,0
Bonds,e5-x40-s2,full,gross,17,0.020223756752346,-0.13060097361428968,16,0.23808732355995943,1,0,0
Bonds,e5-x40-s2,validation,normal,17,0.008213113734630184,-0.12184981945998863,13,0.05609194779785698,1,0,0
Bonds,e5-x40-s2,validation,double,17,0.002593827468551524,-0.14544040544724612,10,0.017434212267050997,1,0,0
Bonds,e5-x40-s2,validation,gross,17,0.01385625779202826,-0.10397809924672474,14,0.09616340402326462,1,0,0
Bonds,e5-x40-s3,full,normal,17,0.014975291987072481,-0.14952291471464052,15,0.17181309849144366,1,0,0
Bonds,e5-x40-s3,full,double,17,0.011014339936899153,-0.17289684551511908,14,0.12394406696909988,1,0,0
Bonds,e5-x40-s3,full,gross,17,0.01920109814368942,-0.13713752117011713,16,0.22491349083710932,1,0,0
Bonds,e5-x40-s3,validation,normal,17,0.008575587632000392,-0.15409623353497082,12,0.05862786034286316,1,0,0
Bonds,e5-x40-s3,validation,double,17,0.0034967208480460865,-0.17726484287773014,10,0.02356325190961095,1,0,0
Bonds,e5-x40-s3,validation,gross,17,0.013672468349916533,-0.13174687756394465,14,0.09483826481342028,1,0,0
Bonds,e5-x55-s0,full,normal,17,0.01536384383347511,-0.16890237060267377,15,0.1766069468878657,1,0,0
Bonds,e5-x55-s0,full,double,17,0.012356211732921452,-0.18866912124251367,15,0.13995862282274896,1,0,0
Bonds,e5-x55-s0,full,gross,17,0.018712216084991296,-0.15322619254262737,16,0.2186607315210234,1,0,0
Bonds,e5-x55-s0,validation,normal,17,0.007911549914062288,-0.1689027624664855,11,0.053986106983249904,1,0,0
Bonds,e5-x55-s0,validation,double,17,0.004219668667496457,-0.18866991495068464,10,0.028493382444672255,1,0,0
Bonds,e5-x55-s0,validation,gross,17,0.01114322016943281,-0.1528957448783287,14,0.07674000116365653,1,0,0
Bonds,e5-x55-s2,full,normal,17,0.012808468512967464,-0.16369583939976784,16,0.14540248954778678,1,0,0
Bonds,e5-x55-s2,full,double,17,0.008649689826749185,-0.17636724157455808,15,0.09621859822398093,1,0,0
Bonds,e5-x55-s2,full,gross,17,0.016682315994067665,-0.1373238428197584,17,0.19300668014029854,1,0,0
Bonds,e5-x55-s2,validation,normal,17,0.006038006776173166,-0.13937971955379835,13,0.04098283787375201,1,0,0
Bonds,e5-x55-s2,validation,double,17,0.000990360778440058,-0.1609437391572528,9,0.006626416390776102,1,0,0
Bonds,e5-x55-s2,validation,gross,17,0.01120480268190649,-0.1172951688613384,16,0.07717761988883387,1,0,0
Bonds,e5-x55-s3,full,normal,17,0.014865231500307496,-0.16135168931152033,16,0.17045842253004206,1,0,0
Bonds,e5-x55-s3,full,double,17,0.013024540168821375,-0.17587146862644043,15,0.14801167642473123,1,0,0
Bonds,e5-x55-s3,full,gross,17,0.01670725254815375,-0.14956851036254126,16,0.19331883798581573,1,0,0
Bonds,e5-x55-s3,validation,normal,17,0.009046903281124008,-0.15976200747647074,12,0.06193298350878185,1,0,0
Bonds,e5-x55-s3,validation,double,17,0.005555721532537694,-0.17587146862644054,11,0.03765771239333082,1,0,0
Bonds,e5-x55-s3,validation,gross,17,0.012769662815127036,-0.13602875773085243,15,0.08834870869574019,1,0,0
Bonds,e5-x70-s0,full,normal,17,0.015902039180679006,-0.1645743727467025,15,0.18327641623266544,1,0,0
Bonds,e5-x70-s0,full,double,17,0.013684698338041201,-0.1739413428873049,15,0.15601686192725328,1,0,0
Bonds,e5-x70-s0,full,gross,17,0.018121154828480757,-0.1553704665549276,16,0.21113974254282963,1,0,0
Bonds,e5-x70-s0,validation,normal,17,0.008441339980297835,-0.160387616301356,12,0.05768804414244322,2,0,0
Bonds,e5-x70-s0,validation,double,17,0.005319717899135767,-0.17394215100335542,11,0.036033873635964664,2,0,0
Bonds,e5-x70-s0,validation,gross,17,0.01156825601069178,-0.14804783038851765,15,0.07976347910795822,2,0,0
Bonds,e5-x70-s2,full,normal,17,0.014871430905066152,-0.1450356695861389,16,0.17053468996764787,1,0,0
Bonds,e5-x70-s2,full,double,17,0.011640680759874122,-0.164482839749458,15,0.13139357561218268,1,0,0
Bonds,e5-x70-s2,full,gross,17,0.018537203762871268,-0.1258155221735111,17,0.2164293796336354,1,0,0
Bonds,e5-x70-s2,validation,normal,17,0.009709320988515735,-0.11769557004674369,14,0.06659304498612562,2,0,0
Bonds,e5-x70-s2,validation,double,17,0.005388377718458903,-0.13416164122732954,13,0.03650606912749699,2,0,0
Bonds,e5-x70-s2,validation,gross,17,0.015157815101346284,-0.10141597646764255,15,0.10558683384094936,2,0,0
Bonds,e5-x70-s3,full,normal,17,0.01601629584037889,-0.15925405024225336,16,0.1846967182925785,1,0,0
Bonds,e5-x70-s3,full,double,17,0.013447232745168236,-0.17120828769004892,15,0.15313150851123347,1,0,0
Bonds,e5-x70-s3,full,gross,17,0.01854661399728541,-0.14676937052448746,17,0.21654926289883014,1,0,0
Bonds,e5-x70-s3,validation,normal,17,0.011730377617193533,-0.1456429465196245,14,0.08091862556259666,2,0,0
Bonds,e5-x70-s3,validation,double,17,0.008305818292364764,-0.16772015693611408,12,0.05674002841822556,2,0,0
Bonds,e5-x70-s3,validation,gross,17,0.015161195601942845,-0.1255310301259216,15,0.10561139844220513,2,0,0
Bonds,e10-x40-s0,full,normal,17,0.011488907723168795,-0.16717262755879403,16,0.12958433689314108,2,0,0
Bonds,e10-x40-s0,full,double,17,0.00836104363771506,-0.18376501304061843,15,0.09287702685711641,2,0,0
Bonds,e10-x40-s0,full,gross,17,0.015779103180422416,-0.1509433722738217,16,0.1817499465626644,2,0,0
Bonds,e10-x40-s0,validation,normal,17,0.0054926591358210874,-0.14883100508628,10,0.03722359567610223,3,0,0
Bonds,e10-x40-s0,validation,double,17,0.0009015322946754889,-0.16102273733414718,9,0.006030553029821251,3,0,0
Bonds,e10-x40-s0,validation,gross,17,0.010097937502680177,-0.136481942707261,11,0.06933501699016364,3,0,0
Bonds,e10-x40-s2,full,normal,17,0.011960202036416678,-0.11501503717062678,16,0.13521107533817345,2,0,0
Bonds,e10-x40-s2,full,double,17,0.008907926360777196,-0.13845402258341177,14,0.09921597054526421,2,0,0
Bonds,e10-x40-s2,full,gross,17,0.01662036673120748,-0.10834380035062119,16,0.1922315143951172,2,0,0
Bonds,e10-x40-s2,validation,normal,17,0.0071511481571064905,-0.10216379378721063,12,0.04869201173253224,2,0,0
Bonds,e10-x40-s2,validation,double,17,0.0022387030065578184,-0.11393797924032933,9,0.015032112982544366,2,0,0
Bonds,e10-x40-s2,validation,gross,17,0.012080481767652307,-0.08912507655481683,14,0.08341676695163391,2,0,0
Bonds,e10-x40-s3,full,normal,17,0.013373635319014365,-0.13396041692149163,16,0.15223858015367941,2,0,0
Bonds,e10-x40-s3,full,double,17,0.009604479207304228,-0.1452949625356036,16,0.10733798915395854,2,0,0
Bonds,e10-x40-s3,full,gross,17,0.01690428750063977,-0.12606266289156842,17,0.19578794212169437,2,0,0
Bonds,e10-x40-s3,validation,normal,17,0.002371327700370296,-0.12496575692981016,10,0.015928635706943917,3,0,0
Bonds,e10-x40-s3,validation,double,17,-0.002045091575946345,-0.1430285679365524,8,-0.013566251575277022,3,0,0
Bonds,e10-x40-s3,validation,gross,17,0.007101873279411697,-0.10840876100444718,15,0.048349729853717216,3,0,0
Bonds,e10-x55-s0,full,normal,17,0.014015676037758995,-0.18364299612226453,16,0.1600493604170159,2,0,0
Bonds,e10-x55-s0,full,double,17,0.01139543387962516,-0.1934645370859982,16,0.12847136963391037,2,0,0
Bonds,e10-x55-s0,full,gross,17,0.016474569189415922,-0.16843620864078546,16,0.1904089633601218,2,0,0
Bonds,e10-x55-s0,validation,normal,17,0.006786197646837078,-0.15671094696593402,10,0.04615918024987553,3,0,0
Bonds,e10-x55-s0,validation,double,17,0.0038881245770601147,-0.17082502199234062,9,0.026229922833578057,3,0,0
Bonds,e10-x55-s0,validation,gross,17,0.009688555520988018,-0.14237878990963804,10,0.06644669790343771,3,0,0
Bonds,e10-x55-s2,full,normal,17,0.011641920047621213,-0.11891746578905693,16,0.13140835957542274,2,0,0
Bonds,e10-x55-s2,full,double,17,0.00850551167129443,-0.12835628694469925,15,0.09454833481121727,2,0,0
Bonds,e10-x55-s2,full,gross,17,0.014998050469927415,-0.10939338125516807,17,0.1720933977679766,2,0,0
Bonds,e10-x55-s2,validation,normal,17,0.007412889206555029,-0.10216379378721063,15,0.050511756829954235,2,0,0
Bonds,e10-x55-s2,validation,double,17,0.002937601583999694,-0.12133910037536577,10,0.01976413831312196,2,0,0
Bonds,e10-x55-s2,validation,gross,17,0.011901623603429057,-0.09004657151735906,16,0.08213992567558481,2,0,0
Bonds,e10-x55-s3,full,normal,17,0.013530245244824046,-0.1386956904739306,16,0.1541394187529399,2,0,0
Bonds,e10-x55-s3,full,double,17,0.011026663463166164,-0.15096857468626246,16,0.12409020952173999,2,0,0
Bonds,e10-x55-s3,full,gross,17,0.016036692496589122,-0.12716520182328828,17,0.1849504275715821,2,0,0
Bonds,e10-x55-s3,validation,normal,17,0.00604287574435225,-0.13869569047393104,13,0.04101645320408598,3,0,0
Bonds,e10-x55-s3,validation,double,17,0.0033773541027759535,-0.1534523045798284,10,0.022751168054423676,3,0,0
Bonds,e10-x55-s3,validation,gross,17,0.009841985015839327,-0.12472725137705754,15,0.06752841339171889,3,0,0
Bonds,e10-x70-s0,full,normal,17,0.015838345490423622,-0.16482470308345698,17,0.18248532256221628,2,0,0
Bonds,e10-x70-s0,full,double,17,0.012442320513579075,-0.17822114218566665,15,0.1409933132954455,2,0,0
Bonds,e10-x70-s0,full,gross,17,0.017388158077315197,-0.15122987844561864,17,0.2018711275846068,2,0,0
Bonds,e10-x70-s0,validation,normal,17,0.0045813435095063415,-0.1536205885398083,11,0.030967384209988902,3,0,0
Bonds,e10-x70-s0,validation,double,17,0.0021713578421871382,-0.16439126139194682,10,0.014577127465826623,3,0,0
Bonds,e10-x70-s0,validation,gross,17,0.006877550341861438,-0.14272856035649917,13,0.04679269823294674,3,0,0
Bonds,e10-x70-s2,full,normal,17,0.016026375881614152,-0.11343024329668416,17,0.1848220954356743,2,0,0
Bonds,e10-x70-s2,full,double,17,0.011062210491832758,-0.1252875586519685,17,0.12451185202970194,2,0,0
Bonds,e10-x70-s2,full,gross,17,0.017720123873446347,-0.10534648745452946,17,0.206060783031206,2,0,0
Bonds,e10-x70-s2,validation,normal,17,0.009174834740167892,-0.09151576183117494,15,0.06283162108749418,2,0,0
Bonds,e10-x70-s2,validation,double,17,0.005149878388553297,-0.10661503827731045,13,0.03486661872213159,2,0,0
Bonds,e10-x70-s2,validation,gross,17,0.013210082254915045,-0.07757371198657703,16,0.0915104389889334,2,0,0
Bonds,e10-x70-s3,full,normal,17,0.01478995619123924,-0.13284514676706805,17,0.16953271627530175,2,0,0
Bonds,e10-x70-s3,full,double,17,0.012740039273021253,-0.14512840981053832,17,0.14457728916550772,2,0,0
Bonds,e10-x70-s3,full,gross,17,0.016938932140598384,-0.12174451069760861,17,0.1962225627965677,2,0,0
Bonds,e10-x70-s3,validation,normal,17,0.008115682205387387,-0.12387128263392999,14,0.055411185983950784,3,0,0
Bonds,e10-x70-s3,validation,double,17,0.003736894167770455,-0.14057811977816137,11,0.02519887635022311,3,0,0
Bonds,e10-x70-s3,validation,gross,17,0.012505781881153366,-0.10686516202145102,15,0.08645806456896743,3,0,0
Bonds,e15-x40-s0,full,normal,17,0.014249358150966396,-0.13662079275374717,17,0.14677042564408294,2,0,0
Bonds,e15-x40-s0,full,double,17,0.012713878800376666,-0.14253774023424126,17,0.12247795189380573,2,0,0
Bonds,e15-x40-s0,full,gross,17,0.015785477236371248,-0.13067293308825256,17,0.17508807263603732,2,0,0
Bonds,e15-x40-s0,validation,normal,17,0.003522738594523789,-0.1200097265077168,10,0.023740330331971204,3,0,0
Bonds,e15-x40-s0,validation,double,17,-0.00037233589820573343,-0.13195142184531117,8,-0.0024816563163707617,3,0,0
Bonds,e15-x40-s0,validation,gross,17,0.007427167047675987,-0.10917787352892205,14,0.05061110016147641,3,0,0
Bonds,e15-x40-s2,full,normal,17,0.013813600194889641,-0.12105827145690617,16,0.15758583725721276,2,0,0
Bonds,e15-x40-s2,full,double,17,0.010192659743742505,-0.1284123551903904,14,0.11423866358462131,2,0,0
Bonds,e15-x40-s2,full,gross,17,0.017442318546784907,-0.11358975446176434,16,0.19220069252589722,2,0,0
Bonds,e15-x40-s2,validation,normal,17,0.006519716353984739,-0.09053628473800379,14,0.04431303209443249,2,0,0
Bonds,e15-x40-s2,validation,double,17,0.0019323474065442436,-0.10830097606309363,12,0.01296376663154053,2,0,0
Bonds,e15-x40-s2,validation,gross,17,0.011901594733911391,-0.07393854650025034,14,0.0821397196837883,2,0,0
Bonds,e15-x40-s3,full,normal,17,0.013845832644398426,-0.1056297146590971,17,0.1579784676046223,2,0,0
Bonds,e15-x40-s3,full,double,17,0.010783084641929674,-0.11887688030979715,17,0.12120484196588022,2,0,0
Bonds,e15-x40-s3,full,gross,17,0.015703176485037496,-0.09955356944258187,17,0.18080807292119982,2,0,0
Bonds,e15-x40-s3,validation,normal,17,0.0064173838259811156,-0.10554065493451215,12,0.04360482186585957,3,0,0
Bonds,e15-x40-s3,validation,double,17,0.0025726846972322637,-0.11833569153306855,11,0.01729106516716694,3,0,0
Bonds,e15-x40-s3,validation,gross,17,0.011030739427371428,-0.093296395696991,17,0.07594107868967548,3,0,0
Bonds,e15-x55-s0,full,normal,17,0.01394872756701293,-0.13914866890637845,17,0.15091408603648038,2,0,0
Bonds,e15-x55-s0,full,double,17,0.012617658936655118,-0.1484944523017726,17,0.12162771141249684,2,0,0
Bonds,e15-x55-s0,full,gross,17,0.015712660160252856,-0.12971497468496018,17,0.17422444028427275,2,0,0
Bonds,e15-x55-s0,validation,normal,17,0.006482829349661934,-0.13341707841720052,11,0.04405770202492354,3,0,0
Bonds,e15-x55-s0,validation,double,17,0.0038581288440391326,-0.14367302319217745,9,0.026025350292981475,3,0,0
Bonds,e15-x55-s0,validation,gross,17,0.008944070007523397,-0.12745055104451042,13,0.06121111316406691,3,0,0
Bonds,e15-x55-s2,full,normal,17,0.010193037024520901,-0.1178272865506158,16,0.1142431024114523,2,0,0
Bonds,e15-x55-s2,full,double,17,0.007437099927266155,-0.13303133621911156,15,0.08224277483830877,2,0,0
Bonds,e15-x55-s2,full,gross,17,0.013392173365304405,-0.1039787432707302,17,0.15246343585150646,2,0,0
Bonds,e15-x55-s2,validation,normal,17,0.0075964885408936755,-0.10058243107410048,15,0.05178982582740077,2,0,0
Bonds,e15-x55-s2,validation,double,17,0.003814600367556542,-0.11550027739942303,13,0.025728545359613664,2,0,0
Bonds,e15-x55-s2,validation,gross,17,0.011387587328439697,-0.08374894789593612,15,0.07847741787836782,2,0,0
Bonds,e15-x55-s3,full,normal,17,0.014197017897442654,-0.11438845987349244,17,0.16226415785253057,2,0,0
Bonds,e15-x55-s3,full,double,17,0.011960145808116218,-0.12645661777217543,17,0.13521040252149352,2,0,0
Bonds,e15-x55-s3,full,gross,17,0.01643587910034694,-0.10217227726149813,17,0.1899257396588665,2,0,0
Bonds,e15-x55-s3,validation,normal,17,0.008856327844293466,-0.10933475540058057,14,0.060595509455594554,3,0,0
Bonds,e15-x55-s3,validation,double,17,0.005385407279052679,-0.1202007224726741,14,0.036485636681859335,3,0,0
Bonds,e15-x55-s3,validation,gross,17,0.011980488028048741,-0.10040926309511189,17,0.08270276906119345,3,0,0
Bonds,e15-x70-s0,full,normal,17,0.015803988637868915,-0.14892890455345464,17,0.17112869528510122,2,0,0
Bonds,e15-x70-s0,full,double,17,0.013375754366129256,-0.15476520155307816,17,0.1465621639753656,2,0,0
Bonds,e15-x70-s0,full,gross,17,0.016811553268592405,-0.1430621026448845,17,0.19027563065116837,2,0,0
Bonds,e15-x70-s0,validation,normal,17,0.004870465645524957,-0.13127384371607387,13,0.03294873314173019,3,0,0
Bonds,e15-x70-s0,validation,double,17,0.002539471033986773,-0.13770978302955883,12,0.017066226686995645,3,0,0
Bonds,e15-x70-s0,validation,gross,17,0.007203476709595202,-0.1259046011073589,13,0.04905560960143407,3,0,0
Bonds,e15-x70-s2,full,normal,17,0.01294941424639906,-0.1097379998810325,17,0.14710387843408057,2,0,0
Bonds,e15-x70-s2,full,double,17,0.009766560446795802,-0.12003019743636267,16,0.10923568853351329,2,0,0
Bonds,e15-x70-s2,full,gross,17,0.01613815191039314,-0.10130540290102175,17,0.1862131895102217,2,0,0
Bonds,e15-x70-s2,validation,normal,17,0.008922765634098884,-0.09492132650350538,16,0.06106161262456067,3,0,0
Bonds,e15-x70-s2,validation,double,17,0.005770840108122233,-0.1081814702431777,13,0.03913973455615971,3,0,0
Bonds,e15-x70-s2,validation,gross,17,0.012079674766548365,-0.08148389996921923,16,0.08341100301823068,3,0,0
Bonds,e15-x70-s3,full,normal,17,0.016339619711560616,-0.11329182390898818,17,0.1887242697047955,2,0,0
Bonds,e15-x70-s3,full,double,17,0.015015278950425204,-0.1192978190331655,17,0.1723056285336051,2,0,0
Bonds,e15-x70-s3,full,gross,17,0.017664234339902052,-0.10725481231535261,17,0.20535449024443864,2,0,0
Bonds,e15-x70-s3,validation,normal,17,0.012400773574043011,-0.10368630777676702,17,0.08570648203438713,3,0,0
Bonds,e15-x70-s3,validation,double,17,0.008849173022482892,-0.11186090503196489,13,0.060545324233175934,3,0,0
Bonds,e15-x70-s3,validation,gross,17,0.015099713262244574,-0.09590118982842977,17,0.10516470601077277,3,0,0
Bonds,e20-x40-s0,full,normal,17,0.015611467577869353,-0.11182360598417085,16,0.16902231663105272,2,0,0
Bonds,e20-x40-s0,full,double,17,0.01264477646477502,-0.12362236271352245,16,0.1327951462907655,2,0,0
Bonds,e20-x40-s0,full,gross,17,0.017743037614277313,-0.09988614355321823,17,0.1989420497789296,2,0,0
Bonds,e20-x40-s0,validation,normal,17,0.006380740579305932,-0.10920732207780182,12,0.043351325140831065,3,0,0
Bonds,e20-x40-s0,validation,double,17,0.0026691840854018434,-0.11904622584986868,9,0.017944553413052455,3,0,0
Bonds,e20-x40-s0,validation,gross,17,0.010100222534016545,-0.09927437880498957,13,0.0693511572512453,3,0,0
Bonds,e20-x40-s2,full,normal,17,0.013388899311025382,-0.11043204213760338,16,0.1505944113925295,2,0,0
Bonds,e20-x40-s2,full,double,17,0.010095377394960137,-0.12614460431406294,14,0.11309464085778997,2,0,0
Bonds,e20-x40-s2,full,gross,17,0.0166888879536069,-0.08969901992463991,16,0.18430115233473687,2,0,0
Bonds,e20-x40-s2,validation,normal,17,0.004604776236945662,-0.08218728289321986,12,0.03112784786992484,2,0,0
Bonds,e20-x40-s2,validation,double,17,3.877858475420659e-05,-0.10277065107823491,9,0.0002587646955460876,2,0,0
Bonds,e20-x40-s2,validation,gross,17,0.009000216531195315,-0.06591869405984008,15,0.06160519953575139,2,0,0
Bonds,e20-x40-s3,full,normal,17,0.013466206556980609,-0.11170997951535011,16,0.15336181189023246,2,0,0
Bonds,e20-x40-s3,full,double,17,0.010654495376766882,-0.12610414725491148,15,0.11968431750037034,2,0,0
Bonds,e20-x40-s3,full,gross,17,0.016282087154035896,-0.097102899917897,17,0.18800669708948847,2,0,0
Bonds,e20-x40-s3,validation,normal,17,0.005515055701842186,-0.09319886164044378,12,0.037377754240751626,2,0,0
Bonds,e20-x40-s3,validation,double,17,0.0016835013754008532,-0.10088900491852137,10,0.01128633187763306,2,0,0
Bonds,e20-x40-s3,validation,gross,17,0.009674507738651972,-0.07695556298156181,15,0.06634770418044078,2,0,0
Bonds,e20-x55-s0,full,normal,17,0.015006066462791345,-0.13648046336224195,17,0.16199455107790062,2,0,0
Bonds,e20-x55-s0,full,double,17,0.012583064494514629,-0.1452924429953354,15,0.1395205709008407,2,0,0
Bonds,e20-x55-s0,full,gross,17,0.017207560011128553,-0.1275927782751357,17,0.18488146076494294,2,0,0
Bonds,e20-x55-s0,validation,normal,17,0.00649560476767963,-0.11098283631439076,13,0.04414612684591401,4,0,0
Bonds,e20-x55-s0,validation,double,17,0.003544464773941547,-0.11929194670100352,10,0.023888220031812457,4,0,0
Bonds,e20-x55-s0,validation,gross,17,0.009171865840471805,-0.10260837007230617,13,0.06281075912015899,4,0,0
Bonds,e20-x55-s2,full,normal,17,0.01215475845804126,-0.11208552442086628,16,0.1375412639815785,2,0,0
Bonds,e20-x55-s2,full,double,17,0.008988865947942681,-0.12679602494814168,12,0.10015697051597727,2,0,0
Bonds,e20-x55-s2,full,gross,17,0.015326481850528761,-0.0961403683251183,16,0.1761452136726751,2,0,0
Bonds,e20-x55-s2,validation,normal,17,0.006801869986422959,-0.08463986637524457,12,0.04626784253370908,3,0,0
Bonds,e20-x55-s2,validation,double,17,0.0025049406864374735,-0.10626572269884704,12,0.016832519760369813,3,0,0
Bonds,e20-x55-s2,validation,gross,17,0.010261142773676735,-0.07051764393679194,15,0.07048833428085421,3,0,0
Bonds,e20-x55-s3,full,normal,17,0.013588601674141776,-0.11838615718860701,16,0.15484844099418305,2,0,0
Bonds,e20-x55-s3,full,double,17,0.011371353113159621,-0.13039961188021798,15,0.12818480762807427,2,0,0
Bonds,e20-x55-s3,full,gross,17,0.01580780839655982,-0.10622535697653179,17,0.18210621322213028,2,0,0
Bonds,e20-x55-s3,validation,normal,17,0.007475119858852741,-0.09786621564199094,13,0.050944807941290415,3,0,0
Bonds,e20-x55-s3,validation,double,17,0.00507267849083437,-0.11007709644141284,12,0.03433641718165026,3,0,0
Bonds,e20-x55-s3,validation,gross,17,0.009705604983048177,-0.0834496762796656,15,0.06656685474493318,3,0,0
Bonds,e20-x70-s0,full,normal,17,0.014696088996564605,-0.13305487372004732,17,0.14347461488099444,2,0,0
Bonds,e20-x70-s0,full,double,17,0.013296191062635243,-0.1419923856867653,17,0.12050553733035807,2,0,0
Bonds,e20-x70-s0,full,gross,17,0.016096032999561194,-0.12403766118390713,17,0.18016446681304,2,0,0
Bonds,e20-x70-s0,validation,normal,17,0.006892021182667074,-0.1152478801398712,12,0.04689308137821091,4,0,0
Bonds,e20-x70-s0,validation,double,17,0.003960201821193499,-0.11975510262890232,11,0.02672163535577865,4,0,0
Bonds,e20-x70-s0,validation,gross,17,0.008993313554900073,-0.11072495368964119,14,0.06155674158573454,4,0,0
Bonds,e20-x70-s2,full,normal,17,0.01182881171739214,-0.10251123960052855,16,0.13363987069654648,2,0,0
Bonds,e20-x70-s2,full,double,17,0.009356984150078018,-0.11512812848752141,15,0.10444591335242626,2,0,0
Bonds,e20-x70-s2,full,gross,17,0.014303440899219977,-0.09207307029968748,16,0.1635657263221184,2,0,0
Bonds,e20-x70-s2,validation,normal,17,0.005873269880121157,-0.07798755917936573,13,0.03984603887482563,4,0,0
Bonds,e20-x70-s2,validation,double,17,0.0015915944019300188,-0.09090420536223554,12,0.010667397825405045,4,0,0
Bonds,e20-x70-s2,validation,gross,17,0.010165891316491926,-0.0688694986596432,16,0.0698150955455683,4,0,0
Bonds,e20-x70-s3,full,normal,17,0.014939202537979313,-0.094786693611423,17,0.17136873617891557,2,0,0
Bonds,e20-x70-s3,full,double,17,0.013173228702272555,-0.10104326656732798,17,0.14981030156651776,2,0,0
Bonds,e20-x70-s3,full,gross,17,0.016705894104467545,-0.09280482163628445,17,0.19330183096929554,2,0,0
Bonds,e20-x70-s3,validation,normal,17,0.009362677798997243,-0.08851183185082634,14,0.06415227121587308,4,0,0
Bonds,e20-x70-s3,validation,double,17,0.005956328968803826,-0.09543504991714924,12,0.04041907229003905,4,0,0
Bonds,e20-x70-s3,validation,gross,17,0.012774503049527208,-0.08200531953713075,16,0.0883834139289903,4,0,0
Bonds,e25-x40-s0,full,normal,17,0.014821251685635861,-0.11326008220883765,17,0.1688702406258531,2,0,0
Bonds,e25-x40-s0,full,double,17,0.012390589697707455,-0.12113425007889278,16,0.1359676422708025,2,0,0
Bonds,e25-x40-s0,full,gross,17,0.017254617034046404,-0.10532973226585107,17,0.19917488711420894,2,0,0
Bonds,e25-x40-s0,validation,normal,17,0.0068606875571661785,-0.10392425123049587,13,0.04667573267453706,3,0,0
Bonds,e25-x40-s0,validation,double,17,0.004078913924663086,-0.1124587147675351,12,0.027531928498431002,3,0,0
Bonds,e25-x40-s0,validation,gross,17,0.009640109389911888,-0.09786827018290734,13,0.06610533444726108,3,0,0
Bonds,e25-x40-s2,full,normal,17,0.012667039091360577,-0.09351340940469477,15,0.1391771533329147,2,0,0
Bonds,e25-x40-s2,full,double,17,0.009255455057809892,-0.10586882167024358,13,0.10326148783838773,2,0,0
Bonds,e25-x40-s2,full,gross,17,0.01608573231082877,-0.08815470423549943,16,0.1713035502196243,2,0,0
Bonds,e25-x40-s2,validation,normal,17,0.002674371626726124,-0.08861045524356348,10,0.017979693246745976,2,0,0
Bonds,e25-x40-s2,validation,double,17,-0.0010975800490825582,-0.10325077590180542,8,-0.007300453474668567,2,0,0
Bonds,e25-x40-s2,validation,gross,17,0.007358329956463017,-0.07589231452557266,13,0.05013221433689763,2,0,0
Bonds,e25-x40-s3,full,normal,17,0.012718871530910558,-0.10409743217383494,16,0.14432213272810124,2,0,0
Bonds,e25-x40-s3,full,double,17,0.009914020104667243,-0.1151067323566426,16,0.11096475366805247,2,0,0
Bonds,e25-x40-s3,full,gross,17,0.015527875900769761,-0.09510535420300104,16,0.17863606033766688,2,0,0
Bonds,e25-x40-s3,validation,normal,17,0.004150209157786522,-0.09993512073621758,13,0.02801882957471924,2,0,0
Bonds,e25-x40-s3,validation,double,17,0.00044208363967390696,-0.10815309023344022,9,0.002953345737664037,2,0,0
Bonds,e25-x40-s3,validation,gross,17,0.007866254254224492,-0.09116144112663616,15,0.05367011285873158,2,0,0
Bonds,e25-x55-s0,full,normal,17,0.013316114593972417,-0.13804374259164154,17,0.1438369559943904,2,0,0
Bonds,e25-x55-s0,full,double,17,0.011371864202549098,-0.1430725024959496,14,0.1240889921726176,2,0,0
Bonds,e25-x55-s0,full,gross,17,0.015167726527455239,-0.13299503630087794,17,0.16768989767759512,2,0,0
Bonds,e25-x55-s0,validation,normal,17,0.004684806624511317,-0.1049509925466584,12,0.031676043569136114,4,0,0
Bonds,e25-x55-s0,validation,double,17,0.002178548982658235,-0.11607425958671014,11,0.01462570271040331,4,0,0
Bonds,e25-x55-s0,validation,gross,17,0.00719373377676602,-0.09754983678389872,12,0.04898790403236153,4,0,0
Bonds,e25-x55-s2,full,normal,17,0.012051225989230252,-0.09637987921113023,14,0.1363007238213212,2,0,0
Bonds,e25-x55-s2,full,double,17,0.008889023181996913,-0.11484213487158768,12,0.09899630814128368,2,0,0
Bonds,e25-x55-s2,full,gross,17,0.015219247309688821,-0.07875699803444203,15,0.17482088138935148,2,0,0
Bonds,e25-x55-s2,validation,normal,17,0.006353052258773584,-0.08351735870805965,11,0.04315981301087701,3,0,0
Bonds,e25-x55-s2,validation,double,17,0.0028622715810067145,-0.09494110379314846,10,0.019253202199744246,3,0,0
Bonds,e25-x55-s2,validation,gross,17,0.00985085588436796,-0.0719676328185479,13,0.06759098369891992,3,0,0
Bonds,e25-x55-s3,full,normal,17,0.011893536641205626,-0.08737113160427878,16,0.13441362418638336,2,0,0
Bonds,e25-x55-s3,full,double,17,0.009213494304537218,-0.10100360814928877,14,0.10277231528398345,2,0,0
Bonds,e25-x55-s3,full,gross,17,0.014577223010610041,-0.0821688565173807,16,0.16692019294402738,2,0,0
Bonds,e25-x55-s3,validation,normal,17,0.005877925023933139,-0.0862242875480822,13,0.03987814810412038,3,0,0
Bonds,e25-x55-s3,validation,double,17,0.0034568358201441107,-0.09462393221555343,12,0.023291842451476752,3,0,0
Bonds,e25-x55-s3,validation,gross,17,0.008672857410161994,-0.0774804252745318,13,0.05930925211715543,3,0,0
Bonds,e25-x70-s0,full,normal,17,0.014557640266339211,-0.1283063434380557,17,0.15706833001704545,2,0,0
Bonds,e25-x70-s0,full,double,17,0.013160713414897218,-0.13627462691319436,17,0.1382611593056038,2,0,0
Bonds,e25-x70-s0,full,gross,17,0.015954612291650738,-0.12027678163779898,17,0.17728783033972006,2,0,0
Bonds,e25-x70-s0,validation,normal,17,0.004096936910372939,-0.1152478801398712,11,0.02765499550307382,4,0,0
Bonds,e25-x70-s0,validation,double,17,0.0019430531722435251,-0.11975510262890243,10,0.013035985671824069,4,0,0
Bonds,e25-x70-s0,validation,gross,17,0.006252225378563736,-0.11072495368964108,13,0.04246267508185264,4,0,0
Bonds,e25-x70-s2,full,normal,17,0.01290027966053553,-0.08038030570464483,13,0.1465105034993921,2,0,0
Bonds,e25-x70-s2,full,double,17,0.010674388108474764,-0.08865137634164733,13,0.11991942005551337,2,0,0
Bonds,e25-x70-s2,full,gross,17,0.015128147540833137,-0.07875699803444214,16,0.17369687323744576,2,0,0
Bonds,e25-x70-s2,validation,normal,17,0.006330030102707829,-0.07599398594857976,12,0.04300059815031054,4,0,0
Bonds,e25-x70-s2,validation,double,17,0.0039229661448720865,-0.08681354301489907,11,0.02646758776198266,4,0,0
Bonds,e25-x70-s2,validation,gross,17,0.008739632953012721,-0.06796302161091228,13,0.059777242257295526,4,0,0
Bonds,e25-x70-s3,full,normal,17,0.012545374539908893,-0.09036468097522765,16,0.14223273805654713,2,0,0
Bonds,e25-x70-s3,full,double,17,0.010511787913133785,-0.10114873129999657,16,0.11799903808450818,2,0,0
Bonds,e25-x70-s3,full,gross,17,0.014580254304427775,-0.0814311576425808,17,0.1669573823358148,2,0,0
Bonds,e25-x70-s3,validation,normal,17,0.006576035067594521,-0.08606808447851588,12,0.044702969915446644,4,0,0
Bonds,e25-x70-s3,validation,double,17,0.004107304907215559,-0.09068902553192248,12,0.027725797347984527,4,0,0
Bonds,e25-x70-s3,validation,gross,17,0.00907189895401328,-0.0814311576425808,16,0.06210851150875696,4,0,0
Bonds,e30-x40-s0,full,normal,17,0.01306962816660917,-0.11326008220883776,17,0.14855681817194455,2,0,0
Bonds,e30-x40-s0,full,double,17,0.010650586871565393,-0.12113425007889289,15,0.11963813002932944,2,0,0
Bonds,e30-x40-s0,full,gross,17,0.01549833831022096,-0.10436760370517362,17,0.17827043977601997,2,0,0
Bonds,e30-x40-s0,validation,normal,17,0.00407921243643794,-0.09037891658023578,12,0.027533966735127535,4,0,0
Bonds,e30-x40-s0,validation,double,17,0.0016556324132108724,-0.0999096431852895,10,0.011098618402538785,4,0,0
Bonds,e30-x40-s0,validation,gross,17,0.006578981033239506,-0.08076171107963814,16,0.04472337051026454,4,0,0
Bonds,e30-x40-s2,full,normal,17,0.01316033969915087,-0.09481700520547254,16,0.12407422444269467,2,0,0
Bonds,e30-x40-s2,full,double,17,0.010078401775515555,-0.10161548850103908,12,0.09390321033767912,2,0,0
Bonds,e30-x40-s2,full,gross,17,0.015118315522306025,-0.08365524232552812,16,0.15502747004329787,2,0,0
Bonds,e30-x40-s2,validation,normal,17,0.00522346459988432,-0.08729807871316453,10,0.03537221686931025,3,0,0
Bonds,e30-x40-s2,validation,double,17,0.0012029863177047684,-0.09848845759826963,10,0.008053931776851986,3,0,0
Bonds,e30-x40-s2,validation,gross,17,0.009197341992209784,-0.07851275362821875,12,0.06298978715018011,3,0,0
Bonds,e30-x40-s3,full,normal,17,0.013014888656722734,-0.09755006550721501,16,0.14789501415453143,2,0,0
Bonds,e30-x40-s3,full,double,17,0.01022093323848594,-0.10790265420454104,15,0.11457135453112666,2,0,0
Bonds,e30-x40-s3,full,gross,17,0.015607219713839937,-0.08673684206449239,16,0.17961869861087476,2,0,0
Bonds,e30-x40-s3,validation,normal,17,0.005082882065082339,-0.08622982366350529,14,0.03440648111038436,3,0,0
Bonds,e30-x40-s3,validation,double,17,0.0022739673031635377,-0.09589932492844278,10,0.015270428587438545,3,0,0
Bonds,e30-x40-s3,validation,gross,17,0.007895583426517083,-0.07673983427854714,16,0.0538747114840219,3,0,0
Bonds,e30-x55-s0,full,normal,17,0.012165859329529294,-0.13223607901996193,16,0.13767434896624686,3,0,0
Bonds,e30-x55-s0,full,double,17,0.010319730617275313,-0.14096190267538833,16,0.11573459889099369,3,0,0
Bonds,e30-x55-s0,full,gross,17,0.014012943808992206,-0.1228200254185462,17,0.16001601993093395,3,0,0
Bonds,e30-x55-s0,validation,normal,17,0.00119326205214354,-0.10758014164152052,10,0.007988607925211832,4,0,0
Bonds,e30-x55-s0,validation,double,17,-0.0011087181749613872,-0.115661260137916,8,-0.007374304826750611,4,0,0
Bonds,e30-x55-s0,validation,gross,17,0.003497215485646521,-0.09943747432174277,13,0.023566618201463996,4,0,0
Bonds,e30-x55-s2,full,normal,17,0.013039199717457928,-0.08833513819376648,14,0.14818889369298383,3,0,0
Bonds,e30-x55-s2,full,double,17,0.009997308040304631,-0.10161548850103908,10,0.11194244062245917,3,0,0
Bonds,e30-x55-s2,full,gross,17,0.01492999863274247,-0.0814396193007505,16,0.17125543473941662,3,0,0
Bonds,e30-x55-s2,validation,normal,17,0.007005027914281925,-0.07860073762909081,11,0.04767728219074985,3,0,0
Bonds,e30-x55-s2,validation,double,17,0.0037327968922866717,-0.08630361878984405,10,0.025170954533269008,3,0,0
Bonds,e30-x55-s2,validation,gross,17,0.01028311599871734,-0.07091983989492234,12,0.07064369248315772,3,0,0
Bonds,e30-x55-s3,full,normal,17,0.012475429280531802,-0.09077237563697149,16,0.14139137755367037,3,0,0
Bonds,e30-x55-s3,full,double,17,0.009805778278861865,-0.09580745074916086,16,0.10969530616754697,3,0,0
Bonds,e30-x55-s3,full,gross,17,0.015148692690394094,-0.08284974900159503,16,0.17395027847798916,3,0,0
Bonds,e30-x55-s3,validation,normal,17,0.005793933710787735,-0.08737113160427867,15,0.03929894083311458,3,0,0
Bonds,e30-x55-s3,validation,double,17,0.0032185059414147066,-0.0925533487635678,12,0.02167133107168917,3,0,0
Bonds,e30-x55-s3,validation,gross,17,0.008806755685736078,-0.08174819049580906,16,0.060247842771717464,3,0,0
Bonds,e30-x70-s0,full,normal,17,0.013775615111005335,-0.1280392218347738,17,0.15712328771141437,3,0,0
Bonds,e30-x70-s0,full,double,17,0.012381706541401805,-0.13572853856445277,17,0.14026488197553832,3,0,0
Bonds,e30-x70-s0,full,gross,17,0.015169568832440472,-0.12042538620775511,17,0.1742078169873995,3,0,0
Bonds,e30-x70-s0,validation,normal,17,0.005016491250208421,-0.10956485235930513,13,0.03395067378381933,4,0,0
Bonds,e30-x70-s0,validation,double,17,0.0031258435503298543,-0.11586275996219397,10,0.02104186733488711,4,0,0
Bonds,e30-x70-s0,validation,gross,17,0.007094116702355713,-0.10323089690401233,14,0.04829585839773909,4,0,0
Bonds,e30-x70-s2,full,normal,17,0.011831900715348675,-0.08834130375834448,14,0.13367678722234744,3,0,0
Bonds,e30-x70-s2,full,double,17,0.008903952347896205,-0.09520431611105551,13,0.0991697876430222,3,0,0
Bonds,e30-x70-s2,full,gross,17,0.014897436227126803,-0.08661138723980844,16,0.1708546664136621,3,0,0
Bonds,e30-x70-s2,validation,normal,17,0.00624842159325345,-0.0734908010462535,11,0.04243638267730798,3,0,0
Bonds,e30-x70-s2,validation,double,17,0.004025351768616403,-0.07821359960387697,10,0.027166262035993816,3,0,0
Bonds,e30-x70-s2,validation,gross,17,0.008600503918943847,-0.06875153863582262,14,0.058802367773392206,3,0,0
Bonds,e30-x70-s3,full,normal,17,0.012372794523243469,-0.08586811860162191,16,0.1401578169146933,3,0,0
Bonds,e30-x70-s3,full,double,17,0.010487839088313633,-0.0904651124326139,16,0.11771644389404257,3,0,0
Bonds,e30-x70-s3,full,gross,17,0.014258750990031155,-0.08125530421773552,17,0.16301900157304727,3,0,0
Bonds,e30-x70-s3,validation,normal,17,0.00698757537392769,-0.07663071540654331,15,0.047556139142676646,4,0,0
Bonds,e30-x70-s3,validation,double,17,0.003994165283828677,-0.08333546348086696,15,0.02695340425047843,4,0,0
Bonds,e30-x70-s3,validation,gross,17,0.009984887579106427,-0.06988660795848733,16,0.0685367502519092,4,0,0
Bonds,baseline-long,full,normal,17,0.0036162974927207436,-0.0948109507005428,9,0.039255155968862976,1,0,0
Bonds,baseline-long,full,double,17,-0.0030781277274007923,-0.11754873099645358,6,-0.032349198464918794,1,0,0
Bonds,baseline-long,full,gross,17,0.009488923201387944,-0.07405172054498521,14,0.10598681933821652,1,0,0
Bonds,baseline-long,validation,normal,17,-0.001509598134828205,-0.08393367667342,8,-0.010029232296758894,2,0,0
Bonds,baseline-long,validation,double,17,-0.009596296217107336,-0.11249785323904382,6,-0.062311101190517526,2,0,0
Bonds,baseline-long,validation,gross,17,0.006629653835381832,-0.07405172054498543,14,0.0424524242367359,2,0,0
Bonds,baseline-short,full,normal,17,-0.007766565544080839,-0.1427363026324524,2,-0.07980230437337799,1,0,0
Bonds,baseline-short,full,double,17,-0.01456521548453582,-0.17863545772515566,1,-0.14487262888941366,1,0,0
Bonds,baseline-short,full,gross,17,-0.0022016044198996942,-0.11622770190752241,3,-0.023235470183455953,1,0,0
Bonds,baseline-short,validation,normal,17,-0.010681581631430515,-0.12513685674615116,2,-0.06914559428340994,2,0,0
Bonds,baseline-short,validation,double,17,-0.018454467705997346,-0.150686043987299,1,-0.11285505468120594,2,0,0
Bonds,baseline-short,validation,gross,17,-0.0027751735683130274,-0.1028091924791914,7,-0.018371246787378892,2,0,0
Bonds,adaptive-common,validation,normal,17,0.004719611428587012,-0.1276877308417712,11,0.03191452835489783,1,0,0
Bonds,adaptive-common,validation,double,17,0.0005145107175534847,-0.1514605828130624,9,0.0034379020068258104,1,0,0
Bonds,adaptive-common,validation,gross,17,0.008936668714671914,-0.10785215817755123,13,0.06115917356952738,1,0,0
Bonds,adaptive-class,validation,normal,17,0.00037466298136901166,-0.1437516548946135,9,0.0025024625219707275,1,0,0
Bonds,adaptive-class,validation,double,17,-0.0032029533961351886,-0.15239363674385054,8,-0.02117740057372708,1,0,0
Bonds,adaptive-class,validation,gross,17,0.003959893236459511,-0.13294966436649525,13,0.02671952975719516,1,0,0
Crypto,e5-x40-s0,full,normal,2,0.08120192866011305,-0.6782706557338408,1,0.8805579151141714,0,0,0
Crypto,e5-x40-s0,full,double,2,0.05550741116993907,-0.6863103829769217,1,0.6453143665586432,0,0,0
Crypto,e5-x40-s0,full,gross,2,0.10733798402649097,-0.6697567392722065,1,1.1474100649908903,0,0,0
Crypto,e5-x40-s0,validation,normal,2,0.023075894878061887,-0.4806781354052663,1,0.043535757633489436,0,2,0
Crypto,e5-x40-s0,validation,double,2,-0.004443074544089376,-0.49424189316883427,1,-0.0035921347357295574,0,2,0
Crypto,e5-x40-s0,validation,gross,2,0.05120007033708718,-0.466830124220725,1,0.09264963591678965,0,2,0
Crypto,e5-x40-s2,full,normal,2,0.05248002247257494,-0.69231618797607,1,0.7984237865310966,0,0,0
Crypto,e5-x40-s2,full,double,2,0.018172156184315058,-0.7030124949946408,1,0.5144723395526036,0,0,0
Crypto,e5-x40-s2,full,gross,2,0.08772477122314276,-0.68051786019065,1,1.1338744488546513,0,0,0
Crypto,e5-x40-s2,validation,normal,2,-0.03612057337836261,-0.48006777588063193,1,-0.048669774570023305,0,2,0
Crypto,e5-x40-s2,validation,double,2,-0.07404613617217387,-0.5042060727073148,1,-0.11093364579449067,0,2,0
Crypto,e5-x40-s2,validation,gross,2,0.003117538336239234,-0.45484501318685394,1,0.01754404252430175,0,2,0
Crypto,e5-x40-s3,full,normal,2,0.03161940292910009,-0.6830235408469862,1,0.5096625539161166,0,0,0
Crypto,e5-x40-s3,full,double,2,0.002652353524611739,-0.6953230982958877,1,0.2928222186925648,0,0,0
Crypto,e5-x40-s3,full,gross,2,0.061226794780003646,-0.6736737607533638,1,0.7611321940049622,0,0,0
Crypto,e5-x40-s3,validation,normal,2,-0.016348795198548816,-0.4940524587299237,1,-0.023478815126804775,0,2,0
Crypto,e5-x40-s3,validation,double,2,-0.04616495364134443,-0.5085164844254496,1,-0.07301110180833126,0,2,0
Crypto,e5-x40-s3,validation,gross,2,0.014227470278850407,-0.4792370184149824,1,0.02843317015497593,0,2,0
Crypto,e5-x55-s0,full,normal,2,0.13258600003300014,-0.696676440498409,1,1.6752579509605916,0,0,0
Crypto,e5-x55-s0,full,double,2,0.11233185641269361,-0.7020530073583662,1,1.4339564399858202,0,0,0
Crypto,e5-x55-s0,full,gross,2,0.15306601341961212,-0.691078335747337,1,1.9386780755598667,0,0,0
Crypto,e5-x55-s0,validation,normal,2,0.05137637642238968,-0.4992645448273524,1,0.10759777480378735,0,2,0
Crypto,e5-x55-s0,validation,double,2,0.027895869874515866,-0.5112408921158145,1,0.0659632335572427,0,2,0
Crypto,e5-x55-s0,validation,gross,2,0.07523436213835633,-0.487065536879519,1,0.15056948335204628,0,2,0
Crypto,e5-x55-s2,full,normal,2,0.08735350603042841,-0.7002547140953242,1,1.3822744007757461,0,0,0
Crypto,e5-x55-s2,full,double,2,0.05818127210632407,-0.7147314386113581,1,1.0986535034599874,0,0,0
Crypto,e5-x55-s2,full,gross,2,0.11718745127935876,-0.6893532609374559,1,1.7038104809693042,0,0,0
Crypto,e5-x55-s2,validation,normal,2,-0.0133900255516618,-0.5017144051478303,1,0.0036953628973555586,0,2,0
Crypto,e5-x55-s2,validation,double,2,-0.04542328003283902,-0.5210051319467984,1,-0.049881589407908766,0,2,0
Crypto,e5-x55-s2,validation,gross,2,0.01950958875101544,-0.481655205704052,1,0.059928462279885686,0,2,0
Crypto,e5-x55-s3,full,normal,2,0.08216617198489179,-0.7024304092335595,1,1.201895439852428,0,0,0
Crypto,e5-x55-s3,full,double,2,0.05883192686999261,-0.7083443379383976,1,0.9727557705594506,0,0,0
Crypto,e5-x55-s3,full,gross,2,0.10586824277706397,-0.6962076702655512,1,1.4562857800281614,0,0,0
Crypto,e5-x55-s3,validation,normal,2,0.03635060524643219,-0.4957913535794653,1,0.08446988872937794,0,2,0
Crypto,e5-x55-s3,validation,double,2,0.011823702178070605,-0.5077637553479726,1,0.04170043132120976,0,2,0
Crypto,e5-x55-s3,validation,gross,2,0.0613015995919462,-0.48359846337818546,1,0.12868401808084712,0,2,0
Crypto,e5-x70-s0,full,normal,2,0.13638239880852476,-0.6868471263900472,2,1.444400559297118,0,0,0
Crypto,e5-x70-s0,full,double,2,0.11944005132772617,-0.6914072640298972,1,1.2504708866456962,0,0,0
Crypto,e5-x70-s0,full,gross,2,0.1534492331634475,-0.6821538370685437,2,1.6533416968666814,0,0,0
Crypto,e5-x70-s0,validation,normal,2,-0.02115050031805016,-0.5513688787460742,1,-0.024402391008044033,0,2,0
Crypto,e5-x70-s0,validation,double,2,-0.043490679033498625,-0.5625550278241509,1,-0.06182763867110702,0,2,0
Crypto,e5-x70-s0,validation,gross,2,0.0015584322586745802,-0.5399671478144918,1,0.014255938243961042,0,2,0
Crypto,e5-x70-s2,full,normal,2,0.08893215852337727,-0.7088942855580871,1,1.0102347905952884,0,0,0
Crypto,e5-x70-s2,full,double,2,0.06314982296795635,-0.725640358216924,1,0.7789261979509623,0,0,0
Crypto,e5-x70-s2,full,gross,2,0.11517064652642844,-0.6910107471933604,1,1.2705094901590348,0,0,0
Crypto,e5-x70-s2,validation,normal,2,-0.054184289495649574,-0.5306822689563802,1,-0.0718468967098031,0,2,0
Crypto,e5-x70-s2,validation,double,2,-0.0852010856672315,-0.5494183207140897,1,-0.12198087206146846,0,2,0
Crypto,e5-x70-s2,validation,gross,2,-0.02231968903804543,-0.5111846442937891,1,-0.0191949622555867,0,2,0
Crypto,e5-x70-s3,full,normal,2,0.11215457455630395,-0.6797174219146462,2,1.0016112966461135,0,0,0
Crypto,e5-x70-s3,full,double,2,0.09271965885578337,-0.6885119192717236,2,0.8116581032872952,0,0,0
Crypto,e5-x70-s3,full,gross,2,0.13179222129845436,-0.6742284725907003,2,1.209860095425358,0,0,0
Crypto,e5-x70-s3,validation,normal,2,-0.04482212005067221,-0.5540342854667599,1,-0.06261341469760823,0,2,0
Crypto,e5-x70-s3,validation,double,2,-0.06792572829981286,-0.5650498032038209,1,-0.10041725989287187,0,2,0
Crypto,e5-x70-s3,validation,gross,2,-0.021309057339255977,-0.542808438646534,1,-0.02349925292424704,0,2,0
Crypto,e10-x40-s0,full,normal,2,0.055850414631966105,-0.6871044201062415,1,0.42308649883323735,0,0,0
Crypto,e10-x40-s0,full,double,2,0.03258224690433531,-0.6999518391399171,1,0.25339257851774727,0,0,0
Crypto,e10-x40-s0,full,gross,2,0.07947967997537098,-0.6737171547057886,2,0.6143438847606423,0,0,0
Crypto,e10-x40-s0,validation,normal,2,-0.052788016682835726,-0.5210333562140192,0,-0.08592056115536018,0,2,0
Crypto,e10-x40-s0,validation,double,2,-0.0757969595527394,-0.5330004235680338,0,-0.12250501043060624,0,2,0
Crypto,e10-x40-s0,validation,gross,2,-0.02931059329687491,-0.508825393005677,1,-0.04792903176705249,0,2,0
Crypto,e10-x40-s2,full,normal,2,0.016690380115334136,-0.6773005325181836,1,0.19665893587077266,0,0,0
Crypto,e10-x40-s2,full,double,2,-0.015467804143243169,-0.7009166964988135,1,-0.00023731672671534199,0,0,0
Crypto,e10-x40-s2,full,gross,2,0.04967777497527476,-0.653855865996805,1,0.4306575047995988,0,0,0
Crypto,e10-x40-s2,validation,normal,2,-0.08714749146569067,-0.5413793634402592,0,-0.1393007290834541,0,2,0
Crypto,e10-x40-s2,validation,double,2,-0.12242346929331671,-0.5608174918867511,0,-0.19467910711898806,0,2,0
Crypto,e10-x40-s2,validation,gross,2,-0.05064130043956555,-0.5211702872670083,1,-0.0803851461332612,0,2,0
Crypto,e10-x40-s3,full,normal,2,-0.0037866501328507884,-0.7359133528818431,1,0.07444473853349587,0,0,0
Crypto,e10-x40-s3,full,double,2,-0.03100507761081317,-0.7518040611596948,1,-0.08017180337173618,0,0,0
Crypto,e10-x40-s3,full,gross,2,0.024007083103307236,-0.7190454465550569,1,0.2537624253548144,0,0,0
Crypto,e10-x40-s3,validation,normal,2,-0.1449996099017355,-0.5538264744792436,0,-0.2298487723902265,0,2,0
Crypto,e10-x40-s3,validation,double,2,-0.1725568344429656,-0.5690305734052049,0,-0.2705873957422442,0,2,0
Crypto,e10-x40-s3,validation,gross,2,-0.11662636143360616,-0.5381379127324,0,-0.18691182447990906,0,2,0
Crypto,e10-x55-s0,full,normal,2,0.12020283932952913,-0.6877143430181436,2,1.1784823620859717,0,0,0
Crypto,e10-x55-s0,full,double,2,0.10147884839995086,-0.6999307897417577,1,0.9871573639654198,0,0,0
Crypto,e10-x55-s0,full,gross,2,0.13911305098011995,-0.6751004315915172,2,1.3867754823845653,0,0,0
Crypto,e10-x55-s0,validation,normal,2,-0.019311521209762594,-0.5358088659385972,1,-0.029493118240579763,0,2,0
Crypto,e10-x55-s0,validation,double,2,-0.0392063799611298,-0.545644222633557,1,-0.06252554587772052,0,2,0
Crypto,e10-x55-s0,validation,gross,2,0.0008750295256788054,-0.525818994459406,1,0.004512687951828964,0,2,0
Crypto,e10-x55-s2,full,normal,2,0.07141517345081777,-0.690144045693855,1,0.6636358715294975,0,0,0
Crypto,e10-x55-s2,full,double,2,0.04373524782192956,-0.7071133120656864,1,0.44595204539833105,0,0,0
Crypto,e10-x55-s2,full,gross,2,0.09964969857970152,-0.6723283999037046,1,0.912826422154605,0,0,0
Crypto,e10-x55-s2,validation,normal,2,-0.06441519783202593,-0.5617252056474396,1,-0.09629278363592703,0,2,0
Crypto,e10-x55-s2,validation,double,2,-0.09472768857476632,-0.5777801904468304,1,-0.14502770954039262,0,2,0
Crypto,e10-x55-s2,validation,gross,2,-0.03327966600501864,-0.5451515272379326,1,-0.04510078412440649,0,2,0
Crypto,e10-x55-s3,full,normal,2,0.04785611652289473,-0.7208002011681915,1,0.5434267940549462,0,0,0
Crypto,e10-x55-s3,full,double,2,0.025336351333921814,-0.7346455837224217,1,0.37596246177313053,0,0,0
Crypto,e10-x55-s3,full,gross,2,0.07072054612853446,-0.7062245232821512,1,0.7302587567066368,0,0,0
Crypto,e10-x55-s3,validation,normal,2,-0.1033928538620788,-0.5599101046667518,0,-0.16593440732648684,0,2,0
Crypto,e10-x55-s3,validation,double,2,-0.12726028668535394,-0.5725644687749372,0,-0.20299525149202308,0,2,0
Crypto,e10-x55-s3,validation,gross,2,-0.07900935168968964,-0.546946606027911,0,-0.12735037688284268,0,2,0
Crypto,e10-x70-s0,full,normal,2,0.11125490365456203,-0.7030127454044829,2,0.9387365558092046,0,0,0
Crypto,e10-x70-s0,full,double,2,0.09622138239650668,-0.7110916045457987,2,0.7944016673104668,0,0,0
Crypto,e10-x70-s0,full,gross,2,0.12638127059120563,-0.6947661053754566,2,1.093459600307332,0,0,0
Crypto,e10-x70-s0,validation,normal,2,-0.08279397367889085,-0.5799172779696554,0,-0.1344037781795826,0,2,0
Crypto,e10-x70-s0,validation,double,2,-0.10174892297181432,-0.5891278716528758,0,-0.1642725448585518,0,2,0
Crypto,e10-x70-s0,validation,gross,2,-0.06355412518522596,-0.5705569567185819,0,-0.10363645230986812,0,2,0
Crypto,e10-x70-s2,full,normal,2,0.0835354784005824,-0.7073056743875209,2,0.635091955765889,0,0,0
Crypto,e10-x70-s2,full,double,2,0.05914064102722194,-0.7215149125428144,2,0.438882396804283,0,0,0
Crypto,e10-x70-s2,full,gross,2,0.10832216295971298,-0.6924876929955768,2,0.8564785523556195,0,0,0
Crypto,e10-x70-s2,validation,normal,2,-0.06441519783202593,-0.5617252056474396,1,-0.09629278363592703,0,2,0
Crypto,e10-x70-s2,validation,double,2,-0.09472768857476632,-0.5777801904468304,1,-0.14502770954039262,0,2,0
Crypto,e10-x70-s2,validation,gross,2,-0.03327966600501864,-0.5451515272379326,1,-0.04510078412440649,0,2,0
Crypto,e10-x70-s3,full,normal,2,0.07005658348551269,-0.7116052805573255,2,0.5151694991840025,0,0,0
Crypto,e10-x70-s3,full,double,2,0.05093682019552054,-0.7256956521911817,1,0.36818002097600444,0,0,0
Crypto,e10-x70-s3,full,gross,2,0.08938437923130216,-0.7006730104999838,2,0.6767345446652038,0,0,0
Crypto,e10-x70-s3,validation,normal,2,-0.13999577496251758,-0.5866141017172835,0,-0.222816045093859,0,2,0
Crypto,e10-x70-s3,validation,double,2,-0.16300553805088336,-0.5985793226198415,0,-0.25746080922295406,0,2,0
Crypto,e10-x70-s3,validation,gross,2,-0.11648564125464411,-0.5743546119071928,0,-0.18674158159502757,0,2,0
Crypto,e15-x40-s0,full,normal,2,0.060123295123299725,-0.6936038382992031,2,0.4262999635448994,0,0,0
Crypto,e15-x40-s0,full,double,2,0.039981901798061714,-0.7103718635417202,1,0.27862814021942917,0,0,0
Crypto,e15-x40-s0,full,gross,2,0.08051693038690666,-0.6760061818167219,2,0.5898661642349625,0,0,0
Crypto,e15-x40-s0,validation,normal,2,0.040663756384280714,-0.45887246807528237,1,0.06999720277398186,0,2,0
Crypto,e15-x40-s0,validation,double,2,0.02023818254263987,-0.46795599856236114,1,0.035312339388967884,0,2,0
Crypto,e15-x40-s0,validation,gross,2,0.06140851438978223,-0.449675686513422,2,0.10572739932652286,0,2,0
Crypto,e15-x40-s2,full,normal,2,0.05073521689344607,-0.6237724090291221,1,0.42078181723414443,0,0,0
Crypto,e15-x40-s2,full,double,2,0.024400205204297254,-0.6454521549647011,1,0.2313651987461114,0,0,0
Crypto,e15-x40-s2,full,gross,2,0.07756942726893057,-0.6009099824822446,1,0.6377891287415332,0,0,0
Crypto,e15-x40-s2,validation,normal,2,0.06635047493750129,-0.4370875741680856,1,0.12051992094144498,0,2,0
Crypto,e15-x40-s2,validation,double,2,0.03694233751587622,-0.4531915417918685,1,0.06875307235537276,0,2,0
Crypto,e15-x40-s2,validation,gross,2,0.09643415854890536,-0.42056642203806727,1,0.17452244065447886,0,2,0
Crypto,e15-x40-s3,full,normal,2,0.007451174671275096,-0.7218402556818263,1,0.17274467092413975,0,0,0
Crypto,e15-x40-s3,full,double,2,-0.01618903583441672,-0.7406458111159695,1,0.028405400383635204,0,0,0
Crypto,e15-x40-s3,full,gross,2,0.031497401843755046,-0.7038609782059438,1,0.33622610168863604,0,0,0
Crypto,e15-x40-s3,validation,normal,2,0.017767109463041275,-0.4604672165161881,1,0.034966341263080014,0,2,0
Crypto,e15-x40-s3,validation,double,2,-0.0072602969655187755,-0.47766194319409705,1,-0.007661151035201208,0,2,0
Crypto,e15-x40-s3,validation,gross,2,0.04328889648135004,-0.4428038355692801,1,0.07919703850205212,0,2,0
Crypto,e15-x55-s0,full,normal,2,0.13983777518119445,-0.70011660504485,2,1.3100767987071524,0,0,0
Crypto,e15-x55-s0,full,double,2,0.12349222154634798,-0.7110270883617515,2,1.1323000546188258,0,0,0
Crypto,e15-x55-s0,full,gross,2,0.1563074110897149,-0.6888886803543797,2,1.5013348809326028,0,0,0
Crypto,e15-x55-s0,validation,normal,2,0.11997937104606626,-0.44433000604669026,1,0.21704774370360685,2,2,0
Crypto,e15-x55-s0,validation,double,2,0.10257275617859624,-0.4541072423920274,1,0.18517233169901215,2,2,0
Crypto,e15-x55-s0,validation,gross,2,0.13756164799285364,-0.4344294882795068,2,0.24960164465094603,2,2,0
Crypto,e15-x55-s2,full,normal,2,0.13848697241302688,-0.6143766816009497,2,1.2721023566602547,0,0,0
Crypto,e15-x55-s2,full,double,2,0.11523154805502345,-0.6292803405369772,2,1.0277854094964136,0,0,0
Crypto,e15-x55-s2,full,gross,2,0.16207236123654933,-0.5989662678827365,2,1.5440922938898791,0,0,0
Crypto,e15-x55-s2,validation,normal,2,0.08654833449906019,-0.47710748076881226,1,0.16249110420220292,0,2,0
Crypto,e15-x55-s2,validation,double,2,0.061099947220298545,-0.4902713877906069,1,0.11695550749317174,0,2,0
Crypto,e15-x55-s2,validation,gross,2,0.11245511615810927,-0.4636536838356639,1,0.20960403646111647,0,2,0
Crypto,e15-x55-s3,full,normal,2,0.08748969981388349,-0.6983454980513781,1,0.906736653218206,0,0,0
Crypto,e15-x55-s3,full,double,2,0.06709941714076184,-0.7138712639912997,1,0.7246969770946967,0,0,0
Crypto,e15-x55-s3,full,gross,2,0.10813375236766903,-0.6820668863314185,1,1.1068527783658992,0,0,0
Crypto,e15-x55-s3,validation,normal,2,0.04788469466863288,-0.4684224182928371,1,0.09444307379110256,0,2,0
Crypto,e15-x55-s3,validation,double,2,0.02659186159299659,-0.48474205402504655,1,0.05726058350007385,0,2,0
Crypto,e15-x55-s3,validation,gross,2,0.06949077533827075,-0.4516786241012513,1,0.1327026961663329,0,2,0
Crypto,e15-x70-s0,full,normal,2,0.12359686281251336,-0.7046274496626519,2,1.1037233048966955,0,0,0
Crypto,e15-x70-s0,full,double,2,0.11005041625513046,-0.7134946016440962,2,0.965066776055164,0,0,0
Crypto,e15-x70-s0,full,gross,2,0.13720919509543517,-0.6955656373039482,2,1.2510459747924019,0,0,0
Crypto,e15-x70-s0,validation,normal,2,0.04583768223986767,-0.4952297336672829,1,0.08075648752599307,2,2,0
Crypto,e15-x70-s0,validation,double,2,0.02911374527481181,-0.5043776215524169,1,0.051732650711114436,2,2,0
Crypto,e15-x70-s0,validation,gross,2,0.06273564581824231,-0.48596239069912084,1,0.11041707122401673,2,2,0
Crypto,e15-x70-s2,full,normal,2,0.17392942424819224,-0.64250388745998,2,1.6564671631055106,0,0,0
Crypto,e15-x70-s2,full,double,2,0.1540064712416752,-0.6561704436174474,2,1.4147737625111434,0,0,0
Crypto,e15-x70-s2,full,gross,2,0.1940652948386109,-0.6283791135330985,2,1.920600084803608,0,0,0
Crypto,e15-x70-s2,validation,normal,2,0.08654833449906019,-0.47710748076881226,1,0.16249110420220292,0,2,0
Crypto,e15-x70-s2,validation,double,2,0.061099947220298545,-0.4902713877906069,1,0.11695550749317174,0,2,0
Crypto,e15-x70-s2,validation,gross,2,0.11245511615810927,-0.4636536838356639,1,0.20960403646111647,0,2,0
Crypto,e15-x70-s3,full,normal,2,0.1054892429849611,-0.7177506332884531,2,0.8950236367904691,0,0,0
Crypto,e15-x70-s3,full,double,2,0.08755095547243985,-0.7288412382185674,2,0.7300150988507378,0,0,0
Crypto,e15-x70-s3,full,gross,2,0.1235973943083829,-0.706289424235955,2,1.0745078922437976,0,0,0
Crypto,e15-x70-s3,validation,normal,2,0.003489463320774655,-0.5002712037385814,1,0.015277831609277481,0,2,0
Crypto,e15-x70-s3,validation,double,2,-0.01710220917109223,-0.51580159574662,1,-0.019541973131854407,0,2,0
Crypto,e15-x70-s3,validation,gross,2,0.024387093993215758,-0.4843320893611842,1,0.05111647307019218,0,2,0
Crypto,e20-x40-s0,full,normal,2,0.026408135827989176,-0.660084959318499,2,0.16592231525803514,0,0,0
Crypto,e20-x40-s0,full,double,2,0.008168774076977914,-0.6733003269571155,1,0.05385387281824211,0,0,0
Crypto,e20-x40-s0,full,gross,2,0.0448599176818999,-0.6463584205481161,2,0.28914943385629455,0,0,0
Crypto,e20-x40-s0,validation,normal,2,-0.020536644404665072,-0.4800232452174441,1,-0.033815834990897686,0,2,0
Crypto,e20-x40-s0,validation,double,2,-0.037528708508825115,-0.48870894988510943,0,-0.061647402326803435,0,2,0
Crypto,e20-x40-s0,validation,gross,2,-0.0033310974440462493,-0.4712294214284355,1,-0.005291827010894479,0,2,0
Crypto,e20-x40-s2,full,normal,2,-0.015546753426742499,-0.6419744516583189,1,-0.0773638130566785,0,0,0
Crypto,e20-x40-s2,full,double,2,-0.03976923138756305,-0.6683467175604442,0,-0.198049052843926,0,0,0
Crypto,e20-x40-s2,full,gross,2,0.009132936657503088,-0.622803692879877,1,0.060670376139875914,0,0,0
Crypto,e20-x40-s2,validation,normal,2,0.04046575125188767,-0.4369840746775042,2,0.06885924836544977,0,2,0
Crypto,e20-x40-s2,validation,double,2,0.01773349814940839,-0.4527412401777235,2,0.029950270164096904,0,2,0
Crypto,e20-x40-s2,validation,gross,2,0.0636014962728576,-0.4208303951332869,2,0.10908373652457892,0,2,0
Crypto,e20-x40-s3,full,normal,2,0.02458560981900837,-0.6332781618821424,2,0.1503912721012839,0,0,0
Crypto,e20-x40-s3,full,double,2,0.004049260156416046,-0.6500895409298894,1,0.02547050199989004,0,0,0
Crypto,e20-x40-s3,full,gross,2,0.045414300606027025,-0.6157469285390489,2,0.2896312493739607,0,0,0
Crypto,e20-x40-s3,validation,normal,2,0.01465274696003227,-0.4602223953595423,1,0.02530076361960837,0,2,0
Crypto,e20-x40-s3,validation,double,2,-0.004221770866569163,-0.47101850123190486,1,-0.0062662060415596965,0,2,0
Crypto,e20-x40-s3,validation,gross,2,0.03380289606644915,-0.4492192229806408,2,0.05775827658744248,0,2,0
Crypto,e20-x55-s0,full,normal,2,0.11528152840354222,-0.6778054639039582,2,0.8737001440329589,0,0,0
Crypto,e20-x55-s0,full,double,2,0.10047865448636228,-0.6878147051188765,2,0.736925002910157,0,0,0
Crypto,e20-x55-s0,full,gross,2,0.13018474233323873,-0.6675514401669691,2,1.020236821330235,0,0,0
Crypto,e20-x55-s0,validation,normal,2,0.06747077793818862,-0.4546033407195079,1,0.12319923060996824,2,2,0
Crypto,e20-x55-s0,validation,double,2,0.05370164774810221,-0.46408716810829953,1,0.09902322354536758,2,2,0
Crypto,e20-x55-s0,validation,gross,2,0.08134198751181004,-0.44500168612879226,1,0.1477672357288073,2,2,0
Crypto,e20-x55-s2,full,normal,2,0.07780299993788109,-0.596429682444943,2,0.5316766071337323,0,0,0
Crypto,e20-x55-s2,full,double,2,0.05610736144296968,-0.6135059359780217,2,0.3649251622400589,0,0,0
Crypto,e20-x55-s2,full,gross,2,0.09980400674696921,-0.5848138189847494,2,0.7175793814006848,0,0,0
Crypto,e20-x55-s2,validation,normal,2,0.062452931005092915,-0.47416621636230055,1,0.10932611542762205,0,2,0
Crypto,e20-x55-s2,validation,double,2,0.04335521753890337,-0.487180573438721,1,0.07593690714940365,0,2,0
Crypto,e20-x55-s2,validation,gross,2,0.08179549358822025,-0.46087373543925425,2,0.14357113792978982,0,2,0
Crypto,e20-x55-s3,full,normal,2,0.11480530569271452,-0.6586805824689327,2,0.8954993161196585,0,0,0
Crypto,e20-x55-s3,full,double,2,0.09751194209206437,-0.6696095565105588,2,0.7366023258671728,0,0,0
Crypto,e20-x55-s3,full,gross,2,0.13226522268448004,-0.6474557069730839,2,1.067898301373113,0,0,0
Crypto,e20-x55-s3,validation,normal,2,0.03677133404037847,-0.47265557531324026,2,0.06277565011995634,2,2,0
Crypto,e20-x55-s3,validation,double,2,0.021341295762256074,-0.48275049575109835,1,0.03634070419065949,2,2,0
Crypto,e20-x55-s3,validation,gross,2,0.052350118565961834,-0.46239983991347183,2,0.08974400173016306,2,2,0
Crypto,e20-x70-s0,full,normal,2,0.11768544895593969,-0.669678443265633,2,0.8861859963631902,0,0,0
Crypto,e20-x70-s0,full,double,2,0.10548771471030782,-0.6779003767174324,2,0.771899192004647,0,0,0
Crypto,e20-x70-s0,full,gross,2,0.12993369726848425,-0.6613140980406231,2,1.0070052561789753,0,0,0
Crypto,e20-x70-s0,validation,normal,2,-0.003264399529980422,-0.5038334538138944,1,-0.002775693719554606,2,2,0
Crypto,e20-x70-s0,validation,double,2,-0.016667417733342516,-0.5127214673072586,1,-0.025174454613255848,2,2,0
Crypto,e20-x70-s0,validation,gross,2,0.01024104501971207,-0.4948311128481163,1,0.02000089780992209,2,2,0
Crypto,e20-x70-s2,full,normal,2,0.10400020061177873,-0.6398585787205923,2,0.7966262361734266,0,0,0
Crypto,e20-x70-s2,full,double,2,0.08538140855460419,-0.654096232668179,2,0.6364785511082042,0,0,0
Crypto,e20-x70-s2,full,gross,2,0.12282640719161297,-0.62515673272756,2,0.9717698412977164,0,0,0
Crypto,e20-x70-s2,validation,normal,2,0.062452931005092915,-0.47416621636230055,1,0.10932611542762205,0,2,0
Crypto,e20-x70-s2,validation,double,2,0.04335521753890337,-0.487180573438721,1,0.07593690714940365,0,2,0
Crypto,e20-x70-s2,validation,gross,2,0.08179549358822025,-0.46087373543925425,2,0.14357113792978982,0,2,0
Crypto,e20-x70-s3,full,normal,2,0.1447704697653971,-0.6825521220730234,2,1.1559345344978698,0,0,0
Crypto,e20-x70-s3,full,double,2,0.12992763525731588,-0.6925858565662293,2,1.0017818704301882,0,0,0
Crypto,e20-x70-s3,full,gross,2,0.1597162535822737,-0.6722513725337019,2,1.3209266750361714,0,0,0
Crypto,e20-x70-s3,validation,normal,2,0.02476310154325012,-0.4860649358360841,1,0.04268236156106192,2,2,0
Crypto,e20-x70-s3,validation,double,2,0.009410816336020311,-0.4960484551629342,1,0.01654852326604589,2,2,0
Crypto,e20-x70-s3,validation,gross,2,0.04026398466417208,-0.47592100315216107,1,0.06934645163200681,2,2,0
Crypto,e25-x40-s0,full,normal,2,0.023923299254345998,-0.6769221048121568,1,0.16206361453453844,0,0,0
Crypto,e25-x40-s0,full,double,2,0.006375253209182585,-0.6944248080174643,1,0.05284695249018806,0,0,0
Crypto,e25-x40-s0,full,gross,2,0.041663743229117145,-0.6585505695576913,2,0.28181505759361947,0,0,0
Crypto,e25-x40-s0,validation,normal,2,0.0802500599195996,-0.40595344604656375,1,0.14412712254020976,1,2,0
Crypto,e25-x40-s0,validation,double,2,0.06375160156290383,-0.41433508658151297,1,0.11489491274159802,1,2,0
Crypto,e25-x40-s0,validation,gross,2,0.09691534173007149,-0.3974960017778729,1,0.17396480719082502,1,2,0
Crypto,e25-x40-s2,full,normal,2,-0.029742555768617285,-0.6192624188354816,0,-0.15620452452469308,0,0,0
Crypto,e25-x40-s2,full,double,2,-0.05238117588198471,-0.6389082601349549,0,-0.26152662838068697,0,0,0
Crypto,e25-x40-s2,full,gross,2,-0.006704655366232326,-0.598588443112577,1,-0.036515944733764405,0,0,0
Crypto,e25-x40-s2,validation,normal,2,0.03161663114753127,-0.4247088270926888,1,0.05719810862990504,0,2,0
Crypto,e25-x40-s2,validation,double,2,0.009510351431540887,-0.4403061439691882,1,0.01932913538926756,0,2,0
Crypto,e25-x40-s2,validation,gross,2,0.054087032645227184,-0.4087566531084928,1,0.09626724070397669,0,2,0
Crypto,e25-x40-s3,full,normal,2,0.04981052039658085,-0.578595218708952,2,0.31769964808559503,0,0,0
Crypto,e25-x40-s3,full,double,2,0.031046176505296508,-0.5971778692930823,2,0.1895227545744803,0,0,0
Crypto,e25-x40-s3,full,gross,2,0.06880250861548187,-0.5592414493698805,2,0.4588769940716979,0,0,0
Crypto,e25-x40-s3,validation,normal,2,0.04686616949571287,-0.432492527493138,2,0.07984827214775048,0,2,0
Crypto,e25-x40-s3,validation,double,2,0.02895181295695226,-0.4429132257374133,2,0.049027037825949416,0,2,0
Crypto,e25-x40-s3,validation,gross,2,0.06500254014988183,-0.42190949615127893,2,0.11142989772519318,0,2,0
Crypto,e25-x55-s0,full,normal,2,0.09266925582509156,-0.6761276351641925,2,0.6970599182078543,0,0,0
Crypto,e25-x55-s0,full,double,2,0.07823560695484255,-0.6860287924309637,2,0.5736629630182248,0,0,0
Crypto,e25-x55-s0,full,gross,2,0.10720013877465018,-0.665987483082163,2,0.8292204333237968,0,0,0
Crypto,e25-x55-s0,validation,normal,2,0.05381884183914998,-0.4698534370352916,1,0.1013114701016316,2,2,0
Crypto,e25-x55-s0,validation,double,2,0.04024854177990461,-0.4790742368423567,1,0.0776414557194594,2,2,0
Crypto,e25-x55-s0,validation,gross,2,0.0674891927973123,-0.46051810278938926,1,0.12536390545114262,2,2,0
Crypto,e25-x55-s2,full,normal,2,0.07016134688211462,-0.5480101989797602,2,0.47004893687608473,0,0,0
Crypto,e25-x55-s2,full,double,2,0.04956056010213927,-0.5639245398799027,2,0.31682883714105914,0,0,0
Crypto,e25-x55-s2,full,gross,2,0.09103652323920786,-0.5376774165380982,2,0.6400859833920224,0,0,0
Crypto,e25-x55-s2,validation,normal,2,0.02714100560865368,-0.48154765895667434,1,0.05192932201729111,0,2,0
Crypto,e25-x55-s2,validation,double,2,0.007635743402133355,-0.49492529645052824,1,0.018524620894402266,0,2,0
Crypto,e25-x55-s2,validation,gross,2,0.04691344944647974,-0.4678765872776092,1,0.0862368841740695,0,2,0
Crypto,e25-x55-s3,full,normal,2,0.1489858578132941,-0.5997448426935517,2,1.201458986631852,0,0,0
Crypto,e25-x55-s3,full,double,2,0.1331121755447151,-0.6101235155652116,2,1.034027271243498,0,0,0
Crypto,e25-x55-s3,full,gross,2,0.16498542016303053,-0.5891574017526374,2,1.381577621704486,0,0,0
Crypto,e25-x55-s3,validation,normal,2,0.030291780071691365,-0.4799072917367077,1,0.05189287827409583,2,2,0
Crypto,e25-x55-s3,validation,double,2,0.014998723025406835,-0.48982545680955053,1,0.025778319447780307,2,2,0
Crypto,e25-x55-s3,validation,gross,2,0.0457318087580173,-0.4698310281047837,2,0.0785335732525756,2,2,0
Crypto,e25-x70-s0,full,normal,2,0.09519961007558508,-0.6789841295396402,2,0.7008569193436539,0,0,0
Crypto,e25-x70-s0,full,double,2,0.08322983603810896,-0.686970765653393,2,0.59722168052582,0,0,0
Crypto,e25-x70-s0,full,gross,2,0.10721898603267,-0.670859277731739,2,0.8104480066410814,0,0,0
Crypto,e25-x70-s0,validation,normal,2,-0.016591713725812196,-0.5184808435531085,1,-0.023798417251626236,2,2,0
Crypto,e25-x70-s0,validation,double,2,-0.029798651817468214,-0.5271125925336532,1,-0.0457060010953968,2,2,0
Crypto,e25-x70-s0,validation,gross,2,-0.0032843662283210673,-0.509738017640839,1,-0.001522390639604354,2,2,0
Crypto,e25-x70-s2,full,normal,2,0.10104424682985724,-0.5989878032770823,2,0.7713291880660791,0,0,0
Crypto,e25-x70-s2,full,double,2,0.08334245712160915,-0.6122492516706568,2,0.6223530420759206,0,0,0
Crypto,e25-x70-s2,full,gross,2,0.11893514566184493,-0.5853640252443051,2,0.9336654161405763,0,0,0
Crypto,e25-x70-s2,validation,normal,2,0.02714100560865368,-0.48154765895667434,1,0.05192932201729111,0,2,0
Crypto,e25-x70-s2,validation,double,2,0.007635743402133355,-0.49492529645052824,1,0.018524620894402266,0,2,0
Crypto,e25-x70-s2,validation,gross,2,0.04691344944647974,-0.4678765872776092,1,0.0862368841740695,0,2,0
Crypto,e25-x70-s3,full,normal,2,0.16904791854534262,-0.6328018797427198,2,1.4339002617704062,0,0,0
Crypto,e25-x70-s3,full,double,2,0.15528440981410596,-0.6423742416933774,2,1.2773625884803328,0,0,0
Crypto,e25-x70-s3,full,gross,2,0.18289420936429868,-0.623035749660651,2,1.6004106848831396,0,0,0
Crypto,e25-x70-s3,validation,normal,2,0.018437621335675558,-0.49303005359883906,1,0.032229693107795665,2,2,0
Crypto,e25-x70-s3,validation,double,2,0.0032199926332974194,-0.5028420885525429,1,0.00640613957371583,2,2,0
Crypto,e25-x70-s3,validation,gross,2,0.03380208554820102,-0.4830602813300925,1,0.05857638830769574,2,2,0
Crypto,e30-x40-s0,full,normal,2,-0.004842466127777056,-0.6895782002078022,1,0.0003319513816142372,0,0,0
Crypto,e30-x40-s0,full,double,2,-0.021755616668963362,-0.706430786793725,1,-0.0929598298762318,0,0,0
Crypto,e30-x40-s0,full,gross,2,0.012254428114828353,-0.671887314320547,1,0.10253999227738486,0,0,0
Crypto,e30-x40-s0,validation,normal,2,0.0946378171057074,-0.4203911719063451,2,0.16474631609140522,2,2,0
Crypto,e30-x40-s0,validation,double,2,0.0801174979935727,-0.4281239558216139,2,0.13885890355819364,2,2,0
Crypto,e30-x40-s0,validation,gross,2,0.10928433813039451,-0.4125919276890122,2,0.19110322080994457,2,2,0
Crypto,e30-x40-s2,full,normal,2,-0.03731783153020335,-0.6530397386243568,0,-0.18966838564911764,0,0,0
Crypto,e30-x40-s2,full,double,2,-0.05862541727282322,-0.6726167550082423,0,-0.2866914677176902,0,0,0
Crypto,e30-x40-s2,full,gross,2,-0.01566376109897777,-0.6323755824715702,1,-0.08016108785771203,0,0,0
Crypto,e30-x40-s2,validation,normal,2,0.07674049683496958,-0.3927944863989706,1,0.1360986659526623,0,2,0
Crypto,e30-x40-s2,validation,double,2,0.0580026431694014,-0.4070735986034794,1,0.10301814627038769,0,2,0
Crypto,e30-x40-s2,validation,gross,2,0.09571453335053959,-0.37824742262591976,2,0.17000062587425002,0,2,0
Crypto,e30-x40-s3,full,normal,2,-0.0016031041844948857,-0.593697208688995,1,-0.007269150561001858,0,0,0
Crypto,e30-x40-s3,full,double,2,-0.020216829827651328,-0.6189753024315958,0,-0.10815228082255335,0,0,0
Crypto,e30-x40-s3,full,gross,2,0.0172522378989427,-0.5733191247501452,2,0.10437112763322343,0,0,0
Crypto,e30-x40-s3,validation,normal,2,0.02415957390946588,-0.4652156341904779,1,0.041411278877383995,0,2,0
Crypto,e30-x40-s3,validation,double,2,0.007231070641722015,-0.4774751284551628,1,0.01263538303811873,0,2,0
Crypto,e30-x40-s3,validation,gross,2,0.041289281603944294,-0.4527332561462374,2,0.0708689866264639,0,2,0
Crypto,e30-x55-s0,full,normal,2,0.08258922189183993,-0.6761276351641925,2,0.6157619293255692,0,0,0
Crypto,e30-x55-s0,full,double,2,0.06848476852480156,-0.6860287924309637,2,0.5000571942859353,0,0,0
Crypto,e30-x55-s0,full,gross,2,0.09678736187041748,-0.665987483082163,2,0.7395501576704009,0,0,0
Crypto,e30-x55-s0,validation,normal,2,0.08836426456425572,-0.4834817748510702,1,0.15750609507630214,2,2,0
Crypto,e30-x55-s0,validation,double,2,0.07646803438414085,-0.49211144609748403,1,0.1362311262664474,2,2,0
Crypto,e30-x55-s0,validation,gross,2,0.10033078334287182,-0.4747495321878111,2,0.17907035303332342,2,2,0
Crypto,e30-x55-s2,full,normal,2,0.08634658165199227,-0.5480101989797602,2,0.6040835451528138,0,0,0
Crypto,e30-x55-s2,full,double,2,0.06682782297423462,-0.5639245398799027,2,0.44707700632595937,0,0,0
Crypto,e30-x55-s2,full,gross,2,0.10609867835821196,-0.5376774165380982,2,0.7769880678715033,0,0,0
Crypto,e30-x55-s2,validation,normal,2,0.10619025168210072,-0.44306820856513246,1,0.19253000281144161,1,2,0
Crypto,e30-x55-s2,validation,double,2,0.08975503730569301,-0.4555312840650689,1,0.16288664521444363,1,2,0
Crypto,e30-x55-s2,validation,gross,2,0.12278678785808916,-0.43038550751972193,1,0.22276953742111388,1,2,0
Crypto,e30-x55-s3,full,normal,2,0.11981358005113352,-0.5839276880748268,2,0.9034555966332911,0,0,0
Crypto,e30-x55-s3,full,double,2,0.10356788246345983,-0.5943340596519078,2,0.7516871850780086,0,0,0
Crypto,e30-x55-s3,full,gross,2,0.1362016196265754,-0.5733205086390533,2,1.06738544704407,0,0,0
Crypto,e30-x55-s3,validation,normal,2,0.04618035282124544,-0.5126866854826455,1,0.08130242465059345,2,2,0
Crypto,e30-x55-s3,validation,double,2,0.031427926999964495,-0.5232830140000507,1,0.05572713035453691,2,2,0
Crypto,e30-x55-s3,validation,gross,2,0.06106660406813025,-0.5019084533545797,1,0.10736503733174524,2,2,0
Crypto,e30-x70-s0,full,normal,2,0.08735034025944888,-0.6789841295396402,2,0.6339839937079782,0,0,0
Crypto,e30-x70-s0,full,double,2,0.07568003547396707,-0.686970765653393,2,0.5363120604636117,0,0,0
Crypto,e30-x70-s0,full,gross,2,0.0990681487045364,-0.670859277731739,2,0.7371517842753995,0,0,0
Crypto,e30-x70-s0,validation,normal,2,0.01718583689368708,-0.5315341629978654,1,0.030277875676961052,2,2,0
Crypto,e30-x70-s0,validation,double,2,0.005619597658818309,-0.5396016924322868,1,0.010631923992480141,2,2,0
Crypto,e30-x70-s0,validation,gross,2,0.028823050042408482,-0.5233671471043313,1,0.05020200021220217,2,2,0
Crypto,e30-x70-s2,full,normal,2,0.11683031654112086,-0.5989878032770823,2,0.8871381703688379,0,0,0
Crypto,e30-x70-s2,full,double,2,0.10020272804228936,-0.6122492516706568,2,0.7358373255944328,0,0,0
Crypto,e30-x70-s2,full,gross,2,0.13360974166220618,-0.5853640252443051,2,1.0509274442673018,0,0,0
Crypto,e30-x70-s2,validation,normal,2,0.10619025168210072,-0.44306820856513246,1,0.19253000281144161,1,2,0
Crypto,e30-x70-s2,validation,double,2,0.08975503730569301,-0.4555312840650689,1,0.16288664521444363,1,2,0
Crypto,e30-x70-s2,validation,gross,2,0.12278678785808916,-0.43038550751972193,1,0.22276953742111388,1,2,0
Crypto,e30-x70-s3,full,normal,2,0.1433888056116469,-0.6169847251239947,2,1.147145752520201,0,0,0
Crypto,e30-x70-s3,full,double,2,0.1291540799247307,-0.6265847857800736,2,1.0012800412079494,0,0,0
Crypto,e30-x70-s3,full,gross,2,0.15772072948766291,-0.607198856547067,2,1.3028907948546495,0,0,0
Crypto,e30-x70-s3,validation,normal,2,0.04618035282124544,-0.5126866854826455,1,0.08130242465059345,2,2,0
Crypto,e30-x70-s3,validation,double,2,0.031427926999964495,-0.5232830140000507,1,0.05572713035453691,2,2,0
Crypto,e30-x70-s3,validation,gross,2,0.06106660406813025,-0.5019084533545797,1,0.10736503733174524,2,2,0
Crypto,baseline-long,full,normal,2,0.0803789237430742,-0.5538237718771779,2,0.5561534376008498,0,0,0
Crypto,baseline-long,full,double,2,0.042303969660442364,-0.5941747628847136,2,0.2681864314479021,0,0,0
Crypto,baseline-long,full,gross,2,0.11962100118563379,-0.5123048877564074,2,0.9076399924059925,0,0,0
Crypto,baseline-long,validation,normal,2,-0.02648397686653642,-0.36631730226353426,1,-0.04333980761051687,0,2,0
Crypto,baseline-long,validation,double,2,-0.05545191354489687,-0.388258545665616,0,-0.0902721759188278,0,2,0
Crypto,baseline-long,validation,gross,2,0.0032631935850804816,-0.34488043190286916,1,0.005892352498299114,0,2,0
Crypto,baseline-short,full,normal,2,-0.10802563344256516,-0.7366688349870678,0,-0.4186377989632125,0,0,0
Crypto,baseline-short,full,double,2,-0.1385068335948581,-0.7666196387218063,0,-0.5136234202290697,0,0,0
Crypto,baseline-short,full,gross,2,-0.07667000353213543,-0.7022671490970421,1,-0.30484707953765244,0,0,0
Crypto,baseline-short,validation,normal,2,0.1547180346415964,-0.3072755703747109,1,0.28851363067066016,0,2,0
Crypto,baseline-short,validation,double,2,0.12269371877930463,-0.32346004200338646,1,0.22881002756008018,0,2,0
Crypto,baseline-short,validation,gross,2,0.18746594708146447,-0.2912905184426247,2,0.35075227955360044,0,2,0
Crypto,adaptive-common,validation,normal,2,0.14562830991220677,-0.4698158760582745,1,0.26878029792936525,2,2,0
Crypto,adaptive-common,validation,double,2,0.13063280950457318,-0.47932762649072935,1,0.24103039339250415,2,2,0
Crypto,adaptive-common,validation,gross,2,0.160736213300552,-0.46017963311725535,2,0.2969865225900834,2,2,0
Crypto,adaptive-class,validation,normal,2,0.06535992867990542,-0.4812798978964675,1,0.11899253090504641,2,2,0
Crypto,adaptive-class,validation,double,2,0.05137872419803513,-0.4904791592470473,1,0.09448765907037887,2,2,0
Crypto,adaptive-class,validation,gross,2,0.07944662648785877,-0.4719635178186437,1,0.14390188875807425,2,2,0
