scope,config,mode,instruments,eligible,positive_net,positive_gross,positive_common,median_cagr,median_drawdown,median_full_return,thin_samples,exhausted,trades,channel_exits,initial_exits,trailing_exits
Priority assets,channel-e10-x10-i2-t3,both,60,60,14,23,14,-0.02461357094322536,-0.5096411538614827,-0.24622482502515514,1,0,5224,5224,0,0
Priority assets,channel-e10-x10-i2-t3,long,60,60,54,58,51,0.03164110478765192,-0.3071558316377514,0.35517486528907805,1,0,3228,3228,0,0
Priority assets,channel-e10-x10-i2-t3,short,60,60,1,4,1,-0.09106057466866241,-0.6422602315310586,-0.6290166649049749,1,0,3207,3207,0,0
Priority assets,channel-e10-x20-i2-t3,both,60,60,22,31,22,-0.015229784319171658,-0.47450978605253463,-0.12362218281321458,1,0,3109,3109,0,0
Priority assets,channel-e10-x20-i2-t3,long,60,60,58,59,59,0.04171222715844103,-0.3150775449155755,0.5280993367267109,2,0,2169,2169,0,0
Priority assets,channel-e10-x20-i2-t3,short,60,60,0,2,0,-0.09170111680731652,-0.644528111162112,-0.6269841438901851,1,0,2554,2554,0,0
Priority assets,channel-e10-x55-i2-t3,both,60,60,32,34,32,0.0022749476101809885,-0.5042822216585454,0.0161857639202192,2,0,1302,1302,0,0
Priority assets,channel-e10-x55-i2-t3,long,60,60,58,59,58,0.07365495472745465,-0.3601279334566428,1.0611727819466688,2,0,1032,1032,0,0
Priority assets,channel-e10-x55-i2-t3,short,60,60,0,2,0,-0.1086189661175509,-0.6940800327789067,-0.6845949174790711,1,0,1811,1811,0,0
Priority assets,channel-e20-x10-i2-t3,both,60,60,14,25,14,-0.02529704417367956,-0.5147226947001269,-0.24007621064621254,1,0,4518,4518,0,0
Priority assets,channel-e20-x10-i2-t3,long,60,60,53,59,52,0.028143457518264747,-0.27155843713605426,0.3432958905858615,1,0,2581,2581,0,0
Priority assets,channel-e20-x10-i2-t3,short,60,60,1,4,1,-0.07709202558124462,-0.5631962600665424,-0.555015446073641,2,0,2157,2157,0,0
Priority assets,channel-e20-x20-i2-t3,both,60,60,20,33,24,-0.010698557446939927,-0.47135997011869263,-0.07584606965182861,1,0,2941,2941,0,0
Priority assets,channel-e20-x20-i2-t3,long,60,60,57,57,56,0.04751057400583414,-0.2741895749796719,0.6403956673684237,2,0,1765,1765,0,0
Priority assets,channel-e20-x20-i2-t3,short,60,60,0,3,1,-0.07731401109772396,-0.5732186482387193,-0.5282752970118633,2,0,1747,1747,0,0
Priority assets,channel-e20-x55-i2-t3,both,60,60,30,38,31,0.002257198563086704,-0.5118397545209251,0.00260341939519515,2,0,1238,1238,0,0
Priority assets,channel-e20-x55-i2-t3,long,60,60,59,59,60,0.08145949786758344,-0.33420535057185924,1.0809009789208734,2,0,857,857,0,0
Priority assets,channel-e20-x55-i2-t3,short,60,60,0,5,2,-0.09306155437052493,-0.6651047482760952,-0.6268899439319773,2,0,1256,1256,0,0
Priority assets,channel-e55-x10-i2-t3,both,60,60,17,27,20,-0.012765238602521156,-0.40153232417624357,-0.17862900771670787,1,0,2851,2851,0,0
Priority assets,channel-e55-x10-i2-t3,long,60,60,46,53,48,0.01835396703654324,-0.23122117918014773,0.19540646490934444,1,0,1827,1827,0,0
Priority assets,channel-e55-x10-i2-t3,short,60,60,3,8,4,-0.04600966734760453,-0.4274183813717837,-0.3736981229501201,2,0,1028,1028,0,0
Priority assets,channel-e55-x20-i2-t3,both,60,60,28,31,29,-0.0016346217897544868,-0.41777728502497896,-0.038387642057126636,1,0,2101,2101,0,0
Priority assets,channel-e55-x20-i2-t3,long,60,60,51,54,53,0.026258784972235327,-0.2617792655865291,0.2836624187663962,2,0,1273,1273,0,0
Priority assets,channel-e55-x20-i2-t3,short,60,60,5,7,5,-0.04586252922149536,-0.4536264977264799,-0.37178357921125044,2,0,848,848,0,0
Priority assets,channel-e55-x55-i2-t3,both,60,60,32,33,32,0.0021137327953651974,-0.5088114302050425,0.02073044933288959,2,0,1157,1157,0,0
Priority assets,channel-e55-x55-i2-t3,long,60,60,55,56,55,0.05752386014335498,-0.30375397853051256,0.5836621299097293,3,0,670,670,0,0
Priority assets,channel-e55-x55-i2-t3,short,60,60,4,5,4,-0.06597066947239305,-0.5825291567936282,-0.5151660680029637,4,1,641,641,0,0
Priority assets,channel-e200-x10-i2-t3,both,60,60,31,42,31,0.0012013403797187516,-0.3099494024929242,0.009637735894790889,2,0,1547,1547,0,0
Priority assets,channel-e200-x10-i2-t3,long,60,60,52,53,52,0.01348689388868518,-0.1758135640471935,0.14090908648827838,2,0,1196,1196,0,0
Priority assets,channel-e200-x10-i2-t3,short,60,60,10,13,10,-0.018302099604555255,-0.27442534001182833,-0.15897814044750297,15,0,351,351,0,0
Priority assets,channel-e200-x20-i2-t3,both,60,60,37,40,37,0.010855726642745145,-0.3159840597438971,0.09750301999209521,2,0,1129,1129,0,0
Priority assets,channel-e200-x20-i2-t3,long,60,60,53,57,53,0.022445599546241923,-0.2198798252019693,0.22909892586447755,2,0,831,831,0,0
Priority assets,channel-e200-x20-i2-t3,short,60,60,11,12,11,-0.01723131059134897,-0.2726231887369292,-0.14343721271325977,24,0,298,298,0,0
Priority assets,channel-e200-x55-i2-t3,both,60,60,37,40,37,0.008297791201121174,-0.38887332139077097,0.08470961531041166,2,0,676,676,0,0
Priority assets,channel-e200-x55-i2-t3,long,60,60,54,55,54,0.04284131969715699,-0.2550964171495465,0.46098455637460056,5,0,440,440,0,0
Priority assets,channel-e200-x55-i2-t3,short,60,60,7,9,7,-0.03010197419975491,-0.3580458282134025,-0.25973259559187384,38,0,238,238,0,0
Priority assets,channel_initial-e10-x10-i2-t3,both,60,60,15,32,15,-0.02310395889591671,-0.49119152035887825,-0.2031067184103001,1,0,6031,3534,2497,0
Priority assets,channel_initial-e10-x10-i2-t3,long,60,60,54,58,53,0.033517897619546044,-0.26762051297188194,0.3333353793810985,1,0,3489,2290,1199,0
Priority assets,channel_initial-e10-x10-i2-t3,short,60,60,2,5,2,-0.08283336324369672,-0.6104284796242976,-0.5809476182491573,1,0,3451,1805,1646,0
Priority assets,channel_initial-e10-x10-i3-t3,both,60,60,16,27,16,-0.0175471363233341,-0.4868677504419823,-0.22564518926100235,1,0,5445,4509,936,0
Priority assets,channel_initial-e10-x10-i3-t3,long,60,60,54,59,52,0.030811919820594724,-0.2995463686809293,0.3793176110453489,1,0,3276,2813,463,0
Priority assets,channel_initial-e10-x10-i3-t3,short,60,60,2,4,2,-0.08855282362572114,-0.6350779764265851,-0.6109897011976568,1,0,3260,2631,629,0
Priority assets,channel_initial-e10-x20-i2-t3,both,60,60,26,36,27,-0.005708430106996509,-0.4863410006948416,-0.07955101010334747,1,0,4193,1866,2327,0
Priority assets,channel_initial-e10-x20-i2-t3,long,60,60,57,59,56,0.040950202195791596,-0.27284389154127575,0.5063165291489029,1,0,2559,1366,1193,0
Priority assets,channel_initial-e10-x20-i2-t3,short,60,60,1,4,1,-0.07983645358542757,-0.6302868422476589,-0.6037031116303152,1,0,3002,1078,1924,0
Priority assets,channel_initial-e10-x20-i3-t3,both,60,60,29,39,29,-0.002003472700626452,-0.47613816963994704,-0.004527284735881876,1,0,3487,2308,1179,0
Priority assets,channel_initial-e10-x20-i3-t3,long,60,60,58,59,58,0.046479334182415566,-0.30936039879818655,0.6188535675389214,2,0,2268,1650,618,0
Priority assets,channel_initial-e10-x20-i3-t3,short,60,60,0,3,0,-0.0873326710061551,-0.6306304206955644,-0.6157644269157654,1,0,2689,1675,1014,0
Priority assets,channel_initial-e10-x55-i2-t3,both,60,60,36,44,41,0.014230491277254731,-0.49328341096499917,0.12191318589569233,2,0,2358,676,1682,0
Priority assets,channel_initial-e10-x55-i2-t3,long,60,60,57,59,59,0.08266831639947136,-0.33927058662802106,0.9794717481229197,2,0,1413,541,872,0
Priority assets,channel_initial-e10-x55-i2-t3,short,60,60,0,3,0,-0.09700991001512899,-0.6784300324272017,-0.6578626644265181,1,0,2519,459,2060,0
Priority assets,channel_initial-e10-x55-i3-t3,both,60,60,38,43,36,0.008667582257026352,-0.4993239183477411,0.05422910719360485,2,0,1798,755,1043,0
Priority assets,channel_initial-e10-x55-i3-t3,long,60,60,58,59,59,0.07555360066600902,-0.361543668074608,0.871217612690877,2,0,1173,626,547,0
Priority assets,channel_initial-e10-x55-i3-t3,short,60,60,0,2,0,-0.10443411928003615,-0.6860978013705994,-0.683508089376458,1,0,2059,821,1238,0
Priority assets,channel_initial-e20-x10-i2-t3,both,60,60,17,29,17,-0.02076515246235683,-0.4693559973884274,-0.1999238698598983,1,0,4970,2923,2047,0
Priority assets,channel_initial-e20-x10-i2-t3,long,60,60,46,55,48,0.026878823734301505,-0.24871718188408487,0.3001533139980018,1,0,2787,1849,938,0
Priority assets,channel_initial-e20-x10-i2-t3,short,60,60,2,6,2,-0.06796858189749572,-0.5199185506297072,-0.5264975646895967,2,0,2318,1147,1171,0
Priority assets,channel_initial-e20-x10-i3-t3,both,60,60,14,26,13,-0.02576298929714821,-0.45225523997844813,-0.24051020064097006,1,0,4653,3851,802,0
Priority assets,channel_initial-e20-x10-i3-t3,long,60,60,52,59,50,0.03112122987697874,-0.26184233015891384,0.34201831754951584,1,0,2612,2283,329,0
Priority assets,channel_initial-e20-x10-i3-t3,short,60,60,1,6,1,-0.0723449292343441,-0.5574618604814852,-0.5497961729691998,2,0,2202,1694,508,0
Priority assets,channel_initial-e20-x20-i2-t3,both,60,60,24,35,26,-0.0026457592231644567,-0.47073027733579503,-0.05008262214615561,1,0,3763,1657,2106,0
Priority assets,channel_initial-e20-x20-i2-t3,long,60,60,56,59,55,0.03895765890309666,-0.2760496687351324,0.47481936316822515,2,0,2116,1144,972,0
Priority assets,channel_initial-e20-x20-i2-t3,short,60,60,2,6,1,-0.06350179188703942,-0.5113359000802379,-0.4890275574318029,2,0,2064,678,1386,0
Priority assets,channel_initial-e20-x20-i3-t3,both,60,60,23,35,27,-0.00440187732853442,-0.4609153034419345,-0.06219521751062501,1,0,3281,2138,1143,0
Priority assets,channel_initial-e20-x20-i3-t3,long,60,60,58,59,58,0.04629703036840471,-0.2822877989257629,0.5769250406786373,2,0,1865,1381,484,0
Priority assets,channel_initial-e20-x20-i3-t3,short,60,60,1,4,2,-0.07624369913224088,-0.5666708118589356,-0.51182533024559,2,0,1870,1048,822,0
Priority assets,channel_initial-e20-x55-i2-t3,both,60,60,34,39,37,0.01653884454585408,-0.453381424108286,0.11376424984010203,2,0,2208,642,1566,0
Priority assets,channel_initial-e20-x55-i2-t3,long,60,60,57,57,57,0.0713889082521677,-0.32343148844715525,0.6153653844722422,2,0,1271,484,787,0
Priority assets,channel_initial-e20-x55-i2-t3,short,60,60,1,3,1,-0.08581313849793537,-0.6078189669731295,-0.5951779626449271,2,0,1803,310,1493,0
Priority assets,channel_initial-e20-x55-i3-t3,both,60,60,34,41,37,0.012842891828134584,-0.5024866471770569,0.10906904229516312,2,0,1743,732,1011,0
Priority assets,channel_initial-e20-x55-i3-t3,long,60,60,59,60,59,0.08221810763741544,-0.3235147219020639,1.031454963195328,2,0,1022,544,478,0
Priority assets,channel_initial-e20-x55-i3-t3,short,60,60,0,3,0,-0.09350135065074289,-0.6493114138231252,-0.6285485106442856,2,0,1546,443,1103,0
Priority assets,channel_initial-e55-x10-i2-t3,both,60,60,21,30,22,-0.01145606822084877,-0.41009286812551904,-0.12128909079773009,1,0,3098,1806,1292,0
Priority assets,channel_initial-e55-x10-i2-t3,long,60,60,45,47,45,0.020547143643393495,-0.214004046142721,0.2104350135254488,1,0,1975,1292,683,0
Priority assets,channel_initial-e55-x10-i2-t3,short,60,60,6,11,6,-0.041146657405800646,-0.39848343495000094,-0.3370571635911122,2,0,1124,514,610,0
Priority assets,channel_initial-e55-x10-i3-t3,both,60,60,19,29,23,-0.006887412951809335,-0.4104121620489013,-0.1591064198728438,1,0,2902,2367,535,0
Priority assets,channel_initial-e55-x10-i3-t3,long,60,60,45,49,46,0.020174163009157642,-0.2227858269968917,0.21429390264925674,1,0,1847,1589,258,0
Priority assets,channel_initial-e55-x10-i3-t3,short,60,60,6,11,6,-0.043876717666483434,-0.43449048021116315,-0.35256582710089,2,0,1057,779,278,0
Priority assets,channel_initial-e55-x20-i2-t3,both,60,60,31,36,31,0.000931690133029961,-0.4198040851439378,0.002196553778941346,1,0,2556,1146,1410,0
Priority assets,channel_initial-e55-x20-i2-t3,long,60,60,49,53,51,0.022572126920673563,-0.22893662145237242,0.1965519622435925,2,0,1542,819,723,0
Priority assets,channel_initial-e55-x20-i2-t3,short,60,60,5,13,5,-0.04046626782514723,-0.41789672217470336,-0.31275706888579036,2,0,1024,327,697,0
Priority assets,channel_initial-e55-x20-i3-t3,both,60,60,29,32,30,0.0018840029517163126,-0.4179007285802269,-0.0874383120239558,1,0,2260,1473,787,0
Priority assets,channel_initial-e55-x20-i3-t3,long,60,60,49,53,50,0.024219232667110457,-0.25488586477123726,0.2350458765723682,2,0,1360,980,380,0
Priority assets,channel_initial-e55-x20-i3-t3,short,60,60,5,12,5,-0.04266838829710218,-0.4262215385233351,-0.3542918155446697,2,0,912,495,417,0
Priority assets,channel_initial-e55-x55-i2-t3,both,60,60,33,40,38,0.006986817851483584,-0.3978403748032892,0.06149487820956989,2,0,1786,534,1252,0
Priority assets,channel_initial-e55-x55-i2-t3,long,60,60,54,57,54,0.043755747964375646,-0.27131952533251164,0.41363329811493044,3,0,986,396,590,0
Priority assets,channel_initial-e55-x55-i2-t3,short,60,60,1,5,1,-0.04336149012974183,-0.4656908483912949,-0.37999546498549214,2,0,949,150,799,0
Priority assets,channel_initial-e55-x55-i3-t3,both,60,60,33,38,33,0.0060847332808290355,-0.450926032166133,0.05801914164597366,2,0,1504,636,868,0
Priority assets,channel_initial-e55-x55-i3-t3,long,60,60,54,54,54,0.04466998868619876,-0.2895519499213548,0.49773717997353384,3,0,818,455,363,0
Priority assets,channel_initial-e55-x55-i3-t3,short,60,60,2,4,2,-0.05835768639045191,-0.5036816482796109,-0.4301075460705617,2,0,809,218,591,0
Priority assets,channel_initial-e200-x10-i2-t3,both,60,60,35,42,35,0.003876397773386109,-0.3010946018351667,0.03880405890115579,1,0,1715,1043,672,0
Priority assets,channel_initial-e200-x10-i2-t3,long,60,60,44,49,44,0.01216792616488993,-0.18096968126230767,0.12638228900854487,2,0,1324,848,476,0
Priority assets,channel_initial-e200-x10-i2-t3,short,60,60,11,15,11,-0.01365244880779326,-0.2324654100972039,-0.11692583395921019,12,0,391,195,196,0
Priority assets,channel_initial-e200-x10-i3-t3,both,60,60,35,43,35,0.005778126542122841,-0.3153118488779112,0.058405993285861935,1,0,1581,1308,273,0
Priority assets,channel_initial-e200-x10-i3-t3,long,60,60,48,51,48,0.010841189749773106,-0.17075702330283543,0.11193571353632381,2,0,1222,1034,188,0
Priority assets,channel_initial-e200-x10-i3-t3,short,60,60,11,14,11,-0.016613227543985587,-0.26208459951400687,-0.14952360120163743,15,0,359,274,85,0
Priority assets,channel_initial-e200-x20-i2-t3,both,60,60,37,43,37,0.008982123143599252,-0.3194886274196827,0.09199637288145746,1,0,1377,652,725,0
Priority assets,channel_initial-e200-x20-i2-t3,long,60,60,51,55,51,0.014195074155341492,-0.21623646369342053,0.1487769431844167,2,0,1022,523,499,0
Priority assets,channel_initial-e200-x20-i2-t3,short,60,60,11,14,11,-0.013380390417542354,-0.23132304738892706,-0.1241385412073403,18,0,355,129,226,0
Priority assets,channel_initial-e200-x20-i3-t3,both,60,60,40,43,40,0.010025350370183705,-0.3098400815017537,0.10314193649655501,1,0,1211,813,398,0
Priority assets,channel_initial-e200-x20-i3-t3,long,60,60,54,54,54,0.019707444177504807,-0.2205758604164278,0.19666461313590267,2,0,895,627,268,0
Priority assets,channel_initial-e200-x20-i3-t3,short,60,60,11,12,11,-0.016887090859895038,-0.24470618624698032,-0.14317333639210855,23,0,316,186,130,0
Priority assets,channel_initial-e200-x55-i2-t3,both,60,60,43,46,43,0.013050715830353998,-0.31902993560139037,0.13441057718249083,2,0,958,316,642,0
Priority assets,channel_initial-e200-x55-i2-t3,long,60,60,54,56,54,0.03433733980347731,-0.23531286273519192,0.3487303024875885,3,0,640,255,385,0
Priority assets,channel_initial-e200-x55-i2-t3,short,60,60,10,12,10,-0.01619905784163095,-0.2626062907372839,-0.1484322373210516,26,0,320,61,259,0
Priority assets,channel_initial-e200-x55-i3-t3,both,60,60,41,43,41,0.012736450274663302,-0.3522731952387921,0.1326211418418768,2,0,817,364,453,0
Priority assets,channel_initial-e200-x55-i3-t3,long,60,60,54,55,54,0.035352738882995394,-0.2424903161486785,0.4075761012063501,4,0,543,281,262,0
Priority assets,channel_initial-e200-x55-i3-t3,short,60,60,8,11,8,-0.021964197953832254,-0.28618255746874305,-0.19630277080609237,31,0,276,84,192,0
Priority assets,initial_trailing-e10-x20-i2-t3,both,60,60,14,28,14,-0.03047733674422376,-0.4979721526363615,-0.30174769021052533,0,0,7196,0,2234,4962
Priority assets,initial_trailing-e10-x20-i2-t3,long,60,60,51,57,48,0.025847028697021046,-0.27160098959267126,0.3615756823648175,1,0,3834,0,1044,2790
Priority assets,initial_trailing-e10-x20-i2-t3,short,60,60,2,5,2,-0.06735843789392337,-0.5725740297561652,-0.5178612674685672,1,0,3684,0,1276,2408
Priority assets,initial_trailing-e10-x20-i2-t4,both,60,60,25,36,25,-0.011563167803930852,-0.48800561239553003,-0.10506128629885358,0,0,5348,0,2469,2879
Priority assets,initial_trailing-e10-x20-i2-t4,long,60,60,55,58,55,0.04331059781177571,-0.26583860474249404,0.5985789646158476,1,0,2964,0,1176,1788
Priority assets,initial_trailing-e10-x20-i2-t4,short,60,60,2,5,2,-0.08464880854962742,-0.6237844701084287,-0.6193478409969857,1,0,3242,0,1726,1516
Priority assets,initial_trailing-e10-x20-i3-t3,both,60,60,13,28,13,-0.036950311438376904,-0.49312085299742736,-0.29658640140197423,0,0,6830,0,80,6750
Priority assets,initial_trailing-e10-x20-i3-t3,long,60,60,53,57,52,0.023855768032635893,-0.27872420597841335,0.3434184611567752,1,0,3667,0,30,3637
Priority assets,initial_trailing-e10-x20-i3-t3,short,60,60,2,3,2,-0.06914571544430798,-0.5736877419151281,-0.5255914562780835,1,0,3546,0,48,3498
Priority assets,initial_trailing-e10-x20-i3-t4,both,60,60,23,31,24,-0.019209278569382315,-0.512169617896144,-0.1227890366591966,0,0,4675,0,1025,3650
Priority assets,initial_trailing-e10-x20-i3-t4,long,60,60,54,58,54,0.04456267598234398,-0.28346862274780205,0.5850146817557873,1,0,2671,0,478,2193
Priority assets,initial_trailing-e10-x20-i3-t4,short,60,60,2,3,2,-0.09120828877317555,-0.6394606812756908,-0.6166879596440814,1,0,2950,0,754,2196
Priority assets,initial_trailing-e20-x20-i2-t3,both,60,60,16,26,18,-0.027787898485812257,-0.4689538470477006,-0.2665846079458301,0,0,5518,0,1634,3884
Priority assets,initial_trailing-e20-x20-i2-t3,long,60,60,47,56,43,0.02131563187192642,-0.21780107016811578,0.2616995896864631,1,0,3064,0,782,2282
Priority assets,initial_trailing-e20-x20-i2-t3,short,60,60,2,4,2,-0.05987919755544319,-0.5070547737679956,-0.4638320298253554,1,0,2473,0,857,1616
Priority assets,initial_trailing-e20-x20-i2-t4,both,60,60,21,38,26,-0.005283659172170219,-0.4215290308246682,-0.0628345661905434,1,0,4503,0,2055,2448
Priority assets,initial_trailing-e20-x20-i2-t4,long,60,60,54,57,54,0.03761322891012575,-0.2465711119189249,0.45811316006361,1,0,2422,0,945,1477
Priority assets,initial_trailing-e20-x20-i2-t4,short,60,60,2,3,2,-0.06483959302188758,-0.5239733826343127,-0.45866831421817605,1,0,2192,0,1178,1014
Priority assets,initial_trailing-e20-x20-i3-t3,both,60,60,16,26,15,-0.028033897351702863,-0.47242735846778566,-0.21599720301186826,0,0,5294,0,85,5209
Priority assets,initial_trailing-e20-x20-i3-t3,long,60,60,52,57,46,0.025617467221960566,-0.22195686913468865,0.3110218522602777,1,0,2914,0,23,2891
Priority assets,initial_trailing-e20-x20-i3-t3,short,60,60,2,2,2,-0.06093692172065018,-0.5043334218811245,-0.4913789872605351,1,0,2401,0,62,2339
Priority assets,initial_trailing-e20-x20-i3-t4,both,60,60,23,40,25,-0.00526361086365168,-0.482575256712083,-0.10838668457671974,0,0,4064,0,855,3209
Priority assets,initial_trailing-e20-x20-i3-t4,long,60,60,57,59,58,0.038403660640046966,-0.2556302044908748,0.49081927009594783,1,0,2177,0,344,1833
Priority assets,initial_trailing-e20-x20-i3-t4,short,60,60,2,2,2,-0.07434509118268062,-0.5580022932513062,-0.5026475166117574,1,0,2032,0,547,1485
Priority assets,initial_trailing-e55-x20-i2-t3,both,60,60,18,25,19,-0.012713189614126874,-0.38213617749651463,-0.14904784204900223,0,0,3428,0,1026,2402
Priority assets,initial_trailing-e55-x20-i2-t3,long,60,60,44,51,44,0.011102937812925595,-0.21178502326006016,0.11521854592739855,1,0,2216,0,584,1632
Priority assets,initial_trailing-e55-x20-i2-t3,short,60,60,4,8,4,-0.03741992127520932,-0.3828881929556376,-0.33170960829494545,2,0,1212,0,442,770
Priority assets,initial_trailing-e55-x20-i2-t4,both,60,60,25,36,29,-0.0005734094903164233,-0.3783386783437986,-0.04762384918552315,1,0,2840,0,1282,1558
Priority assets,initial_trailing-e55-x20-i2-t4,long,60,60,46,53,47,0.01973463962069677,-0.21390771965117572,0.17529527019947333,1,0,1756,0,684,1072
Priority assets,initial_trailing-e55-x20-i2-t4,short,60,60,4,13,4,-0.04004494122970398,-0.40959936524425594,-0.34932095789533,2,0,1084,0,598,486
Priority assets,initial_trailing-e55-x20-i3-t3,both,60,60,18,27,22,-0.014037453471561268,-0.39036798203018236,-0.1459323406079796,0,0,3285,0,63,3222
Priority assets,initial_trailing-e55-x20-i3-t3,long,60,60,43,50,43,0.011564180267329527,-0.21453174454184154,0.13728381940767154,1,0,2120,0,25,2095
Priority assets,initial_trailing-e55-x20-i3-t3,short,60,60,2,8,2,-0.03848124553861576,-0.39065361854671465,-0.3321139024006246,2,0,1165,0,38,1127
Priority assets,initial_trailing-e55-x20-i3-t4,both,60,60,28,36,30,0.0006530722315046256,-0.39295830728657444,-0.01103350404654957,0,0,2561,0,526,2035
Priority assets,initial_trailing-e55-x20-i3-t4,long,60,60,50,55,52,0.022874890638627354,-0.23773641446981814,0.2964535877246782,1,0,1573,0,257,1316
Priority assets,initial_trailing-e55-x20-i3-t4,short,60,60,2,10,4,-0.04395639174071858,-0.43545983673421684,-0.3472530973530553,2,0,988,0,268,720
Priority assets,initial_trailing-e200-x20-i2-t3,both,60,60,31,40,31,0.0009270328847426068,-0.27725534660767326,0.009160498538535289,0,0,1949,0,534,1415
Priority assets,initial_trailing-e200-x20-i2-t3,long,60,60,41,49,41,0.00766140847774488,-0.165541970828958,0.07799191196072619,1,0,1520,0,401,1119
Priority assets,initial_trailing-e200-x20-i2-t3,short,60,60,10,17,10,-0.010506444833590867,-0.2135379998455611,-0.09869782935938742,12,0,429,0,133,296
Priority assets,initial_trailing-e200-x20-i2-t4,both,60,60,39,43,39,0.007739721872319971,-0.2852254823093951,0.07884208039599794,1,0,1571,0,665,906
Priority assets,initial_trailing-e200-x20-i2-t4,long,60,60,50,53,50,0.012468933592617137,-0.1736011459712326,0.11520192187262357,1,0,1198,0,465,733
Priority assets,initial_trailing-e200-x20-i2-t4,short,60,60,12,17,12,-0.009802825736766885,-0.21323328217051812,-0.09237879536514482,18,0,373,0,200,173
Priority assets,initial_trailing-e200-x20-i3-t3,both,60,60,32,41,32,0.001411648811771915,-0.2752171821760862,0.01163957248848202,1,0,1861,0,28,1833
Priority assets,initial_trailing-e200-x20-i3-t3,long,60,60,47,52,47,0.007513643445802076,-0.1572399923468224,0.07643779410851437,1,0,1451,0,17,1434
Priority assets,initial_trailing-e200-x20-i3-t3,short,60,60,9,19,9,-0.010681280673357774,-0.21674260198515916,-0.1002490970091407,12,0,410,0,11,399
Priority assets,initial_trailing-e200-x20-i3-t4,both,60,60,41,46,41,0.011924434002155815,-0.29093746935926457,0.12371559390572917,1,0,1408,0,243,1165
Priority assets,initial_trailing-e200-x20-i3-t4,long,60,60,52,56,52,0.01613920481018949,-0.17825239569034046,0.16265124317115054,1,0,1068,0,171,897
Priority assets,initial_trailing-e200-x20-i3-t4,short,60,60,15,17,15,-0.012680744008681077,-0.22619917301962555,-0.11800389893247237,23,0,340,0,72,268
Priority assets,all-e10-x10-i2-t3,both,60,60,13,29,14,-0.030152530598801852,-0.4700117799955471,-0.3050528292051087,0,0,7494,1213,2165,4116
Priority assets,all-e10-x10-i2-t3,long,60,60,48,58,47,0.022464120457144188,-0.25876517620753875,0.29835523575988965,1,0,4019,744,1014,2261
Priority assets,all-e10-x10-i2-t3,short,60,60,2,4,2,-0.06334295226047193,-0.5492683630283095,-0.5017363512681239,1,0,3770,562,1191,2017
Priority assets,all-e10-x10-i2-t4,both,60,60,12,31,14,-0.01638916206252622,-0.48159465106408494,-0.2364390557042429,0,0,6464,2660,2449,1355
Priority assets,all-e10-x10-i2-t4,long,60,60,52,58,53,0.03249770391190554,-0.2685015655167414,0.37725244357154175,1,0,3619,1667,1162,790
Priority assets,all-e10-x10-i2-t4,short,60,60,2,7,3,-0.08174665011136611,-0.6087225947465622,-0.5881722657903631,1,0,3531,1325,1516,690
Priority assets,all-e10-x10-i3-t3,both,60,60,11,29,9,-0.030297180695054715,-0.5049991696717042,-0.29256190898169593,0,0,7171,1529,69,5573
Priority assets,all-e10-x10-i3-t3,long,60,60,50,57,49,0.023415499179795463,-0.26476577806302803,0.32527486115103943,1,0,3873,891,25,2957
Priority assets,all-e10-x10-i3-t3,short,60,60,2,3,2,-0.06470196370707376,-0.5768542181754572,-0.5224022774377017,1,0,3660,782,43,2835
Priority assets,all-e10-x10-i3-t4,both,60,60,14,29,15,-0.022761511836811354,-0.5035425416069232,-0.2251753189919546,0,0,5919,3459,763,1697
Priority assets,all-e10-x10-i3-t4,long,60,60,53,57,53,0.031150798238758437,-0.2868483359813988,0.35098909744160334,1,0,3409,2091,360,958
Priority assets,all-e10-x10-i3-t4,short,60,60,2,6,2,-0.0881346508664228,-0.6261504847206154,-0.6016187463116134,1,0,3357,1949,464,944
Priority assets,all-e10-x20-i2-t3,both,60,60,14,28,14,-0.03001676534665032,-0.4958762393326933,-0.3132335217441529,0,0,7215,77,2221,4917
Priority assets,all-e10-x20-i2-t3,long,60,60,50,57,47,0.026835637441361304,-0.26971170343042594,0.3615756823648175,1,0,3847,45,1039,2763
Priority assets,all-e10-x20-i2-t3,short,60,60,2,4,2,-0.06678683019021658,-0.5725740297561652,-0.5078569908470713,1,0,3696,63,1250,2383
Priority assets,all-e10-x20-i2-t4,both,60,60,21,34,22,-0.014847091881880048,-0.4733877343544429,-0.13983214247941916,0,0,5490,491,2475,2524
Priority assets,all-e10-x20-i2-t4,long,60,60,55,58,55,0.03999022040426803,-0.2601573367019635,0.5153040493880735,1,0,3061,327,1178,1556
Priority assets,all-e10-x20-i2-t4,short,60,60,2,4,2,-0.08251443625317129,-0.6187069046933715,-0.6042914966503168,1,0,3284,283,1680,1321
Priority assets,all-e10-x20-i3-t3,both,60,60,13,28,12,-0.036400001064017196,-0.49321707805313836,-0.2976992635419485,0,0,6856,146,71,6639
Priority assets,all-e10-x20-i3-t3,long,60,60,52,57,52,0.02429893757406687,-0.27872420597841346,0.3556732437448967,1,0,3687,79,27,3581
Priority assets,all-e10-x20-i3-t3,short,60,60,2,2,2,-0.06833119090235845,-0.5706543214390049,-0.5209814538761388,1,0,3565,145,42,3378
Priority assets,all-e10-x20-i3-t4,both,60,60,21,31,21,-0.018737511082514646,-0.5145140511405785,-0.15586639739549973,0,0,4837,658,975,3204
Priority assets,all-e10-x20-i3-t4,long,60,60,55,57,54,0.04126625156881969,-0.28822772051736884,0.5301120643101287,1,0,2791,451,443,1897
Priority assets,all-e10-x20-i3-t4,short,60,60,2,4,2,-0.08913585882933356,-0.6445877512594772,-0.6106698023008381,1,0,3032,554,614,1864
Priority assets,all-e10-x55-i2-t3,both,60,60,13,27,14,-0.03045929715900253,-0.49797215263636113,-0.308856387207221,0,0,7172,13,2237,4922
Priority assets,all-e10-x55-i2-t3,long,60,60,46,55,48,0.0279740543664736,-0.2716009895926714,0.310543578903937,1,0,3815,6,1053,2756
Priority assets,all-e10-x55-i2-t3,short,60,60,2,4,2,-0.06735843789392337,-0.5725740297561652,-0.5078569908470713,1,0,3673,25,1252,2396
Priority assets,all-e10-x55-i2-t4,both,60,60,25,35,25,-0.011563167803931018,-0.48800561239552886,-0.14454268463843922,0,0,5344,5,2497,2842
Priority assets,all-e10-x55-i2-t4,long,60,60,55,57,55,0.04331059781177571,-0.26583860474249404,0.5012375523917405,1,0,2955,6,1193,1756
Priority assets,all-e10-x55-i2-t4,short,60,60,2,4,2,-0.0842199325287809,-0.6201241582031639,-0.6041409534310218,1,0,3231,35,1693,1503
Priority assets,all-e10-x55-i3-t3,both,60,60,12,26,13,-0.036461399462813904,-0.4923142649191706,-0.30776493500568347,0,0,6799,36,75,6688
Priority assets,all-e10-x55-i3-t3,long,60,60,50,56,50,0.023855768032635893,-0.27872420597841346,0.3121390171400401,1,0,3649,12,30,3607
Priority assets,all-e10-x55-i3-t3,short,60,60,2,2,2,-0.06854048928566908,-0.5736877419151277,-0.5120079490916348,1,0,3537,72,41,3424
Priority assets,all-e10-x55-i3-t4,both,60,60,20,30,24,-0.01881872199983703,-0.5218464115777832,-0.1620879234744086,0,0,4655,29,1014,3612
Priority assets,all-e10-x55-i3-t4,long,60,60,54,57,54,0.04325483668744634,-0.2903044882397686,0.5081558103255734,1,0,2662,32,473,2157
Priority assets,all-e10-x55-i3-t4,short,60,60,2,3,2,-0.08923349278729564,-0.6460526153199312,-0.599588784233807,1,0,2958,176,651,2131
Priority assets,all-e20-x10-i2-t3,both,60,60,15,26,14,-0.03234785898035242,-0.4540335566078141,-0.26996607276652695,0,0,5702,889,1577,3236
Priority assets,all-e20-x10-i2-t3,long,60,60,45,55,46,0.020597470284903996,-0.22462997099775717,0.243947503201279,1,0,3200,570,762,1868
Priority assets,all-e20-x10-i2-t3,short,60,60,2,7,3,-0.05793280419524072,-0.5044512165374034,-0.45439340369114956,1,0,2514,321,818,1375
Priority assets,all-e20-x10-i2-t4,both,60,60,12,29,15,-0.020786024562993888,-0.44586776396469424,-0.19790189321457013,1,0,5200,2119,1948,1133
Priority assets,all-e20-x10-i2-t4,long,60,60,48,56,50,0.029567545254688965,-0.2261367822568064,0.33046485601677145,1,0,2886,1302,900,684
Priority assets,all-e20-x10-i2-t4,short,60,60,2,6,3,-0.07006530115170773,-0.554034407559898,-0.5386966404851633,1,0,2368,837,1074,457
Priority assets,all-e20-x10-i3-t3,both,60,60,13,23,14,-0.030886238207080474,-0.48967069950675973,-0.29768209438731363,0,0,5502,1124,76,4302
Priority assets,all-e20-x10-i3-t3,long,60,60,51,58,47,0.026953772212595206,-0.22122466376781413,0.30229854290510616,1,0,3068,690,21,2357
Priority assets,all-e20-x10-i3-t3,short,60,60,2,5,2,-0.06084967916905537,-0.5131791729428569,-0.491765273669443,1,0,2451,439,55,1957
Priority assets,all-e20-x10-i3-t4,both,60,60,12,24,11,-0.02163972257937863,-0.48162914280637875,-0.23476334762878776,0,0,4902,2826,616,1460
Priority assets,all-e20-x10-i3-t4,long,60,60,53,59,53,0.03498888927240407,-0.25351478360057167,0.3393062996307151,1,0,2717,1647,254,816
Priority assets,all-e20-x10-i3-t4,short,60,60,2,6,1,-0.07816509406219435,-0.5718958976586308,-0.5512251600206295,1,0,2256,1224,374,658
Priority assets,all-e20-x20-i2-t3,both,60,60,16,25,18,-0.027567262316386787,-0.46895384704769955,-0.2848771584398704,0,0,5532,45,1632,3855
Priority assets,all-e20-x20-i2-t3,long,60,60,47,56,44,0.022439251839524,-0.21780107016811606,0.27322261420704985,1,0,3074,32,782,2260
Priority assets,all-e20-x20-i2-t3,short,60,60,2,4,2,-0.05987919755544319,-0.5070547737679956,-0.4638320298253554,1,0,2477,15,857,1605
Priority assets,all-e20-x20-i2-t4,both,60,60,22,35,22,-0.010374354912490502,-0.42483799654314874,-0.11358741811688056,1,0,4614,390,2061,2163
Priority assets,all-e20-x20-i2-t4,long,60,60,52,57,53,0.035316826775094956,-0.2498108579497616,0.4390810997685626,1,0,2493,255,943,1295
Priority assets,all-e20-x20-i2-t4,short,60,60,2,5,2,-0.06624820456160385,-0.5249672931678468,-0.46797135200911355,1,0,2216,150,1166,900
Priority assets,all-e20-x20-i3-t3,both,60,60,16,26,15,-0.028033897351702863,-0.4704952212887302,-0.2290322759685403,0,0,5311,76,80,5155
Priority assets,all-e20-x20-i3-t3,long,60,60,53,58,46,0.022958283798447332,-0.21986218622589537,0.2961472966542408,1,0,2928,49,22,2857
Priority assets,all-e20-x20-i3-t3,short,60,60,2,3,2,-0.06073582065738553,-0.5043334218811245,-0.489414531395321,1,0,2404,30,58,2316
Priority assets,all-e20-x20-i3-t4,both,60,60,21,31,21,-0.011892269424722546,-0.48391022174168163,-0.14822629014833766,0,0,4193,559,811,2823
Priority assets,all-e20-x20-i3-t4,long,60,60,57,59,58,0.032558293649331715,-0.27661523608768607,0.40110306307986654,1,0,2258,333,331,1594
Priority assets,all-e20-x20-i3-t4,short,60,60,2,3,2,-0.07763153012730795,-0.5674565190382073,-0.5214847999654233,1,0,2063,258,503,1302
Priority assets,all-e20-x55-i2-t3,both,60,60,15,23,18,-0.027787898485812257,-0.4689538470476987,-0.30194616511090283,0,0,5489,2,1640,3847
Priority assets,all-e20-x55-i2-t3,long,60,60,43,55,43,0.022439251839524,-0.2178010701681159,0.22593711651211523,1,0,3042,2,790,2250
Priority assets,all-e20-x55-i2-t3,short,60,60,2,5,2,-0.05987919755544319,-0.5070547737679956,-0.4517650636274289,1,0,2464,2,854,1608
Priority assets,all-e20-x55-i2-t4,both,60,60,21,38,26,-0.005283659172170496,-0.4215290308246684,-0.11695248012518394,1,0,4484,1,2069,2414
Priority assets,all-e20-x55-i2-t4,long,60,60,54,57,54,0.03761322891012586,-0.24657111191892467,0.40908227565192845,1,0,2409,2,961,1446
Priority assets,all-e20-x55-i2-t4,short,60,60,2,4,2,-0.06483959302188758,-0.5239733826343127,-0.45866831421817605,1,0,2183,3,1170,1010
Priority assets,all-e20-x55-i3-t3,both,60,60,14,25,15,-0.028033897351702752,-0.4724273584677858,-0.24186969629002386,0,0,5267,7,83,5177
Priority assets,all-e20-x55-i3-t3,long,60,60,49,57,47,0.025617461232088745,-0.22195686913468915,0.2896901922601741,1,0,2895,5,23,2867
Priority assets,all-e20-x55-i3-t3,short,60,60,2,3,2,-0.06093692172065018,-0.5043334218811245,-0.4840797874118893,1,0,2392,5,60,2327
Priority assets,all-e20-x55-i3-t4,both,60,60,23,32,24,-0.006164319886068581,-0.4825752567120826,-0.13454732273302022,0,0,4040,8,857,3175
Priority assets,all-e20-x55-i3-t4,long,60,60,57,59,58,0.038403660640046966,-0.25644013586272607,0.408598784588562,1,0,2162,9,348,1805
Priority assets,all-e20-x55-i3-t4,short,60,60,2,3,2,-0.07434509118268062,-0.5580022932513062,-0.5020651314768348,1,0,2024,16,534,1474
Priority assets,all-e55-x10-i2-t3,both,60,60,17,24,19,-0.016026344751690347,-0.3751817795534796,-0.15898867651685966,0,0,3522,489,976,2057
Priority assets,all-e55-x10-i2-t3,long,60,60,44,48,45,0.010335970712836429,-0.20636865223842332,0.11251320789950348,1,0,2296,355,556,1385
Priority assets,all-e55-x10-i2-t3,short,60,60,4,8,4,-0.03855398135791016,-0.3839054733774588,-0.31713777389147185,2,0,1226,134,420,672
Priority assets,all-e55-x10-i2-t4,both,60,60,17,31,17,-0.010667295335981208,-0.38882263411746304,-0.13236425418532027,1,0,3200,1218,1206,776
Priority assets,all-e55-x10-i2-t4,long,60,60,45,49,45,0.017991282483999282,-0.21677893350213978,0.17502636631202317,1,0,2052,857,652,543
Priority assets,all-e55-x10-i2-t4,short,60,60,5,12,5,-0.03872534787494036,-0.38648160649877805,-0.3414898399707869,2,0,1148,361,554,233
Priority assets,all-e55-x10-i3-t3,both,60,60,17,25,19,-0.017041496244862342,-0.37304925601366007,-0.1597060889229755,0,0,3395,611,54,2730
Priority assets,all-e55-x10-i3-t3,long,60,60,43,49,43,0.01525514727316013,-0.2006009670425571,0.14612230032964546,1,0,2208,429,21,1758
Priority assets,all-e55-x10-i3-t3,short,60,60,2,8,2,-0.040010853864026696,-0.3892076464794538,-0.33227302206843057,2,0,1187,182,33,972
Priority assets,all-e55-x10-i3-t4,both,60,60,19,30,21,-0.011492987709469882,-0.40542043203752476,-0.14261649699418177,0,0,3010,1630,384,996
Priority assets,all-e55-x10-i3-t4,long,60,60,46,51,48,0.01820470170756716,-0.21483349038277888,0.17717984994065994,1,0,1927,1087,192,648
Priority assets,all-e55-x10-i3-t4,short,60,60,4,11,5,-0.04112126338875055,-0.4208511689236907,-0.3516936707564575,2,0,1083,543,192,348
Priority assets,all-e55-x20-i2-t3,both,60,60,17,25,19,-0.012713189614126874,-0.38213617749651463,-0.14803945833407328,0,0,3431,21,1020,2390
Priority assets,all-e55-x20-i2-t3,long,60,60,44,51,44,0.011102937812925595,-0.2117850232600601,0.11521854592739855,1,0,2219,13,581,1625
Priority assets,all-e55-x20-i2-t3,short,60,60,4,8,4,-0.0365992261646888,-0.3828881929556376,-0.3261689015748901,2,0,1212,8,439,765
Priority assets,all-e55-x20-i2-t4,both,60,60,22,35,25,-0.006874998813793443,-0.3886125008605794,-0.07040943368216074,1,0,2883,227,1267,1389
Priority assets,all-e55-x20-i2-t4,long,60,60,46,53,46,0.01810066497137508,-0.21671562967422842,0.18005670110606697,1,0,1792,154,679,959
Priority assets,all-e55-x20-i2-t4,short,60,60,5,13,4,-0.039095370807445684,-0.40735239455133976,-0.34032631958612936,2,0,1091,73,588,430
Priority assets,all-e55-x20-i3-t3,both,60,60,17,26,22,-0.013998965171524824,-0.39036798203018236,-0.1406839997871278,0,0,3290,36,58,3196
Priority assets,all-e55-x20-i3-t3,long,60,60,43,50,43,0.011564180267329527,-0.21346304929879473,0.13728381940767154,1,0,2124,22,23,2079
Priority assets,all-e55-x20-i3-t3,short,60,60,2,9,2,-0.03848124553861576,-0.39065361854671465,-0.3321139024006246,2,0,1166,14,35,1117
Priority assets,all-e55-x20-i3-t4,both,60,60,27,34,29,-0.0015214297418724154,-0.4034622792603445,-0.025674168573454614,0,0,2614,308,502,1804
Priority assets,all-e55-x20-i3-t4,long,60,60,49,53,49,0.02131434281373701,-0.2287536803299216,0.2800580624284953,1,0,1617,207,244,1166
Priority assets,all-e55-x20-i3-t4,short,60,60,1,12,2,-0.03959737190208029,-0.42001418547881564,-0.3447482308172156,2,0,997,101,257,639
Priority assets,all-e55-x55-i2-t3,both,60,60,18,25,19,-0.012713189614126874,-0.38213617749651463,-0.14904784204900223,0,0,3428,1,1025,2402
Priority assets,all-e55-x55-i2-t3,long,60,60,44,51,44,0.011102937812925595,-0.21178502326006016,0.11521854592739855,1,0,2216,0,584,1632
Priority assets,all-e55-x55-i2-t3,short,60,60,4,8,4,-0.03741992127520932,-0.3828881929556376,-0.33170960829494545,2,0,1212,1,441,770
Priority assets,all-e55-x55-i2-t4,both,60,60,25,36,29,-0.0005734094903164233,-0.3783386783437986,-0.04762384918552315,1,0,2840,2,1281,1557
Priority assets,all-e55-x55-i2-t4,long,60,60,46,53,47,0.01973463962069677,-0.21390771965117572,0.17529527019947333,1,0,1756,0,684,1072
Priority assets,all-e55-x55-i2-t4,short,60,60,4,14,4,-0.04004494122970398,-0.40959936524425594,-0.34932095789533,2,0,1084,2,597,485
Priority assets,all-e55-x55-i3-t3,both,60,60,18,27,22,-0.014037453471561268,-0.39036798203018236,-0.1459323406079796,0,0,3285,3,61,3221
Priority assets,all-e55-x55-i3-t3,long,60,60,43,50,43,0.011564180267329527,-0.21453174454184154,0.13728381940767154,1,0,2120,1,24,2095
Priority assets,all-e55-x55-i3-t3,short,60,60,2,9,2,-0.03848124553861576,-0.39065361854671465,-0.3321139024006246,2,0,1165,2,37,1126
Priority assets,all-e55-x55-i3-t4,both,60,60,28,36,30,0.0006530722315046256,-0.39295830728657444,-0.009465593585776644,0,0,2561,4,524,2033
Priority assets,all-e55-x55-i3-t4,long,60,60,50,55,52,0.022874890638627354,-0.23773641446981814,0.2964535877246782,1,0,1573,1,256,1316
Priority assets,all-e55-x55-i3-t4,short,60,60,2,11,4,-0.04395639174071858,-0.43545983673421684,-0.3472530973530553,2,0,988,3,267,718
Priority assets,all-e200-x10-i2-t3,both,60,60,28,43,28,-0.002144893876182219,-0.2764631552954409,-0.02090374902448383,0,0,2005,257,514,1234
Priority assets,all-e200-x10-i2-t3,long,60,60,40,50,40,0.0061119386649254315,-0.16412220329030347,0.05953393755572978,1,0,1571,214,386,971
Priority assets,all-e200-x10-i2-t3,short,60,60,10,19,10,-0.010030582808819355,-0.2104043878906947,-0.09440639873964685,11,0,434,43,128,263
Priority assets,all-e200-x10-i2-t4,both,60,60,36,43,36,0.004812058828179366,-0.29239865368393353,0.04837115810444559,1,0,1789,661,637,491
Priority assets,all-e200-x10-i2-t4,long,60,60,47,53,47,0.010405041877399102,-0.16970670987248382,0.10722440304682046,1,0,1390,530,455,405
Priority assets,all-e200-x10-i2-t4,short,60,60,11,18,11,-0.011834516784081817,-0.23861177811188455,-0.10936036882805755,12,0,399,131,182,86
Priority assets,all-e200-x10-i3-t3,both,60,60,31,40,31,0.0020741542115910727,-0.273509340653602,0.01850868552488283,1,0,1920,316,25,1579
Priority assets,all-e200-x10-i3-t3,long,60,60,46,50,46,0.0072382407580495745,-0.14965293928496048,0.06913250847987329,1,0,1505,254,15,1236
Priority assets,all-e200-x10-i3-t3,short,60,60,10,20,10,-0.010681280673357774,-0.2148857260710892,-0.1002490970091407,11,0,415,62,10,343
Priority assets,all-e200-x10-i3-t4,both,60,60,37,44,37,0.0064315141052549984,-0.289010016674146,0.0651515931963269,1,0,1658,853,189,616
Priority assets,all-e200-x10-i3-t4,long,60,60,50,54,50,0.010779086495428247,-0.15140681624408592,0.10989058058621526,1,0,1290,664,141,485
Priority assets,all-e200-x10-i3-t4,short,60,60,12,14,12,-0.01331344959349079,-0.25980301601024164,-0.11090345049153605,15,0,368,189,48,131
Priority assets,all-e200-x20-i2-t3,both,60,60,31,42,31,0.0009270328847426068,-0.27709087436310204,0.009160498538535289,0,0,1952,16,529,1407
Priority assets,all-e200-x20-i2-t3,long,60,60,44,49,44,0.007312861527693504,-0.165541970828958,0.07433146131179458,1,0,1523,13,398,1112
Priority assets,all-e200-x20-i2-t3,short,60,60,10,17,10,-0.010506444833590867,-0.2135379998455611,-0.09869782935938742,12,0,429,3,131,295
Priority assets,all-e200-x20-i2-t4,both,60,60,39,44,39,0.0065778252077348665,-0.27552819862976613,0.0666604200050197,1,0,1603,122,658,823
Priority assets,all-e200-x20-i2-t4,long,60,60,49,53,49,0.01272524323392854,-0.16971403712354344,0.1120007964772215,1,0,1226,96,462,668
Priority assets,all-e200-x20-i2-t4,short,60,60,11,17,11,-0.011337885874925957,-0.21168207097570407,-0.10612520357059535,17,0,377,26,196,155
Priority assets,all-e200-x20-i3-t3,both,60,60,32,40,32,0.001411648811771915,-0.27074556462796256,0.01163957248848202,1,0,1864,18,26,1820
Priority assets,all-e200-x20-i3-t3,long,60,60,47,52,47,0.007831133555163183,-0.15503679762339062,0.07978139046860988,1,0,1454,15,15,1424
Priority assets,all-e200-x20-i3-t3,short,60,60,9,19,9,-0.010681280673357774,-0.21674260198515916,-0.1002490970091407,12,0,410,3,11,396
Priority assets,all-e200-x20-i3-t4,both,60,60,41,46,41,0.010467340031675931,-0.2837304634638024,0.105921654672396,1,0,1442,162,230,1050
Priority assets,all-e200-x20-i3-t4,long,60,60,53,56,53,0.016745905984589027,-0.17713181439279707,0.17238892704490216,1,0,1098,122,165,811
Priority assets,all-e200-x20-i3-t4,short,60,60,15,17,15,-0.012680744008681077,-0.22567972944603626,-0.11800389893247237,22,0,344,40,65,239
Priority assets,all-e200-x55-i2-t3,both,60,60,31,40,31,0.0009270328847426068,-0.27725534660767326,0.009160498538535289,0,0,1949,0,534,1415
Priority assets,all-e200-x55-i2-t3,long,60,60,41,49,41,0.00766140847774488,-0.165541970828958,0.07799191196072619,1,0,1520,0,401,1119
Priority assets,all-e200-x55-i2-t3,short,60,60,10,17,10,-0.010506444833590867,-0.2135379998455611,-0.09869782935938742,12,0,429,0,133,296
Priority assets,all-e200-x55-i2-t4,both,60,60,39,43,39,0.007739721872319971,-0.2852254823093951,0.07884208039599794,1,0,1571,1,665,905
Priority assets,all-e200-x55-i2-t4,long,60,60,50,53,50,0.012468933592617137,-0.1736011459712326,0.11520192187262357,1,0,1198,0,465,733
Priority assets,all-e200-x55-i2-t4,short,60,60,12,17,12,-0.009802825736766885,-0.21323328217051812,-0.09237879536514482,18,0,373,1,200,172
Priority assets,all-e200-x55-i3-t3,both,60,60,32,41,32,0.001411648811771915,-0.2752171821760862,0.01163957248848202,1,0,1861,0,28,1833
Priority assets,all-e200-x55-i3-t3,long,60,60,47,52,47,0.007513643445802076,-0.1572399923468224,0.07643779410851437,1,0,1451,0,17,1434
Priority assets,all-e200-x55-i3-t3,short,60,60,9,19,9,-0.010681280673357774,-0.21674260198515916,-0.1002490970091407,12,0,410,0,11,399
Priority assets,all-e200-x55-i3-t4,both,60,60,41,46,41,0.011924434002155815,-0.29093746935926457,0.12371559390572917,1,0,1408,1,243,1164
Priority assets,all-e200-x55-i3-t4,long,60,60,52,56,52,0.01613920481018949,-0.17825239569034046,0.16265124317115054,1,0,1068,0,171,897
Priority assets,all-e200-x55-i3-t4,short,60,60,15,17,15,-0.012680744008681077,-0.22619917301962555,-0.11800389893247237,23,0,340,1,72,267
Whole universe,channel-e10-x10-i2-t3,both,678,662,104,174,98,-0.07170601361094153,-0.725914596457828,-0.5113664189063659,1,1,58072,58072,0,0
Whole universe,channel-e10-x10-i2-t3,long,678,662,506,575,489,0.029910901588755756,-0.44828096420099384,0.35777419641935804,1,0,36074,36074,0,0
Whole universe,channel-e10-x10-i2-t3,short,678,662,5,21,6,-0.11316844857222685,-0.7411664997889664,-0.6978968674935973,1,2,35717,35717,0,0
Whole universe,channel-e10-x20-i2-t3,both,678,662,176,232,165,-0.048772003789354534,-0.6899060995587636,-0.3778992149556525,1,2,35189,35189,0,0
Whole universe,channel-e10-x20-i2-t3,long,678,662,544,587,543,0.05114332244420783,-0.47382328886096475,0.6837790005435287,2,0,24804,24804,0,0
Whole universe,channel-e10-x20-i2-t3,short,678,662,9,18,5,-0.12077300413451864,-0.7572524387866053,-0.7283040666298637,1,3,27976,27976,0,0
Whole universe,channel-e10-x55-i2-t3,both,678,662,196,219,199,-0.0459842900460537,-0.7123210064263562,-0.3816602959077975,4,5,15365,15365,0,0
Whole universe,channel-e10-x55-i2-t3,long,678,662,567,587,569,0.08083267920438797,-0.49277140214621623,1.1281216052637901,3,0,12655,12655,0,0
Whole universe,channel-e10-x55-i2-t3,short,678,662,14,17,10,-0.13053555057206473,-0.7920488812073585,-0.754343158387557,2,4,19105,19105,0,0
Whole universe,channel-e20-x10-i2-t3,both,678,662,114,179,107,-0.06218348327981371,-0.6897571380200582,-0.46819101059068996,1,1,50082,50082,0,0
Whole universe,channel-e20-x10-i2-t3,long,678,662,482,541,468,0.02436670968908705,-0.4206062832867168,0.2766097605089569,1,0,28364,28364,0,0
Whole universe,channel-e20-x10-i2-t3,short,678,662,11,23,16,-0.08628097617453845,-0.6530265761149998,-0.5975975862974938,2,2,24543,24543,0,0
Whole universe,channel-e20-x20-i2-t3,both,678,662,170,233,176,-0.04974035617344219,-0.6816219071051892,-0.36029245085927114,1,2,33438,33438,0,0
Whole universe,channel-e20-x20-i2-t3,long,678,662,536,560,519,0.04436122998688152,-0.44394216972856737,0.5457186848099232,2,0,20136,20136,0,0
Whole universe,channel-e20-x20-i2-t3,short,678,662,20,24,15,-0.09450664575338064,-0.686058520688331,-0.639900938513927,2,4,19843,19843,0,0
Whole universe,channel-e20-x55-i2-t3,both,678,662,202,228,200,-0.047891259914908446,-0.7126700079449917,-0.3951309774864902,4,5,14630,14630,0,0
Whole universe,channel-e20-x55-i2-t3,long,678,662,560,570,560,0.07419698666117747,-0.4772539283960385,0.9284932358064806,3,0,10540,10540,0,0
Whole universe,channel-e20-x55-i2-t3,short,678,662,12,19,11,-0.1147315734014609,-0.7464571474856081,-0.7076210777080807,3,5,13833,13833,0,0
Whole universe,channel-e55-x10-i2-t3,both,678,662,123,175,124,-0.04547133353114019,-0.5949176505171916,-0.38489131029569357,1,1,31795,31795,0,0
Whole universe,channel-e55-x10-i2-t3,long,678,662,375,442,383,0.007346390293868077,-0.3721242593814959,0.06749163811494019,2,0,19300,19300,0,0
Whole universe,channel-e55-x10-i2-t3,short,678,662,25,46,30,-0.052332882308394446,-0.5176150269776963,-0.41367582144778214,3,1,12588,12588,0,0
Whole universe,channel-e55-x20-i2-t3,both,678,662,172,210,179,-0.044944827678651045,-0.6286391171006831,-0.3638724047533781,1,1,24191,24191,0,0
Whole universe,channel-e55-x20-i2-t3,long,678,662,434,472,446,0.020851321944327816,-0.39432158782646454,0.1776609022540604,4,0,14012,14012,0,0
Whole universe,channel-e55-x20-i2-t3,short,678,662,30,39,34,-0.06255809890104563,-0.5714843795688731,-0.4737349315477577,4,1,10478,10478,0,0
Whole universe,channel-e55-x55-i2-t3,both,678,662,193,212,196,-0.0507596759330628,-0.7130545778491384,-0.3996648774576309,5,4,13781,13781,0,0
Whole universe,channel-e55-x55-i2-t3,long,678,662,499,514,500,0.0443206991601115,-0.4592834407978145,0.5407412673360914,13,0,7979,7979,0,0
Whole universe,channel-e55-x55-i2-t3,short,678,662,17,21,17,-0.09517213675769465,-0.6897687412848903,-0.6228545536698166,17,4,7847,7847,0,0
Whole universe,channel-e200-x10-i2-t3,both,678,662,214,280,210,-0.01756433390293327,-0.44906162374468384,-0.13806374358741413,4,1,16549,16549,0,0
Whole universe,channel-e200-x10-i2-t3,long,678,662,380,439,376,0.006266270470655866,-0.29490643209726636,0.0555517655295249,14,0,11980,11980,0,0
Whole universe,channel-e200-x10-i2-t3,short,678,662,107,126,105,-0.024550766145697622,-0.3477263352102249,-0.20555360104808756,133,1,4583,4583,0,0
Whole universe,channel-e200-x20-i2-t3,both,678,662,244,286,240,-0.015871876903634563,-0.4974090369869246,-0.1331296383987346,6,1,12458,12458,0,0
Whole universe,channel-e200-x20-i2-t3,long,678,662,428,459,424,0.013579173631829144,-0.32251100166956764,0.13077960632169416,16,0,8582,8582,0,0
Whole universe,channel-e200-x20-i2-t3,short,678,662,93,105,92,-0.030664805563696662,-0.39612762662316975,-0.24813596388497094,198,1,3885,3885,0,0
Whole universe,channel-e200-x55-i2-t3,both,678,662,246,265,243,-0.023621118012744635,-0.6009471689410596,-0.1997620642601875,19,8,7809,7809,0,0
Whole universe,channel-e200-x55-i2-t3,long,678,662,477,487,474,0.027784691292305097,-0.37282663250716264,0.2866922792871468,46,0,4903,4903,0,0
Whole universe,channel-e200-x55-i2-t3,short,678,662,55,62,54,-0.051319485454505154,-0.5117192733553502,-0.3820111548665081,344,7,2954,2954,0,0
Whole universe,channel_initial-e10-x10-i2-t3,both,678,662,105,202,93,-0.06967649529909387,-0.7146719888714612,-0.5153917886368891,1,1,68166,39518,28648,0
Whole universe,channel_initial-e10-x10-i2-t3,long,678,662,465,557,448,0.02393568420113734,-0.4565014638426028,0.27688723329362397,1,0,39301,24804,14497,0
Whole universe,channel_initial-e10-x10-i2-t3,short,678,662,6,22,8,-0.10236640782016415,-0.7081859048670309,-0.6593214007760878,1,2,38755,20837,17918,0
Whole universe,channel_initial-e10-x10-i3-t3,both,678,662,112,195,107,-0.0726539637957726,-0.7135437109511411,-0.5122882317805026,1,1,61139,50105,11034,0
Whole universe,channel_initial-e10-x10-i3-t3,long,678,662,502,574,485,0.028770458336962235,-0.4468933547667334,0.35253813410145896,1,0,36710,31280,5430,0
Whole universe,channel_initial-e10-x10-i3-t3,short,678,662,7,17,8,-0.11012318309814495,-0.7286807076847184,-0.6879652747463788,1,2,36379,29267,7112,0
Whole universe,channel_initial-e10-x20-i2-t3,both,678,662,176,248,162,-0.05607584766294088,-0.6997521945572205,-0.40068235081846987,1,1,48420,21306,27114,0
Whole universe,channel_initial-e10-x20-i2-t3,long,678,662,527,576,514,0.0411185806500356,-0.4691284454897293,0.5372468043987367,1,0,29673,14951,14722,0
Whole universe,channel_initial-e10-x20-i2-t3,short,678,662,15,25,11,-0.1084971600004287,-0.7254550265656099,-0.6816386250099296,1,3,33272,12649,20623,0
Whole universe,channel_initial-e10-x20-i3-t3,both,678,662,184,243,172,-0.05071671116528009,-0.7052494224594134,-0.36498756073787936,1,2,40049,26324,13725,0
Whole universe,channel_initial-e10-x20-i3-t3,long,678,662,554,588,537,0.05069116216753544,-0.4723188436434636,0.6955865992930658,2,0,26127,18953,7174,0
Whole universe,channel_initial-e10-x20-i3-t3,short,678,662,14,19,9,-0.11615259736092909,-0.7517146765896641,-0.7088513390534169,1,3,29589,18877,10712,0
Whole universe,channel_initial-e10-x55-i2-t3,both,678,662,237,284,242,-0.02928376971125024,-0.6782412908237153,-0.29216611349808125,3,2,28843,7730,21113,0
Whole universe,channel_initial-e10-x55-i2-t3,long,678,662,542,570,553,0.06780740746891212,-0.48286175624004884,0.8988067541797845,3,0,17834,6367,11467,0
Whole universe,channel_initial-e10-x55-i2-t3,short,678,662,13,21,9,-0.11685124866266167,-0.7440279665238051,-0.7039278677017424,1,3,26507,5293,21214,0
Whole universe,channel_initial-e10-x55-i3-t3,both,678,662,209,256,222,-0.03503538510904747,-0.6887187738638605,-0.31404082124266103,3,2,21940,8945,12995,0
Whole universe,channel_initial-e10-x55-i3-t3,long,678,662,566,583,567,0.07737002985855401,-0.48981470330563137,1.015182422764895,3,0,14457,7905,6552,0
Whole universe,channel_initial-e10-x55-i3-t3,short,678,662,8,12,7,-0.12311026853423973,-0.77117773672536,-0.7305748842381588,2,3,21903,8792,13111,0
Whole universe,channel_initial-e20-x10-i2-t3,both,678,662,112,193,103,-0.059968435615661675,-0.6671269362048715,-0.4596533006390933,1,1,56040,32334,23706,0
Whole universe,channel_initial-e20-x10-i2-t3,long,678,662,439,514,432,0.020375469989995842,-0.40812946795838073,0.2196794925891129,1,0,30820,19223,11597,0
Whole universe,channel_initial-e20-x10-i2-t3,short,678,662,9,24,17,-0.07928875334507102,-0.6202393533976222,-0.5663952878585607,2,2,26644,13924,12720,0
Whole universe,channel_initial-e20-x10-i3-t3,both,678,662,119,186,109,-0.06180438021002721,-0.6771804625427258,-0.471241514444672,1,1,51997,42379,9618,0
Whole universe,channel_initial-e20-x10-i3-t3,long,678,662,468,539,460,0.024440091517771156,-0.4169102335999142,0.27382431502508064,1,0,28846,24307,4539,0
Whole universe,channel_initial-e20-x10-i3-t3,short,678,662,8,22,14,-0.08346637028719145,-0.6403094470102284,-0.5893615818123261,2,2,25053,19607,5446,0
Whole universe,channel_initial-e20-x20-i2-t3,both,678,662,165,235,154,-0.0505426380802943,-0.670203986312856,-0.38479294888182514,1,1,43383,18920,24463,0
Whole universe,channel_initial-e20-x20-i2-t3,long,678,662,493,539,483,0.033566175058875825,-0.43939275124079785,0.4124090399209054,2,0,24209,12087,12122,0
Whole universe,channel_initial-e20-x20-i2-t3,short,678,662,16,26,14,-0.08949374214666683,-0.6504293569748472,-0.6076922862544671,2,4,23621,8623,14998,0
Whole universe,channel_initial-e20-x20-i3-t3,both,678,662,179,242,170,-0.047247968058952095,-0.6743067530918717,-0.3721096252630188,1,2,37474,24342,13132,0
Whole universe,channel_initial-e20-x20-i3-t3,long,678,662,529,565,518,0.03932313469314774,-0.4380536108039866,0.4963247570212169,2,0,21378,15034,6344,0
Whole universe,channel_initial-e20-x20-i3-t3,short,678,662,15,23,19,-0.09211631906523615,-0.6794422348672526,-0.6269709687510399,2,4,21111,12627,8484,0
Whole universe,channel_initial-e20-x55-i2-t3,both,678,662,219,265,228,-0.029674795339813487,-0.6645192315152251,-0.27437142017572896,2,2,27018,7161,19857,0
Whole universe,channel_initial-e20-x55-i2-t3,long,678,662,518,544,516,0.05568935223967364,-0.4720501738239709,0.6347414018542736,3,0,15726,5434,10292,0
Whole universe,channel_initial-e20-x55-i2-t3,short,678,662,10,15,13,-0.09881862984356388,-0.6917410630634764,-0.6456620679402232,3,4,19975,3801,16174,0
Whole universe,channel_initial-e20-x55-i3-t3,both,678,662,226,265,236,-0.032011533471610454,-0.6651765858416511,-0.2922804355536848,2,2,20975,8415,12560,0
Whole universe,channel_initial-e20-x55-i3-t3,long,678,662,556,581,560,0.06888094684480106,-0.4712556233858407,0.873926812216663,3,0,12688,6400,6288,0
Whole universe,channel_initial-e20-x55-i3-t3,short,678,662,9,14,7,-0.1069947712011583,-0.721007394011943,-0.6748880744638968,3,4,16681,5348,11333,0
Whole universe,channel_initial-e55-x10-i2-t3,both,678,662,136,191,141,-0.04253067996066928,-0.5692989671298154,-0.35689081084003116,1,0,34759,19693,15066,0
Whole universe,channel_initial-e55-x10-i2-t3,long,678,662,349,411,348,0.0022453336217808095,-0.36026070343050054,0.01275406740898466,1,0,21157,12650,8507,0
Whole universe,channel_initial-e55-x10-i2-t3,short,678,662,24,52,26,-0.048370506903510524,-0.4847695298090634,-0.3876953730173601,3,0,13610,7048,6562,0
Whole universe,channel_initial-e55-x10-i3-t3,both,678,662,128,183,137,-0.04406479307987976,-0.5872777262561133,-0.3668507339565066,1,0,32536,26106,6430,0
Whole universe,channel_initial-e55-x10-i3-t3,long,678,662,365,438,374,0.006309252332899029,-0.3632810059885102,0.03744499740529161,1,0,19686,16114,3572,0
Whole universe,channel_initial-e55-x10-i3-t3,short,678,662,29,49,34,-0.05260753944576896,-0.5075637788348034,-0.4139034104957427,3,0,12864,10001,2863,0
Whole universe,channel_initial-e55-x20-i2-t3,both,678,662,159,221,171,-0.03945181709867207,-0.5958965639546789,-0.34258335718369937,1,1,29195,12450,16745,0
Whole universe,channel_initial-e55-x20-i2-t3,long,678,662,413,463,422,0.013169486284951737,-0.377632561153544,0.11610430259227567,4,0,16975,7983,8992,0
Whole universe,channel_initial-e55-x20-i2-t3,short,678,662,30,49,31,-0.05619167155207505,-0.5173079993759545,-0.42493283372596663,4,1,12313,4495,7818,0
Whole universe,channel_initial-e55-x20-i3-t3,both,678,662,165,202,165,-0.0409159136170818,-0.6202318892689233,-0.3377347802371356,1,1,26015,16517,9498,0
Whole universe,channel_initial-e55-x20-i3-t3,long,678,662,435,475,432,0.019240923841308155,-0.3929382763788846,0.15646586689280617,4,0,14998,10020,4978,0
Whole universe,channel_initial-e55-x20-i3-t3,short,678,662,32,46,35,-0.06047747499590217,-0.5483447031458997,-0.4639343569550133,4,1,11127,6549,4578,0
Whole universe,channel_initial-e55-x55-i2-t3,both,678,662,203,245,226,-0.032766667208837974,-0.6236438978911065,-0.2808073237043209,2,1,21838,5731,16107,0
Whole universe,channel_initial-e55-x55-i2-t3,long,678,662,469,499,461,0.032207497343416325,-0.42146399539106777,0.3187121628144347,6,0,12119,3967,8152,0
Whole universe,channel_initial-e55-x55-i2-t3,short,678,662,13,23,15,-0.06701173798566068,-0.5635360882433674,-0.49067300679029235,7,1,11086,2010,9076,0
Whole universe,channel_initial-e55-x55-i3-t3,both,678,662,211,242,211,-0.036027260667718775,-0.6542997552865428,-0.2990815583965946,2,1,18119,7121,10998,0
Whole universe,channel_initial-e55-x55-i3-t3,long,678,662,486,506,484,0.039763775876555885,-0.43166064975078117,0.389375014041083,9,0,9955,4758,5197,0
Whole universe,channel_initial-e55-x55-i3-t3,short,678,662,14,19,17,-0.07698627347824055,-0.6214608257252288,-0.5442415842999714,11,1,9521,2859,6662,0
Whole universe,channel_initial-e200-x10-i2-t3,both,678,662,201,276,197,-0.01903081790699923,-0.43520089488409036,-0.15847142566573447,3,0,18211,10416,7795,0
Whole universe,channel_initial-e200-x10-i2-t3,long,678,662,338,415,334,0.000500108546840683,-0.2910312122997663,0.0,14,0,13272,7787,5485,0
Whole universe,channel_initial-e200-x10-i2-t3,short,678,662,106,129,104,-0.022090040737653305,-0.3250635519094334,-0.18635199922011753,111,0,4940,2629,2311,0
Whole universe,channel_initial-e200-x10-i3-t3,both,678,662,211,262,207,-0.019074548044113904,-0.4515990049993218,-0.15942694129999574,3,0,16959,13561,3398,0
Whole universe,channel_initial-e200-x10-i3-t3,long,678,662,368,435,364,0.004323244178421115,-0.2916622182683927,0.03782473215102844,14,0,12282,9884,2398,0
Whole universe,channel_initial-e200-x10-i3-t3,short,678,662,103,117,101,-0.024875914918849662,-0.3397971459775526,-0.20102807725940447,125,0,4678,3677,1001,0
Whole universe,channel_initial-e200-x20-i2-t3,both,678,662,236,277,232,-0.017656056736567394,-0.4611711161874721,-0.14739670018726775,4,0,15151,6543,8608,0
Whole universe,channel_initial-e200-x20-i2-t3,long,678,662,399,443,395,0.00835027272876776,-0.3090623453809776,0.07918668227536807,14,0,10632,4839,5793,0
Whole universe,channel_initial-e200-x20-i2-t3,short,678,662,85,99,84,-0.025420019211384648,-0.34897724052664425,-0.21010614386757398,142,0,4520,1704,2816,0
Whole universe,channel_initial-e200-x20-i3-t3,both,678,662,240,275,236,-0.016594599856294967,-0.48707602376217346,-0.14694698220438518,4,0,13412,8498,4914,0
Whole universe,channel_initial-e200-x20-i3-t3,long,678,662,415,460,411,0.009953580773873982,-0.3191410544559923,0.09420608412841747,15,0,9304,6038,3266,0
Whole universe,channel_initial-e200-x20-i3-t3,short,678,662,90,102,89,-0.029613492955745557,-0.3771706446010814,-0.24371327863775993,177,0,4109,2460,1649,0
Whole universe,channel_initial-e200-x55-i2-t3,both,678,662,266,303,263,-0.013291121119023752,-0.5116284849062007,-0.10806696128109666,7,0,11656,3278,8378,0
Whole universe,channel_initial-e200-x55-i2-t3,long,678,662,438,461,435,0.01827332400806736,-0.3403522670239631,0.18791580968056132,22,0,7599,2487,5112,0
Whole universe,channel_initial-e200-x55-i2-t3,short,678,662,67,72,66,-0.03193962611520523,-0.3800143094587533,-0.2569436785266738,183,0,4054,793,3261,0
Whole universe,channel_initial-e200-x55-i3-t3,both,678,662,267,290,264,-0.015836989450301264,-0.5432351467499337,-0.13375427489286795,10,0,9779,4028,5751,0
Whole universe,channel_initial-e200-x55-i3-t3,long,678,662,456,467,453,0.020903921316053342,-0.3460588526919395,0.19959762371570877,28,0,6211,2934,3277,0
Whole universe,channel_initial-e200-x55-i3-t3,short,678,662,61,67,60,-0.03889518324523783,-0.42504755111998227,-0.30720742448317584,237,0,3565,1099,2466,0
Whole universe,initial_trailing-e10-x20-i2-t3,both,678,662,86,184,86,-0.08318003693654286,-0.7328736017019081,-0.570276319106363,0,1,79757,0,24453,55304
Whole universe,initial_trailing-e10-x20-i2-t3,long,678,662,429,536,404,0.015909684762610232,-0.43656599141167585,0.206682755166247,1,0,43105,0,11779,31326
Whole universe,initial_trailing-e10-x20-i2-t3,short,678,662,15,26,10,-0.09991119780980473,-0.6857561307608135,-0.6544025747044603,1,1,40897,0,13711,27186
Whole universe,initial_trailing-e10-x20-i2-t4,both,678,662,153,234,141,-0.06728846645471814,-0.7173477527978775,-0.4642215093901778,0,1,60584,0,28305,32279
Whole universe,initial_trailing-e10-x20-i2-t4,long,678,662,502,570,481,0.03207040923929316,-0.4593082217756643,0.41506857358105453,1,0,34372,0,14109,20263
Whole universe,initial_trailing-e10-x20-i2-t4,short,678,662,16,28,11,-0.10811346313845444,-0.7238754060822287,-0.6815265036168494,1,1,35708,0,18649,17059
Whole universe,initial_trailing-e10-x20-i3-t3,both,678,662,88,185,81,-0.08325436845267564,-0.728622382469631,-0.5557479766957686,0,1,75329,0,902,74427
Whole universe,initial_trailing-e10-x20-i3-t3,long,678,662,462,543,441,0.020503157514311976,-0.434697605706569,0.26686383750488896,1,0,41112,0,430,40682
Whole universe,initial_trailing-e10-x20-i3-t3,short,678,662,19,27,11,-0.1027969933069301,-0.7016647033665289,-0.6665919633713504,1,1,39204,0,479,38725
Whole universe,initial_trailing-e10-x20-i3-t4,both,678,662,164,232,152,-0.06458530131688234,-0.7175522261438112,-0.45995368043599466,0,1,52384,0,11080,41304
Whole universe,initial_trailing-e10-x20-i3-t4,long,678,662,532,579,525,0.04165724692485828,-0.46132675747388646,0.5430856062562366,1,0,30787,0,5357,25430
Whole universe,initial_trailing-e10-x20-i3-t4,short,678,662,15,26,15,-0.11656663767195008,-0.7412221063470474,-0.7024655128126395,1,1,32241,0,7764,24477
Whole universe,initial_trailing-e20-x20-i2-t3,both,678,662,92,187,95,-0.06422408635213045,-0.6651392449083071,-0.4661713353581422,0,1,61095,0,18554,42541
Whole universe,initial_trailing-e20-x20-i2-t3,long,678,662,409,500,387,0.01063222069475711,-0.3978247201643832,0.11332398461373305,1,0,33529,0,9063,24466
Whole universe,initial_trailing-e20-x20-i2-t3,short,678,662,17,36,19,-0.075698068136126,-0.6002694651934507,-0.5467872900372549,1,1,27757,0,9532,18225
Whole universe,initial_trailing-e20-x20-i2-t4,both,678,662,141,219,134,-0.05996086338059703,-0.6784934082868845,-0.4493607681169118,1,3,50938,0,23780,27158
Whole universe,initial_trailing-e20-x20-i2-t4,long,678,662,473,528,463,0.022064138558516966,-0.41538110319430427,0.28189312741790007,1,0,27452,0,11222,16230
Whole universe,initial_trailing-e20-x20-i2-t4,short,678,662,21,32,20,-0.0842691229946711,-0.6270867902112549,-0.5779473328419825,1,3,24817,0,13150,11667
Whole universe,initial_trailing-e20-x20-i3-t3,both,678,662,97,184,87,-0.06338963296895589,-0.6622256057479948,-0.4831957220551811,0,1,58520,0,799,57721
Whole universe,initial_trailing-e20-x20-i3-t3,long,678,662,428,506,410,0.014884987850920295,-0.3978678863167839,0.15783011932416557,1,0,32086,0,376,31710
Whole universe,initial_trailing-e20-x20-i3-t3,short,678,662,19,34,17,-0.0781978340202541,-0.6196121475873959,-0.5631917412661058,1,1,26690,0,427,26263
Whole universe,initial_trailing-e20-x20-i3-t4,both,678,662,161,232,151,-0.05545925400120033,-0.6747897018470749,-0.41249569502971045,0,3,45683,0,9491,36192
Whole universe,initial_trailing-e20-x20-i3-t4,long,678,662,491,544,492,0.02911656837743437,-0.4237756749082487,0.35627484039613855,1,0,24822,0,4279,20543
Whole universe,initial_trailing-e20-x20-i3-t4,short,678,662,21,28,20,-0.08704529669269362,-0.6599576342047795,-0.6012566049376753,1,3,22630,0,5587,17043
Whole universe,initial_trailing-e55-x20-i2-t3,both,678,662,100,180,105,-0.043520887297640254,-0.5553531005687564,-0.37018093439703015,0,1,37267,0,11325,25942
Whole universe,initial_trailing-e55-x20-i2-t3,long,678,662,313,390,315,-0.0018835654946507963,-0.3428156953056003,-0.023979587416381676,1,0,23197,0,6497,16700
Whole universe,initial_trailing-e55-x20-i2-t3,short,678,662,36,65,46,-0.044769214098649035,-0.45508000629582057,-0.356608617299155,3,1,14096,0,4836,9260
Whole universe,initial_trailing-e55-x20-i2-t4,both,678,662,142,209,155,-0.04142996324597453,-0.5680587114384057,-0.3429806887839654,1,1,31828,0,14888,16940
Whole universe,initial_trailing-e55-x20-i2-t4,long,678,662,367,417,368,0.007142107908359896,-0.3628968021082665,0.05454744649640719,3,0,19120,0,8152,10968
Whole universe,initial_trailing-e55-x20-i2-t4,short,678,662,32,52,31,-0.04807863932687667,-0.4804580608718125,-0.3820761587561806,4,1,12728,0,6743,5985
Whole universe,initial_trailing-e55-x20-i3-t3,both,678,662,119,179,123,-0.045181086624487554,-0.5677608211035632,-0.36640066859304704,0,1,35720,0,522,35198
Whole universe,initial_trailing-e55-x20-i3-t3,long,678,662,335,400,334,0.0006462056640108571,-0.35183073821450056,0.0,1,0,22150,0,281,21869
Whole universe,initial_trailing-e55-x20-i3-t3,short,678,662,36,59,39,-0.04709687250678368,-0.47907591094827545,-0.37781398896660096,3,1,13599,0,242,13357
Whole universe,initial_trailing-e55-x20-i3-t4,both,678,662,161,219,163,-0.04117103105338388,-0.5941477975251153,-0.36235513008550413,0,2,28915,0,6008,22907
Whole universe,initial_trailing-e55-x20-i3-t4,long,678,662,388,444,390,0.01071567042764332,-0.3702967938280046,0.08151090566657193,3,0,17269,0,3127,14142
Whole universe,initial_trailing-e55-x20-i3-t4,short,678,662,26,44,33,-0.051413575761494024,-0.512500835445779,-0.4012620504571102,5,2,11686,0,2887,8799
Whole universe,initial_trailing-e200-x20-i2-t3,both,678,662,200,274,197,-0.018919084170147538,-0.4107027199619633,-0.147563392222598,2,1,19801,0,5900,13901
Whole universe,initial_trailing-e200-x20-i2-t3,long,678,662,315,383,312,-0.0018950718259115318,-0.2662895572824365,-0.011154734063648808,10,0,14715,0,4237,10478
Whole universe,initial_trailing-e200-x20-i2-t3,short,678,662,145,169,143,-0.018659799386687714,-0.2890575993941532,-0.15267964622638325,103,1,5104,0,1669,3435
Whole universe,initial_trailing-e200-x20-i2-t4,both,678,662,224,272,220,-0.017477680977160515,-0.437995398393295,-0.14359759540826061,4,1,16741,0,7597,9144
Whole universe,initial_trailing-e200-x20-i2-t4,long,678,662,372,414,368,0.0037722049457623585,-0.29232967581113356,0.03215735938113096,11,0,12126,0,5245,6881
Whole universe,initial_trailing-e200-x20-i2-t4,short,678,662,111,136,109,-0.02044934648536434,-0.31632402147971006,-0.17797720455919408,133,1,4629,0,2358,2271
Whole universe,initial_trailing-e200-x20-i3-t3,both,678,662,206,281,202,-0.01867453814942477,-0.4202010506573836,-0.1500102318224289,3,1,18897,0,272,18625
Whole universe,initial_trailing-e200-x20-i3-t3,long,678,662,342,408,338,0.0007274246992247102,-0.2658508257554173,0.002956971648430895,10,0,13999,0,190,13809
Whole universe,initial_trailing-e200-x20-i3-t3,short,678,662,139,171,137,-0.018634664779418275,-0.299394764105207,-0.15705453898743071,107,1,4916,0,83,4833
Whole universe,initial_trailing-e200-x20-i3-t4,both,678,662,229,286,225,-0.01570386800765472,-0.45316960678455703,-0.13679553106415887,5,2,15128,0,3041,12087
Whole universe,initial_trailing-e200-x20-i3-t4,long,678,662,394,439,390,0.005760721488484832,-0.29393008964107936,0.04901122968738336,11,0,10878,0,2035,8843
Whole universe,initial_trailing-e200-x20-i3-t4,short,678,662,112,127,110,-0.02242004073729892,-0.33260490851386976,-0.19305210122292565,162,2,4274,0,1011,3263
Whole universe,all-e10-x10-i2-t3,both,678,662,85,178,80,-0.08442068521681478,-0.721183487068118,-0.5725280145834389,0,0,83210,14900,23592,44718
Whole universe,all-e10-x10-i2-t3,long,678,662,416,534,398,0.012760441602338135,-0.43446046503520985,0.18316027502106746,1,0,44973,8457,11252,25264
Whole universe,all-e10-x10-i2-t3,short,678,662,12,32,11,-0.09688174893849949,-0.6775468902036891,-0.6441345322035614,1,0,42080,7535,12940,21605
Whole universe,all-e10-x10-i2-t4,both,678,662,97,199,90,-0.07692943273831293,-0.7227462742214843,-0.5396707694728181,0,0,72727,30413,27926,14388
Whole universe,all-e10-x10-i2-t4,long,678,662,452,557,443,0.01990611825337185,-0.449258334682407,0.2609661548657498,1,0,40690,18087,13587,9016
Whole universe,all-e10-x10-i2-t4,short,678,662,7,26,9,-0.10415126183600232,-0.7103376098822138,-0.6670925738231066,1,0,39570,16050,16691,6829
Whole universe,all-e10-x10-i3-t3,both,678,662,79,171,69,-0.08418133578039616,-0.7263848242968264,-0.563125512320419,0,0,79417,18447,820,60150
Whole universe,all-e10-x10-i3-t3,long,678,662,445,546,426,0.016748753185766407,-0.4337551883062588,0.21800564845201242,1,0,43353,10336,376,32641
Whole universe,all-e10-x10-i3-t3,short,678,662,14,27,13,-0.10160907671031622,-0.6925406582875572,-0.6603774592485937,1,0,40731,9843,414,30474
Whole universe,all-e10-x10-i3-t4,both,678,662,104,187,101,-0.07406055861287808,-0.7211542167392115,-0.5281264520471297,0,0,66267,39006,8533,18728
Whole universe,all-e10-x10-i3-t4,long,678,662,486,580,474,0.026171013622482864,-0.44093446051795887,0.3135433464008883,1,0,38239,23053,3903,11283
Whole universe,all-e10-x10-i3-t4,short,678,662,8,25,10,-0.10675586308315665,-0.7254054092778908,-0.6819807984210219,1,0,37353,22454,5059,9840
Whole universe,all-e10-x20-i2-t3,both,678,662,84,184,85,-0.08349276810091344,-0.7295164773796534,-0.5683764324285769,0,1,79918,935,24337,54646
Whole universe,all-e10-x20-i2-t3,long,678,662,429,535,400,0.015818288869418384,-0.4392048863339261,0.18913038124032977,1,0,43219,573,11693,30953
Whole universe,all-e10-x20-i2-t3,short,678,662,15,28,10,-0.10005624831883891,-0.6861414953903706,-0.6557296266258548,1,1,40975,641,13534,26800
Whole universe,all-e10-x20-i2-t4,both,678,662,146,229,135,-0.06691852278262211,-0.7161093090381306,-0.4641440974604345,0,1,62129,6144,28301,27684
Whole universe,all-e10-x20-i2-t4,long,678,662,496,562,475,0.03026254784189686,-0.4574645773030911,0.38616324114760836,1,0,35298,3725,14084,17489
Whole universe,all-e10-x20-i2-t4,short,678,662,16,28,12,-0.10765030709264517,-0.7218503778983152,-0.6806383063746788,1,1,36304,3719,18302,14283
Whole universe,all-e10-x20-i3-t3,both,678,662,87,183,80,-0.08267587677755295,-0.732656812370416,-0.5604816539335982,0,1,75590,1599,833,73158
Whole universe,all-e10-x20-i3-t3,long,678,662,460,541,441,0.01950653930971602,-0.43523284491532194,0.2642549782952588,1,0,41317,1042,377,39898
Whole universe,all-e10-x20-i3-t3,short,678,662,19,28,12,-0.10356910182624435,-0.7040654140219404,-0.6658777311222247,1,1,39383,1433,422,37528
Whole universe,all-e10-x20-i3-t4,both,678,662,156,223,147,-0.06485685236559219,-0.7149199363420384,-0.47139870014319696,0,1,54252,8337,10477,35438
Whole universe,all-e10-x20-i3-t4,long,678,662,519,576,508,0.0389296986183848,-0.4581348271250233,0.4951794075962699,1,0,32064,5557,4762,21745
Whole universe,all-e10-x20-i3-t4,short,678,662,14,25,13,-0.11427159784870172,-0.7419213160666378,-0.6988955166353057,1,1,33240,6624,6475,20141
Whole universe,all-e10-x55-i2-t3,both,678,662,82,169,86,-0.08318003693654308,-0.7324216640514918,-0.5820945281237802,0,1,79234,67,24370,54797
Whole universe,all-e10-x55-i2-t3,long,678,662,401,513,404,0.01588388033408994,-0.43656599141167596,0.13328409392571727,1,0,42685,56,11748,30881
Whole universe,all-e10-x55-i2-t3,short,678,662,15,26,10,-0.09961822551766347,-0.6857561307608135,-0.6531857863906145,1,1,40734,138,13566,27030
Whole universe,all-e10-x55-i2-t4,both,678,662,132,223,140,-0.06690467199532452,-0.7187917667069766,-0.4987903001500838,0,1,60370,60,28369,31941
Whole universe,all-e10-x55-i2-t4,long,678,662,471,552,480,0.03207040923929305,-0.4593082217756649,0.33701266657379847,1,0,34133,70,14154,19909
Whole universe,all-e10-x55-i2-t4,short,678,662,14,30,11,-0.10812435170000145,-0.7228852986472799,-0.6801599731659247,1,1,35576,192,18422,16962
Whole universe,all-e10-x55-i3-t3,both,678,662,77,157,80,-0.08306786556315171,-0.7286223824696306,-0.5808431763432731,0,1,74841,257,870,73714
Whole universe,all-e10-x55-i3-t3,long,678,662,433,521,439,0.01981865507391023,-0.43122173329740493,0.18179076547986628,1,0,40739,228,410,40101
Whole universe,all-e10-x55-i3-t3,short,678,662,17,27,12,-0.1024841666480753,-0.7030591787488742,-0.6646410327076928,1,1,39091,541,439,38111
Whole universe,all-e10-x55-i3-t4,both,678,662,146,211,153,-0.06447771861991752,-0.717088941917646,-0.5058678494042661,0,1,52205,256,11009,40940
Whole universe,all-e10-x55-i3-t4,long,678,662,511,570,522,0.0414967932797945,-0.4597702626021347,0.4428075654330429,1,0,30681,639,5077,24965
Whole universe,all-e10-x55-i3-t4,short,678,662,17,27,14,-0.11620600481648519,-0.7421116942884327,-0.7015005571285962,1,1,32305,1432,6959,23914
Whole universe,all-e20-x10-i2-t3,both,678,662,86,186,80,-0.06587157510367853,-0.6619081886690937,-0.48911471955577485,0,0,63172,11013,17919,34240
Whole universe,all-e20-x10-i2-t3,long,678,662,394,486,384,0.008722687278255759,-0.40146936886015766,0.1051313732104685,1,0,34852,6138,8768,19946
Whole universe,all-e20-x10-i2-t3,short,678,662,15,39,17,-0.07334893934750125,-0.5942399737653015,-0.5385998879222775,1,0,28434,4912,9145,14377
Whole universe,all-e20-x10-i2-t4,both,678,662,102,198,102,-0.06457317404501628,-0.6767647764417626,-0.4807225026846393,1,1,58201,24060,22444,11697
Whole universe,all-e20-x10-i2-t4,long,678,662,427,506,422,0.016246138366534546,-0.4014963030061986,0.20028195597339593,1,0,31778,13662,10781,7335
Whole universe,all-e20-x10-i2-t4,short,678,662,13,30,16,-0.07981986710637295,-0.6167646382430085,-0.5635437329988756,1,1,27014,10659,11857,4498
Whole universe,all-e20-x10-i3-t3,both,678,662,81,176,79,-0.06510371765937845,-0.6564313963234125,-0.4942373089578965,0,0,60945,13597,738,46610
Whole universe,all-e20-x10-i3-t3,long,678,662,422,507,406,0.012385892962439304,-0.3970261071320163,0.13214403819165998,1,0,33590,7453,345,25792
Whole universe,all-e20-x10-i3-t3,short,678,662,16,28,17,-0.07661385267534188,-0.6052688975753203,-0.5514961136991924,1,0,27532,6211,396,20925
Whole universe,all-e20-x10-i3-t4,both,678,662,102,173,92,-0.06450612532186106,-0.6747167140024736,-0.4658432410246025,0,1,54593,31745,7080,15768
Whole universe,all-e20-x10-i3-t4,long,678,662,455,542,449,0.019899228836831484,-0.4057416808430817,0.22725650869432024,1,0,29901,17433,3193,9275
Whole universe,all-e20-x10-i3-t4,short,678,662,11,25,15,-0.08281330866201464,-0.6404685446087255,-0.5860157899719435,1,1,25539,14867,3965,6707
Whole universe,all-e20-x20-i2-t3,both,678,662,93,186,95,-0.06501362650448073,-0.6638482617853173,-0.47592440242903694,0,1,61198,650,18510,42038
Whole universe,all-e20-x20-i2-t3,long,678,662,409,498,387,0.010609956399892262,-0.397468616566152,0.11202550585201831,1,0,33593,365,9044,24184
Whole universe,all-e20-x20-i2-t3,short,678,662,17,36,19,-0.075698068136126,-0.6015851971766387,-0.5456030746592104,1,1,27786,293,9504,17989
Whole universe,all-e20-x20-i2-t4,both,678,662,139,220,123,-0.058641802234327356,-0.6797815362803378,-0.45327147414821883,1,3,52043,4990,23717,23336
Whole universe,all-e20-x20-i2-t4,long,678,662,458,517,453,0.020927047843142477,-0.41323875668324145,0.24595569713596754,1,0,28078,2799,11212,14067
Whole universe,all-e20-x20-i2-t4,short,678,662,19,34,22,-0.08263848173481952,-0.6305871149182108,-0.5756128215019066,1,3,25124,2333,13010,9781
Whole universe,all-e20-x20-i3-t3,both,678,662,98,187,87,-0.06338963296895594,-0.6625160839588813,-0.4877407734106245,0,1,58655,949,760,56946
Whole universe,all-e20-x20-i3-t3,long,678,662,429,506,411,0.014546936328331816,-0.3978678863167838,0.1565805199552539,1,0,32165,509,354,31302
Whole universe,all-e20-x20-i3-t3,short,678,662,19,34,16,-0.07880630350452411,-0.6187454219359543,-0.5631917412661058,1,1,26727,464,407,25856
Whole universe,all-e20-x20-i3-t4,both,678,662,149,219,145,-0.05658421089106358,-0.6760844213907318,-0.4272375349747511,0,3,47084,6983,9066,31035
Whole universe,all-e20-x20-i3-t4,long,678,662,482,551,484,0.028581653842893684,-0.4185917686592557,0.3437185671768481,1,0,25572,3752,4082,17738
Whole universe,all-e20-x20-i3-t4,short,678,662,22,32,23,-0.08723005249684013,-0.6543707428919316,-0.6049481380770705,1,3,23076,3660,5190,14226
Whole universe,all-e20-x55-i2-t3,both,678,662,78,169,95,-0.0642240863521305,-0.6651392449083072,-0.488573453642758,0,1,60623,23,18501,42099
Whole universe,all-e20-x55-i2-t3,long,678,662,387,484,387,0.01063222069475711,-0.39782472016438386,0.07000831649821015,1,0,33128,11,9052,24065
Whole universe,all-e20-x55-i2-t3,short,678,662,16,36,19,-0.07561691170725066,-0.6002694651934507,-0.5449018688295829,1,1,27681,17,9489,18175
Whole universe,all-e20-x55-i2-t4,both,678,662,127,203,134,-0.059960863380597196,-0.6784934082868845,-0.45599591131676215,1,3,50652,28,23802,26822
Whole universe,all-e20-x55-i2-t4,long,678,662,462,520,463,0.022064138558517077,-0.4150000601339212,0.21031779825071695,1,0,27193,16,11278,15899
Whole universe,all-e20-x55-i2-t4,short,678,662,18,30,20,-0.0842691229946711,-0.6270867902112549,-0.5759591752806663,1,3,24746,24,13086,11636
Whole universe,all-e20-x55-i3-t3,both,678,662,81,168,87,-0.06316316936032301,-0.6611401667258829,-0.4975669668064568,0,1,58069,64,784,57221
Whole universe,all-e20-x55-i3-t3,long,678,662,410,498,411,0.014884987850920295,-0.39660100509721186,0.11767676797985416,1,0,31704,34,367,31303
Whole universe,all-e20-x55-i3-t3,short,678,662,19,33,17,-0.0780318526724515,-0.6187986986891862,-0.5621746047063992,1,1,26616,41,420,26155
Whole universe,all-e20-x55-i3-t4,both,678,662,146,204,149,-0.05567626189100733,-0.6749158862675518,-0.45482203689469647,0,3,45417,88,9476,35853
Whole universe,all-e20-x55-i3-t4,long,678,662,481,533,492,0.029499171299790183,-0.4237756749082486,0.29825221549806313,1,0,24583,71,4282,20230
Whole universe,all-e20-x55-i3-t4,short,678,662,19,28,20,-0.08683168752402015,-0.6595405545726923,-0.5978672863410197,1,3,22571,137,5476,16958
Whole universe,all-e55-x10-i2-t3,both,678,662,102,176,107,-0.04542552173577147,-0.553009146619282,-0.36975677163903975,0,1,38372,6234,10949,21189
Whole universe,all-e55-x10-i2-t3,long,678,662,297,380,308,-0.002706503983073094,-0.3418027151350552,-0.03182786537859944,1,0,23981,3785,6312,13884
Whole universe,all-e55-x10-i2-t3,short,678,662,34,69,39,-0.043536628607444894,-0.4508229605436312,-0.3567845555027351,3,1,14418,2452,4646,7320
Whole universe,all-e55-x10-i2-t4,both,678,662,119,184,122,-0.04338882838993052,-0.5612313854280496,-0.3589167001647241,1,1,35548,13998,13936,7614
Whole universe,all-e55-x10-i2-t4,long,678,662,335,407,338,0.0009074570858643716,-0.3509952756317472,0.0,1,0,21814,8734,7854,5226
Whole universe,all-e55-x10-i2-t4,short,678,662,28,60,28,-0.04674543906118672,-0.47450330054888284,-0.36922158946933326,3,1,13760,5276,6092,2392
Whole universe,all-e55-x10-i3-t3,both,678,662,113,179,120,-0.04739401607276533,-0.5660349810500077,-0.3821357664390445,0,1,37018,7607,493,28918
Whole universe,all-e55-x10-i3-t3,long,678,662,322,395,324,-0.0009022172446612742,-0.3485629729122562,-0.013241303869723386,1,0,23050,4551,266,18233
Whole universe,all-e55-x10-i3-t3,short,678,662,32,58,36,-0.04637575209995043,-0.472671682026467,-0.37570455541345454,3,1,13996,3061,228,10707
Whole universe,all-e55-x10-i3-t4,both,678,662,115,184,124,-0.04554599112757712,-0.5810179049082123,-0.37947874148906185,0,2,33443,18578,4583,10282
Whole universe,all-e55-x10-i3-t4,long,678,662,347,427,370,0.004662873233480136,-0.3588121602905235,0.02239013789355726,1,0,20431,11204,2480,6747
Whole universe,all-e55-x10-i3-t4,short,678,662,25,53,31,-0.05085546320427636,-0.5008909138429205,-0.40079830839399405,3,2,13061,7403,2110,3548
Whole universe,all-e55-x20-i2-t3,both,678,662,102,179,106,-0.043589356597415085,-0.5547523349633007,-0.3710480794286248,0,1,37315,358,11299,25658
Whole universe,all-e55-x20-i2-t3,long,678,662,312,390,315,-0.001880804363706634,-0.34380945270751195,-0.025754048842255628,1,0,23229,197,6484,16548
Whole universe,all-e55-x20-i2-t3,short,678,662,36,64,45,-0.044769214098649035,-0.4557525461423047,-0.3593859058457051,3,1,14112,161,4823,9128
Whole universe,all-e55-x20-i2-t4,both,678,662,137,210,146,-0.03973363864860824,-0.5753782343792763,-0.3481809511754665,1,1,32327,2924,14769,14634
Whole universe,all-e55-x20-i2-t4,long,678,662,365,425,364,0.0065863178445094706,-0.3575078600393144,0.04768928841406739,3,0,19468,1704,8125,9639
Whole universe,all-e55-x20-i2-t4,short,678,662,29,53,29,-0.04813917209924978,-0.4803414457456649,-0.3831984656679262,3,1,12879,1225,6649,5005
Whole universe,all-e55-x20-i3-t3,both,678,662,119,178,123,-0.045181086624487554,-0.5675600586332318,-0.3696424858865454,0,1,35777,477,502,34798
Whole universe,all-e55-x20-i3-t3,long,678,662,333,400,334,0.0006225912617939811,-0.3508391068012289,-0.00033783280053356624,1,0,22188,262,270,21656
Whole universe,all-e55-x20-i3-t3,short,678,662,35,61,39,-0.04709687250678368,-0.4783821922008838,-0.3768021494024384,3,1,13617,215,233,13169
Whole universe,all-e55-x20-i3-t4,both,678,662,156,214,159,-0.04165716707141576,-0.5916292630437736,-0.3464838744049381,0,2,29548,4007,5796,19745
Whole universe,all-e55-x20-i3-t4,long,678,662,387,439,393,0.009314483203481161,-0.37106231921096444,0.07897925900730696,3,0,17699,2246,3054,12399
Whole universe,all-e55-x20-i3-t4,short,678,662,24,47,29,-0.051459878475574206,-0.511091976751936,-0.4025765307672517,3,2,11889,1769,2748,7372
Whole universe,all-e55-x55-i2-t3,both,678,662,100,180,105,-0.043520887297640254,-0.5553531005687564,-0.37018093439703015,0,1,37267,3,11323,25941
Whole universe,all-e55-x55-i2-t3,long,678,662,313,390,315,-0.0018835654946507963,-0.3428156953056003,-0.023979587416381676,1,0,23197,2,6496,16699
Whole universe,all-e55-x55-i2-t3,short,678,662,36,65,46,-0.044769214098649035,-0.45508000629582057,-0.356608617299155,3,1,14096,1,4835,9260
Whole universe,all-e55-x55-i2-t4,both,678,662,142,209,155,-0.04142996324597453,-0.5680587114384057,-0.3429806887839654,1,1,31828,7,14886,16935
Whole universe,all-e55-x55-i2-t4,long,678,662,368,417,368,0.007142107908359896,-0.3628968021082665,0.05454744649640719,3,0,19120,4,8151,10965
Whole universe,all-e55-x55-i2-t4,short,678,662,32,53,31,-0.04807863932687667,-0.4804580608718125,-0.3820761587561806,4,1,12728,3,6742,5983
Whole universe,all-e55-x55-i3-t3,both,678,662,119,179,123,-0.045181086624487554,-0.5677608211035632,-0.36640066859304704,0,1,35721,8,520,35193
Whole universe,all-e55-x55-i3-t3,long,678,662,335,400,334,0.0006462056640108571,-0.35183073821450056,0.0,1,0,22150,4,280,21866
Whole universe,all-e55-x55-i3-t3,short,678,662,36,60,39,-0.04709687250678368,-0.47907591094827545,-0.37781398896660096,3,1,13599,4,241,13354
Whole universe,all-e55-x55-i3-t4,both,678,662,161,219,163,-0.04117103105338388,-0.5941477975251153,-0.36235513008550413,0,2,28917,17,6004,22896
Whole universe,all-e55-x55-i3-t4,long,678,662,388,444,390,0.01071567042764332,-0.3702967938280046,0.08151090566657193,3,0,17270,10,3124,14136
Whole universe,all-e55-x55-i3-t4,short,678,662,26,45,33,-0.051413575761494024,-0.512500835445779,-0.4012096354231026,5,2,11686,7,2885,8794
Whole universe,all-e200-x10-i2-t3,both,678,662,196,273,193,-0.01872576471919063,-0.4096264334454089,-0.1467888369612969,2,1,20375,3022,5754,11599
Whole universe,all-e200-x10-i2-t3,long,678,662,307,376,304,-0.003040051345724215,-0.2693244729939017,-0.02582304359943055,10,0,15190,2184,4144,8862
Whole universe,all-e200-x10-i2-t3,short,678,662,143,173,141,-0.017162128905279073,-0.2871333218365651,-0.14374385170637027,98,1,5203,839,1616,2748
Whole universe,all-e200-x10-i2-t4,both,678,662,201,260,197,-0.018661841625734477,-0.4300844969773352,-0.1622836898500813,3,1,18709,7037,7224,4448
Whole universe,all-e200-x10-i2-t4,long,678,662,338,403,334,0.0001766881462175185,-0.2784984317064782,0.0,11,0,13746,5170,5105,3471
Whole universe,all-e200-x10-i2-t4,short,678,662,112,139,110,-0.02025796189817214,-0.31560654681050737,-0.17340107220956186,110,1,4981,1873,2128,980
Whole universe,all-e200-x10-i3-t3,both,678,662,203,283,199,-0.017965558609798704,-0.4126255586587124,-0.14930442041656855,3,1,19581,3738,264,15579
Whole universe,all-e200-x10-i3-t3,long,678,662,330,396,326,-0.0006475292166517876,-0.26461990240473476,-0.0003273657716054701,10,0,14559,2669,185,11705
Whole universe,all-e200-x10-i3-t3,short,678,662,141,174,139,-0.01862346007325133,-0.29439889885631204,-0.1520658088234974,101,1,5040,1070,80,3890
Whole universe,all-e200-x10-i3-t4,both,678,662,209,272,205,-0.01944370177513216,-0.43838065468002324,-0.1600596175933886,3,2,17509,9287,2382,5840
Whole universe,all-e200-x10-i3-t4,long,678,662,359,423,355,0.002905164094542334,-0.2829596976359887,0.02046936652448772,11,0,12808,6679,1660,4469
Whole universe,all-e200-x10-i3-t4,short,678,662,109,131,107,-0.022230105068956674,-0.32775751434961936,-0.1870809467126437,122,2,4730,2622,727,1381
Whole universe,all-e200-x20-i2-t3,both,678,662,198,274,195,-0.018733890111282236,-0.4107027199619633,-0.146634194852993,2,1,19826,161,5891,13774
Whole universe,all-e200-x20-i2-t3,long,678,662,318,384,315,-0.001675076049548585,-0.2660290652788571,-0.011305965858096623,10,0,14733,115,4229,10389
Whole universe,all-e200-x20-i2-t3,short,678,662,143,168,141,-0.01849426441988611,-0.2890575993941532,-0.15269923118910428,103,1,5111,46,1668,3397
Whole universe,all-e200-x20-i2-t4,both,678,662,220,279,216,-0.017494630155584112,-0.4379682434150053,-0.15091481669784795,4,1,17013,1387,7577,8049
Whole universe,all-e200-x20-i2-t4,long,678,662,365,418,361,0.002863389495326163,-0.2917583563698606,0.02463490427924364,11,0,12333,950,5243,6140
Whole universe,all-e200-x20-i2-t4,short,678,662,105,129,103,-0.021579129887027537,-0.3169051797939322,-0.17918527705248316,130,1,4695,439,2340,1916
Whole universe,all-e200-x20-i3-t3,both,678,662,208,281,204,-0.018219685629856874,-0.4207956962063494,-0.14653777078343982,3,1,18927,209,265,18453
Whole universe,all-e200-x20-i3-t3,long,678,662,343,408,339,0.0007227488868193355,-0.2664326247637732,0.0030198525935708487,10,0,14021,142,184,13695
Whole universe,all-e200-x20-i3-t3,short,678,662,136,170,134,-0.018831376350045226,-0.2994868742618307,-0.15766321180536425,107,1,4924,67,82,4775
Whole universe,all-e200-x20-i3-t4,both,678,662,225,285,221,-0.015489260182790454,-0.4515318578932335,-0.13229357734251818,4,2,15462,1909,2946,10607
Whole universe,all-e200-x20-i3-t4,long,678,662,389,439,385,0.005394661097721576,-0.2920192883271422,0.049778806054916025,11,0,11139,1271,2008,7860
Whole universe,all-e200-x20-i3-t4,short,678,662,112,127,110,-0.023096737618490237,-0.3329200555705717,-0.19515309454236124,158,2,4348,642,943,2763
Whole universe,all-e200-x55-i2-t3,both,678,662,200,274,197,-0.018919084170147538,-0.4107027199619633,-0.147563392222598,2,1,19801,1,5900,13900
Whole universe,all-e200-x55-i2-t3,long,678,662,315,383,312,-0.0018950718259115318,-0.2662895572824365,-0.011154734063648808,10,0,14715,1,4237,10477
Whole universe,all-e200-x55-i2-t3,short,678,662,145,169,143,-0.018659799386687714,-0.2890575993941532,-0.15267964622638325,103,1,5104,0,1669,3435
Whole universe,all-e200-x55-i2-t4,both,678,662,224,272,220,-0.017477680977160515,-0.437995398393295,-0.14359759540826061,4,1,16741,4,7597,9140
Whole universe,all-e200-x55-i2-t4,long,678,662,372,414,368,0.0037722049457623585,-0.29232967581113356,0.03215735938113096,11,0,12126,2,5245,6879
Whole universe,all-e200-x55-i2-t4,short,678,662,111,136,109,-0.02044934648536434,-0.31632402147971006,-0.17797720455919408,133,1,4629,2,2358,2269
Whole universe,all-e200-x55-i3-t3,both,678,662,206,281,202,-0.01867453814942477,-0.4202010506573836,-0.1500102318224289,3,1,18897,3,272,18622
Whole universe,all-e200-x55-i3-t3,long,678,662,343,408,339,0.0007358951885402254,-0.2658508257554173,0.003756646026990218,10,0,13999,2,190,13807
Whole universe,all-e200-x55-i3-t3,short,678,662,139,171,137,-0.018634664779418275,-0.299394764105207,-0.15705453898743071,107,1,4916,1,83,4832
Whole universe,all-e200-x55-i3-t4,both,678,662,229,286,225,-0.01570386800765472,-0.45316960678455703,-0.13679553106415887,5,2,15129,8,3039,12082
Whole universe,all-e200-x55-i3-t4,long,678,662,394,439,390,0.005760721488484832,-0.29393008964107936,0.04901122968738336,11,0,10878,4,2033,8841
Whole universe,all-e200-x55-i3-t4,short,678,662,112,127,110,-0.022547385902951467,-0.33260490851386976,-0.19366411235625725,162,2,4275,4,1011,3260
Watchlist ETFs & crypto,channel-e10-x10-i2-t3,both,21,21,2,4,2,-0.04383334300694108,-0.5879678656825942,-0.39214747224941926,0,0,1921,1921,0,0
Watchlist ETFs & crypto,channel-e10-x10-i2-t3,long,21,21,20,21,18,0.03624708985888003,-0.3071717031191651,0.46305176520809743,0,0,1168,1168,0,0
Watchlist ETFs & crypto,channel-e10-x10-i2-t3,short,21,21,0,0,0,-0.09396677451488689,-0.6439951552275722,-0.6532437821153538,0,0,1157,1157,0,0
Watchlist ETFs & crypto,channel-e10-x20-i2-t3,both,21,21,6,9,7,-0.023121451957732297,-0.52197020017409,-0.2320046274760149,0,0,1132,1132,0,0
Watchlist ETFs & crypto,channel-e10-x20-i2-t3,long,21,21,21,21,21,0.043411207122738826,-0.3463432054597204,0.5218781939533563,0,0,800,800,0,0
Watchlist ETFs & crypto,channel-e10-x20-i2-t3,short,21,21,0,0,0,-0.0923045053532967,-0.6432878143265666,-0.6485537463288081,0,0,916,916,0,0
Watchlist ETFs & crypto,channel-e10-x55-i2-t3,both,21,21,12,12,13,0.0075785858348524915,-0.49066851842727666,0.1106427255636544,0,0,450,450,0,0
Watchlist ETFs & crypto,channel-e10-x55-i2-t3,long,21,21,20,21,20,0.07918077418638059,-0.381676766699766,1.1178166081422396,0,0,361,361,0,0
Watchlist ETFs & crypto,channel-e10-x55-i2-t3,short,21,21,0,0,0,-0.10886585104421209,-0.6863335823368657,-0.6874641790091718,0,0,667,667,0,0
Watchlist ETFs & crypto,channel-e20-x10-i2-t3,both,21,21,3,6,4,-0.045234566650865116,-0.522034154834677,-0.34131376998604623,0,0,1646,1646,0,0
Watchlist ETFs & crypto,channel-e20-x10-i2-t3,long,21,21,20,21,19,0.04897838267832966,-0.2293290779754733,0.3977071052977139,0,0,928,928,0,0
Watchlist ETFs & crypto,channel-e20-x10-i2-t3,short,21,21,0,0,0,-0.08031660270712582,-0.5802085602220626,-0.5775182149693123,0,0,794,794,0,0
Watchlist ETFs & crypto,channel-e20-x20-i2-t3,both,21,21,6,8,8,-0.021465505187918232,-0.5302483948551332,-0.22432222103934507,0,0,1074,1074,0,0
Watchlist ETFs & crypto,channel-e20-x20-i2-t3,long,21,21,20,20,20,0.049820039066967636,-0.282099415973319,0.7428422389355918,0,0,645,645,0,0
Watchlist ETFs & crypto,channel-e20-x20-i2-t3,short,21,21,0,0,0,-0.08250340999175165,-0.574949642199682,-0.589485109972381,0,0,638,638,0,0
Watchlist ETFs & crypto,channel-e20-x55-i2-t3,both,21,21,11,13,12,0.006611943549966748,-0.5178959248898143,0.06314590129985365,0,0,432,432,0,0
Watchlist ETFs & crypto,channel-e20-x55-i2-t3,long,21,21,20,20,21,0.09898084654866035,-0.35842441340273545,1.17378017687561,0,0,295,295,0,0
Watchlist ETFs & crypto,channel-e20-x55-i2-t3,short,21,21,0,0,0,-0.10203430821354043,-0.664497640284764,-0.6697106426559556,0,0,476,476,0,0
Watchlist ETFs & crypto,channel-e55-x10-i2-t3,both,21,21,3,7,5,-0.011248716883377252,-0.45183651386598844,-0.20819025687379533,0,0,1030,1030,0,0
Watchlist ETFs & crypto,channel-e55-x10-i2-t3,long,21,21,17,18,18,0.030282117082070625,-0.21981209372641597,0.266823020849682,0,0,672,672,0,0
Watchlist ETFs & crypto,channel-e55-x10-i2-t3,short,21,21,1,1,1,-0.04547438650361024,-0.43877151391886804,-0.36542315161399797,0,0,358,358,0,0
Watchlist ETFs & crypto,channel-e55-x20-i2-t3,both,21,21,9,10,11,0.007050324369782146,-0.46355588109751,-0.18963191928699585,0,0,767,767,0,0
Watchlist ETFs & crypto,channel-e55-x20-i2-t3,long,21,21,16,18,18,0.04090039339208351,-0.25167063199609674,0.3075802370227121,0,0,482,482,0,0
Watchlist ETFs & crypto,channel-e55-x20-i2-t3,short,21,21,1,1,1,-0.04590911375304174,-0.46024863028375995,-0.3702524785943522,0,0,293,293,0,0
Watchlist ETFs & crypto,channel-e55-x55-i2-t3,both,21,21,12,12,12,0.0029460709837867416,-0.5178959248898141,0.03743222010901315,0,0,407,407,0,0
Watchlist ETFs & crypto,channel-e55-x55-i2-t3,long,21,21,18,18,18,0.07902761470481123,-0.30247363432012686,0.9623360782444836,0,0,236,236,0,0
Watchlist ETFs & crypto,channel-e55-x55-i2-t3,short,21,21,1,1,1,-0.06289129793599069,-0.5811042955370291,-0.4933933371308903,0,0,230,230,0,0
Watchlist ETFs & crypto,channel-e200-x10-i2-t3,both,21,21,9,13,9,-0.0036490034107380387,-0.3261229563498599,-0.035331985978678815,0,0,584,584,0,0
Watchlist ETFs & crypto,channel-e200-x10-i2-t3,long,21,21,16,16,16,0.019790537812642173,-0.16243368919977108,0.21268114642308555,0,0,461,461,0,0
Watchlist ETFs & crypto,channel-e200-x10-i2-t3,short,21,21,1,2,1,-0.018343034714192297,-0.3106944502683494,-0.16585477034313068,2,0,123,123,0,0
Watchlist ETFs & crypto,channel-e200-x20-i2-t3,both,21,21,12,12,12,0.010285330650941171,-0.3261158974137218,0.06747498865133994,0,0,432,432,0,0
Watchlist ETFs & crypto,channel-e200-x20-i2-t3,long,21,21,17,19,17,0.02495715828651468,-0.23588077862745083,0.20913321508151927,0,0,326,326,0,0
Watchlist ETFs & crypto,channel-e200-x20-i2-t3,short,21,21,2,2,2,-0.019151901081603917,-0.29018100388525403,-0.1562121339054784,9,0,106,106,0,0
Watchlist ETFs & crypto,channel-e200-x55-i2-t3,both,21,21,12,14,12,0.008213546621878676,-0.3896233417540963,0.08381784216291699,0,0,247,247,0,0
Watchlist ETFs & crypto,channel-e200-x55-i2-t3,long,21,21,17,17,17,0.05182714992936033,-0.25934415404378497,0.5401804622628019,0,0,162,162,0,0
Watchlist ETFs & crypto,channel-e200-x55-i2-t3,short,21,21,1,1,1,-0.03839350821333254,-0.40614960325137994,-0.3197053164357835,14,0,85,85,0,0
Watchlist ETFs & crypto,channel_initial-e10-x10-i2-t3,both,21,21,5,12,4,-0.029087337558136306,-0.4887584646938449,-0.3228840667707227,0,0,2186,1306,880,0
Watchlist ETFs & crypto,channel_initial-e10-x10-i2-t3,long,21,21,20,21,20,0.04855097368223049,-0.2889372773907317,0.5394317456595157,0,0,1252,839,413,0
Watchlist ETFs & crypto,channel_initial-e10-x10-i2-t3,short,21,21,0,0,0,-0.08395877086412029,-0.6173403966453117,-0.5983950845790253,0,0,1241,652,589,0
Watchlist ETFs & crypto,channel_initial-e10-x10-i3-t3,both,21,21,3,7,3,-0.02905672238720225,-0.4936363614884597,-0.32401868931238587,0,0,1994,1639,355,0
Watchlist ETFs & crypto,channel_initial-e10-x10-i3-t3,long,21,21,20,21,19,0.04314628086491856,-0.2924183272945502,0.5101928869246319,0,0,1179,1014,165,0
Watchlist ETFs & crypto,channel_initial-e10-x10-i3-t3,short,21,21,0,0,0,-0.0889004864833699,-0.6319450347855686,-0.6257740115458785,0,0,1170,962,208,0
Watchlist ETFs & crypto,channel_initial-e10-x20-i2-t3,both,21,21,9,10,10,-0.009947227118982438,-0.505483127477139,-0.182789727340262,0,0,1518,707,811,0
Watchlist ETFs & crypto,channel_initial-e10-x20-i2-t3,long,21,21,20,21,19,0.04863569999132422,-0.27397056447443024,0.47209601340309937,0,0,944,519,425,0
Watchlist ETFs & crypto,channel_initial-e10-x20-i2-t3,short,21,21,0,0,0,-0.08138173224242085,-0.6264775081053935,-0.6049689148904651,0,0,1074,396,678,0
Watchlist ETFs & crypto,channel_initial-e10-x20-i3-t3,both,21,21,10,13,10,-0.004804040912852803,-0.5307434947035811,-0.0056501948645704125,0,0,1264,861,403,0
Watchlist ETFs & crypto,channel_initial-e10-x20-i3-t3,long,21,21,20,21,20,0.0503376158256259,-0.3124146075386779,0.7690324487038307,0,0,838,608,230,0
Watchlist ETFs & crypto,channel_initial-e10-x20-i3-t3,short,21,21,0,0,0,-0.08888467378645282,-0.6281495368682473,-0.6201430550439673,0,0,962,624,338,0
Watchlist ETFs & crypto,channel_initial-e10-x55-i2-t3,both,21,21,13,15,15,0.03505137567945127,-0.47477533425191354,0.22301088926648238,0,0,786,243,543,0
Watchlist ETFs & crypto,channel_initial-e10-x55-i2-t3,long,21,21,19,20,21,0.09355632068408859,-0.3433161919902784,1.1782356197002382,0,0,487,190,297,0
Watchlist ETFs & crypto,channel_initial-e10-x55-i2-t3,short,21,21,0,0,0,-0.0961323853956273,-0.6500338969125042,-0.6517377241068608,0,0,917,167,750,0
Watchlist ETFs & crypto,channel_initial-e10-x55-i3-t3,both,21,21,13,16,12,0.022154131349971573,-0.5183196283891671,0.037543481994730676,0,0,635,265,370,0
Watchlist ETFs & crypto,channel_initial-e10-x55-i3-t3,long,21,21,20,20,20,0.08971360672773865,-0.3802056863112312,1.2947281039092968,0,0,406,220,186,0
Watchlist ETFs & crypto,channel_initial-e10-x55-i3-t3,short,21,21,0,0,0,-0.10132297709589422,-0.6799804079280245,-0.688965878054317,0,0,758,314,444,0
Watchlist ETFs & crypto,channel_initial-e20-x10-i2-t3,both,21,21,6,10,6,-0.016424359985129366,-0.46724950447120017,-0.20169336411402006,0,0,1793,1073,720,0
Watchlist ETFs & crypto,channel_initial-e20-x10-i2-t3,long,21,21,18,20,19,0.039519242938532706,-0.2482450672946458,0.36018496615200113,0,0,988,686,302,0
Watchlist ETFs & crypto,channel_initial-e20-x10-i2-t3,short,21,21,0,0,0,-0.06816735840481447,-0.5527210303275178,-0.5386187068800933,0,0,853,409,444,0
Watchlist ETFs & crypto,channel_initial-e20-x10-i3-t3,both,21,21,3,7,3,-0.03008387295361359,-0.45791041193515236,-0.27975564305577305,0,0,1693,1400,293,0
Watchlist ETFs & crypto,channel_initial-e20-x10-i3-t3,long,21,21,20,21,19,0.05184383957633454,-0.23572546671927042,0.45820807236168637,0,0,933,822,111,0
Watchlist ETFs & crypto,channel_initial-e20-x10-i3-t3,short,21,21,0,0,0,-0.07711986888521682,-0.5758874930438342,-0.5659162414133327,0,0,813,626,187,0
Watchlist ETFs & crypto,channel_initial-e20-x20-i2-t3,both,21,21,11,12,10,-0.0005071159230015665,-0.47441580407240946,0.03069986775386413,0,0,1351,620,731,0
Watchlist ETFs & crypto,channel_initial-e20-x20-i2-t3,long,21,21,20,21,20,0.05072630641996567,-0.2868374644204287,0.5283192739742943,0,0,759,432,327,0
Watchlist ETFs & crypto,channel_initial-e20-x20-i2-t3,short,21,21,0,1,0,-0.06376563800156465,-0.5062363366633484,-0.49144145633490643,0,0,749,245,504,0
Watchlist ETFs & crypto,channel_initial-e20-x20-i3-t3,both,21,21,8,11,9,-0.0059532378936701935,-0.5076835358102911,-0.08201723847217168,0,0,1188,790,398,0
Watchlist ETFs & crypto,channel_initial-e20-x20-i3-t3,long,21,21,20,21,20,0.04901523898625437,-0.2863153429417362,0.6898676056680779,0,0,674,515,159,0
Watchlist ETFs & crypto,channel_initial-e20-x20-i3-t3,short,21,21,0,0,0,-0.07815326962289881,-0.5843287472405773,-0.5557614965966147,0,0,683,390,293,0
Watchlist ETFs & crypto,channel_initial-e20-x55-i2-t3,both,21,21,13,13,14,0.04807749511618198,-0.42102799396598034,0.43418614600299343,0,0,756,225,531,0
Watchlist ETFs & crypto,channel_initial-e20-x55-i2-t3,long,21,21,19,19,19,0.10632661829034484,-0.32283797736019093,1.131318687189634,0,0,423,168,255,0
Watchlist ETFs & crypto,channel_initial-e20-x55-i2-t3,short,21,21,0,0,0,-0.08420739341749128,-0.6058342553082934,-0.593994625205526,0,0,673,111,562,0
Watchlist ETFs & crypto,channel_initial-e20-x55-i3-t3,both,21,21,13,13,14,0.03343530103748216,-0.4991232402041018,0.29036077606767896,0,0,609,258,351,0
Watchlist ETFs & crypto,channel_initial-e20-x55-i3-t3,long,21,21,21,21,21,0.10159916754223564,-0.3504463061152998,1.3344787420640158,0,0,348,186,162,0
Watchlist ETFs & crypto,channel_initial-e20-x55-i3-t3,short,21,21,0,0,0,-0.09505069952665735,-0.6569304620906206,-0.6337621452617903,0,0,583,162,421,0
Watchlist ETFs & crypto,channel_initial-e55-x10-i2-t3,both,21,21,6,10,7,-0.01610002503742114,-0.41678454471038806,-0.20673835860685963,0,0,1108,670,438,0
Watchlist ETFs & crypto,channel_initial-e55-x10-i2-t3,long,21,21,17,18,17,0.027315820276053504,-0.2131756952914352,0.21664309256094705,0,0,721,488,233,0
Watchlist ETFs & crypto,channel_initial-e55-x10-i2-t3,short,21,21,1,1,1,-0.04320738806602242,-0.4153903796136169,-0.36142993531999634,0,0,387,182,205,0
Watchlist ETFs & crypto,channel_initial-e55-x10-i3-t3,both,21,21,4,10,7,-0.006358787646973729,-0.42188387651878423,-0.1458531007854439,0,0,1043,868,175,0
Watchlist ETFs & crypto,channel_initial-e55-x10-i3-t3,long,21,21,17,18,18,0.03155040154180133,-0.21673827405768809,0.2905292353480631,0,0,674,594,80,0
Watchlist ETFs & crypto,channel_initial-e55-x10-i3-t3,short,21,21,1,1,1,-0.043512420843272004,-0.4499689638069496,-0.35045243688800143,0,0,369,274,95,0
Watchlist ETFs & crypto,channel_initial-e55-x20-i2-t3,both,21,21,10,11,9,-0.0039593723899561395,-0.429027413721646,-0.08883358381470374,0,0,920,435,485,0
Watchlist ETFs & crypto,channel_initial-e55-x20-i2-t3,long,21,21,17,18,18,0.02362440097949481,-0.2524192177843879,0.17869967715153923,0,0,578,321,257,0
Watchlist ETFs & crypto,channel_initial-e55-x20-i2-t3,short,21,21,1,3,1,-0.04311924812356982,-0.41923371746954685,-0.3217862645545517,0,0,349,113,236,0
Watchlist ETFs & crypto,channel_initial-e55-x20-i3-t3,both,21,21,10,10,11,0.004031716600642499,-0.4220201259888965,-0.12615031272328892,0,0,814,555,259,0
Watchlist ETFs & crypto,channel_initial-e55-x20-i3-t3,long,21,21,16,18,17,0.029677883599604105,-0.2540151920686493,0.2447365881975314,0,0,508,383,125,0
Watchlist ETFs & crypto,channel_initial-e55-x20-i3-t3,short,21,21,1,3,1,-0.043363798752783955,-0.44038759175721487,-0.3550587103649042,0,0,311,173,138,0
Watchlist ETFs & crypto,channel_initial-e55-x55-i2-t3,both,21,21,12,15,16,0.016406943705381316,-0.3948005942042241,0.1520504059345562,0,0,616,189,427,0
Watchlist ETFs & crypto,channel_initial-e55-x55-i2-t3,long,21,21,19,20,19,0.06836710682695202,-0.26627675941597573,0.8070625285569131,0,0,339,140,199,0
Watchlist ETFs & crypto,channel_initial-e55-x55-i2-t3,short,21,21,0,0,0,-0.051188527980638554,-0.47512194686073406,-0.3758403865340648,0,0,326,51,275,0
Watchlist ETFs & crypto,channel_initial-e55-x55-i3-t3,both,21,21,12,14,13,0.014439053987427064,-0.46397567226888614,0.07192613507572942,0,0,535,223,312,0
Watchlist ETFs & crypto,channel_initial-e55-x55-i3-t3,long,21,21,18,18,18,0.0752470690702296,-0.2800618006916936,0.9649877869671815,0,0,286,158,128,0
Watchlist ETFs & crypto,channel_initial-e55-x55-i3-t3,short,21,21,0,0,0,-0.05648162681563251,-0.5237276759572143,-0.42456402239315816,0,0,281,73,208,0
Watchlist ETFs & crypto,channel_initial-e200-x10-i2-t3,both,21,21,9,12,9,-0.0034851531517891,-0.31026852186988485,-0.03376985951317035,0,0,645,400,245,0
Watchlist ETFs & crypto,channel_initial-e200-x10-i2-t3,long,21,21,14,16,14,0.018616259024880843,-0.1764217613476745,0.19901061487360638,0,0,509,329,180,0
Watchlist ETFs & crypto,channel_initial-e200-x10-i2-t3,short,21,21,2,3,2,-0.0183847266560061,-0.2964343894553918,-0.15213414121135516,1,0,136,71,65,0
Watchlist ETFs & crypto,channel_initial-e200-x10-i3-t3,both,21,21,8,13,8,-0.003210174787135256,-0.32468397286906747,-0.031143144727736938,0,0,593,505,88,0
Watchlist ETFs & crypto,channel_initial-e200-x10-i3-t3,long,21,21,15,16,15,0.02087009528525341,-0.15760950349242087,0.22537233142304913,0,0,467,402,65,0
Watchlist ETFs & crypto,channel_initial-e200-x10-i3-t3,short,21,21,2,3,2,-0.018032649668099143,-0.29818452511846516,-0.16394229970084184,2,0,126,103,23,0
Watchlist ETFs & crypto,channel_initial-e200-x20-i2-t3,both,21,21,10,12,10,-0.0008467135830115824,-0.33152445473708614,-0.00830041153081984,0,0,526,247,279,0
Watchlist ETFs & crypto,channel_initial-e200-x20-i2-t3,long,21,21,15,19,15,0.014449270582953533,-0.21038922902064605,0.1516101001280381,0,0,401,205,196,0
Watchlist ETFs & crypto,channel_initial-e200-x20-i2-t3,short,21,21,2,3,2,-0.018073520919104413,-0.29714716054970036,-0.16428464556743694,4,0,125,42,83,0
Watchlist ETFs & crypto,channel_initial-e200-x20-i3-t3,both,21,21,11,12,11,0.002186286914273472,-0.3156687340680706,0.021721777998071623,0,0,458,305,153,0
Watchlist ETFs & crypto,channel_initial-e200-x20-i3-t3,long,21,21,17,17,17,0.020632233600365923,-0.2220397330124465,0.19238994978680246,0,0,347,239,108,0
Watchlist ETFs & crypto,channel_initial-e200-x20-i3-t3,short,21,21,2,2,2,-0.01718861053752674,-0.2708243228449372,-0.1568442321450344,8,0,111,66,45,0
Watchlist ETFs & crypto,channel_initial-e200-x55-i2-t3,both,21,21,15,15,15,0.010751867210808674,-0.3223649096553478,0.11096820934040563,0,0,350,113,237,0
Watchlist ETFs & crypto,channel_initial-e200-x55-i2-t3,long,21,21,18,18,18,0.04128085429296835,-0.23383541674502129,0.48598109165663783,0,0,234,90,144,0
Watchlist ETFs & crypto,channel_initial-e200-x55-i2-t3,short,21,21,3,3,3,-0.024370324123155096,-0.31592731080480174,-0.21554835454847387,6,0,117,23,94,0
Watchlist ETFs & crypto,channel_initial-e200-x55-i3-t3,both,21,21,12,13,12,0.012914567618149242,-0.36196435956512774,0.1345812581907908,0,0,304,130,174,0
Watchlist ETFs & crypto,channel_initial-e200-x55-i3-t3,long,21,21,17,17,17,0.03770698936876049,-0.26076923915370764,0.43937123587984583,0,0,204,100,104,0
Watchlist ETFs & crypto,channel_initial-e200-x55-i3-t3,short,21,21,2,2,2,-0.02910503650216545,-0.3342448458099505,-0.25221451753082724,10,0,101,31,70,0
Watchlist ETFs & crypto,initial_trailing-e10-x20-i2-t3,both,21,21,4,10,4,-0.04186275758902991,-0.4954710063353769,-0.36479872982637285,0,0,2582,0,806,1776
Watchlist ETFs & crypto,initial_trailing-e10-x20-i2-t3,long,21,21,18,21,17,0.039484521221134106,-0.2802240297423988,0.520944328809126,0,0,1367,0,381,986
Watchlist ETFs & crypto,initial_trailing-e10-x20-i2-t3,short,21,21,0,0,0,-0.06653060421903456,-0.5316864381684385,-0.527305487669483,0,0,1322,0,438,884
Watchlist ETFs & crypto,initial_trailing-e10-x20-i2-t4,both,21,21,5,11,5,-0.02686905676139295,-0.5036486202041603,-0.23924628969791206,0,0,1968,0,920,1048
Watchlist ETFs & crypto,initial_trailing-e10-x20-i2-t4,long,21,21,19,21,19,0.05120705230057587,-0.26807024104031874,0.654090251483104,0,0,1086,0,421,665
Watchlist ETFs & crypto,initial_trailing-e10-x20-i2-t4,short,21,21,0,0,0,-0.07955846313945591,-0.6159256644038764,-0.5978714337959867,0,0,1165,0,628,537
Watchlist ETFs & crypto,initial_trailing-e10-x20-i3-t3,both,21,21,5,8,5,-0.03889009561410173,-0.47757392469894966,-0.32238896112096915,0,0,2445,0,27,2418
Watchlist ETFs & crypto,initial_trailing-e10-x20-i3-t3,long,21,21,18,20,18,0.044870759630413204,-0.29327332840055065,0.4852925562245263,0,0,1306,0,8,1298
Watchlist ETFs & crypto,initial_trailing-e10-x20-i3-t3,short,21,21,0,0,0,-0.06985387979481017,-0.5609023905872752,-0.5357696904434089,0,0,1278,0,15,1263
Watchlist ETFs & crypto,initial_trailing-e10-x20-i3-t4,both,21,21,5,10,7,-0.028604026321240594,-0.5128764241714487,-0.2094498557333755,0,0,1708,0,375,1333
Watchlist ETFs & crypto,initial_trailing-e10-x20-i3-t4,long,21,21,18,20,18,0.056626882351509256,-0.286002488325255,0.7110972323811133,0,0,977,0,185,792
Watchlist ETFs & crypto,initial_trailing-e10-x20-i3-t4,short,21,21,0,0,0,-0.08868618108282089,-0.6336931512706716,-0.6047297419082718,0,0,1057,0,261,796
Watchlist ETFs & crypto,initial_trailing-e20-x20-i2-t3,both,21,21,5,7,7,-0.040480940389780895,-0.5061716161049394,-0.3215649524841273,0,0,1982,0,572,1410
Watchlist ETFs & crypto,initial_trailing-e20-x20-i2-t3,long,21,21,18,21,17,0.03354267402001754,-0.21708391610233158,0.4144502994910251,0,0,1085,0,262,823
Watchlist ETFs & crypto,initial_trailing-e20-x20-i2-t3,short,21,21,0,1,0,-0.06107028234557588,-0.4973446056738279,-0.48752367541668606,0,0,898,0,309,589
Watchlist ETFs & crypto,initial_trailing-e20-x20-i2-t4,both,21,21,5,11,7,-0.01852270673544798,-0.4687562485195067,-0.19947707333629494,0,0,1652,0,768,884
Watchlist ETFs & crypto,initial_trailing-e20-x20-i2-t4,long,21,21,19,21,19,0.05107091932434593,-0.24650688387004616,0.5407136857847081,0,0,874,0,323,551
Watchlist ETFs & crypto,initial_trailing-e20-x20-i2-t4,short,21,21,0,1,0,-0.06488361487224592,-0.5275087360805324,-0.4379173455466745,0,0,801,0,450,351
Watchlist ETFs & crypto,initial_trailing-e20-x20-i3-t3,both,21,21,5,7,5,-0.04008388442304256,-0.4910353593991106,-0.3648921095499029,0,0,1902,0,35,1867
Watchlist ETFs & crypto,initial_trailing-e20-x20-i3-t3,long,21,21,21,21,18,0.041334042152055384,-0.22281818217320026,0.48728104664934047,0,0,1031,0,5,1026
Watchlist ETFs & crypto,initial_trailing-e20-x20-i3-t3,short,21,21,0,0,0,-0.05971056735201574,-0.514111404989182,-0.5059414398730513,0,0,873,0,30,843
Watchlist ETFs & crypto,initial_trailing-e20-x20-i3-t4,both,21,21,4,10,5,-0.02409786804771863,-0.5064000110462634,-0.2437803995404737,0,0,1497,0,307,1190
Watchlist ETFs & crypto,initial_trailing-e20-x20-i3-t4,long,21,21,21,21,21,0.04694018660163257,-0.26956754742194144,0.5977124319507321,0,0,790,0,110,680
Watchlist ETFs & crypto,initial_trailing-e20-x20-i3-t4,short,21,21,0,0,0,-0.07848470107160255,-0.5749650470985195,-0.494382452676444,0,0,747,0,200,547
Watchlist ETFs & crypto,initial_trailing-e55-x20-i2-t3,both,21,21,2,6,4,-0.02279798210434225,-0.4074503482269065,-0.21202893994595606,0,0,1220,0,349,871
Watchlist ETFs & crypto,initial_trailing-e55-x20-i2-t3,long,21,21,17,19,17,0.012663879279556811,-0.23360249072503603,0.11715256253739037,0,0,813,0,202,611
Watchlist ETFs & crypto,initial_trailing-e55-x20-i2-t3,short,21,21,1,1,1,-0.03225657089449918,-0.39161403982728327,-0.29241176684737324,0,0,407,0,147,260
Watchlist ETFs & crypto,initial_trailing-e55-x20-i2-t4,both,21,21,7,9,8,-0.013605433094766473,-0.40909685539777885,-0.18976330138313435,0,0,1020,0,447,573
Watchlist ETFs & crypto,initial_trailing-e55-x20-i2-t4,long,21,21,17,19,18,0.021593301467021542,-0.2412990199755154,0.16406317083252553,0,0,651,0,241,410
Watchlist ETFs & crypto,initial_trailing-e55-x20-i2-t4,short,21,21,1,3,1,-0.03812024783369172,-0.4154396964444853,-0.32571610060601786,0,0,369,0,206,163
Watchlist ETFs & crypto,initial_trailing-e55-x20-i3-t3,both,21,21,3,7,6,-0.018247315232966854,-0.42588743482651126,-0.22432892060397902,0,0,1171,0,18,1153
Watchlist ETFs & crypto,initial_trailing-e55-x20-i3-t3,long,21,21,18,19,18,0.01895778257068592,-0.2212021440078511,0.24403285038876166,0,0,773,0,4,769
Watchlist ETFs & crypto,initial_trailing-e55-x20-i3-t3,short,21,21,1,2,1,-0.039916087910555564,-0.39758098336611314,-0.35482172662609124,0,0,398,0,14,384
Watchlist ETFs & crypto,initial_trailing-e55-x20-i3-t4,both,21,21,8,9,8,-0.017991473510703737,-0.43623525036789434,-0.21838773153763058,0,0,929,0,189,740
Watchlist ETFs & crypto,initial_trailing-e55-x20-i3-t4,long,21,21,18,19,18,0.04092696354011305,-0.23892197639358514,0.33066715764362753,0,0,590,0,86,504
Watchlist ETFs & crypto,initial_trailing-e55-x20-i3-t4,short,21,21,1,1,1,-0.044017276151046114,-0.44806238263357234,-0.3578571608188026,0,0,339,0,103,236
Watchlist ETFs & crypto,initial_trailing-e200-x20-i2-t3,both,21,21,8,13,8,-0.004276383541985229,-0.28929185136551916,-0.0412923905582524,0,0,726,0,202,524
Watchlist ETFs & crypto,initial_trailing-e200-x20-i2-t3,long,21,21,12,16,12,0.007743335383322503,-0.17007440744359426,0.07885432474198928,0,0,587,0,159,428
Watchlist ETFs & crypto,initial_trailing-e200-x20-i2-t3,short,21,21,4,5,4,-0.009168360017011934,-0.23612783922480052,-0.08664556479107344,2,0,139,0,43,96
Watchlist ETFs & crypto,initial_trailing-e200-x20-i2-t4,both,21,21,12,15,12,0.0014054394965050676,-0.320710060080028,0.01391551661544721,0,0,586,0,245,341
Watchlist ETFs & crypto,initial_trailing-e200-x20-i2-t4,long,21,21,17,18,17,0.01457336880452531,-0.17888527112426034,0.1399459333001296,0,0,461,0,177,284
Watchlist ETFs & crypto,initial_trailing-e200-x20-i2-t4,short,21,21,4,5,4,-0.012412427431219286,-0.24435746475564435,-0.11564842133819198,4,0,125,0,68,57
Watchlist ETFs & crypto,initial_trailing-e200-x20-i3-t3,both,21,21,9,14,9,-0.003860147391891,-0.29316655683135184,-0.02810302751541982,0,0,685,0,7,678
Watchlist ETFs & crypto,initial_trailing-e200-x20-i3-t3,long,21,21,16,19,16,0.007632304005673163,-0.17796961652330545,0.07768526968188172,0,0,554,0,4,550
Watchlist ETFs & crypto,initial_trailing-e200-x20-i3-t3,short,21,21,3,5,3,-0.008050565038028257,-0.23366369154436817,-0.07645599202449316,2,0,131,0,3,128
Watchlist ETFs & crypto,initial_trailing-e200-x20-i3-t4,both,21,21,12,14,12,0.014030402890511384,-0.29767894772331993,0.14693977202602881,0,0,528,0,96,432
Watchlist ETFs & crypto,initial_trailing-e200-x20-i3-t4,long,21,21,17,19,17,0.017797946363462547,-0.19791437041658988,0.16857415313035928,0,0,413,0,68,345
Watchlist ETFs & crypto,initial_trailing-e200-x20-i3-t4,short,21,21,5,5,5,-0.01730804018952503,-0.2578461467182678,-0.15785186982863886,8,0,115,0,28,87
Watchlist ETFs & crypto,all-e10-x10-i2-t3,both,21,21,3,9,4,-0.04285953987776625,-0.4719178780213854,-0.36247397304703477,0,0,2691,438,784,1469
Watchlist ETFs & crypto,all-e10-x10-i2-t3,long,21,21,18,21,18,0.038549371004754196,-0.2802240297423986,0.46382812780460947,0,0,1435,278,371,786
Watchlist ETFs & crypto,all-e10-x10-i2-t3,short,21,21,0,0,0,-0.06270880217174546,-0.5213092570751425,-0.5087438517428446,0,0,1346,191,404,751
Watchlist ETFs & crypto,all-e10-x10-i2-t4,both,21,21,1,9,1,-0.03606267194513435,-0.47740050979385584,-0.32740056025265896,0,0,2340,967,887,486
Watchlist ETFs & crypto,all-e10-x10-i2-t4,long,21,21,18,21,18,0.046905630402405585,-0.3029655308954239,0.5517741529064148,0,0,1294,601,404,289
Watchlist ETFs & crypto,all-e10-x10-i2-t4,short,21,21,0,0,0,-0.08337939344570477,-0.6102579180729412,-0.5966393399518903,0,0,1267,488,542,237
Watchlist ETFs & crypto,all-e10-x10-i3-t3,both,21,21,2,8,2,-0.043387470808572415,-0.4993780840991089,-0.4074683037812519,0,0,2570,549,26,1995
Watchlist ETFs & crypto,all-e10-x10-i3-t3,long,21,21,18,20,17,0.04017339653544605,-0.29327332840055076,0.4545631513173696,0,0,1384,335,8,1041
Watchlist ETFs & crypto,all-e10-x10-i3-t3,short,21,21,0,0,0,-0.0682882718667911,-0.5398198418762589,-0.5323499745397366,0,0,1312,267,13,1032
Watchlist ETFs & crypto,all-e10-x10-i3-t4,both,21,21,1,9,2,-0.02661985220784424,-0.5137065574414412,-0.29437168731247876,0,0,2141,1259,290,592
Watchlist ETFs & crypto,all-e10-x10-i3-t4,long,21,21,19,20,19,0.04578158009119093,-0.2901190967563342,0.5652405307321267,0,0,1217,747,133,337
Watchlist ETFs & crypto,all-e10-x10-i3-t4,short,21,21,0,0,0,-0.08841198915209514,-0.6194215107506177,-0.607752054997472,0,0,1201,711,156,334
Watchlist ETFs & crypto,all-e10-x20-i2-t3,both,21,21,4,10,4,-0.04186275758903024,-0.48937928583189927,-0.349097956717881,0,0,2586,21,802,1763
Watchlist ETFs & crypto,all-e10-x20-i2-t3,long,21,21,18,21,17,0.039484521221134106,-0.2802240297423979,0.4958212374398736,0,0,1369,16,379,974
Watchlist ETFs & crypto,all-e10-x20-i2-t3,short,21,21,0,0,0,-0.06653060421903456,-0.5316864381684385,-0.5328878836923459,0,0,1324,18,425,881
Watchlist ETFs & crypto,all-e10-x20-i2-t4,both,21,21,4,10,6,-0.03628117003098297,-0.5036486202041603,-0.2938149798159424,0,0,2005,181,914,910
Watchlist ETFs & crypto,all-e10-x20-i2-t4,long,21,21,19,21,19,0.047252209851752935,-0.27174342691004916,0.5608742591548288,0,0,1115,126,424,565
Watchlist ETFs & crypto,all-e10-x20-i2-t4,short,21,21,0,0,0,-0.07800907402191459,-0.5962409609990316,-0.5911610023074978,0,0,1175,99,603,473
Watchlist ETFs & crypto,all-e10-x20-i3-t3,both,21,21,5,8,5,-0.03690533662562134,-0.4745730517271465,-0.31533524394927437,0,0,2446,38,25,2383
Watchlist ETFs & crypto,all-e10-x20-i3-t3,long,21,21,18,20,18,0.0442202819529649,-0.29327332840055065,0.4797629278207125,0,0,1310,25,8,1277
Watchlist ETFs & crypto,all-e10-x20-i3-t3,short,21,21,0,0,0,-0.06881716650555303,-0.5456861892846538,-0.5298119694830872,0,0,1282,49,13,1220
Watchlist ETFs & crypto,all-e10-x20-i3-t4,both,21,21,6,11,6,-0.02346128240505574,-0.5208762988929394,-0.18422636513088397,0,0,1744,228,358,1158
Watchlist ETFs & crypto,all-e10-x20-i3-t4,long,21,21,19,20,18,0.0564776148111672,-0.28600248832525466,0.7354119531775984,0,0,1011,169,176,666
Watchlist ETFs & crypto,all-e10-x20-i3-t4,short,21,21,0,0,0,-0.0882219134951876,-0.6313840846052462,-0.6081113344173052,0,0,1081,197,207,677
Watchlist ETFs & crypto,all-e10-x55-i2-t3,both,21,21,3,9,4,-0.04186275758903002,-0.49547100633537633,-0.3609917428285674,0,0,2569,2,804,1763
Watchlist ETFs & crypto,all-e10-x55-i2-t3,long,21,21,17,19,17,0.03948452122113366,-0.2802240297423987,0.4732206203171683,0,0,1356,0,382,974
Watchlist ETFs & crypto,all-e10-x55-i2-t3,short,21,21,0,0,0,-0.06653060421903434,-0.5316864381684385,-0.5384896432372687,0,0,1319,9,429,881
Watchlist ETFs & crypto,all-e10-x55-i2-t4,both,21,21,5,10,5,-0.026869056761393395,-0.503648620204161,-0.3130491681656943,0,0,1960,0,924,1036
Watchlist ETFs & crypto,all-e10-x55-i2-t4,long,21,21,19,20,19,0.05120705230057587,-0.26807024104031907,0.5479576128388635,0,0,1078,0,426,652
Watchlist ETFs & crypto,all-e10-x55-i2-t4,short,21,21,0,0,0,-0.07955846313945591,-0.6159256644038764,-0.5978714337959867,0,0,1162,10,615,537
Watchlist ETFs & crypto,all-e10-x55-i3-t3,both,21,21,4,8,5,-0.038450385875024806,-0.47757392469895,-0.3551200211951471,0,0,2431,11,26,2394
Watchlist ETFs & crypto,all-e10-x55-i3-t3,long,21,21,18,19,17,0.04487075963041298,-0.29327332840055076,0.46935451333121336,0,0,1295,1,8,1286
Watchlist ETFs & crypto,all-e10-x55-i3-t3,short,21,21,0,0,0,-0.06923576327217429,-0.5564474274474149,-0.5284648339945897,0,0,1276,33,13,1230
Watchlist ETFs & crypto,all-e10-x55-i3-t4,both,21,21,4,9,7,-0.028604026321240705,-0.5128764241714486,-0.2680997948008941,0,0,1699,7,370,1322
Watchlist ETFs & crypto,all-e10-x55-i3-t4,long,21,21,18,19,18,0.05789638403768871,-0.28600248832525477,0.6700659204289401,0,0,968,5,184,779
Watchlist ETFs & crypto,all-e10-x55-i3-t4,short,21,21,0,0,0,-0.08668503218390966,-0.6323045509191738,-0.588981477420262,0,0,1063,68,218,777
Watchlist ETFs & crypto,all-e20-x10-i2-t3,both,21,21,3,8,4,-0.03926279673525679,-0.48618282524309986,-0.36560337743823745,0,0,2049,326,553,1170
Watchlist ETFs & crypto,all-e20-x10-i2-t3,long,21,21,17,21,18,0.03427103777088969,-0.23669156240382294,0.35290648992821105,0,0,1137,212,251,674
Watchlist ETFs & crypto,all-e20-x10-i2-t3,short,21,21,0,1,1,-0.05965555602987971,-0.5057360480689486,-0.4740764340683824,0,0,911,114,299,498
Watchlist ETFs & crypto,all-e20-x10-i2-t4,both,21,21,1,9,3,-0.03222026692883828,-0.45534583617728086,-0.29877883572889496,0,0,1876,773,712,391
Watchlist ETFs & crypto,all-e20-x10-i2-t4,long,21,21,18,21,19,0.048412660048153144,-0.24009738391174862,0.4950788800006303,0,0,1021,474,298,249
Watchlist ETFs & crypto,all-e20-x10-i2-t4,short,21,21,0,0,0,-0.07127856589159498,-0.5635177747963322,-0.5454241412792491,0,0,871,306,420,145
Watchlist ETFs & crypto,all-e20-x10-i3-t3,both,21,21,2,6,4,-0.0340386627639957,-0.5029530877285124,-0.3359329370498053,0,0,1981,406,33,1542
Watchlist ETFs & crypto,all-e20-x10-i3-t3,long,21,21,21,21,18,0.03901946995910155,-0.23482425477913627,0.3623553450885595,0,0,1091,253,5,833
Watchlist ETFs & crypto,all-e20-x10-i3-t3,short,21,21,0,0,0,-0.0613006959523672,-0.5205498961678843,-0.4921690007255116,0,0,891,153,28,710
Watchlist ETFs & crypto,all-e20-x10-i3-t4,both,21,21,1,5,1,-0.030794799509016202,-0.5088504019471571,-0.3302111967073512,0,0,1779,1030,228,521
Watchlist ETFs & crypto,all-e20-x10-i3-t4,long,21,21,20,21,19,0.04232944846329412,-0.2555831971681005,0.406490662766265,0,0,967,585,86,296
Watchlist ETFs & crypto,all-e20-x10-i3-t4,short,21,21,0,0,0,-0.07908751191769259,-0.5726624734451146,-0.5785918617416828,0,0,833,463,141,229
Watchlist ETFs & crypto,all-e20-x20-i2-t3,both,21,21,5,7,7,-0.03954053284239745,-0.5050879215509392,-0.3191454258354507,0,0,1982,9,571,1402
Watchlist ETFs & crypto,all-e20-x20-i2-t3,long,21,21,18,21,17,0.03455563079399382,-0.21708391610233158,0.4144502994910251,0,0,1085,8,262,815
Watchlist ETFs & crypto,all-e20-x20-i2-t3,short,21,21,0,1,0,-0.06107028234557588,-0.4973446056738279,-0.48752367541668606,0,0,898,1,308,589
Watchlist ETFs & crypto,all-e20-x20-i2-t4,both,21,21,6,12,5,-0.01974046418222386,-0.43167873786803646,-0.14774055626780958,0,0,1673,144,762,767
Watchlist ETFs & crypto,all-e20-x20-i2-t4,long,21,21,18,21,19,0.041536147494739994,-0.2529863759317196,0.48368394642303114,0,0,892,100,324,468
Watchlist ETFs & crypto,all-e20-x20-i2-t4,short,21,21,0,1,0,-0.0673922715619848,-0.5193588691997721,-0.47229659711497884,0,0,804,50,443,311
Watchlist ETFs & crypto,all-e20-x20-i3-t3,both,21,21,5,7,5,-0.04008388442304256,-0.4910353593991106,-0.3543876885694305,0,0,1902,18,33,1851
Watchlist ETFs & crypto,all-e20-x20-i3-t3,long,21,21,21,21,18,0.041334042152055384,-0.22109555609617704,0.4925851890865818,0,0,1031,11,5,1015
Watchlist ETFs & crypto,all-e20-x20-i3-t3,short,21,21,0,0,0,-0.05971056735201574,-0.514111404989182,-0.5059414398730513,0,0,873,7,28,838
Watchlist ETFs & crypto,all-e20-x20-i3-t4,both,21,21,4,9,4,-0.024563091551576877,-0.4992208003181545,-0.24478146759178177,0,0,1526,200,288,1038
Watchlist ETFs & crypto,all-e20-x20-i3-t4,long,21,21,21,21,21,0.047302427353018484,-0.28139841528274967,0.5806133862386478,0,0,810,122,105,583
Watchlist ETFs & crypto,all-e20-x20-i3-t4,short,21,21,0,0,0,-0.08177259547414173,-0.5680469471640583,-0.5330675218755885,0,0,754,89,183,482
Watchlist ETFs & crypto,all-e20-x55-i2-t3,both,21,21,4,7,7,-0.040480940389780784,-0.5061716161049398,-0.33627801886911124,0,0,1969,0,572,1397
Watchlist ETFs & crypto,all-e20-x55-i2-t3,long,21,21,16,20,17,0.03354267402001776,-0.2170839161023318,0.35433161093725696,0,0,1074,0,263,811
Watchlist ETFs & crypto,all-e20-x55-i2-t3,short,21,21,0,1,0,-0.06107028234557588,-0.4973446056738279,-0.4597372576037564,0,0,896,0,308,588
Watchlist ETFs & crypto,all-e20-x55-i2-t4,both,21,21,5,12,7,-0.01852270673544787,-0.46875624851950737,-0.16682862693304756,0,0,1642,0,772,870
Watchlist ETFs & crypto,all-e20-x55-i2-t4,long,21,21,19,21,19,0.051070919324346375,-0.24650688387004638,0.4577836001547855,0,0,866,0,330,536
Watchlist ETFs & crypto,all-e20-x55-i2-t4,short,21,21,0,1,0,-0.06488361487224592,-0.5275087360805324,-0.4379173455466745,0,0,799,0,448,351
Watchlist ETFs & crypto,all-e20-x55-i3-t3,both,21,21,4,7,5,-0.04008388442304256,-0.49103535939911036,-0.32168067673884504,0,0,1890,1,35,1854
Watchlist ETFs & crypto,all-e20-x55-i3-t3,long,21,21,19,21,18,0.041334042152055384,-0.22281818217320026,0.40078978116260977,0,0,1021,0,5,1016
Watchlist ETFs & crypto,all-e20-x55-i3-t3,short,21,21,0,0,0,-0.05971056735201574,-0.514111404989182,-0.4856072385280429,0,0,871,1,30,840
Watchlist ETFs & crypto,all-e20-x55-i3-t4,both,21,21,5,7,5,-0.02409786804771863,-0.5064000110462641,-0.25470915427433105,0,0,1486,2,305,1179
Watchlist ETFs & crypto,all-e20-x55-i3-t4,long,21,21,21,21,21,0.04694018660163257,-0.26956754742194144,0.5188716285224904,0,0,781,0,112,669
Watchlist ETFs & crypto,all-e20-x55-i3-t4,short,21,21,0,0,0,-0.07804813159113899,-0.5749650470985195,-0.49372109728962554,0,0,745,5,195,545
Watchlist ETFs & crypto,all-e55-x10-i2-t3,both,21,21,2,5,4,-0.019435071064427434,-0.39032191718428155,-0.21639467707928584,0,0,1250,167,329,754
Watchlist ETFs & crypto,all-e55-x10-i2-t3,long,21,21,17,18,18,0.015233383483002738,-0.23137450949681415,0.1344657842800967,0,0,840,123,191,526
Watchlist ETFs & crypto,all-e55-x10-i2-t3,short,21,21,1,1,1,-0.038886259917352395,-0.40891644296209995,-0.29241176684737324,0,0,410,44,138,228
Watchlist ETFs & crypto,all-e55-x10-i2-t4,both,21,21,3,7,3,-0.024760870972993954,-0.4191049319701321,-0.24720750575185468,0,0,1137,433,418,286
Watchlist ETFs & crypto,all-e55-x10-i2-t4,long,21,21,17,18,17,0.021809699387492554,-0.22426486499350962,0.16979779412183982,0,0,742,306,225,211
Watchlist ETFs & crypto,all-e55-x10-i2-t4,short,21,21,1,1,1,-0.045529373852402966,-0.41746031931508887,-0.3627031107719926,0,0,395,127,193,75
Watchlist ETFs & crypto,all-e55-x10-i3-t3,both,21,21,3,5,4,-0.022816119486410602,-0.4116903074291637,-0.24168495814966462,0,0,1212,211,16,985
Watchlist ETFs & crypto,all-e55-x10-i3-t3,long,21,21,18,18,18,0.01894586398948417,-0.2012483931619018,0.1824555764542568,0,0,807,151,4,652
Watchlist ETFs & crypto,all-e55-x10-i3-t3,short,21,21,1,1,1,-0.04519261839451283,-0.3890607214659252,-0.3514077193461119,0,0,405,60,12,333
Watchlist ETFs & crypto,all-e55-x10-i3-t4,both,21,21,3,7,4,-0.02229424166483862,-0.44631539799896336,-0.2607001219421321,0,0,1076,584,133,359
Watchlist ETFs & crypto,all-e55-x10-i3-t4,long,21,21,18,18,18,0.02868094231359386,-0.2153365479177901,0.27781407395917657,0,0,698,391,59,248
Watchlist ETFs & crypto,all-e55-x10-i3-t4,short,21,21,1,1,1,-0.04274801804609396,-0.4536563577380728,-0.35772863588198556,0,0,378,193,74,111
Watchlist ETFs & crypto,all-e55-x20-i2-t3,both,21,21,2,6,4,-0.02279798210434225,-0.40171107169039333,-0.21202893994595606,0,0,1220,6,347,867
Watchlist ETFs & crypto,all-e55-x20-i2-t3,long,21,21,17,19,17,0.012663879279556811,-0.22964074616818497,0.11715256253739037,0,0,813,5,201,607
Watchlist ETFs & crypto,all-e55-x20-i2-t3,short,21,21,1,1,1,-0.03225657089449918,-0.39161403982728327,-0.29241176684737324,0,0,407,1,146,260
Watchlist ETFs & crypto,all-e55-x20-i2-t4,both,21,21,5,10,7,-0.012636751485929798,-0.40056883936682464,-0.1800142096703765,0,0,1031,89,443,499
Watchlist ETFs & crypto,all-e55-x20-i2-t4,long,21,21,17,19,17,0.0218635646824612,-0.24129901997551562,0.17767269011215348,0,0,661,63,241,357
Watchlist ETFs & crypto,all-e55-x20-i2-t4,short,21,21,2,3,1,-0.037341254377114996,-0.4078370860306715,-0.31998914492013164,0,0,370,26,202,142
Watchlist ETFs & crypto,all-e55-x20-i3-t3,both,21,21,3,7,6,-0.01782581806628991,-0.42345746027127174,-0.22432892060397902,0,0,1171,12,16,1143
Watchlist ETFs & crypto,all-e55-x20-i3-t3,long,21,21,18,19,18,0.019690388731219866,-0.21717629824305584,0.24403285038876166,0,0,773,8,4,761
Watchlist ETFs & crypto,all-e55-x20-i3-t3,short,21,21,1,2,1,-0.039916087910555564,-0.39758098336611314,-0.35482172662609124,0,0,398,4,12,382
Watchlist ETFs & crypto,all-e55-x20-i3-t4,both,21,21,8,10,8,-0.0199349528720133,-0.425859938649059,-0.2153471794646915,0,0,939,112,176,651
Watchlist ETFs & crypto,all-e55-x20-i3-t4,long,21,21,18,19,18,0.04121731224712111,-0.23542911786750897,0.36450830690711555,0,0,599,80,78,441
Watchlist ETFs & crypto,all-e55-x20-i3-t4,short,21,21,1,2,1,-0.04219601718235799,-0.44806238263357234,-0.345717657628991,0,0,340,32,98,210
Watchlist ETFs & crypto,all-e55-x55-i2-t3,both,21,21,2,6,4,-0.02279798210434225,-0.4074503482269065,-0.21202893994595606,0,0,1220,0,349,871
Watchlist ETFs & crypto,all-e55-x55-i2-t3,long,21,21,17,19,17,0.012663879279556811,-0.23360249072503603,0.11715256253739037,0,0,813,0,202,611
Watchlist ETFs & crypto,all-e55-x55-i2-t3,short,21,21,1,1,1,-0.03225657089449918,-0.39161403982728327,-0.29241176684737324,0,0,407,0,147,260
Watchlist ETFs & crypto,all-e55-x55-i2-t4,both,21,21,7,9,8,-0.013605433094766473,-0.40909685539777885,-0.18976330138313435,0,0,1020,0,447,573
Watchlist ETFs & crypto,all-e55-x55-i2-t4,long,21,21,17,19,18,0.021593301467021542,-0.2412990199755154,0.16406317083252553,0,0,651,0,241,410
Watchlist ETFs & crypto,all-e55-x55-i2-t4,short,21,21,1,3,1,-0.03812024783369172,-0.4154396964444853,-0.32571610060601786,0,0,369,0,206,163
Watchlist ETFs & crypto,all-e55-x55-i3-t3,both,21,21,3,7,6,-0.018247315232966854,-0.42588743482651126,-0.22432892060397902,0,0,1171,0,18,1153
Watchlist ETFs & crypto,all-e55-x55-i3-t3,long,21,21,18,19,18,0.01895778257068592,-0.2212021440078511,0.24403285038876166,0,0,773,0,4,769
Watchlist ETFs & crypto,all-e55-x55-i3-t3,short,21,21,1,2,1,-0.039916087910555564,-0.39758098336611314,-0.35482172662609124,0,0,398,0,14,384
Watchlist ETFs & crypto,all-e55-x55-i3-t4,both,21,21,8,9,8,-0.017991473510703737,-0.43623525036789434,-0.21838773153763058,0,0,929,0,189,740
Watchlist ETFs & crypto,all-e55-x55-i3-t4,long,21,21,18,19,18,0.04092696354011305,-0.23892197639358514,0.33066715764362753,0,0,590,0,86,504
Watchlist ETFs & crypto,all-e55-x55-i3-t4,short,21,21,1,1,1,-0.044017276151046114,-0.44806238263357234,-0.3578571608188026,0,0,339,0,103,236
Watchlist ETFs & crypto,all-e200-x10-i2-t3,both,21,21,6,15,6,-0.004332064889769227,-0.28487156019286164,-0.041819787508719175,0,0,744,89,197,458
Watchlist ETFs & crypto,all-e200-x10-i2-t3,long,21,21,12,17,12,0.007025702315672788,-0.17007440744359414,0.06932865489537154,0,0,604,77,154,373
Watchlist ETFs & crypto,all-e200-x10-i2-t3,short,21,21,4,6,4,-0.008919418742122431,-0.2375609227989195,-0.08438505413869368,1,0,140,12,43,85
Watchlist ETFs & crypto,all-e200-x10-i2-t4,both,21,21,8,13,8,-0.0036594629659634226,-0.3032586320548649,-0.035431628895841505,0,0,662,240,234,188
Watchlist ETFs & crypto,all-e200-x10-i2-t4,long,21,21,16,18,16,0.016327447794071137,-0.1697501227963064,0.16495438406744722,0,0,526,195,173,158
Watchlist ETFs & crypto,all-e200-x10-i2-t4,short,21,21,2,4,2,-0.01405927748268121,-0.27014124226073144,-0.12901293567674743,1,0,136,45,61,30
Watchlist ETFs & crypto,all-e200-x10-i3-t3,both,21,21,8,14,8,-0.0019292752062580742,-0.2793211207417291,-0.018822685606859735,0,0,705,112,7,586
Watchlist ETFs & crypto,all-e200-x10-i3-t3,long,21,21,16,18,16,0.008986500788264129,-0.15755277693779646,0.09202168716811787,0,0,573,95,4,474
Watchlist ETFs & crypto,all-e200-x10-i3-t3,short,21,21,4,6,4,-0.008050565038028257,-0.23366369154436817,-0.07645599202449316,1,0,132,17,3,112
Watchlist ETFs & crypto,all-e200-x10-i3-t4,both,21,21,9,13,9,-0.0032868608548874967,-0.2938347792787499,-0.016652417534758546,0,0,612,321,68,223
Watchlist ETFs & crypto,all-e200-x10-i3-t4,long,21,21,15,17,15,0.01967351531062178,-0.14914748564961255,0.21131255877963118,0,0,486,253,50,183
Watchlist ETFs & crypto,all-e200-x10-i3-t4,short,21,21,2,3,2,-0.01584953939785161,-0.28078845966608446,-0.14547199440474656,2,0,126,68,18,40
Watchlist ETFs & crypto,all-e200-x20-i2-t3,both,21,21,8,14,8,-0.0033004925530083495,-0.28575708944755784,-0.032006606536977955,0,0,726,4,202,520
Watchlist ETFs & crypto,all-e200-x20-i2-t3,long,21,21,13,16,13,0.007743335383322503,-0.17007440744359426,0.07885432474198928,0,0,587,4,159,424
Watchlist ETFs & crypto,all-e200-x20-i2-t3,short,21,21,4,5,4,-0.009168360017011934,-0.23612783922480052,-0.08664556479107344,2,0,139,0,43,96
Watchlist ETFs & crypto,all-e200-x20-i2-t4,both,21,21,11,16,11,0.0022408394768325124,-0.31179660413270627,0.02226916148113567,0,0,596,49,247,300
Watchlist ETFs & crypto,all-e200-x20-i2-t4,long,21,21,16,18,16,0.015757879964736432,-0.17888527112426034,0.15832202149652708,0,0,471,39,180,252
Watchlist ETFs & crypto,all-e200-x20-i2-t4,short,21,21,4,5,4,-0.011826839067945794,-0.24435746475564435,-0.11047511627875606,4,0,125,10,67,48
Watchlist ETFs & crypto,all-e200-x20-i3-t3,both,21,21,9,14,9,-0.003779825490485833,-0.28951281550917907,-0.02810302751541982,0,0,685,5,7,673
Watchlist ETFs & crypto,all-e200-x20-i3-t3,long,21,21,16,19,16,0.007632304005673163,-0.17796961652330545,0.07768526968188172,0,0,554,5,4,545
Watchlist ETFs & crypto,all-e200-x20-i3-t3,short,21,21,3,5,3,-0.008050565038028257,-0.23366369154436817,-0.07645599202449316,2,0,131,0,3,128
Watchlist ETFs & crypto,all-e200-x20-i3-t4,both,21,21,12,14,12,0.014774454821596672,-0.2829300991825926,0.15524764082968256,0,0,535,62,91,382
Watchlist ETFs & crypto,all-e200-x20-i3-t4,long,21,21,17,19,17,0.019712700188374344,-0.1881900155522962,0.19921566629124565,0,0,420,48,65,307
Watchlist ETFs & crypto,all-e200-x20-i3-t4,short,21,21,5,5,5,-0.01419672424822871,-0.2578461467182678,-0.13124533738705724,8,0,115,14,26,75
Watchlist ETFs & crypto,all-e200-x55-i2-t3,both,21,21,8,13,8,-0.004276383541985229,-0.28929185136551916,-0.0412923905582524,0,0,726,0,202,524
Watchlist ETFs & crypto,all-e200-x55-i2-t3,long,21,21,12,16,12,0.007743335383322503,-0.17007440744359426,0.07885432474198928,0,0,587,0,159,428
Watchlist ETFs & crypto,all-e200-x55-i2-t3,short,21,21,4,5,4,-0.009168360017011934,-0.23612783922480052,-0.08664556479107344,2,0,139,0,43,96
Watchlist ETFs & crypto,all-e200-x55-i2-t4,both,21,21,12,15,12,0.0014054394965050676,-0.320710060080028,0.01391551661544721,0,0,586,0,245,341
Watchlist ETFs & crypto,all-e200-x55-i2-t4,long,21,21,17,18,17,0.01457336880452531,-0.17888527112426034,0.1399459333001296,0,0,461,0,177,284
Watchlist ETFs & crypto,all-e200-x55-i2-t4,short,21,21,4,5,4,-0.012412427431219286,-0.24435746475564435,-0.11564842133819198,4,0,125,0,68,57
Watchlist ETFs & crypto,all-e200-x55-i3-t3,both,21,21,9,14,9,-0.003860147391891,-0.29316655683135184,-0.02810302751541982,0,0,685,0,7,678
Watchlist ETFs & crypto,all-e200-x55-i3-t3,long,21,21,16,19,16,0.007632304005673163,-0.17796961652330545,0.07768526968188172,0,0,554,0,4,550
Watchlist ETFs & crypto,all-e200-x55-i3-t3,short,21,21,3,5,3,-0.008050565038028257,-0.23366369154436817,-0.07645599202449316,2,0,131,0,3,128
Watchlist ETFs & crypto,all-e200-x55-i3-t4,both,21,21,12,14,12,0.014030402890511384,-0.29767894772331993,0.14693977202602881,0,0,528,0,96,432
Watchlist ETFs & crypto,all-e200-x55-i3-t4,long,21,21,17,19,17,0.017797946363462547,-0.19791437041658988,0.16857415313035928,0,0,413,0,68,345
Watchlist ETFs & crypto,all-e200-x55-i3-t4,short,21,21,5,5,5,-0.01730804018952503,-0.2578461467182678,-0.15785186982863886,8,0,115,0,28,87
Bonds,channel-e10-x10-i2-t3,both,17,17,7,11,7,-0.00687811411986472,-0.15820604858808995,-0.06895210637356808,1,0,1317,1317,0,0
Bonds,channel-e10-x10-i2-t3,long,17,17,13,15,14,0.007705388665542268,-0.08904136268591734,0.09014112963392207,1,0,822,822,0,0
Bonds,channel-e10-x10-i2-t3,short,17,17,1,4,1,-0.010082600425614152,-0.1720519099095712,-0.12387402642376999,1,0,819,819,0,0
Bonds,channel-e10-x20-i2-t3,both,17,17,9,14,8,-0.0005043283933917619,-0.1570537404123511,0.006269863085706762,1,0,770,770,0,0
Bonds,channel-e10-x20-i2-t3,long,17,17,15,16,16,0.010464438505781715,-0.12751404938663824,0.12108202461024709,2,0,545,545,0,0
Bonds,channel-e10-x20-i2-t3,short,17,17,0,2,0,-0.01250747320702994,-0.18415756472512157,-0.13686259653396116,1,0,652,652,0,0
Bonds,channel-e10-x55-i2-t3,both,17,17,13,15,12,0.004514230267569808,-0.16555309540887153,0.09755041419444743,2,0,335,335,0,0
Bonds,channel-e10-x55-i2-t3,long,17,17,16,16,16,0.01405781487580815,-0.18364299612226453,0.1600493604170159,2,0,289,289,0,0
Bonds,channel-e10-x55-i2-t3,short,17,17,0,2,0,-0.008167720590626648,-0.17255774163190452,-0.09075827854803631,1,0,436,436,0,0
Bonds,channel-e20-x10-i2-t3,both,17,17,7,11,6,-0.0039254789709107785,-0.14414594025082117,-0.06313003702510633,1,0,1149,1149,0,0
Bonds,channel-e20-x10-i2-t3,long,17,17,12,16,12,0.0038402699322455103,-0.08354982060515348,0.038929438401148486,1,0,656,656,0,0
Bonds,channel-e20-x10-i2-t3,short,17,17,1,4,1,-0.005774511213941125,-0.1358856119582077,-0.07891760843198281,2,0,544,544,0,0
Bonds,channel-e20-x20-i2-t3,both,17,17,8,13,8,-0.0029428652088543394,-0.14520061933094874,-0.018468691904817036,1,0,732,732,0,0
Bonds,channel-e20-x20-i2-t3,long,17,17,15,15,14,0.009243616834119672,-0.11229465346842415,0.09208450111121858,2,0,440,440,0,0
Bonds,channel-e20-x20-i2-t3,short,17,17,0,3,1,-0.008705419521748747,-0.1422816689328842,-0.08243781872211331,2,0,437,437,0,0
Bonds,channel-e20-x55-i2-t3,both,17,17,12,16,11,0.002882491061719339,-0.16540120812925208,0.07858797889314362,2,0,320,320,0,0
Bonds,channel-e20-x55-i2-t3,long,17,17,17,17,17,0.015931531302845636,-0.13648046336224195,0.16199455107790062,2,0,235,235,0,0
Bonds,channel-e20-x55-i2-t3,short,17,17,0,5,2,-0.006534138946697743,-0.1589082060789766,-0.06246935076072824,2,0,291,291,0,0
Bonds,channel-e55-x10-i2-t3,both,17,17,9,13,9,0.0014180484121393278,-0.1372301174256373,0.02628227246480752,1,0,727,727,0,0
Bonds,channel-e55-x10-i2-t3,long,17,17,12,14,12,0.006464509164681553,-0.05515863167060697,0.0629375748820129,1,0,442,442,0,0
Bonds,channel-e55-x10-i2-t3,short,17,17,2,7,3,-0.0030957448697331857,-0.12647325149433286,-0.03568442927268156,2,0,287,287,0,0
Bonds,channel-e55-x20-i2-t3,both,17,17,12,14,11,0.004794107653852464,-0.1502148933901435,0.07245357277117592,1,0,521,521,0,0
Bonds,channel-e55-x20-i2-t3,long,17,17,15,16,15,0.010363304237595683,-0.08007770165001593,0.11865670581854926,2,0,299,299,0,0
Bonds,channel-e55-x20-i2-t3,short,17,17,4,6,4,-0.0027594950915522665,-0.12967349164541242,-0.026250452290431325,2,0,231,231,0,0
Bonds,channel-e55-x55-i2-t3,both,17,17,13,14,13,0.0057982765531527924,-0.16459256168815006,0.08725105727860027,2,0,302,302,0,0
Bonds,channel-e55-x55-i2-t3,long,17,17,15,16,15,0.012758529584773415,-0.1038776758251807,0.13462978186718066,3,0,177,177,0,0
Bonds,channel-e55-x55-i2-t3,short,17,17,3,4,3,-0.007226557926274801,-0.14843977236222172,-0.06887925944903805,3,0,167,167,0,0
Bonds,channel-e200-x10-i2-t3,both,17,17,12,14,12,0.007698303969507325,-0.07748813092754614,0.07838004941888399,2,0,370,370,0,0
Bonds,channel-e200-x10-i2-t3,long,17,17,15,16,15,0.008184936290269285,-0.04797983894175084,0.07088248124656538,2,0,250,250,0,0
Bonds,channel-e200-x10-i2-t3,short,17,17,7,9,7,-3.9622985923748466e-05,-0.07077397501266891,-0.00038981539918803154,4,0,120,120,0,0
Bonds,channel-e200-x20-i2-t3,both,17,17,13,14,13,0.011448754821051343,-0.08687537517187727,0.11852837856138598,2,0,262,262,0,0
Bonds,channel-e200-x20-i2-t3,long,17,17,16,17,16,0.01213805886713204,-0.05026255725053841,0.09897882825226834,2,0,167,167,0,0
Bonds,channel-e200-x20-i2-t3,short,17,17,8,9,8,-2.3285810269668694e-05,-0.061535746359220767,-0.00022910496708006267,6,0,95,95,0,0
Bonds,channel-e200-x55-i2-t3,both,17,17,14,14,14,0.01100477287845858,-0.10955123969515523,0.11370652706772644,2,0,175,175,0,0
Bonds,channel-e200-x55-i2-t3,long,17,17,15,16,15,0.01489024562857888,-0.07546175174352832,0.10083394496876674,5,0,103,103,0,0
Bonds,channel-e200-x55-i2-t3,short,17,17,5,7,5,-0.0014293169258661198,-0.10013065050844994,-0.01397572447408768,8,0,73,73,0,0
Bonds,channel_initial-e10-x10-i2-t3,both,17,17,7,12,7,-0.004916020182562986,-0.1758426862722382,-0.05963163070043043,1,0,1514,910,604,0
Bonds,channel_initial-e10-x10-i2-t3,long,17,17,12,15,12,0.007654663361393199,-0.0865916704210763,0.0947670313525022,1,0,887,584,303,0
Bonds,channel_initial-e10-x10-i2-t3,short,17,17,2,5,2,-0.008729433622884253,-0.17440415427756528,-0.09895644973399687,1,0,879,468,411,0
Bonds,channel_initial-e10-x10-i3-t3,both,17,17,7,12,7,-0.0045235024914284105,-0.1489883588002755,-0.06641691143490391,1,0,1363,1182,181,0
Bonds,channel_initial-e10-x10-i3-t3,long,17,17,13,16,14,0.009099029906085798,-0.08695200128731073,0.10636997493254086,1,0,837,733,104,0
Bonds,channel_initial-e10-x10-i3-t3,short,17,17,2,4,2,-0.00827813275224254,-0.16476915395016578,-0.12078163629144734,1,0,829,686,143,0
Bonds,channel_initial-e10-x20-i2-t3,both,17,17,11,16,11,0.005613736977168049,-0.12347003717148675,0.0691334473599472,1,0,1050,450,600,0
Bonds,channel_initial-e10-x20-i2-t3,long,17,17,15,16,15,0.013958027503275794,-0.10783942915643496,0.1603298076472992,1,0,628,333,295,0
Bonds,channel_initial-e10-x20-i2-t3,short,17,17,1,4,1,-0.01243160276102151,-0.16629395249595247,-0.1289445339530102,1,0,761,274,487,0
Bonds,channel_initial-e10-x20-i3-t3,both,17,17,13,16,12,0.00497138939425712,-0.12687154864492467,0.037436092595613646,1,0,856,546,310,0
Bonds,channel_initial-e10-x20-i3-t3,long,17,17,16,16,16,0.012025101794698179,-0.11413140445467251,0.1400302866567269,2,0,567,413,154,0
Bonds,channel_initial-e10-x20-i3-t3,short,17,17,0,3,0,-0.011494717697295376,-0.18514196637544666,-0.12116387532686057,1,0,681,424,257,0
Bonds,channel_initial-e10-x55-i2-t3,both,17,17,10,15,12,0.005846482908388406,-0.17652317163677267,0.04672622637977186,2,0,641,182,459,0
Bonds,channel_initial-e10-x55-i2-t3,long,17,17,16,17,16,0.013198521017698805,-0.11891746578905693,0.13140835957542274,2,0,379,137,242,0
Bonds,channel_initial-e10-x55-i2-t3,short,17,17,0,3,0,-0.013364869578156746,-0.20214225520464502,-0.13283942165836493,1,0,612,126,486,0
Bonds,channel_initial-e10-x55-i3-t3,both,17,17,14,16,13,0.0074100501462111,-0.1681664674334622,0.0560320108957042,2,0,460,206,254,0
Bonds,channel_initial-e10-x55-i3-t3,long,17,17,16,17,17,0.013408695940254178,-0.1386956904739306,0.1541394187529399,2,0,317,159,158,0
Bonds,channel_initial-e10-x55-i3-t3,short,17,17,0,2,0,-0.01232174995962021,-0.19998856539847465,-0.11915713203980127,1,0,491,232,259,0
Bonds,channel_initial-e20-x10-i2-t3,both,17,17,7,12,7,-0.0061756258613715476,-0.15080599121809368,-0.06052211495411086,1,0,1265,752,513,0
Bonds,channel_initial-e20-x10-i2-t3,long,17,17,9,15,9,0.00024275735887568928,-0.08392181892367423,0.020173386991419573,1,0,710,462,248,0
Bonds,channel_initial-e20-x10-i2-t3,short,17,17,2,6,2,-0.0048042278758279044,-0.12069623418453235,-0.0673021982566202,2,0,586,304,282,0
Bonds,channel_initial-e20-x10-i3-t3,both,17,17,7,12,6,-0.0033399535700819882,-0.14558916596023785,-0.06930476131152097,1,0,1176,1006,170,0
Bonds,channel_initial-e20-x10-i3-t3,long,17,17,11,16,10,0.002083119127258115,-0.08251095823267274,0.04509904890722716,1,0,663,587,76,0
Bonds,channel_initial-e20-x10-i3-t3,short,17,17,1,6,1,-0.0046179027676888085,-0.12580483332933912,-0.06769719211848091,2,0,553,445,108,0
Bonds,channel_initial-e20-x20-i2-t3,both,17,17,8,13,8,-0.0015197192319550412,-0.14492260651305822,-0.0002801013395327123,1,0,964,393,571,0
Bonds,channel_initial-e20-x20-i2-t3,long,17,17,14,16,14,0.00600126128939249,-0.09252927139148281,0.08599695297878851,2,0,529,268,261,0
Bonds,channel_initial-e20-x20-i2-t3,short,17,17,2,5,1,-0.005514677088965914,-0.12849750263001058,-0.08075081821392416,2,0,519,165,354,0
Bonds,channel_initial-e20-x20-i3-t3,both,17,17,10,14,11,0.0048876207181454134,-0.12587734550607033,0.03281882581187512,1,0,817,512,305,0
Bonds,channel_initial-e20-x20-i3-t3,long,17,17,16,16,16,0.008083106872748713,-0.08680758590543725,0.09210896261386714,2,0,463,330,133,0
Bonds,channel_initial-e20-x20-i3-t3,short,17,17,1,4,2,-0.008604522570508255,-0.1353753244409983,-0.08609112974023558,2,0,469,254,215,0
Bonds,channel_initial-e20-x55-i2-t3,both,17,17,9,13,10,0.0020458916730992094,-0.18166750884788274,0.012290567614938519,2,0,600,180,420,0
Bonds,channel_initial-e20-x55-i2-t3,long,17,17,16,16,16,0.012040598174862138,-0.11208552442086628,0.1375412639815785,2,0,356,127,229,0
Bonds,channel_initial-e20-x55-i2-t3,short,17,17,1,3,1,-0.007370074767844903,-0.15222074850371636,-0.08199738768748976,2,0,433,90,343,0
Bonds,channel_initial-e20-x55-i3-t3,both,17,17,10,16,11,0.005586584850935106,-0.16387583456798904,0.028371568892452625,2,0,452,203,249,0
Bonds,channel_initial-e20-x55-i3-t3,long,17,17,16,17,16,0.013312769101329058,-0.11838615718860701,0.15484844099418305,2,0,275,143,132,0
Bonds,channel_initial-e20-x55-i3-t3,short,17,17,0,3,0,-0.00919160214711301,-0.17754427694263752,-0.08784975345416024,2,0,371,122,249,0
Bonds,channel_initial-e55-x10-i2-t3,both,17,17,10,12,10,0.0033154470085929866,-0.11836581462574869,0.02484863735893028,1,0,795,472,323,0
Bonds,channel_initial-e55-x10-i2-t3,long,17,17,12,12,11,0.004272432139116766,-0.05980078948788725,0.04238290485493046,1,0,477,316,161,0
Bonds,channel_initial-e55-x10-i2-t3,short,17,17,5,10,5,-0.0023475494524435314,-0.09265734951174076,-0.0135234878514493,2,0,319,156,163,0
Bonds,channel_initial-e55-x10-i3-t3,both,17,17,10,13,10,0.006143381499285505,-0.1124865243307197,0.04765071789042663,1,0,736,608,128,0
Bonds,channel_initial-e55-x10-i3-t3,long,17,17,12,13,12,0.007075193539967328,-0.054225551844982345,0.06775939038683254,1,0,446,396,50,0
Bonds,channel_initial-e55-x10-i3-t3,short,17,17,5,10,5,-0.00026315495693085555,-0.11327912518822059,-0.015426642775054789,2,0,292,213,79,0
Bonds,channel_initial-e55-x20-i2-t3,both,17,17,13,14,13,0.007676809114984806,-0.11575126353812659,0.09021219282499549,1,0,650,286,364,0
Bonds,channel_initial-e55-x20-i2-t3,long,17,17,14,16,14,0.005485941422815888,-0.07484380559074566,0.0664828196406606,2,0,369,184,185,0
Bonds,channel_initial-e55-x20-i2-t3,short,17,17,4,10,4,-0.0006356478058815451,-0.08894296100874877,-0.014477028788885238,2,0,285,102,183,0
Bonds,channel_initial-e55-x20-i3-t3,both,17,17,13,13,13,0.009015692678407516,-0.11041340924324072,0.1090925270212455,1,0,560,351,209,0
Bonds,channel_initial-e55-x20-i3-t3,long,17,17,14,15,14,0.010700389134738808,-0.07387674757625251,0.12439712852292373,2,0,314,221,93,0
Bonds,channel_initial-e55-x20-i3-t3,short,17,17,4,9,4,-0.0004739912196264351,-0.11137879462537581,-0.0046542367498337844,2,0,251,131,120,0
Bonds,channel_initial-e55-x55-i2-t3,both,17,17,10,14,11,0.004396295564494723,-0.16824883927968626,0.05785485253163536,2,0,471,158,313,0
Bonds,channel_initial-e55-x55-i2-t3,long,17,17,14,16,14,0.0070967572307441,-0.08289279913386949,0.10237833436479105,3,0,270,103,167,0
Bonds,channel_initial-e55-x55-i2-t3,short,17,17,1,5,1,-0.005673209746430707,-0.12590787604875642,-0.05946526705365318,2,0,256,60,196,0
Bonds,channel_initial-e55-x55-i3-t3,both,17,17,12,15,11,0.007260170182045389,-0.17474376789120827,0.07574110058875738,2,0,377,187,190,0
Bonds,channel_initial-e55-x55-i3-t3,long,17,17,15,15,15,0.011974744839846396,-0.08898065519764486,0.127354511848208,3,0,205,126,79,0
Bonds,channel_initial-e55-x55-i3-t3,short,17,17,2,4,2,-0.007233689766634188,-0.15579812407209592,-0.06894507545472028,2,0,212,72,140,0
Bonds,channel_initial-e200-x10-i2-t3,both,17,17,15,16,15,0.009228489259704764,-0.062150059229280186,0.09460150385383082,1,0,399,260,139,0
Bonds,channel_initial-e200-x10-i2-t3,long,17,17,15,15,15,0.008370481356032133,-0.04152040622101694,0.08547899464735598,2,0,266,186,80,0
Bonds,channel_initial-e200-x10-i2-t3,short,17,17,8,10,8,-2.3285810269668694e-05,-0.057091924378901204,-0.00022910496708006267,3,0,133,74,59,0
Bonds,channel_initial-e200-x10-i3-t3,both,17,17,14,15,14,0.009094446059511263,-0.07485567250895642,0.09317180608575626,1,0,380,317,63,0
Bonds,channel_initial-e200-x10-i3-t3,long,17,17,15,15,15,0.008085804989130363,-0.046269703269985585,0.08152592894297839,2,0,256,221,35,0
Bonds,channel_initial-e200-x10-i3-t3,short,17,17,7,9,7,-0.00012648977289686503,-0.060607877865900495,-0.0012439429710817684,4,0,124,96,28,0
Bonds,channel_initial-e200-x20-i2-t3,both,17,17,16,16,16,0.012265742445959793,-0.06486171978623878,0.12745028055230834,1,0,308,162,146,0
Bonds,channel_initial-e200-x20-i2-t3,long,17,17,16,16,16,0.011703039364951318,-0.04721199501870332,0.10751646602786558,2,0,194,108,86,0
Bonds,channel_initial-e200-x20-i2-t3,short,17,17,9,10,9,0.0005636404313085208,-0.05600352854007051,0.005559966388803295,5,0,114,54,60,0
Bonds,channel_initial-e200-x20-i3-t3,both,17,17,15,16,15,0.012211630724341171,-0.06826533903836252,0.12685738328287832,1,0,280,194,86,0
Bonds,channel_initial-e200-x20-i3-t3,long,17,17,16,16,16,0.012224784966071933,-0.04788384374614241,0.10261633933289138,2,0,176,124,52,0
Bonds,channel_initial-e200-x20-i3-t3,short,17,17,8,9,8,-2.3285810269668694e-05,-0.0645440279664421,-0.00022910496708006267,6,0,104,70,34,0
Bonds,channel_initial-e200-x55-i2-t3,both,17,17,15,16,15,0.012996787205970417,-0.09858169417047491,0.133333367076246,2,0,228,84,144,0
Bonds,channel_initial-e200-x55-i2-t3,long,17,17,16,16,16,0.013792530965005989,-0.06884727161842119,0.11185802367333664,3,0,132,61,71,0
Bonds,channel_initial-e200-x55-i2-t3,short,17,17,6,8,6,-0.0012190914806325948,-0.07509243162333512,-0.011931229373534191,8,0,97,23,74,0
Bonds,channel_initial-e200-x55-i3-t3,both,17,17,15,15,15,0.011313123369697253,-0.10827999806461186,0.11705337187030973,2,0,202,98,104,0
Bonds,channel_initial-e200-x55-i3-t3,long,17,17,15,16,15,0.015189792234109323,-0.059262116146388544,0.1266426469899724,4,0,117,66,51,0
Bonds,channel_initial-e200-x55-i3-t3,short,17,17,5,8,5,-0.0007285091393502974,-0.0849424508461808,-0.007145372220242252,8,0,86,32,54,0
Bonds,initial_trailing-e10-x20-i2-t3,both,17,17,5,12,5,-0.007491616071156226,-0.19671616721056007,-0.07574037614537377,0,0,1874,0,599,1275
Bonds,initial_trailing-e10-x20-i2-t3,long,17,17,12,14,11,0.004864672182132823,-0.08724341994008711,0.04348011988817868,1,0,991,0,264,727
Bonds,initial_trailing-e10-x20-i2-t3,short,17,17,2,5,2,-0.01118108782907834,-0.1666425760658794,-0.12380835668704926,1,0,965,0,352,613
Bonds,initial_trailing-e10-x20-i2-t4,both,17,17,12,14,12,0.006544027221817794,-0.15051905355813655,0.08437225170175,0,0,1325,0,602,723
Bonds,initial_trailing-e10-x20-i2-t4,long,17,17,14,15,14,0.015323051800770982,-0.07922614545652962,0.18059859557312796,1,0,736,0,297,439
Bonds,initial_trailing-e10-x20-i2-t4,short,17,17,2,5,2,-0.007616852796587414,-0.17746065154461188,-0.12342229541021188,1,0,828,0,418,410
Bonds,initial_trailing-e10-x20-i3-t3,both,17,17,5,12,5,-0.010045706487880501,-0.18619234284971942,-0.06714040916061936,0,0,1774,0,28,1746
Bonds,initial_trailing-e10-x20-i3-t3,long,17,17,14,15,14,0.004489948525304932,-0.07988128215753554,0.04394947906566271,1,0,947,0,11,936
Bonds,initial_trailing-e10-x20-i3-t3,short,17,17,2,3,2,-0.009774474758834084,-0.1802239279820459,-0.10920909737642615,1,0,925,0,17,908
Bonds,initial_trailing-e10-x20-i3-t4,both,17,17,12,14,12,0.0037081787088077967,-0.1505683503606341,0.03707877820884553,0,0,1147,0,241,906
Bonds,initial_trailing-e10-x20-i3-t4,long,17,17,14,16,14,0.013830800880600291,-0.09760736050431984,0.15213835407413168,1,0,665,0,115,550
Bonds,initial_trailing-e10-x20-i3-t4,short,17,17,2,3,2,-0.00980758712871832,-0.1965504757954495,-0.1374103557367352,1,0,754,0,195,559
Bonds,initial_trailing-e20-x20-i2-t3,both,17,17,6,12,6,-0.0076539562099816605,-0.15769911479300203,-0.09537371090606828,0,0,1439,0,459,980
Bonds,initial_trailing-e20-x20-i2-t3,long,17,17,9,14,8,-0.00036499847537574404,-0.0948109507005428,0.039255155968862976,1,0,791,0,227,564
Bonds,initial_trailing-e20-x20-i2-t3,short,17,17,2,3,2,-0.008168272380037145,-0.1427363026324524,-0.07980230437337799,1,0,655,0,233,422
Bonds,initial_trailing-e20-x20-i2-t4,both,17,17,8,14,10,0.002300603272814561,-0.1226038847383123,-0.004763462613931346,1,0,1131,0,522,609
Bonds,initial_trailing-e20-x20-i2-t4,long,17,17,14,15,14,0.009956468389881845,-0.08380322576533661,0.11506777882586383,1,0,610,0,265,345
Bonds,initial_trailing-e20-x20-i2-t4,short,17,17,2,2,2,-0.006292110478120283,-0.12747868306165622,-0.08349397028478756,1,0,561,0,286,275
Bonds,initial_trailing-e20-x20-i3-t3,both,17,17,6,11,6,-0.011214056789244808,-0.16233668008862912,-0.10639887560417938,0,0,1381,0,27,1354
Bonds,initial_trailing-e20-x20-i3-t3,long,17,17,10,14,9,0.0014482323469677816,-0.0893438661814604,0.04372062169141411,1,0,752,0,8,744
Bonds,initial_trailing-e20-x20-i3-t3,short,17,17,2,2,2,-0.010222853756772343,-0.14765774756038408,-0.10244509742289265,1,0,636,0,19,617
Bonds,initial_trailing-e20-x20-i3-t4,both,17,17,10,16,12,0.003380334332410584,-0.13950076398667666,0.032224278389784144,0,0,1010,0,220,790
Bonds,initial_trailing-e20-x20-i3-t4,long,17,17,14,16,15,0.011063325533318569,-0.08266790266338686,0.11911184910536154,1,0,541,0,101,440
Bonds,initial_trailing-e20-x20-i3-t4,short,17,17,2,2,2,-0.007097542075201302,-0.13382814276880328,-0.08981892783017953,1,0,518,0,140,378
Bonds,initial_trailing-e55-x20-i2-t3,both,17,17,8,11,8,-0.0034351897914002283,-0.12385992002088042,-0.0466517289042242,0,0,910,0,290,620
Bonds,initial_trailing-e55-x20-i2-t3,long,17,17,11,15,11,0.004697512603792919,-0.06056294839843768,0.03272343499997832,1,0,542,0,161,381
Bonds,initial_trailing-e55-x20-i2-t3,short,17,17,3,7,3,-0.0055746723360429185,-0.1018041725252754,-0.046575354205453556,2,0,368,0,129,239
Bonds,initial_trailing-e55-x20-i2-t4,both,17,17,10,14,10,0.007214775616295688,-0.08450242859169788,0.06929271440246465,1,0,744,0,342,402
Bonds,initial_trailing-e55-x20-i2-t4,long,17,17,12,15,12,0.010426961838757132,-0.06388512173602767,0.10332512350847511,1,0,428,0,181,247
Bonds,initial_trailing-e55-x20-i2-t4,short,17,17,3,10,3,-0.0015677943893214197,-0.08456685084810467,-0.025386699966449155,2,0,316,0,161,155
Bonds,initial_trailing-e55-x20-i3-t3,both,17,17,9,11,9,0.0012161871618314724,-0.12223792349586116,0.0074403406117262705,0,0,870,0,26,844
Bonds,initial_trailing-e55-x20-i3-t3,long,17,17,11,13,11,0.005905333901680798,-0.05124365002353104,0.055227758950257666,1,0,522,0,9,513
Bonds,initial_trailing-e55-x20-i3-t3,short,17,17,1,6,1,-0.003775880624002248,-0.11717728076932532,-0.051156897314546534,2,0,348,0,17,331
Bonds,initial_trailing-e55-x20-i3-t4,both,17,17,10,15,11,0.009471256906346426,-0.10514957958521043,0.09916486120700063,0,0,655,0,134,521
Bonds,initial_trailing-e55-x20-i3-t4,long,17,17,14,16,15,0.011377131121344863,-0.060675172993272075,0.11862955795133301,1,0,369,0,63,306
Bonds,initial_trailing-e55-x20-i3-t4,short,17,17,1,9,3,-0.0019439874252097367,-0.1030337412352399,-0.018964991836995626,2,0,286,0,70,216
Bonds,initial_trailing-e200-x20-i2-t3,both,17,17,16,17,16,0.00728796372396201,-0.05955470514383521,0.06523501745873661,0,0,478,0,123,355
Bonds,initial_trailing-e200-x20-i2-t3,long,17,17,16,17,16,0.006774689700311587,-0.031756622681222924,0.06869367896839451,1,0,317,0,79,238
Bonds,initial_trailing-e200-x20-i2-t3,short,17,17,6,12,6,-0.00032938146040784044,-0.045842961627857504,-0.0032363450610064515,3,0,161,0,44,117
Bonds,initial_trailing-e200-x20-i2-t4,both,17,17,17,17,17,0.012010171626456678,-0.049770746536492494,0.12465247590592488,1,0,369,0,142,227
Bonds,initial_trailing-e200-x20-i2-t4,long,17,17,17,17,17,0.010746334337660812,-0.032367382647768284,0.11090837022935185,1,0,237,0,84,153
Bonds,initial_trailing-e200-x20-i2-t4,short,17,17,8,12,8,-4.9852184356491414e-05,-0.05508493584980578,-0.0004904292326313175,4,0,132,0,58,74
Bonds,initial_trailing-e200-x20-i3-t3,both,17,17,14,16,14,0.006252389740455833,-0.06443457823005216,0.06325074370933947,1,0,467,0,10,457
Bonds,initial_trailing-e200-x20-i3-t3,long,17,17,16,17,16,0.006939602047193016,-0.033147900470213876,0.07041743746403761,1,0,310,0,6,304
Bonds,initial_trailing-e200-x20-i3-t3,short,17,17,5,13,5,-0.00061708303948671,-0.052885199652986103,-0.006055461314772748,3,0,157,0,4,153
Bonds,initial_trailing-e200-x20-i3-t4,both,17,17,17,17,17,0.010820679887947993,-0.05979795523841047,0.1117126739711598,1,0,341,0,55,286
Bonds,initial_trailing-e200-x20-i3-t4,long,17,17,17,17,17,0.01270781995360215,-0.033030445305762934,0.11369416073054017,1,0,217,0,36,181
Bonds,initial_trailing-e200-x20-i3-t4,short,17,17,9,11,9,9.06983065267486e-05,-0.06103889554793007,0.0008928142890303192,5,0,124,0,19,105
Bonds,all-e10-x10-i2-t3,both,17,17,5,13,5,-0.006665474900011126,-0.18220253326684976,-0.0879209387323352,0,0,1943,318,574,1051
Bonds,all-e10-x10-i2-t3,long,17,17,11,15,11,0.006199514265125883,-0.08297705783390374,0.05821904963315361,1,0,1035,201,258,576
Bonds,all-e10-x10-i2-t3,short,17,17,2,4,2,-0.010355086346372055,-0.1775437062187596,-0.12384297513280562,1,0,987,138,331,518
Bonds,all-e10-x10-i2-t4,both,17,17,6,13,8,-0.0005680947087685073,-0.13580115615152377,-0.025477391923261483,0,0,1646,710,607,329
Bonds,all-e10-x10-i2-t4,long,17,17,12,15,14,0.009931081770296668,-0.08431268865429953,0.11325420553166121,1,0,935,469,300,166
Bonds,all-e10-x10-i2-t4,short,17,17,2,7,3,-0.004772556476438483,-0.1569331508883216,-0.09011194010203816,1,0,908,329,387,192
Bonds,all-e10-x10-i3-t3,both,17,17,5,13,5,-0.006874150464257545,-0.20053977291972347,-0.08402451308765524,0,0,1859,425,21,1413
Bonds,all-e10-x10-i3-t3,long,17,17,13,15,13,0.0048932648119128785,-0.08029531260706868,0.06426330836371164,1,0,998,239,7,752
Bonds,all-e10-x10-i3-t3,short,17,17,2,3,2,-0.009918838558461984,-0.16789783897160404,-0.12467759534115463,1,0,953,210,14,729
Bonds,all-e10-x10-i3-t4,both,17,17,8,12,8,-0.0002611037755253509,-0.14380797024882475,-0.026575337876446392,0,0,1507,938,159,410
Bonds,all-e10-x10-i3-t4,long,17,17,13,15,14,0.008769472863730199,-0.08566713816363725,0.08479012951128562,1,0,885,587,85,213
Bonds,all-e10-x10-i3-t4,short,17,17,2,6,2,-0.005681977438571906,-0.16392773679283112,-0.087905871402577,1,0,862,508,115,239
Bonds,all-e10-x20-i2-t3,both,17,17,5,12,5,-0.00851188779749723,-0.1967161672105595,-0.07713547895520678,0,0,1879,26,591,1262
Bonds,all-e10-x20-i2-t3,long,17,17,11,14,10,0.004864672182132823,-0.08724341994008711,0.04348011988817868,1,0,995,13,262,720
Bonds,all-e10-x20-i2-t3,short,17,17,2,4,2,-0.011108025525165433,-0.18421148514369512,-0.12294524819423858,1,0,969,23,342,604
Bonds,all-e10-x20-i2-t4,both,17,17,11,14,10,0.003375443275437373,-0.14867094159991134,0.03947286860621535,0,0,1384,128,615,641
Bonds,all-e10-x20-i2-t4,long,17,17,14,15,14,0.013177967699971704,-0.08348359573140418,0.16814555803048647,1,0,772,87,298,387
Bonds,all-e10-x20-i2-t4,short,17,17,2,4,2,-0.007543527136846806,-0.17686242873767144,-0.12312681882369503,1,0,843,81,406,356
Bonds,all-e10-x20-i3-t3,both,17,17,5,12,5,-0.009328519643987065,-0.19521552957465083,-0.06195896852133864,0,0,1785,51,23,1711
Bonds,all-e10-x20-i3-t3,long,17,17,13,15,13,0.004284846827025124,-0.08938711141602873,0.041853923982141605,1,0,954,23,9,922
Bonds,all-e10-x20-i3-t3,short,17,17,2,2,2,-0.008783641106217432,-0.17896924997671038,-0.11069818876424509,1,0,929,43,14,872
Bonds,all-e10-x20-i3-t4,both,17,17,9,13,10,0.0029007762857891084,-0.14993829351133658,0.014426046616857313,0,0,1213,176,231,806
Bonds,all-e10-x20-i3-t4,long,17,17,14,15,14,0.011514016315679942,-0.10017947771077196,0.12587071388274662,1,0,709,117,108,484
Bonds,all-e10-x20-i3-t4,short,17,17,2,4,2,-0.009317321916534338,-0.17613217306000595,-0.13503323453768734,1,0,778,149,161,468
Bonds,all-e10-x55-i2-t3,both,17,17,5,12,5,-0.007491616071156004,-0.1967161672105584,-0.09800093933716147,0,0,1866,6,599,1261
Bonds,all-e10-x55-i2-t3,long,17,17,10,14,11,0.004864672182132823,-0.08724341994008777,0.03860197498574447,1,0,988,2,268,718
Bonds,all-e10-x55-i2-t3,short,17,17,2,4,2,-0.0111080255251651,-0.184211485143698,-0.12380835668704926,1,0,959,10,343,606
Bonds,all-e10-x55-i2-t4,both,17,17,12,14,12,0.006544027221817572,-0.150519053558136,0.047974626814803356,0,0,1326,4,608,714
Bonds,all-e10-x55-i2-t4,long,17,17,14,15,14,0.01532305180077076,-0.07922614545652928,0.1423133287020899,1,0,738,2,303,433
Bonds,all-e10-x55-i2-t4,short,17,17,2,4,2,-0.007543527136846917,-0.17686242873767244,-0.11210527641946899,1,0,822,16,406,400
Bonds,all-e10-x55-i3-t3,both,17,17,5,12,5,-0.010045706487880501,-0.18619234284972042,-0.1026618721953595,0,0,1763,14,24,1725
Bonds,all-e10-x55-i3-t3,long,17,17,12,15,13,0.004489948525304932,-0.08938711141602906,0.04077324557195339,1,0,945,5,10,930
Bonds,all-e10-x55-i3-t3,short,17,17,2,2,2,-0.009774474758834084,-0.17999875410587418,-0.11069818876424509,1,0,918,21,13,884
Bonds,all-e10-x55-i3-t4,both,17,17,10,14,12,0.0037081787088082407,-0.15056835036063565,0.024626833322779706,0,0,1137,13,233,891
Bonds,all-e10-x55-i3-t4,long,17,17,14,16,14,0.013047916134671711,-0.10373194754687687,0.13351591344768887,1,0,665,10,113,542
Bonds,all-e10-x55-i3-t4,short,17,17,2,3,2,-0.009317321916534116,-0.18801440259438362,-0.12290548028516024,1,0,751,57,166,528
Bonds,all-e20-x10-i2-t3,both,17,17,7,11,6,-0.009310896512438105,-0.15343522570271417,-0.104667853800269,0,0,1483,231,439,813
Bonds,all-e20-x10-i2-t3,long,17,17,9,14,9,0.003644091816110473,-0.09481095070054313,0.009788777593913167,1,0,824,157,221,446
Bonds,all-e20-x10-i2-t3,short,17,17,2,6,2,-0.008145176282175148,-0.1427363026324524,-0.08416283637865785,1,0,663,74,219,370
Bonds,all-e20-x10-i2-t4,both,17,17,7,12,8,-0.005050823369852853,-0.14586585203388402,-0.08235595192093681,1,0,1339,563,494,282
Bonds,all-e20-x10-i2-t4,long,17,17,11,15,11,0.00349195026375293,-0.07933168072456076,0.040012766063256544,1,0,749,357,246,146
Bonds,all-e20-x10-i2-t4,short,17,17,2,6,3,-0.006772095465482297,-0.12502307212167774,-0.08985210992675241,1,0,602,207,256,139
Bonds,all-e20-x10-i3-t3,both,17,17,6,11,6,-0.009457568180415765,-0.14848327993095023,-0.09162485023971423,0,0,1432,314,21,1097
Bonds,all-e20-x10-i3-t3,long,17,17,10,15,10,0.003959637265876559,-0.0894730271854779,0.019844038810825415,1,0,790,194,5,591
Bonds,all-e20-x10-i3-t3,short,17,17,2,5,2,-0.009768469620665132,-0.13589318228605407,-0.10929993686143857,1,0,646,119,16,511
Bonds,all-e20-x10-i3-t4,both,17,17,7,12,6,-0.004156423193268255,-0.1364080503985896,-0.04742117156727366,0,0,1260,768,139,353
Bonds,all-e20-x10-i3-t4,long,17,17,13,16,13,0.004883430917424825,-0.07859660137179747,0.05773030180016403,1,0,704,465,66,173
Bonds,all-e20-x10-i3-t4,short,17,17,2,6,1,-0.006967658917144459,-0.1178273301845989,-0.08107410157870332,1,0,572,309,80,183
Bonds,all-e20-x20-i2-t3,both,17,17,6,12,6,-0.0076539562099816605,-0.16172827103418297,-0.09537371090606828,0,0,1443,11,459,973
Bonds,all-e20-x20-i2-t3,long,17,17,9,14,9,2.3646549184741517e-05,-0.0948109507005428,0.039255155968862976,1,0,794,8,227,559
Bonds,all-e20-x20-i2-t3,short,17,17,2,3,2,-0.008168272380037145,-0.1427363026324524,-0.07980230437337799,1,0,656,5,233,418
Bonds,all-e20-x20-i2-t4,both,17,17,9,12,9,0.0014363265801125014,-0.13045406897635115,0.01526939461665,1,0,1181,97,537,547
Bonds,all-e20-x20-i2-t4,long,17,17,13,15,13,0.0079317228873379,-0.09064482256329542,0.08630654561647488,1,0,639,60,269,310
Bonds,all-e20-x20-i2-t4,short,17,17,2,4,2,-0.0057604346915033355,-0.13082536705992587,-0.08025222024058787,1,0,570,40,283,247
Bonds,all-e20-x20-i3-t3,both,17,17,6,11,6,-0.01128021872217333,-0.1610595888511337,-0.10118789526384575,0,0,1388,25,24,1339
Bonds,all-e20-x20-i3-t3,long,17,17,10,15,9,0.0002865559197990919,-0.08934386618146051,0.04372062169141411,1,0,758,16,7,735
Bonds,all-e20-x20-i3-t3,short,17,17,2,3,2,-0.010222853756772343,-0.14914095562080543,-0.10169482739948166,1,0,637,10,17,610
Bonds,all-e20-x20-i3-t4,both,17,17,10,12,11,0.0014331361070056836,-0.14348749046983755,0.030363812941561985,0,0,1062,150,206,706
Bonds,all-e20-x20-i3-t4,long,17,17,14,16,15,0.009311986839953379,-0.0915369762511089,0.10349833519915097,1,0,575,90,97,388
Bonds,all-e20-x20-i3-t4,short,17,17,2,3,2,-0.007981610866818811,-0.13136271901643504,-0.09197324787110484,1,0,528,70,124,334
Bonds,all-e20-x55-i2-t3,both,17,17,6,10,6,-0.0076539562099817715,-0.1576991147930038,-0.10580046025619538,0,0,1430,0,462,968
Bonds,all-e20-x55-i2-t3,long,17,17,9,14,8,-0.00036499847537585506,-0.09481095070054302,0.017467507775585922,1,0,788,0,232,556
Bonds,all-e20-x55-i2-t3,short,17,17,2,4,2,-0.008168272380037145,-0.1427363026324524,-0.07980230437337799,1,0,649,2,231,416
Bonds,all-e20-x55-i2-t4,both,17,17,8,13,10,0.002300603272814783,-0.12260388473831263,-0.016302793140904992,1,0,1126,1,524,601
Bonds,all-e20-x55-i2-t4,long,17,17,14,15,14,0.009956468389881845,-0.08380322576533683,0.08545273498761907,1,0,611,0,271,340
Bonds,all-e20-x55-i2-t4,short,17,17,2,3,2,-0.0060100770261145575,-0.12747868306165666,-0.08098376824827114,1,0,555,3,280,272
Bonds,all-e20-x55-i3-t3,both,17,17,6,11,6,-0.01121405678924492,-0.16233668008863011,-0.11565802630741495,0,0,1371,3,24,1344
Bonds,all-e20-x55-i3-t3,long,17,17,10,14,9,0.0014482323469677816,-0.08934386618146117,0.009740176285292446,1,0,748,1,7,740
Bonds,all-e20-x55-i3-t3,short,17,17,2,3,2,-0.010222853756772343,-0.14765774756038463,-0.10169482739948166,1,0,630,4,17,609
Bonds,all-e20-x55-i3-t4,both,17,17,10,15,12,0.003380334332410806,-0.13950076398667655,0.02152867764993638,0,0,1000,3,217,780
Bonds,all-e20-x55-i3-t4,long,17,17,14,16,15,0.011063325533318569,-0.08266790266338697,0.10650312743676893,1,0,537,2,100,435
Bonds,all-e20-x55-i3-t4,short,17,17,2,3,2,-0.0067098189789116525,-0.13382814276880373,-0.08572430897617356,1,0,512,9,133,370
Bonds,all-e55-x10-i2-t3,both,17,17,8,11,8,-0.0026770057446646733,-0.11952279757129902,-0.03569159906001118,0,0,937,139,276,522
Bonds,all-e55-x10-i2-t3,long,17,17,11,14,11,0.0044000285595291455,-0.05691270964281969,0.03227277124587946,1,0,565,105,150,310
Bonds,all-e55-x10-i2-t3,short,17,17,3,7,3,-0.005466340519948987,-0.1018041725252754,-0.046575354205453556,2,0,372,34,126,212
Bonds,all-e55-x10-i2-t4,both,17,17,9,14,9,0.00571367025842795,-0.09619541982046287,0.05449226243157712,1,0,844,335,314,195
Bonds,all-e55-x10-i2-t4,long,17,17,11,14,11,0.006847478237456572,-0.05215983430180626,0.06624831218628136,1,0,513,230,165,118
Bonds,all-e55-x10-i2-t4,short,17,17,4,11,4,-0.0020857392514567197,-0.09034717148377258,-0.020335158786813357,2,0,331,105,149,77
Bonds,all-e55-x10-i3-t3,both,17,17,8,12,9,0.001029134995518266,-0.11789277173943424,-0.0018327478537468744,0,0,898,175,22,701
Bonds,all-e55-x10-i3-t3,long,17,17,11,14,11,0.005627833857501319,-0.04969752594123478,0.06251273606048535,1,0,546,129,6,411
Bonds,all-e55-x10-i3-t3,short,17,17,1,7,1,-0.004302908035903941,-0.11675998272122057,-0.047675745375053924,2,0,352,46,16,290
Bonds,all-e55-x10-i3-t4,both,17,17,9,14,10,0.006598822296442819,-0.1037483493943957,0.06366005549679232,0,0,788,447,92,249
Bonds,all-e55-x10-i3-t4,long,17,17,11,14,12,0.007540712317279041,-0.04910063676612497,0.07299995271992876,1,0,482,299,43,140
Bonds,all-e55-x10-i3-t4,short,17,17,3,10,4,-0.0019439874252097367,-0.10432149009255631,-0.02145535034295698,2,0,306,148,49,109
Bonds,all-e55-x20-i2-t3,both,17,17,8,11,8,-0.003326264705614923,-0.12385992002088198,-0.04562590784360221,0,0,911,6,288,617
Bonds,all-e55-x20-i2-t3,long,17,17,11,15,11,0.004697512603792919,-0.06056294839843768,0.03272343499997832,1,0,543,4,159,380
Bonds,all-e55-x20-i2-t3,short,17,17,3,7,3,-0.0055746723360429185,-0.1018041725252754,-0.046575354205453556,2,0,368,2,129,237
Bonds,all-e55-x20-i2-t4,both,17,17,10,13,10,0.007415904834425335,-0.09584455176633211,0.07139562531781185,1,0,760,53,340,367
Bonds,all-e55-x20-i2-t4,long,17,17,12,15,12,0.009104696773654553,-0.06402846513412286,0.08906056157794762,1,0,442,32,181,229
Bonds,all-e55-x20-i2-t4,short,17,17,3,10,3,-0.002331062993634947,-0.084566850848104,-0.025386699966449155,2,0,318,21,159,138
Bonds,all-e55-x20-i3-t3,both,17,17,9,11,9,0.0013256206456946362,-0.12223792349586149,0.008524365778661114,0,0,871,8,24,839
Bonds,all-e55-x20-i3-t3,long,17,17,11,13,11,0.005905333901680798,-0.05124365002353104,0.052413149441596474,1,0,523,5,8,510
Bonds,all-e55-x20-i3-t3,short,17,17,1,7,1,-0.003775880624002248,-0.11717728076932499,-0.051156897314546534,2,0,348,3,16,329
Bonds,all-e55-x20-i3-t4,both,17,17,10,14,11,0.00909639871714596,-0.10181000552088859,0.08801946309115061,0,0,678,79,131,468
Bonds,all-e55-x20-i3-t4,long,17,17,13,15,13,0.01065885855690496,-0.05956962303001423,0.11523246196362735,1,0,389,51,62,276
Bonds,all-e55-x20-i3-t4,short,17,17,0,10,1,-0.0019439874252097367,-0.10303374123524023,-0.022868190046022807,2,0,289,28,68,193
Bonds,all-e55-x55-i2-t3,both,17,17,8,11,8,-0.0034351897914002283,-0.12385992002088042,-0.0466517289042242,0,0,910,0,290,620
Bonds,all-e55-x55-i2-t3,long,17,17,11,15,11,0.004697512603792919,-0.06056294839843768,0.03272343499997832,1,0,542,0,161,381
Bonds,all-e55-x55-i2-t3,short,17,17,3,7,3,-0.0055746723360429185,-0.1018041725252754,-0.046575354205453556,2,0,368,0,129,239
Bonds,all-e55-x55-i2-t4,both,17,17,10,14,10,0.007214775616295688,-0.08450242859169788,0.06929271440246465,1,0,744,1,342,401
Bonds,all-e55-x55-i2-t4,long,17,17,12,15,12,0.010426961838757132,-0.06388512173602767,0.10332512350847511,1,0,428,0,181,247
Bonds,all-e55-x55-i2-t4,short,17,17,3,11,3,-0.0015677943893214197,-0.08456685084810467,-0.025386699966449155,2,0,316,1,161,154
Bonds,all-e55-x55-i3-t3,both,17,17,9,11,9,0.0012161871618314724,-0.12223792349586116,0.0074403406117262705,0,0,870,2,24,844
Bonds,all-e55-x55-i3-t3,long,17,17,11,13,11,0.005905333901680798,-0.05124365002353104,0.055227758950257666,1,0,522,1,8,513
Bonds,all-e55-x55-i3-t3,short,17,17,1,7,1,-0.003775880624002248,-0.11717728076932532,-0.051156897314546534,2,0,348,1,16,331
Bonds,all-e55-x55-i3-t4,both,17,17,10,15,11,0.009471256906346426,-0.10514957958521043,0.09916486120700063,0,0,655,3,132,520
Bonds,all-e55-x55-i3-t4,long,17,17,14,16,15,0.011377131121344863,-0.060675172993272075,0.11862955795133301,1,0,369,1,62,306
Bonds,all-e55-x55-i3-t4,short,17,17,1,10,3,-0.0019439874252097367,-0.1030337412352399,-0.018964991836995626,2,0,286,2,69,215
Bonds,all-e200-x10-i2-t3,both,17,17,15,17,15,0.007491024900065257,-0.05794394884810894,0.05971341993507262,0,0,494,72,115,307
Bonds,all-e200-x10-i2-t3,long,17,17,16,17,16,0.005980777972645068,-0.030019648190495407,0.06043010718375941,1,0,331,59,72,200
Bonds,all-e200-x10-i2-t3,short,17,17,6,13,6,-0.00032938146040784044,-0.045842961627857726,-0.0032363450610064515,3,0,163,13,43,107
Bonds,all-e200-x10-i2-t4,both,17,17,17,17,17,0.007865133765269539,-0.04977074653649305,0.08013805640060268,1,0,436,175,140,121
Bonds,all-e200-x10-i2-t4,long,17,17,16,17,16,0.009060522037314334,-0.03363629766948273,0.09281024035410823,1,0,297,129,84,84
Bonds,all-e200-x10-i2-t4,short,17,17,9,13,9,0.00028959634815572954,-0.05247567076261184,0.002853230695735398,3,0,139,46,56,37
Bonds,all-e200-x10-i3-t3,both,17,17,14,16,14,0.0067113490456405245,-0.06427099254773916,0.06552006714661851,1,0,484,91,8,385
Bonds,all-e200-x10-i3-t3,long,17,17,16,16,16,0.007161785058973358,-0.03060686183257455,0.07274377131506848,1,0,325,69,4,252
Bonds,all-e200-x10-i3-t3,short,17,17,5,13,5,-0.0004650766864682243,-0.05288519965298566,-0.004566882619243762,3,0,159,22,4,133
Bonds,all-e200-x10-i3-t4,both,17,17,15,17,15,0.008277044664510846,-0.05661893488871805,0.0844896929829222,1,0,419,221,45,153
Bonds,all-e200-x10-i3-t4,long,17,17,16,17,16,0.007214096720278507,-0.033636297669482396,0.07329215285404489,1,0,287,157,32,98
Bonds,all-e200-x10-i3-t4,short,17,17,9,10,9,0.0006159070048696869,-0.05640759164103215,0.006076948373720414,4,0,132,64,13,55
Bonds,all-e200-x20-i2-t3,both,17,17,16,17,16,0.00728796372396201,-0.05955470514383521,0.06523501745873661,0,0,479,5,121,353
Bonds,all-e200-x20-i2-t3,long,17,17,16,17,16,0.006774689700311587,-0.031756622681222924,0.06869367896839451,1,0,318,4,78,236
Bonds,all-e200-x20-i2-t3,short,17,17,6,12,6,-0.00032938146040784044,-0.045842961627857504,-0.0032363450610064515,3,0,161,1,43,117
Bonds,all-e200-x20-i2-t4,both,17,17,17,17,17,0.01228177167900979,-0.049770746536492494,0.12548208117618498,1,0,381,31,141,209
Bonds,all-e200-x20-i2-t4,long,17,17,17,17,17,0.00910622264645844,-0.032367377872875025,0.0932973472926728,1,0,248,23,85,140
Bonds,all-e200-x20-i2-t4,short,17,17,7,12,7,-0.00013855588736044755,-0.05508493584980578,-0.0013625325394044374,4,0,133,8,56,69
Bonds,all-e200-x20-i3-t3,both,17,17,14,16,14,0.006456775383487212,-0.06443457823005216,0.06325074370933947,1,0,468,5,10,453
Bonds,all-e200-x20-i3-t3,long,17,17,16,17,16,0.006939602047193016,-0.033147900470213876,0.07041743746403761,1,0,311,4,6,301
Bonds,all-e200-x20-i3-t3,short,17,17,5,13,5,-0.00061708303948671,-0.052885199652986103,-0.006055461314772748,3,0,157,1,4,152
Bonds,all-e200-x20-i3-t4,both,17,17,17,17,17,0.010757540660198073,-0.05979795523841047,0.10707544575286043,1,0,356,42,53,261
Bonds,all-e200-x20-i3-t4,long,17,17,17,17,17,0.009749715721388608,-0.03371371681544788,0.10017685748181515,1,0,231,28,37,166
Bonds,all-e200-x20-i3-t4,short,17,17,9,11,9,9.06983065267486e-05,-0.06103889554793007,0.0008928142890303192,5,0,125,14,16,95
Bonds,all-e200-x55-i2-t3,both,17,17,16,17,16,0.00728796372396201,-0.05955470514383521,0.06523501745873661,0,0,478,0,123,355
Bonds,all-e200-x55-i2-t3,long,17,17,16,17,16,0.006774689700311587,-0.031756622681222924,0.06869367896839451,1,0,317,0,79,238
Bonds,all-e200-x55-i2-t3,short,17,17,6,12,6,-0.00032938146040784044,-0.045842961627857504,-0.0032363450610064515,3,0,161,0,44,117
Bonds,all-e200-x55-i2-t4,both,17,17,17,17,17,0.012010171626456678,-0.049770746536492494,0.12465247590592488,1,0,369,1,142,226
Bonds,all-e200-x55-i2-t4,long,17,17,17,17,17,0.010746334337660812,-0.032367382647768284,0.11090837022935185,1,0,237,0,84,153
Bonds,all-e200-x55-i2-t4,short,17,17,8,12,8,-2.3285810269668694e-05,-0.05508493584980578,-0.00022910496708006267,4,0,132,1,58,73
Bonds,all-e200-x55-i3-t3,both,17,17,14,16,14,0.006252389740455833,-0.06443457823005216,0.06325074370933947,1,0,467,0,10,457
Bonds,all-e200-x55-i3-t3,long,17,17,16,17,16,0.006939602047193016,-0.033147900470213876,0.07041743746403761,1,0,310,0,6,304
Bonds,all-e200-x55-i3-t3,short,17,17,5,13,5,-0.00061708303948671,-0.052885199652986103,-0.006055461314772748,3,0,157,0,4,153
Bonds,all-e200-x55-i3-t4,both,17,17,17,17,17,0.010820679887947993,-0.05979795523841047,0.1117126739711598,1,0,341,1,55,285
Bonds,all-e200-x55-i3-t4,long,17,17,17,17,17,0.01270781995360215,-0.033030445305762934,0.11369416073054017,1,0,217,0,36,181
Bonds,all-e200-x55-i3-t4,short,17,17,9,11,9,9.06983065267486e-05,-0.06103889554793007,0.0008928142890303192,5,0,124,1,19,104
Major companies,channel-e10-x10-i2-t3,both,22,22,5,8,5,-0.049059043162925975,-0.6697500147948583,-0.35281436198982363,0,0,1986,1986,0,0
Major companies,channel-e10-x10-i2-t3,long,22,22,21,22,19,0.060870307295746606,-0.39748354687220316,0.873633601305343,0,0,1238,1238,0,0
Major companies,channel-e10-x10-i2-t3,short,22,22,0,0,0,-0.14112344823555012,-0.8166120856227321,-0.8004915780540316,0,0,1231,1231,0,0
Major companies,channel-e10-x20-i2-t3,both,22,22,7,8,7,-0.04110561471207408,-0.6871321761419666,-0.3338377531160495,0,0,1207,1207,0,0
Major companies,channel-e10-x20-i2-t3,long,22,22,22,22,22,0.09270284471799917,-0.42137272019209626,1.4783887524472537,0,0,824,824,0,0
Major companies,channel-e10-x20-i2-t3,short,22,22,0,0,0,-0.14564909275421356,-0.8150637918371193,-0.8002494762052261,0,0,986,986,0,0
Major companies,channel-e10-x55-i2-t3,both,22,22,7,7,7,-0.0280433440290499,-0.7540608469866373,-0.2493739752145065,0,0,517,517,0,0
Major companies,channel-e10-x55-i2-t3,long,22,22,22,22,22,0.1321887292253514,-0.4290179726089691,2.4567020440275797,0,0,382,382,0,0
Major companies,channel-e10-x55-i2-t3,short,22,22,0,0,0,-0.17094805036832034,-0.8489349626700671,-0.8615457942812811,0,0,708,708,0,0
Major companies,channel-e20-x10-i2-t3,both,22,22,4,8,4,-0.04190079130139174,-0.6307960585180761,-0.34369601045917536,0,0,1723,1723,0,0
Major companies,channel-e20-x10-i2-t3,long,22,22,21,22,21,0.06024773155768348,-0.32954913902490696,0.8443877352979069,0,0,997,997,0,0
Major companies,channel-e20-x10-i2-t3,short,22,22,0,0,0,-0.11315425067609297,-0.725844904128016,-0.7010139015921635,0,0,819,819,0,0
Major companies,channel-e20-x20-i2-t3,both,22,22,6,12,8,-0.01917633527808038,-0.6237712922342364,-0.1404400913164855,0,0,1135,1135,0,0
Major companies,channel-e20-x20-i2-t3,long,22,22,22,22,22,0.09444037673014027,-0.3860847457954145,1.4146235492539714,0,0,680,680,0,0
Major companies,channel-e20-x20-i2-t3,short,22,22,0,0,0,-0.11874587592661873,-0.7391520998220503,-0.7325293043817762,0,0,672,672,0,0
Major companies,channel-e20-x55-i2-t3,both,22,22,7,9,8,-0.03232278301795688,-0.7194595738003671,-0.3160422551873632,0,0,486,486,0,0
Major companies,channel-e20-x55-i2-t3,long,22,22,22,22,22,0.1236853582041686,-0.42908649114699776,2.3146566965678135,0,0,327,327,0,0
Major companies,channel-e20-x55-i2-t3,short,22,22,0,0,0,-0.16060780569260802,-0.8316209809497384,-0.8299514247982511,0,0,489,489,0,0
Major companies,channel-e55-x10-i2-t3,both,22,22,5,7,6,-0.04811142873657048,-0.5316458018377198,-0.4205297495657213,0,0,1094,1094,0,0
Major companies,channel-e55-x10-i2-t3,long,22,22,17,21,18,0.02636126463444788,-0.2865123978956977,0.3507993479296785,0,0,713,713,0,0
Major companies,channel-e55-x10-i2-t3,short,22,22,0,0,0,-0.06600378758256736,-0.5711736935200293,-0.5025426295818395,0,0,383,383,0,0
Major companies,channel-e55-x20-i2-t3,both,22,22,7,7,7,-0.02600985362294428,-0.5630193686692796,-0.26529883006028754,0,0,813,813,0,0
Major companies,channel-e55-x20-i2-t3,long,22,22,20,20,20,0.060229690895154064,-0.31975867066584485,0.8046193448151137,0,0,492,492,0,0
Major companies,channel-e55-x20-i2-t3,short,22,22,0,0,0,-0.07774424095450944,-0.592130401232152,-0.5555930832130065,0,0,324,324,0,0
Major companies,channel-e55-x55-i2-t3,both,22,22,7,7,7,-0.03879438464877799,-0.6522964705075817,-0.37108558339518505,0,0,448,448,0,0
Major companies,channel-e55-x55-i2-t3,long,22,22,22,22,22,0.09519551210845623,-0.3945020644510284,1.3569289590229954,0,0,257,257,0,0
Major companies,channel-e55-x55-i2-t3,short,22,22,0,0,0,-0.09856400745190896,-0.6884265347613854,-0.6498843611217231,1,1,244,244,0,0
Major companies,channel-e200-x10-i2-t3,both,22,22,10,15,10,-0.00218983430399744,-0.4174878198896265,-0.021289569024105393,0,0,593,593,0,0
Major companies,channel-e200-x10-i2-t3,long,22,22,21,21,21,0.02706867937308166,-0.2833828449567745,0.3005820518974591,0,0,485,485,0,0
Major companies,channel-e200-x10-i2-t3,short,22,22,2,2,2,-0.027357246057117313,-0.3628673656146663,-0.2388622041734877,9,0,108,108,0,0
Major companies,channel-e200-x20-i2-t3,both,22,22,12,14,12,0.0035874042957847463,-0.47790476400505566,0.03591197637007226,0,0,435,435,0,0
Major companies,channel-e200-x20-i2-t3,long,22,22,20,21,20,0.04092722257765857,-0.3122505426295429,0.48393054863661644,0,0,338,338,0,0
Major companies,channel-e200-x20-i2-t3,short,22,22,1,1,1,-0.03926494388331464,-0.3990894473059608,-0.32574506933585173,9,0,97,97,0,0
Major companies,channel-e200-x55-i2-t3,both,22,22,11,12,11,-0.0010688360602898461,-0.5614380474406041,-0.010326268197509147,0,0,254,254,0,0
Major companies,channel-e200-x55-i2-t3,long,22,22,22,22,22,0.06647656137198454,-0.3454903322117416,0.8840462649627169,0,0,175,175,0,0
Major companies,channel-e200-x55-i2-t3,short,22,22,1,1,1,-0.06736561514724654,-0.5311505290869161,-0.4963042506745954,16,0,80,80,0,0
Major companies,channel_initial-e10-x10-i2-t3,both,22,22,3,8,4,-0.06577470696678367,-0.6990023760387798,-0.49086481641040364,0,0,2331,1318,1013,0
Major companies,channel_initial-e10-x10-i2-t3,long,22,22,22,22,21,0.04908342249094144,-0.3993646314604951,0.7179636189816175,0,0,1350,867,483,0
Major companies,channel_initial-e10-x10-i2-t3,short,22,22,0,0,0,-0.13598563294635102,-0.7827610695188147,-0.7733095629678443,0,0,1331,685,646,0
Major companies,channel_initial-e10-x10-i3-t3,both,22,22,6,8,6,-0.06621424995351194,-0.6654996942436274,-0.43855122034822613,0,0,2088,1688,400,0
Major companies,channel_initial-e10-x10-i3-t3,long,22,22,21,22,19,0.05871577858849675,-0.3965746230325142,0.8334563717371184,0,0,1260,1066,194,0
Major companies,channel_initial-e10-x10-i3-t3,short,22,22,0,0,0,-0.13461480660875091,-0.8068374017105426,-0.7798290457586083,0,0,1261,983,278,0
Major companies,channel_initial-e10-x20-i2-t3,both,22,22,6,10,6,-0.03781941228946378,-0.637218048537266,-0.28505459197132343,0,0,1625,709,916,0
Major companies,channel_initial-e10-x20-i2-t3,long,22,22,22,22,22,0.07814723328741036,-0.4074562819246224,1.1633981219720038,0,0,987,514,473,0
Major companies,channel_initial-e10-x20-i2-t3,short,22,22,0,0,0,-0.13434502898162376,-0.8014624928177299,-0.7804955688180604,0,0,1167,408,759,0
Major companies,channel_initial-e10-x20-i3-t3,both,22,22,6,10,7,-0.03634228501036163,-0.6483548415598452,-0.2996004090290145,0,0,1367,901,466,0
Major companies,channel_initial-e10-x20-i3-t3,long,22,22,22,22,22,0.07281702766866693,-0.40668587187635113,1.3852667840451152,0,0,863,629,234,0
Major companies,channel_initial-e10-x20-i3-t3,short,22,22,0,0,0,-0.1355786784685668,-0.7906128443066531,-0.786070723926385,0,0,1046,627,419,0
Major companies,channel_initial-e10-x55-i2-t3,both,22,22,13,14,14,0.03795823538723242,-0.6104231926875586,0.3202334638454787,0,0,931,251,680,0
Major companies,channel_initial-e10-x55-i2-t3,long,22,22,22,22,22,0.11787740275541514,-0.45076305960904667,2.2456139806340056,0,0,547,214,333,0
Major companies,channel_initial-e10-x55-i2-t3,short,22,22,0,0,0,-0.14777823970796772,-0.8137922531805624,-0.8094434653186056,0,0,990,166,824,0
Major companies,channel_initial-e10-x55-i3-t3,both,22,22,11,11,11,0.01188308361538426,-0.5966318854880719,0.1361108571084505,0,0,703,284,419,0
Major companies,channel_initial-e10-x55-i3-t3,long,22,22,22,22,22,0.12698031831622503,-0.47226533184987834,2.3692430765335066,0,0,450,247,203,0
Major companies,channel_initial-e10-x55-i3-t3,short,22,22,0,0,0,-0.15533643431949828,-0.8301246108326343,-0.8259458536144865,0,0,810,275,535,0
Major companies,channel_initial-e20-x10-i2-t3,both,22,22,4,7,4,-0.048685139949601164,-0.6201920877658494,-0.38207945291166373,0,0,1912,1098,814,0
Major companies,channel_initial-e20-x10-i2-t3,long,22,22,19,20,20,0.0435969092416173,-0.36428127891455914,0.535969011600544,0,0,1089,701,388,0
Major companies,channel_initial-e20-x10-i2-t3,short,22,22,0,0,0,-0.09333034720820521,-0.6757800824184521,-0.6507216537993666,0,0,879,434,445,0
Major companies,channel_initial-e20-x10-i3-t3,both,22,22,4,7,4,-0.046389189894282035,-0.6288639018991838,-0.3547211670378069,0,0,1784,1445,339,0
Major companies,channel_initial-e20-x10-i3-t3,long,22,22,21,22,21,0.04708713689139554,-0.36781728049761714,0.5599868470827798,0,0,1016,874,142,0
Major companies,channel_initial-e20-x10-i3-t3,short,22,22,0,0,0,-0.1140487121540587,-0.7094477617323918,-0.7107350402881099,0,0,836,623,213,0
Major companies,channel_initial-e20-x20-i2-t3,both,22,22,5,10,8,-0.02690085740875814,-0.6014782262455395,-0.21575709557239642,0,0,1448,644,804,0
Major companies,channel_initial-e20-x20-i2-t3,long,22,22,22,22,21,0.07389528284893876,-0.39548669960623495,1.1735266575225616,0,0,828,444,384,0
Major companies,channel_initial-e20-x20-i2-t3,short,22,22,0,0,0,-0.1047508466269243,-0.674056984712859,-0.6800720226323809,0,0,796,268,528,0
Major companies,channel_initial-e20-x20-i3-t3,both,22,22,5,10,7,-0.03094242344403253,-0.6442580617006621,-0.27299677704945563,0,0,1276,836,440,0
Major companies,channel_initial-e20-x20-i3-t3,long,22,22,22,22,22,0.07707329477207103,-0.3635085396886545,1.234456613440857,0,0,728,536,192,0
Major companies,channel_initial-e20-x20-i3-t3,short,22,22,0,0,0,-0.110166655431375,-0.7007147998385106,-0.7006153577902133,0,0,718,404,314,0
Major companies,channel_initial-e20-x55-i2-t3,both,22,22,12,13,13,0.02096039684301243,-0.5648207228129822,0.1800057857187436,0,0,852,237,615,0
Major companies,channel_initial-e20-x55-i2-t3,long,22,22,22,22,22,0.10445739162375678,-0.40144327124686646,1.5994270172602916,0,0,492,189,303,0
Major companies,channel_initial-e20-x55-i2-t3,short,22,22,0,0,0,-0.11238782680411646,-0.7027084430450524,-0.7115626406276887,0,0,697,109,588,0
Major companies,channel_initial-e20-x55-i3-t3,both,22,22,11,12,12,0.012525491585629211,-0.6170398567589516,0.04514703227897643,0,0,682,271,411,0
Major companies,channel_initial-e20-x55-i3-t3,long,22,22,22,22,22,0.09625724732065899,-0.409861774065329,1.3454675480915212,0,0,399,215,184,0
Major companies,channel_initial-e20-x55-i3-t3,short,22,22,0,0,0,-0.12240347248143535,-0.7390700407741874,-0.7303971117081582,0,0,592,159,433,0
Major companies,channel_initial-e55-x10-i2-t3,both,22,22,5,8,5,-0.029388633677396747,-0.4842441576098762,-0.3066978021906253,0,0,1195,664,531,0
Major companies,channel_initial-e55-x10-i2-t3,long,22,22,16,17,17,0.029196462824859437,-0.2950231051491371,0.35643497051194817,0,0,777,488,289,0
Major companies,channel_initial-e55-x10-i2-t3,short,22,22,0,0,0,-0.06299480026706283,-0.5525860345793989,-0.46574922007751635,0,0,418,176,242,0
Major companies,channel_initial-e55-x10-i3-t3,both,22,22,5,6,6,-0.039462324909583235,-0.5236677155966134,-0.3335226140870079,0,0,1123,891,232,0
Major companies,channel_initial-e55-x10-i3-t3,long,22,22,16,18,16,0.030575109397453115,-0.29618790054786415,0.3765900386471558,0,0,727,599,128,0
Major companies,channel_initial-e55-x10-i3-t3,short,22,22,0,0,0,-0.06441175674515409,-0.5671982995232665,-0.49595273428224557,0,0,396,292,104,0
Major companies,channel_initial-e55-x20-i2-t3,both,22,22,8,11,9,-0.016317662857672444,-0.484129245363819,-0.1454192839620565,0,0,986,425,561,0
Major companies,channel_initial-e55-x20-i2-t3,long,22,22,18,19,19,0.050538458195207525,-0.3032137786214013,0.6947582724753258,0,0,595,314,281,0
Major companies,channel_initial-e55-x20-i2-t3,short,22,22,0,0,0,-0.06494480045165774,-0.5793598410345175,-0.4967580370647967,0,0,390,112,278,0
Major companies,channel_initial-e55-x20-i3-t3,both,22,22,6,9,6,-0.023016554578962956,-0.5434217973872438,-0.2149413479569921,0,0,886,567,319,0
Major companies,channel_initial-e55-x20-i3-t3,long,22,22,19,20,19,0.048173322741520974,-0.32316989618957626,0.584987487144022,0,0,538,376,162,0
Major companies,channel_initial-e55-x20-i3-t3,short,22,22,0,0,0,-0.07401696800242907,-0.5982346502971916,-0.5284572342686169,0,0,350,191,159,0
Major companies,channel_initial-e55-x55-i2-t3,both,22,22,11,11,11,0.004798139269921287,-0.5287285407369005,0.02003706648782938,0,0,699,187,512,0
Major companies,channel_initial-e55-x55-i2-t3,long,22,22,21,21,21,0.06692057121161987,-0.3188175255671618,0.9867181005345727,0,0,377,153,224,0
Major companies,channel_initial-e55-x55-i2-t3,short,22,22,0,0,0,-0.07865536769805304,-0.6098758016754818,-0.5678096164082325,0,0,367,39,328,0
Major companies,channel_initial-e55-x55-i3-t3,both,22,22,9,9,9,-0.01469482077079054,-0.5645761010786665,-0.17408109823068246,0,0,592,226,366,0
Major companies,channel_initial-e55-x55-i3-t3,long,22,22,21,21,21,0.06114149420019399,-0.35867874072717454,0.820390927322022,0,0,327,171,156,0
Major companies,channel_initial-e55-x55-i3-t3,short,22,22,0,0,0,-0.08845261662876175,-0.6517243162494237,-0.591584016807321,0,0,316,73,243,0
Major companies,channel_initial-e200-x10-i2-t3,both,22,22,11,14,11,-0.0004580248747703686,-0.42803432152796866,-0.004370004562891494,0,0,671,383,288,0
Major companies,channel_initial-e200-x10-i2-t3,long,22,22,15,18,15,0.01614696535843485,-0.2867734098877361,0.17071474222265326,0,0,549,333,216,0
Major companies,channel_initial-e200-x10-i2-t3,short,22,22,1,2,1,-0.021143479357324746,-0.320870217952454,-0.18908717098576833,8,0,122,50,72,0
Major companies,channel_initial-e200-x10-i3-t3,both,22,22,13,15,13,0.006006221163281089,-0.4240591824793643,0.060799427609980916,0,0,608,486,122,0
Major companies,channel_initial-e200-x10-i3-t3,long,22,22,18,20,18,0.025501255252078914,-0.26837348597896826,0.28205469287413387,0,0,499,411,88,0
Major companies,channel_initial-e200-x10-i3-t3,short,22,22,2,2,2,-0.023362455415749273,-0.3304608479283237,-0.2074592266069325,9,0,109,75,34,0
Major companies,channel_initial-e200-x20-i2-t3,both,22,22,11,15,11,-0.0006755747107587973,-0.42397264255896244,-0.006502829298864754,0,0,543,243,300,0
Major companies,channel_initial-e200-x20-i2-t3,long,22,22,20,20,20,0.030512099229849543,-0.30306006229750576,0.3442263664619659,0,0,427,210,217,0
Major companies,channel_initial-e200-x20-i2-t3,short,22,22,0,1,0,-0.0199094893361223,-0.31717929032472275,-0.1795213506004708,9,0,116,33,83,0
Major companies,channel_initial-e200-x20-i3-t3,both,22,22,14,15,14,0.007844526676382468,-0.4461256591490887,0.08022153289093459,0,0,473,314,159,0
Major companies,channel_initial-e200-x20-i3-t3,long,22,22,21,21,21,0.033785707089280304,-0.30718539872954387,0.38681307421899225,0,0,372,264,108,0
Major companies,channel_initial-e200-x20-i3-t3,short,22,22,1,1,1,-0.027748663365810056,-0.3188496746567379,-0.24186859733080956,9,0,101,50,51,0
Major companies,channel_initial-e200-x55-i2-t3,both,22,22,13,15,13,0.018661511367453865,-0.4425824883328297,0.19962710182138577,0,0,380,119,261,0
Major companies,channel_initial-e200-x55-i2-t3,long,22,22,20,22,20,0.04367503395027095,-0.33585340108619083,0.5229360088838727,0,0,274,104,170,0
Major companies,channel_initial-e200-x55-i2-t3,short,22,22,1,1,1,-0.02601873439074953,-0.3526995847119283,-0.2284512831789744,12,0,106,15,91,0
Major companies,channel_initial-e200-x55-i3-t3,both,22,22,14,15,14,0.023647309471878875,-0.4467603032775677,0.2585856431002429,0,0,311,136,175,0
Major companies,channel_initial-e200-x55-i3-t3,long,22,22,22,22,22,0.05320281406557292,-0.31242767731172494,0.6654234907226301,0,0,222,115,107,0
Major companies,channel_initial-e200-x55-i3-t3,short,22,22,1,1,1,-0.038433305391738504,-0.389609074492861,-0.3193137112055834,13,0,89,21,68,0
Major companies,initial_trailing-e10-x20-i2-t3,both,22,22,5,6,5,-0.07653109705996786,-0.7070623738935007,-0.5532733019249922,0,0,2740,0,829,1911
Major companies,initial_trailing-e10-x20-i2-t3,long,22,22,21,22,20,0.03619573559735523,-0.37701405171608593,0.49803471386370546,0,0,1476,0,399,1077
Major companies,initial_trailing-e10-x20-i2-t3,short,22,22,0,0,0,-0.11290535137298319,-0.747783523764179,-0.7223825429316706,0,0,1397,0,486,911
Major companies,initial_trailing-e10-x20-i2-t4,both,22,22,8,11,8,-0.02916643740558078,-0.6895098434088214,-0.2674898699492329,0,0,2055,0,947,1108
Major companies,initial_trailing-e10-x20-i2-t4,long,22,22,22,22,22,0.07453806405392915,-0.4133254866161861,1.2826211770904532,0,0,1142,0,458,684
Major companies,initial_trailing-e10-x20-i2-t4,short,22,22,0,0,0,-0.13344753559259265,-0.7939619965328989,-0.7665592130108009,0,0,1249,0,680,569
Major companies,initial_trailing-e10-x20-i3-t3,both,22,22,3,8,3,-0.08602439097011383,-0.7148591240461262,-0.5528955225473815,0,0,2611,0,25,2586
Major companies,initial_trailing-e10-x20-i3-t3,long,22,22,21,22,20,0.03683187773467844,-0.41190769771703845,0.5610103317689029,0,0,1414,0,11,1403
Major companies,initial_trailing-e10-x20-i3-t3,short,22,22,0,0,0,-0.12426093642665736,-0.7434769377019005,-0.744794058119097,0,0,1343,0,16,1327
Major companies,initial_trailing-e10-x20-i3-t4,both,22,22,6,7,5,-0.04211248526172934,-0.6682468715417119,-0.3990177575426366,0,0,1820,0,409,1411
Major companies,initial_trailing-e10-x20-i3-t4,long,22,22,22,22,22,0.08622636816462548,-0.42507287597490356,1.3232912884321013,0,0,1029,0,178,851
Major companies,initial_trailing-e10-x20-i3-t4,short,22,22,0,0,0,-0.1461239828786755,-0.8052495771885655,-0.8031410067552011,0,0,1139,0,298,841
Major companies,initial_trailing-e20-x20-i2-t3,both,22,22,5,7,5,-0.05237533650042736,-0.6149747045800364,-0.3576239520072899,0,0,2097,0,603,1494
Major companies,initial_trailing-e20-x20-i2-t3,long,22,22,20,21,18,0.03572906206885573,-0.34574024134609155,0.43395308059369764,0,0,1188,0,293,895
Major companies,initial_trailing-e20-x20-i2-t3,short,22,22,0,0,0,-0.08712998568872315,-0.611046068292307,-0.5842593777166843,0,0,920,0,315,605
Major companies,initial_trailing-e20-x20-i2-t4,both,22,22,8,13,9,-0.008534508843392963,-0.5778262532642512,-0.1411886377927451,0,0,1720,0,765,955
Major companies,initial_trailing-e20-x20-i2-t4,long,22,22,21,21,21,0.07069895819759042,-0.3797858658609942,1.1683302805268225,0,0,938,0,357,581
Major companies,initial_trailing-e20-x20-i2-t4,short,22,22,0,0,0,-0.09914467800826937,-0.664874024977863,-0.6552083196792812,0,0,830,0,442,388
Major companies,initial_trailing-e20-x20-i3-t3,both,22,22,5,8,4,-0.048855391532338144,-0.6491172068707034,-0.3915369637416769,0,0,2011,0,23,1988
Major companies,initial_trailing-e20-x20-i3-t3,long,22,22,21,22,19,0.035260366773377294,-0.35983930082093596,0.5236387575413002,0,0,1131,0,10,1121
Major companies,initial_trailing-e20-x20-i3-t3,short,22,22,0,0,0,-0.09118286515147611,-0.6526731811909822,-0.6259239747222358,0,0,892,0,13,879
Major companies,initial_trailing-e20-x20-i3-t4,both,22,22,9,14,8,-0.009413969051890791,-0.6037441571244417,-0.17584648495366956,0,0,1557,0,328,1229
Major companies,initial_trailing-e20-x20-i3-t4,long,22,22,22,22,22,0.0870446653203033,-0.3718703074128724,1.4205397787264968,0,0,846,0,133,713
Major companies,initial_trailing-e20-x20-i3-t4,short,22,22,0,0,0,-0.11302217554560956,-0.7119396343348957,-0.7030237221319406,0,0,767,0,207,560
Major companies,initial_trailing-e55-x20-i2-t3,both,22,22,8,8,7,-0.0387528418394415,-0.508833992830465,-0.3434195481985369,0,0,1298,0,387,911
Major companies,initial_trailing-e55-x20-i2-t3,long,22,22,16,17,16,0.018928527028088227,-0.29462135156200925,0.236199881360029,0,0,861,0,221,640
Major companies,initial_trailing-e55-x20-i2-t3,short,22,22,0,0,0,-0.051450457298733876,-0.4672109300085221,-0.42551678595949766,0,0,437,0,166,271
Major companies,initial_trailing-e55-x20-i2-t4,both,22,22,8,13,11,-0.0048203216510623315,-0.46532815066053795,-0.0779271071634351,0,0,1076,0,493,583
Major companies,initial_trailing-e55-x20-i2-t4,long,22,22,17,19,17,0.048244368178016694,-0.2849667427042297,0.5896435421579362,0,0,677,0,262,415
Major companies,initial_trailing-e55-x20-i2-t4,short,22,22,0,0,0,-0.052360342850083175,-0.5103997181416609,-0.4289486149187172,0,0,399,0,231,168
Major companies,initial_trailing-e55-x20-i3-t3,both,22,22,6,9,7,-0.03413277797898534,-0.5671113061430371,-0.3302282591581367,0,0,1244,0,19,1225
Major companies,initial_trailing-e55-x20-i3-t3,long,22,22,14,18,14,0.02032146656611289,-0.3041725204459417,0.19201109612529843,0,0,825,0,12,813
Major companies,initial_trailing-e55-x20-i3-t3,short,22,22,0,0,0,-0.0556255737259575,-0.48793271732288346,-0.46562985209801816,0,0,419,0,7,412
Major companies,initial_trailing-e55-x20-i3-t4,both,22,22,10,12,11,0.0012456237071363785,-0.5048136472088627,-0.022817373195167523,0,0,977,0,203,774
Major companies,initial_trailing-e55-x20-i3-t4,long,22,22,18,20,19,0.04731411848541622,-0.30369409842929934,0.5643971863625954,0,0,614,0,108,506
Major companies,initial_trailing-e55-x20-i3-t4,short,22,22,0,0,0,-0.061652016070572024,-0.5228443014954134,-0.47125703529900737,0,0,363,0,95,268
Major companies,initial_trailing-e200-x20-i2-t3,both,22,22,7,10,7,-0.010571892076833012,-0.4166570207542002,-0.09914106778888682,0,0,745,0,209,536
Major companies,initial_trailing-e200-x20-i2-t3,long,22,22,13,16,13,0.00910783827192907,-0.2635867813626766,0.09331553690254579,0,0,616,0,163,453
Major companies,initial_trailing-e200-x20-i2-t3,short,22,22,0,0,0,-0.024369955183912106,-0.3373963103008273,-0.21549651186578395,7,0,129,0,46,83
Major companies,initial_trailing-e200-x20-i2-t4,both,22,22,10,11,10,-0.006269757628975137,-0.4374591676704312,-0.058777939318364114,0,0,616,0,278,338
Major companies,initial_trailing-e200-x20-i2-t4,long,22,22,16,18,16,0.011691553303975977,-0.2742269237729113,0.12189695015833024,0,0,500,0,204,296
Major companies,initial_trailing-e200-x20-i2-t4,short,22,22,0,0,0,-0.021578317645401024,-0.30545156870256923,-0.19313302535594046,10,0,116,0,74,42
Major companies,initial_trailing-e200-x20-i3-t3,both,22,22,9,11,9,-0.010588498288341575,-0.408901467665759,-0.09873825324720509,0,0,709,0,11,698
Major companies,initial_trailing-e200-x20-i3-t3,long,22,22,15,16,15,0.011220927469752784,-0.2368154961211742,0.11605216249980577,0,0,587,0,7,580
Major companies,initial_trailing-e200-x20-i3-t3,short,22,22,1,1,1,-0.027043135856033906,-0.3103749534349303,-0.23631841856775093,7,0,122,0,4,118
Major companies,initial_trailing-e200-x20-i3-t4,both,22,22,12,15,12,0.013586051391281218,-0.38283696181888455,0.14212468693232516,0,0,539,0,92,447
Major companies,initial_trailing-e200-x20-i3-t4,long,22,22,18,20,18,0.028293914159315814,-0.27119937587247384,0.3162961596629502,0,0,438,0,67,371
Major companies,initial_trailing-e200-x20-i3-t4,short,22,22,1,1,1,-0.02048566392391954,-0.2751061790651174,-0.1842414015353374,10,0,101,0,25,76
Major companies,all-e10-x10-i2-t3,both,22,22,5,7,5,-0.07137974281834486,-0.7017215310355918,-0.5390197128099807,0,0,2860,457,807,1596
Major companies,all-e10-x10-i2-t3,long,22,22,19,22,18,0.02758895106772863,-0.3712423916232758,0.41513284060992306,0,0,1549,265,385,899
Major companies,all-e10-x10-i2-t3,short,22,22,0,0,0,-0.1179292915415337,-0.7447156104077788,-0.7307665325707521,0,0,1437,233,456,748
Major companies,all-e10-x10-i2-t4,both,22,22,5,9,5,-0.049708506499018645,-0.6698979634638602,-0.44496395714038656,0,0,2478,983,955,540
Major companies,all-e10-x10-i2-t4,long,22,22,22,22,21,0.039234406351051354,-0.3522890095619261,0.6353065453198296,0,0,1390,597,458,335
Major companies,all-e10-x10-i2-t4,short,22,22,0,0,0,-0.12876305305572483,-0.7670417523267687,-0.7597474654576568,0,0,1356,508,587,261
Major companies,all-e10-x10-i3-t3,both,22,22,4,8,2,-0.07672500504473784,-0.7166469952991908,-0.5538614947990647,0,0,2742,555,22,2165
Major companies,all-e10-x10-i3-t3,long,22,22,19,22,19,0.03490790126263088,-0.3943603175734956,0.5482466414233162,0,0,1491,317,10,1164
Major companies,all-e10-x10-i3-t3,short,22,22,0,0,0,-0.12577965578080713,-0.7432621840718662,-0.7409734450172933,0,0,1395,305,16,1074
Major companies,all-e10-x10-i3-t4,both,22,22,5,8,5,-0.06675301662047745,-0.6735555311904764,-0.4924135724897033,0,0,2271,1262,314,695
Major companies,all-e10-x10-i3-t4,long,22,22,21,22,20,0.0567305354240224,-0.39319774044455186,0.9418619358844755,0,0,1307,757,142,408
Major companies,all-e10-x10-i3-t4,short,22,22,0,0,0,-0.14269000158710593,-0.8002222587447554,-0.7921004358068339,0,0,1294,730,193,371
Major companies,all-e10-x20-i2-t3,both,22,22,5,6,5,-0.07469466513085254,-0.7020084271749407,-0.5516214653758139,0,0,2750,30,828,1892
Major companies,all-e10-x20-i2-t3,long,22,22,21,22,20,0.03344515620105393,-0.37701405171608593,0.5101708583833824,0,0,1483,16,398,1069
Major companies,all-e10-x20-i2-t3,short,22,22,0,0,0,-0.11157249511969547,-0.7412964537660751,-0.7139170749635992,0,0,1403,22,483,898
Major companies,all-e10-x20-i2-t4,both,22,22,6,10,6,-0.04348759042812672,-0.6833600956307058,-0.3465143365414929,0,0,2101,182,946,973
Major companies,all-e10-x20-i2-t4,long,22,22,22,22,22,0.0698196330196823,-0.39831874380203874,1.0834946961400147,0,0,1174,114,456,604
Major companies,all-e10-x20-i2-t4,short,22,22,0,0,0,-0.1285072172376886,-0.7911566248691309,-0.7622943355712426,0,0,1266,103,671,492
Major companies,all-e10-x20-i3-t3,both,22,22,3,8,2,-0.07744543936081438,-0.7071225526763925,-0.524502323498854,0,0,2625,57,23,2545
Major companies,all-e10-x20-i3-t3,long,22,22,21,22,21,0.038876399438114495,-0.40901350939990744,0.5368309074996803,0,0,1423,31,10,1382
Major companies,all-e10-x20-i3-t3,short,22,22,0,0,0,-0.12307537569812316,-0.7423263385317218,-0.7460031185901637,0,0,1354,53,15,1286
Major companies,all-e10-x20-i3-t4,both,22,22,6,7,5,-0.04504326903040562,-0.6753693650551682,-0.389598413132729,0,0,1880,254,386,1240
Major companies,all-e10-x20-i3-t4,long,22,22,22,22,22,0.07179865216315684,-0.40468800926442794,1.0089831794281254,0,0,1071,165,159,747
Major companies,all-e10-x20-i3-t4,short,22,22,0,0,0,-0.14379600218968736,-0.8083968990884469,-0.7956943585036783,0,0,1173,208,246,719
Major companies,all-e10-x55-i2-t3,both,22,22,5,6,5,-0.0765310970599678,-0.6979649259066176,-0.555349451559065,0,0,2737,5,834,1898
Major companies,all-e10-x55-i2-t3,long,22,22,19,22,20,0.036195735597355116,-0.37701405171608643,0.43181810883645066,0,0,1471,4,403,1064
Major companies,all-e10-x55-i2-t3,short,22,22,0,0,0,-0.11157249511969569,-0.7412964537660751,-0.7096749260473049,0,0,1395,6,480,909
Major companies,all-e10-x55-i2-t4,both,22,22,8,11,8,-0.029166437405580614,-0.6895098434088214,-0.2868050312673698,0,0,2058,1,965,1092
Major companies,all-e10-x55-i2-t4,long,22,22,22,22,22,0.07453806405392904,-0.41332548661618596,1.0470590257100096,0,0,1139,4,464,671
Major companies,all-e10-x55-i2-t4,short,22,22,0,0,0,-0.1314959587080496,-0.7939619965328989,-0.761508555032387,0,0,1247,9,672,566
Major companies,all-e10-x55-i3-t3,both,22,22,3,6,3,-0.07675351988790524,-0.7071225526763925,-0.558172836624017,0,0,2605,11,25,2569
Major companies,all-e10-x55-i3-t3,long,22,22,20,22,20,0.03807784125076874,-0.4119076977170386,0.4753921539375834,0,0,1409,6,12,1391
Major companies,all-e10-x55-i3-t3,short,22,22,0,0,0,-0.12120750352749071,-0.7384222873378683,-0.7326000147473536,0,0,1343,18,15,1310
Major companies,all-e10-x55-i3-t4,both,22,22,6,7,5,-0.04211248526172928,-0.6682468715417129,-0.44251988289834543,0,0,1819,9,411,1399
Major companies,all-e10-x55-i3-t4,long,22,22,22,22,22,0.08382869235612245,-0.42357577551264675,1.1587229905696437,0,0,1029,17,176,836
Major companies,all-e10-x55-i3-t4,short,22,22,0,0,0,-0.1474462117401807,-0.8101766313401615,-0.8059467293054441,0,0,1144,51,267,826
Major companies,all-e20-x10-i2-t3,both,22,22,5,7,4,-0.04834783553327976,-0.6172056864217681,-0.4129167213029243,0,0,2170,332,585,1253
Major companies,all-e20-x10-i2-t3,long,22,22,19,20,19,0.03389112974319253,-0.3268853653330632,0.4511730481919355,0,0,1239,201,290,748
Major companies,all-e20-x10-i2-t3,short,22,22,0,0,0,-0.08406042542381181,-0.5958784394203489,-0.5836823476066921,0,0,940,133,300,507
Major companies,all-e20-x10-i2-t4,both,22,22,4,8,4,-0.045721663691556225,-0.6117014097389488,-0.4081544221438149,0,0,1985,783,742,460
Major companies,all-e20-x10-i2-t4,long,22,22,19,20,20,0.04591292126084168,-0.3404956894837098,0.6537107072527264,0,0,1116,471,356,289
Major companies,all-e20-x10-i2-t4,short,22,22,0,0,0,-0.09877672247719033,-0.6569298329189138,-0.6561125026662846,0,0,895,324,398,173
Major companies,all-e20-x10-i3-t3,both,22,22,5,6,4,-0.05416059613696661,-0.6350937856775429,-0.41448199560412696,0,0,2089,404,22,1663
Major companies,all-e20-x10-i3-t3,long,22,22,20,22,19,0.036309948354443566,-0.348535736153361,0.3878944612695622,0,0,1187,243,11,933
Major companies,all-e20-x10-i3-t3,short,22,22,0,0,0,-0.08727175136332721,-0.631246428813409,-0.5964373600944112,0,0,914,167,11,736
Major companies,all-e20-x10-i3-t4,both,22,22,4,7,4,-0.04787306861078228,-0.6424235171651358,-0.3448448195552621,0,0,1863,1028,249,586
Major companies,all-e20-x10-i3-t4,long,22,22,20,22,21,0.04876373402751333,-0.35475203592458554,0.729142281245399,0,0,1046,597,102,347
Major companies,all-e20-x10-i3-t4,short,22,22,0,0,0,-0.1054267471701083,-0.6929528778552096,-0.6899923010221558,0,0,851,452,153,246
Major companies,all-e20-x20-i2-t3,both,22,22,5,6,5,-0.05483467667167391,-0.609193785274118,-0.3576239520072899,0,0,2107,25,602,1480
Major companies,all-e20-x20-i2-t3,long,22,22,20,21,18,0.03592548901268766,-0.3457402413460915,0.4516946597897863,0,0,1195,16,293,886
Major companies,all-e20-x20-i2-t3,short,22,22,0,0,0,-0.0871299856887231,-0.6107716481889673,-0.6003682428408585,0,0,923,9,316,598
Major companies,all-e20-x20-i2-t4,both,22,22,7,11,8,-0.02447648845431849,-0.591760020557568,-0.2508371228362965,0,0,1760,149,762,849
Major companies,all-e20-x20-i2-t4,long,22,22,21,21,21,0.0635876695363875,-0.36863010841038857,0.965409283122598,0,0,962,95,350,517
Major companies,all-e20-x20-i2-t4,short,22,22,0,0,0,-0.10150124461056764,-0.6632714759565566,-0.6633406431854947,0,0,842,60,440,342
Major companies,all-e20-x20-i3-t3,both,22,22,5,8,4,-0.04952896596818096,-0.6348276893410056,-0.3959408840969612,0,0,2021,33,23,1965
Major companies,all-e20-x20-i3-t3,long,22,22,22,22,19,0.036932502029988434,-0.359839300820936,0.47429807642634614,0,0,1139,22,10,1107
Major companies,all-e20-x20-i3-t3,short,22,22,0,0,0,-0.09128299746479818,-0.6526731811909822,-0.6263177426504044,0,0,894,13,13,868
Major companies,all-e20-x20-i3-t4,both,22,22,7,10,6,-0.02543749730363759,-0.6088269382990197,-0.28948984348807777,0,0,1605,209,317,1079
Major companies,all-e20-x20-i3-t4,long,22,22,22,22,22,0.08404199563354475,-0.37082974549147973,1.242226022236945,0,0,873,121,129,623
Major companies,all-e20-x20-i3-t4,short,22,22,0,0,0,-0.11380159761858,-0.7055975038852575,-0.7033110585128115,0,0,781,99,196,486
Major companies,all-e20-x55-i2-t3,both,22,22,5,6,5,-0.05237533650042725,-0.6091937852741185,-0.4091731357204946,0,0,2090,2,606,1482
Major companies,all-e20-x55-i2-t3,long,22,22,18,21,18,0.03572906206885551,-0.3457402413460912,0.39222431415422143,0,0,1180,2,295,883
Major companies,all-e20-x55-i2-t3,short,22,22,0,0,0,-0.08712998568872315,-0.611046068292307,-0.5842593777166843,0,0,919,0,315,604
Major companies,all-e20-x55-i2-t4,both,22,22,8,13,9,-0.008534508843392963,-0.5778262532642511,-0.17764948226421257,0,0,1716,0,773,943
Major companies,all-e20-x55-i2-t4,long,22,22,21,21,21,0.07069895819759031,-0.37978586586099444,0.9996994942788368,0,0,932,2,360,570
Major companies,all-e20-x55-i2-t4,short,22,22,0,0,0,-0.09914467800826937,-0.664874024977863,-0.6552083196792812,0,0,829,0,442,387
Major companies,all-e20-x55-i3-t3,both,22,22,4,7,4,-0.048855391532338366,-0.636205873311433,-0.4132582177293007,0,0,2006,3,24,1979
Major companies,all-e20-x55-i3-t3,long,22,22,20,22,20,0.03693250202998832,-0.3598393008209361,0.4074603812744666,0,0,1126,4,11,1111
Major companies,all-e20-x55-i3-t3,short,22,22,0,0,0,-0.09118286515147611,-0.6526731811909822,-0.6259239747222358,0,0,891,0,13,878
Major companies,all-e20-x55-i3-t4,both,22,22,8,10,7,-0.012440762865203903,-0.6053470422442814,-0.21182632797877216,0,0,1554,3,335,1216
Major companies,all-e20-x55-i3-t4,long,22,22,22,22,22,0.08793776531285113,-0.3718703074128727,1.2013778574892027,0,0,844,7,136,701
Major companies,all-e20-x55-i3-t4,short,22,22,0,0,0,-0.11302217554560956,-0.7119396343348957,-0.7030237221319406,0,0,767,2,206,559
Major companies,all-e55-x10-i2-t3,both,22,22,7,8,7,-0.03526461478273779,-0.5193585860634704,-0.3218820235354615,0,0,1335,183,371,781
Major companies,all-e55-x10-i2-t3,long,22,22,16,16,16,0.013824385273086826,-0.2922175994414643,0.19933559410828638,0,0,891,127,215,549
Major companies,all-e55-x10-i2-t3,short,22,22,0,0,0,-0.05803757434410034,-0.46801974962296966,-0.46268982018372123,0,0,444,56,156,232
Major companies,all-e55-x10-i2-t4,both,22,22,5,10,5,-0.02175803752141542,-0.46480918764880336,-0.19181827889571157,0,0,1219,450,474,295
Major companies,all-e55-x10-i2-t4,long,22,22,17,17,17,0.03411989032222007,-0.30357327671540413,0.42728377688732755,0,0,797,321,262,214
Major companies,all-e55-x10-i2-t4,short,22,22,0,0,0,-0.057365813044595926,-0.5199695474030204,-0.44436092227640295,0,0,422,129,212,81
Major companies,all-e55-x10-i3-t3,both,22,22,6,8,6,-0.040654405573349484,-0.5458130555859229,-0.35024531301088874,0,0,1285,225,16,1044
Major companies,all-e55-x10-i3-t3,long,22,22,14,17,14,0.01551839053061621,-0.3011931595768874,0.20589845423119835,0,0,855,149,11,695
Major companies,all-e55-x10-i3-t3,short,22,22,0,0,0,-0.06398366955004242,-0.49853216741749135,-0.48255931477926417,0,0,430,76,5,349
Major companies,all-e55-x10-i3-t4,both,22,22,7,9,7,-0.025682708641460772,-0.5027836856461244,-0.23700127691538386,0,0,1146,599,159,388
Major companies,all-e55-x10-i3-t4,long,22,22,17,19,18,0.03674756746527197,-0.3008622163056435,0.4175298358567765,0,0,747,397,90,260
Major companies,all-e55-x10-i3-t4,short,22,22,0,0,0,-0.05959790641060819,-0.508528082860755,-0.47189024095100957,0,0,399,202,69,128
Major companies,all-e55-x20-i2-t3,both,22,22,7,8,7,-0.0387528418394415,-0.5088339928304652,-0.3434195481985369,0,0,1300,9,385,906
Major companies,all-e55-x20-i2-t3,long,22,22,16,17,16,0.01676046491580263,-0.29462135156200925,0.236199881360029,0,0,863,4,221,638
Major companies,all-e55-x20-i2-t3,short,22,22,0,0,0,-0.051450457298733876,-0.4672109300085221,-0.42551678595949766,0,0,437,5,164,268
Major companies,all-e55-x20-i2-t4,both,22,22,7,12,8,-0.015279234328471225,-0.4558904774366671,-0.13640013247910288,0,0,1092,85,484,523
Major companies,all-e55-x20-i2-t4,long,22,22,17,19,17,0.046734226816315005,-0.2838237206881211,0.5629808792512538,0,0,689,59,257,373
Major companies,all-e55-x20-i2-t4,short,22,22,0,0,0,-0.05474677303943504,-0.5180488566302066,-0.43295077001048266,0,0,403,26,227,150
Major companies,all-e55-x20-i3-t3,both,22,22,5,8,7,-0.033662663871344645,-0.5671113061430377,-0.32702203514229505,0,0,1248,16,18,1214
Major companies,all-e55-x20-i3-t3,long,22,22,14,18,14,0.020584708519956862,-0.3031497163384762,0.194980839081216,0,0,828,9,11,808
Major companies,all-e55-x20-i3-t3,short,22,22,0,0,0,-0.0556255737259575,-0.48793271732288346,-0.45762720976210997,0,0,420,7,7,406
Major companies,all-e55-x20-i3-t4,both,22,22,9,10,10,-0.015128770967910377,-0.48288747396284015,-0.19524042573658712,0,0,997,117,195,685
Major companies,all-e55-x20-i3-t4,long,22,22,18,19,18,0.043389187764878545,-0.30403637968110575,0.45642088388616175,0,0,629,76,104,449
Major companies,all-e55-x20-i3-t4,short,22,22,0,0,0,-0.06494040495084974,-0.5447299836656614,-0.49439137895135243,0,0,368,41,91,236
Major companies,all-e55-x55-i2-t3,both,22,22,8,8,7,-0.0387528418394415,-0.5088339928304652,-0.3434195481985369,0,0,1298,1,386,911
Major companies,all-e55-x55-i2-t3,long,22,22,16,17,16,0.018928527028088227,-0.29462135156200925,0.236199881360029,0,0,861,0,221,640
Major companies,all-e55-x55-i2-t3,short,22,22,0,0,0,-0.051450457298733876,-0.4672109300085221,-0.42551678595949766,0,0,437,1,165,271
Major companies,all-e55-x55-i2-t4,both,22,22,8,13,11,-0.0048203216510623315,-0.46532815066053795,-0.0779271071634351,0,0,1076,1,492,583
Major companies,all-e55-x55-i2-t4,long,22,22,17,19,17,0.048244368178016694,-0.2849667427042297,0.5896435421579362,0,0,677,0,262,415
Major companies,all-e55-x55-i2-t4,short,22,22,0,0,0,-0.052360342850083175,-0.5103997181416609,-0.4289486149187172,0,0,399,1,230,168
Major companies,all-e55-x55-i3-t3,both,22,22,6,9,7,-0.03413277797898534,-0.5671113061430374,-0.3302282591581367,0,0,1244,1,19,1224
Major companies,all-e55-x55-i3-t3,long,22,22,14,18,14,0.02032146656611289,-0.3041725204459417,0.19201109612529843,0,0,825,0,12,813
Major companies,all-e55-x55-i3-t3,short,22,22,0,0,0,-0.0556255737259575,-0.48793271732288346,-0.45762720976210997,0,0,419,1,7,411
Major companies,all-e55-x55-i3-t4,both,22,22,10,12,11,0.0012456237071363785,-0.5048136472088627,-0.022817373195167523,0,0,977,1,203,773
Major companies,all-e55-x55-i3-t4,long,22,22,18,20,19,0.04731411848541622,-0.30369409842929934,0.5643971863625954,0,0,614,0,108,506
Major companies,all-e55-x55-i3-t4,short,22,22,0,0,0,-0.061652016070572024,-0.5228443014954134,-0.47125703529900737,0,0,363,1,95,267
Major companies,all-e200-x10-i2-t3,both,22,22,7,11,7,-0.014196760709786316,-0.41645525542304657,-0.13118289827492657,0,0,767,96,202,469
Major companies,all-e200-x10-i2-t3,long,22,22,12,16,12,0.00323184214323613,-0.2637128923500155,0.03227778298153017,0,0,636,78,160,398
Major companies,all-e200-x10-i2-t3,short,22,22,0,0,0,-0.02191741906829192,-0.317261387312806,-0.19544537653399147,7,0,131,18,42,71
Major companies,all-e200-x10-i2-t4,both,22,22,11,13,11,0.0004771531757178926,-0.40482930216458607,0.0048089726066529725,0,0,691,246,263,182
Major companies,all-e200-x10-i2-t4,long,22,22,15,18,15,0.013812170526303347,-0.2696281965953645,0.14451655818054587,0,0,567,206,198,163
Major companies,all-e200-x10-i2-t4,short,22,22,0,1,0,-0.02141733992916317,-0.29592356553161864,-0.19183440013494796,8,0,124,40,65,19
Major companies,all-e200-x10-i3-t3,both,22,22,9,10,9,-0.012993531700474514,-0.40728769297824924,-0.12051590327023953,0,0,731,113,10,608
Major companies,all-e200-x10-i3-t3,long,22,22,14,16,14,0.006253234925889473,-0.25013139646551114,0.06326168822550915,0,0,607,90,7,510
Major companies,all-e200-x10-i3-t3,short,22,22,1,1,1,-0.02339848677485462,-0.2875552421707261,-0.20781101082270537,7,0,124,23,3,98
Major companies,all-e200-x10-i3-t4,both,22,22,13,14,13,0.008215866616520406,-0.3774244551972571,0.08501903173689673,0,0,627,311,76,240
Major companies,all-e200-x10-i3-t4,long,22,22,19,20,19,0.018366983860312103,-0.24006382343855087,0.19624436469312556,0,0,517,254,59,204
Major companies,all-e200-x10-i3-t4,short,22,22,1,1,1,-0.018780570107858052,-0.2886238463376715,-0.17018397891937803,9,0,110,57,17,36
Major companies,all-e200-x20-i2-t3,both,22,22,7,11,7,-0.011969563397312033,-0.4166570207542002,-0.11171133664576166,0,0,747,7,206,534
Major companies,all-e200-x20-i2-t3,long,22,22,15,16,15,0.008823005926504535,-0.2635867813626766,0.09028270358489066,0,0,618,5,161,452
Major companies,all-e200-x20-i2-t3,short,22,22,0,0,0,-0.024369955183912106,-0.33690924616670814,-0.21549651186578395,7,0,129,2,45,82
Major companies,all-e200-x20-i2-t4,both,22,22,11,11,11,-0.008281030709396675,-0.4317371432775504,-0.07575440519225951,0,0,626,42,270,314
Major companies,all-e200-x20-i2-t4,long,22,22,16,18,16,0.012400660607437608,-0.2742269237729117,0.1295723240469988,0,0,507,34,197,276
Major companies,all-e200-x20-i2-t4,short,22,22,0,0,0,-0.02100429696733619,-0.30545156870256923,-0.18840443405544344,9,0,119,8,73,38
Major companies,all-e200-x20-i3-t3,both,22,22,9,10,9,-0.009820532227590162,-0.408901467665759,-0.09237557737135571,0,0,711,8,9,694
Major companies,all-e200-x20-i3-t3,long,22,22,15,16,15,0.011131497727138173,-0.23487027490585133,0.11508091193265613,0,0,589,6,5,578
Major companies,all-e200-x20-i3-t3,short,22,22,1,1,1,-0.027043135856033906,-0.3103749534349303,-0.23631841856775093,7,0,122,2,4,116
Major companies,all-e200-x20-i3-t4,both,22,22,12,15,12,0.006892322601773415,-0.3793743024726276,0.07041824831345167,0,0,551,58,86,407
Major companies,all-e200-x20-i3-t4,long,22,22,19,20,19,0.02827789816175219,-0.258723004076669,0.31666379111149645,0,0,447,46,63,338
Major companies,all-e200-x20-i3-t4,short,22,22,1,1,1,-0.022780149500325975,-0.2751061790651174,-0.20285283666327592,9,0,104,12,23,69
Major companies,all-e200-x55-i2-t3,both,22,22,7,10,7,-0.010571892076833012,-0.4166570207542002,-0.09914106778888682,0,0,745,0,209,536
Major companies,all-e200-x55-i2-t3,long,22,22,13,16,13,0.00910783827192907,-0.2635867813626766,0.09331553690254579,0,0,616,0,163,453
Major companies,all-e200-x55-i2-t3,short,22,22,0,0,0,-0.024369955183912106,-0.3373963103008273,-0.21549651186578395,7,0,129,0,46,83
Major companies,all-e200-x55-i2-t4,both,22,22,10,11,10,-0.006269757628975137,-0.4374591676704312,-0.058777939318364114,0,0,616,0,278,338
Major companies,all-e200-x55-i2-t4,long,22,22,16,18,16,0.011691553303975977,-0.2742269237729113,0.12189695015833024,0,0,500,0,204,296
Major companies,all-e200-x55-i2-t4,short,22,22,0,0,0,-0.021578317645401024,-0.30545156870256923,-0.19313302535594046,10,0,116,0,74,42
Major companies,all-e200-x55-i3-t3,both,22,22,9,11,9,-0.010588498288341575,-0.408901467665759,-0.09873825324720509,0,0,709,0,11,698
Major companies,all-e200-x55-i3-t3,long,22,22,15,16,15,0.011220927469752784,-0.2368154961211742,0.11605216249980577,0,0,587,0,7,580
Major companies,all-e200-x55-i3-t3,short,22,22,1,1,1,-0.027043135856033906,-0.3103749534349303,-0.23631841856775093,7,0,122,0,4,118
Major companies,all-e200-x55-i3-t4,both,22,22,12,15,12,0.013586051391281218,-0.38283696181888455,0.14212468693232516,0,0,539,0,92,447
Major companies,all-e200-x55-i3-t4,long,22,22,18,20,18,0.028293914159315814,-0.27119937587247384,0.3162961596629502,0,0,438,0,67,371
Major companies,all-e200-x55-i3-t4,short,22,22,1,1,1,-0.02048566392391954,-0.2751061790651174,-0.1842414015353374,10,0,101,0,25,76
Other instruments,channel-e10-x10-i2-t3,both,618,602,90,151,84,-0.07499926463771311,-0.7371659518681617,-0.5353788869034541,0,1,52848,52848,0,0
Other instruments,channel-e10-x10-i2-t3,long,618,602,452,517,438,0.029106519458583224,-0.46041107220775895,0.35959221020106025,0,0,32846,32846,0,0
Other instruments,channel-e10-x10-i2-t3,short,618,602,4,17,5,-0.11447168472885033,-0.747288785584105,-0.702985955389088,0,2,32510,32510,0,0
Other instruments,channel-e10-x20-i2-t3,both,618,602,154,201,143,-0.053512265494552125,-0.7001032563900687,-0.40816905384197094,0,2,32080,32080,0,0
Other instruments,channel-e10-x20-i2-t3,long,618,602,486,528,484,0.05218501487780325,-0.4815551095160042,0.7054390219360461,0,0,22635,22635,0,0
Other instruments,channel-e10-x20-i2-t3,short,618,602,9,16,5,-0.12506780164753856,-0.7700239378034122,-0.7390591516753857,0,3,25422,25422,0,0
Other instruments,channel-e10-x55-i2-t3,both,618,602,164,185,167,-0.05268600890847114,-0.7239522514044956,-0.40799241647881634,2,5,14063,14063,0,0
Other instruments,channel-e10-x55-i2-t3,long,618,602,509,528,511,0.08208742405415492,-0.5124945951411802,1.1601324456597069,1,0,11623,11623,0,0
Other instruments,channel-e10-x55-i2-t3,short,618,602,14,15,10,-0.1326404114472759,-0.7963319723805592,-0.7590470472660731,1,4,17294,17294,0,0
Other instruments,channel-e20-x10-i2-t3,both,618,602,100,154,93,-0.06645727329220785,-0.6995941179624037,-0.4868675747221539,0,1,45564,45564,0,0
Other instruments,channel-e20-x10-i2-t3,long,618,602,429,482,416,0.02364366554514874,-0.4351177537054128,0.26020588044182213,0,0,25783,25783,0,0
Other instruments,channel-e20-x10-i2-t3,short,618,602,10,19,15,-0.08721108814434164,-0.6578477436315975,-0.6068064272379764,0,2,22386,22386,0,0
Other instruments,channel-e20-x20-i2-t3,both,618,602,150,200,152,-0.05584499575427965,-0.6956023125977211,-0.4035965637134157,0,2,30497,30497,0,0
Other instruments,channel-e20-x20-i2-t3,long,618,602,479,503,463,0.04424304980855287,-0.45469516234741436,0.5279850817391083,0,0,18371,18371,0,0
Other instruments,channel-e20-x20-i2-t3,short,618,602,20,21,14,-0.09540928942135202,-0.6947002806964158,-0.6436764428360123,0,4,18096,18096,0,0
Other instruments,channel-e20-x55-i2-t3,both,618,602,172,190,169,-0.05444334105601134,-0.7212705052532573,-0.42086491935622616,2,5,13392,13392,0,0
Other instruments,channel-e20-x55-i2-t3,long,618,602,501,511,500,0.0725662448860932,-0.4928919574343499,0.9133071128823879,1,0,9683,9683,0,0
Other instruments,channel-e20-x55-i2-t3,short,618,602,12,14,9,-0.11692733399326471,-0.7535657142146096,-0.7105189877536207,1,5,12577,12577,0,0
Other instruments,channel-e55-x10-i2-t3,both,618,602,106,148,104,-0.04917641814957774,-0.6067224197118896,-0.3989911341382619,0,1,28944,28944,0,0
Other instruments,channel-e55-x10-i2-t3,long,618,602,329,389,335,0.004966158898045081,-0.38808432323767844,0.04573267730690023,1,0,17473,17473,0,0
Other instruments,channel-e55-x10-i2-t3,short,618,602,22,38,26,-0.053634275394532305,-0.5222712200861555,-0.416915377138193,1,1,11560,11560,0,0
Other instruments,channel-e55-x20-i2-t3,both,618,602,144,179,150,-0.05016370739902298,-0.6470876526620928,-0.39768350756738785,0,1,22090,22090,0,0
Other instruments,channel-e55-x20-i2-t3,long,618,602,383,418,393,0.01985054408163167,-0.4082954538384957,0.16278526059861398,2,0,12739,12739,0,0
Other instruments,channel-e55-x20-i2-t3,short,618,602,25,32,29,-0.06492764844402082,-0.5793447920533249,-0.4870660255348223,2,1,9630,9630,0,0
Other instruments,channel-e55-x55-i2-t3,both,618,602,161,179,164,-0.05569146605194314,-0.7275200912997257,-0.42021642258123937,3,4,12624,12624,0,0
Other instruments,channel-e55-x55-i2-t3,long,618,602,444,458,445,0.04282314137391974,-0.4719169144714072,0.5339048925793569,10,0,7309,7309,0,0
Other instruments,channel-e55-x55-i2-t3,short,618,602,13,16,13,-0.09832641908466211,-0.6975888469262878,-0.6300812831750056,13,3,7206,7206,0,0
Other instruments,channel-e200-x10-i2-t3,both,618,602,183,238,179,-0.020085014624348585,-0.4628671773340045,-0.16726406961879797,2,1,15002,15002,0,0
Other instruments,channel-e200-x10-i2-t3,long,618,602,328,386,324,0.004886505621314652,-0.3011897907212335,0.034263525007407036,12,0,10784,10784,0,0
Other instruments,channel-e200-x10-i2-t3,short,618,602,97,113,95,-0.0261836767121435,-0.3524967661232813,-0.2150112498227233,118,1,4232,4232,0,0
Other instruments,channel-e200-x20-i2-t3,both,618,602,207,246,203,-0.019346738460982615,-0.512688362018467,-0.15731291013904586,4,1,11329,11329,0,0
Other instruments,channel-e200-x20-i2-t3,long,618,602,375,402,371,0.011651545950444375,-0.33265769802157324,0.11078838578668937,14,0,7751,7751,0,0
Other instruments,channel-e200-x20-i2-t3,short,618,602,82,93,81,-0.03250136534310044,-0.40348267703758844,-0.25669298766945375,174,1,3587,3587,0,0
Other instruments,channel-e200-x55-i2-t3,both,618,602,209,225,206,-0.028322722071091155,-0.6138237345409344,-0.24053638645397574,17,8,7133,7133,0,0
Other instruments,channel-e200-x55-i2-t3,long,618,602,423,432,420,0.02729090224701991,-0.39051482805055815,0.28131062991288547,41,0,4463,4463,0,0
Other instruments,channel-e200-x55-i2-t3,short,618,602,48,53,47,-0.05264842159092542,-0.5177163973217709,-0.3899565495873719,306,7,2716,2716,0,0
Other instruments,channel_initial-e10-x10-i2-t3,both,618,602,90,170,78,-0.07344744575328777,-0.7334880262012977,-0.5355092664252252,0,1,62135,35984,26151,0
Other instruments,channel_initial-e10-x10-i2-t3,long,618,602,411,499,395,0.02251188825588024,-0.47003426965358985,0.26538942112172614,0,0,35812,22514,13298,0
Other instruments,channel_initial-e10-x10-i2-t3,short,618,602,4,17,6,-0.10486115200159263,-0.7123495540807865,-0.670375054949145,0,2,35304,19032,16272,0
Other instruments,channel_initial-e10-x10-i3-t3,both,618,602,96,168,91,-0.0763403964259709,-0.7240279417957791,-0.536440773091184,0,1,55694,45596,10098,0
Other instruments,channel_initial-e10-x10-i3-t3,long,618,602,448,515,433,0.027900861110423336,-0.45581631232031583,0.3518625496474771,0,0,33434,28467,4967,0
Other instruments,channel_initial-e10-x10-i3-t3,short,618,602,5,13,6,-0.1116583186470404,-0.7346772019230322,-0.6948025008184942,0,2,33119,26636,6483,0
Other instruments,channel_initial-e10-x20-i2-t3,both,618,602,150,212,135,-0.061349512049946486,-0.7128637485251442,-0.4398635857713463,0,1,44227,19440,24787,0
Other instruments,channel_initial-e10-x20-i2-t3,long,618,602,470,517,458,0.0411185806500356,-0.47961748047454794,0.5502581057540514,0,0,27114,13585,13529,0
Other instruments,channel_initial-e10-x20-i2-t3,short,618,602,14,21,10,-0.10989956171584053,-0.7321374528747164,-0.6972078948423426,0,3,30270,11571,18699,0
Other instruments,channel_initial-e10-x20-i3-t3,both,618,602,155,204,143,-0.054454208697258255,-0.7146322076293514,-0.3995140685264904,0,2,36562,24016,12546,0
Other instruments,channel_initial-e10-x20-i3-t3,long,618,602,496,529,479,0.051814752119208274,-0.48562110873797754,0.6957224026909166,0,0,23859,17303,6556,0
Other instruments,channel_initial-e10-x20-i3-t3,short,618,602,14,16,9,-0.11984706621931907,-0.7587590421599668,-0.7231914276693777,0,3,26900,17202,9698,0
Other instruments,channel_initial-e10-x55-i2-t3,both,618,602,201,240,201,-0.03650392253182844,-0.6989899605030361,-0.3386370313430154,1,2,26485,7054,19431,0
Other instruments,channel_initial-e10-x55-i2-t3,long,618,602,485,511,494,0.06738193966177886,-0.5000250428122144,0.8911274601403503,1,0,16421,5826,10595,0
Other instruments,channel_initial-e10-x55-i2-t3,short,618,602,13,18,9,-0.11837678141668023,-0.7522402454114396,-0.711556508644756,0,3,23988,4834,19154,0
Other instruments,channel_initial-e10-x55-i3-t3,both,618,602,171,213,186,-0.04275285691739161,-0.7028272272616586,-0.3588551429574859,1,2,20142,8190,11952,0
Other instruments,channel_initial-e10-x55-i3-t3,long,618,602,508,524,508,0.07786730734758929,-0.5023992341847463,1.0385904781678772,1,0,13284,7279,6005,0
Other instruments,channel_initial-e10-x55-i3-t3,short,618,602,8,10,7,-0.12659404384245243,-0.7812445544752764,-0.7374972876000164,1,3,19844,7971,11873,0
Other instruments,channel_initial-e20-x10-i2-t3,both,618,602,95,164,86,-0.0669656604249757,-0.6842889172673332,-0.48667491882476094,0,1,51070,29411,21659,0
Other instruments,channel_initial-e20-x10-i2-t3,long,618,602,393,459,384,0.018132627766425657,-0.41837021234604116,0.19932663567206188,0,0,28033,17374,10659,0
Other instruments,channel_initial-e20-x10-i2-t3,short,618,602,7,18,15,-0.08062119292851816,-0.6268534871249295,-0.5709816936121419,0,2,24326,12777,11549,0
Other instruments,channel_initial-e20-x10-i3-t3,both,618,602,105,160,96,-0.06583941075285316,-0.6927888265225165,-0.49260995528010126,0,1,47344,38528,8816,0
Other instruments,channel_initial-e20-x10-i3-t3,long,618,602,416,480,410,0.023283290749234853,-0.42957838664022396,0.2558758038668969,0,0,26234,22024,4210,0
Other instruments,channel_initial-e20-x10-i3-t3,short,618,602,7,16,13,-0.0845832855375851,-0.6462400899393905,-0.5946642733446904,0,2,22851,17913,4938,0
Other instruments,channel_initial-e20-x20-i2-t3,both,618,602,141,200,128,-0.05534442281168328,-0.6840831857129621,-0.4183044091259154,0,1,39620,17263,22357,0
Other instruments,channel_initial-e20-x20-i2-t3,long,618,602,437,480,428,0.032635050580541614,-0.45303731325492763,0.40120848775502704,0,0,22093,10943,11150,0
Other instruments,channel_initial-e20-x20-i2-t3,short,618,602,14,20,13,-0.09223939005521425,-0.6557790874464562,-0.615677307389604,0,4,21557,7945,13612,0
Other instruments,channel_initial-e20-x20-i3-t3,both,618,602,156,207,143,-0.05230628024661643,-0.6911297143776866,-0.40960386695242673,0,2,34193,22204,11989,0
Other instruments,channel_initial-e20-x20-i3-t3,long,618,602,471,506,460,0.0387469600543523,-0.4505312748072439,0.4920934681788851,0,0,19513,13653,5860,0
Other instruments,channel_initial-e20-x20-i3-t3,short,618,602,14,19,17,-0.0950770186421131,-0.6854355665885421,-0.6388693451572158,0,4,19241,11579,7662,0
Other instruments,channel_initial-e20-x55-i2-t3,both,618,602,185,226,191,-0.036473528774358055,-0.6794615210890015,-0.32093801475785877,0,2,24810,6519,18291,0
Other instruments,channel_initial-e20-x55-i2-t3,long,618,602,461,487,459,0.05502980535524493,-0.4825744408324795,0.6410393675448275,1,0,14455,4950,9505,0
Other instruments,channel_initial-e20-x55-i2-t3,short,618,602,9,12,12,-0.10103516290557474,-0.6971179456558414,-0.6521003288778517,1,4,18172,3491,14681,0
Other instruments,channel_initial-e20-x55-i3-t3,both,618,602,192,224,199,-0.03613139622455147,-0.6850462224806266,-0.3142552817982338,0,2,19232,7683,11549,0
Other instruments,channel_initial-e20-x55-i3-t3,long,618,602,497,521,501,0.06775189687636662,-0.4833988548396575,0.8497149932918324,1,0,11666,5856,5810,0
Other instruments,channel_initial-e20-x55-i3-t3,short,618,602,9,11,7,-0.10869320766037055,-0.7308426803183214,-0.6819630304390344,1,4,15135,4905,10230,0
Other instruments,channel_initial-e55-x10-i2-t3,both,618,602,115,161,119,-0.04629455866805804,-0.5801970847500015,-0.3755199457687958,0,0,31661,17887,13774,0
Other instruments,channel_initial-e55-x10-i2-t3,long,618,602,304,364,303,0.00042784506158499713,-0.37316079875871316,0.0,0,0,19182,11358,7824,0
Other instruments,channel_initial-e55-x10-i2-t3,short,618,602,18,41,20,-0.048652374564882195,-0.48948461339014904,-0.3911724055682373,1,0,12486,6534,5952,0
Other instruments,channel_initial-e55-x10-i3-t3,both,618,602,109,154,114,-0.04789965492577114,-0.6017775168002886,-0.3835982683016592,0,0,29634,23739,5895,0
Other instruments,channel_initial-e55-x10-i3-t3,long,618,602,320,389,328,0.004233272373936781,-0.375676384182969,0.017242627865445392,0,0,17839,14525,3314,0
Other instruments,channel_initial-e55-x10-i3-t3,short,618,602,23,38,28,-0.053286547219819624,-0.5165989879106633,-0.41715752476963025,1,0,11807,9222,2585,0
Other instruments,channel_initial-e55-x20-i2-t3,both,618,602,128,185,140,-0.04641763625192136,-0.610870251761201,-0.36448003527344236,0,1,26639,11304,15335,0
Other instruments,channel_initial-e55-x20-i2-t3,long,618,602,364,410,371,0.012502081130594034,-0.38762842285166466,0.10542828464237064,2,0,15433,7164,8269,0
Other instruments,channel_initial-e55-x20-i2-t3,short,618,602,25,36,26,-0.05823116623150976,-0.5215464204121463,-0.43427867032240086,2,1,11289,4168,7121,0
Other instruments,channel_initial-e55-x20-i3-t3,both,618,602,136,170,135,-0.04464670321055203,-0.6388372623489634,-0.3605081100661477,0,1,23755,15044,8711,0
Other instruments,channel_initial-e55-x20-i3-t3,long,618,602,386,422,382,0.018182120455415784,-0.4031113591482916,0.14708515113720255,2,0,13638,9040,4598,0
Other instruments,channel_initial-e55-x20-i3-t3,short,618,602,27,34,30,-0.061882957967884844,-0.5553857127082035,-0.47325649138242637,2,1,10215,6054,4161,0
Other instruments,channel_initial-e55-x55-i2-t3,both,618,602,170,205,188,-0.03664906491396808,-0.6321579781081136,-0.30938077651351253,0,1,20052,5197,14855,0
Other instruments,channel_initial-e55-x55-i2-t3,long,618,602,415,442,407,0.030582958437845753,-0.4313768611745306,0.3034651980271804,3,0,11133,3571,7562,0
Other instruments,channel_initial-e55-x55-i2-t3,short,618,602,12,18,14,-0.06895972178610787,-0.5680361400419105,-0.4952691461963157,5,1,10137,1860,8277,0
Other instruments,channel_initial-e55-x55-i3-t3,both,618,602,178,204,178,-0.04101313488063668,-0.6654835221817299,-0.33124469113238286,0,1,16615,6485,10130,0
Other instruments,channel_initial-e55-x55-i3-t3,long,618,602,432,452,430,0.03931057795822823,-0.4448427817252871,0.3865386461670206,6,0,9137,4303,4834,0
Other instruments,channel_initial-e55-x55-i3-t3,short,618,602,12,15,15,-0.07990732907602927,-0.6264103868563917,-0.5518499880456398,9,1,8712,2641,6071,0
Other instruments,channel_initial-e200-x10-i2-t3,both,618,602,166,234,162,-0.021123925384567477,-0.447647435012095,-0.18123142317063412,2,0,16496,9373,7123,0
Other instruments,channel_initial-e200-x10-i2-t3,long,618,602,294,366,290,-0.0008104587397065321,-0.297058638184339,-0.0035135713742840413,12,0,11948,6939,5009,0
Other instruments,channel_initial-e200-x10-i2-t3,short,618,602,95,114,93,-0.02331112282668313,-0.33131742442345735,-0.19417174888848976,99,0,4549,2434,2115,0
Other instruments,channel_initial-e200-x10-i3-t3,both,618,602,176,219,172,-0.021685863805829875,-0.46399936923998436,-0.17947986723241038,2,0,15378,12253,3125,0
Other instruments,channel_initial-e200-x10-i3-t3,long,618,602,320,384,316,0.0021112792268229708,-0.2982783551417854,0.017540906506608667,12,0,11060,8850,2210,0
Other instruments,channel_initial-e200-x10-i3-t3,short,618,602,92,103,90,-0.026384996066659006,-0.34901518045621094,-0.21335269611645896,110,0,4319,3403,916,0
Other instruments,channel_initial-e200-x20-i2-t3,both,618,602,199,234,195,-0.021294025480523837,-0.47715051614468185,-0.174888272607579,3,0,13774,5891,7883,0
Other instruments,channel_initial-e200-x20-i2-t3,long,618,602,348,388,344,0.0064813791240883045,-0.3158789670609567,0.05395317882832684,12,0,9610,4316,5294,0
Other instruments,channel_initial-e200-x20-i2-t3,short,618,602,74,85,73,-0.02688670475871796,-0.3566765387546783,-0.2223180930234574,124,0,4165,1575,2590,0
Other instruments,channel_initial-e200-x20-i3-t3,both,618,602,200,232,196,-0.01985124368119634,-0.501163058266359,-0.16568411415637946,3,0,12201,7685,4516,0
Other instruments,channel_initial-e200-x20-i3-t3,long,618,602,361,406,357,0.007764679431951582,-0.32542961662050446,0.0681555607198151,13,0,8409,5411,2998,0
Other instruments,channel_initial-e200-x20-i3-t3,short,618,602,79,90,78,-0.031348975064901585,-0.3880536343810948,-0.25655712134707964,154,0,3793,2274,1519,0
Other instruments,channel_initial-e200-x55-i2-t3,both,618,602,223,257,220,-0.019212926350232196,-0.5214649722355016,-0.14997215682479226,5,0,10698,2962,7736,0
Other instruments,channel_initial-e200-x55-i2-t3,long,618,602,384,405,381,0.0178684382154094,-0.35041672259463463,0.17278735714708682,19,0,6959,2232,4727,0
Other instruments,channel_initial-e200-x55-i2-t3,short,618,602,57,60,56,-0.033263037402223694,-0.38900922231295776,-0.270041937319749,157,0,3734,732,3002,0
Other instruments,channel_initial-e200-x55-i3-t3,both,618,602,226,247,223,-0.01905218294189165,-0.5552570470638455,-0.15731192466651767,8,0,8962,3664,5298,0
Other instruments,channel_initial-e200-x55-i3-t3,long,618,602,402,412,399,0.019375613990633478,-0.35745482262339734,0.18720714168451313,24,0,5668,2653,3015,0
Other instruments,channel_initial-e200-x55-i3-t3,short,618,602,53,56,52,-0.04004654633111315,-0.43482931873315545,-0.31960344998084195,206,0,3289,1015,2274,0
Other instruments,initial_trailing-e10-x20-i2-t3,both,618,602,72,156,72,-0.08806695057468011,-0.7437514589997785,-0.5919880378275701,0,1,72561,0,22219,50342
Other instruments,initial_trailing-e10-x20-i2-t3,long,618,602,378,479,356,0.014487503884997532,-0.4542681919854273,0.18002579946999142,0,0,39271,0,10735,28536
Other instruments,initial_trailing-e10-x20-i2-t3,short,618,602,13,21,8,-0.10303059255852148,-0.6931670347368792,-0.6625857472068943,0,1,37213,0,12435,24778
Other instruments,initial_trailing-e10-x20-i2-t4,both,618,602,128,198,116,-0.07283737813669072,-0.7344492854177564,-0.5038351867792393,0,1,55236,0,25836,29400
Other instruments,initial_trailing-e10-x20-i2-t4,long,618,602,447,512,426,0.03098726708358568,-0.46942342040660107,0.3919588674967732,0,0,31408,0,12933,18475
Other instruments,initial_trailing-e10-x20-i2-t4,short,618,602,14,23,9,-0.11076142630323876,-0.7346605553061201,-0.6917687951229851,0,1,32466,0,16923,15543
Other instruments,initial_trailing-e10-x20-i3-t3,both,618,602,75,157,68,-0.08734925231442464,-0.7437093143176363,-0.5785768224110959,0,1,68499,0,822,67677
Other instruments,initial_trailing-e10-x20-i3-t3,long,618,602,409,486,389,0.020022917845833432,-0.44848699803433795,0.25883486085415586,0,0,37445,0,400,37045
Other instruments,initial_trailing-e10-x20-i3-t3,short,618,602,17,24,9,-0.10422318857697749,-0.7133282787453397,-0.6756047977288273,0,1,35658,0,431,35227
Other instruments,initial_trailing-e10-x20-i3-t4,both,618,602,141,201,128,-0.07060327935719518,-0.732854174518646,-0.5050065255762648,0,1,47709,0,10055,37654
Other instruments,initial_trailing-e10-x20-i3-t4,long,618,602,478,521,471,0.041245011342269655,-0.470973814870672,0.5348402414452578,0,0,28116,0,4879,23237
Other instruments,initial_trailing-e10-x20-i3-t4,short,618,602,13,23,13,-0.1189359614844176,-0.7510593980273701,-0.7146927570331124,0,1,29291,0,7010,22281
Other instruments,initial_trailing-e20-x20-i2-t3,both,618,602,76,161,77,-0.06953642217679473,-0.6794497078110926,-0.4983700821695615,0,1,55577,0,16920,38657
Other instruments,initial_trailing-e20-x20-i2-t3,long,618,602,362,444,344,0.00957120140857104,-0.41063967266660484,0.09171439576348961,0,0,30465,0,8281,22184
Other instruments,initial_trailing-e20-x20-i2-t3,short,618,602,15,32,17,-0.07760193980863095,-0.6054016368167129,-0.5606140272260625,0,1,25284,0,8675,16609
Other instruments,initial_trailing-e20-x20-i2-t4,both,618,602,120,181,108,-0.06516478253347757,-0.6919763696002577,-0.482557032621497,0,3,46435,0,21725,24710
Other instruments,initial_trailing-e20-x20-i2-t4,long,618,602,419,471,409,0.02108850632303816,-0.43183171925186215,0.2585739677668537,0,0,25030,0,10277,14753
Other instruments,initial_trailing-e20-x20-i2-t4,short,618,602,19,29,18,-0.0859103277783348,-0.6313910034399681,-0.5833501954396314,0,3,22625,0,11972,10653
Other instruments,initial_trailing-e20-x20-i3-t3,both,618,602,81,158,72,-0.06754078293506816,-0.6781318659769251,-0.5118411195446992,0,1,53226,0,714,52512
Other instruments,initial_trailing-e20-x20-i3-t3,long,618,602,376,449,364,0.013823307026219811,-0.41119440469779983,0.14522023061522604,0,0,29172,0,353,28819
Other instruments,initial_trailing-e20-x20-i3-t3,short,618,602,17,32,15,-0.08028627092276863,-0.6242387883951839,-0.5703221268413625,0,1,24289,0,365,23924
Other instruments,initial_trailing-e20-x20-i3-t4,both,618,602,138,192,126,-0.06061514474529622,-0.6874101786961889,-0.4491707915658109,0,3,41619,0,8636,32983
Other instruments,initial_trailing-e20-x20-i3-t4,long,618,602,434,485,434,0.028357668320211915,-0.4374903585259518,0.35502036070041865,0,0,22645,0,3935,18710
Other instruments,initial_trailing-e20-x20-i3-t4,short,618,602,19,26,18,-0.08840146834077417,-0.6663469001755808,-0.6028330303921209,0,3,20598,0,5040,15558
Other instruments,initial_trailing-e55-x20-i2-t3,both,618,602,82,155,86,-0.049288250999167504,-0.5653208241510214,-0.38628295046444583,0,1,33839,0,10299,23540
Other instruments,initial_trailing-e55-x20-i2-t3,long,618,602,269,339,271,-0.004776314412411109,-0.35615279148486334,-0.0453969818503564,0,0,20981,0,5913,15068
Other instruments,initial_trailing-e55-x20-i2-t3,short,618,602,32,57,42,-0.045122405082007544,-0.4635905273008991,-0.359119577966295,1,1,12884,0,4394,8490
Other instruments,initial_trailing-e55-x20-i2-t4,both,618,602,117,173,126,-0.04568464951233764,-0.5856106550165229,-0.37461703498166576,0,1,28988,0,13606,15382
Other instruments,initial_trailing-e55-x20-i2-t4,long,618,602,321,364,321,0.0036010314804486576,-0.37779509232757386,0.027299119901176505,2,0,17364,0,7468,9896
Other instruments,initial_trailing-e55-x20-i2-t4,short,618,602,28,39,27,-0.048256004845484535,-0.48750415101403993,-0.38597928345591165,2,1,11644,0,6145,5499
Other instruments,initial_trailing-e55-x20-i3-t3,both,618,602,101,152,101,-0.048733094320798476,-0.5808700235535489,-0.3945836662224455,0,1,32435,0,459,31976
Other instruments,initial_trailing-e55-x20-i3-t3,long,618,602,292,350,291,-0.002003868788970964,-0.35827970391120695,-0.013316681748233916,0,0,20030,0,256,19774
Other instruments,initial_trailing-e55-x20-i3-t3,short,618,602,34,51,37,-0.047826187647345586,-0.4847058511391276,-0.37966153659068463,1,1,12434,0,204,12230
Other instruments,initial_trailing-e55-x20-i3-t4,both,618,602,133,183,133,-0.047716418394446625,-0.6051362263001074,-0.38475988684835466,0,2,26354,0,5482,20872
Other instruments,initial_trailing-e55-x20-i3-t4,long,618,602,338,389,338,0.008898837945501836,-0.3821561414562027,0.052647840776626875,2,0,15696,0,2870,12826
Other instruments,initial_trailing-e55-x20-i3-t4,short,618,602,24,34,29,-0.0528921121970814,-0.520262869825503,-0.40439407118410386,3,2,10698,0,2619,8079
Other instruments,initial_trailing-e200-x20-i2-t3,both,618,602,169,234,166,-0.021217588460441306,-0.422653342368987,-0.17694710077207632,2,1,17852,0,5366,12486
Other instruments,initial_trailing-e200-x20-i2-t3,long,618,602,274,334,271,-0.0037383938837116104,-0.27388561714025905,-0.03192376765418131,9,0,13195,0,3836,9359
Other instruments,initial_trailing-e200-x20-i2-t3,short,618,602,135,152,133,-0.019687015947753683,-0.2950292424241992,-0.16594637408465635,91,1,4675,0,1536,3139
Other instruments,initial_trailing-e200-x20-i2-t4,both,618,602,185,229,181,-0.0202911507795141,-0.44582547332224265,-0.1722450673789821,3,1,15170,0,6932,8238
Other instruments,initial_trailing-e200-x20-i2-t4,long,618,602,322,361,318,0.001983766300187373,-0.300776372540012,0.013769801012749716,10,0,10928,0,4780,6148
Other instruments,initial_trailing-e200-x20-i2-t4,short,618,602,99,119,97,-0.021815798979057943,-0.3252659668685863,-0.18363173846435715,115,1,4256,0,2158,2098
Other instruments,initial_trailing-e200-x20-i3-t3,both,618,602,174,240,170,-0.021496820770716463,-0.43022533729421,-0.17645886019999962,2,1,17036,0,244,16792
Other instruments,initial_trailing-e200-x20-i3-t3,long,618,602,295,356,291,-0.0008332835231410485,-0.2739386545650746,-0.003381379127527895,9,0,12548,0,173,12375
Other instruments,initial_trailing-e200-x20-i3-t3,short,618,602,130,152,128,-0.01937748151933627,-0.30711931937025033,-0.16628869904539068,95,1,4506,0,72,4434
Other instruments,initial_trailing-e200-x20-i3-t4,both,618,602,188,240,184,-0.020029551765862907,-0.4651879359036748,-0.17155021566823836,4,2,13720,0,2798,10922
Other instruments,initial_trailing-e200-x20-i3-t4,long,618,602,342,383,338,0.003270222199897921,-0.3005407867865033,0.027347937283388912,10,0,9810,0,1864,7946
Other instruments,initial_trailing-e200-x20-i3-t4,short,618,602,97,110,95,-0.024356126061854055,-0.3429248453473799,-0.20262120102209358,139,2,3934,0,939,2995
Other instruments,all-e10-x10-i2-t3,both,618,602,72,149,66,-0.09168365854666244,-0.740427996760339,-0.5925934545343783,0,0,75716,13687,21427,40602
Other instruments,all-e10-x10-i2-t3,long,618,602,368,476,351,0.01086393840834965,-0.4497197915477198,0.1590877834501705,0,0,40954,7713,10238,23003
Other instruments,all-e10-x10-i2-t3,short,618,602,10,28,9,-0.10028548144093291,-0.6921708022793764,-0.653732606058316,0,0,38310,6973,11749,19588
Other instruments,all-e10-x10-i2-t4,both,618,602,85,168,76,-0.0825312260820103,-0.7352232408149331,-0.5611325623538996,0,0,66263,27753,25477,13033
Other instruments,all-e10-x10-i2-t4,long,618,602,400,499,390,0.018936410018939198,-0.4682088406311121,0.2502408074126372,0,0,37071,16420,12425,8226
Other instruments,all-e10-x10-i2-t4,short,618,602,5,19,6,-0.10730397515113138,-0.7177698055970908,-0.6802233010721629,0,0,36039,14725,15175,6139
Other instruments,all-e10-x10-i3-t3,both,618,602,68,142,60,-0.0878896760283352,-0.7385272119375851,-0.5778760390437315,0,0,72246,16918,751,54577
Other instruments,all-e10-x10-i3-t3,long,618,602,395,489,377,0.01573745886807143,-0.44528258837291274,0.20267317165345944,0,0,39480,9445,351,29684
Other instruments,all-e10-x10-i3-t3,short,618,602,12,24,11,-0.1040731135097156,-0.6994894336508254,-0.666930883139901,0,0,37071,9061,371,27639
Other instruments,all-e10-x10-i3-t4,both,618,602,90,158,86,-0.079793231464797,-0.733054690027895,-0.5545793010784404,0,0,60348,35547,7770,17031
Other instruments,all-e10-x10-i3-t4,long,618,602,433,523,421,0.025483739389786875,-0.4584768765283747,0.30542939360465415,0,0,34830,20962,3543,10325
Other instruments,all-e10-x10-i3-t4,short,618,602,6,19,8,-0.1086882084043263,-0.7321062162589751,-0.6881890849452509,0,0,33996,20505,4595,8896
Other instruments,all-e10-x20-i2-t3,both,618,602,70,156,71,-0.0882463342384131,-0.7430047436712997,-0.5917681020208285,0,1,72703,858,22116,49729
Other instruments,all-e10-x20-i2-t3,long,618,602,379,478,353,0.014302153156471542,-0.45446719087069387,0.17068568272289408,0,0,39372,528,10654,28190
Other instruments,all-e10-x20-i2-t3,short,618,602,13,24,8,-0.10311107105927864,-0.6931670347368788,-0.6625908383855623,0,1,37279,578,12284,24417
Other instruments,all-e10-x20-i2-t4,both,618,602,125,195,113,-0.07464067251963813,-0.728352007264702,-0.49830843388838186,0,1,56639,5653,25826,25160
Other instruments,all-e10-x20-i2-t4,long,618,602,441,504,420,0.029067504003115863,-0.469559939823191,0.3520577909620979,0,0,32237,3398,12906,15933
Other instruments,all-e10-x20-i2-t4,short,618,602,14,24,10,-0.11116595857708472,-0.729393421198818,-0.6910246692767366,0,1,33020,3436,16622,12962
Other instruments,all-e10-x20-i3-t3,both,618,602,74,155,68,-0.08700787188538311,-0.7425114688106917,-0.5836919758695045,0,1,68734,1453,762,66519
Other instruments,all-e10-x20-i3-t3,long,618,602,408,484,389,0.019056364593511788,-0.451922729970394,0.2555992210355209,0,0,37630,963,350,36317
Other instruments,all-e10-x20-i3-t3,short,618,602,17,26,10,-0.10523988826137254,-0.7115325950818907,-0.6734659409032551,0,1,35818,1288,380,34150
Other instruments,all-e10-x20-i3-t4,both,618,602,135,192,126,-0.06986379529326536,-0.7323369611707999,-0.5012260313203953,0,1,49415,7679,9502,32234
Other instruments,all-e10-x20-i3-t4,long,618,602,464,519,454,0.03889344348877888,-0.47130246184731384,0.48899284673868937,0,0,29273,5106,4319,19848
Other instruments,all-e10-x20-i3-t4,short,618,602,12,21,11,-0.11752182628113739,-0.7465678153537127,-0.7099200680679214,0,1,30208,6070,5861,18277
Other instruments,all-e10-x55-i2-t3,both,618,602,69,142,72,-0.08806695057468006,-0.7434958216440671,-0.6015982529526781,0,1,72062,54,22133,49875
Other instruments,all-e10-x55-i2-t3,long,618,602,355,458,356,0.014449768021699838,-0.45426819198542734,0.11582353670592727,0,0,38870,50,10695,28125
Other instruments,all-e10-x55-i2-t3,short,618,602,13,22,8,-0.10303059255852143,-0.6931670347368791,-0.6619735463518107,0,1,37061,113,12314,24634
Other instruments,all-e10-x55-i2-t4,both,618,602,107,188,115,-0.07333299480923039,-0.7343899143968489,-0.5309615409522599,0,1,55026,55,25872,29099
Other instruments,all-e10-x55-i2-t4,long,618,602,416,495,425,0.03105929654523565,-0.46942342040660107,0.33013102425413543,0,0,31178,64,12961,18153
Other instruments,all-e10-x55-i2-t4,short,618,602,12,26,9,-0.11112410048306087,-0.7342881869137357,-0.6911570299394303,0,1,32345,157,16729,15459
Other instruments,all-e10-x55-i3-t3,both,618,602,65,131,67,-0.08690311782530208,-0.7434109371995381,-0.6058794180165801,0,1,68042,221,795,67026
Other instruments,all-e10-x55-i3-t3,long,618,602,383,465,389,0.0190563645935119,-0.4469625690975573,0.17226710223250863,0,0,37090,216,380,36494
Other instruments,all-e10-x55-i3-t3,short,618,602,15,25,10,-0.10469855000995182,-0.7125017382454479,-0.6736224934961654,0,1,35554,469,398,34687
Other instruments,all-e10-x55-i3-t4,both,618,602,126,181,129,-0.0706912551337559,-0.7345547764572311,-0.525893018004348,0,1,47550,227,9995,37328
Other instruments,all-e10-x55-i3-t4,long,618,602,457,513,468,0.041245011342269544,-0.4704865960692704,0.43942328914014617,0,0,28019,607,4604,22808
Other instruments,all-e10-x55-i3-t4,short,618,602,15,24,12,-0.11775526089813165,-0.7493159448505531,-0.7121268855969465,0,1,29347,1256,6308,21783
Other instruments,all-e20-x10-i2-t3,both,618,602,71,160,66,-0.07111501518770486,-0.6814180996750898,-0.5182671239188116,0,0,57470,10124,16342,31004
Other instruments,all-e20-x10-i2-t3,long,618,602,349,431,338,0.007459409798051708,-0.4111076263878895,0.08905651397921222,0,0,31652,5568,8006,18078
Other instruments,all-e20-x10-i2-t3,short,618,602,13,32,14,-0.07479836010423618,-0.601809578252188,-0.5477193881688621,0,0,25920,4591,8327,13002
Other instruments,all-e20-x10-i2-t4,both,618,602,90,169,87,-0.06863587540889904,-0.6890931242167825,-0.5056797505018662,0,1,53001,21941,20496,10564
Other instruments,all-e20-x10-i2-t4,long,618,602,379,450,372,0.014689287568126486,-0.41681509968142677,0.18633111669258884,0,0,28892,12360,9881,6651
Other instruments,all-e20-x10-i2-t4,short,618,602,11,24,13,-0.08118072913461777,-0.621686734049199,-0.5679041434434411,0,1,24646,9822,10783,4041
Other instruments,all-e20-x10-i3-t3,both,618,602,68,153,65,-0.07071298699715056,-0.6725784262008145,-0.5233894964495894,0,0,55443,12473,662,42308
Other instruments,all-e20-x10-i3-t3,long,618,602,371,449,359,0.010758570156807923,-0.4083948444163937,0.10855027139879381,0,0,30522,6763,324,23435
Other instruments,all-e20-x10-i3-t3,short,618,602,14,23,15,-0.07903602841457325,-0.6103679528378241,-0.5564398977425271,0,0,25081,5772,341,18968
Other instruments,all-e20-x10-i3-t4,both,618,602,90,149,81,-0.06889624323365073,-0.6912509059963592,-0.49291949265594576,0,1,49691,28919,6464,14308
Other instruments,all-e20-x10-i3-t4,long,618,602,402,483,396,0.019081141428024084,-0.41929115115516774,0.19940880056242571,0,0,27184,15786,2939,8459
Other instruments,all-e20-x10-i3-t4,short,618,602,9,19,14,-0.0836546132729653,-0.6450565386180698,-0.5879764947474628,0,1,23283,13643,3591,6049
Other instruments,all-e20-x20-i2-t3,both,618,602,77,161,77,-0.07113016365447578,-0.679449707811093,-0.506429653438302,0,1,55666,605,16878,38183
Other instruments,all-e20-x20-i2-t3,long,618,602,362,442,343,0.00924343518258497,-0.4111662097473454,0.09086054611754513,0,0,30519,333,8262,21924
Other instruments,all-e20-x20-i2-t3,short,618,602,15,32,17,-0.07709549621186268,-0.6041357556115305,-0.5598052594229119,0,1,25309,278,8647,16384
Other instruments,all-e20-x20-i2-t4,both,618,602,117,185,101,-0.06562696794563044,-0.6923975510320933,-0.47829508957025957,0,3,47429,4600,21656,21173
Other instruments,all-e20-x20-i2-t4,long,618,602,406,460,400,0.019885057714800092,-0.42768774522305664,0.229179495506747,0,0,25585,2544,10269,12772
Other instruments,all-e20-x20-i2-t4,short,618,602,17,29,20,-0.08364953509639572,-0.6353758396443242,-0.5857480076687799,0,3,22908,2183,11844,8881
Other instruments,all-e20-x20-i3-t3,both,618,602,82,161,72,-0.06783206220185956,-0.678766180208088,-0.5241062695366623,0,1,53344,873,680,51791
Other instruments,all-e20-x20-i3-t3,long,618,602,376,448,365,0.012454839154773967,-0.412316099445772,0.14333810158055227,0,0,29237,460,332,28445
Other instruments,all-e20-x20-i3-t3,short,618,602,17,31,14,-0.08068719391096546,-0.6245241760879184,-0.5694095230575288,0,1,24323,434,349,23540
Other instruments,all-e20-x20-i3-t4,both,618,602,128,188,124,-0.060260294948692394,-0.688353687981413,-0.46301275747130016,0,3,42891,6424,8255,28212
Other instruments,all-e20-x20-i3-t4,long,618,602,425,492,426,0.028041380628619383,-0.42984265751125666,0.3366018719964593,0,0,23314,3419,3751,16144
Other instruments,all-e20-x20-i3-t4,short,618,602,20,29,21,-0.08813083912322794,-0.6640843220060253,-0.611257270624854,0,3,21013,3402,4687,12924
Other instruments,all-e20-x55-i2-t3,both,618,602,63,146,77,-0.06953642217679479,-0.6794497078110925,-0.5181823906590324,0,1,55134,21,16861,38252
Other instruments,all-e20-x55-i2-t3,long,618,602,344,429,344,0.00957120140857104,-0.4106396726666058,0.054890695645879006,0,0,30086,9,8262,21815
Other instruments,all-e20-x55-i2-t3,short,618,602,14,31,17,-0.07738002423741741,-0.6054016368167129,-0.5568871045642382,0,1,25217,15,8635,16567
Other instruments,all-e20-x55-i2-t4,both,618,602,106,165,108,-0.06504435413622461,-0.6919763696002578,-0.48464256770563685,0,3,46168,27,21733,24408
Other instruments,all-e20-x55-i2-t4,long,618,602,408,463,409,0.02108850632303816,-0.4318317192518624,0.20360608872424124,0,0,24784,14,10317,14453
Other instruments,all-e20-x55-i2-t4,short,618,602,16,26,18,-0.08580306044909009,-0.6308451973431608,-0.5820145405329502,0,3,22563,21,11916,10626
Other instruments,all-e20-x55-i3-t3,both,618,602,67,143,72,-0.06771585211472636,-0.6783788718832493,-0.5206668522019732,0,1,52802,57,701,52044
Other instruments,all-e20-x55-i3-t3,long,618,602,361,441,364,0.013823307026219811,-0.41119440469780033,0.10462762364932754,0,0,28809,29,344,28436
Other instruments,all-e20-x55-i3-t3,short,618,602,17,30,15,-0.08025559877734229,-0.6235314378006234,-0.5666706257372991,0,1,24224,36,360,23828
Other instruments,all-e20-x55-i3-t4,both,618,602,123,172,125,-0.06133802903402369,-0.6891401108681762,-0.48112864315306264,0,3,41377,80,8619,32678
Other instruments,all-e20-x55-i3-t4,long,618,602,424,474,434,0.02879194133389784,-0.4371790671689264,0.28748450168604633,0,0,22421,62,3934,18425
Other instruments,all-e20-x55-i3-t4,short,618,602,17,25,18,-0.08840146834077411,-0.665834383488855,-0.6021472790015847,0,3,20547,121,4942,15484
Other instruments,all-e55-x10-i2-t3,both,618,602,85,152,88,-0.04837685574236833,-0.5649701549202937,-0.3897663419738795,0,1,34850,5745,9973,19132
Other instruments,all-e55-x10-i2-t3,long,618,602,253,332,263,-0.006139122321814461,-0.35418839461512885,-0.06339241035329352,0,0,21685,3430,5756,12499
Other instruments,all-e55-x10-i2-t3,short,618,602,30,61,35,-0.0439238603705826,-0.4553000665468862,-0.35983810070353883,1,1,13192,2318,4226,6648
Other instruments,all-e55-x10-i2-t4,both,618,602,102,153,105,-0.04741177658970813,-0.5776554558239588,-0.39658046710270334,0,1,32348,12780,12730,6838
Other instruments,all-e55-x10-i2-t4,long,618,602,290,358,293,-0.0020020536057123173,-0.36306295193159416,-0.025360590704227137,0,0,19762,7877,7202,4683
Other instruments,all-e55-x10-i2-t4,short,618,602,23,48,23,-0.04722433643808821,-0.4815449705488105,-0.3760266669374917,1,1,12612,4915,5538,2159
Other instruments,all-e55-x10-i3-t3,both,618,602,96,154,101,-0.04916556989185744,-0.5752077544138836,-0.40265320897745227,0,1,33623,6996,439,26188
Other instruments,all-e55-x10-i3-t3,long,618,602,279,346,281,-0.004014471058670421,-0.35904630903652046,-0.026296053963707267,0,0,20842,4122,245,16475
Other instruments,all-e55-x10-i3-t3,short,618,602,30,50,34,-0.04695549920933767,-0.4776587107173511,-0.3788392743818191,1,1,12809,2879,195,9735
Other instruments,all-e55-x10-i3-t4,both,618,602,96,154,103,-0.050524586532647686,-0.5926851077425308,-0.4060351656364829,0,2,30433,16948,4199,9286
Other instruments,all-e55-x10-i3-t4,long,618,602,301,376,322,0.002598781639963188,-0.3676586889733954,-0.0038813126063424463,0,0,18504,10117,2288,6099
Other instruments,all-e55-x10-i3-t4,short,618,602,21,42,26,-0.05276855010552428,-0.5099205473333344,-0.4061637063386962,1,2,11978,6860,1918,3200
Other instruments,all-e55-x20-i2-t3,both,618,602,85,154,87,-0.04903833196426316,-0.5651339260452668,-0.3826678150392412,0,1,33884,337,10279,23268
Other instruments,all-e55-x20-i2-t3,long,618,602,268,339,271,-0.004776314412411109,-0.35721801537938913,-0.05345219353728653,0,0,21010,184,5903,14923
Other instruments,all-e55-x20-i2-t3,short,618,602,32,56,41,-0.045168234985979605,-0.4627839885801005,-0.36078198191725963,1,1,12900,153,4384,8363
Other instruments,all-e55-x20-i2-t4,both,618,602,115,175,121,-0.04556489681315834,-0.5928071873215925,-0.3742018034866316,0,1,29444,2697,13502,13245
Other instruments,all-e55-x20-i2-t4,long,618,602,319,372,318,0.004001394383973733,-0.3728336967004812,0.014873595487276514,2,0,17676,1550,7446,8680
Other instruments,all-e55-x20-i2-t4,short,618,602,24,40,25,-0.048942935868737436,-0.4851303316290471,-0.3857829110212323,1,1,11788,1152,6061,4575
Other instruments,all-e55-x20-i3-t3,both,618,602,102,152,101,-0.04893762602201829,-0.5801147094073149,-0.3949432997054139,0,1,32487,441,444,31602
Other instruments,all-e55-x20-i3-t3,long,618,602,290,350,291,-0.001998561800288512,-0.359537508727959,-0.019732768044667615,0,0,20064,240,247,19577
Other instruments,all-e55-x20-i3-t3,short,618,602,33,52,37,-0.04787943069389694,-0.48430346051880385,-0.37966153659068463,1,1,12451,201,198,12052
Other instruments,all-e55-x20-i3-t4,both,618,602,129,180,130,-0.04610131118701838,-0.6113727925624179,-0.37601319239446934,0,2,26934,3699,5294,17941
Other instruments,all-e55-x20-i3-t4,long,618,602,338,386,344,0.0071563606180112815,-0.3817245502319929,0.044550260708262956,2,0,16082,2039,2810,11233
Other instruments,all-e55-x20-i3-t4,short,618,602,23,35,27,-0.052385857140718306,-0.5171655930487525,-0.40866421353406307,1,2,10892,1668,2491,6733
Other instruments,all-e55-x55-i2-t3,both,618,602,82,155,86,-0.049288250999167504,-0.5653208241510214,-0.38628295046444583,0,1,33839,2,10298,23539
Other instruments,all-e55-x55-i2-t3,long,618,602,269,339,271,-0.004776314412411109,-0.35615279148486334,-0.04508967931821689,0,0,20981,2,5912,15067
Other instruments,all-e55-x55-i2-t3,short,618,602,32,57,42,-0.045122405082007544,-0.4635905273008991,-0.359119577966295,1,1,12884,0,4394,8490
Other instruments,all-e55-x55-i2-t4,both,618,602,117,173,126,-0.04568464951233764,-0.5856106550165229,-0.37461703498166576,0,1,28988,5,13605,15378
Other instruments,all-e55-x55-i2-t4,long,618,602,322,364,321,0.0036010314804486576,-0.37779509232757386,0.027299119901176505,2,0,17364,4,7467,9893
Other instruments,all-e55-x55-i2-t4,short,618,602,28,39,27,-0.048256004845484535,-0.48750415101403993,-0.38597928345591165,2,1,11644,1,6145,5498
Other instruments,all-e55-x55-i3-t3,both,618,602,101,152,101,-0.048733094320798476,-0.5808700235535489,-0.3945836662224455,0,1,32436,5,459,31972
Other instruments,all-e55-x55-i3-t3,long,618,602,292,350,291,-0.002003868788970964,-0.35827970391120695,-0.013316681748233916,0,0,20030,3,256,19771
Other instruments,all-e55-x55-i3-t3,short,618,602,34,51,37,-0.047826187647345586,-0.4847058511391276,-0.37966153659068463,1,1,12434,2,204,12228
Other instruments,all-e55-x55-i3-t4,both,618,602,133,183,133,-0.047716418394446625,-0.6051362263001074,-0.38475988684835466,0,2,26356,13,5480,20863
Other instruments,all-e55-x55-i3-t4,long,618,602,338,389,338,0.008898837945501836,-0.3821561414562027,0.052647840776626875,2,0,15697,9,2868,12820
Other instruments,all-e55-x55-i3-t4,short,618,602,24,34,29,-0.0528921121970814,-0.520262869825503,-0.40439407118410386,3,2,10698,4,2618,8076
Other instruments,all-e200-x10-i2-t3,both,618,602,168,230,165,-0.021329943046250965,-0.4195449401710833,-0.17114214955731039,2,1,18370,2765,5240,10365
Other instruments,all-e200-x10-i2-t3,long,618,602,267,326,264,-0.004385250838579713,-0.2757811678397875,-0.03698982047007787,9,0,13619,1970,3758,7891
Other instruments,all-e200-x10-i2-t3,short,618,602,133,154,131,-0.018360845553407334,-0.29268159235665786,-0.1527032150897854,87,1,4769,796,1488,2485
Other instruments,all-e200-x10-i2-t4,both,618,602,165,217,161,-0.020933620962163557,-0.43931378295578444,-0.17487271726752807,2,1,16920,6376,6587,3957
Other instruments,all-e200-x10-i2-t4,long,618,602,291,350,287,-0.0009676944376920682,-0.28673995598591,-0.005755658114822038,10,0,12356,4640,4650,3066
Other instruments,all-e200-x10-i2-t4,short,618,602,101,121,99,-0.021520395896854616,-0.3195165335594264,-0.17772050478996065,98,1,4582,1742,1946,894
Other instruments,all-e200-x10-i3-t3,both,618,602,172,243,168,-0.020205992725295385,-0.4236651651629486,-0.1643831312038544,2,1,17661,3422,239,14000
Other instruments,all-e200-x10-i3-t3,long,618,602,284,346,280,-0.002016566285691801,-0.2742060462795523,-0.016278391432331507,9,0,13054,2415,170,10469
Other instruments,all-e200-x10-i3-t3,short,618,602,131,154,129,-0.01971280799320868,-0.30219855104752064,-0.1645980728031498,90,1,4625,1008,70,3547
Other instruments,all-e200-x10-i3-t4,both,618,602,172,228,168,-0.021877983050688,-0.45082298621537015,-0.1877844967620969,2,2,15851,8434,2193,5224
Other instruments,all-e200-x10-i3-t4,long,618,602,309,369,305,0.0002775068996649921,-0.29390082566969883,0.00028712904269545536,10,0,11518,6015,1519,3984
Other instruments,all-e200-x10-i3-t4,short,618,602,97,117,95,-0.02387021410927015,-0.33839182664262757,-0.19916769014760266,107,2,4362,2433,679,1250
Other instruments,all-e200-x20-i2-t3,both,618,602,167,232,164,-0.021127443679592794,-0.4226533423689872,-0.17615845025055188,2,1,17874,145,5362,12367
Other instruments,all-e200-x20-i2-t3,long,618,602,274,335,271,-0.00355925026922177,-0.273885617140259,-0.029597920784374787,9,0,13210,102,3831,9277
Other instruments,all-e200-x20-i2-t3,short,618,602,133,151,131,-0.019455523613011838,-0.2950292424241992,-0.16604135143742899,91,1,4682,43,1537,3102
Other instruments,all-e200-x20-i2-t4,both,618,602,181,235,177,-0.02016704974613398,-0.44456453251276845,-0.16960651310094937,3,1,15410,1265,6919,7226
Other instruments,all-e200-x20-i2-t4,long,618,602,316,365,312,0.0012333329135891802,-0.29649222794924573,0.008778961264895857,10,0,11107,854,4781,5472
Other instruments,all-e200-x20-i2-t4,short,618,602,94,112,92,-0.023222585926388595,-0.3256477220033201,-0.19009107850561585,113,1,4318,413,2144,1761
Other instruments,all-e200-x20-i3-t3,both,618,602,176,241,172,-0.02165379927691158,-0.43022533729421,-0.1750225479883764,2,1,17063,191,239,16633
Other instruments,all-e200-x20-i3-t3,long,618,602,296,356,292,-0.0009423927855378711,-0.2742429719042528,-0.003981474796827922,9,0,12567,127,169,12271
Other instruments,all-e200-x20-i3-t3,short,618,602,127,151,125,-0.019694468832019918,-0.30711931937025033,-0.16687675330875212,95,1,4514,64,71,4379
Other instruments,all-e200-x20-i3-t4,both,618,602,184,239,180,-0.01989850537538579,-0.4664579513270014,-0.16425824169731268,3,2,14020,1747,2716,9557
Other instruments,all-e200-x20-i3-t4,long,618,602,336,383,332,0.003632757108483653,-0.30062870007014375,0.03017377531845078,10,0,10041,1149,1843,7049
Other instruments,all-e200-x20-i3-t4,short,618,602,97,110,95,-0.02482994095783858,-0.34282486469234025,-0.20541370917305318,136,2,4004,602,878,2524
Other instruments,all-e200-x55-i2-t3,both,618,602,169,234,166,-0.021217588460441306,-0.422653342368987,-0.17694710077207632,2,1,17852,1,5366,12485
Other instruments,all-e200-x55-i2-t3,long,618,602,274,334,271,-0.0037383938837116104,-0.27388561714025905,-0.03192376765418131,9,0,13195,1,3836,9358
Other instruments,all-e200-x55-i2-t3,short,618,602,135,152,133,-0.019687015947753683,-0.2950292424241992,-0.16594637408465635,91,1,4675,0,1536,3139
Other instruments,all-e200-x55-i2-t4,both,618,602,185,229,181,-0.0202911507795141,-0.44582547332224265,-0.17103451413882037,3,1,15170,3,6932,8235
Other instruments,all-e200-x55-i2-t4,long,618,602,322,361,318,0.001983766300187373,-0.300776372540012,0.013769801012749716,10,0,10928,2,4780,6146
Other instruments,all-e200-x55-i2-t4,short,618,602,99,119,97,-0.021815798979057943,-0.3252659668685863,-0.18363173846435715,115,1,4256,1,2158,2097
Other instruments,all-e200-x55-i3-t3,both,618,602,174,240,170,-0.021496820770716463,-0.43022533729421,-0.17645886019999962,2,1,17036,3,244,16789
Other instruments,all-e200-x55-i3-t3,long,618,602,296,356,292,-0.0008332835231410485,-0.2739386545650746,-0.0023947635465167982,9,0,12548,2,173,12373
Other instruments,all-e200-x55-i3-t3,short,618,602,130,152,128,-0.019472450992597312,-0.30711931937025033,-0.16628869904539068,95,1,4506,1,72,4433
Other instruments,all-e200-x55-i3-t4,both,618,602,188,240,184,-0.0199732012967071,-0.46451963159715715,-0.17155021566823836,4,2,13721,7,2796,10918
Other instruments,all-e200-x55-i3-t4,long,618,602,342,383,338,0.003270222199897921,-0.3005407867865033,0.027347937283388912,10,0,9810,4,1862,7944
Other instruments,all-e200-x55-i3-t4,short,618,602,97,110,95,-0.02455895529118096,-0.3439757350238413,-0.20420823223550866,139,2,3935,3,939,2993
