scope,scenario,long_rule,short_rule,mode,instruments,eligible,positive_net,positive_gross,median_cagr,median_drawdown,median_full_return,positive_common,thin,thin_short_full,exhausted,trades,median_short_trades,short_contribution_positive,median_delta_long,median_delta_shared,improved_long,improved_shared,less_drawdown_long,improved_both_long
Priority assets,r00_r00,r00,r00,both,60,60,32,34,0.0022749476101809885,-0.5042822216585454,0.0161857639202192,32,2,5,0,1302,10.0,5,-0.09101877670576736,0.0,5,0,13,3
Priority assets,r00_r01,r00,r01,both,60,60,50,54,0.03300304735735615,-0.4486011343180872,0.3667012728894452,52,2,2,0,1869,15.0,3,-0.039208104978427416,0.03716226425442659,3,48,12,3
Priority assets,r00_r02,r00,r02,both,60,60,43,47,0.02640745432813263,-0.44192674330446796,0.25302233474709224,43,2,2,0,1629,13.0,2,-0.04548927233386435,0.026028589288311144,9,44,21,8
Priority assets,r00_r03,r00,r03,both,60,60,53,55,0.04186279775664503,-0.4394318510052096,0.4381575546027534,52,1,2,0,1959,15.0,5,-0.029447693241367978,0.04096818354147924,5,49,4,2
Priority assets,r00_r04,r00,r04,both,60,60,52,55,0.03932767104635304,-0.440108191081261,0.4364586724054156,52,1,2,0,1925,14.5,5,-0.025261088904556805,0.03866023456429968,5,49,4,2
Priority assets,r00_r05,r00,r05,both,60,60,51,55,0.03362901164053089,-0.4535868531033418,0.43345113458791906,51,1,2,0,1785,13.5,5,-0.032032192026982376,0.04635488014961009,9,50,10,5
Priority assets,r00_r06,r00,r06,both,60,60,34,39,0.0034745097547429493,-0.49179448951763305,0.04271451813891913,36,2,5,0,1256,9.0,5,-0.09530873385623351,0.0,6,28,12,3
Priority assets,r00_r07,r00,r07,both,60,60,50,56,0.03358433575908948,-0.43581863104977636,0.40868295606611205,53,2,2,0,1810,13.0,4,-0.03187746503405753,0.037693877125663466,3,49,12,3
Priority assets,r00_r08,r00,r08,both,60,60,44,48,0.02640745432813263,-0.4414162310619032,0.3070478399244989,44,2,2,0,1597,12.0,2,-0.04232235368628212,0.026028589288311144,9,45,20,8
Priority assets,r00_r09,r00,r09,both,60,60,51,55,0.041763028518360557,-0.4438053321160403,0.46457948744732014,52,1,2,0,1906,14.0,4,-0.027481355729887857,0.04044088696620818,5,48,4,2
Priority assets,r00_r10,r00,r10,both,60,60,50,55,0.04069634984049875,-0.44825644922727015,0.46457948744732014,50,1,2,0,1884,14.0,4,-0.026996788876275768,0.0362806843476689,6,47,4,3
Priority assets,r00_r11,r00,r11,both,60,60,52,56,0.04598181507550003,-0.4538373761981298,0.5610074552008921,51,1,2,0,1746,13.0,4,-0.024742809729161874,0.04671315682441257,8,50,12,5
Priority assets,r00_r12,r00,r12,both,60,60,34,37,0.003511704362855972,-0.4890297085378993,0.05023524859322093,34,2,5,0,1232,9.0,3,-0.07334546816538434,0.00035251820298259906,5,35,12,3
Priority assets,r00_r13,r00,r13,both,60,60,51,57,0.03329106495498224,-0.4310639711073711,0.4123070003238266,54,2,3,0,1782,13.0,4,-0.034920079412117166,0.038550514896259325,3,49,12,3
Priority assets,r00_r14,r00,r14,both,60,60,44,49,0.028244831570033657,-0.42112388087878405,0.32597406436848897,44,2,3,0,1574,12.0,2,-0.0405528800503554,0.02837860588623875,8,45,20,7
Priority assets,r00_r15,r00,r15,both,60,60,52,56,0.04167257673762703,-0.4405439019246131,0.46683081487466505,52,1,2,0,1881,14.0,4,-0.02726952386523207,0.04295868543801712,5,48,4,2
Priority assets,r00_r16,r00,r16,both,60,60,51,56,0.04102926673398466,-0.44542688016312454,0.46683081487466505,50,1,2,0,1868,13.0,4,-0.026657134632318558,0.0374802266267219,6,47,4,3
Priority assets,r00_r17,r00,r17,both,60,60,53,56,0.04598181507550014,-0.4464739143386207,0.5765700744905589,51,1,3,0,1733,13.0,4,-0.02609471217635373,0.04541785538629406,9,49,14,5
Priority assets,r00_r18,r00,r18,both,60,60,39,44,0.016456999926584448,-0.44497585760077196,0.21897228330233343,40,2,40,0,1144,4.0,6,-0.04691784688899325,0.019692261464194116,8,38,15,6
Priority assets,r00_r19,r00,r19,both,60,60,58,60,0.05589420087853891,-0.41912312615407915,0.6629127694630177,59,1,18,0,1365,6.0,10,-0.011744494654670423,0.06443222018514055,13,53,15,9
Priority assets,r00_r20,r00,r20,both,60,60,54,57,0.03817449485730873,-0.4221763800305773,0.5045093353226967,56,1,28,0,1259,5.0,10,-0.02243079957436933,0.048734113708974736,11,51,18,9
Priority assets,r00_r21,r00,r21,both,60,60,57,58,0.06275956908415903,-0.40400937831566247,0.7470510070004379,57,1,16,0,1416,6.0,8,-0.009887359010868235,0.0699310162958876,11,54,9,6
Priority assets,r00_r22,r00,r22,both,60,60,57,57,0.060434808911721594,-0.4077223419366847,0.6901411302457776,57,1,17,0,1411,6.0,8,-0.010062550574454154,0.06982719555840033,8,54,8,3
Priority assets,r00_r23,r00,r23,both,60,60,59,60,0.06805346002438106,-0.42458454310516214,0.5688270775876465,58,1,21,0,1346,5.0,13,-0.007892041840688258,0.06803982314937673,15,53,17,9
Priority assets,r00_r24,r00,r24,both,60,60,50,55,0.04069634984049875,-0.4466349011801859,0.46457948744732014,50,1,2,0,1893,14.0,4,-0.026996788876275768,0.0362806843476689,6,47,4,3
Priority assets,r01_r00,r01,r00,both,60,60,9,13,-0.09481384871149401,-0.6748091152623601,-0.6259278329880655,6,1,3,0,3362,27.0,1,-0.14367116238174743,-0.052619460529788775,0,6,3,0
Priority assets,r01_r01,r01,r01,both,60,60,15,32,-0.02310395889591671,-0.49119152035887825,-0.2031067184103001,15,1,2,0,6031,49.5,3,-0.0823943557672473,0.0,5,0,4,3
Priority assets,r01_r02,r01,r02,both,60,60,12,20,-0.05218208721462286,-0.5835623295683503,-0.43638155076217927,11,1,2,0,4724,38.0,0,-0.1163457656853189,-0.02507609997178112,5,10,6,4
Priority assets,r01_r03,r01,r03,both,60,60,19,30,-0.016679743235718247,-0.4559881189298037,-0.17602072537966879,18,1,1,0,6448,52.0,2,-0.0680587346511915,0.006312610544265407,2,41,2,0
Priority assets,r01_r04,r01,r04,both,60,60,18,30,-0.017966571075108406,-0.4512042317030765,-0.18255984370728706,18,1,1,0,6372,51.0,2,-0.07148298408657644,0.0030777694021357216,2,36,2,0
Priority assets,r01_r05,r01,r05,both,60,60,20,31,-0.013966124483367925,-0.5228961973880781,-0.15445748957353178,18,1,1,0,5816,46.0,2,-0.07928375065301585,-8.469291020579695e-05,2,29,2,0
Priority assets,r01_r06,r01,r06,both,60,60,9,14,-0.08299945463681657,-0.6613843739870411,-0.5699348325466882,9,1,3,0,3183,21.0,2,-0.12351960384275956,-0.027266465993412814,5,13,5,3
Priority assets,r01_r07,r01,r07,both,60,60,18,32,-0.01437868201928505,-0.44868822090880395,-0.13634336029865946,19,1,2,0,5487,38.5,1,-0.06845959786744577,0.008477168169421623,5,43,4,3
Priority assets,r01_r08,r01,r08,both,60,60,14,23,-0.034640343150521336,-0.5593596787311046,-0.29888147908088525,15,1,2,0,4495,30.0,1,-0.10159875357421805,-0.01176546738321832,5,21,5,4
Priority assets,r01_r09,r01,r09,both,60,60,20,35,-0.01434508918040367,-0.4475622040514647,-0.14455545664206038,21,1,2,0,5828,41.0,2,-0.06001597609291742,0.012412591804143946,3,45,3,0
Priority assets,r01_r10,r01,r10,both,60,60,21,35,-0.009967691561415026,-0.4498078640909679,-0.16076990345375425,21,1,2,0,5772,40.0,2,-0.062289392088186346,0.013218909980646454,3,42,2,0
Priority assets,r01_r11,r01,r11,both,60,60,25,36,-0.009483741227736375,-0.43487456149352693,-0.08006967568591211,22,1,2,0,5341,36.0,2,-0.06558445639665528,0.009500004641297466,3,42,4,0
Priority assets,r01_r12,r01,r12,both,60,60,16,20,-0.039937275180427834,-0.5310472500994943,-0.3580022175932979,16,1,4,1,3202,11.0,4,-0.09163063199429883,-0.0028945661024391,5,24,4,2
Priority assets,r01_r13,r01,r13,both,60,60,27,45,-0.0021882787569013074,-0.3986905562818726,-0.008502383417417603,27,1,2,0,4530,20.0,6,-0.0424492279988255,0.024470887080445036,3,51,1,0
Priority assets,r01_r14,r01,r14,both,60,60,24,33,-0.006667083747937674,-0.408902754466052,-0.06823724241383594,22,1,2,0,4107,16.5,2,-0.0623525433464584,0.005753182569822046,3,38,6,2
Priority assets,r01_r15,r01,r15,both,60,60,31,46,0.0004923363310226359,-0.4018884607650933,0.000831849622952241,31,1,2,0,4695,20.5,4,-0.038035242348201825,0.036857234548707596,5,51,1,0
Priority assets,r01_r16,r01,r16,both,60,60,29,46,-0.0004182646846525029,-0.3977344355896896,-0.003536038623386528,29,1,2,0,4677,20.0,4,-0.03678737906529278,0.04192029861587687,5,51,1,0
Priority assets,r01_r17,r01,r17,both,60,60,34,46,0.0019433835792442844,-0.3737909982547292,0.06093166588399046,35,1,2,0,4478,18.5,4,-0.042912200459427785,0.03428402197703018,6,52,5,0
Priority assets,r01_r18,r01,r18,both,60,60,25,37,-0.006844924905062388,-0.4549650576524783,-0.0697441860867617,23,1,38,0,3444,4.0,8,-0.041009259767096906,0.008391194924627032,6,39,4,4
Priority assets,r01_r19,r01,r19,both,60,60,48,54,0.017966148354378375,-0.36661198795990957,0.2081854284840129,46,1,12,0,3854,6.0,10,-0.015701735201962497,0.052984145245209224,10,57,11,6
Priority assets,r01_r20,r01,r20,both,60,60,42,49,0.012254709387030216,-0.38742106701607537,0.13275637165777054,40,1,26,0,3684,5.0,11,-0.02182094931228218,0.043929394591326276,8,52,8,5
Priority assets,r01_r21,r01,r21,both,60,60,49,55,0.019517238687937644,-0.31622351873176013,0.21844058511317244,48,1,11,0,3915,6.5,10,-0.01152436345343577,0.06384784643088726,10,55,5,3
Priority assets,r01_r22,r01,r22,both,60,60,48,55,0.017661774942191566,-0.32078353617949407,0.21076216898732003,48,1,12,0,3910,6.5,10,-0.013131184956200359,0.0614012839492627,9,55,5,2
Priority assets,r01_r23,r01,r23,both,60,60,45,55,0.022459518010341184,-0.31471032424306433,0.24399125560820567,46,1,18,0,3828,6.0,12,-0.00960122452029527,0.0638346955360296,17,56,12,9
Priority assets,r01_r24,r01,r24,both,60,60,21,35,-0.009967691561415026,-0.4498078640909679,-0.16076990345375425,21,1,2,0,5782,40.0,2,-0.062289392088186346,0.013218909980646454,3,42,2,0
Priority assets,r02_r00,r02,r00,both,60,60,21,29,-0.008436347954707935,-0.5178309208658268,-0.10226052090372967,23,2,3,0,1855,15.0,1,-0.11060009069855109,-0.0355428207478613,3,12,5,3
Priority assets,r02_r01,r02,r01,both,60,60,50,54,0.029406588588655747,-0.47270211905625664,0.23165965071751027,53,2,2,0,2676,22.0,6,-0.04816852316563547,0.01615638034048361,12,46,12,9
Priority assets,r02_r02,r02,r02,both,60,60,36,44,0.014230491277254731,-0.49328341096499917,0.12191318589569233,41,2,2,0,2358,19.0,2,-0.06630321100365899,0.0,5,0,11,5
Priority assets,r02_r03,r02,r03,both,60,60,50,54,0.038236595564310916,-0.45328182589645594,0.3511661591838734,52,1,2,0,2778,23.0,5,-0.03133326635278888,0.02282460238441214,9,49,10,6
Priority assets,r02_r04,r02,r04,both,60,60,50,53,0.0372709437151757,-0.46292269076822,0.3515294127100077,52,1,2,0,2755,22.0,5,-0.03204742767599067,0.02258635045882601,8,47,10,5
Priority assets,r02_r05,r02,r05,both,60,60,48,53,0.02835137798875298,-0.44187275935309434,0.24932477260436703,48,1,2,0,2583,20.5,9,-0.035990058909543654,0.022392867033405373,9,49,17,8
Priority assets,r02_r06,r02,r06,both,60,60,28,30,-0.0032460528517253007,-0.4973583865881469,-0.025294989350708008,27,2,3,0,1726,13.0,3,-0.10666407167283021,-0.019087603002318487,3,15,5,3
Priority assets,r02_r07,r02,r07,both,60,60,50,54,0.03381427517401414,-0.4519400092026607,0.2771317222415839,52,2,2,0,2496,18.0,8,-0.041217486618377874,0.01843386246088974,10,47,14,7
Priority assets,r02_r08,r02,r08,both,60,60,38,43,0.016418738821265544,-0.4392303565165596,0.20107915276586064,39,2,2,0,2228,17.0,3,-0.05934190947234208,0.0034841455163214796,4,41,14,4
Priority assets,r02_r09,r02,r09,both,60,60,50,53,0.04458205636540746,-0.4511072504874349,0.3561067937014236,51,1,2,0,2602,19.0,7,-0.031018411562757975,0.019759095227003698,8,52,8,4
Priority assets,r02_r10,r02,r10,both,60,60,49,53,0.04049543589335858,-0.4582286175928525,0.3579680964714097,51,1,2,0,2589,19.0,5,-0.03542298440976899,0.024925755720806075,7,52,5,3
Priority assets,r02_r11,r02,r11,both,60,60,52,53,0.03408799910072402,-0.4440108578708328,0.3317002776319625,52,1,2,0,2415,17.5,8,-0.032380689383909256,0.024609931992747858,10,51,16,8
Priority assets,r02_r12,r02,r12,both,60,60,30,33,0.0049761647891136684,-0.4909741363477277,-0.009775962072602784,32,2,4,0,1619,10.0,2,-0.08767858319978605,-0.008393664893377117,4,22,8,2
Priority assets,r02_r13,r02,r13,both,60,60,50,55,0.03250449044218906,-0.425437320355909,0.2797935239687732,50,1,3,0,2306,15.0,7,-0.03314773084384637,0.02214421898305613,6,49,13,4
Priority assets,r02_r14,r02,r14,both,60,60,45,47,0.021861304127161474,-0.37930023325929935,0.24918759398830304,45,2,3,0,2066,13.5,1,-0.05362263417149482,0.010127035574343024,5,45,11,4
Priority assets,r02_r15,r02,r15,both,60,60,52,57,0.04102920266344667,-0.4341986273451198,0.39109837701190675,52,1,2,0,2409,16.0,6,-0.028924279500592343,0.026526007382990435,8,50,6,3
Priority assets,r02_r16,r02,r16,both,60,60,52,55,0.037963038700216334,-0.4372601632472241,0.3796044436376066,51,1,2,0,2398,16.0,7,-0.028765360164466625,0.031324211554674575,6,49,5,2
Priority assets,r02_r17,r02,r17,both,60,60,50,54,0.041416011049127066,-0.39143001155888263,0.38316387830499365,51,1,2,0,2242,14.0,9,-0.02184554892166657,0.03370729944526929,8,51,15,5
Priority assets,r02_r18,r02,r18,both,60,60,41,43,0.01343344583726902,-0.45124600055516517,0.0970500772028422,42,2,38,0,1562,4.0,8,-0.04453816729973642,0.004058623357840463,6,35,9,4
Priority assets,r02_r19,r02,r19,both,60,60,56,59,0.05218376645238665,-0.41840784010878057,0.6050210838544884,58,1,12,0,1792,6.0,10,-0.01510357363672099,0.046860814035238674,10,52,11,6
Priority assets,r02_r20,r02,r20,both,60,60,52,56,0.0410782540784248,-0.4133101001892097,0.4944743758320298,54,1,26,0,1678,5.0,12,-0.021888726190392838,0.03272194328147371,10,54,10,6
Priority assets,r02_r21,r02,r21,both,60,60,55,59,0.05592681469987393,-0.4056585695503783,0.6475836606546345,58,1,11,0,1838,6.5,9,-0.01174041851769314,0.044959394164196476,11,54,5,5
Priority assets,r02_r22,r02,r22,both,60,60,55,57,0.054341270535364083,-0.41070944278201055,0.6367663914230874,57,1,12,0,1836,6.5,10,-0.013652356617729455,0.04727688950050857,10,54,5,4
Priority assets,r02_r23,r02,r23,both,60,60,57,59,0.05991315266499253,-0.39230077439591404,0.6069326912148246,57,1,18,0,1763,6.0,13,-0.008858311843142563,0.04922938758056217,19,54,14,11
Priority assets,r02_r24,r02,r24,both,60,60,49,53,0.04049543589335858,-0.4582286175928525,0.3561067937014236,51,1,2,0,2598,19.0,4,-0.03451840000514672,0.024925755720806075,7,52,5,3
Priority assets,r03_r00,r03,r00,both,60,60,6,12,-0.09224109921289941,-0.6704408477511352,-0.595647474980691,7,1,1,0,3805,30.0,0,-0.1412014823618244,-0.05319871088416256,3,13,3,1
Priority assets,r03_r01,r03,r01,both,60,60,8,22,-0.04021072542352949,-0.5279791084424268,-0.38898368738655253,8,1,1,0,6966,57.0,3,-0.09072195451005555,-0.005879122836984552,2,16,3,1
Priority assets,r03_r02,r03,r02,both,60,60,6,11,-0.0763658109285218,-0.6525194262801999,-0.5490098742804432,6,1,1,0,5329,42.5,0,-0.12555830807310925,-0.035264008027626914,2,14,2,1
Priority assets,r03_r03,r03,r03,both,60,60,13,29,-0.030152530598801852,-0.4700117799955471,-0.3050528292051087,14,0,1,0,7494,62.0,2,-0.07083668700654522,0.0,2,0,1,0
Priority assets,r03_r04,r03,r04,both,60,60,12,28,-0.03313560827080497,-0.47329808084308256,-0.31444504647811544,14,0,1,0,7398,61.0,2,-0.07232893716616906,-0.0009348273820457553,2,20,1,0
Priority assets,r03_r05,r03,r05,both,60,60,12,25,-0.03667137678003235,-0.5328155133092863,-0.3504317543346765,11,0,1,0,6736,54.0,2,-0.07961131403425348,-0.0031973626152396184,2,22,2,0
Priority assets,r03_r06,r03,r06,both,60,60,9,11,-0.08516317804089701,-0.6495988020171831,-0.5676823883471289,10,1,2,0,3584,22.0,2,-0.11628275981344527,-0.033175882651568844,5,14,4,3
Priority assets,r03_r07,r03,r07,both,60,60,9,29,-0.025717356791939316,-0.47408824633130664,-0.23468402061916288,14,1,2,0,6100,40.5,1,-0.07232298838462542,0.0052916962843779225,2,35,2,1
Priority assets,r03_r08,r03,r08,both,60,60,10,19,-0.05441369705687471,-0.5756285927621958,-0.4390814034951095,9,1,2,0,4989,31.0,1,-0.10086649464505781,-0.014558179483649458,5,21,4,3
Priority assets,r03_r09,r03,r09,both,60,60,13,31,-0.02376625395030485,-0.4764916282395238,-0.21850076023632364,14,0,1,0,6471,43.5,2,-0.060177201331706565,0.008291275047415558,2,43,2,0
Priority assets,r03_r10,r03,r10,both,60,60,14,31,-0.02609412664234656,-0.4677048221271269,-0.21802464604045607,15,0,1,0,6409,43.0,2,-0.06222625256837988,0.0053533939074690284,2,41,2,0
Priority assets,r03_r11,r03,r11,both,60,60,15,35,-0.017752514783144935,-0.45052177766664675,-0.17282007790835835,16,1,1,0,5936,38.0,2,-0.0598701106794427,0.005008137654683498,3,40,2,0
Priority assets,r03_r12,r03,r12,both,60,60,13,20,-0.04581892896673645,-0.563044250335018,-0.3940858983044127,14,1,4,1,3643,11.0,4,-0.08506062075825771,-0.002180938774595409,3,28,2,1
Priority assets,r03_r13,r03,r13,both,60,60,24,44,-0.007685408082152456,-0.3943029551340415,-0.06331469005101725,24,1,2,0,5050,20.0,6,-0.04358499986951958,0.01645051388488361,3,52,1,1
Priority assets,r03_r14,r03,r14,both,60,60,18,31,-0.015728534477150113,-0.4289524503494887,-0.1351414216965689,17,1,2,0,4597,16.5,1,-0.06268731628247837,0.002190368959883837,2,35,4,2
Priority assets,r03_r15,r03,r15,both,60,60,25,43,-0.005236927652166101,-0.3716796471918237,-0.02954787609868198,27,0,2,0,5225,20.5,3,-0.0378156654207486,0.02665625451925141,5,56,0,0
Priority assets,r03_r16,r03,r16,both,60,60,25,43,-0.005665761730436314,-0.3809099035249556,-0.04204138718817341,27,0,2,0,5208,20.0,3,-0.03809938342950214,0.025849355058351065,5,56,1,0
Priority assets,r03_r17,r03,r17,both,60,60,27,43,-0.00433817839983236,-0.4038990060517523,-0.020642534472134544,27,1,2,0,4996,18.5,4,-0.04137704564743555,0.02185474566548745,6,53,5,2
Priority assets,r03_r18,r03,r18,both,60,60,25,33,-0.007592949953614425,-0.4830303790820348,-0.09278813393583496,24,1,38,0,3936,4.0,8,-0.042046339032355606,0.010506753963726134,6,42,3,3
Priority assets,r03_r19,r03,r19,both,60,60,42,53,0.007566226148002175,-0.35881597702014356,0.1358756058339997,40,1,12,0,4382,6.0,10,-0.015502862311809862,0.045191948094067846,9,57,9,5
Priority assets,r03_r20,r03,r20,both,60,60,38,48,0.003518284886489864,-0.38487961033983475,0.057258143371904824,34,1,26,0,4203,5.0,11,-0.017168382748928845,0.033929606894507414,7,55,7,4
Priority assets,r03_r21,r03,r21,both,60,60,40,54,0.01235304333202214,-0.33398546339410773,0.14591528624754957,38,1,11,0,4445,6.5,9,-0.011044099638187532,0.04843728390237029,10,58,5,3
Priority assets,r03_r22,r03,r22,both,60,60,41,54,0.01149261251382172,-0.33428444600894813,0.14591528624754957,36,1,12,0,4440,6.5,9,-0.013136203021134718,0.04759094809180575,9,58,5,2
Priority assets,r03_r23,r03,r23,both,60,60,41,54,0.014378393030301972,-0.33426122246936324,0.17526005765274388,42,1,18,0,4357,6.0,11,-0.008783420776980744,0.046893371040609255,16,55,11,8
Priority assets,r03_r24,r03,r24,both,60,60,14,30,-0.026790333138748235,-0.4673045904232606,-0.227092047688167,15,0,1,0,6422,43.0,2,-0.06222625256837988,0.004584195726456741,2,41,2,0
Priority assets,r04_r00,r04,r00,both,60,60,6,11,-0.08940683764896978,-0.6712542480162471,-0.6071620685691617,8,1,1,0,3688,30.0,0,-0.14122843777703326,-0.04773253887043427,4,14,3,2
Priority assets,r04_r01,r04,r01,both,60,60,8,22,-0.03879898447558755,-0.5404895405753446,-0.40335082821821955,8,1,1,0,6751,57.0,3,-0.08971147436206783,-0.004633310681953606,1,26,3,0
Priority assets,r04_r02,r04,r02,both,60,60,6,10,-0.07610674365879577,-0.6502640545800731,-0.5261882092060244,6,1,1,0,5163,42.5,0,-0.12207646741872241,-0.03713167297169068,2,15,2,1
Priority assets,r04_r03,r04,r03,both,60,60,13,27,-0.03165262764571841,-0.4806968609944126,-0.33285981109990476,14,0,1,0,7269,62.0,2,-0.07039201218877794,0.00093148510804969,2,38,0,0
Priority assets,r04_r04,r04,r04,both,60,60,13,27,-0.03045929715900253,-0.49797215263636113,-0.308856387207221,14,0,1,0,7172,60.5,2,-0.07162120469901556,0.0,2,0,0,0
Priority assets,r04_r05,r04,r05,both,60,60,11,22,-0.038512668640981906,-0.5551250349511417,-0.3716004483967638,12,0,1,0,6528,54.0,2,-0.08083054557334851,-0.003604104001329045,2,20,1,0
Priority assets,r04_r06,r04,r06,both,60,60,9,13,-0.08342303494004571,-0.6468615237139818,-0.5874426273931166,10,1,2,0,3461,22.0,2,-0.12014475169399735,-0.031560469030580296,5,14,4,3
Priority assets,r04_r07,r04,r07,both,60,60,12,26,-0.02865153770674367,-0.4832164041492625,-0.27520863071127827,14,1,2,0,5901,41.0,1,-0.07110743666648767,0.006779232267462798,2,37,1,1
Priority assets,r04_r08,r04,r08,both,60,60,10,18,-0.05422454839397117,-0.5926346418129097,-0.4589767937896529,9,1,2,0,4814,31.0,1,-0.0993617461533659,-0.014050798945633991,6,22,4,3
Priority assets,r04_r09,r04,r09,both,60,60,13,28,-0.024923525435128602,-0.48474990751570163,-0.27441446125972485,14,0,1,0,6266,44.0,2,-0.0604540350432462,0.009910688637280896,2,44,2,0
Priority assets,r04_r10,r04,r10,both,60,60,13,27,-0.026269166552370715,-0.47674114018905533,-0.2950116485638183,15,0,1,0,6204,43.0,2,-0.05978168755280522,0.009394314715783558,2,43,2,0
Priority assets,r04_r11,r04,r11,both,60,60,14,32,-0.018831981441791823,-0.44604563246978124,-0.20421277294935303,16,1,1,0,5738,38.0,2,-0.059954110105864544,0.006242123482560702,2,41,3,0
Priority assets,r04_r12,r04,r12,both,60,60,10,18,-0.04626359008724801,-0.5511746465375609,-0.4335940508370693,10,1,4,1,3488,11.0,4,-0.08716780449135536,-0.0004543970763560279,5,30,2,1
Priority assets,r04_r13,r04,r13,both,60,60,20,41,-0.006471823746038774,-0.3976882238486597,-0.08243561434468838,23,1,2,0,4850,20.0,6,-0.04197343363024436,0.01706790968627664,3,51,2,1
Priority assets,r04_r14,r04,r14,both,60,60,17,29,-0.014962758318411373,-0.4263283172051309,-0.1541526401649212,21,1,2,0,4408,16.5,1,-0.06339716001925783,0.004617882296553022,2,36,4,2
Priority assets,r04_r15,r04,r15,both,60,60,24,41,-0.0022512351461052016,-0.3960919936625681,-0.044442641971148944,27,0,2,0,5021,20.5,3,-0.03827235319742206,0.030453437727861465,5,55,1,0
Priority assets,r04_r16,r04,r16,both,60,60,22,41,-0.0019001906821824455,-0.401360381732052,-0.04249037070834083,26,0,2,0,5004,20.0,3,-0.037995598032393496,0.027592257377043405,5,55,1,0
Priority assets,r04_r17,r04,r17,both,60,60,24,42,-0.005209587316223285,-0.40265396603313447,-0.07279576558486434,25,1,2,0,4798,18.5,4,-0.04354392804517376,0.02114169998860721,6,52,4,1
Priority assets,r04_r18,r04,r18,both,60,60,21,33,-0.006535991206805258,-0.4725036203716992,-0.0839233287662488,24,1,38,0,3750,4.0,8,-0.04229395469806241,0.011892905911136176,6,43,5,4
Priority assets,r04_r19,r04,r19,both,60,60,42,49,0.014807683892229417,-0.3540907826737681,0.1492299645343188,43,1,12,0,4178,6.0,11,-0.015569263063064387,0.047081770012586344,10,56,9,5
Priority assets,r04_r20,r04,r20,both,60,60,36,47,0.0076277251963852155,-0.36941612556423686,0.07144204413673794,36,1,26,0,4002,5.0,11,-0.015929170656939717,0.03714669481545446,7,54,7,3
Priority assets,r04_r21,r04,r21,both,60,60,39,51,0.013246346628635997,-0.3365939930175013,0.15125547273556972,41,1,11,0,4241,6.5,9,-0.011014094230855642,0.053971807451419995,10,57,5,3
Priority assets,r04_r22,r04,r22,both,60,60,39,51,0.013151258128114685,-0.34064555110186423,0.15019277238921336,41,1,12,0,4236,6.5,9,-0.013073406507260077,0.051622665385681665,9,57,5,2
Priority assets,r04_r23,r04,r23,both,60,60,42,49,0.01787191770340102,-0.3337362805779856,0.16443146558812094,43,1,18,0,4153,6.0,11,-0.0080782313365943,0.052159039905466276,16,56,11,8
Priority assets,r04_r24,r04,r24,both,60,60,14,27,-0.027079028603231026,-0.47674114018905533,-0.30443809365743824,15,0,1,0,6217,43.0,2,-0.05978168755280522,0.009394314715783558,2,43,2,0
Priority assets,r05_r00,r05,r00,both,60,60,11,13,-0.08247572612686377,-0.6692963776052613,-0.5858001717501437,11,1,2,0,3119,27.0,0,-0.13244774753639016,-0.05152427796579451,3,8,3,2
Priority assets,r05_r01,r05,r01,both,60,60,20,30,-0.01928649075799177,-0.4837037011155427,-0.21275761162494583,21,1,2,0,5542,49.0,3,-0.08478844146172831,-0.00016774289106202822,3,30,4,1
Priority assets,r05_r02,r05,r02,both,60,60,13,22,-0.048269504641688055,-0.5672026249420412,-0.4198329767934472,13,1,2,0,4321,37.0,1,-0.11262481599908797,-0.0241975692912621,4,14,5,3
Priority assets,r05_r03,r05,r03,both,60,60,24,37,-0.003744644327142721,-0.4720698226545301,-0.07780948005797461,25,0,1,0,5944,53.0,2,-0.06709916736757204,0.004394450444612841,2,37,2,0
Priority assets,r05_r04,r05,r04,both,60,60,22,36,-0.003437063101810689,-0.4828602487487449,-0.0721292523296218,26,0,1,0,5870,52.0,2,-0.07266377014472147,0.003619821258053102,2,39,1,0
Priority assets,r05_r05,r05,r05,both,60,60,25,35,-0.011563167803931018,-0.48800561239552886,-0.14454268463843922,25,0,1,0,5344,46.0,2,-0.07686246511395733,0.0,3,0,5,1
Priority assets,r05_r06,r05,r06,both,60,60,14,15,-0.07507956754836487,-0.6717219955993334,-0.5623621261111,14,1,2,0,2945,21.0,1,-0.12951536079099357,-0.03781549419332986,5,15,3,2
Priority assets,r05_r07,r05,r07,both,60,60,22,37,-0.010518701550907894,-0.4564094297157068,-0.15763544603061858,23,1,2,0,4996,39.0,3,-0.0669076950617068,0.005687071649537356,3,37,5,1
Priority assets,r05_r08,r05,r08,both,60,60,15,24,-0.031085640665440728,-0.5476037982243425,-0.3184937082784182,17,1,2,0,4090,30.0,1,-0.10441876716773224,-0.014175649681299363,5,19,7,3
Priority assets,r05_r09,r05,r09,both,60,60,26,40,-0.0017624960137856416,-0.4616396021392811,-0.08973827629422149,28,0,2,0,5318,42.0,2,-0.062268719455662924,0.003104282598394126,2,38,3,0
Priority assets,r05_r10,r05,r10,both,60,60,27,39,-0.0019185884927044872,-0.4642268409328459,-0.04779176339360974,29,0,2,0,5265,41.0,2,-0.0640858380572829,0.007768599513091112,2,39,2,0
Priority assets,r05_r11,r05,r11,both,60,60,26,39,-0.000194341160425493,-0.425357995052341,-0.04776008087664624,30,1,2,0,4852,37.0,2,-0.06846919910148125,0.007099619795199685,3,42,7,1
Priority assets,r05_r12,r05,r12,both,60,60,18,21,-0.03425395785006763,-0.5329857407035634,-0.32382797483538944,18,1,4,1,2845,11.0,4,-0.09639969930144787,-0.01335148517754392,4,21,4,2
Priority assets,r05_r13,r05,r13,both,60,60,36,48,0.010054224178980498,-0.406792225465724,0.07485662112493685,36,1,2,0,4011,20.0,6,-0.039538100304082446,0.016167691522251615,3,44,4,1
Priority assets,r05_r14,r05,r14,both,60,60,31,38,0.0018316767743984386,-0.3981386037762602,0.0068740826143856015,31,1,2,0,3621,16.5,2,-0.06042014697766607,0.0008442957298694376,3,34,10,3
Priority assets,r05_r15,r05,r15,both,60,60,40,50,0.009991678219854472,-0.38951394316368354,0.08253525106194659,40,0,2,0,4162,20.5,3,-0.03798019019668614,0.027810773748112916,5,50,1,0
Priority assets,r05_r16,r05,r16,both,60,60,39,49,0.010056583390124385,-0.38692435322220914,0.07904507848145992,39,0,2,0,4146,20.0,4,-0.0386905374448307,0.026328799464193642,5,49,2,0
Priority assets,r05_r17,r05,r17,both,60,60,40,46,0.011152190467543233,-0.3889077261116877,0.09939664124404102,39,1,2,0,3960,18.5,5,-0.04202393239019708,0.028996253571288266,5,52,12,2
Priority assets,r05_r18,r05,r18,both,60,60,30,36,-0.0004237132724697057,-0.4774859673402503,-0.010751717352142975,30,1,38,0,2969,4.0,8,-0.04399308743681729,0.009882762180459359,5,38,7,3
Priority assets,r05_r19,r05,r19,both,60,60,49,54,0.023879435076220812,-0.38667710363778585,0.21052322003584356,50,1,12,0,3324,6.0,11,-0.015438841913783474,0.055790290437736256,11,56,11,7
Priority assets,r05_r20,r05,r20,both,60,60,43,50,0.01669203102094785,-0.40171310264272203,0.18283098316954915,44,1,26,0,3161,5.0,11,-0.020871963142980066,0.03717820942326461,9,55,10,6
Priority assets,r05_r21,r05,r21,both,60,60,51,55,0.023196181568601593,-0.3449214482751481,0.23067450795283329,50,1,11,0,3381,6.5,9,-0.011489741789013741,0.0576318832458631,10,56,5,3
Priority assets,r05_r22,r05,r22,both,60,60,50,55,0.023196181568601593,-0.34492144827514803,0.23067450795283329,49,1,12,0,3378,6.5,9,-0.013389635257248456,0.0569748475184208,9,56,5,2
Priority assets,r05_r23,r05,r23,both,60,60,50,54,0.027082087454194936,-0.33993868582526665,0.26142380557000044,50,1,18,0,3299,6.0,12,-0.00884887410923324,0.05253371596667361,17,57,12,9
Priority assets,r05_r24,r05,r24,both,60,60,27,39,-0.0019185884927044872,-0.4642268409328459,-0.04779176339360974,29,0,2,0,5278,41.0,2,-0.0640858380572829,0.007067986807076876,2,39,2,0
Priority assets,r06_r00,r06,r00,both,60,60,27,32,0.0009457696665158277,-0.5380837990842803,-0.01087818418631703,31,2,5,0,1292,10.0,4,-0.09151642481369571,0.0,4,19,5,1
Priority assets,r06_r01,r06,r01,both,60,60,48,51,0.02869952457587288,-0.4289779498496244,0.2794884815320213,49,2,2,0,1845,17.0,6,-0.047277037214867146,0.03174609932775663,6,47,8,4
Priority assets,r06_r02,r06,r02,both,60,60,42,46,0.019859728270774757,-0.43752943872617966,0.19471750583577752,44,2,2,0,1604,14.0,4,-0.061839886962058,0.0174375004530819,6,47,12,4
Priority assets,r06_r03,r06,r03,both,60,60,51,55,0.03891390799989758,-0.42981507653073797,0.4044965909952284,52,1,2,0,1937,17.0,4,-0.033390856565883476,0.042813852865923874,4,52,6,3
Priority assets,r06_r04,r06,r04,both,60,60,52,55,0.03531321398102738,-0.43256269215448584,0.36697673237898965,52,1,2,0,1900,17.0,3,-0.03330096700009655,0.04260163698412034,4,52,6,3
Priority assets,r06_r05,r06,r05,both,60,60,49,54,0.03346920079780169,-0.4198537924859561,0.3110669569424632,52,1,2,0,1763,15.5,7,-0.046529095919942365,0.03905191898507693,7,50,6,4
Priority assets,r06_r06,r06,r06,both,60,60,30,38,0.002257198563086704,-0.5118397545209251,0.00260341939519515,31,2,5,0,1238,10.0,4,-0.09373562982417682,0.0,5,0,6,1
Priority assets,r06_r07,r06,r07,both,60,60,49,53,0.027427945180776514,-0.43353993571853194,0.33333205414011324,49,2,2,0,1733,15.0,5,-0.038183196757733795,0.033500585752177514,5,50,10,4
Priority assets,r06_r08,r06,r08,both,60,60,42,47,0.022733631922320807,-0.4200770384384451,0.23564042777640892,43,2,2,0,1536,13.0,1,-0.05237301560984953,0.021387110274385446,6,47,13,4
Priority assets,r06_r09,r06,r09,both,60,60,52,55,0.04023105705564001,-0.4433208157190611,0.40711842324854486,52,1,2,0,1817,15.0,4,-0.03231104051455891,0.045921735196091495,5,52,7,3
Priority assets,r06_r10,r06,r10,both,60,60,52,54,0.03917701560416387,-0.4510018012304167,0.39615306608998946,52,1,2,0,1793,15.0,5,-0.032654232603108846,0.04464948717489087,6,52,6,3
Priority assets,r06_r11,r06,r11,both,60,60,52,53,0.039755436973190506,-0.44222670237454875,0.40471653337688807,52,1,2,0,1674,13.0,8,-0.03530431001038831,0.051674879611070756,5,50,9,4
Priority assets,r06_r12,r06,r12,both,60,60,30,36,0.0014998008209984315,-0.5131485586771625,0.004322192512975165,32,2,5,0,1200,9.0,3,-0.08499417584309654,0.0,4,24,7,1
Priority assets,r06_r13,r06,r13,both,60,60,51,54,0.030344759063342108,-0.4334376224360848,0.2979009612013048,50,2,3,0,1680,14.0,4,-0.03712347272881944,0.037439805108839264,2,50,11,2
Priority assets,r06_r14,r06,r14,both,60,60,42,46,0.02351717177067436,-0.4060315853176737,0.25264922096018794,43,2,3,0,1495,12.0,1,-0.05237301560984953,0.025448017523172883,5,47,13,4
Priority assets,r06_r15,r06,r15,both,60,60,53,54,0.03999255464027829,-0.43881523159395136,0.4307641631652972,53,1,2,0,1763,14.0,4,-0.030422945144867874,0.04553399711294498,5,52,6,3
Priority assets,r06_r16,r06,r16,both,60,60,53,54,0.03686438491386346,-0.4443233223458049,0.4204326600319359,53,1,2,0,1750,14.0,6,-0.029194415629498205,0.04426271950996424,7,52,4,2
Priority assets,r06_r17,r06,r17,both,60,60,51,54,0.041689304123726956,-0.42526810383782415,0.3785165543520549,52,1,3,0,1638,13.0,9,-0.03457022231813012,0.05277307070724935,6,50,8,3
Priority assets,r06_r18,r06,r18,both,60,60,40,45,0.01880073447763675,-0.45403223562438844,0.22690967226899217,40,2,40,0,1016,4.0,7,-0.04513040293538706,0.02026564151044713,7,42,9,6
Priority assets,r06_r19,r06,r19,both,60,60,58,58,0.05373608617150616,-0.4221437707295207,0.4803803061805373,57,1,16,0,1219,6.0,11,-0.0170772592569981,0.06353594787576788,11,54,15,7
Priority assets,r06_r20,r06,r20,both,60,60,55,57,0.03749692036942387,-0.4156371222743799,0.40461500218507873,55,1,28,0,1121,5.0,11,-0.018077593014135585,0.050882034104693386,9,53,14,8
Priority assets,r06_r21,r06,r21,both,60,60,58,59,0.06126428811791673,-0.3995994836001862,0.674826274105892,57,1,14,0,1262,6.0,12,-0.009845661002554684,0.07734450050682506,12,54,8,4
Priority assets,r06_r22,r06,r22,both,60,60,58,59,0.06034698466367083,-0.40459210766316367,0.6400850732251763,57,1,15,0,1257,6.0,11,-0.010443400275593206,0.07711389439781191,11,54,7,4
Priority assets,r06_r23,r06,r23,both,60,60,57,58,0.05462437272606391,-0.415523347134541,0.6070224182612582,56,1,20,0,1202,5.0,12,-0.01367282040334783,0.06398407749493973,13,53,10,7
Priority assets,r06_r24,r06,r24,both,60,60,52,54,0.03917701560416387,-0.44655564870828013,0.39615306608998946,52,1,2,0,1802,15.0,5,-0.031740535545060955,0.04464948717489087,6,52,6,3
Priority assets,r07_r00,r07,r00,both,60,60,8,12,-0.0919951934107569,-0.674002363280521,-0.6170996441373114,7,1,3,0,3292,27.0,1,-0.14163009174005814,-0.0614385470477149,3,7,1,0
Priority assets,r07_r01,r07,r01,both,60,60,15,27,-0.024370497581960915,-0.45779012418304943,-0.21463361799461078,14,1,2,0,5624,50.5,2,-0.07684442240914069,-0.009252426195611008,3,15,0,0
Priority assets,r07_r02,r07,r02,both,60,60,10,14,-0.05741776663147258,-0.5921499498217373,-0.5062653946146483,8,1,2,0,4458,38.5,0,-0.11158404561074631,-0.03235286646814017,3,9,4,1
Priority assets,r07_r03,r07,r03,both,60,60,18,27,-0.02871313144642701,-0.44728164752983796,-0.24582866097031597,17,1,1,0,5916,54.0,2,-0.06746287072943435,-0.0016268968284463559,2,24,1,0
Priority assets,r07_r04,r07,r04,both,60,60,18,27,-0.02766247250635684,-0.4679706536748055,-0.22819132779580625,16,1,1,0,5843,52.0,2,-0.0680034450257086,-0.0021749259239521312,2,23,1,0
Priority assets,r07_r05,r07,r05,both,60,60,17,29,-0.02453670874852626,-0.521698060359134,-0.1765057869013847,14,1,1,0,5431,48.0,3,-0.08497632944794326,-0.004594837713554734,3,21,0,0
Priority assets,r07_r06,r07,r06,both,60,60,9,14,-0.08763909098091927,-0.6679279359986822,-0.5823065114917183,9,1,3,0,3052,21.0,0,-0.13186317081505616,-0.03961937902181856,4,7,3,1
Priority assets,r07_r07,r07,r07,both,60,60,17,29,-0.02076515246235683,-0.4693559973884274,-0.1999238698598983,17,1,2,0,4970,39.0,2,-0.06611705419232161,0.0,2,0,1,0
Priority assets,r07_r08,r07,r08,both,60,60,11,18,-0.04595498056628644,-0.5459493687926518,-0.38284949243431726,11,1,2,0,4133,30.5,1,-0.09898348869879031,-0.018419400368802352,3,11,2,1
Priority assets,r07_r09,r07,r09,both,60,60,19,30,-0.01940021331656039,-0.4399571022204038,-0.19829594466864164,19,1,2,0,5179,42.0,2,-0.0558390938696145,0.0034560921406621703,2,40,1,0
Priority assets,r07_r10,r07,r10,both,60,60,19,31,-0.01568635288675585,-0.44526818800396545,-0.17926405609431828,19,1,2,0,5133,41.0,2,-0.058007143378006665,0.00250090712568668,2,37,1,0
Priority assets,r07_r11,r07,r11,both,60,60,21,32,-0.013439313882799897,-0.41183318899411864,-0.12369000788083562,20,1,2,0,4845,36.0,3,-0.06845781582433785,0.0009064669900784583,3,33,1,0
Priority assets,r07_r12,r07,r12,both,60,60,14,18,-0.0368984005264667,-0.53171221525366,-0.3582295614556242,12,1,4,1,2817,11.0,4,-0.08398836766032325,-0.01065687713191149,5,18,1,0
Priority assets,r07_r13,r07,r13,both,60,60,25,40,-0.006413564575301789,-0.37174712509381375,-0.06231183909444843,25,1,2,0,3904,20.0,6,-0.04041902879357695,0.0126514104542374,6,45,1,1
Priority assets,r07_r14,r07,r14,both,60,60,22,31,-0.010623517106649938,-0.4209019988565471,-0.09935164990210221,23,1,2,0,3557,16.5,2,-0.05533172010797932,0.0024898785770317566,5,31,2,1
Priority assets,r07_r15,r07,r15,both,60,60,29,41,-0.003493257332169486,-0.3716862513014965,-0.03927242402715492,28,1,2,0,4010,20.5,4,-0.039643942797277176,0.023743239175619546,4,47,1,0
Priority assets,r07_r16,r07,r16,both,60,60,29,40,-0.004618728329970567,-0.36802434817713453,-0.058405506682984554,28,1,2,0,3996,20.0,4,-0.038129211760284,0.024059074533519798,4,45,0,0
Priority assets,r07_r17,r07,r17,both,60,60,27,38,-0.004320279834111984,-0.38499995365193007,-0.05558986476055805,27,1,2,0,3861,18.5,4,-0.047303102131130426,0.016207669469169683,4,47,2,0
Priority assets,r07_r18,r07,r18,both,60,60,22,33,-0.007264066114599288,-0.44910902374070727,-0.07304375964048265,23,1,38,0,2819,4.0,8,-0.03075441939651552,0.007338908016149337,7,36,2,2
Priority assets,r07_r19,r07,r19,both,60,60,42,54,0.017025386153733724,-0.31500452546186253,0.1675135171276747,43,1,12,0,3174,6.0,10,-0.01466356068716379,0.043112646574342495,11,56,4,4
Priority assets,r07_r20,r07,r20,both,60,60,38,49,0.011650195803378338,-0.3573792129102847,0.144388376202797,38,1,26,0,3029,5.0,9,-0.016391101136703945,0.031160684271626216,6,53,4,2
Priority assets,r07_r21,r07,r21,both,60,60,46,54,0.016960764243668325,-0.3048967984018949,0.14763273532452392,44,1,11,0,3220,6.5,11,-0.010375181951341017,0.047275290664806624,10,57,4,3
Priority assets,r07_r22,r07,r22,both,60,60,46,54,0.01682545100822519,-0.3063624817364185,0.14763273532452392,44,1,12,0,3215,6.5,11,-0.011496577126817953,0.04961968822316859,10,57,4,3
Priority assets,r07_r23,r07,r23,both,60,60,43,53,0.01801062018184707,-0.30030046423231227,0.18391857018919877,43,1,18,0,3154,6.0,12,-0.010295433857850145,0.04755148192869485,13,56,5,5
Priority assets,r07_r24,r07,r24,both,60,60,19,30,-0.015393052345075042,-0.44526818800396545,-0.18871944479958153,19,1,2,0,5143,41.0,2,-0.058007143378006665,0.002500907125686569,2,37,1,0
Priority assets,r08_r00,r08,r00,both,60,60,19,27,-0.010964006569773532,-0.4998689626599941,-0.12485505984233314,22,2,3,0,1847,16.0,1,-0.10711230891236101,-0.0387260313295657,4,11,2,2
Priority assets,r08_r01,r08,r01,both,60,60,42,52,0.022349934549799944,-0.46814771602766014,0.1527183513213114,51,2,2,0,2743,25.0,7,-0.048140851861217304,0.011323501095575339,9,44,4,3
Priority assets,r08_r02,r08,r02,both,60,60,33,40,0.012603020627355077,-0.5287132795857883,0.036261119641431416,38,2,2,0,2392,21.0,2,-0.07028836214922662,-0.0041675805998769855,5,14,2,2
Priority assets,r08_r03,r08,r03,both,60,60,45,54,0.027642014612905275,-0.43809372985593154,0.24446344322187308,51,1,2,0,2861,26.5,5,-0.03959402190802819,0.020207840777176356,8,45,5,4
Priority assets,r08_r04,r08,r04,both,60,60,46,54,0.02726819064203101,-0.4425248773708329,0.24203783079664742,50,1,2,0,2818,26.0,6,-0.04239904869105293,0.01784846714971705,7,45,3,2
Priority assets,r08_r05,r08,r05,both,60,60,43,49,0.021905979933671826,-0.4422414151904127,0.19571502510516026,49,1,2,0,2635,24.0,9,-0.04751589622002095,0.016191374097315803,11,41,3,1
Priority assets,r08_r06,r08,r06,both,60,60,23,28,-0.00421848461402885,-0.5006260495691093,-0.10259128901248427,25,2,3,0,1713,13.0,2,-0.10232402837212845,-0.026158876305180823,4,12,3,2
Priority assets,r08_r07,r08,r07,both,60,60,48,53,0.026067481939213155,-0.43744774936183434,0.24269699161996017,49,2,2,0,2484,19.5,7,-0.04347796672689097,0.016487600331435037,7,45,4,2
Priority assets,r08_r08,r08,r08,both,60,60,34,39,0.01653884454585408,-0.453381424108286,0.11376424984010203,37,2,2,0,2208,17.0,2,-0.06317375719091567,0.0,5,0,5,2
Priority assets,r08_r09,r08,r09,both,60,60,47,53,0.029541297694006485,-0.43291089246784353,0.2758648089640101,49,1,2,0,2578,21.0,6,-0.0365413864030244,0.02437414231956042,7,48,4,3
Priority assets,r08_r10,r08,r10,both,60,60,47,52,0.028189667160904097,-0.43733545963105724,0.2949194921820917,48,1,2,0,2553,20.5,6,-0.03209684308198335,0.023470956058024017,7,47,4,2
Priority assets,r08_r11,r08,r11,both,60,60,47,52,0.029124490667362224,-0.43145441511367943,0.26137890346243464,49,1,2,0,2408,19.0,7,-0.039840449380562304,0.02107628384618765,8,47,4,2
Priority assets,r08_r12,r08,r12,both,60,60,28,30,0.001694202742654305,-0.48912304506967136,-0.0456213159142978,31,2,4,0,1580,10.0,2,-0.08539693910796425,-0.012382953229285565,5,15,4,1
Priority assets,r08_r13,r08,r13,both,60,60,49,54,0.028782250516654617,-0.4154711412154627,0.2516517212766768,50,2,3,0,2217,16.0,7,-0.03862477767618977,0.015758894121273737,5,46,3,1
Priority assets,r08_r14,r08,r14,both,60,60,38,46,0.019886115619408895,-0.40437081063208785,0.16949034695201626,42,2,3,0,2010,13.5,1,-0.05614300756091495,0.004018267739217318,3,39,7,2
Priority assets,r08_r15,r08,r15,both,60,60,50,55,0.0302851690522421,-0.4128125594201598,0.34417941647989336,50,1,2,0,2297,16.5,7,-0.029987736878133386,0.023914894728967295,5,47,3,2
Priority assets,r08_r16,r08,r16,both,60,60,50,55,0.03006624290373361,-0.41530326509324605,0.34745927725829384,50,1,2,0,2284,16.5,7,-0.03200762511275346,0.02344346175034323,6,48,2,2
Priority assets,r08_r17,r08,r17,both,60,60,48,51,0.03176141331438875,-0.4220880672324768,0.31727644204242944,50,1,2,0,2174,15.0,8,-0.035099621376739165,0.02596625874966002,5,47,4,3
Priority assets,r08_r18,r08,r18,both,60,60,37,41,0.013728732186869763,-0.45489532515331194,0.12342393953212938,40,2,38,0,1447,4.0,8,-0.03990879323147167,0.004161272303440433,5,35,2,2
Priority assets,r08_r19,r08,r19,both,60,60,54,58,0.05173819542909919,-0.3945252876386575,0.4883533290117781,57,1,12,0,1664,6.0,11,-0.015648360026983332,0.037463060218495825,11,54,7,5
Priority assets,r08_r20,r08,r20,both,60,60,47,54,0.035299732042458065,-0.40340027741302875,0.4282699654768879,49,1,26,0,1561,5.0,12,-0.018174449977431117,0.0251847009769659,8,56,8,5
Priority assets,r08_r21,r08,r21,both,60,60,55,57,0.053243539665952744,-0.39391261524978693,0.5147297122914264,56,1,11,0,1702,6.5,10,-0.012545067197081261,0.04120226369876623,11,53,5,3
Priority assets,r08_r22,r08,r22,both,60,60,55,57,0.05192061604181608,-0.3972474256256929,0.5015777967412516,56,1,12,0,1697,6.5,10,-0.0135488237290603,0.037781083303012664,11,54,4,3
Priority assets,r08_r23,r08,r23,both,60,60,53,58,0.04797746208270082,-0.3806123538157847,0.537160619801565,55,1,18,0,1642,6.0,12,-0.01166494468701873,0.04083796226832598,14,53,6,5
Priority assets,r08_r24,r08,r24,both,60,60,47,52,0.028189667160904097,-0.43733545963105724,0.2949194921820917,48,1,2,0,2562,20.5,6,-0.03209684308198335,0.023470956058024017,7,47,4,2
Priority assets,r09_r00,r09,r00,both,60,60,5,11,-0.09173261088797358,-0.6750933862494027,-0.6005386477484675,5,1,1,0,3739,30.0,0,-0.1368693868118081,-0.0701295844146585,3,12,0,0
Priority assets,r09_r01,r09,r01,both,60,60,8,19,-0.045384475305898064,-0.52273373990515,-0.4071388921784755,8,1,1,0,6441,57.5,3,-0.08157853138072946,-0.017446430168648552,3,11,0,0
Priority assets,r09_r02,r09,r02,both,60,60,6,11,-0.07651036034655101,-0.6337113981216778,-0.5515888978223721,6,1,1,0,5023,42.0,0,-0.10833749236719636,-0.038041547815554966,1,9,0,0
Priority assets,r09_r03,r09,r03,both,60,60,13,23,-0.03784297485688093,-0.479491507223862,-0.3004793018895884,13,0,1,0,6794,63.0,2,-0.0639653629488417,-0.007285406728222865,2,19,0,0
Priority assets,r09_r04,r09,r04,both,60,60,12,20,-0.04019543542910631,-0.4962778295538214,-0.3141668199749748,13,0,1,0,6710,61.0,2,-0.06836523177977388,-0.00972909933464644,2,14,0,0
Priority assets,r09_r05,r09,r05,both,60,60,7,21,-0.046250174482320106,-0.5427274155270314,-0.33871126283037556,7,0,1,0,6240,55.0,2,-0.08862756487920492,-0.018439682965666948,2,11,0,0
Priority assets,r09_r06,r09,r06,both,60,60,8,12,-0.0894443211539312,-0.6568822137694731,-0.5845502304710775,9,1,2,0,3411,22.0,1,-0.11887356205980482,-0.04880564860816661,5,12,1,0
Priority assets,r09_r07,r09,r07,both,60,60,12,24,-0.029631022586787792,-0.49311994560959405,-0.31108893247086933,12,1,2,0,5482,40.5,1,-0.07007642710706641,-0.003423595684651781,1,20,0,0
Priority assets,r09_r08,r09,r08,both,60,60,10,13,-0.06130459173991365,-0.578944628311812,-0.4858182293656023,8,1,2,0,4558,31.0,1,-0.09960108853261557,-0.02149296018492941,3,15,0,0
Priority assets,r09_r09,r09,r09,both,60,60,15,26,-0.03234785898035242,-0.4540335566078141,-0.26996607276652695,14,0,1,0,5702,43.5,2,-0.059401940734249425,0.0,3,0,0,0
Priority assets,r09_r10,r09,r10,both,60,60,14,25,-0.02785725001141187,-0.4716208680709649,-0.25541178748788174,15,0,1,0,5651,43.0,2,-0.06179296739513618,-0.000937818013965086,2,18,0,0
Priority assets,r09_r11,r09,r11,both,60,60,14,23,-0.023260022179744044,-0.4581460620155575,-0.21286252075165873,14,1,1,0,5343,38.0,2,-0.06914753759312958,-0.0009645762552938919,2,24,0,0
Priority assets,r09_r12,r09,r12,both,60,60,11,15,-0.044386570190093955,-0.5503781590493666,-0.4034436775600159,10,1,4,1,3178,11.0,4,-0.08091029819058448,-0.012473638644301344,5,21,1,0
Priority assets,r09_r13,r09,r13,both,60,60,25,34,-0.010270851453327956,-0.3905174903356419,-0.09076321621372518,21,1,2,0,4314,20.0,6,-0.040050579974600986,0.010963085625546598,6,44,1,1
Priority assets,r09_r14,r09,r14,both,60,60,15,27,-0.015617315607815985,-0.44206318809312667,-0.15100811055325858,15,1,2,0,3948,16.5,1,-0.05639759814298262,3.691650592813067e-05,3,30,2,1
Priority assets,r09_r15,r09,r15,both,60,60,26,37,-0.009100469234821607,-0.35177399541277315,-0.05444529556326999,24,0,2,0,4424,20.5,3,-0.04003522861503167,0.01698975039029965,4,50,0,0
Priority assets,r09_r16,r09,r16,both,60,60,27,37,-0.009472378529620351,-0.3539484111534518,-0.06185885181634948,24,0,2,0,4410,20.0,3,-0.038601457744177226,0.014942157228847897,4,50,0,0
Priority assets,r09_r17,r09,r17,both,60,60,24,38,-0.007936453073916994,-0.38448983481869853,-0.07208033796128999,23,1,2,0,4271,18.5,4,-0.045277340867690974,0.0125988181456263,4,48,0,0
Priority assets,r09_r18,r09,r18,both,60,60,19,29,-0.011575421549314568,-0.4526938843824394,-0.12803925197165977,20,1,38,0,3212,4.0,8,-0.03373506368199192,0.007758279820362257,7,37,3,3
Priority assets,r09_r19,r09,r19,both,60,60,40,53,0.011332768683691374,-0.30865026340053364,0.12136756457793962,37,1,12,0,3585,6.0,11,-0.0145720059499993,0.04073547760353641,11,55,3,3
Priority assets,r09_r20,r09,r20,both,60,60,34,46,0.008309609790615458,-0.3358304920818535,0.09258195657868717,36,1,26,0,3435,5.0,10,-0.016474216107416673,0.02992524119136586,6,54,2,2
Priority assets,r09_r21,r09,r21,both,60,60,38,52,0.011193706738156783,-0.3004622390724901,0.10799012454031653,39,1,11,0,3633,6.5,11,-0.010339052514853453,0.040763031644191594,10,56,2,2
Priority assets,r09_r22,r09,r22,both,60,60,38,51,0.00913000376465567,-0.3063394953153385,0.1056738780457227,38,1,12,0,3628,6.5,11,-0.010767929862191772,0.039946486770524314,10,56,3,3
Priority assets,r09_r23,r09,r23,both,60,60,41,51,0.015431154833708605,-0.3195632172348267,0.15245048281410034,42,1,18,0,3567,6.0,12,-0.009875373978402546,0.041822048733981876,13,56,5,4
Priority assets,r09_r24,r09,r24,both,60,60,14,25,-0.02955022788946221,-0.4716208680709649,-0.2595177667522286,15,0,1,0,5664,43.0,2,-0.06179296739513629,-0.0008559363967474698,2,18,0,0
Priority assets,r10_r00,r10,r00,both,60,60,5,9,-0.09012134787674037,-0.6631684420065183,-0.5960349205447029,5,1,1,0,3625,30.0,0,-0.13795461627550198,-0.07348967426600772,4,11,0,0
Priority assets,r10_r01,r10,r01,both,60,60,7,18,-0.04477992513813328,-0.5177664500390735,-0.39988136946672553,9,1,1,0,6257,57.5,3,-0.07825118731293701,-0.01623980354708704,3,15,0,0
Priority assets,r10_r02,r10,r02,both,60,60,5,8,-0.076937898691331,-0.6345118437920694,-0.5392670192643962,6,1,1,0,4880,42.5,0,-0.10613457724096181,-0.03816928079411025,1,8,0,0
Priority assets,r10_r03,r10,r03,both,60,60,12,21,-0.03264867725458542,-0.47336331383195446,-0.31308266173028365,14,0,1,0,6608,62.0,2,-0.062342837056607925,-0.005907074322487049,2,19,1,0
Priority assets,r10_r04,r10,r04,both,60,60,11,20,-0.03595195172751592,-0.5060971107851124,-0.3136774186754668,13,0,1,0,6521,61.0,2,-0.0675645598816964,-0.009369882407239127,2,19,0,0
Priority assets,r10_r05,r10,r05,both,60,60,8,18,-0.04628998942602908,-0.5448615147978639,-0.3921500883409085,9,0,1,0,6059,54.5,2,-0.08325096857448028,-0.017139625192472585,2,14,0,0
Priority assets,r10_r06,r10,r06,both,60,60,7,12,-0.08666531892260293,-0.6534834436446972,-0.6117808249951832,8,1,2,0,3300,22.0,1,-0.12628606393710934,-0.04780502833068817,6,11,1,1
Priority assets,r10_r07,r10,r07,both,60,60,10,24,-0.03302252471299716,-0.49231550267163515,-0.3355819736960296,13,1,2,0,5321,41.0,1,-0.07037044604432185,-0.004228302182354593,1,25,0,0
Priority assets,r10_r08,r10,r08,both,60,60,7,13,-0.06090196878865789,-0.5740562028914737,-0.5023982152190493,7,1,2,0,4416,31.0,1,-0.09819235390077441,-0.021252034702664846,3,15,1,0
Priority assets,r10_r09,r10,r09,both,60,60,15,24,-0.027359927698997866,-0.454323646954901,-0.30850372709830387,17,0,1,0,5540,44.0,2,-0.05742986057680671,0.0008577674999352691,3,39,0,0
Priority assets,r10_r10,r10,r10,both,60,60,15,23,-0.027787898485812257,-0.4689538470476987,-0.30194616511090283,18,0,1,0,5489,43.0,2,-0.05943272901218105,0.0,2,0,0,0
Priority assets,r10_r11,r10,r11,both,60,60,13,24,-0.026712173729416866,-0.4601586653961191,-0.2176659342180099,15,1,1,0,5183,38.0,2,-0.06920168020469519,-0.0007919075466822356,2,28,0,0
Priority assets,r10_r12,r10,r12,both,60,60,9,14,-0.04645462708759679,-0.5464312689093731,-0.42493303884075667,10,1,4,1,3049,11.0,4,-0.08306459722647114,-0.010805595872112328,4,21,1,0
Priority assets,r10_r13,r10,r13,both,60,60,21,34,-0.01057100427514801,-0.36472128228153644,-0.11510044281807313,21,1,2,0,4156,20.0,6,-0.039965585561833605,0.012379611043137895,6,45,1,1
Priority assets,r10_r14,r10,r14,both,60,60,16,24,-0.01674452394756676,-0.4373285228798285,-0.16023232516438007,19,1,2,0,3800,16.5,1,-0.0563510451191212,-0.0011571618158368047,3,29,2,1
Priority assets,r10_r15,r10,r15,both,60,60,23,36,-0.00939720511076958,-0.37287492296535996,-0.10358586462516478,24,0,2,0,4266,20.5,3,-0.04010692310088321,0.020131169584622077,4,48,0,0
Priority assets,r10_r16,r10,r16,both,60,60,26,36,-0.009757202192559211,-0.36646845314878707,-0.10406695332326688,24,0,2,0,4252,20.0,3,-0.038800951417125584,0.01939733054800752,4,49,0,0
Priority assets,r10_r17,r10,r17,both,60,60,23,36,-0.009121810236578487,-0.3785492210088507,-0.08048367484237162,23,1,2,0,4115,18.5,4,-0.04493634705608773,0.014536407326360412,4,48,0,0
Priority assets,r10_r18,r10,r18,both,60,60,17,30,-0.008954052084294395,-0.45102631507006347,-0.11785957360080496,18,1,38,0,3067,4.0,8,-0.03450759672706616,0.006314354444459436,7,36,2,2
Priority assets,r10_r19,r10,r19,both,60,60,37,52,0.00878242418839481,-0.3164888359275025,0.08379255304247679,36,1,12,0,3427,6.0,11,-0.014586577517715082,0.03592784340805533,11,55,6,4
Priority assets,r10_r20,r10,r20,both,60,60,35,45,0.007916679016101269,-0.3447547770790044,0.04445598651009941,37,1,26,0,3279,5.0,10,-0.015775604051512737,0.025048944952745567,7,53,4,2
Priority assets,r10_r21,r10,r21,both,60,60,38,50,0.014401847481463115,-0.29826419643878327,0.0945869042290961,38,1,11,0,3475,6.5,11,-0.010326909066499801,0.04092748078784081,10,57,2,2
Priority assets,r10_r22,r10,r22,both,60,60,38,50,0.014401847481463115,-0.3032932610651489,0.0945869042290961,38,1,12,0,3470,6.5,11,-0.010684414388450192,0.040689070261014815,10,56,3,3
Priority assets,r10_r23,r10,r23,both,60,60,39,50,0.015271779994425305,-0.3077066221423731,0.1319501844016272,39,1,18,0,3409,6.0,12,-0.0099562116775751,0.03905736664319037,13,56,6,4
Priority assets,r10_r24,r10,r24,both,60,60,15,23,-0.02787508807468092,-0.4689538470476991,-0.30933194784089785,18,0,1,0,5502,43.0,2,-0.05943272901218105,0.0,2,6,0,0
Priority assets,r11_r00,r11,r00,both,60,60,11,13,-0.08067526784401563,-0.6600124051402771,-0.5898110719255989,11,1,2,0,3081,27.0,0,-0.13642293667271932,-0.05309668582603533,3,6,0,0
Priority assets,r11_r01,r11,r01,both,60,60,17,27,-0.022203633489672026,-0.464631359663274,-0.25829035039320863,20,1,2,0,5261,50.0,2,-0.08008220571274577,-0.008009904635170761,2,19,1,0
Priority assets,r11_r02,r11,r02,both,60,60,10,18,-0.05909492126478605,-0.5768933198565447,-0.47493022265664375,11,1,2,0,4164,38.0,0,-0.11363124969188326,-0.029246998821255088,3,13,2,1
Priority assets,r11_r03,r11,r03,both,60,60,18,33,-0.011671671848264398,-0.45918230010205263,-0.16809906433648403,19,0,1,0,5564,55.0,2,-0.06464789951646516,6.55976817155457e-05,2,30,1,0
Priority assets,r11_r04,r11,r04,both,60,60,17,33,-0.014897454246072306,-0.4841590999090831,-0.1862783625882527,20,0,1,0,5491,53.0,2,-0.06642118538484054,-0.00016341394259644648,2,29,0,0
Priority assets,r11_r05,r11,r05,both,60,60,20,30,-0.021848778053603746,-0.4664725592605302,-0.22262929603512044,19,0,1,0,5082,48.0,2,-0.0758796502233548,-0.008011587938116793,3,17,1,0
Priority assets,r11_r06,r11,r06,both,60,60,11,15,-0.07691401858825647,-0.6583133825405165,-0.5712106755056902,13,1,2,0,2852,21.0,2,-0.1249872497199811,-0.0382373880143273,4,9,1,1
Priority assets,r11_r07,r11,r07,both,60,60,18,30,-0.007666681180299395,-0.472116500977366,-0.13869849287948877,21,1,2,0,4607,39.0,3,-0.06874607247574432,-0.0009855477136161972,3,26,0,0
Priority assets,r11_r08,r11,r08,both,60,60,11,21,-0.03879951980403401,-0.5509618902341951,-0.3472086655888756,13,1,2,0,3836,31.0,1,-0.09838081395758896,-0.014754864524196887,3,11,1,0
Priority assets,r11_r09,r11,r09,both,60,60,21,37,-0.004627384412359048,-0.45802513524939514,-0.1433925556668108,26,0,2,0,4818,42.0,2,-0.05713642085009263,0.0006269750896678028,2,33,0,0
Priority assets,r11_r10,r11,r10,both,60,60,22,36,-0.004467851981633353,-0.4575351433460999,-0.1043033533847385,26,0,2,0,4772,42.0,2,-0.060132814026681414,0.0020256121352371093,2,35,0,0
Priority assets,r11_r11,r11,r11,both,60,60,21,38,-0.005283659172170496,-0.4215290308246684,-0.11695248012518394,26,1,2,0,4484,37.0,2,-0.07342532132233881,0.0,2,0,0,0
Priority assets,r11_r12,r11,r12,both,60,60,16,19,-0.03623892176223564,-0.5475514469782087,-0.35025719980375697,17,1,4,1,2550,11.0,4,-0.08352707364281903,-0.014292071688769892,4,19,1,0
Priority assets,r11_r13,r11,r13,both,60,60,30,41,0.0034311444119240475,-0.3740973374095115,-0.0029019042790114913,33,1,2,0,3526,20.0,6,-0.04033052112273172,0.014840042170414458,6,43,1,0
Priority assets,r11_r14,r11,r14,both,60,60,22,36,-0.0042659851103594715,-0.41109758657419376,-0.06124950192626566,26,1,2,0,3212,16.5,2,-0.05806045572543306,-0.00011611748708961755,4,28,3,3
Priority assets,r11_r15,r11,r15,both,60,60,36,45,0.009467719160636712,-0.387245631052839,0.045393804982889696,38,0,2,0,3633,20.5,3,-0.04087230318147528,0.023873400935412514,4,48,1,0
Priority assets,r11_r16,r11,r16,both,60,60,34,45,0.008357724474586603,-0.39063706343170473,0.024064952346151247,38,0,2,0,3619,20.0,3,-0.0386269799091466,0.02397387558956421,4,48,1,0
Priority assets,r11_r17,r11,r17,both,60,60,35,44,0.009489549067756009,-0.3653489100540252,0.07896098756388692,37,1,2,0,3488,18.5,5,-0.046053228960782344,0.019108994660356204,4,51,2,0
Priority assets,r11_r18,r11,r18,both,60,60,30,34,0.0013894776465015468,-0.4492208790232784,-0.007810484852956989,31,1,38,0,2488,4.0,8,-0.03208474758948282,0.0073051133424377745,7,38,3,3
Priority assets,r11_r19,r11,r19,both,60,60,46,52,0.021393216254787184,-0.3415602426366295,0.18545114398720475,46,1,12,0,2795,6.0,10,-0.014896445960617122,0.04578206699653953,11,55,4,3
Priority assets,r11_r20,r11,r20,both,60,60,41,48,0.014382917927380445,-0.39338536376612065,0.13576968796889277,43,1,26,0,2654,5.0,10,-0.015789024271456786,0.033584124189333986,6,52,3,3
Priority assets,r11_r21,r11,r21,both,60,60,50,55,0.020484255412367647,-0.34146699244244155,0.19127806464549213,48,1,11,0,2842,6.5,12,-0.010383936142430494,0.052735362359178584,10,56,2,2
Priority assets,r11_r22,r11,r22,both,60,60,47,54,0.020484255412367647,-0.3494649320484072,0.19126829991006922,48,1,12,0,2837,6.5,12,-0.011166664654957414,0.05337993772997529,10,55,2,2
Priority assets,r11_r23,r11,r23,both,60,60,46,54,0.022211806591130867,-0.3366124799567853,0.21518895970738494,47,1,18,0,2776,6.0,12,-0.01025081291530272,0.049371789726666615,13,55,5,4
Priority assets,r11_r24,r11,r24,both,60,60,22,36,-0.004467851981633353,-0.4575351433460999,-0.10565018516436175,26,0,2,0,4785,42.0,2,-0.060132814026681414,0.0023508074616839236,2,35,0,0
Priority assets,r12_r00,r12,r00,both,60,60,29,32,-0.00023481213836834547,-0.5272240838582403,-0.027996898489719202,29,2,4,0,1292,11.0,2,-0.07185435313146965,-0.002440117502484629,4,21,6,2
Priority assets,r12_r01,r12,r01,both,60,60,41,47,0.01747665629008399,-0.45926743510593177,0.1505717393161533,45,2,2,0,2015,23.0,2,-0.04763294160395237,0.0232359088667472,2,52,6,1
Priority assets,r12_r02,r12,r02,both,60,60,33,37,0.009112041157128492,-0.4529062838270321,0.060460948601269604,35,2,2,0,1680,17.0,2,-0.060764353592344944,0.008959865404518097,5,40,5,1
Priority assets,r12_r03,r12,r03,both,60,60,43,49,0.022856922502048516,-0.46607524807567635,0.22490895980169556,44,1,2,0,2135,24.0,4,-0.04298558903175509,0.028891565235803718,5,49,6,2
Priority assets,r12_r04,r12,r04,both,60,60,45,49,0.022856067415423564,-0.4519255908202281,0.236892088944056,43,1,2,0,2089,23.0,3,-0.04404595907907155,0.02574087931126101,4,49,5,1
Priority assets,r12_r05,r12,r05,both,60,60,40,45,0.019551844721549694,-0.44431919564766265,0.17706524415208846,43,1,2,0,1914,21.0,7,-0.04627476852128842,0.026189385910164786,7,47,4,1
Priority assets,r12_r06,r12,r06,both,60,60,30,32,0.0002635269755750236,-0.5255955771716077,-0.005122294831831464,30,2,4,0,1222,10.0,3,-0.07303769797158233,-0.0004162614677517551,3,19,4,1
Priority assets,r12_r07,r12,r07,both,60,60,45,48,0.01842746590332045,-0.4430142375211714,0.1301118415521464,45,2,2,0,1742,18.0,1,-0.04276268803909333,0.0266235359513734,1,53,5,1
Priority assets,r12_r08,r12,r08,both,60,60,39,43,0.012551986937659687,-0.4216280435503272,0.09258360161522405,40,2,2,0,1512,14.0,2,-0.04907695077707097,0.014614541868851139,4,46,5,2
Priority assets,r12_r09,r12,r09,both,60,60,44,51,0.023001043373683472,-0.43669558081880366,0.23004853959516125,45,1,2,0,1838,18.5,2,-0.0323020165665604,0.033959068451982266,3,49,2,1
Priority assets,r12_r10,r12,r10,both,60,60,43,51,0.023287249816542843,-0.4471262122267719,0.24952536909562162,44,1,2,0,1812,18.0,4,-0.02764735086358172,0.032946422876613035,4,49,2,1
Priority assets,r12_r11,r12,r11,both,60,60,44,50,0.02157032214614296,-0.4276248556781013,0.22156704897073098,45,1,2,0,1678,16.0,4,-0.0396423063583663,0.028553637409278576,4,49,3,0
Priority assets,r12_r12,r12,r12,both,60,60,32,33,0.0021137327953651974,-0.5088114302050425,0.02073044933288959,32,2,4,0,1157,9.0,3,-0.07072267115012415,0.0,5,0,4,2
Priority assets,r12_r13,r12,r13,both,60,60,46,46,0.017073898172729862,-0.4044090725755637,0.18096828734724935,45,2,3,0,1557,15.0,3,-0.041624817939702186,0.028838384968960906,4,50,5,2
Priority assets,r12_r14,r12,r14,both,60,60,40,44,0.017894265240341656,-0.4221368799544653,0.16869139230740304,41,2,3,0,1405,13.0,1,-0.04838898726058605,0.01766017024711003,4,47,3,1
Priority assets,r12_r15,r12,r15,both,60,60,46,50,0.025575188398517246,-0.40687952099220653,0.2503365327085013,48,1,2,0,1638,15.0,6,-0.03271595843665376,0.03121775413039779,4,49,5,0
Priority assets,r12_r16,r12,r16,both,60,60,48,49,0.02437903221020221,-0.407661659379794,0.2503262392312675,48,1,2,0,1625,15.0,7,-0.027239282420223332,0.03103923536503106,5,48,5,2
Priority assets,r12_r17,r12,r17,both,60,60,47,50,0.02273959604206588,-0.3960301222455843,0.2372627401953996,47,1,3,0,1517,13.0,5,-0.03384164249317445,0.028789278588788214,6,48,8,2
Priority assets,r12_r18,r12,r18,both,60,60,41,42,0.017607136115318722,-0.42880463973941113,0.19474995201464018,43,2,39,0,890,4.0,7,-0.03662687413936333,0.018788748124157095,7,46,4,2
Priority assets,r12_r19,r12,r19,both,60,60,52,53,0.0328554351062853,-0.3704379898164432,0.2883132426780054,51,1,12,0,1056,6.0,10,-0.014662656691863285,0.0478491845794381,11,54,10,7
Priority assets,r12_r20,r12,r20,both,60,60,51,51,0.027392578295254877,-0.37060887719006286,0.2924816670560715,50,1,26,0,981,5.0,10,-0.019466807094492777,0.046920154578182216,11,54,8,2
Priority assets,r12_r21,r12,r21,both,60,60,53,53,0.04105429760679369,-0.3832132926842984,0.3808738272238479,53,1,11,0,1097,6.5,9,-0.010522700823434206,0.05205563751730846,11,54,8,7
Priority assets,r12_r22,r12,r22,both,60,60,51,53,0.03938690041984727,-0.3837954007146378,0.3565632693614198,53,1,12,0,1092,6.5,9,-0.011628004294840344,0.05205563751730846,11,54,8,7
Priority assets,r12_r23,r12,r23,both,60,60,53,53,0.03419312651832784,-0.35859411189865875,0.37267248266091835,52,1,18,0,1039,6.0,11,-0.012170840412124462,0.049108317861352446,12,54,10,8
Priority assets,r12_r24,r12,r24,both,60,60,43,51,0.023287249816542843,-0.4471262122267719,0.24952536909562162,45,1,2,0,1821,18.0,4,-0.02764735086358172,0.03378054048613088,4,49,2,1
Priority assets,r13_r00,r13,r00,both,60,60,7,13,-0.08946240177255343,-0.6733163763576107,-0.6192366490196928,6,1,3,0,3232,27.0,0,-0.12247316373624956,-0.0656692154640322,0,3,0,0
Priority assets,r13_r01,r13,r01,both,60,60,10,21,-0.036988620001265016,-0.53499116394947,-0.3761931481926727,8,1,1,0,5006,53.0,2,-0.07953142247147699,-0.025529060478962085,3,7,1,0
Priority assets,r13_r02,r13,r02,both,60,60,7,15,-0.06307213158569741,-0.6046754843182547,-0.5142279531349261,7,1,2,0,4115,39.5,0,-0.09903256443943836,-0.04585594947378163,0,3,0,0
Priority assets,r13_r03,r13,r03,both,60,60,12,20,-0.0323299126802884,-0.48184353262282326,-0.34016373825536395,12,1,1,0,5285,58.0,2,-0.07136333794171412,-0.016821327957300458,2,14,0,0
Priority assets,r13_r04,r13,r04,both,60,60,12,23,-0.034112341165524473,-0.49392182205924867,-0.312800473812917,11,1,1,0,5198,55.0,2,-0.07241304191548614,-0.01985797664620892,2,11,0,0
Priority assets,r13_r05,r13,r05,both,60,60,8,20,-0.03677332353967799,-0.5329194693491174,-0.3122968606050961,10,1,1,0,4795,49.0,2,-0.08128114634910372,-0.026245348218051634,3,10,1,1
Priority assets,r13_r06,r13,r06,both,60,60,10,14,-0.0855391538356351,-0.6503993840275556,-0.5968376650183355,11,1,3,0,2950,21.0,0,-0.1088645770058086,-0.06433629045378603,3,7,0,0
Priority assets,r13_r07,r13,r07,both,60,60,12,23,-0.032434312824678735,-0.4916528170975202,-0.3032269448341146,13,1,2,0,4210,39.0,2,-0.06483890112877783,-0.014529125582997793,2,12,0,0
Priority assets,r13_r08,r13,r08,both,60,60,11,17,-0.051217933113028635,-0.552995413071821,-0.39285616387582495,12,1,2,0,3649,31.0,1,-0.08291257556760151,-0.029221892115557202,2,9,0,0
Priority assets,r13_r09,r13,r09,both,60,60,14,23,-0.024577057965656013,-0.4700238484311774,-0.2550150943836145,16,1,2,0,4401,42.0,2,-0.05310412072415466,-0.008866234442321819,2,15,0,0
Priority assets,r13_r10,r13,r10,both,60,60,15,24,-0.02915290585104252,-0.4655376653521737,-0.25366435804050275,15,1,2,0,4353,41.0,2,-0.05522453999399857,-0.009525189098098408,2,17,0,0
Priority assets,r13_r11,r13,r11,both,60,60,12,23,-0.020743486507196374,-0.4725402711966761,-0.22066279112191628,11,1,2,0,4083,36.0,2,-0.06505411769924513,-0.011354687970728916,2,17,0,0
Priority assets,r13_r12,r13,r12,both,60,60,15,17,-0.04116136356898864,-0.5471063432603711,-0.3916114444750409,16,1,4,1,2474,11.0,4,-0.07569878726339663,-0.02830674051828347,2,11,0,0
Priority assets,r13_r13,r13,r13,both,60,60,21,30,-0.01145606822084877,-0.41009286812551904,-0.12128909079773009,22,1,2,0,3098,20.0,6,-0.04159614339680229,0.0,6,0,2,2
Priority assets,r13_r14,r13,r14,both,60,60,16,24,-0.019947878459725787,-0.4232723066727066,-0.2017019801923845,18,1,2,0,2894,16.5,2,-0.05475260237244428,-0.00992789735458588,2,14,0,0
Priority assets,r13_r15,r13,r15,both,60,60,23,32,-0.011384884540444173,-0.3927157139735601,-0.09962183876362268,23,1,2,0,3200,20.5,4,-0.03869253122032551,0.0018825690864586186,4,35,2,2
Priority assets,r13_r16,r13,r16,both,60,60,23,33,-0.012989662755606535,-0.3931211586354213,-0.11450435523525493,23,1,2,0,3186,20.0,4,-0.03804944032668767,0.0013107686917827044,4,34,1,1
Priority assets,r13_r17,r13,r17,both,60,60,19,28,-0.011588024649024586,-0.38420839985853844,-0.12091659169689212,22,1,2,0,3058,18.5,4,-0.04233209823107331,0.0005030893913527956,4,32,1,0
Priority assets,r13_r18,r13,r18,both,60,60,24,31,-0.009446516589929677,-0.42351314529526884,-0.06925580446210433,25,1,38,0,2157,4.0,8,-0.029555992901234285,0.0032819689717001888,8,32,1,0
Priority assets,r13_r19,r13,r19,both,60,60,37,45,0.008294013492992969,-0.32151850987581465,0.09030566933308071,37,1,12,0,2366,6.0,10,-0.0142643198854987,0.024498068968351217,11,51,7,5
Priority assets,r13_r20,r13,r20,both,60,60,32,41,0.0029771697851935786,-0.34548708141507084,0.029080376762292137,33,1,26,0,2286,5.0,8,-0.01717868332309852,0.01772462923149376,9,43,3,1
Priority assets,r13_r21,r13,r21,both,60,60,38,44,0.008947888412980332,-0.3008133233532378,0.09506527826499955,39,1,11,0,2409,6.5,10,-0.010132869372520559,0.019057036417915285,10,54,3,3
Priority assets,r13_r22,r13,r22,both,60,60,38,43,0.008133417569977208,-0.3008133233532378,0.09160160710038023,39,1,12,0,2404,6.5,10,-0.01142380571826973,0.019057036417915285,10,54,3,3
Priority assets,r13_r23,r13,r23,both,60,60,40,48,0.007217329200065348,-0.30457187037106637,0.05414729948655339,38,1,18,0,2348,6.0,12,-0.010080865236176906,0.022799960161277444,12,53,5,5
Priority assets,r13_r24,r13,r24,both,60,60,15,24,-0.029152905851042632,-0.4655376653521737,-0.25752108691575826,15,1,2,0,4364,41.0,2,-0.05522453999399857,-0.009525189098098408,2,17,0,0
Priority assets,r14_r00,r14,r00,both,60,60,19,26,-0.0226084174632612,-0.5071794908883889,-0.19045327484936558,18,2,3,0,1848,16.0,1,-0.09863828154527798,-0.03931149906217418,4,8,1,1
Priority assets,r14_r01,r14,r01,both,60,60,29,36,0.004992461945492632,-0.41056333634786285,-0.024538368864620685,31,2,2,0,2819,31.0,5,-0.04971767386762771,-0.002917321143473872,6,25,2,1
Priority assets,r14_r02,r14,r02,both,60,60,22,30,-0.0022305729924480544,-0.5005707677037751,-0.09961035808540264,25,2,2,0,2337,24.0,0,-0.06850747180237515,-0.015226349971006803,3,9,0,0
Priority assets,r14_r03,r14,r03,both,60,60,30,43,0.0040719173269219144,-0.4144182611337376,0.01617753143615802,35,1,2,0,2986,33.0,4,-0.03887886582148048,0.0020463380925141994,4,34,0,0
Priority assets,r14_r04,r14,r04,both,60,60,30,43,0.002428131593677829,-0.41664926428012067,-0.0023348853243763124,35,1,2,0,2931,32.0,3,-0.04130002645188402,0.000704007184236799,4,33,0,0
Priority assets,r14_r05,r14,r05,both,60,60,32,39,0.004571450117971776,-0.392196748205102,0.04701104047454263,34,1,2,0,2679,29.0,4,-0.04768598346027875,-0.0012064497562294663,4,26,1,1
Priority assets,r14_r06,r14,r06,both,60,60,20,26,-0.018176616349810437,-0.5052648898854832,-0.16445937107682973,21,2,3,0,1699,13.0,3,-0.08797477885461397,-0.03132490362852702,3,9,1,1
Priority assets,r14_r07,r14,r07,both,60,60,32,41,0.006098638221232133,-0.41971847483911434,0.032016518661774906,34,2,2,0,2412,24.0,4,-0.04711386720508287,0.00035407086993155534,4,32,1,1
Priority assets,r14_r08,r14,r08,both,60,60,29,38,0.0034405455744230817,-0.4409467945049446,-0.0033600456714829585,34,2,2,0,2071,20.0,2,-0.060371284739721254,-0.0068828738531142575,3,21,0,0
Priority assets,r14_r09,r14,r09,both,60,60,31,43,0.009054751884193357,-0.41320769923506634,0.04566860147429308,34,1,2,0,2533,26.0,4,-0.04050702747361279,0.004376030917126128,3,40,2,1
Priority assets,r14_r10,r14,r10,both,60,60,31,40,0.008948176473410507,-0.3915615777595453,0.04896653200477352,34,1,2,0,2506,26.0,4,-0.038073161661525745,0.0042294367366692565,5,38,2,2
Priority assets,r14_r11,r14,r11,both,60,60,34,41,0.004204582509745425,-0.37913144130508825,0.058517776345999195,37,1,2,0,2325,23.0,6,-0.0423344269279724,0.0008816001981495902,6,32,1,1
Priority assets,r14_r12,r14,r12,both,60,60,23,28,-0.006921406634225469,-0.48568131661532626,-0.08056204531673627,27,2,4,0,1503,10.0,2,-0.07630830659479693,-0.017420819461619108,5,12,2,1
Priority assets,r14_r13,r14,r13,both,60,60,38,42,0.013500604862426213,-0.39975494331325223,0.13535605675977957,38,2,3,0,1963,16.0,4,-0.03950956196682731,0.005150388127195038,5,41,3,2
Priority assets,r14_r14,r14,r14,both,60,60,33,40,0.006986817851483584,-0.3978403748032892,0.06149487820956989,38,2,3,0,1786,14.0,1,-0.048491527844727045,0.0,2,0,0,0
Priority assets,r14_r15,r14,r15,both,60,60,37,48,0.015575330684104327,-0.3956336122519957,0.13916757305370597,38,1,2,0,2050,17.0,5,-0.034786284525317956,0.009315418930854358,4,45,2,1
Priority assets,r14_r16,r14,r16,both,60,60,37,48,0.014456562935252215,-0.383939525758759,0.14588702131848308,37,1,2,0,2037,17.0,5,-0.034751155308461346,0.009329990479545858,5,45,2,1
Priority assets,r14_r17,r14,r17,both,60,60,40,44,0.014453660379799227,-0.37300164788954915,0.14769812183846664,41,1,2,0,1922,15.5,8,-0.034186219046394184,0.01089368215612524,5,45,2,1
Priority assets,r14_r18,r14,r18,both,60,60,34,36,0.010320222745765162,-0.42671878798409696,0.05953152396098349,35,2,38,0,1206,4.0,8,-0.0333134701168849,0.004829243334025346,9,37,3,1
Priority assets,r14_r19,r14,r19,both,60,60,47,52,0.02475211953321932,-0.330358355795082,0.259983130443431,50,1,12,0,1376,6.0,11,-0.015096274429517942,0.03339995176225036,12,50,7,6
Priority assets,r14_r20,r14,r20,both,60,60,42,48,0.02014127907687313,-0.36069917411017394,0.20720977555417797,44,1,26,0,1300,5.0,9,-0.016605749623590405,0.023867203280129146,12,52,3,3
Priority assets,r14_r21,r14,r21,both,60,60,48,52,0.02819077436207451,-0.32901448663331,0.272355706205343,49,1,11,0,1418,6.5,9,-0.012087179194756104,0.032941167862386544,11,52,5,5
Priority assets,r14_r22,r14,r22,both,60,60,46,51,0.02819077436207451,-0.3314390608319209,0.2535851147028654,48,1,12,0,1413,6.5,10,-0.012924560279483188,0.032941167862386544,11,51,6,6
Priority assets,r14_r23,r14,r23,both,60,60,48,50,0.02592477348063804,-0.3203297061306954,0.2954130880968341,50,1,18,0,1358,6.0,12,-0.011906457005727344,0.035489034378157425,13,53,6,6
Priority assets,r14_r24,r14,r24,both,60,60,31,41,0.008948176473410507,-0.3915615777595453,0.04896653200477352,34,1,2,0,2515,26.0,4,-0.038073161661525745,0.004273032103156216,5,39,2,2
Priority assets,r15_r00,r15,r00,both,60,60,5,10,-0.08990705706696572,-0.6800298920707373,-0.5878044605393542,5,1,1,0,3676,30.0,0,-0.11721825580292211,-0.08072567678391501,0,4,0,0
Priority assets,r15_r01,r15,r01,both,60,60,6,16,-0.055272886781854325,-0.5621540272446777,-0.47018718391698217,6,1,1,0,5642,59.0,3,-0.08389009507729273,-0.042974209329120605,3,7,0,0
Priority assets,r15_r02,r15,r02,both,60,60,5,12,-0.07745564103630342,-0.6344173826355767,-0.5853419892060587,5,1,1,0,4643,43.0,0,-0.10331583236870745,-0.06397601176979661,1,3,0,0
Priority assets,r15_r03,r15,r03,both,60,60,7,19,-0.048308099739022115,-0.5131380322242682,-0.4148530763338619,9,0,1,0,5955,64.0,2,-0.06445505320694517,-0.026626156308107274,2,6,0,0
Priority assets,r15_r04,r15,r04,both,60,60,7,17,-0.04283048042916615,-0.5364186744468402,-0.4141379082491506,9,0,1,0,5862,62.0,2,-0.06674905847876328,-0.02747111189553364,2,5,0,0
Priority assets,r15_r05,r15,r05,both,60,60,6,15,-0.05989817913598544,-0.618800203253463,-0.44967977971676254,7,0,1,0,5424,55.0,2,-0.08314948888317097,-0.04214950290155034,2,8,0,0
Priority assets,r15_r06,r15,r06,both,60,60,10,11,-0.0885182266995338,-0.6539573487298717,-0.6256636653257713,10,1,2,0,3286,22.0,1,-0.10391588477873509,-0.07009441271529604,3,8,1,0
Priority assets,r15_r07,r15,r07,both,60,60,10,21,-0.036768048206667625,-0.501039818256229,-0.37680848382183696,11,1,2,0,4612,41.0,2,-0.06939275163185221,-0.02709612381402432,2,12,0,0
Priority assets,r15_r08,r15,r08,both,60,60,8,13,-0.06913190557281346,-0.5843176825530872,-0.5128182196700936,10,1,2,0,4024,31.0,1,-0.08435539017625493,-0.04097325853675593,2,8,0,0
Priority assets,r15_r09,r15,r09,both,60,60,10,20,-0.03949049564961038,-0.49537723204420714,-0.3734272238473915,12,0,1,0,4808,44.0,2,-0.05896804776301362,-0.017038146695767864,3,10,0,0
Priority assets,r15_r10,r15,r10,both,60,60,9,19,-0.03463718134016053,-0.5004210393133599,-0.35685524697119564,11,0,1,0,4758,43.0,2,-0.06064303742032773,-0.020855428270435683,2,11,0,0
Priority assets,r15_r11,r15,r11,both,60,60,12,21,-0.04292529961603597,-0.5223690260214584,-0.3339589416574929,12,1,1,0,4478,38.0,2,-0.0664287883715915,-0.02594888782667193,2,9,0,0
Priority assets,r15_r12,r15,r12,both,60,60,12,16,-0.05152520740221678,-0.5422650278299893,-0.47789156423469176,10,1,4,1,2780,11.0,4,-0.07036914133814848,-0.02620396553667448,2,11,0,0
Priority assets,r15_r13,r15,r13,both,60,60,16,23,-0.017981925969883128,-0.392226285206258,-0.2089631073342419,17,1,2,0,3420,20.0,6,-0.041430064856690596,-0.0018521313486670188,6,25,0,0
Priority assets,r15_r14,r15,r14,both,60,60,14,19,-0.025148810506761154,-0.4508600411570093,-0.2682538577798694,16,1,2,0,3215,16.5,1,-0.050971228372875876,-0.010192254281146729,2,13,0,0
Priority assets,r15_r15,r15,r15,both,60,60,17,24,-0.016026344751690347,-0.3751817795534796,-0.15898867651685966,19,0,2,0,3522,20.5,3,-0.03856352055794965,0.0,4,0,0,0
Priority assets,r15_r16,r15,r16,both,60,60,17,24,-0.016228796364370968,-0.38059371829188693,-0.17215249863720428,19,0,2,0,3508,20.0,3,-0.03849941097777593,-0.0005680352849894432,4,10,0,0
Priority assets,r15_r17,r15,r17,both,60,60,15,26,-0.014286214843947098,-0.38760515361899167,-0.13420209849049536,17,1,2,0,3380,18.5,4,-0.04247367781218425,0.00014193420688157765,4,31,0,0
Priority assets,r15_r18,r15,r18,both,60,60,17,28,-0.009081731168954832,-0.42086375540210536,-0.09778883022645923,20,1,38,0,2475,4.0,8,-0.029549397085799622,-0.0012528986260190167,8,27,0,0
Priority assets,r15_r19,r15,r19,both,60,60,35,44,0.0033316900459722243,-0.3127732469336684,0.033076654544877626,33,1,12,0,2687,6.0,10,-0.014214662335964579,0.013770670956235909,11,49,3,3
Priority assets,r15_r20,r15,r20,both,60,60,31,40,0.0009194443699712673,-0.3412667089234396,0.0011618895789973216,31,1,26,0,2607,5.0,9,-0.016662198838727327,0.009108084723792209,9,44,0,0
Priority assets,r15_r21,r15,r21,both,60,60,32,47,0.0016071200888564396,-0.2893678641775491,0.02517333406405131,34,1,11,0,2730,6.5,11,-0.010151074497948775,0.01782005825358418,10,53,2,2
Priority assets,r15_r22,r15,r22,both,60,60,32,46,0.0015295008405883381,-0.2909788210272706,0.024891584017191826,34,1,12,0,2725,6.5,10,-0.01078294524009471,0.017557839233024397,10,54,2,2
Priority assets,r15_r23,r15,r23,both,60,60,35,48,0.001442085164853002,-0.2976328126716018,0.017020866921222177,34,1,18,0,2669,6.0,12,-0.010027684408578319,0.015767074726017294,12,48,3,3
Priority assets,r15_r24,r15,r24,both,60,60,9,19,-0.03463718134016053,-0.5004210393133599,-0.35685524697119564,11,0,1,0,4771,43.0,2,-0.06064303742032773,-0.020784063886836845,2,11,0,0
Priority assets,r16_r00,r16,r00,both,60,60,5,10,-0.08970007217226966,-0.6677598906558034,-0.5830906089345324,6,1,1,0,3596,30.0,0,-0.1158263876561964,-0.08008586513613114,0,6,0,0
Priority assets,r16_r01,r16,r01,both,60,60,6,14,-0.056414998990034104,-0.5501323209080651,-0.454693323988116,7,1,1,0,5544,58.0,3,-0.08311995634038921,-0.03934170659523728,3,9,0,0
Priority assets,r16_r02,r16,r02,both,60,60,5,11,-0.08038705786209038,-0.6438326048387357,-0.5611379838275677,5,1,1,0,4554,43.0,0,-0.10047887682167861,-0.06417757817653064,1,3,0,0
Priority assets,r16_r03,r16,r03,both,60,60,7,19,-0.047187526347094555,-0.5074753663232666,-0.38700239886630866,10,0,1,0,5856,63.5,2,-0.06450001641153796,-0.025352422296570087,2,5,0,0
Priority assets,r16_r04,r16,r04,both,60,60,7,16,-0.044755627705184264,-0.5327230378427151,-0.3932934290388838,10,0,1,0,5764,62.0,2,-0.06688500964387561,-0.030463177813611464,2,5,0,0
Priority assets,r16_r05,r16,r05,both,60,60,6,14,-0.062323477387520976,-0.608018629812553,-0.4456495430062472,7,0,1,0,5328,55.0,2,-0.08163960360698652,-0.0445312161460078,2,7,0,0
Priority assets,r16_r06,r16,r06,both,60,60,10,11,-0.08404645251462262,-0.658484869519307,-0.6181834868762957,10,1,2,0,3214,22.0,1,-0.10331086302301751,-0.06875570302998923,3,8,1,0
Priority assets,r16_r07,r16,r07,both,60,60,10,20,-0.03771433550600134,-0.513714880955414,-0.35658765760540123,11,1,2,0,4530,41.0,2,-0.06921265410033345,-0.025024705281760762,2,12,0,0
Priority assets,r16_r08,r16,r08,both,60,60,9,15,-0.06824049118094805,-0.585518915661684,-0.517131493082083,9,1,2,0,3944,31.0,1,-0.084366931448627,-0.042957111509601964,2,9,0,0
Priority assets,r16_r09,r16,r09,both,60,60,11,22,-0.036599209728981175,-0.5050982668409608,-0.3073278746645505,12,0,1,0,4726,44.0,2,-0.05887148712372303,-0.014991792840505391,3,10,0,0
Priority assets,r16_r10,r16,r10,both,60,60,11,20,-0.0346261500391053,-0.5024720505604747,-0.3268636857210817,12,0,1,0,4676,43.0,2,-0.06071355293944675,-0.019390670489892292,2,11,0,0
Priority assets,r16_r11,r16,r11,both,60,60,12,20,-0.038582767887757885,-0.5179446266164537,-0.3305612073722754,12,1,1,0,4396,38.0,2,-0.0662787516672847,-0.024781059278038087,2,12,0,0
Priority assets,r16_r12,r16,r12,both,60,60,11,16,-0.05214990680721493,-0.5479003873758075,-0.46613215379563167,11,1,4,1,2704,11.0,4,-0.07019290518767635,-0.026596456316463513,2,11,0,0
Priority assets,r16_r13,r16,r13,both,60,60,14,25,-0.018218420093314203,-0.4089871797676873,-0.20074067663825546,15,1,2,0,3340,20.0,6,-0.04160744556472129,-0.0013147316540859655,6,26,0,0
Priority assets,r16_r14,r16,r14,both,60,60,13,20,-0.02906067381905242,-0.43857019218164134,-0.28159025998371534,15,1,2,0,3136,16.5,1,-0.049967512664460756,-0.009168723718152805,3,15,0,0
Priority assets,r16_r15,r16,r15,both,60,60,17,25,-0.01114937666378868,-0.37720178587341685,-0.14455315056989038,19,0,2,0,3442,20.5,3,-0.038714977611661205,0.0005667966166751914,4,38,0,0
Priority assets,r16_r16,r16,r16,both,60,60,18,25,-0.012713189614126874,-0.38213617749651463,-0.14904784204900223,19,0,2,0,3428,20.0,3,-0.03862474479743061,0.0,4,0,0,0
Priority assets,r16_r17,r16,r17,both,60,60,14,26,-0.016366671210880868,-0.38199610366412556,-0.16151359056472858,17,1,2,0,3300,18.5,4,-0.042440137115750565,-0.00033930751411970217,4,29,0,0
Priority assets,r16_r18,r16,r18,both,60,60,19,28,-0.010817494506205505,-0.41253138952755264,-0.09364941660504655,21,1,38,0,2398,4.0,8,-0.02947758627680963,0.0006027507432354029,9,31,0,0
Priority assets,r16_r19,r16,r19,both,60,60,33,42,0.004025697550828045,-0.31953732976501464,0.02384500430407932,35,1,12,0,2607,6.0,10,-0.014176878920430513,0.013409306703695945,11,49,4,3
Priority assets,r16_r20,r16,r20,both,60,60,31,41,-0.0008347320560771476,-0.34520959136124657,0.0016384527410825411,28,1,26,0,2527,5.0,9,-0.016619057445586782,0.010204084808591807,10,44,0,0
Priority assets,r16_r21,r16,r21,both,60,60,32,47,0.0021825827354936544,-0.2940008449640103,0.01111098865222171,31,1,11,0,2650,6.5,11,-0.010175550777780262,0.01904942734755083,10,52,2,2
Priority assets,r16_r22,r16,r22,both,60,60,32,47,0.0018742390879765702,-0.2940008449640103,0.01111098865222171,31,1,12,0,2645,6.5,10,-0.010749165128345783,0.018476412586140245,10,53,2,2
Priority assets,r16_r23,r16,r23,both,60,60,34,46,0.002109328390381693,-0.30364376275890304,0.033612564977561044,36,1,18,0,2589,6.0,12,-0.010048976018881106,0.016296362990574964,12,49,5,4
Priority assets,r16_r24,r16,r24,both,60,60,11,20,-0.03455714254969294,-0.5024720505604747,-0.3263988210969136,12,0,1,0,4689,43.0,2,-0.06071355293944675,-0.019390670489892237,2,11,0,0
Priority assets,r17_r00,r17,r00,both,60,60,11,13,-0.07710997786421275,-0.6545115520490092,-0.5699922588478286,12,1,2,0,3054,27.0,0,-0.12109169006066467,-0.07382960508343717,2,5,0,0
Priority assets,r17_r01,r17,r01,both,60,60,13,22,-0.04028363871197832,-0.5274995198519107,-0.36998233718726026,11,1,2,0,4822,54.5,2,-0.08034971905556898,-0.02744260205246951,3,9,0,0
Priority assets,r17_r02,r17,r02,both,60,60,10,17,-0.05971628773157883,-0.5773570316754721,-0.473455907134999,12,1,2,0,3941,39.0,0,-0.09971726309169227,-0.054307962742309424,1,6,0,0
Priority assets,r17_r03,r17,r03,both,60,60,17,24,-0.03008510621861188,-0.504505879411616,-0.3082424722477523,19,0,1,0,5112,59.0,2,-0.061939641114990285,-0.01587037596127383,2,10,0,0
Priority assets,r17_r04,r17,r04,both,60,60,15,26,-0.029296483951957164,-0.5114483031384922,-0.2664330774548406,18,0,1,0,5026,57.0,2,-0.06631297442560108,-0.017803617276761385,2,8,0,0
Priority assets,r17_r05,r17,r05,both,60,60,14,21,-0.03368344336422302,-0.5403220609758179,-0.3635196058564307,13,0,1,0,4619,51.0,2,-0.07980822571385188,-0.0328267936156551,2,6,0,0
Priority assets,r17_r06,r17,r06,both,60,60,14,16,-0.07415676340744609,-0.6574919534366647,-0.5782454414261224,13,1,2,0,2783,21.0,2,-0.11041037186215485,-0.06905610133905904,4,7,0,0
Priority assets,r17_r07,r17,r07,both,60,60,16,26,-0.02639932174716808,-0.5002278446525142,-0.2536990521515054,18,1,2,0,4017,39.0,3,-0.06720064994016756,-0.022463606968193106,3,11,0,0
Priority assets,r17_r08,r17,r08,both,60,60,13,19,-0.04225506492707681,-0.5395539982846442,-0.373333884722142,15,1,2,0,3468,31.0,1,-0.0866792490635725,-0.043381158347720605,2,9,0,0
Priority assets,r17_r09,r17,r09,both,60,60,18,27,-0.026092417945931312,-0.485724328054921,-0.22063316232055824,22,0,2,0,4212,43.0,2,-0.05982476410056908,-0.014311742279850881,2,13,0,0
Priority assets,r17_r10,r17,r10,both,60,60,17,28,-0.01974096922009555,-0.4786293805875999,-0.21017452656791608,23,0,2,0,4164,42.5,2,-0.059814910322472103,-0.0141996340275517,2,12,0,0
Priority assets,r17_r11,r17,r11,both,60,60,16,29,-0.019441969998009068,-0.46745324889302703,-0.2069805722635782,20,1,2,0,3893,38.0,2,-0.06992590171015345,-0.017395427645083394,2,7,0,0
Priority assets,r17_r12,r17,r12,both,60,60,14,20,-0.04345082464140981,-0.5402161869051572,-0.4308053428168518,17,1,4,1,2284,11.0,4,-0.07152086327338142,-0.03329653447827058,2,9,0,0
Priority assets,r17_r13,r17,r13,both,60,60,23,35,-0.002612463589497127,-0.4064994030980315,-0.08318785175851157,26,1,2,0,2880,20.0,6,-0.041839180727380965,-0.0005007680486452948,6,27,1,1
Priority assets,r17_r14,r17,r14,both,60,60,18,27,-0.013040096344920371,-0.41576344229846013,-0.15192747280840713,21,1,2,0,2679,16.5,2,-0.050317830333554414,-0.011441085599635636,3,9,0,0
Priority assets,r17_r15,r17,r15,both,60,60,26,35,-0.0008085993563517468,-0.3798109949500438,-0.015973601550414163,29,0,2,0,2982,20.5,3,-0.03919454846342807,-0.00014228046620101686,4,29,0,0
Priority assets,r17_r16,r17,r16,both,60,60,26,34,-0.0008631779249382854,-0.36458486421415975,-0.019088191631593143,28,0,2,0,2968,20.0,3,-0.038437389872107375,0.00035491468798898307,4,31,0,0
Priority assets,r17_r17,r17,r17,both,60,60,25,36,-0.0005734094903164233,-0.3783386783437986,-0.04762384918552315,29,1,2,0,2840,18.5,4,-0.042602453260801865,0.0,4,0,0,0
Priority assets,r17_r18,r17,r18,both,60,60,29,33,-0.001213302737864741,-0.4288843137801905,-0.021197957752982388,30,1,38,0,1950,4.0,8,-0.02882171143199913,0.004500311038373339,9,35,0,0
Priority assets,r17_r19,r17,r19,both,60,60,41,45,0.01231644218959771,-0.3417079361996285,0.12939471814830905,40,1,12,0,2147,6.0,10,-0.014328700676915607,0.016436751156515716,11,50,7,4
Priority assets,r17_r20,r17,r20,both,60,60,35,41,0.01044128859007909,-0.3508139284362683,0.10321842771516676,37,1,26,0,2066,5.0,9,-0.016490853340766665,0.010889447514478678,11,44,1,0
Priority assets,r17_r21,r17,r21,both,60,60,41,48,0.010717022421050437,-0.3107263248800203,0.1153493793805962,42,1,11,0,2190,6.5,10,-0.010162488908185385,0.020511811100342614,10,53,3,3
Priority assets,r17_r22,r17,r22,both,60,60,41,47,0.010621803013467157,-0.3107263248800203,0.1153493793805962,42,1,12,0,2185,6.5,11,-0.011112103340669255,0.020511811100342614,10,53,3,3
Priority assets,r17_r23,r17,r23,both,60,60,43,48,0.012215676690986998,-0.30724697609816753,0.10534753547495324,41,1,18,0,2129,6.0,12,-0.010141350851315512,0.0224460942236962,12,50,6,5
Priority assets,r17_r24,r17,r24,both,60,60,18,28,-0.02284868211832608,-0.4786293805875999,-0.2141904556253773,23,0,2,0,4177,42.5,2,-0.059814910322472103,-0.014310302685368204,2,12,0,0
Priority assets,r18_r00,r18,r00,both,60,60,16,19,-0.020583017526880076,-0.5203606347727607,-0.23092634317629995,17,1,3,0,1413,16.5,2,-0.08018812379033485,-0.033510040528398066,2,7,0,0
Priority assets,r18_r01,r18,r01,both,60,60,27,36,0.0022610049055595827,-0.4406590961021858,-0.022439884333419313,32,1,1,0,2410,32.0,0,-0.053680001311248005,-0.00527822688575269,2,24,0,0
Priority assets,r18_r02,r18,r02,both,60,60,18,26,-0.007020203564760186,-0.4750695064105987,-0.11018568714622062,22,1,2,0,1881,24.5,0,-0.06453436721918043,-0.016119065480049377,0,13,0,0
Priority assets,r18_r03,r18,r03,both,60,60,33,41,0.0050750884719373834,-0.4410001526690009,0.029093631636055495,35,1,1,0,2577,35.0,4,-0.03978471204476636,-0.002294408641886292,3,26,0,0
Priority assets,r18_r04,r18,r04,both,60,60,33,40,0.0054531015060824695,-0.4449364063480119,0.029905475617863497,34,1,1,0,2512,33.0,3,-0.04054544463278875,-0.003473669479827135,3,22,0,0
Priority assets,r18_r05,r18,r05,both,60,60,32,37,0.004023535035269865,-0.44625597664679273,0.0232964816355109,33,1,1,0,2256,29.5,2,-0.04934910359214362,-0.0053083103280267,2,22,0,0
Priority assets,r18_r06,r18,r06,both,60,60,18,22,-0.014668111923897165,-0.5162482728904045,-0.17485203790950526,22,2,3,0,1206,13.5,2,-0.07723012853123634,-0.03160891357258666,3,8,0,0
Priority assets,r18_r07,r18,r07,both,60,60,30,39,0.0036466265775636497,-0.4305002721369907,0.008523039835689195,34,2,2,0,1897,24.0,0,-0.04525450592678354,-0.0015934795850374162,2,28,0,0
Priority assets,r18_r08,r18,r08,both,60,60,26,34,0.0013533797917204549,-0.4405749460794902,-0.01156032682172875,33,2,2,0,1572,19.0,1,-0.053645515841517555,-0.006224266873965767,1,18,0,0
Priority assets,r18_r09,r18,r09,both,60,60,32,43,0.0047151722261729034,-0.40843119041479575,0.014340928946924514,39,1,2,0,2012,26.0,4,-0.03958337799285849,2.3099388097413964e-05,4,30,1,1
Priority assets,r18_r10,r18,r10,both,60,60,33,44,0.004453969280369563,-0.4113727433707923,0.014056236319908155,38,1,2,0,1981,25.0,4,-0.040268457081447884,2.224338319134489e-05,4,30,1,1
Priority assets,r18_r11,r18,r11,both,60,60,32,41,0.004776391054699958,-0.43371087657223495,0.03200752640778415,35,1,2,0,1805,22.5,3,-0.039652389345627315,-0.002378624931254847,3,26,0,0
Priority assets,r18_r12,r18,r12,both,60,60,21,29,-0.002184551750787578,-0.46327311943387245,-0.048010727458730085,24,2,3,0,993,10.0,2,-0.06516688753462851,-0.014203670678240798,2,11,0,0
Priority assets,r18_r13,r18,r13,both,60,60,43,45,0.011781921172333454,-0.40096177938281286,0.09728127759354188,44,2,3,0,1401,16.0,3,-0.03499218383609609,0.0009016495000125913,4,34,2,0
Priority assets,r18_r14,r18,r14,both,60,60,34,42,0.0052520121880569315,-0.3795143376065707,0.05104722236624526,37,2,3,0,1243,14.0,1,-0.045179088740533,-0.005113171570521602,2,21,0,0
Priority assets,r18_r15,r18,r15,both,60,60,40,46,0.01231715878848294,-0.3795800460233878,0.11457366500701749,41,2,2,0,1485,17.0,5,-0.030905397170702065,0.005994786018086451,5,34,1,1
Priority assets,r18_r16,r18,r16,both,60,60,40,44,0.012465928300099183,-0.383737004890143,0.11760699641826822,41,2,2,0,1472,16.5,5,-0.02723057732725731,0.004262037326186463,5,35,1,1
Priority assets,r18_r17,r18,r17,both,60,60,43,46,0.01314628772860249,-0.36898722709364296,0.12207373088993856,45,2,3,0,1360,14.5,5,-0.032765539703325464,0.00031422285256410554,6,33,2,1
Priority assets,r18_r18,r18,r18,both,60,60,37,40,0.008297791201121174,-0.38887332139077097,0.08470961531041166,37,2,38,0,676,4.0,8,-0.031005305896904478,0.0,7,0,3,1
Priority assets,r18_r19,r18,r19,both,60,60,51,52,0.022838646743114976,-0.3375044831598693,0.24882214430874705,51,2,12,0,830,6.0,12,-0.014568543548817925,0.023378156753033175,12,50,4,3
Priority assets,r18_r20,r18,r20,both,60,60,47,48,0.021979461349609597,-0.3274030403238722,0.23857006970325945,47,2,26,0,758,5.0,11,-0.017337536705912204,0.017134813554719575,11,49,3,3
Priority assets,r18_r21,r18,r21,both,60,60,52,52,0.02405685891827436,-0.3357835574028778,0.2636068315891936,52,2,11,0,872,6.5,10,-0.011656391049216674,0.02197567641437781,11,49,5,4
Priority assets,r18_r22,r18,r22,both,60,60,51,52,0.02292940591444914,-0.33025890456418766,0.24991289447667464,51,2,12,0,867,6.5,10,-0.012591916365001121,0.021442075364353552,11,49,6,5
Priority assets,r18_r23,r18,r23,both,60,60,51,52,0.024873038158329086,-0.3140584627500711,0.27162637857452887,51,2,18,0,812,6.0,13,-0.011674703047698243,0.022353481409810028,13,52,4,4
Priority assets,r18_r24,r18,r24,both,60,60,32,43,0.004453969280369563,-0.4113727433707923,0.00924733317493609,38,1,2,0,1993,25.5,4,-0.040268457081447884,2.224338319134489e-05,4,30,1,1
Priority assets,r19_r00,r19,r00,both,60,60,6,10,-0.09721138133447205,-0.6753766126265228,-0.6316070690025071,7,1,2,0,2825,28.0,0,-0.11504003670456808,-0.0921760694779149,0,0,0,0
Priority assets,r19_r01,r19,r01,both,60,60,7,12,-0.05771836343689557,-0.5657802334631692,-0.47252133408383545,8,1,1,0,4482,55.0,2,-0.07854927267869283,-0.0634940137590489,2,3,0,0
Priority assets,r19_r02,r19,r02,both,60,60,6,12,-0.07842908969309492,-0.6394025245028452,-0.5742484970539152,7,1,1,0,3616,40.0,0,-0.09939363732643453,-0.08125072369679087,0,1,0,0
Priority assets,r19_r03,r19,r03,both,60,60,8,17,-0.051173688488136304,-0.5057403344682869,-0.41846317861877963,8,0,1,0,4773,60.0,2,-0.06752718531679236,-0.04360984972099308,2,5,0,0
Priority assets,r19_r04,r19,r04,both,60,60,8,17,-0.05434066173939872,-0.5061738125639859,-0.4129267219888008,9,0,1,0,4682,58.0,2,-0.07016710456835717,-0.045985467623181286,2,4,0,0
Priority assets,r19_r05,r19,r05,both,60,60,7,16,-0.06211678134619092,-0.576858663468578,-0.4639590826515638,8,1,1,0,4263,51.0,2,-0.0845134139152886,-0.0618081388481293,2,4,0,0
Priority assets,r19_r06,r19,r06,both,60,60,10,11,-0.08466678809204409,-0.6507215819224045,-0.5929857601290818,10,1,3,0,2459,21.0,0,-0.0967332046316583,-0.07882194610185456,0,1,0,0
Priority assets,r19_r07,r19,r07,both,60,60,9,16,-0.037383036988617724,-0.5455530239489739,-0.35476107445087757,12,1,2,0,3587,39.0,2,-0.06257877846932525,-0.04164998767107492,2,4,0,0
Priority assets,r19_r08,r19,r08,both,60,60,8,16,-0.05719969620249504,-0.5515280297067102,-0.4553029737277584,12,1,2,0,3083,31.0,1,-0.08239787585364877,-0.0552477524470813,1,1,0,0
Priority assets,r19_r09,r19,r09,both,60,60,9,18,-0.0331086843455754,-0.5059048298424071,-0.3171213876506359,11,0,1,0,3780,43.0,2,-0.055000343544419905,-0.035054532283357254,3,6,0,0
Priority assets,r19_r10,r19,r10,both,60,60,10,19,-0.03232130342608541,-0.4877242065813752,-0.28710076040493365,11,0,1,0,3731,42.0,2,-0.05876655546470727,-0.03585034499370271,2,5,0,0
Priority assets,r19_r11,r19,r11,both,60,60,9,19,-0.03818193642989737,-0.5070895561351298,-0.3364978222930705,10,1,1,0,3456,37.0,2,-0.06277619423771463,-0.0364412875503034,2,6,0,0
Priority assets,r19_r12,r19,r12,both,60,60,11,16,-0.04523929082813144,-0.5302745274953526,-0.39699336026730325,11,2,4,1,1934,11.0,4,-0.06636466072473529,-0.04129540984217944,4,6,0,0
Priority assets,r19_r13,r19,r13,both,60,60,16,26,-0.01428273443063055,-0.4008590983455084,-0.1494358891191983,17,2,2,0,2447,20.0,6,-0.04094489460025125,-0.024088734608007978,6,9,0,0
Priority assets,r19_r14,r19,r14,both,60,60,15,20,-0.02514652416278057,-0.42517245435658796,-0.2162846325600175,15,2,2,0,2272,16.5,1,-0.04377330945488572,-0.023342505471605823,1,6,0,0
Priority assets,r19_r15,r19,r15,both,60,60,19,29,-0.011571350685017301,-0.3638024720459596,-0.12356294330124912,21,0,2,0,2549,20.5,4,-0.03870307505488796,-0.013695744927840425,4,11,0,0
Priority assets,r19_r16,r19,r16,both,60,60,19,26,-0.012481838617838137,-0.37075375151033707,-0.1372175601174213,22,0,2,0,2535,20.0,4,-0.038031123219732066,-0.013247451243276864,4,11,0,0
Priority assets,r19_r17,r19,r17,both,60,60,18,25,-0.016731912039805508,-0.4108562864435691,-0.15486102122718415,19,1,2,0,2407,18.5,4,-0.0419087213860771,-0.016156588914086056,4,10,0,0
Priority assets,r19_r18,r19,r18,both,60,60,20,23,-0.018082935945663514,-0.4110318989901975,-0.16435870952577053,20,2,38,0,1560,4.0,8,-0.03039520116364619,-0.022389331730983897,7,9,0,0
Priority assets,r19_r19,r19,r19,both,60,60,35,42,0.003876397773386109,-0.3010946018351667,0.03880405890115579,35,1,12,0,1715,6.0,11,-0.013710349233935049,0.0,11,0,4,3
Priority assets,r19_r20,r19,r20,both,60,60,32,37,0.0025412885806962437,-0.32020850269571544,0.025288742589756108,32,1,26,0,1644,5.0,10,-0.016197563143901916,-0.00325032047269469,10,16,0,0
Priority assets,r19_r21,r19,r21,both,60,60,37,47,0.004693574044089099,-0.26602817121304295,0.04718368762099101,37,1,11,0,1758,6.5,10,-0.010032122681896405,0.0017384177109490695,10,36,2,2
Priority assets,r19_r22,r19,r22,both,60,60,37,45,0.005495530071641386,-0.2660281712130431,0.05541341222602014,37,1,12,0,1753,6.5,10,-0.01080810253657749,0.001078532188931669,10,35,2,2
Priority assets,r19_r23,r19,r23,both,60,60,38,43,0.005440706606785195,-0.26323411591054025,0.05484391829256885,38,1,18,0,1697,6.0,12,-0.009876598108060353,0.0007111196585829482,12,34,3,3
Priority assets,r19_r24,r19,r24,both,60,60,10,19,-0.03232130342608547,-0.4877242065813752,-0.32133987213510173,11,0,1,0,3744,42.0,2,-0.058766555464707326,-0.035779260924635625,2,5,0,0
Priority assets,r20_r00,r20,r00,both,60,60,13,16,-0.03825421666054224,-0.576285485269129,-0.3706891186224111,14,1,3,0,1791,20.0,1,-0.09188173219973561,-0.060070258301521906,2,2,0,0
Priority assets,r20_r01,r20,r01,both,60,60,22,30,-0.006755659104599743,-0.46238541439090874,-0.11693050974511116,25,1,1,0,2953,41.0,2,-0.06073290786338653,-0.032290019586598384,4,8,0,0
Priority assets,r20_r02,r20,r02,both,60,60,16,24,-0.012773491044333896,-0.5164056318583355,-0.17766842215457773,19,1,2,0,2325,30.0,1,-0.0758736854191005,-0.0454308810725399,1,3,0,0
Priority assets,r20_r03,r20,r03,both,60,60,27,33,-0.000559172053313628,-0.46388387763556854,-0.03540854664146381,29,1,1,0,3163,44.5,1,-0.04563505531185047,-0.02264788972214421,4,8,0,0
Priority assets,r20_r04,r20,r04,both,60,60,26,32,-0.0022164705113569827,-0.4719124485294302,-0.043921636758164295,28,1,1,0,3093,42.5,2,-0.04834209618331986,-0.02768191282260546,3,8,0,0
Priority assets,r20_r05,r20,r05,both,60,60,26,31,-0.006896504391313785,-0.4972050711913447,-0.10111668502564702,25,1,1,0,2780,38.0,2,-0.05844797186475559,-0.03202569176367853,3,6,0,0
Priority assets,r20_r06,r20,r06,both,60,60,17,18,-0.02569813431575818,-0.5426144802021158,-0.29221479303566383,18,2,3,0,1538,16.0,3,-0.08756673679041649,-0.05645112577139094,3,2,0,0
Priority assets,r20_r07,r20,r07,both,60,60,26,32,-0.0023586456025616043,-0.4489257096625147,-0.05668626999355675,28,2,2,0,2344,29.0,2,-0.054139499280229764,-0.023212571991627573,3,7,0,0
Priority assets,r20_r08,r20,r08,both,60,60,21,28,-0.006486356441192498,-0.478063453821179,-0.07882650635738614,24,2,2,0,1963,22.0,2,-0.0638018924904869,-0.03683190190139818,2,6,0,0
Priority assets,r20_r09,r20,r09,both,60,60,27,39,0.0006715381973744217,-0.4344233323322218,-0.006814866988429036,31,1,2,0,2483,30.5,3,-0.04237999797874176,-0.01491648409719859,4,10,0,0
Priority assets,r20_r10,r20,r10,both,60,60,26,39,8.694306546325192e-05,-0.44807625331091216,-0.013721317135836852,30,1,2,0,2450,30.5,2,-0.04506254955030509,-0.015322035566173176,3,10,0,0
Priority assets,r20_r11,r20,r11,both,60,60,31,36,0.0025922607576436274,-0.44354263195452426,0.013529559396645352,31,1,2,0,2238,27.0,3,-0.05101227958907112,-0.017276338597268515,4,11,0,0
Priority assets,r20_r12,r20,r12,both,60,60,21,24,-0.015288921722243887,-0.47575412653634397,-0.14480813864448094,22,2,3,0,1227,10.0,5,-0.07053494807595673,-0.038383720652642006,5,7,1,0
Priority assets,r20_r13,r20,r13,both,60,60,34,42,0.003331203818722539,-0.39252085952343924,0.03327453147459303,35,2,3,0,1659,17.0,6,-0.03970545421377231,-0.015067226776736664,7,18,2,0
Priority assets,r20_r14,r20,r14,both,60,60,33,37,0.004721040404648824,-0.39024444007311415,0.04574453701453485,33,2,3,0,1492,14.0,2,-0.044722832856839756,-0.020029105100447198,3,9,0,0
Priority assets,r20_r15,r20,r15,both,60,60,36,45,0.005730409444736573,-0.37302379742709,0.06653357128154103,37,2,2,0,1751,18.0,5,-0.03648023360994246,-0.0073327946035048885,5,20,1,1
Priority assets,r20_r16,r20,r16,both,60,60,38,44,0.007894280495250539,-0.37302379742709013,0.060236201726262095,39,2,2,0,1737,17.5,5,-0.0333259205052866,-0.006508248874013356,5,19,1,1
Priority assets,r20_r17,r20,r17,both,60,60,38,43,0.009486331490730526,-0.37305793338769627,0.09191006435509885,39,2,2,0,1616,15.5,7,-0.037091488034087294,-0.0092823401463491,7,18,3,2
Priority assets,r20_r18,r20,r18,both,60,60,35,36,0.005230661677030013,-0.3936401010449835,0.05267525475547996,35,2,38,0,875,4.0,8,-0.03146034780268303,-0.017049970768359624,7,9,0,0
Priority assets,r20_r19,r20,r19,both,60,60,47,49,0.018443887560954164,-0.31438042755558415,0.18697894598163878,47,2,12,0,1030,6.0,11,-0.014504922083075189,0.0033731518843405084,12,40,4,3
Priority assets,r20_r20,r20,r20,both,60,60,43,46,0.013050715830353998,-0.31902993560139037,0.13441057718249083,43,2,26,0,958,5.0,11,-0.016977925394042526,0.0,11,0,2,2
Priority assets,r20_r21,r20,r21,both,60,60,48,53,0.01991438407873891,-0.31189671208616493,0.21413264660783382,48,2,11,0,1072,6.5,10,-0.011796931038922875,0.002970479620608979,11,43,3,3
Priority assets,r20_r22,r20,r22,both,60,60,48,54,0.019598209473766004,-0.3036059768781408,0.20992024997759762,48,2,12,0,1067,6.5,10,-0.012440083967201532,0.0035193115020094035,11,43,4,4
Priority assets,r20_r23,r20,r23,both,60,60,47,50,0.01978181544681934,-0.29807350121318055,0.20819629502492465,47,2,18,0,1012,6.0,13,-0.011428846108147761,0.004410557002910265,13,45,3,3
Priority assets,r20_r24,r20,r24,both,60,60,24,39,0.00013542451560394353,-0.44765593613950677,-0.017040261707340965,30,1,2,0,2462,30.5,2,-0.04506254955030509,-0.015322035566173176,3,11,0,0
Priority assets,r21_r00,r21,r00,both,60,60,5,11,-0.09344750253792716,-0.6730946218153653,-0.6361200773737705,8,0,1,0,3171,31.0,0,-0.10929902817742115,-0.08981707579308174,0,1,0,0
Priority assets,r21_r01,r21,r01,both,60,60,5,14,-0.06577167413842416,-0.5862857234253477,-0.5185017196863208,6,0,1,0,4951,60.0,2,-0.08243058408449727,-0.06951040195408692,3,2,0,0
Priority assets,r21_r02,r21,r02,both,60,60,5,8,-0.08991784969579814,-0.6572871704820554,-0.6023601237821071,6,0,1,0,4034,43.0,0,-0.0946110724123207,-0.08555768706900463,0,1,0,0
Priority assets,r21_r03,r21,r03,both,60,60,6,15,-0.05542166388562736,-0.5196254586526663,-0.449911234337614,8,0,1,0,5267,65.0,2,-0.06438597776364985,-0.04919384660690784,2,2,0,0
Priority assets,r21_r04,r21,r04,both,60,60,6,14,-0.054209513998477676,-0.5365642784431044,-0.4559732122570921,8,0,1,0,5172,63.0,2,-0.06587566418663776,-0.052969785638713796,2,3,0,0
Priority assets,r21_r05,r21,r05,both,60,60,6,15,-0.07073643465778473,-0.6004029312123064,-0.5350491702283193,7,0,1,0,4731,56.0,2,-0.08106362645416354,-0.06910896885201984,2,3,0,0
Priority assets,r21_r06,r21,r06,both,60,60,11,11,-0.08980147407581723,-0.663827940195969,-0.6059250561831933,11,0,2,0,2727,22.0,0,-0.09568506527665549,-0.08069445212967158,2,3,0,0
Priority assets,r21_r07,r21,r07,both,60,60,9,14,-0.048521204090698544,-0.5377320926751828,-0.43389826101458606,12,0,2,0,3887,41.0,2,-0.06911284797052492,-0.05091474185329947,2,3,0,0
Priority assets,r21_r08,r21,r08,both,60,60,8,12,-0.07108034582006229,-0.6087097927068787,-0.5386675037406571,10,0,2,0,3372,31.0,1,-0.08678712845136216,-0.06563589287017163,1,2,0,0
Priority assets,r21_r09,r21,r09,both,60,60,7,16,-0.0474450131707706,-0.5135683311093492,-0.3859035258205478,9,0,1,0,4083,44.0,2,-0.058560975495245526,-0.04191471059309654,3,4,0,0
Priority assets,r21_r10,r21,r10,both,60,60,6,15,-0.0432354450941434,-0.507590114476849,-0.3869241142234434,8,0,1,0,4033,43.0,2,-0.059919941867879856,-0.04208575364150541,2,3,0,0
Priority assets,r21_r11,r21,r11,both,60,60,7,17,-0.04965797793314797,-0.5502703334903806,-0.3984660888548645,7,0,1,0,3752,38.0,2,-0.06622275450154513,-0.04554227532956023,2,3,0,0
Priority assets,r21_r12,r21,r12,both,60,60,9,13,-0.05638838730470741,-0.5686255526970673,-0.4548340065766784,9,0,4,1,2178,11.0,4,-0.06670229113465309,-0.052574386851937716,4,5,0,0
Priority assets,r21_r13,r21,r13,both,60,60,17,18,-0.024253766669520505,-0.4158410742818363,-0.21140099124838713,17,0,2,0,2695,20.0,6,-0.04108225444776242,-0.01856984798687067,6,6,0,0
Priority assets,r21_r14,r21,r14,both,60,60,12,18,-0.032326609119780136,-0.46236077216245813,-0.30476690601998396,15,0,2,0,2520,16.5,1,-0.04386179799073392,-0.0303654737591062,1,5,0,0
Priority assets,r21_r15,r21,r15,both,60,60,15,25,-0.018274057607863325,-0.38657498051692696,-0.17744423623326294,14,0,2,0,2797,20.5,3,-0.0389380870166921,-0.017967080051201068,4,7,0,0
Priority assets,r21_r16,r21,r16,both,60,60,15,26,-0.017509100504235375,-0.39553481180392763,-0.17992431725970165,15,0,2,0,2783,20.0,3,-0.03808844159744684,-0.018962074414332675,4,8,0,0
Priority assets,r21_r17,r21,r17,both,60,60,18,22,-0.027316770149275915,-0.4312496681438891,-0.24171066062347651,16,0,2,0,2655,18.5,4,-0.041680516754676544,-0.020506735427810896,4,7,0,0
Priority assets,r21_r18,r21,r18,both,60,60,16,20,-0.019720946036008935,-0.4154793159028944,-0.17797940875975382,16,1,38,0,1807,4.0,8,-0.030243059023191188,-0.021713056288851618,7,11,1,1
Priority assets,r21_r19,r21,r19,both,60,60,26,37,-0.003443045357352903,-0.3010415979821647,-0.033367812558239285,26,1,12,0,1962,6.0,11,-0.01346960098448613,-0.0017390557839981335,11,23,2,2
Priority assets,r21_r20,r21,r20,both,60,60,28,34,-0.003673777455956262,-0.3437716733693824,-0.03550274153624755,28,1,26,0,1891,5.0,9,-0.016053661932574015,-0.002880943542500458,10,17,1,1
Priority assets,r21_r21,r21,r21,both,60,60,28,43,-0.002144893876182219,-0.2764631552954409,-0.02090374902448383,28,0,11,0,2005,6.5,10,-0.009997981774912568,0.0,10,0,1,1
Priority assets,r21_r22,r21,r22,both,60,60,28,40,-0.0023531523399487053,-0.2761463192846928,-0.02291520535628505,28,0,12,0,2000,6.5,10,-0.010337633091031528,0.0,10,3,2,2
Priority assets,r21_r23,r21,r23,both,60,60,29,39,-0.0004826789240120477,-0.27656484646849083,-0.004739219829169972,29,1,18,0,1944,6.0,12,-0.009874503282836511,0.0002331344911183919,12,31,1,1
Priority assets,r21_r24,r21,r24,both,60,60,6,15,-0.0432354450941434,-0.507590114476849,-0.3869241142234434,8,0,1,0,4046,43.0,2,-0.059919941867879856,-0.04208575364150552,2,3,0,0
Priority assets,r22_r00,r22,r00,both,60,60,5,11,-0.08913867930223973,-0.6748180573281175,-0.629822307303944,8,0,1,0,3124,31.0,0,-0.108340676321862,-0.08849518567029524,0,0,0,0
Priority assets,r22_r01,r22,r01,both,60,60,5,14,-0.06582163613566278,-0.5836251032971517,-0.530321948519803,7,0,1,0,4897,59.0,2,-0.08205985919557529,-0.06751460618655064,3,2,0,0
Priority assets,r22_r02,r22,r02,both,60,60,6,8,-0.08500235511113607,-0.6600622266063982,-0.6090822465224242,6,0,1,0,3982,43.5,0,-0.09458537428311425,-0.08526474493612263,0,1,0,0
Priority assets,r22_r03,r22,r03,both,60,60,6,16,-0.05481242196516184,-0.5228396123386705,-0.4542571028821191,8,0,1,0,5212,65.0,2,-0.06447718833228006,-0.048940015814194215,2,3,0,0
Priority assets,r22_r04,r22,r04,both,60,60,7,13,-0.05438549541822019,-0.5304787323370961,-0.45499305043992444,8,0,1,0,5117,63.0,2,-0.06592172360804882,-0.0513689337650019,2,3,0,0
Priority assets,r22_r05,r22,r05,both,60,60,6,15,-0.0719725481258105,-0.5870124728025318,-0.5414693842240161,8,0,1,0,4678,56.0,2,-0.08069297254278207,-0.06651435951960427,2,3,0,0
Priority assets,r22_r06,r22,r06,both,60,60,11,12,-0.08800420146133353,-0.6590680853099438,-0.6046304861428622,11,0,2,0,2680,22.0,0,-0.09479146462779048,-0.08056615376380355,2,3,0,0
Priority assets,r22_r07,r22,r07,both,60,60,9,14,-0.04755627557939979,-0.5351458703562516,-0.44006791271650453,11,0,2,0,3836,41.0,2,-0.06905153709880818,-0.05040087810808708,2,3,0,0
Priority assets,r22_r08,r22,r08,both,60,60,8,12,-0.07232208500012322,-0.6122913403830096,-0.5400152411269742,11,0,2,0,3321,31.0,1,-0.08670604805803422,-0.06702066085506359,1,1,0,0
Priority assets,r22_r09,r22,r09,both,60,60,7,16,-0.04284920771453665,-0.5126638996261397,-0.39037166552327185,10,0,1,0,4031,44.0,2,-0.058305511094422,-0.0412863563287455,3,4,0,0
Priority assets,r22_r10,r22,r10,both,60,60,6,17,-0.04193472584864133,-0.507301035389772,-0.3781913866763257,8,0,1,0,3981,43.0,2,-0.05980130032418568,-0.0411200347359279,2,4,0,0
Priority assets,r22_r11,r22,r11,both,60,60,8,18,-0.046456826012224894,-0.5433814421093128,-0.38815552079188154,8,0,1,0,3701,38.0,2,-0.06615688899490851,-0.04490240734508255,2,4,0,0
Priority assets,r22_r12,r22,r12,both,60,60,11,13,-0.05720761860516599,-0.5643894640552551,-0.45676820506627674,11,0,4,1,2127,11.0,4,-0.06664338099003897,-0.052985738048144604,4,5,0,0
Priority assets,r22_r13,r22,r13,both,60,60,17,19,-0.02448570938424427,-0.41578093773312724,-0.21382812094585618,17,0,2,0,2644,20.0,6,-0.04120484009484171,-0.01853819156474079,6,6,0,0
Priority assets,r22_r14,r22,r14,both,60,60,13,19,-0.031786929527608976,-0.4639430277597212,-0.30143712677025597,14,0,2,0,2469,16.5,1,-0.04390361077036653,-0.029589812276231586,1,5,0,0
Priority assets,r22_r15,r22,r15,both,60,60,15,24,-0.019864070394202238,-0.37502523649922254,-0.18688884519593058,15,0,2,0,2746,20.5,3,-0.03909301883657901,-0.017240407398858293,4,6,0,0
Priority assets,r22_r16,r22,r16,both,60,60,15,25,-0.019956026484864053,-0.383283443610744,-0.19231445590063112,15,0,2,0,2732,20.0,3,-0.038230713171095554,-0.018588181074419785,4,7,0,0
Priority assets,r22_r17,r22,r17,both,60,60,18,21,-0.02877835307779003,-0.4401314141242774,-0.24544456374320262,17,0,2,0,2604,18.5,4,-0.0416883857032333,-0.020540782940366653,4,7,0,0
Priority assets,r22_r18,r22,r18,both,60,60,18,21,-0.02031305729765298,-0.4098191789089534,-0.1827775882566604,18,1,38,0,1756,4.0,8,-0.030401387260241886,-0.02070206164500077,7,11,0,0
Priority assets,r22_r19,r22,r19,both,60,60,27,35,-0.002155821607374153,-0.3059383484168039,-0.01590365231060803,27,1,12,0,1911,6.0,11,-0.013495590078975328,-0.0010626338137609825,11,25,1,1
Priority assets,r22_r20,r22,r20,both,60,60,30,35,-0.0013051390272580954,-0.3444990802856809,-0.012585546153939364,30,1,26,0,1840,5.0,9,-0.01599304515383876,-0.003477381560467674,10,17,0,0
Priority assets,r22_r21,r22,r21,both,60,60,31,40,0.00022912567991573152,-0.2772553466076735,0.0015388214376376164,31,0,11,0,1954,6.5,10,-0.010022377830489981,0.0,10,27,0,0
Priority assets,r22_r22,r22,r22,both,60,60,31,40,0.0009270328847426068,-0.27725534660767326,0.009160498538535289,31,0,12,0,1949,6.5,10,-0.01033009708297139,0.0,10,0,1,1
Priority assets,r22_r23,r22,r23,both,60,60,31,40,0.0017840043808262651,-0.2816927854266636,0.016437550832793635,31,1,18,0,1893,6.0,12,-0.009875188160326565,6.24617575437636e-05,12,30,0,0
Priority assets,r22_r24,r22,r24,both,60,60,6,17,-0.04193472584864133,-0.507301035389772,-0.37891592923762474,8,0,1,0,3994,43.0,2,-0.05980130032418568,-0.04112003473592801,2,4,0,0
Priority assets,r23_r00,r23,r00,both,60,60,10,12,-0.09184400738525955,-0.6618729123141291,-0.590317255699522,10,0,2,0,2727,28.0,0,-0.10987359041018857,-0.09851450402071316,0,1,0,0
Priority assets,r23_r01,r23,r01,both,60,60,9,17,-0.058614648604166764,-0.5681559880182883,-0.47030204937975106,10,0,1,0,4409,56.5,2,-0.08036696206040839,-0.0635005517231319,3,3,0,0
Priority assets,r23_r02,r23,r02,both,60,60,9,12,-0.07709545194104517,-0.6185615600931345,-0.554864561102975,9,0,2,0,3540,41.0,0,-0.09688010319088791,-0.08066531023484008,0,1,0,0
Priority assets,r23_r03,r23,r03,both,60,60,11,19,-0.0447671701877973,-0.5125264735209292,-0.3987124335604604,12,0,1,0,4712,61.0,2,-0.06196186494749201,-0.04163062205155277,2,5,0,0
Priority assets,r23_r04,r23,r04,both,60,60,11,19,-0.04400730600736391,-0.5182795055674179,-0.4095800035327551,12,0,1,0,4622,60.0,2,-0.06609953644361222,-0.04449735604045396,2,4,0,0
Priority assets,r23_r05,r23,r05,both,60,60,10,16,-0.06340380612994079,-0.6011374243717688,-0.4895374257617004,12,0,1,0,4202,53.5,2,-0.08117993433315207,-0.06686777730331889,3,2,0,0
Priority assets,r23_r06,r23,r06,both,60,60,11,13,-0.08447928585737785,-0.6471615928658518,-0.5637452098942208,11,0,2,0,2357,21.0,0,-0.09497789731733292,-0.08431982019983708,1,4,0,0
Priority assets,r23_r07,r23,r07,both,60,60,13,18,-0.04451037038652916,-0.5381556760113313,-0.35685664779786985,15,0,2,0,3481,40.0,2,-0.06756865675286916,-0.050391576719888365,3,3,0,0
Priority assets,r23_r08,r23,r08,both,60,60,12,15,-0.06082786616536251,-0.587184387830419,-0.4733435955148097,14,0,2,0,2982,31.0,1,-0.08700593722590577,-0.06907440068541426,1,3,0,0
Priority assets,r23_r09,r23,r09,both,60,60,15,20,-0.03186594019183481,-0.5112216819817164,-0.291830462166982,16,0,2,0,3675,43.0,2,-0.05778269984242418,-0.03883060401030641,3,4,0,0
Priority assets,r23_r10,r23,r10,both,60,60,15,19,-0.030466423833245992,-0.5198249933192269,-0.2861623745960986,16,0,2,0,3627,43.0,2,-0.05863353742657257,-0.038898313118017946,2,5,0,0
Priority assets,r23_r11,r23,r11,both,60,60,14,23,-0.03719016510872858,-0.5230734845917175,-0.3234103737039389,15,0,2,0,3356,38.0,2,-0.06931178129981691,-0.05332633032348438,2,5,0,0
Priority assets,r23_r12,r23,r12,both,60,60,14,16,-0.048295726496666636,-0.5544317695042466,-0.40687172134118754,14,0,4,1,1814,11.0,4,-0.06673702597838299,-0.04616493897669177,4,4,0,0
Priority assets,r23_r13,r23,r13,both,60,60,20,24,-0.014969869504301847,-0.42756681980596895,-0.16625316988008365,21,0,2,0,2322,20.0,6,-0.0412410187966849,-0.02278689931827904,6,7,0,0
Priority assets,r23_r14,r23,r14,both,60,60,16,20,-0.024200711730525737,-0.4422588022394897,-0.22082162046841575,18,0,2,0,2147,16.5,1,-0.04413677317790782,-0.029322566614607193,1,5,0,0
Priority assets,r23_r15,r23,r15,both,60,60,23,30,-0.00881142459509271,-0.38092198115385223,-0.11012241707225884,24,0,2,0,2424,20.5,3,-0.03897802889046148,-0.015791224565992967,4,12,0,0
Priority assets,r23_r16,r23,r16,both,60,60,22,31,-0.01108449617983065,-0.3843391356119212,-0.07949983416761336,24,0,2,0,2410,20.0,3,-0.03771978768069678,-0.016349410551668164,4,11,0,0
Priority assets,r23_r17,r23,r17,both,60,60,23,28,-0.01352086518403367,-0.4187627085617051,-0.11988379206046529,22,0,2,0,2282,18.5,4,-0.041845026573968824,-0.022753614137865474,4,10,0,0
Priority assets,r23_r18,r23,r18,both,60,60,21,24,-0.014270479223170318,-0.43691106400898777,-0.1317838307721752,21,1,38,0,1434,4.0,8,-0.03036697809732869,-0.02179855194843011,7,7,0,0
Priority assets,r23_r19,r23,r19,both,60,60,34,40,0.005101732893680877,-0.3101998298159048,0.05134763533156994,34,1,12,0,1589,6.0,11,-0.013664568218196949,-0.0007046597116586728,11,22,2,1
Priority assets,r23_r20,r23,r20,both,60,60,35,37,0.0029796694250915357,-0.3317395498276765,0.029709417921302217,35,1,26,0,1518,5.0,9,-0.01628097517315058,-0.004284858018432536,10,10,0,0
Priority assets,r23_r21,r23,r21,both,60,60,40,45,0.006368521645424452,-0.2904279796810178,0.06193452549071732,40,0,11,0,1632,6.5,10,-0.010098245848155496,-0.0002336819453381267,10,29,1,1
Priority assets,r23_r22,r23,r22,both,60,60,40,45,0.007640529525507089,-0.2908328433408278,0.06175030352108035,40,0,12,0,1627,6.5,10,-0.010423842068453704,-6.245689311612512e-05,10,30,1,1
Priority assets,r23_r23,r23,r23,both,60,60,39,43,0.007739721872319971,-0.2852254823093951,0.07884208039599794,39,1,18,0,1571,6.0,12,-0.009902964138881365,0.0,12,0,0,0
Priority assets,r23_r24,r23,r24,both,60,60,15,19,-0.030466423833246048,-0.5198249933192269,-0.2820939774643025,16,0,2,0,3640,43.0,2,-0.05863353742657257,-0.038898313118017946,2,5,0,0
Priority assets,r24_r00,r24,r00,both,60,60,5,9,-0.09012134787674037,-0.662299867224226,-0.5939698780656562,5,1,1,0,3652,30.0,0,-0.13797995836542815,-0.07348967426600794,4,10,0,0
Priority assets,r24_r01,r24,r01,both,60,60,8,21,-0.04477992513813328,-0.5212187403574693,-0.3472799356671499,9,1,1,0,6279,57.0,3,-0.07830357683421518,-0.01624286323433477,3,15,0,0
Priority assets,r24_r02,r24,r02,both,60,60,6,10,-0.07693789869133105,-0.6345118437920692,-0.5306850061307449,6,1,1,0,4906,42.0,0,-0.1061866995659258,-0.04060850957076262,1,8,0,0
Priority assets,r24_r03,r24,r03,both,60,60,13,24,-0.03247373393096292,-0.47336331383195435,-0.28048255039382963,14,0,1,0,6630,62.0,2,-0.0640311257860845,-0.005299754777322474,2,19,1,0
Priority assets,r24_r04,r24,r04,both,60,60,12,24,-0.035951951727515696,-0.5034108104837764,-0.2855182888037247,13,0,1,0,6547,61.0,2,-0.06928221309599192,-0.010166914419087902,2,19,0,0
Priority assets,r24_r05,r24,r05,both,60,60,8,20,-0.04591924519490925,-0.5448615147978639,-0.3618374680418486,9,0,1,0,6085,54.0,2,-0.08407116093921874,-0.019189597072640507,2,14,0,0
Priority assets,r24_r06,r24,r06,both,60,60,8,12,-0.0866653189226031,-0.6528274267443036,-0.577275706301593,8,1,2,0,3328,22.0,1,-0.12628606393710934,-0.04780502833068817,6,11,1,1
Priority assets,r24_r07,r24,r07,both,60,60,13,24,-0.033022524712997325,-0.49231550267163465,-0.30149966269390993,13,1,2,0,5351,40.5,1,-0.07026980508523889,-0.004230295020938635,1,25,0,0
Priority assets,r24_r08,r24,r08,both,60,60,8,13,-0.06090196878865789,-0.5740562028914736,-0.46510179921309186,7,1,2,0,4444,31.0,1,-0.09503918950089857,-0.021252034702665124,3,15,1,0
Priority assets,r24_r09,r24,r09,both,60,60,16,25,-0.02699380309077315,-0.4543236469549015,-0.28390212918659596,17,0,1,0,5570,43.5,2,-0.05734239065464675,0.0008216319661359939,3,39,0,0
Priority assets,r24_r10,r24,r10,both,60,60,16,25,-0.027480072727517957,-0.468953847047699,-0.2788249103184982,18,0,1,0,5519,43.0,2,-0.05930224388072036,0.0,2,2,0,0
Priority assets,r24_r11,r24,r11,both,60,60,16,24,-0.02671217372941692,-0.4597079479060478,-0.23581721890526525,15,1,1,0,5213,38.0,2,-0.06920168020469508,-0.0007919075466821801,2,28,0,0
Priority assets,r24_r12,r24,r12,both,60,60,11,15,-0.0464546270875969,-0.545060161814614,-0.38602617225239005,10,1,4,1,3078,11.0,4,-0.08047441961089064,-0.011080237172360174,4,21,1,0
Priority assets,r24_r13,r24,r13,both,60,60,21,37,-0.010378627813192043,-0.3767024811370289,-0.09687442842114241,21,1,2,0,4188,20.0,6,-0.0400162698113945,0.012879660508423207,6,45,1,1
Priority assets,r24_r14,r24,r14,both,60,60,18,27,-0.016553257041512448,-0.4356473666242919,-0.14499594477430883,19,1,2,0,3831,16.5,1,-0.05635104511912098,-0.0004903966585266817,3,30,3,2
Priority assets,r24_r15,r24,r15,both,60,60,25,39,-0.009942591723956673,-0.37763388798089353,-0.07245502826269112,23,0,2,0,4298,20.5,3,-0.04011438556639735,0.02015604234487639,4,48,0,0
Priority assets,r24_r16,r24,r16,both,60,60,26,36,-0.010454667818133756,-0.3705089450760901,-0.07245502826269112,24,0,2,0,4284,20.0,3,-0.038840247589239874,0.01941867714102863,4,49,0,0
Priority assets,r24_r17,r24,r17,both,60,60,25,36,-0.008777540475638224,-0.3785492210088506,-0.0799481975342462,23,1,2,0,4147,18.5,4,-0.04482500141020873,0.014824500801506768,4,48,0,0
Priority assets,r24_r18,r24,r18,both,60,60,19,30,-0.00863810727278369,-0.4510263150700625,-0.09248499630833495,18,1,38,0,3096,4.0,8,-0.03451427177976968,0.0063119967323508885,7,38,3,3
Priority assets,r24_r19,r24,r19,both,60,60,38,53,0.00878242418839481,-0.31648883592750204,0.12956620384836004,36,1,12,0,3459,6.0,11,-0.014589196662558312,0.035927843408055105,11,55,6,4
Priority assets,r24_r20,r24,r20,both,60,60,40,47,0.00791667901610138,-0.3447547770790046,0.08978644376457079,37,1,26,0,3311,5.0,10,-0.015780392760178064,0.025048944952745456,7,53,4,2
Priority assets,r24_r21,r24,r21,both,60,60,41,51,0.014401847481462893,-0.3046383343161923,0.13146526769355094,38,1,11,0,3507,6.5,11,-0.010330743296810385,0.04087917780582995,10,57,2,2
Priority assets,r24_r22,r24,r22,both,60,60,41,51,0.013624230165866336,-0.3062070414624812,0.1290787781979632,38,1,12,0,3502,6.5,11,-0.010686588047167489,0.04011903875460632,10,56,3,3
Priority assets,r24_r23,r24,r23,both,60,60,41,50,0.01576940884484479,-0.31406361207940997,0.1771626228277683,39,1,18,0,3441,6.0,12,-0.00995621167757521,0.037671344152040376,13,56,6,4
Priority assets,r24_r24,r24,r24,both,60,60,16,25,-0.027567262316386787,-0.46895384704769955,-0.2848771584398704,18,0,1,0,5532,43.0,2,-0.05930224388072036,0.0,2,0,0,0
Priority assets,r00_long,r00,,long,60,60,58,59,0.07365495472745465,-0.3601279334566428,1.0611727819466688,58,2,,0,1032,0.0,,,,,,,
Priority assets,r00_short,,r00,short,60,60,0,2,-0.1086189661175509,-0.6940800327789067,-0.6845949174790711,0,1,1,0,1811,32.0,0,,,,,,
Priority assets,r01_long,r01,,long,60,60,54,58,0.033517897619546044,-0.26762051297188194,0.3333353793810985,53,1,,0,3489,0.0,,,,,,,
Priority assets,r01_short,,r01,short,60,60,2,5,-0.08283336324369672,-0.6104284796242976,-0.5809476182491573,2,1,1,0,3451,60.0,2,,,,,,
Priority assets,r02_long,r02,,long,60,60,57,59,0.08266831639947136,-0.33927058662802106,0.9794717481229197,59,2,,0,1413,0.0,,,,,,,
Priority assets,r02_short,,r02,short,60,60,0,3,-0.09700991001512899,-0.6784300324272017,-0.6578626644265181,0,1,1,0,2519,44.0,0,,,,,,
Priority assets,r03_long,r03,,long,60,60,48,58,0.022464120457144188,-0.25876517620753875,0.29835523575988965,47,1,,0,4019,0.0,,,,,,,
Priority assets,r03_short,,r03,short,60,60,2,4,-0.06334295226047193,-0.5492683630283095,-0.5017363512681239,2,1,1,0,3770,67.0,2,,,,,,
Priority assets,r04_long,r04,,long,60,60,46,55,0.0279740543664736,-0.2716009895926714,0.310543578903937,48,1,,0,3815,0.0,,,,,,,
Priority assets,r04_short,,r04,short,60,60,2,4,-0.06735843789392337,-0.5725740297561652,-0.5078569908470713,2,1,1,0,3673,65.0,2,,,,,,
Priority assets,r05_long,r05,,long,60,60,55,57,0.04331059781177571,-0.26583860474249404,0.5012375523917405,55,1,,0,2955,0.0,,,,,,,
Priority assets,r05_short,,r05,short,60,60,2,4,-0.0842199325287809,-0.6201241582031639,-0.6041409534310218,2,1,1,0,3231,57.0,2,,,,,,
Priority assets,r06_long,r06,,long,60,60,59,59,0.08145949786758344,-0.33420535057185924,1.0809009789208734,60,2,,0,857,0.0,,,,,,,
Priority assets,r06_short,,r06,short,60,60,0,5,-0.09306155437052493,-0.6651047482760952,-0.6268899439319773,2,2,2,0,1256,22.0,0,,,,,,
Priority assets,r07_long,r07,,long,60,60,46,55,0.026878823734301505,-0.24871718188408487,0.3001533139980018,48,1,,0,2787,0.0,,,,,,,
Priority assets,r07_short,,r07,short,60,60,2,6,-0.06796858189749572,-0.5199185506297072,-0.5264975646895967,2,2,2,0,2318,41.0,2,,,,,,
Priority assets,r08_long,r08,,long,60,60,57,57,0.0713889082521677,-0.32343148844715525,0.6153653844722422,57,2,,0,1271,0.0,,,,,,,
Priority assets,r08_short,,r08,short,60,60,1,3,-0.08581313849793537,-0.6078189669731295,-0.5951779626449271,1,2,2,0,1803,31.0,1,,,,,,
Priority assets,r09_long,r09,,long,60,60,45,55,0.020597470284903996,-0.22462997099775717,0.243947503201279,46,1,,0,3200,0.0,,,,,,,
Priority assets,r09_short,,r09,short,60,60,2,7,-0.05793280419524072,-0.5044512165374034,-0.45439340369114956,3,1,1,0,2514,44.0,2,,,,,,
Priority assets,r10_long,r10,,long,60,60,43,55,0.022439251839524,-0.2178010701681159,0.22593711651211523,43,1,,0,3042,0.0,,,,,,,
Priority assets,r10_short,,r10,short,60,60,2,5,-0.05987919755544319,-0.5070547737679956,-0.4517650636274289,2,1,1,0,2464,43.0,2,,,,,,
Priority assets,r11_long,r11,,long,60,60,54,57,0.03761322891012586,-0.24657111191892467,0.40908227565192845,54,1,,0,2409,0.0,,,,,,,
Priority assets,r11_short,,r11,short,60,60,2,4,-0.06483959302188758,-0.5239733826343127,-0.45866831421817605,2,1,1,0,2183,38.0,2,,,,,,
Priority assets,r12_long,r12,,long,60,60,55,56,0.05752386014335498,-0.30375397853051256,0.5836621299097293,55,3,,0,670,0.0,,,,,,,
Priority assets,r12_short,,r12,short,60,60,4,5,-0.06597066947239305,-0.5825291567936282,-0.5151660680029637,4,4,4,1,641,11.0,4,,,,,,
Priority assets,r13_long,r13,,long,60,60,45,47,0.020547143643393495,-0.214004046142721,0.2104350135254488,45,1,,0,1975,0.0,,,,,,,
Priority assets,r13_short,,r13,short,60,60,6,11,-0.041146657405800646,-0.39848343495000094,-0.3370571635911122,6,2,2,0,1124,20.0,6,,,,,,
Priority assets,r14_long,r14,,long,60,60,54,57,0.043755747964375646,-0.27131952533251164,0.41363329811493044,54,3,,0,986,0.0,,,,,,,
Priority assets,r14_short,,r14,short,60,60,1,5,-0.04336149012974183,-0.4656908483912949,-0.37999546498549214,1,2,2,0,949,16.5,1,,,,,,
Priority assets,r15_long,r15,,long,60,60,44,48,0.010335970712836429,-0.20636865223842332,0.11251320789950348,45,1,,0,2296,0.0,,,,,,,
Priority assets,r15_short,,r15,short,60,60,4,8,-0.03855398135791016,-0.3839054733774588,-0.31713777389147185,4,2,2,0,1226,20.5,4,,,,,,
Priority assets,r16_long,r16,,long,60,60,44,51,0.011102937812925595,-0.21178502326006016,0.11521854592739855,44,1,,0,2216,0.0,,,,,,,
Priority assets,r16_short,,r16,short,60,60,4,8,-0.03741992127520932,-0.3828881929556376,-0.33170960829494545,4,2,2,0,1212,20.0,4,,,,,,
Priority assets,r17_long,r17,,long,60,60,46,53,0.01973463962069677,-0.21390771965117572,0.17529527019947333,47,1,,0,1756,0.0,,,,,,,
Priority assets,r17_short,,r17,short,60,60,4,14,-0.04004494122970398,-0.40959936524425594,-0.34932095789533,4,2,2,0,1084,18.5,4,,,,,,
Priority assets,r18_long,r18,,long,60,60,54,55,0.04284131969715699,-0.2550964171495465,0.46098455637460056,54,5,,0,440,0.0,,,,,,,
Priority assets,r18_short,,r18,short,60,60,7,9,-0.03010197419975491,-0.3580458282134025,-0.25973259559187384,7,38,38,0,238,4.0,7,,,,,,
Priority assets,r19_long,r19,,long,60,60,44,49,0.01216792616488993,-0.18096968126230767,0.12638228900854487,44,2,,0,1324,0.0,,,,,,,
Priority assets,r19_short,,r19,short,60,60,11,15,-0.01365244880779326,-0.2324654100972039,-0.11692583395921019,11,12,12,0,391,6.0,11,,,,,,
Priority assets,r20_long,r20,,long,60,60,54,56,0.03433733980347731,-0.23531286273519192,0.3487303024875885,54,3,,0,640,0.0,,,,,,,
Priority assets,r20_short,,r20,short,60,60,10,12,-0.01619905784163095,-0.2626062907372839,-0.1484322373210516,10,26,26,0,320,5.0,10,,,,,,
Priority assets,r21_long,r21,,long,60,60,40,50,0.0061119386649254315,-0.16412220329030347,0.05953393755572978,40,1,,0,1571,0.0,,,,,,,
Priority assets,r21_short,,r21,short,60,60,10,19,-0.010030582808819355,-0.2104043878906947,-0.09440639873964685,10,11,11,0,434,6.5,10,,,,,,
Priority assets,r22_long,r22,,long,60,60,41,49,0.00766140847774488,-0.165541970828958,0.07799191196072619,41,1,,0,1520,0.0,,,,,,,
Priority assets,r22_short,,r22,short,60,60,10,17,-0.010506444833590867,-0.2135379998455611,-0.09869782935938742,10,12,12,0,429,6.5,10,,,,,,
Priority assets,r23_long,r23,,long,60,60,50,53,0.012468933592617137,-0.1736011459712326,0.11520192187262357,50,1,,0,1198,0.0,,,,,,,
Priority assets,r23_short,,r23,short,60,60,12,17,-0.009802825736766885,-0.21323328217051812,-0.09237879536514482,12,18,18,0,373,6.0,12,,,,,,
Priority assets,r24_long,r24,,long,60,60,47,56,0.022439251839524,-0.21780107016811606,0.27322261420704985,44,1,,0,3074,0.0,,,,,,,
Priority assets,r24_short,,r24,short,60,60,2,4,-0.05987919755544319,-0.5070547737679956,-0.4638320298253554,2,1,1,0,2477,43.0,2,,,,,,
Whole universe,r00_r00,r00,r00,both,678,662,196,219,-0.0459842900460537,-0.7123210064263562,-0.3816602959077975,199,4,17,5,15365,11.0,24,-0.12445292264696772,0.0,44,0,100,36
Whole universe,r00_r01,r00,r01,both,678,662,422,471,0.029835285800118183,-0.6024060516736198,0.26202832643754137,436,2,4,0,23043,16.5,44,-0.050247539864880175,0.07756763511679415,37,560,60,22
Whole universe,r00_r02,r00,r02,both,678,662,336,369,0.0032256846756640867,-0.6343328475781007,0.0,337,3,5,1,19731,14.0,31,-0.08144865551778796,0.0486994353237068,67,512,125,56
Whole universe,r00_r03,r00,r03,both,678,662,459,508,0.03942931116580184,-0.5978498973192268,0.4047485558319158,472,1,4,0,23850,17.0,51,-0.04110598239852237,0.08617163381104564,62,573,45,18
Whole universe,r00_r04,r00,r04,both,678,662,463,511,0.0401750709470291,-0.6030474089071705,0.40435888623563254,467,2,4,0,23333,17.0,54,-0.041790321841805644,0.0853975616912171,70,570,50,25
Whole universe,r00_r05,r00,r05,both,678,662,442,481,0.032880783001296376,-0.6065630870902678,0.30698038382091997,449,2,4,0,21842,15.0,48,-0.04658484699343268,0.08030989176221598,85,559,93,51
Whole universe,r00_r06,r00,r06,both,678,662,209,227,-0.04836959947578373,-0.7148223347138171,-0.37381719979832534,208,4,20,5,14978,10.0,26,-0.12360791964605627,0.0,44,269,88,37
Whole universe,r00_r07,r00,r07,both,678,662,434,482,0.03397634073436362,-0.5985110814875103,0.31894705841016224,439,2,4,0,22235,15.0,48,-0.047989079203731855,0.08101612203109188,39,562,65,23
Whole universe,r00_r08,r00,r08,both,678,662,345,388,0.0048188857417117426,-0.6260031715006522,0.013657242712325268,350,3,6,1,19355,13.0,30,-0.07883672161587973,0.050387593138663256,71,513,124,61
Whole universe,r00_r09,r00,r09,both,678,662,470,518,0.041937636301647374,-0.5907503651250594,0.45920013624767186,472,1,4,0,23021,16.0,50,-0.03782647404840478,0.0897589568211819,61,579,53,23
Whole universe,r00_r10,r00,r10,both,678,662,468,515,0.041941826803661986,-0.5968863475051505,0.4283410325176782,470,2,4,0,22662,15.0,54,-0.037750970958614904,0.09034815522837136,69,572,52,25
Whole universe,r00_r11,r00,r11,both,678,662,448,496,0.034739001218504484,-0.6010265159003726,0.3760120505549852,456,2,4,1,21311,14.0,47,-0.044006580118289174,0.08161425252384025,86,565,95,52
Whole universe,r00_r12,r00,r12,both,678,662,225,247,-0.04320923537285931,-0.7040995265189685,-0.37386817765559566,222,4,25,4,14760,9.0,28,-0.12182329955235205,5.551115123125783e-17,45,327,91,37
Whole universe,r00_r13,r00,r13,both,678,662,447,495,0.03610486654987621,-0.5974201223924731,0.36866284337392463,447,2,6,0,21847,15.0,50,-0.04555181866567326,0.0817387981333183,41,562,66,22
Whole universe,r00_r14,r00,r14,both,678,662,349,397,0.004364712861106734,-0.6263785988477537,0.028013233413635596,349,3,12,0,19105,13.0,31,-0.07770125928823463,0.05297356916051449,69,518,129,56
Whole universe,r00_r15,r00,r15,both,678,662,477,520,0.04188218959731993,-0.5886321840218868,0.4793048391669784,476,1,5,1,22644,15.0,49,-0.0381521652179318,0.08997209703611964,58,579,54,23
Whole universe,r00_r16,r00,r16,both,678,662,479,515,0.04314088829485507,-0.5955573096709408,0.4337035909558019,473,2,5,1,22379,15.0,53,-0.03779388971910702,0.09034815522837136,70,571,57,27
Whole universe,r00_r17,r00,r17,both,678,662,457,491,0.03678325322029463,-0.5952115200412134,0.38144397821616527,458,2,6,1,21049,14.0,52,-0.042902898991585836,0.08136999775494741,90,563,99,53
Whole universe,r00_r18,r00,r18,both,678,662,333,369,-0.0031544263580836063,-0.6534815026422776,-0.0035312779643292824,321,5,393,8,13605,4.0,68,-0.07847133258294625,0.045238518619002244,82,464,115,64
Whole universe,r00_r19,r00,r19,both,678,662,514,543,0.054992655699283244,-0.5653747563246998,0.6825844067827904,520,2,163,0,16708,6.0,94,-0.02676028150373455,0.10589549549969268,85,587,89,45
Whole universe,r00_r20,r00,r20,both,678,662,480,502,0.036838434344201976,-0.5798868662374074,0.41071537593383856,470,2,228,0,15503,5.0,73,-0.04598650353489764,0.0800919367481771,86,555,120,68
Whole universe,r00_r21,r00,r21,both,678,662,532,555,0.06415152347428876,-0.5533804725924112,0.8205144903104123,529,2,148,1,17012,6.0,123,-0.01781399644778736,0.10846065790776316,136,594,83,58
Whole universe,r00_r22,r00,r22,both,678,662,532,548,0.06337648053967238,-0.5559533324091896,0.8179640589411532,530,2,155,1,16910,6.0,119,-0.01794961501348069,0.10850618473845808,135,594,85,56
Whole universe,r00_r23,r00,r23,both,678,662,525,545,0.057364641875885414,-0.5598815849417211,0.7354883078154758,519,2,183,1,16376,6.0,99,-0.023599843757936112,0.10526761124754452,129,586,114,72
Whole universe,r00_r24,r00,r24,both,678,662,465,514,0.04217104067104405,-0.5968863475051505,0.44233405352832156,470,2,4,0,22749,16.0,56,-0.037750970958614904,0.09034815522837136,69,572,53,25
Whole universe,r01_r00,r01,r00,both,678,662,37,54,-0.1248287268123755,-0.8003662629076651,-0.7280732389618535,27,1,3,4,35726,25.0,14,-0.1494727742598781,-0.05375250433378126,27,135,29,13
Whole universe,r01_r01,r01,r01,both,678,662,105,202,-0.06967649529909387,-0.7146719888714612,-0.5153917886368891,93,1,2,1,68166,50.0,16,-0.09841130650817559,0.0,16,0,17,8
Whole universe,r01_r02,r01,r02,both,678,662,69,112,-0.0973684031648232,-0.759341717587478,-0.6278490856146006,63,1,2,3,50602,36.0,17,-0.12659679681080682,-0.030357893926168833,39,193,51,25
Whole universe,r01_r03,r01,r03,both,678,662,127,238,-0.06151590388365369,-0.6991669655683186,-0.4583018430815896,112,1,1,0,72678,53.0,16,-0.09067498923299194,0.010520314114900897,13,424,10,2
Whole universe,r01_r04,r01,r04,both,678,662,121,230,-0.06407531252173071,-0.6995468518930635,-0.4505563200845375,113,1,1,1,71447,52.0,17,-0.09265715701061467,0.007743087258389292,17,399,12,4
Whole universe,r01_r05,r01,r05,both,678,662,131,197,-0.0747437081659515,-0.7218811268756102,-0.5189080777658284,113,1,1,1,65018,45.0,24,-0.10105344574702152,-0.00180289397624539,30,314,25,10
Whole universe,r01_r06,r01,r06,both,678,662,44,65,-0.11118687009164602,-0.769364845959862,-0.6795176014628954,37,1,4,5,34519,21.0,14,-0.1385741714002413,-0.03907038336473673,37,164,44,26
Whole universe,r01_r07,r01,r07,both,678,662,133,238,-0.054597976271162196,-0.6812205366851538,-0.42451730425723383,122,1,2,1,62049,39.0,12,-0.0836942683111701,0.01540439418170697,24,486,20,9
Whole universe,r01_r08,r01,r08,both,678,662,78,142,-0.08342350787565173,-0.7186623633804525,-0.5573077583688073,69,1,2,4,48836,29.0,13,-0.11247737057111029,-0.015474440308300808,37,256,52,26
Whole universe,r01_r09,r01,r09,both,678,662,149,288,-0.04809814530567996,-0.6771133509192733,-0.37106503346464303,144,1,2,0,65410,41.0,22,-0.07453683017410384,0.023168557514104793,19,505,12,2
Whole universe,r01_r10,r01,r10,both,678,662,157,286,-0.04621332552036883,-0.6809259469989652,-0.3594140511514538,152,1,2,1,64522,41.0,20,-0.07726566570958415,0.021776918183580074,22,496,15,6
Whole universe,r01_r11,r01,r11,both,678,662,159,239,-0.05662184465643366,-0.6893814962790068,-0.4093851261883543,142,1,2,3,59682,36.0,21,-0.08411296101653565,0.01461800498160154,36,440,40,17
Whole universe,r01_r12,r01,r12,both,678,662,85,113,-0.08673129987246025,-0.7316632938994634,-0.5761352406706504,69,1,13,4,35245,12.0,25,-0.11243037914616166,-0.015399189167992322,38,265,51,28
Whole universe,r01_r13,r01,r13,both,678,662,235,357,-0.023653866332775497,-0.6070998291726715,-0.18920372835441412,222,1,3,0,51545,21.0,35,-0.052385162062173585,0.04523940029908219,38,566,33,13
Whole universe,r01_r14,r01,r14,both,678,662,151,245,-0.05204575658352362,-0.6516935232042429,-0.3773059662372506,135,1,5,1,45085,17.0,21,-0.07893276470599114,0.01797425310254236,44,428,71,31
Whole universe,r01_r15,r01,r15,both,678,662,269,396,-0.01763776439942466,-0.5983972706009772,-0.14074522680969687,259,1,3,1,53210,22.0,49,-0.044243032127894044,0.05506858503236173,45,571,27,12
Whole universe,r01_r16,r01,r16,both,678,662,259,393,-0.018774786058876725,-0.5970588725091416,-0.13813272323045883,254,1,3,1,52779,21.0,40,-0.04500474703640267,0.054342710432758734,49,570,33,14
Whole universe,r01_r17,r01,r17,both,678,662,250,355,-0.025223259587092595,-0.6089892854020813,-0.18639814979507224,238,1,3,1,50324,19.0,38,-0.05034036935560965,0.04666359594521524,59,549,54,26
Whole universe,r01_r18,r01,r18,both,678,662,204,282,-0.03842159309591903,-0.6405857594489501,-0.2713975842810257,182,1,344,7,37470,4.0,64,-0.06608812727299274,0.030241731911699654,88,443,77,59
Whole universe,r01_r19,r01,r19,both,678,662,368,464,0.0031984262512908535,-0.539081808822563,0.05924491020240763,342,1,111,0,43797,7.0,105,-0.024679214761134938,0.07235412870194047,105,612,87,53
Whole universe,r01_r20,r01,r20,both,678,662,312,413,-0.008827503283674099,-0.5634992065947356,-0.07259540420350369,295,1,183,0,41395,6.0,72,-0.03922762932979329,0.06001777717204121,99,575,102,64
Whole universe,r01_r21,r01,r21,both,678,662,387,497,0.008141234337541214,-0.530615739490418,0.0912392508838148,366,1,98,1,44335,7.0,141,-0.019057440176640794,0.08039027060520859,138,608,88,61
Whole universe,r01_r22,r01,r22,both,678,662,389,494,0.008188274424540731,-0.5349029514362516,0.08024763875425334,364,1,103,1,44190,7.0,141,-0.019592976283214103,0.07903359957746814,140,607,91,61
Whole universe,r01_r23,r01,r23,both,678,662,366,471,0.0027511354849923952,-0.5404657315511443,0.055388296368713674,345,1,133,1,43317,7.0,107,-0.021977747914409318,0.0732317823687283,142,606,112,74
Whole universe,r01_r24,r01,r24,both,678,662,158,288,-0.04669687947737694,-0.680321541001612,-0.3640173959409836,150,1,2,1,64619,41.0,19,-0.07733473738612201,0.021939181089711712,22,496,15,6
Whole universe,r02_r00,r02,r00,both,678,662,124,149,-0.0781966269482896,-0.751020431746273,-0.5636247697755308,130,2,6,7,22342,16.0,17,-0.1447625733668308,-0.040217118038663346,39,180,66,31
Whole universe,r02_r01,r02,r01,both,678,662,345,405,0.006705957235798143,-0.6496848840530232,0.01758988538402373,352,2,2,1,34261,26.0,27,-0.06658553337050332,0.03640670865951412,43,478,49,20
Whole universe,r02_r02,r02,r02,both,678,662,237,284,-0.02928376971125024,-0.6782412908237153,-0.29216611349808125,242,3,3,2,28843,21.0,25,-0.10305187393765392,0.0,42,0,104,37
Whole universe,r02_r03,r02,r03,both,678,662,374,434,0.01823215639298148,-0.6308707664443229,0.08453596482147363,395,1,2,0,35215,26.0,43,-0.05465682351155404,0.04769986222014044,46,511,41,20
Whole universe,r02_r04,r02,r04,both,678,662,372,433,0.017662303682055125,-0.6375160234015544,0.11463048936776632,385,1,4,0,34558,25.0,45,-0.05546237181698538,0.045547048285422,51,503,45,24
Whole universe,r02_r05,r02,r05,both,678,662,348,406,0.010368334895383358,-0.652923429202779,0.042455432935433746,355,1,4,0,32608,24.0,40,-0.06185494290145899,0.03991650036754052,54,498,72,30
Whole universe,r02_r06,r02,r06,both,678,662,138,159,-0.07025001794851948,-0.7342767902883005,-0.5481289958813225,141,2,7,7,21302,14.0,21,-0.1353582544062758,-0.030130427917729463,37,193,67,31
Whole universe,r02_r07,r02,r07,both,678,662,370,427,0.013787944488847792,-0.6304442361782108,0.08136601581318759,378,2,3,1,31795,22.0,31,-0.05829672561258198,0.045487022873799576,48,508,60,26
Whole universe,r02_r08,r02,r08,both,678,662,249,306,-0.020502238090916614,-0.6612453391884399,-0.21285032838394086,258,3,3,2,27660,18.0,21,-0.09541508879438704,0.008304977276732184,41,427,104,37
Whole universe,r02_r09,r02,r09,both,678,662,398,455,0.023175626198484678,-0.6175481796566259,0.13989669639299462,410,1,4,0,32702,23.0,49,-0.04713941591295201,0.05558430834175859,51,530,40,16
Whole universe,r02_r10,r02,r10,both,678,662,399,447,0.022001458842851873,-0.6238120581074321,0.15180100484278125,407,1,4,0,32246,22.0,51,-0.046927039536824866,0.05460073909614921,59,524,39,23
Whole universe,r02_r11,r02,r11,both,678,662,372,415,0.011956655023505625,-0.6259885487299777,0.10017725118719822,379,1,4,1,30599,21.0,41,-0.05544223489349853,0.04812008444589477,65,516,80,37
Whole universe,r02_r12,r02,r12,both,678,662,176,198,-0.057483541774701885,-0.7113108784434788,-0.4557078120489348,178,2,18,3,20265,11.0,25,-0.12218021138965673,-0.017339766754198294,42,246,76,36
Whole universe,r02_r13,r02,r13,both,678,662,403,450,0.02200515889068977,-0.6049180798509617,0.19277133962626714,408,1,4,0,28956,17.0,43,-0.05098738875888775,0.05293871774396858,57,529,69,29
Whole universe,r02_r14,r02,r14,both,678,662,305,343,-0.0072937152101056335,-0.6273450746347362,-0.0924384684704822,308,3,6,1,25633,15.0,28,-0.07811946369117251,0.026841026680092084,55,494,107,43
Whole universe,r02_r15,r02,r15,both,678,662,426,477,0.030394418494783082,-0.6066104089352067,0.2460022655429963,431,1,4,1,29897,18.0,54,-0.04053622185825678,0.05953977873424826,54,543,45,21
Whole universe,r02_r16,r02,r16,both,678,662,422,462,0.0279906651491727,-0.6026156066181931,0.2511274334482768,424,1,4,1,29595,18.0,56,-0.040441024841665785,0.0592494320592265,57,532,50,25
Whole universe,r02_r17,r02,r17,both,678,662,403,452,0.026202757306270974,-0.594235875312202,0.21193066187246756,408,1,4,1,28048,16.0,59,-0.047969432889744146,0.05527347606767674,77,541,93,46
Whole universe,r02_r18,r02,r18,both,678,662,310,350,-0.00631952235950245,-0.6477410721912529,-0.05962751801048177,305,3,344,7,19029,4.0,68,-0.0762166207259885,0.025390697231774284,76,436,98,58
Whole universe,r02_r19,r02,r19,both,678,662,481,517,0.044079546621719645,-0.5668117594718644,0.5122022389864378,484,1,111,0,22626,7.0,93,-0.026561311481902994,0.0740520910955681,110,562,107,70
Whole universe,r02_r20,r02,r20,both,678,662,441,477,0.029404299867766825,-0.5810733198500238,0.2655448990022461,429,1,181,0,21201,6.0,71,-0.04183190702004669,0.05778185267785835,96,557,120,69
Whole universe,r02_r21,r02,r21,both,678,662,491,528,0.05148354923922349,-0.555482107215997,0.5806867078593055,494,1,98,1,22964,7.0,131,-0.019960356980368077,0.08153437078721837,142,573,88,61
Whole universe,r02_r22,r02,r22,both,678,662,485,528,0.050402701686831586,-0.55953001689397,0.5569386718078891,491,1,103,1,22858,7.0,133,-0.020145384683510126,0.08261334897637473,141,568,93,64
Whole universe,r02_r23,r02,r23,both,678,662,485,514,0.04773221139814798,-0.555392993297988,0.5025202054696051,483,1,133,1,22217,7.0,107,-0.0239110561282867,0.07768080953870232,143,559,126,82
Whole universe,r02_r24,r02,r24,both,678,662,397,451,0.02234195009624307,-0.6222183466736902,0.13265359251236364,407,1,4,0,32335,22.0,50,-0.04673834555516204,0.05460073909614921,58,523,38,22
Whole universe,r03_r00,r03,r00,both,678,662,27,35,-0.13468507243519756,-0.815670492281227,-0.7501982006856821,19,1,1,4,39568,28.0,14,-0.1506178731660302,-0.05499883273816164,26,147,25,15
Whole universe,r03_r01,r03,r01,both,678,662,55,142,-0.08910613375548398,-0.7376442015999771,-0.6013882890907347,47,1,1,2,77297,57.0,13,-0.10365984736736772,-0.009281088341483945,13,243,13,3
Whole universe,r03_r02,r03,r02,both,678,662,35,61,-0.11504630240017422,-0.7814704432144046,-0.6819468453034754,29,1,1,3,55826,40.0,11,-0.12713720140010581,-0.03533657742906471,36,179,30,20
Whole universe,r03_r03,r03,r03,both,678,662,85,178,-0.08442068521681478,-0.721183487068118,-0.5725280145834389,80,0,1,0,83210,61.0,18,-0.09647363740768966,0.0,16,0,9,4
Whole universe,r03_r04,r03,r04,both,678,662,79,181,-0.0882616577516836,-0.7328100370926951,-0.5736965001444093,78,0,1,1,81731,60.0,22,-0.09910559480175363,-0.0021014063264011007,20,257,10,6
Whole universe,r03_r05,r03,r05,both,678,662,68,157,-0.09817908756156779,-0.7488533109088783,-0.6175577307038017,65,0,1,1,73709,52.0,20,-0.10976872052507325,-0.009067405588850552,34,258,25,16
Whole universe,r03_r06,r03,r06,both,678,662,35,48,-0.12037386346227757,-0.7866581382964746,-0.7119843688134208,26,1,3,5,38051,21.0,17,-0.13394766043118744,-0.040617479085423625,43,194,36,27
Whole universe,r03_r07,r03,r07,both,678,662,80,190,-0.0705890257179757,-0.6873898212161075,-0.5021068862862139,79,1,2,2,68403,41.0,13,-0.08223498879117985,0.009544399295695616,19,407,16,5
Whole universe,r03_r08,r03,r08,both,678,662,44,96,-0.09426943164999652,-0.7362910591526269,-0.5975250147184619,39,1,2,4,53656,31.0,15,-0.11135331669095433,-0.01236122789866445,39,264,36,19
Whole universe,r03_r09,r03,r09,both,678,662,107,238,-0.06315692538237472,-0.6770365999998122,-0.46407164770240333,99,0,1,0,72264,44.0,21,-0.07648283290832641,0.018940340347210427,18,497,14,5
Whole universe,r03_r10,r03,r10,both,678,662,103,228,-0.06355173153247262,-0.6857757401156443,-0.4773269008737186,101,0,1,1,71309,43.0,20,-0.07883218502866984,0.017804763004837132,21,484,15,7
Whole universe,r03_r11,r03,r11,both,678,662,102,206,-0.07130185399966421,-0.6958777433935988,-0.5058730796463066,96,1,1,3,65908,38.0,25,-0.08617119214985058,0.01111296711779275,37,391,35,20
Whole universe,r03_r12,r03,r12,both,678,662,61,91,-0.09599337590935425,-0.7451179542564395,-0.6133586769583441,50,1,12,4,39455,12.0,24,-0.10827344199848682,-0.015529533596983391,35,271,35,23
Whole universe,r03_r13,r03,r13,both,678,662,188,319,-0.03495006743290924,-0.5983929958611274,-0.2810826725836814,173,1,3,0,57072,21.0,34,-0.05186384007758671,0.04158811558405634,36,554,24,14
Whole universe,r03_r14,r03,r14,both,678,662,118,202,-0.06235526010964709,-0.6489649286390144,-0.43941725067895154,95,1,5,1,50083,17.0,18,-0.07825104319954218,0.016008408311575184,45,418,60,27
Whole universe,r03_r15,r03,r15,both,678,662,214,349,-0.027976419708001132,-0.5977513736409575,-0.2333838595800472,195,0,3,1,58833,22.0,48,-0.0432826108378781,0.05055468224955845,45,589,20,6
Whole universe,r03_r16,r03,r16,both,678,662,212,354,-0.029276996048340276,-0.6022674393798786,-0.23276059933459003,197,0,3,1,58395,21.0,40,-0.04411216893903275,0.04976764099854547,50,586,23,8
Whole universe,r03_r17,r03,r17,both,678,662,198,324,-0.03725799230756088,-0.6012113592962578,-0.26616942795109233,188,1,3,1,55814,19.0,33,-0.04965411861422386,0.04399608111499598,59,548,50,25
Whole universe,r03_r18,r03,r18,both,678,662,161,242,-0.04887886894611754,-0.647338551182419,-0.3603796524132085,148,1,344,7,42535,4.0,64,-0.06380940471033913,0.02755331338825806,79,439,63,49
Whole universe,r03_r19,r03,r19,both,678,662,309,437,-0.008916288139311557,-0.5254074425390383,-0.0488891561985183,280,1,111,0,49416,7.0,110,-0.024564587143047267,0.0731284712051008,104,609,75,49
Whole universe,r03_r20,r03,r20,both,678,662,249,368,-0.02019139780707513,-0.5603808646840475,-0.13893899810800975,235,1,183,0,46812,6.0,72,-0.03854092561927902,0.05540726438430382,92,573,87,57
Whole universe,r03_r21,r03,r21,both,678,662,335,461,-0.004676227142284384,-0.5193026459892509,-0.007088566877070046,305,1,98,1,49984,7.0,144,-0.01885844386812252,0.07683119923230486,139,618,72,50
Whole universe,r03_r22,r03,r22,both,678,662,333,454,-0.005586113947642413,-0.5237416643931598,-0.005772866251161579,306,1,103,1,49839,7.0,146,-0.01958964109093697,0.07665070548483555,141,616,71,50
Whole universe,r03_r23,r03,r23,both,678,662,320,438,-0.006265555088110775,-0.5298596946731511,-0.030728523579813705,295,1,133,1,48931,7.0,110,-0.020860743070960863,0.0738576193080488,137,605,90,61
Whole universe,r03_r24,r03,r24,both,678,662,107,225,-0.0632821465428971,-0.6867446906953962,-0.4768879171469969,101,0,1,1,71415,43.0,20,-0.07900761383618615,0.01787899301388074,22,488,15,7
Whole universe,r04_r00,r04,r00,both,678,662,23,31,-0.1319034496604537,-0.8133876505143383,-0.762048734595266,23,1,1,4,38266,28.0,14,-0.14916867906249426,-0.05322054449797703,28,145,28,18
Whole universe,r04_r01,r04,r01,both,678,662,52,139,-0.08670999467821383,-0.7444873392988708,-0.6144707505524714,56,1,1,2,74972,56.0,15,-0.10223710740926695,-0.00714314254254933,14,281,13,4
Whole universe,r04_r02,r04,r02,both,678,662,31,54,-0.11190409353535102,-0.7740775225722336,-0.6980288242865549,29,1,1,3,54062,39.0,13,-0.128355329827179,-0.033619695844146036,38,191,36,21
Whole universe,r04_r03,r04,r03,both,678,662,82,170,-0.08244989967992611,-0.7246817802846571,-0.5782085020899811,83,0,1,0,80716,61.0,18,-0.09685724551371055,0.002005516244809158,17,403,8,5
Whole universe,r04_r04,r04,r04,both,678,662,82,169,-0.08318003693654308,-0.7324216640514918,-0.5820945281237802,86,0,1,1,79234,59.0,23,-0.09869089675742665,0.0,22,0,11,8
Whole universe,r04_r05,r04,r05,both,678,662,63,145,-0.0950733783177738,-0.7447891284855939,-0.6157915983373679,69,0,1,1,71403,52.0,23,-0.10863140418971873,-0.009779953187340706,34,264,27,17
Whole universe,r04_r06,r04,r06,both,678,662,27,44,-0.12062181639288777,-0.7848852168368959,-0.7176838787461268,26,1,3,5,36677,21.0,19,-0.1341436387763021,-0.04265055337122725,43,192,35,27
Whole universe,r04_r07,r04,r07,both,678,662,77,175,-0.06597160686812553,-0.6875925528322328,-0.5161497734069536,86,1,2,2,66203,41.0,14,-0.08262783746180125,0.009982818680310312,21,400,16,7
Whole universe,r04_r08,r04,r08,both,678,662,37,81,-0.0916979554110367,-0.7340183300021037,-0.6114684237150609,39,1,2,4,51817,31.0,15,-0.11129107637798291,-0.01458061732762228,40,268,42,21
Whole universe,r04_r09,r04,r09,both,678,662,97,210,-0.05925636815565344,-0.6773448044447574,-0.4694353947153315,107,0,1,0,69987,44.0,21,-0.07587719587135677,0.01952042137598986,19,488,17,5
Whole universe,r04_r10,r04,r10,both,678,662,102,201,-0.0626446597557086,-0.6863068026635426,-0.4752178613217133,104,0,1,1,69042,43.0,20,-0.07805527712330079,0.018382504713080616,24,485,17,8
Whole universe,r04_r11,r04,r11,both,678,662,94,187,-0.06845535487651877,-0.6948459948766883,-0.5094755429492892,108,1,1,3,63732,38.0,24,-0.086709407304913,0.01166221777408577,35,396,36,19
Whole universe,r04_r12,r04,r12,both,678,662,54,80,-0.0934487877891435,-0.7396763206915734,-0.6276429840768163,51,1,12,4,37798,12.0,22,-0.11065753560604608,-0.015502834030764578,40,274,41,28
Whole universe,r04_r13,r04,r13,both,678,662,175,299,-0.03366622709061551,-0.6014722287304726,-0.3008871986226017,182,1,3,0,54847,21.0,34,-0.05236263767245963,0.04200270755950475,38,547,26,12
Whole universe,r04_r14,r04,r14,both,678,662,99,184,-0.05806805065782927,-0.6542203566634994,-0.4528436918943361,104,1,5,1,48061,17.0,16,-0.07814212197738862,0.016125991284584695,46,407,64,30
Whole universe,r04_r15,r04,r15,both,678,662,197,332,-0.029163996350723365,-0.5925297318496914,-0.2642935567905763,207,0,3,1,56567,22.0,46,-0.043207769806441365,0.050646637501351455,44,581,18,6
Whole universe,r04_r16,r04,r16,both,678,662,195,327,-0.02891549856711595,-0.6004144135882955,-0.256866309122297,205,0,3,1,56135,21.0,40,-0.044224946885645766,0.05068173179086488,52,584,23,9
Whole universe,r04_r17,r04,r17,both,678,662,182,312,-0.033090449208371786,-0.6014164063279828,-0.27447750012827166,192,1,3,1,53610,19.0,34,-0.050083403348770206,0.04438147433202794,63,551,51,25
Whole universe,r04_r18,r04,r18,both,678,662,152,236,-0.048503103467513964,-0.6398842339818,-0.38933904719221807,152,1,344,7,40497,4.0,66,-0.06269384884319212,0.027657851150810264,79,442,62,47
Whole universe,r04_r19,r04,r19,both,678,662,295,415,-0.006476153093170123,-0.5228389451058288,-0.0803504768231339,303,1,111,0,47149,7.0,107,-0.024384556431478743,0.07186256764921156,106,599,79,50
Whole universe,r04_r20,r04,r20,both,678,662,240,353,-0.017790924964440458,-0.5669035318900526,-0.16666856515314094,242,1,183,0,44609,6.0,71,-0.03861940513561485,0.05721161971981126,92,573,90,57
Whole universe,r04_r21,r04,r21,both,678,662,323,445,-0.0011152329983769027,-0.5234650089150028,-0.026078795945010225,323,1,98,1,47708,7.0,143,-0.01902128111404694,0.07799711523252906,139,619,76,53
Whole universe,r04_r22,r04,r22,both,678,662,316,440,-0.0011328954915105216,-0.5246567629804735,-0.03342467753691397,322,1,103,1,47567,7.0,145,-0.019971931720315694,0.07836120387784018,139,618,77,53
Whole universe,r04_r23,r04,r23,both,678,662,309,415,-0.004633227581202104,-0.5214712645232353,-0.03752681965697763,309,1,133,1,46674,7.0,111,-0.02131260065647289,0.07564635626219857,141,604,91,64
Whole universe,r04_r24,r04,r24,both,678,662,100,204,-0.06248544953868629,-0.6871054571867603,-0.476715771021882,103,0,1,1,69147,43.0,21,-0.07822237555833822,0.018259125019931266,25,486,17,8
Whole universe,r05_r00,r05,r00,both,678,662,35,49,-0.12485924179826718,-0.8032089605558348,-0.7386821582524739,34,1,2,5,33297,25.0,15,-0.1576935656473954,-0.06262227361189626,32,134,33,19
Whole universe,r05_r01,r05,r01,both,678,662,111,191,-0.06493102507137943,-0.7161785844221946,-0.5038811860176772,116,1,2,1,63563,50.0,18,-0.098147675074091,0.00039833404410455353,17,334,22,7
Whole universe,r05_r02,r05,r02,both,678,662,59,101,-0.09453427106098944,-0.7479799472106694,-0.63183278975001,61,1,2,3,47002,36.0,17,-0.13101233965333803,-0.028791662999490097,40,189,51,26
Whole universe,r05_r03,r05,r03,both,678,662,137,240,-0.05797751421001285,-0.6989768106271633,-0.45810209174022454,152,0,1,0,67709,53.0,17,-0.08987240919823397,0.010751499752337634,19,405,15,7
Whole universe,r05_r04,r05,r04,both,678,662,139,243,-0.05523854740588535,-0.7050245370567874,-0.4543630532030784,152,0,1,1,66459,52.0,23,-0.0905030051675883,0.00947858557322484,19,401,14,7
Whole universe,r05_r05,r05,r05,both,678,662,132,223,-0.06690467199532452,-0.7187917667069766,-0.4987903001500838,140,0,1,1,60370,46.0,24,-0.09955138676346559,0.0,38,0,41,23
Whole universe,r05_r06,r05,r06,both,678,662,46,55,-0.10902909978990105,-0.7762655323054817,-0.6970027928079868,39,1,3,5,31943,21.0,16,-0.14228370708547927,-0.048075193291154894,36,163,39,23
Whole universe,r05_r07,r05,r07,both,678,662,133,233,-0.05153791994612056,-0.686598671916769,-0.41724572246327113,134,1,2,1,57503,40.0,14,-0.08306979086874838,0.013192383332693403,20,417,24,8
Whole universe,r05_r08,r05,r08,both,678,662,70,120,-0.08122915711062445,-0.7213793351452245,-0.560339045086367,74,1,2,4,45198,30.0,13,-0.11608018933752823,-0.01759349244100389,38,244,53,25
Whole universe,r05_r09,r05,r09,both,678,662,161,268,-0.0432482041112322,-0.6693456249828394,-0.3574501586171714,182,0,2,0,60613,42.0,20,-0.07566111967825978,0.024421015626963583,20,473,15,7
Whole universe,r05_r10,r05,r10,both,678,662,166,263,-0.047441086073677974,-0.6752604442882355,-0.3762996685862938,181,0,2,1,59747,41.0,20,-0.07747494381798381,0.020718965712167026,29,466,14,9
Whole universe,r05_r11,r05,r11,both,678,662,148,245,-0.053431191619540075,-0.6921500918739403,-0.42507645639884056,163,1,2,3,55169,37.0,21,-0.08665974132716475,0.012835602597898954,41,456,48,24
Whole universe,r05_r12,r05,r12,both,678,662,79,100,-0.08537289807522896,-0.732844208583818,-0.5998594296292528,78,1,12,4,31914,12.0,25,-0.11889208205369617,-0.021526600069522783,39,253,56,31
Whole universe,r05_r13,r05,r13,both,678,662,248,358,-0.018453455805044594,-0.6089296353058298,-0.16721585177894116,246,1,3,0,46601,21.0,36,-0.0543051313604378,0.04431864248063466,39,520,37,19
Whole universe,r05_r14,r05,r14,both,678,662,161,234,-0.04599768036472085,-0.6463354322853546,-0.375994027846738,160,1,5,1,40677,17.0,25,-0.08179306335910075,0.015032795159085288,42,406,87,31
Whole universe,r05_r15,r05,r15,both,678,662,280,383,-0.01129563468435818,-0.6011326246326121,-0.13505953941733378,288,0,3,1,48110,22.0,46,-0.044848181979255164,0.0529213368111951,45,554,32,8
Whole universe,r05_r16,r05,r16,both,678,662,274,373,-0.014186430792665627,-0.6050625727154079,-0.13655042352164365,277,0,3,1,47705,21.0,44,-0.04510487732067736,0.05120063308163908,47,554,35,12
Whole universe,r05_r17,r05,r17,both,678,662,263,352,-0.017607432552638858,-0.6019706564456617,-0.17089015572335992,255,1,3,1,45412,19.0,36,-0.05103619821404576,0.044677829526101054,62,544,62,32
Whole universe,r05_r18,r05,r18,both,678,662,207,271,-0.035496354452232926,-0.6390060345876243,-0.30174463148803116,200,1,344,7,33052,4.0,66,-0.0698322136630336,0.02986037244184664,83,428,84,56
Whole universe,r05_r19,r05,r19,both,678,662,371,452,0.009309961950454193,-0.5415989598601906,0.0918092896494741,374,1,111,0,38710,7.0,110,-0.025090238611453985,0.07701540829470083,103,574,75,48
Whole universe,r05_r20,r05,r20,both,678,662,309,404,-0.0050117298943065935,-0.5653989170867759,-0.058386295153201706,303,1,183,0,36487,6.0,71,-0.03979949921586451,0.061497976632778284,100,544,97,64
Whole universe,r05_r21,r05,r21,both,678,662,396,478,0.013087567429994063,-0.5377351810502281,0.11772648189336288,391,1,98,1,39194,7.0,142,-0.019926492339610247,0.08005789191783302,139,589,71,50
Whole universe,r05_r22,r05,r22,both,678,662,397,476,0.012370807128278205,-0.5399686342085352,0.11358651134892184,394,1,103,1,39066,7.0,144,-0.020125468376432476,0.07983904344316611,137,591,75,51
Whole universe,r05_r23,r05,r23,both,678,662,380,465,0.010338705800929882,-0.5311939603348839,0.09372189642039541,374,1,133,1,38240,7.0,112,-0.022192070082705406,0.07645470943693095,143,590,106,75
Whole universe,r05_r24,r05,r24,both,678,662,164,267,-0.04667429337498852,-0.6770144812291089,-0.3777389898778318,180,0,2,1,59849,41.0,22,-0.0775444049263736,0.02045842007398163,28,466,15,9
Whole universe,r06_r00,r06,r00,both,678,662,183,207,-0.049170258028096825,-0.7101865980205089,-0.4032641617555386,187,4,15,5,15183,12.0,25,-0.12277674620334977,0.0,39,300,68,27
Whole universe,r06_r01,r06,r01,both,678,662,396,446,0.019565321005161507,-0.6098885897927007,0.16231463249006406,414,2,4,1,23012,19.0,43,-0.050566740399085486,0.06796613280008318,38,558,41,19
Whole universe,r06_r02,r06,r02,both,678,662,314,351,-0.0025122192464304693,-0.6400151067293794,-0.054024091760146,322,3,4,2,19429,15.0,32,-0.08191589092698215,0.038769879723148826,50,505,93,37
Whole universe,r06_r03,r06,r03,both,678,662,420,463,0.026110460834110727,-0.6035579376434987,0.23236493006138992,439,1,3,0,23955,20.0,47,-0.044995970719593714,0.07762953514895798,50,559,33,17
Whole universe,r06_r04,r06,r04,both,678,662,419,467,0.027113250786285903,-0.6091602758356196,0.2377895654354275,428,2,4,0,23412,19.0,47,-0.046027400385119877,0.07496936394949383,50,563,34,16
Whole universe,r06_r05,r06,r05,both,678,662,406,447,0.021992289263016884,-0.6131605207353543,0.18540493016770232,418,2,4,0,21831,17.0,42,-0.05172249920432376,0.07072240775389838,46,558,40,19
Whole universe,r06_r06,r06,r06,both,678,662,202,228,-0.047891259914908446,-0.7126700079449917,-0.3951309774864902,200,4,18,5,14630,10.5,23,-0.1194176330936978,0.0,41,0,69,27
Whole universe,r06_r07,r06,r07,both,678,662,413,458,0.02617005683917839,-0.5961214444182446,0.23873870863741964,423,2,4,1,21493,16.0,48,-0.04643235480375274,0.074174380987725,41,561,44,19
Whole universe,r06_r08,r06,r08,both,678,662,318,366,-5.302140204938022e-05,-0.6332313617394362,-0.0341129677506854,331,3,5,2,18736,14.0,28,-0.07853186751890684,0.043668019538376956,51,518,93,41
Whole universe,r06_r09,r06,r09,both,678,662,435,474,0.030893296428299966,-0.5920443060970028,0.2802329543338461,443,1,4,0,22208,17.0,53,-0.03919523461978047,0.08181878030611184,60,568,50,24
Whole universe,r06_r10,r06,r10,both,678,662,432,472,0.030904831390542786,-0.5959009049076904,0.28010351899637875,440,2,4,0,21860,17.0,55,-0.04022859206563123,0.08086901724280404,61,565,50,27
Whole universe,r06_r11,r06,r11,both,678,662,418,458,0.023607410921651972,-0.5970358797515765,0.21868034692716742,428,2,4,1,20653,15.0,49,-0.04565191166810828,0.07574542503088483,49,557,50,27
Whole universe,r06_r12,r06,r12,both,678,662,216,238,-0.04814022751955055,-0.7070200593185123,-0.3844504395363525,212,4,24,4,14239,10.0,26,-0.11518599737519841,0.0,34,264,71,24
Whole universe,r06_r13,r06,r13,both,678,662,424,470,0.02823944902781328,-0.5897727028454891,0.28392537802967177,434,2,5,0,20707,15.0,48,-0.04455409422508694,0.07710474958961577,44,566,47,18
Whole universe,r06_r14,r06,r14,both,678,662,333,373,0.0010608612818652219,-0.6219550730661179,-0.003109817130776793,337,3,8,1,18218,13.0,27,-0.0728399498712829,0.04696554232806638,49,529,96,37
Whole universe,r06_r15,r06,r15,both,678,662,444,482,0.03298123240548978,-0.5873818250701235,0.33077133841194983,451,1,4,1,21363,16.0,51,-0.0395671491513761,0.08196703721845078,63,572,50,25
Whole universe,r06_r16,r06,r16,both,678,662,442,486,0.03253706892119135,-0.5923793407008114,0.3057036852445233,453,2,4,1,21121,16.0,59,-0.03781106505295778,0.0818716258988802,68,566,47,23
Whole universe,r06_r17,r06,r17,both,678,662,426,464,0.0263838944500443,-0.5896524666087478,0.2501468228294459,436,2,5,1,20012,14.0,53,-0.04268906045013493,0.07860593871033889,57,562,52,29
Whole universe,r06_r18,r06,r18,both,678,662,334,361,6.602407535499788e-05,-0.6368910123601671,-0.00046472038777300995,331,5,381,8,12116,4.0,68,-0.07140388342151838,0.040836488042732044,81,479,107,59
Whole universe,r06_r19,r06,r19,both,678,662,506,525,0.049079270739059044,-0.5560248736607196,0.5759913999058166,507,2,143,0,14996,6.0,86,-0.023591975143714472,0.09717764299404474,96,586,76,41
Whole universe,r06_r20,r06,r20,both,678,662,453,479,0.03196582832356287,-0.5676144273768428,0.3564098436215931,451,2,216,0,13872,5.0,68,-0.04189531104650135,0.07841755965222463,73,569,96,52
Whole universe,r06_r21,r06,r21,both,678,662,516,538,0.05385153616235572,-0.5464208258243576,0.6646530008140099,510,2,131,1,15257,7.0,127,-0.01805412636066378,0.09993638096347979,136,594,77,56
Whole universe,r06_r22,r06,r22,both,678,662,513,535,0.05259159774825528,-0.5504658536491971,0.6219424306110743,510,2,140,1,15166,7.0,123,-0.019024267667195893,0.1000192352602502,133,590,73,56
Whole universe,r06_r23,r06,r23,both,678,662,502,530,0.04711266731391961,-0.5515779970933404,0.5805857329259744,501,2,169,1,14701,6.0,102,-0.02217078301541775,0.09557850150894048,119,580,80,52
Whole universe,r06_r24,r06,r24,both,678,662,430,473,0.030904831390542786,-0.5952367115594607,0.26589477847555765,441,2,4,0,21950,17.0,57,-0.04015446328772887,0.08086901724280404,60,565,50,26
Whole universe,r07_r00,r07,r00,both,678,662,39,52,-0.12559636546483055,-0.802228296374152,-0.7235656075740179,31,1,3,4,34819,26.0,14,-0.14398407693165982,-0.06898705700113322,25,109,17,10
Whole universe,r07_r01,r07,r01,both,678,662,94,168,-0.07920274170704472,-0.7092820826991288,-0.5485650085173563,87,1,2,1,63466,51.0,19,-0.09483645604010899,-0.015304124885046455,16,170,3,1
Whole universe,r07_r02,r07,r02,both,678,662,61,89,-0.10349500866314065,-0.7559588926242715,-0.6494292536590281,55,1,2,3,47704,36.0,15,-0.12376020187549824,-0.044307659624033435,29,145,28,17
Whole universe,r07_r03,r07,r03,both,678,662,110,187,-0.07417780022845782,-0.7049157653508986,-0.5193635777182001,96,1,1,0,66647,55.0,21,-0.09194495497091065,-0.009064945809314329,14,250,3,1
Whole universe,r07_r04,r07,r04,both,678,662,107,178,-0.07224548204797016,-0.7093540678583536,-0.5121598465461117,92,1,1,1,65507,54.0,18,-0.09242662582520556,-0.010566548598204939,14,245,6,2
Whole universe,r07_r05,r07,r05,both,678,662,103,173,-0.08403745369996762,-0.7226135824272634,-0.5495499877462822,91,1,1,1,60550,47.0,27,-0.09767684443907465,-0.019419496333753894,18,182,2,1
Whole universe,r07_r06,r07,r06,both,678,662,42,63,-0.11347844508453342,-0.7721620602146583,-0.6851083092748629,38,1,4,5,32761,21.0,12,-0.13179683081687527,-0.05399520218274806,30,118,22,14
Whole universe,r07_r07,r07,r07,both,678,662,112,193,-0.059968435615661675,-0.6671269362048715,-0.4596533006390933,103,1,2,1,56040,40.0,12,-0.07906378893583382,0.0,17,0,8,2
Whole universe,r07_r08,r07,r08,both,678,662,64,112,-0.08836655128395215,-0.721529783536823,-0.5910157273259737,60,1,2,4,44899,30.0,12,-0.1099406611655232,-0.02895800074270477,21,174,17,11
Whole universe,r07_r09,r07,r09,both,678,662,129,221,-0.05577912073849539,-0.6585778557778385,-0.42847840210975124,118,1,2,0,58089,42.0,18,-0.07413588604598753,0.006046425691172919,16,422,7,2
Whole universe,r07_r10,r07,r10,both,678,662,132,224,-0.05420314896953271,-0.6628151495183179,-0.42073699095326705,120,1,2,1,57336,41.0,19,-0.07392569829650841,0.005249623570839468,18,401,8,2
Whole universe,r07_r11,r07,r11,both,678,662,123,203,-0.06608113524985937,-0.6763293424241319,-0.47447346068034457,121,1,2,3,54043,37.0,23,-0.08165916453330346,-0.0021799719207554746,20,304,7,2
Whole universe,r07_r12,r07,r12,both,678,662,75,96,-0.08807767551833129,-0.7246258958809298,-0.5907854197644943,60,1,12,4,31057,12.0,23,-0.10957239193433105,-0.027485051044752018,39,211,33,21
Whole universe,r07_r13,r07,r13,both,678,662,197,309,-0.03007919481997451,-0.5849029666243803,-0.2448016411965746,192,1,3,0,44214,21.0,31,-0.04878039993675454,0.029047715981822486,34,526,21,12
Whole universe,r07_r14,r07,r14,both,678,662,129,207,-0.054041155304160704,-0.6308706606586394,-0.397769614847292,118,1,5,1,39041,17.0,15,-0.07444028927491575,0.006025132790654142,39,377,45,16
Whole universe,r07_r15,r07,r15,both,678,662,222,337,-0.024214131394979743,-0.5792436055521392,-0.20760092365317095,207,1,3,1,45194,22.0,45,-0.043612902296208844,0.03525292020185039,38,538,28,13
Whole universe,r07_r16,r07,r16,both,678,662,222,334,-0.02621736874942837,-0.5823669794790355,-0.20480332368232557,212,1,3,1,44850,21.0,42,-0.04524152046725921,0.0338110976426525,46,533,29,13
Whole universe,r07_r17,r07,r17,both,678,662,202,293,-0.034443764937389154,-0.5921314678371238,-0.26416380682453366,197,1,3,1,43229,19.0,42,-0.050419971684681264,0.028736354916210127,37,509,28,17
Whole universe,r07_r18,r07,r18,both,678,662,178,249,-0.04237378028118749,-0.6153604737248181,-0.3028384665116245,164,1,344,7,30615,4.0,64,-0.06141753353706453,0.01775183934545721,78,408,45,39
Whole universe,r07_r19,r07,r19,both,678,662,341,423,-0.0005436425513182241,-0.5185998787143035,0.003977050984989905,330,1,111,0,35674,7.0,104,-0.022007095487997175,0.05439708158204298,109,605,54,43
Whole universe,r07_r20,r07,r20,both,678,662,277,358,-0.015132232573907667,-0.5390973541042765,-0.11241166719435902,267,1,183,0,33775,6.0,68,-0.03626889743081019,0.04377549986002921,83,547,60,42
Whole universe,r07_r21,r07,r21,both,678,662,361,444,0.003114302642341693,-0.5023932259888013,0.031243071763765617,342,1,98,1,35992,7.0,145,-0.017710338695104133,0.060692208864736974,142,603,73,55
Whole universe,r07_r22,r07,r22,both,678,662,356,442,0.0019361697106509146,-0.5031304276770572,0.026679375302635644,340,1,103,1,35886,7.0,140,-0.01905174977880364,0.05955205464966168,140,604,71,54
Whole universe,r07_r23,r07,r23,both,678,662,334,430,-0.001801200475004372,-0.5128790673875028,-0.003045441872525978,322,1,133,1,35296,7.0,106,-0.02026865333623834,0.05701932489542316,117,598,63,44
Whole universe,r07_r24,r07,r24,both,678,662,131,224,-0.054325506873193874,-0.6628151495183179,-0.42172820912134706,120,1,2,1,57438,41.0,20,-0.07398616321209628,0.005420735350698369,18,399,8,2
Whole universe,r08_r00,r08,r00,both,678,662,114,133,-0.07999980266247264,-0.7601846271098882,-0.5695314233569755,119,2,6,8,22247,17.0,18,-0.134968105159266,-0.04240249970400878,37,156,38,23
Whole universe,r08_r01,r08,r01,both,678,662,295,361,-0.006719544830296187,-0.6492927635066275,-0.10263813687914525,311,2,2,1,34863,29.0,27,-0.06516233282741768,0.020791311647417432,32,432,19,12
Whole universe,r08_r02,r08,r02,both,678,662,210,247,-0.037747034505487886,-0.6875372156799845,-0.3410561021015457,218,2,2,2,28689,23.0,24,-0.09831378132464169,-0.00878292676537512,42,221,57,26
Whole universe,r08_r03,r08,r03,both,678,662,321,377,0.001742082782950849,-0.6370920163682159,-0.05824992073473767,339,1,2,0,36289,31.0,33,-0.058934421281615745,0.025780990268881865,26,456,17,10
Whole universe,r08_r04,r08,r04,both,678,662,324,381,0.003368832749816586,-0.6454598711452268,-0.024108564233692675,346,1,2,0,35509,29.5,35,-0.05929326133742757,0.026468863597546022,30,451,17,8
Whole universe,r08_r05,r08,r05,both,678,662,298,353,-0.00844758040820276,-0.6589378887901032,-0.12476220901972657,312,1,2,0,33117,26.0,36,-0.06789165524886687,0.024135068298334006,34,434,14,6
Whole universe,r08_r06,r08,r06,both,678,662,122,150,-0.075116209557824,-0.7400753537319711,-0.5613465337544141,134,2,6,8,20897,14.0,23,-0.12605350847672975,-0.03383524325875692,36,168,47,25
Whole universe,r08_r07,r08,r07,both,678,662,331,386,0.0009254497982592591,-0.6294574852001931,-0.02086792310405927,333,2,2,1,31441,24.0,29,-0.05684588786910583,0.02986183028345063,39,492,31,16
Whole universe,r08_r08,r08,r08,both,678,662,219,265,-0.029674795339813487,-0.6645192315152251,-0.27437142017572896,228,2,3,2,27018,19.0,17,-0.0875329411062824,0.0,38,0,52,23
Whole universe,r08_r09,r08,r09,both,678,662,346,403,0.007814689060614999,-0.6208379769339326,0.023730342221410683,358,1,2,0,32441,25.0,42,-0.050379055565454633,0.03570576050243973,37,510,30,13
Whole universe,r08_r10,r08,r10,both,678,662,343,404,0.006701412597533429,-0.6232246412216614,0.014539483258962926,355,1,3,0,31940,24.0,41,-0.051739364960441014,0.034488046236751335,41,498,30,11
Whole universe,r08_r11,r08,r11,both,678,662,325,378,0.0018383616285463367,-0.636228690455988,-0.02395966809135186,336,1,3,1,30245,22.0,39,-0.05753006718454634,0.029689076438809858,45,496,36,16
Whole universe,r08_r12,r08,r12,both,678,662,166,188,-0.06169058251660364,-0.7142593312211132,-0.4726489570063002,174,2,18,3,19343,11.0,24,-0.11217632839083502,-0.021118513392166194,46,214,53,29
Whole universe,r08_r13,r08,r13,both,678,662,377,425,0.010833147007237365,-0.5967225287556357,0.0776566104894032,380,2,4,0,27439,18.0,45,-0.04663420419902309,0.0413012029008602,47,526,37,20
Whole universe,r08_r14,r08,r14,both,678,662,268,316,-0.013393997481246589,-0.621399199603969,-0.18235022461288758,277,2,6,1,24347,15.0,23,-0.07022593847656039,0.017808949155916964,44,502,76,31
Whole universe,r08_r15,r08,r15,both,678,662,389,448,0.018486725484578415,-0.5948725139439486,0.16234297886755455,391,1,3,1,28213,19.0,52,-0.039871244010632134,0.04687374196717636,55,534,39,18
Whole universe,r08_r16,r08,r16,both,678,662,386,446,0.018454334769107184,-0.5953902282012117,0.15074664842087293,391,1,3,1,27921,18.0,58,-0.04086122444570539,0.04599224264962287,54,535,40,22
Whole universe,r08_r17,r08,r17,both,678,662,378,419,0.012037533885747909,-0.6007421826574514,0.0907005570468371,379,1,3,1,26641,17.0,55,-0.043946915579082146,0.04298976041319763,52,531,49,21
Whole universe,r08_r18,r08,r18,both,678,662,286,329,-0.013845080225981743,-0.6338460526056451,-0.10998689212707186,287,3,344,7,17295,4.0,65,-0.0680474997338073,0.020701886760464472,74,421,75,51
Whole universe,r08_r19,r08,r19,both,678,662,452,492,0.035168151896526445,-0.554245918712686,0.35891808484210197,453,2,111,0,20624,7.0,98,-0.022994315043400104,0.06474832111503981,105,577,81,58
Whole universe,r08_r20,r08,r20,both,678,662,423,461,0.021879915096713276,-0.5683509448515277,0.19250431767856613,415,2,181,0,19296,6.0,69,-0.036774590982824984,0.052287816876876225,78,561,88,52
Whole universe,r08_r21,r08,r21,both,678,662,472,495,0.04094350652532319,-0.5462461686798736,0.4275092766023333,460,2,98,1,20912,7.0,135,-0.018759230307475783,0.06995772769959197,144,575,94,70
Whole universe,r08_r22,r08,r22,both,678,662,468,493,0.04085556215875075,-0.5482475281280472,0.42374129015397355,458,2,103,1,20808,7.0,131,-0.019795993891132846,0.06978773788510256,143,577,91,68
Whole universe,r08_r23,r08,r23,both,678,662,452,488,0.03543287741063006,-0.550596029410362,0.38309312570411336,455,2,133,1,20287,7.0,109,-0.021178461466380027,0.06434564480395644,117,576,96,58
Whole universe,r08_r24,r08,r24,both,678,662,343,405,0.00658965376181031,-0.622826543292954,0.012801393513967585,355,1,3,0,32036,25.0,43,-0.051450776935056286,0.03471437318112436,37,498,30,11
Whole universe,r09_r00,r09,r00,both,678,662,26,36,-0.1345806790645216,-0.8129977075757693,-0.7542059529481866,17,1,1,4,38565,28.0,15,-0.14499443674061485,-0.0716192505404476,21,97,8,8
Whole universe,r09_r01,r09,r01,both,678,662,48,122,-0.09467535965489943,-0.7300355393022893,-0.6237388037945351,49,1,1,2,71111,57.0,12,-0.10155510766275117,-0.025864519862446922,14,148,2,2
Whole universe,r09_r02,r09,r02,both,678,662,35,54,-0.11484248931243884,-0.7741156280242095,-0.6994781275767256,27,1,1,3,52451,40.0,13,-0.1225376425910974,-0.047599305123497304,25,125,13,10
Whole universe,r09_r03,r09,r03,both,678,662,70,147,-0.08684827269370154,-0.7172223643887877,-0.5931441374648398,62,0,1,0,74934,62.0,18,-0.09429421185653025,-0.018630340683464863,13,165,2,1
Whole universe,r09_r04,r09,r04,both,678,662,71,140,-0.08946379819218325,-0.7244562739613376,-0.5913243258948404,63,0,1,1,73650,60.0,18,-0.09742441575568561,-0.01874054284167631,15,162,1,0
Whole universe,r09_r05,r09,r05,both,678,662,57,130,-0.09983665669824426,-0.7343054829869033,-0.6275049569081652,49,0,1,1,67952,53.0,19,-0.10793739769331445,-0.028936057571473328,18,142,2,1
Whole universe,r09_r06,r09,r06,both,678,662,35,48,-0.12124566643743684,-0.7842675387483177,-0.7181862152475156,27,1,3,5,35783,21.0,16,-0.12985613986650796,-0.05742376826762435,35,114,15,13
Whole universe,r09_r07,r09,r07,both,678,662,69,162,-0.07106014630537305,-0.6755753355897457,-0.5265789251842403,69,1,2,2,60937,41.0,9,-0.08076931532466353,-0.006112294341171165,15,240,4,3
Whole universe,r09_r08,r09,r08,both,678,662,38,72,-0.09830135418283059,-0.7338514207060622,-0.6273818419577237,32,1,2,4,48765,31.0,13,-0.11019879479407046,-0.031908733369925835,23,174,13,7
Whole universe,r09_r09,r09,r09,both,678,662,86,186,-0.06587157510367853,-0.6619081886690937,-0.48911471955577485,80,0,1,0,63172,44.0,19,-0.07336137312630703,0.0,18,0,4,1
Whole universe,r09_r10,r09,r10,both,678,662,87,182,-0.06780277039816834,-0.6675901030357171,-0.48747853491447957,87,0,1,1,62388,43.0,19,-0.07566520153805717,-0.0022337335792066426,19,238,4,2
Whole universe,r09_r11,r09,r11,both,678,662,81,162,-0.07630049277429118,-0.6822611861292751,-0.5416212837816614,79,1,1,3,58883,38.0,23,-0.08278000312791028,-0.007997926923228815,22,252,4,3
Whole universe,r09_r12,r09,r12,both,678,662,54,71,-0.09506647486985081,-0.7352198956153544,-0.6154452090042123,42,1,12,4,34224,12.0,22,-0.10644743707847354,-0.028940844207465455,34,205,20,14
Whole universe,r09_r13,r09,r13,both,678,662,150,262,-0.03865690170621583,-0.5835923993064351,-0.3092904962376105,140,1,3,0,48220,21.0,33,-0.0485271416374205,0.023382486979475647,32,506,17,9
Whole universe,r09_r14,r09,r14,both,678,662,87,161,-0.06244532202880526,-0.6379734338396557,-0.4542296879005764,84,1,5,1,42732,17.0,14,-0.07465874555692581,0.0007443699401206705,37,339,28,13
Whole universe,r09_r15,r09,r15,both,678,662,172,296,-0.03379199820697165,-0.5773561771709365,-0.28741447984510576,155,0,3,1,49222,22.0,38,-0.043279231766355675,0.02870066283043271,38,555,22,11
Whole universe,r09_r16,r09,r16,both,678,662,170,292,-0.033851764391672756,-0.5806818167787484,-0.2973082713405636,156,0,3,1,48878,21.0,40,-0.044399895177247184,0.027710685728714934,46,551,17,9
Whole universe,r09_r17,r09,r17,both,678,662,167,267,-0.04150004946618324,-0.5930788488418947,-0.33211119045862564,156,1,3,1,47227,19.0,38,-0.04946471498444177,0.022881568790691864,37,507,17,10
Whole universe,r09_r18,r09,r18,both,678,662,138,201,-0.05248710230719983,-0.6219880953402457,-0.3786781072866411,125,1,344,7,34290,4.0,64,-0.056862743307093955,0.013919594243762046,73,408,42,36
Whole universe,r09_r19,r09,r19,both,678,662,275,404,-0.011980260153940159,-0.5067742885579414,-0.07619043725906899,261,1,111,0,39698,7.0,107,-0.021967782348137177,0.04974775797204589,110,600,42,35
Whole universe,r09_r20,r09,r20,both,678,662,213,312,-0.025710202151476846,-0.537778654407743,-0.20754849833852657,205,1,183,0,37680,6.0,69,-0.03609706502487314,0.03851661663852429,79,544,48,35
Whole universe,r09_r21,r09,r21,both,678,662,304,416,-0.007902805189833884,-0.4895897693034509,-0.0410442943388038,286,1,98,1,40020,7.0,149,-0.017416374540704216,0.05518250343226311,142,613,54,42
Whole universe,r09_r22,r09,r22,both,678,662,300,416,-0.008741096419142336,-0.49327738405788274,-0.044484815236232156,280,1,103,1,39914,7.0,146,-0.018548486155725297,0.054732917058805175,140,607,52,41
Whole universe,r09_r23,r09,r23,both,678,662,281,403,-0.010419958170013344,-0.501191616298085,-0.07189522879012622,269,1,133,1,39320,7.0,112,-0.019855139023941315,0.05188448806442664,116,590,42,30
Whole universe,r09_r24,r09,r24,both,678,662,88,184,-0.06817611305422461,-0.6675901030357171,-0.48747853491447957,88,0,1,1,62499,43.0,20,-0.0749156871722011,-0.0020171734052640833,18,242,4,2
Whole universe,r10_r00,r10,r00,both,678,662,24,32,-0.13297933544155782,-0.8098612167745585,-0.7591338002283,18,1,1,4,37397,28.0,15,-0.14803885926707527,-0.07186842174421726,22,101,9,9
Whole universe,r10_r01,r10,r01,both,678,662,47,122,-0.09217013697102705,-0.7294056888972625,-0.6269844419764815,53,1,1,2,69218,57.0,12,-0.09923268257097412,-0.024462291472765796,13,165,3,1
Whole universe,r10_r02,r10,r02,both,678,662,33,47,-0.11395053552178058,-0.7708027779051512,-0.6995901149853636,30,1,1,3,50942,39.5,13,-0.12404305559551076,-0.04928303575288229,26,123,12,8
Whole universe,r10_r03,r10,r03,both,678,662,71,138,-0.08354447497981082,-0.7130124614472017,-0.5953254260350423,72,0,1,0,72983,62.0,17,-0.09470054647878368,-0.01720352405867387,12,181,3,1
Whole universe,r10_r04,r10,r04,both,678,662,65,133,-0.08370020947578838,-0.7160550498248276,-0.5889724590273154,66,0,1,1,71676,60.0,18,-0.09640754355461079,-0.018094468954348963,15,171,2,0
Whole universe,r10_r05,r10,r05,both,678,662,54,112,-0.09573989975286451,-0.7378033718677973,-0.6275794262543122,59,0,1,1,66046,52.0,19,-0.10734960534634758,-0.028571079163899338,19,148,2,1
Whole universe,r10_r06,r10,r06,both,678,662,25,44,-0.11973948729505718,-0.7829229152619487,-0.7252550936020705,26,1,3,5,34594,21.0,16,-0.13266102981870687,-0.05947675592576568,34,110,17,16
Whole universe,r10_r07,r10,r07,both,678,662,62,155,-0.06903700983895894,-0.6781475683649288,-0.5215873460552334,77,1,2,2,59189,41.0,8,-0.08117840713902968,-0.0057460092576192,14,260,5,2
Whole universe,r10_r08,r10,r08,both,678,662,30,61,-0.09797620938396356,-0.7335163244565269,-0.6374928803248519,32,1,2,4,47255,31.0,12,-0.11101186888620301,-0.03181852651008321,24,172,15,8
Whole universe,r10_r09,r10,r09,both,678,662,78,168,-0.06158099700118913,-0.6591397943006221,-0.48397093777340666,88,0,1,0,61408,44.0,21,-0.07301202057195683,0.0022632328685434633,19,421,2,1
Whole universe,r10_r10,r10,r10,both,678,662,78,169,-0.0642240863521305,-0.6651392449083072,-0.488573453642758,95,0,1,1,60623,43.0,20,-0.07540388277393101,0.0,19,0,4,2
Whole universe,r10_r11,r10,r11,both,678,662,69,157,-0.07279169105048544,-0.6814805999612086,-0.5379875649328589,81,1,1,3,57135,38.0,23,-0.08240875283839222,-0.007253183723917089,21,251,5,3
Whole universe,r10_r12,r10,r12,both,678,662,46,65,-0.09450133512223968,-0.7320125499085859,-0.6278208182460996,43,1,12,4,32865,12.0,21,-0.10657434465795784,-0.028571306143060526,32,204,24,16
Whole universe,r10_r13,r10,r13,both,678,662,137,256,-0.03575066054616555,-0.5844366219337962,-0.32727422297945574,157,1,3,0,46505,21.0,32,-0.0493493925550455,0.022651192736717563,32,507,19,11
Whole universe,r10_r14,r10,r14,both,678,662,80,157,-0.0597893253648622,-0.6367641987958321,-0.46374480922623446,89,1,5,1,41141,17.0,14,-0.07467308538032807,0.0010155590092292832,35,339,28,13
Whole universe,r10_r15,r10,r15,both,678,662,165,283,-0.03204037446972524,-0.5778426131445458,-0.29224721118421576,170,0,3,1,47500,22.0,41,-0.043588271170187376,0.03038873055210184,38,552,23,13
Whole universe,r10_r16,r10,r16,both,678,662,163,287,-0.03268551391439867,-0.5826751262519912,-0.29577682750981155,171,0,3,1,47157,21.0,38,-0.044621942201972686,0.029572669680421604,46,553,14,8
Whole universe,r10_r17,r10,r17,both,678,662,157,259,-0.0370874074027312,-0.5869299677242766,-0.33232585281296206,161,1,3,1,45516,19.0,40,-0.04991199828868026,0.024939956853083367,38,503,16,10
Whole universe,r10_r18,r10,r18,both,678,662,138,188,-0.05121546227173024,-0.6166234457598279,-0.3902709857538334,133,1,344,7,32714,4.0,63,-0.0592022334232607,0.015691797229334226,74,402,38,33
Whole universe,r10_r19,r10,r19,both,678,662,268,387,-0.010441113511931888,-0.5105287137907359,-0.0915558307135293,272,1,111,0,37977,7.0,105,-0.022141616603531533,0.052455713860495023,108,594,49,37
Whole universe,r10_r20,r10,r20,both,678,662,213,310,-0.02387051020369113,-0.5389151630923994,-0.19352924121357823,213,1,183,0,35993,6.0,69,-0.03571062042026063,0.03932041508520573,82,546,50,37
Whole universe,r10_r21,r10,r21,both,678,662,296,407,-0.00603065570991107,-0.4933725733347911,-0.05383937137089656,289,1,98,1,38297,7.0,148,-0.017530612606783902,0.05691114560184418,142,604,52,39
Whole universe,r10_r22,r10,r22,both,678,662,294,405,-0.006401833665902357,-0.49454790825842154,-0.059965695118494644,290,1,103,1,38191,7.0,147,-0.01862460116477266,0.05697105674963987,140,602,48,35
Whole universe,r10_r23,r10,r23,both,678,662,277,386,-0.009826675679309727,-0.5032697582999677,-0.08664060983013588,277,1,133,1,37600,7.0,112,-0.020028313475902837,0.052847862968982307,116,584,49,30
Whole universe,r10_r24,r10,r24,both,678,662,77,170,-0.06402321703286862,-0.6647490391976296,-0.4900706605672762,94,0,1,1,60733,43.0,22,-0.07502916195093068,0.0,18,156,4,2
Whole universe,r11_r00,r11,r00,both,678,662,34,48,-0.12476445692383609,-0.8076339889932427,-0.7367483395066956,33,1,2,5,32784,26.0,14,-0.14922554730448767,-0.06415606247690597,20,108,19,11
Whole universe,r11_r01,r11,r01,both,678,662,98,172,-0.0725530454023614,-0.7130382237599835,-0.5345842823771283,102,1,2,1,59971,51.0,15,-0.09433622838694711,-0.011549012972069839,16,245,6,2
Whole universe,r11_r02,r11,r02,both,678,662,52,83,-0.10067601510301083,-0.7561165039547817,-0.6451605052950941,57,1,2,3,44825,36.0,16,-0.12544779536567108,-0.04119912004444698,27,156,26,13
Whole universe,r11_r03,r11,r03,both,678,662,106,204,-0.06940792026064341,-0.692094039640776,-0.5087032008442989,113,0,1,0,63117,55.0,17,-0.0884925972096599,-0.0051319882206972145,12,290,10,2
Whole universe,r11_r04,r11,r04,both,678,662,105,205,-0.0684681753384434,-0.6974175851902987,-0.5019353057289302,116,0,1,1,61928,54.0,19,-0.09284003747681235,-0.005330368103431904,15,292,9,3
Whole universe,r11_r05,r11,r05,both,678,662,107,175,-0.07622649945051069,-0.7199700974411106,-0.538324974196966,110,0,1,1,57041,47.0,24,-0.09804366466533199,-0.014102032570288803,18,179,7,3
Whole universe,r11_r06,r11,r06,both,678,662,39,53,-0.11218314470570723,-0.7708268720437381,-0.6994613408196809,38,1,3,5,30632,21.0,16,-0.13890098980321386,-0.054493594551035474,28,123,23,16
Whole universe,r11_r07,r11,r07,both,678,662,113,198,-0.057020642870694194,-0.6732367271506005,-0.4496965545410969,120,1,2,1,52626,40.0,14,-0.08153581342504568,0.0014357415042170474,16,353,9,2
Whole universe,r11_r08,r11,r08,both,678,662,60,102,-0.08620641836014348,-0.7180446652774695,-0.5847199499424178,64,1,2,4,42045,30.0,11,-0.11237205722917315,-0.02547161180023161,22,173,24,13
Whole universe,r11_r09,r11,r09,both,678,662,125,225,-0.05177583897388727,-0.652079102059022,-0.41679213468498477,135,0,2,0,54650,42.0,19,-0.07255390061406886,0.008694050305080525,17,410,8,3
Whole universe,r11_r10,r11,r10,both,678,662,131,229,-0.05192595673604039,-0.661470885005393,-0.4177491035884485,134,0,2,1,53897,41.0,19,-0.07638033790144638,0.008359178946880874,18,417,6,2
Whole universe,r11_r11,r11,r11,both,678,662,127,203,-0.059960863380597196,-0.6784934082868845,-0.45599591131676215,134,1,2,3,50652,37.0,21,-0.08252227976831084,0.0,17,0,5,2
Whole universe,r11_r12,r11,r12,both,678,662,64,87,-0.08679893068551775,-0.7177972232344076,-0.5904662946311953,70,1,12,4,28467,12.0,23,-0.11065143970384045,-0.027898425103828395,34,212,28,18
Whole universe,r11_r13,r11,r13,both,678,662,198,301,-0.02449494840825006,-0.582620688503283,-0.24317660475673508,206,1,3,0,40612,21.0,31,-0.049272918983221836,0.030736901158252283,35,525,21,9
Whole universe,r11_r14,r11,r14,both,678,662,142,205,-0.04959756653772879,-0.6317925121643708,-0.40897493925833023,141,1,5,1,35776,17.0,19,-0.0756571423398506,0.006643728246263858,36,368,47,20
Whole universe,r11_r15,r11,r15,both,678,662,228,333,-0.02146808972048081,-0.5803523415553402,-0.20427156790301498,239,0,3,1,41577,22.0,43,-0.044569514954585665,0.03626707318507644,38,549,23,10
Whole universe,r11_r16,r11,r16,both,678,662,232,325,-0.021366475125778606,-0.5838261050976745,-0.20521008122925066,243,0,3,1,41237,21.0,44,-0.04525194581532627,0.03606692016809526,47,540,19,5
Whole universe,r11_r17,r11,r17,both,678,662,217,300,-0.027792030286976188,-0.5904534965294419,-0.24177750585057262,220,1,3,1,39652,19.0,43,-0.05044676391580327,0.03096236084259446,39,549,28,17
Whole universe,r11_r18,r11,r18,both,678,662,184,244,-0.040032041110929784,-0.6195738454825478,-0.3105170241146197,189,1,344,7,27406,4.0,61,-0.06273535532356284,0.021699248575215102,73,420,43,36
Whole universe,r11_r19,r11,r19,both,678,662,346,421,0.001825663739145611,-0.5248671823818885,0.014476294982396665,341,1,111,0,32053,7.0,103,-0.022180960348536394,0.05825425062369444,108,597,56,38
Whole universe,r11_r20,r11,r20,both,678,662,278,350,-0.011829000073473095,-0.5435898183406177,-0.09603333097245836,285,1,183,0,30255,6.0,68,-0.03582555436621676,0.04743571448280365,79,549,55,39
Whole universe,r11_r21,r11,r21,both,678,662,363,437,0.005191968042645323,-0.5041032821196147,0.047619691866422786,357,1,98,1,32371,7.0,141,-0.017966505951265088,0.06447426761462899,142,601,63,49
Whole universe,r11_r22,r11,r22,both,678,662,361,433,0.004832145600317195,-0.5106601084791278,0.048954619100993746,356,1,103,1,32267,7.0,143,-0.01908607861727135,0.06372452702811637,140,602,60,46
Whole universe,r11_r23,r11,r23,both,678,662,337,429,0.0027993492349684956,-0.514984352554151,0.0,346,1,133,1,31688,7.0,112,-0.020425326303277647,0.060430632309755594,118,594,56,38
Whole universe,r11_r24,r11,r24,both,678,662,131,230,-0.051773386250009434,-0.661470885005393,-0.4243908846850796,135,0,2,1,54005,41.0,21,-0.07618098762721304,0.008563216925626838,17,417,5,2
Whole universe,r12_r00,r12,r00,both,678,662,168,190,-0.0578737888759252,-0.7277503919461975,-0.4535429301583187,177,4,12,5,15260,12.0,20,-0.10163646448750768,-0.0038108715872472443,26,270,21,10
Whole universe,r12_r01,r12,r01,both,678,662,275,309,-0.018568693016735693,-0.6447583302072804,-0.193215423859181,276,2,2,1,25315,26.0,30,-0.065218297555929,0.03187902544603122,25,524,16,9
Whole universe,r12_r02,r12,r02,both,678,662,242,271,-0.030723468832534795,-0.6688724384511466,-0.2814410606909788,235,2,3,2,19989,18.0,21,-0.07940910135663998,0.016530552798383835,27,455,27,11
Whole universe,r12_r03,r12,r03,both,678,662,291,345,-0.013039867832036534,-0.6317106993478623,-0.11888855989828806,288,1,2,0,26607,28.0,25,-0.056663001880665864,0.03552365938526275,20,528,19,7
Whole universe,r12_r04,r12,r04,both,678,662,299,346,-0.012258092851416935,-0.6349604505339813,-0.10547303112941503,283,1,3,0,25928,27.0,24,-0.05773081547156389,0.03330160784652059,28,523,19,8
Whole universe,r12_r05,r12,r05,both,678,662,271,312,-0.021168136231135504,-0.6515219155481902,-0.1795935229855401,267,1,3,0,23750,24.0,31,-0.06441278248842264,0.03013148136793864,25,506,15,7
Whole universe,r12_r06,r12,r06,both,678,662,177,195,-0.056632316366190705,-0.7236762408975437,-0.417256763178726,182,5,14,5,14513,11.0,23,-0.09728058068332673,-0.0003408249005492081,21,269,12,5
Whole universe,r12_r07,r12,r07,both,678,662,303,339,-0.009813194037170181,-0.6169847372121359,-0.09675734843513628,302,2,4,1,21696,21.0,25,-0.05326760492663851,0.0421454480222877,23,560,27,10
Whole universe,r12_r08,r12,r08,both,678,662,252,282,-0.02405774597586824,-0.6580573644360391,-0.2269302218202674,250,3,5,2,18388,16.0,23,-0.07082659402788338,0.022908334788590445,26,501,25,13
Whole universe,r12_r09,r12,r09,both,678,662,317,366,-0.0026870631870116735,-0.6005646591049141,-0.040828166202518335,323,1,4,0,22526,22.0,31,-0.046571483995353546,0.047781787688741584,32,566,29,13
Whole universe,r12_r10,r12,r10,both,678,662,317,355,-0.002487692613316439,-0.6026735477844919,-0.04089227809985979,318,2,4,0,22116,21.0,31,-0.04590131634200478,0.04563124777376376,37,556,24,11
Whole universe,r12_r11,r12,r11,both,678,662,293,336,-0.012629342884115657,-0.6154405957292168,-0.11708445570846082,303,2,4,1,20699,19.0,38,-0.05065205534361367,0.04139955415053115,31,547,23,13
Whole universe,r12_r12,r12,r12,both,678,662,193,212,-0.0507596759330628,-0.7130545778491384,-0.3996648774576309,196,5,21,4,13781,10.0,24,-0.09137414338882704,0.0,20,0,10,5
Whole universe,r12_r13,r12,r13,both,678,662,334,365,0.0005824194705534858,-0.599405563550403,-0.0009657547335080174,333,2,5,0,18997,17.0,36,-0.046084149648338624,0.046912825974213423,45,577,35,20
Whole universe,r12_r14,r12,r14,both,678,662,274,315,-0.015338258498368673,-0.6282539072758686,-0.16478996920786437,281,3,8,1,16877,14.0,27,-0.06247347060281344,0.031164022457768947,30,531,24,12
Whole universe,r12_r15,r12,r15,both,678,662,346,390,0.006612327205594237,-0.5858297978837794,0.0442990146036113,353,1,4,1,19626,17.0,42,-0.040489217507995556,0.05413245445835008,51,583,44,19
Whole universe,r12_r16,r12,r16,both,678,662,350,383,0.006132402868081477,-0.5868659791014648,0.02515659928942693,353,2,4,1,19373,17.0,52,-0.04116190246302276,0.0533534758130394,50,581,41,22
Whole universe,r12_r17,r12,r17,both,678,662,331,363,0.0006345343706016804,-0.5970618473384031,-0.010407209332837897,333,2,5,1,18290,15.0,45,-0.043532207991928806,0.04659765899479684,47,574,38,16
Whole universe,r12_r18,r12,r18,both,678,662,296,319,-0.011873630349311548,-0.632632906858421,-0.09402571740716265,297,7,360,8,10554,4.0,67,-0.05604243769899392,0.03437681880057575,55,492,36,22
Whole universe,r12_r19,r12,r19,both,678,662,420,448,0.020677881591009917,-0.547497698309974,0.2102953265876536,407,2,121,0,12801,7.0,94,-0.023365449137079608,0.06873942483667222,99,597,70,52
Whole universe,r12_r20,r12,r20,both,678,662,391,413,0.009635371699194484,-0.5700338428211573,0.11024228096018673,383,2,192,0,11864,6.0,65,-0.03340262814470585,0.056805877982812725,57,590,51,24
Whole universe,r12_r21,r12,r21,both,678,662,442,472,0.02500049015296968,-0.5379126806549464,0.25565121119206813,432,2,109,1,13044,7.0,125,-0.01744049362844463,0.0744038033516563,141,609,81,63
Whole universe,r12_r22,r12,r22,both,678,662,438,473,0.02421682578868256,-0.5404840863754528,0.2501028366753456,432,2,114,1,12948,7.0,127,-0.01867655483571301,0.07442076488555427,139,609,77,61
Whole universe,r12_r23,r12,r23,both,678,662,415,450,0.020988315678513225,-0.547084699668484,0.22476163461645193,410,2,143,1,12495,6.0,102,-0.021064799605379325,0.07153762550624576,106,599,74,50
Whole universe,r12_r24,r12,r24,both,678,662,318,358,-0.0025049695143889994,-0.6026735477844919,-0.04151885966709079,319,2,4,0,22207,21.0,33,-0.045893315576380544,0.04563124777376393,37,556,24,11
Whole universe,r13_r00,r13,r00,both,678,662,29,49,-0.1249388969227504,-0.8020089806468028,-0.7445827045602423,27,1,3,4,34178,26.0,13,-0.13246225039512444,-0.08336704261100475,11,53,2,2
Whole universe,r13_r01,r13,r01,both,678,662,53,89,-0.09474620936504857,-0.726053108168117,-0.6366102405866999,50,1,1,1,56088,54.0,14,-0.09564968758116521,-0.04791212110732507,9,81,1,0
Whole universe,r13_r02,r13,r02,both,678,662,46,67,-0.1110393465318209,-0.7638025522986494,-0.6855429271719784,46,1,2,3,44078,37.0,15,-0.11348869849407972,-0.06582486126309983,12,80,2,1
Whole universe,r13_r03,r13,r03,both,678,662,60,103,-0.08923404247424327,-0.7098602761604634,-0.6092030300883806,56,1,1,0,59004,58.0,13,-0.09248074598320088,-0.0413795597999429,11,96,2,1
Whole universe,r13_r04,r13,r04,both,678,662,61,103,-0.09075742276869264,-0.7171715659568366,-0.6152745186266253,57,1,1,1,57765,56.0,16,-0.09347362039112961,-0.04265283719515767,12,96,1,1
Whole universe,r13_r05,r13,r05,both,678,662,55,96,-0.09840282375685089,-0.7323802573119966,-0.6471860140491502,56,1,1,1,53115,49.0,21,-0.10177705748082533,-0.05275112085925432,14,92,1,1
Whole universe,r13_r06,r13,r06,both,678,662,37,53,-0.1134895992749263,-0.7710325123999032,-0.7086845377105618,40,1,4,5,31585,21.0,12,-0.11641229705895523,-0.07234250273271853,15,67,2,2
Whole universe,r13_r07,r13,r07,both,678,662,65,120,-0.07305737355111414,-0.6686796924563521,-0.5532783008654044,70,1,2,1,47053,40.0,12,-0.07645053535448787,-0.02933251690590044,16,125,2,2
Whole universe,r13_r08,r13,r08,both,678,662,50,71,-0.09254887531034217,-0.7210423000519364,-0.618676285910815,43,1,2,4,39766,30.0,13,-0.09937237245299757,-0.0509707580363461,12,96,1,1
Whole universe,r13_r09,r13,r09,both,678,662,78,132,-0.07121008262453538,-0.6511734692831481,-0.525977066607509,80,1,2,0,48772,43.0,19,-0.07216526329636319,-0.02219893952532903,15,146,2,1
Whole universe,r13_r10,r13,r10,both,678,662,79,135,-0.06914767278805556,-0.653325589198021,-0.5244833756587757,77,1,2,1,48030,41.0,19,-0.07381937664012711,-0.021778092771110702,17,157,2,1
Whole universe,r13_r11,r13,r11,both,678,662,72,122,-0.0768298600983604,-0.6765606283556305,-0.5525607410786654,68,1,2,3,45169,37.0,22,-0.08161441065686487,-0.02920679059131459,21,143,2,2
Whole universe,r13_r12,r13,r12,both,678,662,52,66,-0.08845679704496717,-0.7208615265642491,-0.6021202870694016,52,1,12,4,27313,12.0,21,-0.09824021339416972,-0.04663669681424226,20,90,4,4
Whole universe,r13_r13,r13,r13,both,678,662,136,191,-0.04253067996066928,-0.5692989671298154,-0.35689081084003116,141,1,3,0,34759,21.0,34,-0.048691546805848696,0.0,26,0,7,4
Whole universe,r13_r14,r13,r14,both,678,662,81,128,-0.06127285094444518,-0.6302354079995927,-0.46497606621601234,87,1,5,1,31818,17.0,17,-0.06799034255714947,-0.01925271118511873,21,140,3,2
Whole universe,r13_r15,r13,r15,both,678,662,146,219,-0.03860108179265853,-0.5556574363519072,-0.32527768824662195,147,1,3,1,35547,22.0,44,-0.04334263980979586,0.007825380174847851,39,450,19,13
Whole universe,r13_r16,r13,r16,both,678,662,144,219,-0.038741696605220255,-0.5565746648461561,-0.3272582598099024,150,1,3,1,35225,21.0,49,-0.044599937668207745,0.0067677962687758275,46,428,17,13
Whole universe,r13_r17,r13,r17,both,678,662,129,193,-0.0440893578153187,-0.5744072561660296,-0.35636459660739694,136,1,3,1,33859,19.0,41,-0.04858267285967083,-0.0007285038779932251,31,308,12,9
Whole universe,r13_r18,r13,r18,both,678,662,140,181,-0.04958414410044404,-0.6126904162082867,-0.38217296303797704,142,1,344,7,23383,4.0,62,-0.052158072075313366,-0.003995908033180728,57,305,19,16
Whole universe,r13_r19,r13,r19,both,678,662,237,305,-0.01773732342326584,-0.48034264004510435,-0.17053092567360323,234,1,111,0,26096,7.0,104,-0.022525075205163225,0.026285991858633784,104,545,44,34
Whole universe,r13_r20,r13,r20,both,678,662,196,261,-0.027789556130896176,-0.5208513894106958,-0.24405024473619708,194,1,183,0,25049,6.0,66,-0.03239821715314917,0.017338383465817897,66,460,20,15
Whole universe,r13_r21,r13,r21,both,678,662,252,332,-0.01371194431848266,-0.4616062520540908,-0.12779207526041758,258,1,98,1,26337,7.0,145,-0.01733469174651936,0.0328045666390106,141,567,66,55
Whole universe,r13_r22,r13,r22,both,678,662,252,329,-0.014001233250009182,-0.46236364764169635,-0.12669891784047205,260,1,103,1,26238,7.0,143,-0.019060314079379803,0.031246560965965786,143,562,61,52
Whole universe,r13_r23,r13,r23,both,678,662,240,304,-0.01754043251241949,-0.469015681992021,-0.16179818949558994,230,1,133,1,25763,7.0,114,-0.020602945295602026,0.0277494796573301,109,533,39,32
Whole universe,r13_r24,r13,r24,both,678,662,81,135,-0.06938166929017786,-0.653325589198021,-0.5240968602927965,78,1,2,1,48133,42.0,20,-0.07387352897270383,-0.0214685061653917,17,158,2,1
Whole universe,r14_r00,r14,r00,both,678,662,105,130,-0.08082923499682931,-0.7551729803970066,-0.5753369782708238,116,2,6,8,22150,17.0,17,-0.11156286063162224,-0.046388779115486556,18,114,4,4
Whole universe,r14_r01,r14,r01,both,678,662,186,239,-0.04441998771146355,-0.6695182390706544,-0.38659365886906055,205,2,2,1,36291,37.0,22,-0.07579060325449183,-0.011061632062827065,24,258,5,3
Whole universe,r14_r02,r14,r02,both,678,662,144,179,-0.055235160997959,-0.6963156701945652,-0.44664688186635004,156,2,2,2,28344,25.0,22,-0.09138964590718524,-0.026423301693852486,18,137,4,3
Whole universe,r14_r03,r14,r03,both,678,662,202,266,-0.038565873332793876,-0.659264344296959,-0.3279745963575908,219,1,2,0,38155,40.0,24,-0.07127039842570132,-0.0047763648129748315,19,290,3,3
Whole universe,r14_r04,r14,r04,both,678,662,201,266,-0.0399187847559917,-0.6619416008201278,-0.3367627472455807,219,1,2,0,37232,38.0,20,-0.07102699227375564,-0.005179974280848709,19,286,3,2
Whole universe,r14_r05,r14,r05,both,678,662,193,239,-0.045600396909633745,-0.6771298007598339,-0.38593534188580253,200,1,2,0,34071,34.0,24,-0.0772678242340098,-0.012673486692133307,20,236,5,2
Whole universe,r14_r06,r14,r06,both,678,662,116,139,-0.07705229692506449,-0.7371638668221918,-0.5708207460610939,126,2,6,8,20645,15.0,23,-0.10687988056909487,-0.042717635208449456,16,114,6,6
Whole universe,r14_r07,r14,r07,both,678,662,208,276,-0.03008507849297154,-0.6325062439858815,-0.29453094821894327,226,2,2,1,30701,28.0,24,-0.0628799261083941,0.0016550850278803653,24,341,11,7
Whole universe,r14_r08,r14,r08,both,678,662,166,215,-0.04899008494543228,-0.6690346182736491,-0.40420853513486693,184,2,2,2,25746,21.0,21,-0.07987965184131085,-0.018132017810206236,16,171,5,4
Whole universe,r14_r09,r14,r09,both,678,662,233,296,-0.025363746355303363,-0.614410120466801,-0.24137401753038057,244,1,2,0,31873,30.0,25,-0.055604590264689446,0.006152889510641302,22,387,15,8
Whole universe,r14_r10,r14,r10,both,678,662,231,291,-0.026673114793508923,-0.6169606319098131,-0.2540744960795683,241,1,2,0,31322,29.0,26,-0.055881483733764725,0.005551829984430379,28,380,12,9
Whole universe,r14_r11,r14,r11,both,678,662,223,274,-0.03455261277848076,-0.6393233292546529,-0.2758667084502451,234,1,2,1,29306,26.0,30,-0.06442285057144126,-0.0002518482404348932,29,326,10,9
Whole universe,r14_r12,r14,r12,both,678,662,145,165,-0.06490384122496817,-0.7127866775407966,-0.48654344706013536,145,3,17,3,18335,11.0,25,-0.09503784927602749,-0.031453063261189074,23,128,7,4
Whole universe,r14_r13,r14,r13,both,678,662,267,322,-0.01443536021137759,-0.5827380688716038,-0.13753431935564292,282,2,4,0,24350,18.0,34,-0.04580486606262851,0.01869995460748375,38,507,23,13
Whole universe,r14_r14,r14,r14,both,678,662,203,245,-0.032766667208837974,-0.6236438978911065,-0.2808073237043209,226,2,6,1,21838,15.0,26,-0.06436095816107845,0.0,19,0,13,3
Whole universe,r14_r15,r14,r15,both,678,662,287,352,-0.006037810449463721,-0.5689382162152871,-0.0923491790770784,298,1,3,1,25068,19.0,50,-0.04076500357870161,0.024131981808971303,47,524,27,12
Whole universe,r14_r16,r14,r16,both,678,662,289,347,-0.006082850392099659,-0.5666625590208914,-0.09444403578836269,301,1,3,1,24783,19.0,57,-0.0414092919962058,0.023389804177856133,50,514,28,15
Whole universe,r14_r17,r14,r17,both,678,662,274,317,-0.012960630934005068,-0.5847186235234891,-0.14991496760707507,289,1,3,1,23556,17.0,49,-0.04535946396549123,0.018298419328684312,45,506,24,15
Whole universe,r14_r18,r14,r18,both,678,662,247,267,-0.026280220879392302,-0.6243496865338857,-0.22736764289406108,244,4,344,7,14656,4.0,63,-0.05557838983020208,0.008440448138171908,58,385,26,21
Whole universe,r14_r19,r14,r19,both,678,662,369,422,0.00991453641906126,-0.5063036256748393,0.07513991117271757,372,2,111,0,17055,7.0,96,-0.02368527113427793,0.04081517587652311,104,561,53,39
Whole universe,r14_r20,r14,r20,both,678,662,337,376,0.00011663500836311957,-0.5413893222932806,0.0,332,2,181,0,16071,6.0,66,-0.032800297096095055,0.03251000571663404,68,543,28,22
Whole universe,r14_r21,r14,r21,both,678,662,389,441,0.01357640088778489,-0.5016989481251434,0.11204637413513185,391,2,98,1,17308,7.0,138,-0.017711883662862304,0.04575043781873872,143,571,81,63
Whole universe,r14_r22,r14,r22,both,678,662,388,433,0.012275699422140574,-0.5049326969995468,0.09813793225421885,388,2,103,1,17209,7.0,138,-0.019674577622773803,0.04503690120725279,145,567,80,63
Whole universe,r14_r23,r14,r23,both,678,662,376,418,0.011634375262250862,-0.5036769529830519,0.08882250447293172,382,2,133,1,16736,7.0,112,-0.021107768293295526,0.04184973878339915,110,567,62,44
Whole universe,r14_r24,r14,r24,both,678,662,233,294,-0.026662776738513028,-0.6166531881950801,-0.2515326554727071,239,1,2,0,31418,29.0,29,-0.056198988224501145,0.005752123274033849,27,380,12,9
Whole universe,r15_r00,r15,r00,both,678,662,20,34,-0.13458067906452148,-0.8130117787044591,-0.7590839377058405,16,1,1,4,37867,28.0,15,-0.13480527598392678,-0.09050778944500149,10,46,0,0
Whole universe,r15_r01,r15,r01,both,678,662,31,64,-0.1038048463206388,-0.7391519488941741,-0.6645710660358675,31,1,1,2,61562,58.0,7,-0.09999806555117119,-0.056462638933742204,7,80,0,0
Whole universe,r15_r02,r15,r02,both,678,662,30,46,-0.11963180319954891,-0.7759656320355268,-0.7148617501549795,25,1,1,3,48440,40.0,14,-0.11460462359399709,-0.07394066761386453,9,69,1,1
Whole universe,r15_r03,r15,r03,both,678,662,34,76,-0.10117262389515369,-0.7277271740037878,-0.6486445923543086,35,0,1,0,64839,63.0,12,-0.09529792039512919,-0.051523533269020094,12,76,0,0
Whole universe,r15_r04,r15,r04,both,678,662,33,77,-0.10245305926192327,-0.7286918644996139,-0.654129089160085,37,0,1,1,63531,61.0,15,-0.09757595725506352,-0.05090894533043305,9,71,0,0
Whole universe,r15_r05,r15,r05,both,678,662,38,74,-0.10903820147488658,-0.7560253676785655,-0.6927642144266798,35,0,1,1,58488,54.0,18,-0.10384509277305043,-0.06211825286526551,12,84,0,0
Whole universe,r15_r06,r15,r06,both,678,662,28,38,-0.12217417722965562,-0.7851604911803861,-0.7297246168213406,25,1,3,5,34410,21.0,17,-0.11627394915313599,-0.07571896586650356,16,64,1,0
Whole universe,r15_r07,r15,r07,both,678,662,39,85,-0.0805398218624589,-0.6826045991817892,-0.5805411221090406,45,1,2,2,50548,41.0,9,-0.078644365741116,-0.03608875837708925,17,118,4,4
Whole universe,r15_r08,r15,r08,both,678,662,26,44,-0.10207159943436461,-0.7342642792132,-0.646023971565427,29,1,2,4,42982,31.0,13,-0.10078026277833463,-0.05609972703806715,12,85,1,1
Whole universe,r15_r09,r15,r09,both,678,662,45,102,-0.07675734136075402,-0.6641499881347116,-0.5478441686976607,57,0,1,0,52366,44.0,18,-0.07282644002618732,-0.0281402667037845,17,106,1,1
Whole universe,r15_r10,r15,r10,both,678,662,44,95,-0.07838373387552638,-0.6655311675222995,-0.5559563205184478,53,0,1,1,51610,43.0,16,-0.07496214161146386,-0.03069824984910463,19,111,1,1
Whole universe,r15_r11,r15,r11,both,678,662,51,91,-0.08555453729775786,-0.68349006192164,-0.5931628235300516,49,1,1,3,48653,38.0,18,-0.08237491692334131,-0.03628919627904814,20,110,2,1
Whole universe,r15_r12,r15,r12,both,678,662,40,57,-0.09505314095261891,-0.7275856771012025,-0.6317893339268154,33,1,12,4,29949,12.0,20,-0.09672175936348304,-0.049493648893542797,19,77,1,1
Whole universe,r15_r13,r15,r13,both,678,662,91,149,-0.05023136286466118,-0.5734741853516048,-0.4009102215432976,95,1,3,0,37587,21.0,34,-0.04867817086668458,-0.007688099805235604,26,212,3,1
Whole universe,r15_r14,r15,r14,both,678,662,58,103,-0.06741318608161462,-0.6358244840610139,-0.49653530389903505,58,1,5,1,34584,17.0,15,-0.0673456626431333,-0.02448919213482259,15,138,2,1
Whole universe,r15_r15,r15,r15,both,678,662,102,176,-0.04542552173577147,-0.553009146619282,-0.36975677163903975,107,0,3,1,38372,22.0,41,-0.04351552946426024,0.0,39,0,7,5
Whole universe,r15_r16,r15,r16,both,678,662,98,184,-0.04484355537545626,-0.5546709540217406,-0.3693351279716746,108,0,3,1,38050,21.0,41,-0.044126307958327615,-0.0015319205142623193,46,179,7,5
Whole universe,r15_r17,r15,r17,both,678,662,94,165,-0.05070328265437407,-0.5715614762333647,-0.40908711677313836,96,1,3,1,36683,19.0,42,-0.04805734175546378,-0.007526708294487372,31,248,4,4
Whole universe,r15_r18,r15,r18,both,678,662,96,142,-0.056849396242761474,-0.6066651130535228,-0.425243415277496,101,1,344,7,26107,4.0,63,-0.050799263463862154,-0.0086792546145259,57,272,14,13
Whole universe,r15_r19,r15,r19,both,678,662,181,267,-0.025385819658506947,-0.4812893339970514,-0.21214177820032482,180,1,111,0,28920,7.0,103,-0.02250629720952063,0.020016011908962406,104,503,31,26
Whole universe,r15_r20,r15,r20,both,678,662,156,212,-0.036380495810516944,-0.5196505995431587,-0.2932155672808736,153,1,183,0,27849,6.0,68,-0.032138526887816765,0.011171977969366087,64,422,16,15
Whole universe,r15_r21,r15,r21,both,678,662,204,301,-0.02064222970938928,-0.45846102915429365,-0.17321194209663554,212,1,98,1,29158,7.0,145,-0.01699463448807792,0.025637329151080357,141,556,49,40
Whole universe,r15_r22,r15,r22,both,678,662,203,294,-0.02145736570566753,-0.4613414607371328,-0.18029412716171422,208,1,103,1,29059,7.0,146,-0.01863203272290015,0.02566821814893161,143,555,47,38
Whole universe,r15_r23,r15,r23,both,678,662,194,275,-0.025439634098930908,-0.4764485421893204,-0.2191824422904129,188,1,133,1,28584,7.0,115,-0.02068128572828065,0.022108388468701057,109,522,28,22
Whole universe,r15_r24,r15,r24,both,678,662,46,95,-0.07850296861263317,-0.6667605545476094,-0.5578714941175058,54,0,1,1,51715,43.0,16,-0.07503820928460392,-0.03066676758467579,19,109,1,1
Whole universe,r16_r00,r16,r00,both,678,662,21,33,-0.1327372244007658,-0.8099608263827691,-0.7595471053060416,17,1,1,4,37149,28.0,15,-0.1325156574647115,-0.09006262174483298,9,52,0,0
Whole universe,r16_r01,r16,r01,both,678,662,31,64,-0.10275858779226249,-0.7438607207780277,-0.6588215009366047,33,1,1,2,60624,58.0,8,-0.10005354894993584,-0.057215340714858065,7,82,0,0
Whole universe,r16_r02,r16,r02,both,678,662,30,45,-0.12045551081688866,-0.7761626686291435,-0.713220789967896,25,1,1,3,47583,40.0,14,-0.11566748645652297,-0.07347363533931928,9,72,0,0
Whole universe,r16_r03,r16,r03,both,678,662,34,76,-0.09806193776407018,-0.7290428081762581,-0.6418560760549752,35,0,1,0,63883,63.0,13,-0.0952263734416553,-0.049580794470681866,13,77,1,1
Whole universe,r16_r04,r16,r04,both,678,662,35,73,-0.1018429341062565,-0.7278229836112426,-0.6455334705829558,37,0,1,1,62579,61.0,15,-0.09813269225918564,-0.05105298102193373,11,76,0,0
Whole universe,r16_r05,r16,r05,both,678,662,38,73,-0.10804819404674648,-0.7525901313142145,-0.6882539759230674,36,0,1,1,57555,53.0,17,-0.10454211802923336,-0.06050095826101237,12,77,0,0
Whole universe,r16_r06,r16,r06,both,678,662,27,40,-0.11986734004181016,-0.7858167990790696,-0.7221266692900933,24,1,3,5,33733,21.0,17,-0.11643028615614959,-0.07674326977265544,14,64,1,0
Whole universe,r16_r07,r16,r07,both,678,662,43,89,-0.08132185299856493,-0.6777942701065961,-0.5715222005831162,46,1,2,2,49747,41.0,10,-0.07883879170917502,-0.03547727360781139,16,121,2,2
Whole universe,r16_r08,r16,r08,both,678,662,28,49,-0.09904369491355092,-0.7326020096696518,-0.6392080634932595,29,1,2,4,42207,31.0,12,-0.10021945375359198,-0.05578958788374744,11,91,2,2
Whole universe,r16_r09,r16,r09,both,678,662,50,100,-0.07417458061556459,-0.6587052786545907,-0.5519688855075284,52,0,1,0,51563,44.0,19,-0.07258598533941446,-0.02818543696420367,17,109,1,1
Whole universe,r16_r10,r16,r10,both,678,662,47,101,-0.07744483091224474,-0.6644123744986968,-0.5588226053210171,51,0,1,1,50807,43.0,16,-0.07503455229864431,-0.029473935783642824,19,107,1,1
Whole universe,r16_r11,r16,r11,both,678,662,52,94,-0.0846086405661387,-0.6855279026651899,-0.5899140027650813,49,1,1,3,47851,38.0,19,-0.08265588874582291,-0.03591375604381142,20,113,1,1
Whole universe,r16_r12,r16,r12,both,678,662,39,55,-0.09466626422896385,-0.7276993216216351,-0.6230711265066652,35,1,12,4,29224,12.0,21,-0.09729316496191459,-0.051122603202998274,20,73,0,0
Whole universe,r16_r13,r16,r13,both,678,662,89,157,-0.04893092793626208,-0.5738951352614577,-0.38928291431651624,95,1,3,0,36803,21.0,33,-0.048316330041105915,-0.006690325181704149,26,234,3,1
Whole universe,r16_r14,r16,r14,both,678,662,57,104,-0.06710207100524673,-0.6354509826611437,-0.49546774366228225,58,1,5,1,33813,17.0,18,-0.06770046069948638,-0.02392032052844717,16,141,2,1
Whole universe,r16_r15,r16,r15,both,678,662,105,180,-0.04475664603081875,-0.5501728257341678,-0.36252257295758994,108,0,3,1,37589,22.0,42,-0.0433575488699926,0.0015365993521765375,39,437,8,6
Whole universe,r16_r16,r16,r16,both,678,662,100,180,-0.043520887297640254,-0.5553531005687564,-0.37018093439703015,105,0,3,1,37267,21.0,41,-0.04420469532956944,0.0,46,0,8,6
Whole universe,r16_r17,r16,r17,both,678,662,98,166,-0.04919710251312026,-0.5749595505807519,-0.3995001630884171,105,1,3,1,35900,19.0,41,-0.04836603339629836,-0.007471749403918371,31,242,5,4
Whole universe,r16_r18,r16,r18,both,678,662,106,152,-0.055595653178982296,-0.6103396002751662,-0.42871642590368414,106,1,344,7,25345,4.0,64,-0.05103234062401718,-0.008795872868833265,60,281,16,14
Whole universe,r16_r19,r16,r19,both,678,662,190,270,-0.025034240332950375,-0.47643515846467477,-0.20324865874024034,193,1,111,0,28136,7.0,105,-0.02231775032823713,0.020339300646933733,104,499,34,28
Whole universe,r16_r20,r16,r20,both,678,662,167,216,-0.034068563849164735,-0.5187908990491032,-0.2847199207899628,154,1,183,0,27069,6.0,69,-0.032063531310995375,0.011771798252265209,65,426,16,15
Whole universe,r16_r21,r16,r21,both,678,662,210,307,-0.020415376374567917,-0.45380781705908463,-0.16446466576775903,217,1,98,1,28375,7.0,144,-0.017042123430407508,0.025336698600278373,141,552,52,45
Whole universe,r16_r22,r16,r22,both,678,662,210,302,-0.02206137488171439,-0.463740251321758,-0.17706938989998972,214,1,103,1,28276,7.0,145,-0.01868584557892372,0.024820078615620855,143,551,49,43
Whole universe,r16_r23,r16,r23,both,678,662,192,278,-0.024390837117906183,-0.4731668622709482,-0.20561127670894225,197,1,133,1,27801,7.0,116,-0.020711627390246068,0.022356487199900354,109,516,35,27
Whole universe,r16_r24,r16,r24,both,678,662,49,100,-0.07757120259691158,-0.6649454678011013,-0.5563130507772908,51,0,1,1,50912,43.0,16,-0.07503455229864425,-0.029134972654704994,19,106,1,1
Whole universe,r17_r00,r17,r00,both,678,662,34,49,-0.12511009305339987,-0.8086102734744873,-0.7361928150542688,35,1,2,5,32583,26.0,14,-0.13192116605139798,-0.08538763333909694,12,61,1,1
Whole universe,r17_r01,r17,r01,both,678,662,58,104,-0.09065184173637675,-0.732340430041708,-0.6336729379502806,59,1,2,1,54195,54.0,10,-0.09477273615196158,-0.04778609598983641,11,103,1,0
Whole universe,r17_r02,r17,r02,both,678,662,48,73,-0.10843280840901776,-0.7609519414466767,-0.6756386883356614,50,1,2,3,42143,37.0,14,-0.1138108770312316,-0.06494789762518477,10,88,0,0
Whole universe,r17_r03,r17,r03,both,678,662,67,117,-0.08417948389208313,-0.7089534774271361,-0.5979154407244832,71,0,1,0,57162,59.0,13,-0.09335071344622903,-0.04014894740739988,12,102,4,4
Whole universe,r17_r04,r17,r04,both,678,662,64,114,-0.08722378936062825,-0.7173248558591607,-0.6064789858723625,73,0,1,1,55928,57.0,14,-0.09438703332452969,-0.042070146758794724,10,99,3,3
Whole universe,r17_r05,r17,r05,both,678,662,65,106,-0.09900836153438225,-0.7340713287784122,-0.6411480818307846,69,0,1,1,51250,50.0,17,-0.1026671309801922,-0.05094747594208138,12,85,0,0
Whole universe,r17_r06,r17,r06,both,678,662,43,54,-0.11242102420876965,-0.7751923611066855,-0.699588761937927,36,1,3,5,29973,21.0,16,-0.11912026734114267,-0.07402452818661737,13,70,1,1
Whole universe,r17_r07,r17,r07,both,678,662,71,120,-0.07174598967979284,-0.6714968872232409,-0.5375881577964915,75,1,2,1,45202,40.0,13,-0.07810956131608948,-0.029825241465816943,14,146,1,1
Whole universe,r17_r08,r17,r08,both,678,662,49,84,-0.09407510471987451,-0.7221846778814616,-0.6181403481515721,54,1,2,4,37955,30.0,10,-0.10246304997953115,-0.05300710493705907,13,94,2,2
Whole universe,r17_r09,r17,r09,both,678,662,83,140,-0.06680921603356393,-0.6539672318931156,-0.5139933093419646,80,0,2,0,46942,43.0,19,-0.07247578323201254,-0.02261126470687791,16,161,3,2
Whole universe,r17_r10,r17,r10,both,678,662,73,140,-0.06685477661003825,-0.65975935028094,-0.5085594563435143,82,0,2,1,46200,42.0,15,-0.07440636382824956,-0.025049561667338127,18,159,1,0
Whole universe,r17_r11,r17,r11,both,678,662,77,134,-0.07516166898227922,-0.6780737682224478,-0.5450274353991933,81,1,2,3,43326,38.0,19,-0.08163519181177692,-0.03214872344812969,18,109,3,3
Whole universe,r17_r12,r17,r12,both,678,662,55,75,-0.08952372482477056,-0.7197772984878814,-0.591054359480434,62,1,12,4,25480,12.0,22,-0.09740902705874249,-0.04965621266560233,19,84,2,2
Whole universe,r17_r13,r17,r13,both,678,662,134,194,-0.040740136825683504,-0.5740651587284992,-0.34382786598553294,137,1,3,0,32725,21.0,35,-0.04889909548578547,0.0006908448431835468,26,351,8,3
Whole universe,r17_r14,r17,r14,both,678,662,96,144,-0.060130793029467666,-0.63025398497025,-0.4581498677116686,96,1,5,1,29807,17.0,19,-0.06902128785490397,-0.020200634937090955,20,138,4,3
Whole universe,r17_r15,r17,r15,both,678,662,151,222,-0.03437202645400672,-0.5628537568303273,-0.2955208069445946,152,0,3,1,33518,22.0,40,-0.04355459064541073,0.007679254362342791,39,413,13,7
Whole universe,r17_r16,r17,r16,both,678,662,153,226,-0.03505597391150411,-0.5576195310997369,-0.29537203473276635,155,0,3,1,33196,21.0,43,-0.04471794258934264,0.007653179134218702,46,418,16,10
Whole universe,r17_r17,r17,r17,both,678,662,142,209,-0.04142996324597453,-0.5680587114384057,-0.3429806887839654,155,1,3,1,31828,19.0,39,-0.04839675920537395,0.0,31,0,8,6
Whole universe,r17_r18,r17,r18,both,678,662,144,188,-0.04714249843384749,-0.6082357627732482,-0.37352810996114,147,1,344,7,21411,4.0,61,-0.05202315900569582,-0.004038572489763137,59,306,14,13
Whole universe,r17_r19,r17,r19,both,678,662,256,316,-0.016704487003677215,-0.483063436945439,-0.14399637883223199,253,1,111,0,24059,7.0,100,-0.02238144237475781,0.02642507607529948,104,523,43,33
Whole universe,r17_r20,r17,r20,both,678,662,208,269,-0.02543671621170218,-0.5192575285097728,-0.21403378576780524,209,1,183,0,23026,6.0,68,-0.03202308307029611,0.015521027375496876,63,456,18,16
Whole universe,r17_r21,r17,r21,both,678,662,282,345,-0.010910295669770753,-0.46903536448323896,-0.09283758275067283,276,1,98,1,24305,7.0,142,-0.017176690666485417,0.030823729745548645,141,543,62,52
Whole universe,r17_r22,r17,r22,both,678,662,278,344,-0.01096419075827837,-0.4695592158078727,-0.09271542208169375,276,1,103,1,24206,7.0,144,-0.01883513783760704,0.030277580767892887,143,548,60,51
Whole universe,r17_r23,r17,r23,both,678,662,254,325,-0.015468803116824636,-0.47311927736961457,-0.12863967630978834,255,1,133,1,23731,7.0,115,-0.02073392558711029,0.028109201159338293,109,534,42,30
Whole universe,r17_r24,r17,r24,both,678,662,77,139,-0.06685477661003825,-0.6590073505048502,-0.5091147500514666,81,0,2,1,46305,42.0,18,-0.07457561532074192,-0.02469272613261575,20,158,1,0
Whole universe,r18_r00,r18,r00,both,678,662,93,106,-0.0753612792582175,-0.7328916103234294,-0.5501102439510687,96,2,4,6,16318,18.0,14,-0.10811381203118892,-0.04913590920849642,9,109,1,1
Whole universe,r18_r01,r18,r01,both,678,662,158,209,-0.04528316833903567,-0.6514829399897071,-0.3970565882877149,185,1,1,2,29880,38.0,12,-0.07585031605683368,-0.019548031812248512,12,238,0,0
Whole universe,r18_r02,r18,r02,both,678,662,130,162,-0.056983125964326586,-0.6834275218262191,-0.4418256339982839,142,1,2,2,21894,26.0,16,-0.08958868314713464,-0.031131191391421675,10,168,4,2
Whole universe,r18_r03,r18,r03,both,678,662,177,238,-0.038275471118535576,-0.6275337522134998,-0.3521819599415562,199,1,1,0,31809,40.0,20,-0.07017977848414925,-0.01199051035798987,15,265,3,1
Whole universe,r18_r04,r18,r04,both,678,662,182,234,-0.03847021708032239,-0.6376030667706365,-0.3499270303894754,198,1,1,0,30861,39.0,19,-0.07152796292781816,-0.014398199993710226,13,251,3,1
Whole universe,r18_r05,r18,r05,both,678,662,172,209,-0.04672995546096714,-0.6571398549600824,-0.391191784502049,181,1,1,0,27601,35.0,19,-0.07916212439201731,-0.02229596586442406,14,226,0,0
Whole universe,r18_r06,r18,r06,both,678,662,104,117,-0.07385830450854064,-0.7273389636713034,-0.5245331758274424,113,3,6,6,14185,14.0,17,-0.10385742943552023,-0.04325402395471345,14,137,1,0
Whole universe,r18_r07,r18,r07,both,678,662,195,249,-0.02705279454928694,-0.6005631958948393,-0.2839933226325767,213,2,2,2,23317,28.0,13,-0.060688218766563495,-0.005844521384581747,18,297,7,5
Whole universe,r18_r08,r18,r08,both,678,662,150,183,-0.0453530451204881,-0.6605566086991611,-0.38043760692137074,163,2,2,2,18739,21.0,14,-0.07966479904731921,-0.021637161075838185,12,204,3,1
Whole universe,r18_r09,r18,r09,both,678,662,217,282,-0.021906831039631813,-0.5832821724601236,-0.22344486761411764,244,1,2,0,24465,29.0,25,-0.05348246111107513,0.0005379747985291283,25,337,8,4
Whole universe,r18_r10,r18,r10,both,678,662,218,275,-0.023086478288914747,-0.586781913308297,-0.21825291971948346,237,1,2,0,23920,28.5,27,-0.05558897739999863,-0.001349764007615717,28,325,7,6
Whole universe,r18_r11,r18,r11,both,678,662,211,256,-0.03155395577955944,-0.6077610644540132,-0.2917042335416292,229,1,2,1,21941,26.0,25,-0.0630646026835941,-0.006187977722081572,22,286,3,1
Whole universe,r18_r12,r18,r12,both,678,662,135,159,-0.06253188247282782,-0.693508534102462,-0.45997233385865716,142,6,17,4,11741,11.0,23,-0.0906353178835998,-0.033198626194462066,18,158,0,0
Whole universe,r18_r13,r18,r13,both,678,662,274,321,-0.010460343391191451,-0.5513691006116891,-0.11511034619995097,282,3,4,0,16848,18.0,35,-0.047130958053778205,0.00782005417353604,37,387,10,5
Whole universe,r18_r14,r18,r14,both,678,662,210,244,-0.028331268761368378,-0.6061721494968856,-0.246656582036411,218,3,6,1,14675,15.0,23,-0.06156046469997872,-0.008120945657772605,14,264,2,1
Whole universe,r18_r15,r18,r15,both,678,662,298,348,-0.00544918592856608,-0.5391526926294257,-0.07385832983150403,298,3,3,1,17534,19.0,45,-0.041026882921469054,0.014304639792150964,52,409,17,9
Whole universe,r18_r16,r18,r16,both,678,662,297,333,-0.007511980117666073,-0.5430697576959516,-0.07802788338027988,303,3,3,1,17258,18.0,52,-0.04082191612659902,0.013397003334059743,50,407,14,7
Whole universe,r18_r17,r18,r17,both,678,662,280,312,-0.010244611537140569,-0.5590321314899778,-0.126672409930701,290,3,4,1,16082,17.0,38,-0.04374181312246489,0.008765188944929614,37,388,9,6
Whole universe,r18_r18,r18,r18,both,678,662,246,265,-0.023621118012744635,-0.6009471689410596,-0.1997620642601875,243,19,347,8,7809,4.0,60,-0.053509008695161175,0.0,55,0,18,11
Whole universe,r18_r19,r18,r19,both,678,662,381,409,0.009068681639755605,-0.4892775833101085,0.0804388332870708,377,5,113,0,9824,7.0,105,-0.023453515932559954,0.031950067232279666,103,555,33,24
Whole universe,r18_r20,r18,r20,both,678,662,341,364,0.00233777830949089,-0.5171999797043287,0.0015102141280153303,338,9,183,0,8950,6.0,66,-0.0334044348470815,0.02194254550054009,63,512,17,14
Whole universe,r18_r21,r18,r21,both,678,662,393,429,0.015075339224604689,-0.47833141686119846,0.12073710050663833,389,5,100,1,10077,7.0,139,-0.017466808141560486,0.03769255960535578,142,558,56,43
Whole universe,r18_r22,r18,r22,both,678,662,391,417,0.014158122205018664,-0.47968018150501734,0.11064210220936077,387,5,105,1,9979,7.0,137,-0.0197501839170659,0.03769255960535578,142,558,57,43
Whole universe,r18_r23,r18,r23,both,678,662,384,406,0.011083521998404344,-0.4915305211510176,0.0897463340025405,381,5,135,1,9508,7.0,105,-0.021457291079334473,0.033464438474735736,108,550,33,25
Whole universe,r18_r24,r18,r24,both,678,662,217,273,-0.02310740067371103,-0.5880706078700297,-0.22504909551286856,238,1,2,0,24016,29.0,31,-0.05564789111319457,-0.0004718500021003713,29,328,7,6
Whole universe,r19_r00,r19,r00,both,678,662,24,39,-0.12513487070750645,-0.7977670519764922,-0.7394682193796172,27,1,2,4,29212,27.0,13,-0.13023310760185453,-0.10613103177999356,10,30,0,0
Whole universe,r19_r01,r19,r01,both,678,662,36,63,-0.09523423341442433,-0.7117294748059424,-0.6402896603350701,34,1,1,2,49582,56.0,10,-0.09864341497669638,-0.07595501046183561,7,37,0,0
Whole universe,r19_r02,r19,r02,both,678,662,36,52,-0.1089644700514682,-0.752751562439268,-0.6865382666298177,33,1,1,3,38071,39.0,15,-0.11395053593563226,-0.09119362351264804,11,43,0,0
Whole universe,r19_r03,r19,r03,both,678,662,41,77,-0.09226348875151402,-0.6980711719323638,-0.6213460166571485,42,0,1,0,52654,60.0,14,-0.09392795930881731,-0.07016507548316991,13,49,0,0
Whole universe,r19_r04,r19,r04,both,678,662,42,78,-0.0952269066769369,-0.7033010731995124,-0.6256581309121791,42,0,1,1,51383,59.0,16,-0.09599009788305535,-0.07224595546351509,11,43,0,0
Whole universe,r19_r05,r19,r05,both,678,662,43,68,-0.09996011638439983,-0.7266258377965037,-0.6557110863311935,41,1,1,1,46533,51.0,17,-0.104848935709351,-0.07870431866953853,11,46,1,1
Whole universe,r19_r06,r19,r06,both,678,662,39,43,-0.11333935828501096,-0.7557206834229222,-0.699946951486385,36,2,4,5,25789,21.0,11,-0.11514998536969734,-0.09440682545043083,9,34,0,0
Whole universe,r19_r07,r19,r07,both,678,662,44,84,-0.07503305913967634,-0.6387783325559165,-0.5449419158160589,49,1,2,2,39442,40.5,11,-0.07869526993586484,-0.05448347726565167,17,55,0,0
Whole universe,r19_r08,r19,r08,both,678,662,34,54,-0.09217069278540291,-0.7109340128901083,-0.6200750824386315,39,1,2,4,32884,30.0,13,-0.09935737492865898,-0.07681022564250406,11,46,0,0
Whole universe,r19_r09,r19,r09,both,678,662,51,97,-0.07073023250441896,-0.6288402109342486,-0.5269153599615778,55,0,1,0,41214,43.0,19,-0.07214834800016318,-0.04891333872037562,18,65,1,0
Whole universe,r19_r10,r19,r10,both,678,662,54,94,-0.07179029401646037,-0.6303892072470201,-0.5215041431925903,57,0,1,1,40468,42.0,17,-0.07388982409570843,-0.05202913294678274,19,70,0,0
Whole universe,r19_r11,r19,r11,both,678,662,49,85,-0.07689508731580441,-0.6493240146922994,-0.5435352483573713,54,1,1,3,37569,38.0,19,-0.08114970193295751,-0.0576081639828952,22,65,0,0
Whole universe,r19_r12,r19,r12,both,678,662,51,64,-0.09208699578998836,-0.7101348118362941,-0.6068407148855874,52,4,12,4,20898,12.0,22,-0.09644434780266414,-0.07158002808487623,18,53,0,0
Whole universe,r19_r13,r19,r13,both,678,662,94,149,-0.04269476553806034,-0.5406383831980568,-0.3577200444915339,101,3,3,0,26877,21.0,28,-0.04870307581819783,-0.02616481083631189,26,117,1,1
Whole universe,r19_r14,r19,r14,both,678,662,69,98,-0.0642190899704369,-0.6076500516150595,-0.4808623133933773,68,3,5,1,24354,17.0,16,-0.0674316036030505,-0.04349597311648956,15,74,0,0
Whole universe,r19_r15,r19,r15,both,678,662,124,177,-0.037785261438410656,-0.5226097120075422,-0.33112216985990794,123,1,3,1,27669,22.0,37,-0.04329368022510216,-0.020372515346238684,39,159,3,2
Whole universe,r19_r16,r19,r16,both,678,662,123,175,-0.03868608444521021,-0.5247831232213596,-0.329327727564313,126,1,3,1,27347,21.0,39,-0.04435018343054642,-0.020575408756043745,46,163,4,4
Whole universe,r19_r17,r19,r17,both,678,662,109,156,-0.04475094798494178,-0.5387478728375252,-0.3488498050311316,110,2,3,1,25980,19.0,33,-0.04862221878711831,-0.026745667461272937,31,139,2,1
Whole universe,r19_r18,r19,r18,both,678,662,116,143,-0.05043392545513459,-0.5828331367267418,-0.3828148155694177,112,6,344,7,16144,4.0,56,-0.051062119589180444,-0.030701171108837244,54,108,7,6
Whole universe,r19_r19,r19,r19,both,678,662,201,276,-0.01903081790699923,-0.43520089488409036,-0.15847142566573447,197,3,111,0,18211,7.0,106,-0.02218456699488358,0.0,104,0,22,19
Whole universe,r19_r20,r19,r20,both,678,662,166,207,-0.029876865383422935,-0.48048404039561904,-0.2426193349040192,162,3,183,0,17325,6.0,65,-0.03203808196668373,-0.010418587717159589,66,160,10,9
Whole universe,r19_r21,r19,r21,both,678,662,239,302,-0.01421861852464884,-0.41689154668179096,-0.1251237726319488,235,3,98,1,18458,7.0,144,-0.017216034178577533,0.0059514969198969925,141,492,37,34
Whole universe,r19_r22,r19,r22,both,678,662,235,295,-0.01485796279134971,-0.41973321359510884,-0.12889940370058922,231,3,103,1,18359,7.0,144,-0.018967895057408868,0.004970500599441263,143,466,38,35
Whole universe,r19_r23,r19,r23,both,678,662,215,270,-0.019495227597390252,-0.4291883887087584,-0.1615536091634549,211,3,133,1,17884,7.0,112,-0.02066367251070922,0.0,109,323,25,20
Whole universe,r19_r24,r19,r24,both,678,662,55,95,-0.07179029401646037,-0.6300734415501119,-0.5238736025980167,57,0,1,1,40573,42.0,18,-0.07453888694200894,-0.05202913294678274,18,70,0,0
Whole universe,r20_r00,r20,r00,both,678,662,65,77,-0.09756745686890206,-0.7570325837712036,-0.638486580786314,70,2,3,4,21078,21.0,18,-0.11710041973674645,-0.08520981206398232,12,49,0,0
Whole universe,r20_r01,r20,r01,both,678,662,116,168,-0.066013290049457,-0.6787589550622775,-0.5099884698498041,126,1,1,2,36914,45.0,13,-0.08451736106693847,-0.04922855422552158,15,90,0,0
Whole universe,r20_r02,r20,r02,both,678,662,91,116,-0.08092294250163606,-0.7121480964837588,-0.557745019227319,97,1,2,3,27477,30.5,21,-0.09978900548263764,-0.06584410121777018,11,69,1,1
Whole universe,r20_r03,r20,r03,both,678,662,127,174,-0.059185449691380065,-0.6589604348313538,-0.4670482889361961,138,1,1,0,39268,48.0,14,-0.07958113551035867,-0.044814865502880497,18,99,0,0
Whole universe,r20_r04,r20,r04,both,678,662,125,174,-0.060143576681040034,-0.6620173441745691,-0.47029870134961643,134,1,1,1,38192,46.0,16,-0.08101307564235039,-0.04622196887683616,14,99,0,0
Whole universe,r20_r05,r20,r05,both,678,662,121,158,-0.0687945047597815,-0.6868986585453563,-0.49970772603746283,122,1,1,1,34308,41.0,16,-0.08623845567396421,-0.05316222014156419,17,86,1,1
Whole universe,r20_r06,r20,r06,both,678,662,77,86,-0.08879944371620985,-0.7336241842573249,-0.5991379447753803,88,3,4,5,18363,17.0,21,-0.10776559267531671,-0.07620610489835705,15,55,1,1
Whole universe,r20_r07,r20,r07,both,678,662,147,197,-0.04823211482220763,-0.6184486495868531,-0.4037062847827813,165,2,2,2,29036,33.0,21,-0.06635946399544079,-0.03247988176781841,22,134,0,0
Whole universe,r20_r08,r20,r08,both,678,662,107,141,-0.06684903927618524,-0.6782193974588799,-0.4835000192374932,124,2,2,3,23628,24.0,18,-0.08672610518020107,-0.05527974815956693,11,72,1,1
Whole universe,r20_r09,r20,r09,both,678,662,155,220,-0.0415493617845894,-0.6068255596378179,-0.3546313496778757,173,1,2,0,30435,35.0,24,-0.0608420198000611,-0.025426021999499004,28,149,4,4
Whole universe,r20_r10,r20,r10,both,678,662,151,220,-0.04336816787483416,-0.6124650557104457,-0.36320168507430967,169,1,2,1,29812,34.0,26,-0.061489734105588945,-0.02789026490579949,29,145,3,3
Whole universe,r20_r11,r20,r11,both,678,662,158,190,-0.050858620358940954,-0.6241668976843076,-0.4079737489781661,163,1,2,2,27451,31.0,28,-0.06871774082659271,-0.034391870913054345,29,131,0,0
Whole universe,r20_r12,r20,r12,both,678,662,111,124,-0.07614531616604547,-0.6988958598435393,-0.540366447088338,116,5,13,1,14865,11.0,28,-0.09309866711633596,-0.06027950526943143,22,78,2,1
Whole universe,r20_r13,r20,r13,both,678,662,212,250,-0.02545600664711206,-0.5503504559091155,-0.22764326274826074,218,3,4,0,20286,19.0,36,-0.04593151833319181,-0.013399838738795578,41,229,12,6
Whole universe,r20_r14,r20,r14,both,678,662,170,203,-0.046043532242018514,-0.6166040628592763,-0.36329982495413515,171,3,6,1,17923,16.0,27,-0.06466411244712877,-0.033071506499021075,16,111,1,1
Whole universe,r20_r15,r20,r15,both,678,662,221,295,-0.02032913582935697,-0.535349879525691,-0.18373300009388466,228,3,3,1,21034,20.0,48,-0.04141422768755432,-0.007188192150185624,46,271,16,12
Whole universe,r20_r16,r20,r16,both,678,662,216,291,-0.02027313446086587,-0.5317591976363123,-0.18490151552177492,225,3,3,1,20735,20.0,53,-0.04168098342920834,-0.007510216366450606,49,260,16,13
Whole universe,r20_r17,r20,r17,both,678,662,216,262,-0.025932687823022382,-0.5518209035707524,-0.2286188103711453,225,3,3,1,19455,18.0,42,-0.044124187043721064,-0.01276396212520503,40,224,14,7
Whole universe,r20_r18,r20,r18,both,678,662,204,222,-0.0377728029155463,-0.5988327789753416,-0.28563065010375627,201,10,344,7,10504,4.0,61,-0.05260990396389853,-0.02106443202306779,54,141,9,7
Whole universe,r20_r19,r20,r19,both,678,662,315,350,-0.0039190207896211415,-0.4754215985528936,-0.03429397263029976,312,5,111,0,12535,7.0,102,-0.023066547275568783,0.010672324599342309,104,488,36,29
Whole universe,r20_r20,r20,r20,both,678,662,266,303,-0.013291121119023752,-0.5116284849062007,-0.10806696128109666,263,7,181,0,11656,6.0,68,-0.033021613984133724,0.0,65,0,16,15
Whole universe,r20_r21,r20,r21,both,678,662,340,377,0.0009256748007299143,-0.4570589158148856,0.0005929912597961717,337,5,98,1,12788,7.0,142,-0.017406146406013456,0.015840676721513902,143,521,56,48
Whole universe,r20_r22,r20,r22,both,678,662,337,374,0.0007147615986387024,-0.46239890774369513,0.0,334,5,103,1,12689,7.0,139,-0.019310835606240362,0.015391736984521509,145,507,55,47
Whole universe,r20_r23,r20,r23,both,678,662,325,354,-0.0017831639150274747,-0.4662926495588523,-0.011569770061980567,322,5,133,1,12216,7.0,113,-0.02076754150196336,0.011365856193567336,110,517,31,27
Whole universe,r20_r24,r20,r24,both,678,662,151,218,-0.04368862299132614,-0.6113308480112972,-0.36320168507430967,167,1,2,1,29912,34.0,28,-0.06164490248179383,-0.0280619075601527,30,145,3,3
Whole universe,r21_r00,r21,r00,both,678,662,19,31,-0.13210327664178179,-0.8037974891640554,-0.7523643116364924,20,0,1,4,31852,29.0,13,-0.13040855172582028,-0.11362325115218913,9,31,0,0
Whole universe,r21_r01,r21,r01,both,678,662,24,58,-0.09980241981597604,-0.724094343201285,-0.6638910578871304,25,0,1,2,53226,59.0,8,-0.10134837274000402,-0.0812967150795792,7,37,0,0
Whole universe,r21_r02,r21,r02,both,678,662,25,41,-0.11668869454886754,-0.7648872215173315,-0.7034630228195992,26,0,1,3,41128,40.0,14,-0.11495888885111383,-0.09579562081793175,8,37,0,0
Whole universe,r21_r03,r21,r03,both,678,662,27,55,-0.0986653454847149,-0.7067343228007479,-0.6381045996528367,32,0,1,0,56521,64.0,13,-0.09673051623836881,-0.07716866050630644,13,37,0,0
Whole universe,r21_r04,r21,r04,both,678,662,25,58,-0.09984387485266527,-0.711812976472827,-0.6434633353764456,27,0,1,1,55199,62.0,16,-0.09927283349907873,-0.0789738870254898,10,41,0,0
Whole universe,r21_r05,r21,r05,both,678,662,31,56,-0.10695890188286061,-0.7425577649622704,-0.676419499886704,30,0,1,1,50105,54.0,16,-0.10723643236807862,-0.08762295827050526,11,39,0,0
Whole universe,r21_r06,r21,r06,both,678,662,28,32,-0.11657966088485855,-0.7634365981257025,-0.7134027292370173,24,1,3,5,27820,21.0,12,-0.11442610783320828,-0.09822557426747108,11,34,0,0
Whole universe,r21_r07,r21,r07,both,678,662,28,62,-0.0780797862524048,-0.655803540715676,-0.5714142411501003,34,0,2,2,41787,41.0,10,-0.07882543472074338,-0.061775415677125856,17,51,0,0
Whole universe,r21_r08,r21,r08,both,678,662,26,40,-0.09885612791750692,-0.7160840568752993,-0.6436421946160609,29,0,2,4,35120,31.0,12,-0.09849315490492971,-0.07979795510777338,13,41,0,0
Whole universe,r21_r09,r21,r09,both,678,662,38,76,-0.07439777502648348,-0.6320882331223276,-0.5448437988525662,40,0,1,0,43595,44.0,14,-0.07300260966577427,-0.054982085590748964,17,50,0,0
Whole universe,r21_r10,r21,r10,both,678,662,37,70,-0.07571987535628893,-0.6373447307554518,-0.5509419569932782,43,0,1,1,42839,43.0,16,-0.07543691899337135,-0.05680801444745609,19,55,0,0
Whole universe,r21_r11,r21,r11,both,678,662,37,65,-0.08430862849923287,-0.6574631982537793,-0.5788128092442891,38,0,1,3,39888,38.0,17,-0.083036239104604,-0.06240623498265835,20,51,0,0
Whole universe,r21_r12,r21,r12,both,678,662,31,45,-0.09379910907330835,-0.7211704618721497,-0.6203719839730635,31,2,12,4,22793,12.0,22,-0.09670099734975324,-0.07478224368470737,18,50,0,0
Whole universe,r21_r13,r21,r13,both,678,662,75,125,-0.04858302711134149,-0.55071524252108,-0.3906783361287477,79,0,3,0,28798,21.0,28,-0.048729922214620025,-0.03200894406465371,26,96,1,1
Whole universe,r21_r14,r21,r14,both,678,662,40,72,-0.06864755638816222,-0.6129929103252574,-0.49791966265508164,48,1,5,1,26275,17.0,15,-0.06692039262534444,-0.04706979638365605,15,65,0,0
Whole universe,r21_r15,r21,r15,both,678,662,95,143,-0.04402803746742401,-0.5237650761926149,-0.35550572863184127,98,0,3,1,29589,22.0,36,-0.04310974552016422,-0.025816715968499493,39,105,2,2
Whole universe,r21_r16,r21,r16,both,678,662,91,148,-0.04432418480555167,-0.5247629532827575,-0.36042434209844143,88,1,3,1,29267,21.0,34,-0.04399899625942799,-0.025159397510195414,46,109,3,3
Whole universe,r21_r17,r21,r17,both,678,662,88,130,-0.04940580874169931,-0.5473098970531002,-0.39023175882130196,88,1,3,1,27900,19.0,33,-0.04801260523716261,-0.030116080378618015,31,118,1,1
Whole universe,r21_r18,r21,r18,both,678,662,78,111,-0.05458892313383057,-0.5791744465569209,-0.4122560501202296,75,5,344,7,18049,4.0,58,-0.050601630430434696,-0.03567967046374959,54,105,6,5
Whole universe,r21_r19,r21,r19,both,678,662,158,228,-0.02377148706509341,-0.43611989764640435,-0.19462100148611872,155,3,111,0,20129,7.0,112,-0.02229814453955703,-0.005954574192598483,104,157,13,12
Whole universe,r21_r20,r21,r20,both,678,662,119,174,-0.03375467591081638,-0.4809961937168548,-0.2683650779138738,116,3,183,0,19243,6.0,67,-0.031931117690505495,-0.01528880901887314,66,136,6,6
Whole universe,r21_r21,r21,r21,both,678,662,196,273,-0.01872576471919063,-0.4096264334454089,-0.1467888369612969,193,2,98,1,20375,7.0,146,-0.01706949534719482,0.0,141,0,27,25
Whole universe,r21_r22,r21,r22,both,678,662,192,264,-0.019414784859319023,-0.41283406775020387,-0.1583388000589117,189,2,103,1,20276,7.0,146,-0.018458992466222623,-0.00017142444166901027,143,84,29,25
Whole universe,r21_r23,r21,r23,both,678,662,173,241,-0.024091345798213315,-0.42764931720071564,-0.19227645020358186,170,3,133,1,19801,7.0,118,-0.020534376302595247,-0.005735465280212015,109,194,23,16
Whole universe,r21_r24,r21,r24,both,678,662,40,72,-0.07550011777070292,-0.6358022823434011,-0.5530866717886833,43,0,1,1,42944,43.0,17,-0.07562796976196717,-0.05680970415486375,19,54,0,0
Whole universe,r22_r00,r22,r00,both,678,662,17,32,-0.13012215030386076,-0.8053564213079574,-0.7455487028151278,18,0,1,4,31398,29.0,13,-0.13004297167994594,-0.11277052701575135,9,29,0,0
Whole universe,r22_r01,r22,r01,both,678,662,24,59,-0.09988183663938155,-0.7211767193531522,-0.6610219566402579,26,0,1,2,52670,59.0,9,-0.10089189866727594,-0.08070542289535343,7,39,0,0
Whole universe,r22_r02,r22,r02,both,678,662,27,40,-0.11557824550814727,-0.7632805776586353,-0.6917618775529755,26,0,1,3,40593,40.0,14,-0.11485376600218583,-0.09555455908126509,8,35,0,0
Whole universe,r22_r03,r22,r03,both,678,662,26,59,-0.09658203520424768,-0.7050008080144896,-0.6358669576868068,29,0,1,0,55952,64.0,14,-0.09573157345385436,-0.07622294316413486,14,40,0,0
Whole universe,r22_r04,r22,r04,both,678,662,27,59,-0.09814579192691442,-0.7134810272524744,-0.6406561685055563,28,0,1,1,54631,62.0,15,-0.09958101669255465,-0.0774270720679121,10,42,0,0
Whole universe,r22_r05,r22,r05,both,678,662,33,55,-0.10651388963517927,-0.738455148739517,-0.674086573870288,31,0,1,1,49552,54.0,17,-0.10732677103736354,-0.08637151817615041,11,42,0,0
Whole universe,r22_r06,r22,r06,both,678,662,29,33,-0.11547458226082735,-0.7628502982771241,-0.7099637587690567,25,1,3,5,27380,21.0,11,-0.11479595324407377,-0.0987259463306564,11,34,0,0
Whole universe,r22_r07,r22,r07,both,678,662,28,63,-0.07781524399508566,-0.6547395418754571,-0.564846661399635,36,0,2,2,41298,41.0,10,-0.07872108449376763,-0.061394020444089314,17,53,0,0
Whole universe,r22_r08,r22,r08,both,678,662,25,38,-0.09828995688841091,-0.7155736849527388,-0.6415248217958722,30,0,2,4,34631,31.0,12,-0.09857681899613263,-0.07916298369431696,13,40,0,0
Whole universe,r22_r09,r22,r09,both,678,662,37,75,-0.07407693443949148,-0.6310773578231341,-0.5392843068710794,43,0,1,0,43105,44.0,14,-0.07304220575147885,-0.05370514041817348,17,55,0,0
Whole universe,r22_r10,r22,r10,both,678,662,35,73,-0.07391354053333926,-0.6387368259262467,-0.5411925765466731,44,0,1,1,42349,43.0,16,-0.07527662785626216,-0.056236215779713605,19,57,0,0
Whole universe,r22_r11,r22,r11,both,678,662,39,66,-0.08233889477328249,-0.6617085446276154,-0.5732067328880981,40,0,1,3,39399,38.0,17,-0.08333871518094804,-0.059699379814491194,20,51,0,0
Whole universe,r22_r12,r22,r12,both,678,662,32,44,-0.09292272197087598,-0.7141281917473796,-0.616920022844825,35,2,12,4,22326,12.0,22,-0.09669461232000726,-0.07522362252542714,19,51,0,0
Whole universe,r22_r13,r22,r13,both,678,662,76,127,-0.04808825664092653,-0.5459988701101551,-0.3883970502824232,81,0,3,0,28323,21.0,28,-0.04873272641521831,-0.031029742349629685,26,101,1,1
Whole universe,r22_r14,r22,r14,both,678,662,45,75,-0.06778514883411507,-0.6129073721494149,-0.488986248667199,51,1,5,1,25800,17.0,16,-0.06691787140242506,-0.046222396262844245,15,69,0,0
Whole universe,r22_r15,r22,r15,both,678,662,98,149,-0.042968759318787964,-0.5234279444308498,-0.357159556878426,97,0,3,1,29114,22.0,36,-0.043275523188130216,-0.02558821622512547,39,106,1,1
Whole universe,r22_r16,r22,r16,both,678,662,92,149,-0.04291817872779485,-0.5270596220577428,-0.3568303898919712,94,1,3,1,28792,21.0,36,-0.04422864984140212,-0.024833890908691758,46,110,3,3
Whole universe,r22_r17,r22,r17,both,678,662,91,131,-0.049018008626972254,-0.5381466332182664,-0.3783924921949711,89,1,3,1,27425,19.0,33,-0.047916756145249595,-0.02970056364761814,31,113,1,1
Whole universe,r22_r18,r22,r18,both,678,662,84,111,-0.05475568390937341,-0.5804579387248952,-0.40037826434744034,81,5,344,7,17577,4.0,59,-0.05012490238616912,-0.035521868816723146,54,105,4,3
Whole universe,r22_r19,r22,r19,both,678,662,173,236,-0.023743836511396,-0.4374473113691095,-0.19122760879156026,170,3,111,0,19654,7.0,111,-0.022347827432436462,-0.00488290528996399,104,191,15,14
Whole universe,r22_r20,r22,r20,both,678,662,131,178,-0.03282743885306172,-0.48070521933621374,-0.26818695284823524,128,3,183,0,18768,6.0,68,-0.03189025414476221,-0.014874167605112676,66,150,5,5
Whole universe,r22_r21,r22,r21,both,678,662,203,282,-0.01728211585012107,-0.40845434339640285,-0.14420405596866914,200,2,98,1,19900,7.0,146,-0.0171053833528928,0.00017127034485331372,141,346,30,27
Whole universe,r22_r22,r22,r22,both,678,662,200,274,-0.018919084170147538,-0.4107027199619633,-0.147563392222598,197,2,103,1,19801,7.0,147,-0.018620995222060066,0.0,143,0,32,27
Whole universe,r22_r23,r22,r23,both,678,662,180,246,-0.023328700987556295,-0.42621387851874104,-0.19114594898612736,177,3,133,1,19326,7.0,117,-0.020620636607227738,-0.005659227104966302,109,208,23,15
Whole universe,r22_r24,r22,r24,both,678,662,37,75,-0.074139289894256,-0.6384051938431846,-0.5425352481858552,43,0,1,1,42454,43.0,17,-0.07534826601972633,-0.05644420700976538,19,57,0,0
Whole universe,r23_r00,r23,r00,both,678,662,27,33,-0.12759752497877686,-0.7959587790519826,-0.7369345196296124,24,1,2,4,28327,27.0,13,-0.12979992733705775,-0.1077117556340405,9,28,0,0
Whole universe,r23_r01,r23,r01,both,678,662,38,71,-0.09534492564429586,-0.7144624171494784,-0.6384134143191382,37,0,1,2,48697,56.0,8,-0.09940206661476647,-0.07679289264296185,10,45,0,0
Whole universe,r23_r02,r23,r02,both,678,662,39,51,-0.11080752080376288,-0.7559750823903862,-0.6855970197411783,36,0,2,3,37060,39.0,14,-0.11477800340984345,-0.09095875600565112,9,42,0,0
Whole universe,r23_r03,r23,r03,both,678,662,46,81,-0.08938239432810152,-0.6988204423723205,-0.6093479814420619,47,0,1,0,51814,61.0,14,-0.09410227124185833,-0.07281851476296453,14,49,0,0
Whole universe,r23_r04,r23,r04,both,678,662,44,79,-0.09141573641770773,-0.707629421691245,-0.6153987323381571,46,0,1,1,50540,59.0,15,-0.0966269941043773,-0.07371154043147948,13,51,0,0
Whole universe,r23_r05,r23,r05,both,678,662,40,69,-0.10068073037073927,-0.733506538802031,-0.6487579868610663,46,0,1,1,45666,52.0,15,-0.10533948664019316,-0.08376231780526683,13,43,0,0
Whole universe,r23_r06,r23,r06,both,678,662,34,43,-0.11025824865639938,-0.759329064203897,-0.6935560700178237,32,1,3,5,24822,21.0,13,-0.11489424447673302,-0.09513175789855632,8,35,0,0
Whole universe,r23_r07,r23,r07,both,678,662,40,80,-0.07554859796751162,-0.6497950758837474,-0.5438405844770127,45,0,2,2,38437,41.0,11,-0.0791009010361296,-0.05735192819527529,16,61,0,0
Whole universe,r23_r08,r23,r08,both,678,662,35,51,-0.0944775031628633,-0.708248347567087,-0.6246259212884755,39,0,2,4,31867,31.0,12,-0.10074512847625539,-0.07877314680527914,10,46,0,0
Whole universe,r23_r09,r23,r09,both,678,662,57,88,-0.06892491283485125,-0.6312562693769649,-0.5130889144915041,63,0,2,0,40214,43.0,18,-0.07364613012225885,-0.05172462694877017,17,71,1,1
Whole universe,r23_r10,r23,r10,both,678,662,56,91,-0.06958284113750512,-0.6336275862274205,-0.5135964647736647,60,0,2,1,39467,42.0,18,-0.07462649023618839,-0.05292327779754746,19,81,1,1
Whole universe,r23_r11,r23,r11,both,678,662,50,89,-0.07674313677669786,-0.6497177755965209,-0.5420797289477208,51,0,2,3,36565,38.0,18,-0.08309028041739014,-0.05929020217264591,18,61,0,0
Whole universe,r23_r12,r23,r12,both,678,662,49,57,-0.08980021937703203,-0.7063957328370303,-0.6038611000037335,50,2,12,4,19783,12.0,24,-0.09766138081045889,-0.07273513632338324,18,48,0,0
Whole universe,r23_r13,r23,r13,both,678,662,100,156,-0.04446690263646447,-0.542414002811414,-0.35837104324871494,108,0,3,0,25733,21.0,32,-0.04882493501446966,-0.0275385920383871,26,129,1,1
Whole universe,r23_r14,r23,r14,both,678,662,73,95,-0.061751777200839686,-0.6149305362225761,-0.4590708441224966,74,1,5,1,23209,17.0,20,-0.06751907886396552,-0.04421219297945134,15,75,0,0
Whole universe,r23_r15,r23,r15,both,678,662,120,179,-0.038212503784673946,-0.5272638245687771,-0.3245178553708046,124,0,3,1,26528,22.0,39,-0.04327963121639816,-0.02221373642832286,39,138,4,2
Whole universe,r23_r16,r23,r16,both,678,662,118,178,-0.04030188793716699,-0.5284120370172599,-0.3291969437476777,124,1,3,1,26206,21.0,40,-0.04461495817989347,-0.022348429627803035,46,145,4,4
Whole universe,r23_r17,r23,r17,both,678,662,117,166,-0.04420202783670357,-0.545693271424895,-0.3540320233995928,117,1,3,1,24838,19.0,34,-0.04804242391785207,-0.02805968038349499,31,127,1,1
Whole universe,r23_r18,r23,r18,both,678,662,115,151,-0.04772237375742622,-0.5725982389807117,-0.3605410276417151,111,5,344,7,14998,4.0,57,-0.05053109326327326,-0.03298945722761121,54,112,6,6
Whole universe,r23_r19,r23,r19,both,678,662,217,269,-0.01738298300461605,-0.44232988652756805,-0.1515108349967424,213,4,111,0,17065,7.0,107,-0.022186649350806664,0.0,104,325,22,19
Whole universe,r23_r20,r23,r20,both,678,662,174,218,-0.028631417385890534,-0.4764432940772237,-0.2261301133827034,170,4,183,0,16179,6.0,68,-0.03204389920675488,-0.011099504529944404,66,130,9,8
Whole universe,r23_r21,r23,r21,both,678,662,254,310,-0.011929743773571366,-0.4230794858902354,-0.10599497548747677,250,3,98,1,17315,7.0,140,-0.017201314852694216,0.005788189396824905,141,461,34,33
Whole universe,r23_r22,r23,r22,both,678,662,251,302,-0.013179116066688035,-0.4221642728965502,-0.1135055410487214,247,3,103,1,17216,7.0,143,-0.01896455631748334,0.0057181083986279635,143,447,34,32
Whole universe,r23_r23,r23,r23,both,678,662,224,272,-0.017477680977160515,-0.437995398393295,-0.14359759540826061,220,4,133,1,16741,7.0,115,-0.020549413773533143,0.0,109,0,22,19
Whole universe,r23_r24,r23,r24,both,678,662,57,95,-0.06941370394148522,-0.6338345889097992,-0.514340549904731,60,0,2,1,39572,43.0,20,-0.07471324727842393,-0.05327716729215415,19,81,1,1
Whole universe,r24_r00,r24,r00,both,678,662,26,34,-0.13297933544155793,-0.8104969407005562,-0.7489118718869701,18,1,1,4,37803,28.0,15,-0.14750738821051923,-0.07186842174421731,22,100,9,9
Whole universe,r24_r01,r24,r01,both,678,662,54,143,-0.09183171349752883,-0.7291366338652243,-0.6107162616494249,54,1,1,2,69613,57.0,12,-0.09903939833205117,-0.024135670797991282,13,163,3,1
Whole universe,r24_r02,r24,r02,both,678,662,38,57,-0.11395053552178075,-0.7711301764914202,-0.684886008372561,30,1,1,3,51390,39.0,13,-0.12415699708342981,-0.04925094268823199,26,124,13,9
Whole universe,r24_r03,r24,r03,both,678,662,78,149,-0.08391513434190118,-0.7136067385323882,-0.5777529255166041,70,0,1,0,73377,61.0,19,-0.0947005464787839,-0.017475054020156866,12,185,3,1
Whole universe,r24_r04,r24,r04,both,678,662,77,147,-0.08435027926765964,-0.7168189474721495,-0.5765986063010755,67,0,1,1,72111,60.0,18,-0.09640754355461079,-0.01843084545314644,15,173,2,0
Whole universe,r24_r05,r24,r05,both,678,662,56,127,-0.0965240132017326,-0.7378033718677972,-0.6081544066679803,59,0,1,1,66480,52.0,20,-0.10760475585870405,-0.028426675276528368,19,149,2,1
Whole universe,r24_r06,r24,r06,both,678,662,33,47,-0.11985573468198496,-0.7852927860637609,-0.7121835144160787,26,1,3,5,35032,21.0,16,-0.13289113367944205,-0.05912481355347754,34,112,17,16
Whole universe,r24_r07,r24,r07,both,678,662,78,164,-0.0688915025425193,-0.6797665788526428,-0.5062768104344781,78,1,2,2,59653,41.0,8,-0.0812182426653873,-0.0056861120226903705,14,262,5,2
Whole universe,r24_r08,r24,r08,both,678,662,35,74,-0.09777024500431081,-0.7341706315566686,-0.6128255516128565,33,1,2,4,47708,31.0,12,-0.11134283755621499,-0.031394124028057746,24,174,15,8
Whole universe,r24_r09,r24,r09,both,678,662,88,190,-0.06338088670483266,-0.6628590738421822,-0.4731124282218312,90,0,1,0,61871,44.0,22,-0.0730395420369987,0.0020193536790766853,19,417,2,1
Whole universe,r24_r10,r24,r10,both,678,662,89,183,-0.0643102162699985,-0.6643993562248064,-0.4737261025722567,96,0,1,1,61090,43.0,20,-0.07521068202177139,0.0,19,29,4,2
Whole universe,r24_r11,r24,r11,both,678,662,83,169,-0.0738411131586405,-0.681084815112519,-0.5118960694690433,80,1,1,3,57603,38.0,23,-0.082408752838392,-0.007545277788653104,21,253,4,3
Whole universe,r24_r12,r24,r12,both,678,662,52,77,-0.09403761006851546,-0.7321480932661217,-0.6112876046567219,43,1,12,4,33312,12.0,21,-0.10629968868821849,-0.02843601345760105,32,206,24,16
Whole universe,r24_r13,r24,r13,both,678,662,154,281,-0.03566395130803268,-0.5844366219337961,-0.2967081043753549,156,1,3,0,46970,21.0,32,-0.049162055466013765,0.022661892218276858,32,507,19,11
Whole universe,r24_r14,r24,r14,both,678,662,97,169,-0.060156030437338026,-0.6367641987958326,-0.4508927363098405,91,1,5,1,41603,17.0,14,-0.07467308538032802,0.0007492584674996805,35,340,29,14
Whole universe,r24_r15,r24,r15,both,678,662,179,305,-0.03203693648415401,-0.5773467825739235,-0.2629983067994924,166,0,3,1,47965,22.0,41,-0.04347081095896538,0.030652522335745835,38,552,23,13
Whole universe,r24_r16,r24,r16,both,678,662,178,297,-0.03285444976943813,-0.5826835457722792,-0.27222954533914945,169,0,3,1,47622,21.0,38,-0.04455601611233251,0.029591021062006007,46,556,14,8
Whole universe,r24_r17,r24,r17,both,678,662,178,273,-0.037733865924519494,-0.5880832213987094,-0.3047800578343619,161,1,3,1,45981,19.0,40,-0.049754346278518546,0.023871708381059065,38,502,16,10
Whole universe,r24_r18,r24,r18,both,678,662,147,205,-0.05136846340937601,-0.620772229198934,-0.37299786345491737,132,1,344,7,33174,4.0,63,-0.0592022334232607,0.015657417509233162,74,404,39,34
Whole universe,r24_r19,r24,r19,both,678,662,289,405,-0.01097942229957577,-0.5080453637079558,-0.0620037934867273,270,1,111,0,38442,7.0,105,-0.022146627445132405,0.052183121875757243,108,595,48,36
Whole universe,r24_r20,r24,r20,both,678,662,232,331,-0.023582038706717323,-0.5386148895084409,-0.17666450679117868,215,1,183,0,36457,6.0,69,-0.035708174218455846,0.03920854828459097,82,545,50,37
Whole universe,r24_r21,r24,r21,both,678,662,324,425,-0.0062237504238173424,-0.49099312653053717,-0.02380424709370571,290,1,98,1,38762,7.0,148,-0.017543634882000447,0.057713990141330274,142,605,52,39
Whole universe,r24_r22,r24,r22,both,678,662,313,420,-0.006278734273954367,-0.49401896142637586,-0.0267437188482203,291,1,103,1,38656,7.0,147,-0.01859305416116125,0.05741890697595092,140,602,47,34
Whole universe,r24_r23,r24,r23,both,678,662,298,403,-0.010072689015205971,-0.5015243108159929,-0.055112124253389516,277,1,133,1,38065,7.0,112,-0.020035415704159787,0.05393808081653412,116,586,47,30
Whole universe,r24_r24,r24,r24,both,678,662,93,186,-0.06501362650448073,-0.6638482617853173,-0.47592440242903694,95,0,1,1,61198,43.0,22,-0.07478541491938168,0.0,18,0,4,2
Whole universe,r00_long,r00,,long,678,662,567,587,0.08083267920438797,-0.49277140214621623,1.1281216052637901,569,3,,0,12655,0.0,,,,,,,
Whole universe,r00_short,,r00,short,678,662,14,17,-0.13053555057206473,-0.7920488812073585,-0.754343158387557,10,2,1,4,19105,30.0,14,,,,,,
Whole universe,r01_long,r01,,long,678,662,465,557,0.02393568420113734,-0.4565014638426028,0.27688723329362397,448,1,,0,39301,0.0,,,,,,,
Whole universe,r01_short,,r01,short,678,662,6,22,-0.10236640782016415,-0.7081859048670309,-0.6593214007760878,8,1,1,2,38755,60.0,6,,,,,,
Whole universe,r02_long,r02,,long,678,662,542,570,0.06780740746891212,-0.48286175624004884,0.8988067541797845,553,3,,0,17834,0.0,,,,,,,
Whole universe,r02_short,,r02,short,678,662,13,21,-0.11685124866266167,-0.7440279665238051,-0.7039278677017424,9,1,1,3,26507,41.0,13,,,,,,
Whole universe,r03_long,r03,,long,678,662,416,534,0.012760441602338135,-0.43446046503520985,0.18316027502106746,398,1,,0,44973,0.0,,,,,,,
Whole universe,r03_short,,r03,short,678,662,12,32,-0.09688174893849949,-0.6775468902036891,-0.6441345322035614,11,1,1,0,42080,65.0,12,,,,,,
Whole universe,r04_long,r04,,long,678,662,401,513,0.01588388033408994,-0.43656599141167596,0.13328409392571727,404,1,,0,42685,0.0,,,,,,,
Whole universe,r04_short,,r04,short,678,662,15,26,-0.09961822551766347,-0.6857561307608135,-0.6531857863906145,10,1,1,1,40734,63.0,15,,,,,,
Whole universe,r05_long,r05,,long,678,662,471,552,0.03207040923929305,-0.4593082217756649,0.33701266657379847,480,1,,0,34133,0.0,,,,,,,
Whole universe,r05_short,,r05,short,678,662,14,30,-0.10812435170000145,-0.7228852986472799,-0.6801599731659247,11,1,1,1,35576,55.0,14,,,,,,
Whole universe,r06_long,r06,,long,678,662,560,570,0.07419698666117747,-0.4772539283960385,0.9284932358064806,560,3,,0,10540,0.0,,,,,,,
Whole universe,r06_short,,r06,short,678,662,12,19,-0.1147315734014609,-0.7464571474856081,-0.7076210777080807,11,3,3,5,13833,21.0,12,,,,,,
Whole universe,r07_long,r07,,long,678,662,439,514,0.020375469989995842,-0.40812946795838073,0.2196794925891129,432,1,,0,30820,0.0,,,,,,,
Whole universe,r07_short,,r07,short,678,662,9,24,-0.07928875334507102,-0.6202393533976222,-0.5663952878585607,17,2,2,2,26644,41.0,9,,,,,,
Whole universe,r08_long,r08,,long,678,662,518,544,0.05568935223967364,-0.4720501738239709,0.6347414018542736,516,3,,0,15726,0.0,,,,,,,
Whole universe,r08_short,,r08,short,678,662,10,15,-0.09881862984356388,-0.6917410630634764,-0.6456620679402232,13,3,2,4,19975,31.0,10,,,,,,
Whole universe,r09_long,r09,,long,678,662,394,486,0.008722687278255759,-0.40146936886015766,0.1051313732104685,384,1,,0,34852,0.0,,,,,,,
Whole universe,r09_short,,r09,short,678,662,15,39,-0.07334893934750125,-0.5942399737653015,-0.5385998879222775,17,1,1,0,28434,44.0,15,,,,,,
Whole universe,r10_long,r10,,long,678,662,387,484,0.01063222069475711,-0.39782472016438386,0.07000831649821015,387,1,,0,33128,0.0,,,,,,,
Whole universe,r10_short,,r10,short,678,662,16,36,-0.07561691170725066,-0.6002694651934507,-0.5449018688295829,19,1,1,1,27681,43.0,16,,,,,,
Whole universe,r11_long,r11,,long,678,662,462,520,0.022064138558517077,-0.4150000601339212,0.21031779825071695,463,1,,0,27193,0.0,,,,,,,
Whole universe,r11_short,,r11,short,678,662,18,30,-0.0842691229946711,-0.6270867902112549,-0.5759591752806663,20,1,1,3,24746,38.0,18,,,,,,
Whole universe,r12_long,r12,,long,678,662,499,514,0.0443206991601115,-0.4592834407978145,0.5407412673360914,500,13,,0,7979,0.0,,,,,,,
Whole universe,r12_short,,r12,short,678,662,17,21,-0.09517213675769465,-0.6897687412848903,-0.6228545536698166,17,17,12,4,7847,12.0,17,,,,,,
Whole universe,r13_long,r13,,long,678,662,349,411,0.0022453336217808095,-0.36026070343050054,0.01275406740898466,348,1,,0,21157,0.0,,,,,,,
Whole universe,r13_short,,r13,short,678,662,24,52,-0.048370506903510524,-0.4847695298090634,-0.3876953730173601,26,3,3,0,13610,21.0,24,,,,,,
Whole universe,r14_long,r14,,long,678,662,469,499,0.032207497343416325,-0.42146399539106777,0.3187121628144347,461,6,,0,12119,0.0,,,,,,,
Whole universe,r14_short,,r14,short,678,662,13,23,-0.06701173798566068,-0.5635360882433674,-0.49067300679029235,15,7,5,1,11086,17.0,13,,,,,,
Whole universe,r15_long,r15,,long,678,662,297,380,-0.002706503983073094,-0.3418027151350552,-0.03182786537859944,308,1,,0,23981,0.0,,,,,,,
Whole universe,r15_short,,r15,short,678,662,34,69,-0.043536628607444894,-0.4508229605436312,-0.3567845555027351,39,3,3,1,14418,22.0,34,,,,,,
Whole universe,r16_long,r16,,long,678,662,313,390,-0.0018835654946507963,-0.3428156953056003,-0.023979587416381676,315,1,,0,23197,0.0,,,,,,,
Whole universe,r16_short,,r16,short,678,662,36,65,-0.044769214098649035,-0.45508000629582057,-0.356608617299155,46,3,3,1,14096,21.0,36,,,,,,
Whole universe,r17_long,r17,,long,678,662,368,417,0.007142107908359896,-0.3628968021082665,0.05454744649640719,368,3,,0,19120,0.0,,,,,,,
Whole universe,r17_short,,r17,short,678,662,32,53,-0.04807863932687667,-0.4804580608718125,-0.3820761587561806,31,4,3,1,12728,19.0,32,,,,,,
Whole universe,r18_long,r18,,long,678,662,477,487,0.027784691292305097,-0.37282663250716264,0.2866922792871468,474,46,,0,4903,0.0,,,,,,,
Whole universe,r18_short,,r18,short,678,662,55,62,-0.051319485454505154,-0.5117192733553502,-0.3820111548665081,54,344,344,7,2954,4.0,55,,,,,,
Whole universe,r19_long,r19,,long,678,662,338,415,0.000500108546840683,-0.2910312122997663,0.0,334,14,,0,13272,0.0,,,,,,,
Whole universe,r19_short,,r19,short,678,662,106,129,-0.022090040737653305,-0.3250635519094334,-0.18635199922011753,104,111,111,0,4940,7.0,106,,,,,,
Whole universe,r20_long,r20,,long,678,662,438,461,0.01827332400806736,-0.3403522670239631,0.18791580968056132,435,22,,0,7599,0.0,,,,,,,
Whole universe,r20_short,,r20,short,678,662,67,72,-0.03193962611520523,-0.3800143094587533,-0.2569436785266738,66,183,183,0,4054,6.0,67,,,,,,
Whole universe,r21_long,r21,,long,678,662,307,376,-0.003040051345724215,-0.2693244729939017,-0.02582304359943055,304,10,,0,15190,0.0,,,,,,,
Whole universe,r21_short,,r21,short,678,662,143,173,-0.017162128905279073,-0.2871333218365651,-0.14374385170637027,141,98,98,1,5203,7.0,143,,,,,,
Whole universe,r22_long,r22,,long,678,662,315,383,-0.0018950718259115318,-0.2662895572824365,-0.011154734063648808,312,10,,0,14715,0.0,,,,,,,
Whole universe,r22_short,,r22,short,678,662,145,169,-0.018659799386687714,-0.2890575993941532,-0.15267964622638325,143,103,103,1,5104,7.0,145,,,,,,
Whole universe,r23_long,r23,,long,678,662,372,414,0.0037722049457623585,-0.29232967581113356,0.03215735938113096,368,11,,0,12126,0.0,,,,,,,
Whole universe,r23_short,,r23,short,678,662,111,136,-0.02044934648536434,-0.31632402147971006,-0.17797720455919408,109,133,133,1,4629,7.0,111,,,,,,
Whole universe,r24_long,r24,,long,678,662,409,498,0.010609956399892262,-0.397468616566152,0.11202550585201831,387,1,,0,33593,0.0,,,,,,,
Whole universe,r24_short,,r24,short,678,662,17,36,-0.075698068136126,-0.6015851971766387,-0.5456030746592104,19,1,1,1,27786,43.0,17,,,,,,
Watchlist ETFs & crypto,r00_r00,r00,r00,both,21,21,12,12,0.0075785858348524915,-0.49066851842727666,0.1106427255636544,13,0,2,0,450,9,1,-0.09927959962215516,0.0,1,0,5,1
Watchlist ETFs & crypto,r00_r01,r00,r01,both,21,21,16,17,0.05837667419906856,-0.46495151191660333,0.6867159371084657,16,0,0,0,658,14,0,-0.040922336032521045,0.058904629889154014,0,17,4,0
Watchlist ETFs & crypto,r00_r02,r00,r02,both,21,21,15,16,0.056905695984810434,-0.4305196394764378,0.43608705973490824,15,0,0,0,566,13,1,-0.04115785856275478,0.04807097522308479,3,16,8,3
Watchlist ETFs & crypto,r00_r03,r00,r03,both,21,21,17,17,0.06680952871199586,-0.4667110171472978,0.8101956396298293,17,0,0,0,673,14,1,-0.026314869551215425,0.05425413246578348,2,18,1,1
Watchlist ETFs & crypto,r00_r04,r00,r04,both,21,21,16,17,0.06680952871199586,-0.4667110171472978,0.8810952083118795,17,0,0,0,661,14,1,-0.02385234122129587,0.0462319322672361,2,18,1,1
Watchlist ETFs & crypto,r00_r05,r00,r05,both,21,21,18,18,0.06723437474677385,-0.45021463281721474,0.7971014330587542,18,0,0,0,609,13,0,-0.027833969490568933,0.0686330554113761,4,19,4,2
Watchlist ETFs & crypto,r00_r06,r00,r06,both,21,21,11,13,0.016800760587752928,-0.4929204606079892,0.12153920657192208,13,0,2,0,439,9,1,-0.100599624907871,0.0,1,7,4,1
Watchlist ETFs & crypto,r00_r07,r00,r07,both,21,21,16,18,0.057923055062187645,-0.4517050014085334,0.6796159373876762,17,0,0,0,636,14,0,-0.03526873528480712,0.04967107119146297,0,18,4,0
Watchlist ETFs & crypto,r00_r08,r00,r08,both,21,21,16,16,0.056905695984810434,-0.4311457259094802,0.4388388381469437,16,0,0,0,557,12,1,-0.041157637004107794,0.04812138900851326,3,17,8,3
Watchlist ETFs & crypto,r00_r09,r00,r09,both,21,21,16,17,0.06680952871199586,-0.4667110171472978,0.8682962431941208,18,0,0,0,655,14,1,-0.02767870820133611,0.0542541324657837,2,18,1,1
Watchlist ETFs & crypto,r00_r10,r00,r10,both,21,21,16,17,0.06680952871199586,-0.4667110171472978,0.8682962431941208,17,0,0,0,649,14,1,-0.026314869551215425,0.061468221156909975,2,17,1,1
Watchlist ETFs & crypto,r00_r11,r00,r11,both,21,21,17,19,0.06723437474677385,-0.4517050014085334,0.8292433657631024,18,0,0,0,600,13,0,-0.02342717551544471,0.06933754460376906,3,19,4,2
Watchlist ETFs & crypto,r00_r12,r00,r12,both,21,21,12,12,0.007710079730687935,-0.4929204606079892,0.1715882192485747,12,0,2,0,426,8,0,-0.06124685845909772,0.0001314938958354439,1,12,4,1
Watchlist ETFs & crypto,r00_r13,r00,r13,both,21,21,16,19,0.06284309844931513,-0.4409505859035223,0.7580774147586391,17,0,0,0,623,13,0,-0.03945097658434893,0.04967107119146297,0,18,4,0
Watchlist ETFs & crypto,r00_r14,r00,r14,both,21,21,16,16,0.056905695984810434,-0.4161748982036969,0.5060526686582896,16,0,0,0,541,11,1,-0.039948123096603005,0.04868806521306812,3,17,8,3
Watchlist ETFs & crypto,r00_r15,r00,r15,both,21,21,17,18,0.06680952871199586,-0.46403733571278316,0.8682962431941208,18,0,0,0,643,13,0,-0.026314869551215425,0.0542541324657837,2,18,1,1
Watchlist ETFs & crypto,r00_r16,r00,r16,both,21,21,17,18,0.06680952871199586,-0.46403733571278316,0.8682962431941208,17,0,0,0,640,13,1,-0.026314869551215425,0.061468221156909975,2,17,1,1
Watchlist ETFs & crypto,r00_r17,r00,r17,both,21,21,18,19,0.06767259052638086,-0.43697807768951524,0.8382814690134819,18,0,0,0,591,13,0,-0.02342717551544471,0.06933754460376884,4,19,4,2
Watchlist ETFs & crypto,r00_r18,r00,r18,both,21,21,12,16,0.01105714033235028,-0.4477405555764189,0.11563473938579127,13,0,15,0,409,4,0,-0.05938959995887494,0.020634326730253116,2,12,6,2
Watchlist ETFs & crypto,r00_r19,r00,r19,both,21,21,19,21,0.07208481711818249,-0.4336618130552644,1.0136363606815788,20,0,5,0,477,6,1,-0.01941151061912927,0.06665670987125383,5,19,5,4
Watchlist ETFs & crypto,r00_r20,r00,r20,both,21,21,18,20,0.06549788552262359,-0.42832382392271384,0.7648997881420139,18,0,8,0,450,5,1,-0.034219926408335155,0.050116959461151245,3,18,6,3
Watchlist ETFs & crypto,r00_r21,r00,r21,both,21,21,19,20,0.08188372205781635,-0.4315758619335912,1.1736449855205517,19,0,4,0,484,6,2,-0.010117240822349327,0.07288783297338863,5,20,4,4
Watchlist ETFs & crypto,r00_r22,r00,r22,both,21,21,19,19,0.08046641880824112,-0.4315758619335912,1.1736449855205517,19,0,5,0,483,6,3,-0.011062384631290056,0.07288783297338863,4,20,3,3
Watchlist ETFs & crypto,r00_r23,r00,r23,both,21,21,20,21,0.0801595481610069,-0.45227279871006465,1.0597083053338698,20,0,6,0,465,5,3,-0.014307853738957377,0.07584707414078906,6,19,6,4
Watchlist ETFs & crypto,r00_r24,r00,r24,both,21,21,16,17,0.06680952871199586,-0.4667110171472978,0.8682962431941208,17,0,0,0,651,14,1,-0.026314869551215425,0.061468221156909975,2,17,1,1
Watchlist ETFs & crypto,r01_r00,r01,r00,both,21,21,1,1,-0.09559147905805154,-0.6676752369179826,-0.6610720808162791,0,0,0,0,1264,29,0,-0.14245299007702217,-0.06886858355011694,0,1,1,0
Watchlist ETFs & crypto,r01_r01,r01,r01,both,21,21,5,12,-0.029087337558136306,-0.4887584646938449,-0.3228840667707227,4,0,0,0,2186,50,0,-0.08718679089952919,0.0,0,0,1,0
Watchlist ETFs & crypto,r01_r02,r01,r02,both,21,21,4,6,-0.06464194870319073,-0.58895505800998,-0.5172151375437132,3,0,0,0,1728,39,0,-0.11983888916400276,-0.03065221571960075,1,3,3,1
Watchlist ETFs & crypto,r01_r03,r01,r03,both,21,21,6,10,-0.024372723454722967,-0.42381264893346204,-0.2957795349573049,5,0,0,0,2338,53,0,-0.06860127405822547,0.01378759980480071,0,16,1,0
Watchlist ETFs & crypto,r01_r04,r01,r04,both,21,21,5,10,-0.030529019635630705,-0.4420846794786436,-0.28252448931559815,5,0,0,0,2316,53,0,-0.07144415615689104,0.007995870625927104,0,13,1,0
Watchlist ETFs & crypto,r01_r05,r01,r05,both,21,21,7,10,-0.032810322540930636,-0.4935867053787696,-0.2621961235891077,6,0,0,0,2106,47,0,-0.07430688695110566,-0.0002963798237090032,0,10,0,0
Watchlist ETFs & crypto,r01_r06,r01,r06,both,21,21,0,2,-0.08506832230539674,-0.6394382637576657,-0.5618875413477903,0,0,0,0,1185,23,0,-0.13358244665765306,-0.0610725736290153,0,2,2,0
Watchlist ETFs & crypto,r01_r07,r01,r07,both,21,21,6,13,-0.007602304021868678,-0.44226586269873625,-0.11904472788762743,7,0,0,0,1982,39,0,-0.07147530074250596,0.010141628414658599,0,18,1,0
Watchlist ETFs & crypto,r01_r08,r01,r08,both,21,21,4,8,-0.05361535840328069,-0.5715865320881359,-0.4476356061979896,3,0,0,0,1644,32,0,-0.10696349336515576,-0.02369741187371821,1,8,2,1
Watchlist ETFs & crypto,r01_r09,r01,r09,both,21,21,6,12,-0.014940308627143906,-0.41275718729450206,-0.1612591293239133,9,0,0,0,2100,41,0,-0.06093983950029225,0.022459919776654402,0,17,1,0
Watchlist ETFs & crypto,r01_r10,r01,r10,both,21,21,7,12,-0.010882820135705962,-0.4232045732106702,-0.18189622021127527,8,0,0,0,2081,41,0,-0.06316074151255924,0.021619806571469447,0,17,1,0
Watchlist ETFs & crypto,r01_r11,r01,r11,both,21,21,12,13,-0.009286704317372219,-0.4180991085919584,0.05824320795825688,9,0,0,0,1916,37,0,-0.06461892246343082,0.0209372472119963,0,17,2,0
Watchlist ETFs & crypto,r01_r12,r01,r12,both,21,21,5,5,-0.04695009882451928,-0.551133894082479,-0.4181365967407059,5,0,0,0,1203,11,1,-0.10044813968614841,-0.009569754598054203,2,8,2,1
Watchlist ETFs & crypto,r01_r13,r01,r13,both,21,21,11,18,-0.0005932148452933994,-0.3981943142764546,0.06045059742989056,10,0,0,0,1606,17,1,-0.04624314829585985,0.03387188261052898,1,20,1,0
Watchlist ETFs & crypto,r01_r14,r01,r14,both,21,21,9,12,-0.0006338008128748962,-0.38838936147593284,-0.04118976496916604,10,0,0,0,1459,15,1,-0.06407506216331993,0.02511161128108208,1,16,3,1
Watchlist ETFs & crypto,r01_r15,r01,r15,both,21,21,12,18,0.010726061141166365,-0.3756476440351283,0.02426315106838195,12,0,0,0,1657,18,1,-0.034923872309400084,0.04133998268676864,1,20,1,0
Watchlist ETFs & crypto,r01_r16,r01,r16,both,21,21,11,18,0.008401721039824617,-0.386152766708613,0.006387951120868207,11,0,0,0,1653,18,1,-0.03537859310570646,0.043921231150094164,1,20,1,0
Watchlist ETFs & crypto,r01_r17,r01,r17,both,21,21,14,19,0.00660248780904249,-0.37037527705940576,0.11049752742605667,15,0,0,0,1580,17,1,-0.04484780400495292,0.046294682195059944,2,20,2,0
Watchlist ETFs & crypto,r01_r18,r01,r18,both,21,21,7,11,-0.014360839248580115,-0.5195834119325551,-0.12815306832094409,7,0,14,0,1242,4,1,-0.05472767212237151,0.025809957249760207,2,13,1,1
Watchlist ETFs & crypto,r01_r19,r01,r19,both,21,21,17,20,0.030583914785290878,-0.3918378120379701,0.3277234609015598,17,0,1,0,1381,6,1,-0.026479165915671343,0.06461040370227611,2,21,2,1
Watchlist ETFs & crypto,r01_r20,r01,r20,both,21,21,16,17,0.010185861951441666,-0.4275805485855708,0.13230101015966222,15,0,6,0,1331,5,3,-0.03816072350939903,0.04916219692820134,3,21,2,2
Watchlist ETFs & crypto,r01_r21,r01,r21,both,21,21,20,21,0.03486698693934054,-0.34863979676427004,0.3781105204488582,19,0,1,0,1390,6,4,-0.009207257421229631,0.06835230329647812,4,21,1,0
Watchlist ETFs & crypto,r01_r22,r01,r22,both,21,21,19,21,0.034720459195861864,-0.34863979676427015,0.34857390454343906,19,0,2,0,1389,6,4,-0.01316280286377891,0.06785485104806366,4,21,1,0
Watchlist ETFs & crypto,r01_r23,r01,r23,both,21,21,18,21,0.03763157160547892,-0.3271707164625983,0.4384883756915501,18,0,4,0,1362,6,3,-0.013271026370991423,0.0711160473800726,5,21,2,1
Watchlist ETFs & crypto,r01_r24,r01,r24,both,21,21,7,12,-0.010882820135705962,-0.4232045732106702,-0.18189622021127527,8,0,0,0,2083,41,0,-0.06316074151255924,0.021619806571469447,0,17,1,0
Watchlist ETFs & crypto,r02_r00,r02,r00,both,21,21,8,9,-0.012505538671641836,-0.49921766283470526,-0.2168948943328739,9,0,0,0,649,14,1,-0.10772341775658933,-0.047556914351093105,2,4,3,2
Watchlist ETFs & crypto,r02_r01,r02,r01,both,21,21,17,18,0.05048128393213802,-0.4614138913508282,0.5596142341852584,18,0,0,0,915,21,0,-0.047178790705586504,0.016213068383681195,2,13,3,2
Watchlist ETFs & crypto,r02_r02,r02,r02,both,21,21,13,15,0.03505137567945127,-0.47477533425191354,0.22301088926648238,15,0,0,0,786,19,1,-0.06780040403854937,0.0,3,0,5,3
Watchlist ETFs & crypto,r02_r03,r02,r03,both,21,21,16,17,0.07298042194315202,-0.4490907625313145,0.6689443379925193,16,0,0,0,944,20,1,-0.030405251621521856,0.04186855845282489,2,17,3,2
Watchlist ETFs & crypto,r02_r04,r02,r04,both,21,21,16,16,0.07254567750668461,-0.4600867613553882,0.5006329456635263,16,0,0,0,935,20,1,-0.03183491732218702,0.04132135844280227,2,16,3,2
Watchlist ETFs & crypto,r02_r05,r02,r05,both,21,21,16,17,0.06496954491250895,-0.4295152267484389,0.7142628327006812,16,0,0,0,873,20,0,-0.0356205099182354,0.03863484824821262,2,17,6,2
Watchlist ETFs & crypto,r02_r06,r02,r06,both,21,21,10,10,-0.0049832555105086,-0.49549911034158856,-0.16425764508163798,10,0,0,0,602,13,1,-0.10558416130130388,-0.03566134395265108,2,4,3,2
Watchlist ETFs & crypto,r02_r07,r02,r07,both,21,21,17,18,0.06542900086554582,-0.44908847386650086,0.6260181640060507,18,0,0,0,853,18,1,-0.04383550099743272,0.02358154592372319,2,14,4,2
Watchlist ETFs & crypto,r02_r08,r02,r08,both,21,21,14,15,0.043634107672963385,-0.4408799045574716,0.3837360661695737,15,0,0,0,743,15,1,-0.06515704196420047,0.004152090530432195,2,16,6,2
Watchlist ETFs & crypto,r02_r09,r02,r09,both,21,21,17,17,0.056536733418488305,-0.45978234173493404,0.7243165457095471,17,0,0,0,882,18,2,-0.031739924108051154,0.030947138550732944,3,17,3,3
Watchlist ETFs & crypto,r02_r10,r02,r10,both,21,21,16,17,0.056536733418488305,-0.4779323589890969,0.7095798877342083,17,0,0,0,879,18,1,-0.032174340996728334,0.034449490473637434,3,17,2,2
Watchlist ETFs & crypto,r02_r11,r02,r11,both,21,21,18,18,0.07046778808504683,-0.4413312150965524,0.9756565287293182,18,0,0,0,814,16,1,-0.030693297815260756,0.04236249946470094,3,17,5,3
Watchlist ETFs & crypto,r02_r12,r02,r12,both,21,21,9,11,0.009519921298095868,-0.48632297631743526,-0.04346702760382026,12,0,1,0,565,10,0,-0.08617415591250477,-0.031152139524640576,1,6,5,1
Watchlist ETFs & crypto,r02_r13,r02,r13,both,21,21,18,18,0.06351902461730585,-0.4364294604576673,0.5819765667036789,18,0,0,0,786,15,0,-0.0414912409516186,0.020345250253028246,1,15,4,1
Watchlist ETFs & crypto,r02_r14,r02,r14,both,21,21,17,17,0.05094232043290292,-0.381087799134318,0.535653994716113,16,0,0,0,691,12,0,-0.055052129709113995,0.017409126115555784,2,16,5,2
Watchlist ETFs & crypto,r02_r15,r02,r15,both,21,21,17,19,0.06446266625173158,-0.45076787186340805,0.6976826950520008,18,0,0,0,818,16,2,-0.027441522784291017,0.0432185730527761,3,15,1,1
Watchlist ETFs & crypto,r02_r16,r02,r16,both,21,21,17,18,0.06446266625173158,-0.4532526626238983,0.6447292700441187,17,0,0,0,817,15,3,-0.028792782964393582,0.04448129677443868,2,15,1,1
Watchlist ETFs & crypto,r02_r17,r02,r17,both,21,21,18,18,0.07651043671074187,-0.3812032709706594,0.992301109561613,18,0,0,0,753,14,1,-0.02213866246736451,0.04472534175794096,2,17,6,2
Watchlist ETFs & crypto,r02_r18,r02,r18,both,21,21,14,15,0.01353427513955574,-0.454530703228347,0.07704239798242729,14,0,14,0,537,4,1,-0.06094591939117011,-0.008952997018820241,2,10,4,1
Watchlist ETFs & crypto,r02_r19,r02,r19,both,21,21,18,20,0.06540726268224173,-0.452682436870095,0.8391589689339325,19,0,1,0,620,6,0,-0.02343274073643742,0.04733414240051226,3,17,2,1
Watchlist ETFs & crypto,r02_r20,r02,r20,both,21,21,17,19,0.05432485506059681,-0.4004485784002193,0.6794561532268442,18,0,6,0,584,5,3,-0.03188692260066017,0.0444160553745514,3,18,3,2
Watchlist ETFs & crypto,r02_r21,r02,r21,both,21,21,17,20,0.08091405977284638,-0.4163262738025669,1.020835628585845,19,0,1,0,625,6,2,-0.00979222069769592,0.05800818334085345,4,18,1,1
Watchlist ETFs & crypto,r02_r22,r02,r22,both,21,21,17,18,0.08091405977284638,-0.4241120676923271,1.020835628585845,19,0,2,0,624,6,3,-0.012724232215343356,0.062140978964375426,4,18,1,1
Watchlist ETFs & crypto,r02_r23,r02,r23,both,21,21,20,20,0.09019829959774728,-0.3895179814132035,0.9625826959698973,20,0,4,0,596,6,3,-0.01099198959174541,0.05745127519089244,6,18,4,3
Watchlist ETFs & crypto,r02_r24,r02,r24,both,21,21,16,17,0.056536733418488305,-0.4779323589890969,0.6700221256639549,17,0,0,0,881,18,1,-0.032174340996728334,0.034449490473637434,3,17,2,2
Watchlist ETFs & crypto,r03_r00,r03,r00,both,21,21,0,0,-0.09867840190245658,-0.6734424285073977,-0.6334789038932944,0,0,0,0,1417,32,0,-0.14168008911060603,-0.05842748907437256,0,2,1,0
Watchlist ETFs & crypto,r03_r01,r03,r01,both,21,21,0,5,-0.05731418152289758,-0.5517171164357068,-0.45105866790623217,0,0,0,0,2511,58,0,-0.09164088535569725,-0.018488708340168136,0,3,1,0
Watchlist ETFs & crypto,r03_r02,r03,r02,both,21,21,0,1,-0.08266608373817796,-0.6757763244717173,-0.594954200087498,0,0,0,0,1943,43,0,-0.12598097431571342,-0.04769167648629802,0,3,1,0
Watchlist ETFs & crypto,r03_r03,r03,r03,both,21,21,3,9,-0.04285953987776625,-0.4719178780213854,-0.36247397304703477,4,0,0,0,2691,61,0,-0.07089426035029323,0.0,0,0,0,0
Watchlist ETFs & crypto,r03_r04,r03,r04,both,21,21,2,8,-0.04128480695485026,-0.46306604976154364,-0.41711843207509836,4,0,0,0,2662,61,0,-0.07172749932435163,-0.002315193324046172,0,7,0,0
Watchlist ETFs & crypto,r03_r05,r03,r05,both,21,21,2,7,-0.04724846432137664,-0.5287234501644622,-0.40252273322132415,3,0,0,0,2425,55,0,-0.07907418135397504,-0.018190652266022456,0,5,0,0
Watchlist ETFs & crypto,r03_r06,r03,r06,both,21,21,0,0,-0.09036889847907958,-0.6644164855335103,-0.6031180475881464,0,0,0,0,1338,24,0,-0.12374984573050951,-0.0631625388949123,0,2,1,0
Watchlist ETFs & crypto,r03_r07,r03,r07,both,21,21,0,11,-0.02757225902460747,-0.5458161485865071,-0.2869716015590972,2,0,0,0,2207,42,0,-0.07840675168632327,-0.005998978569270119,0,8,1,0
Watchlist ETFs & crypto,r03_r08,r03,r08,both,21,21,1,4,-0.06640088191118976,-0.6154744817237219,-0.5169813088311258,1,0,0,0,1827,33,0,-0.10685741756595102,-0.03823637695375359,1,6,2,1
Watchlist ETFs & crypto,r03_r09,r03,r09,both,21,21,3,9,-0.02540900167608684,-0.4730700090029897,-0.28559607744676796,4,0,0,0,2331,45,0,-0.06329596098175883,0.0002355941250444804,0,11,0,0
Watchlist ETFs & crypto,r03_r10,r03,r10,both,21,21,3,9,-0.035731794208955336,-0.46011196736024174,-0.27087813395171756,4,0,0,0,2310,44,0,-0.06429352554742951,-0.0011054558248559943,0,9,0,0
Watchlist ETFs & crypto,r03_r11,r03,r11,both,21,21,3,13,-0.030109195849021386,-0.4412318240476354,-0.22943993273035068,4,0,0,0,2139,38,0,-0.061441766654204866,0.004912126767190328,0,12,0,0
Watchlist ETFs & crypto,r03_r12,r03,r12,both,21,21,3,5,-0.05362124993651218,-0.5700108317550037,-0.46827394162915004,3,0,0,0,1364,11,1,-0.09524802830589651,-0.010909184655756299,0,7,1,0
Watchlist ETFs & crypto,r03_r13,r03,r13,both,21,21,8,15,-0.004193311933027299,-0.3936686006044777,-0.11292266794800854,10,0,0,0,1788,17,1,-0.04677289709734622,0.02044547678948161,1,18,1,1
Watchlist ETFs & crypto,r03_r14,r03,r14,both,21,21,6,12,-0.02802859069577779,-0.47969021144473867,-0.09408823545280354,5,0,0,0,1638,15,0,-0.06323501261983655,-0.0016057891133541835,1,10,2,1
Watchlist ETFs & crypto,r03_r15,r03,r15,both,21,21,8,16,0.0038353837578577465,-0.3708237035746056,-0.03196785186597151,11,0,0,0,1840,18,1,-0.035008000980568,0.030834648193771352,1,20,0,0
Watchlist ETFs & crypto,r03_r16,r03,r16,both,21,21,9,16,0.0016533441701571672,-0.38413862083285233,-0.04349708778618411,11,0,0,0,1836,18,1,-0.03372289490563829,0.031064662855112446,1,20,1,0
Watchlist ETFs & crypto,r03_r17,r03,r17,both,21,21,11,16,0.004240101882149405,-0.4075255061271186,0.07034621978120459,11,0,0,0,1762,17,1,-0.04402848748577837,0.032722865008338986,3,18,3,2
Watchlist ETFs & crypto,r03_r18,r03,r18,both,21,21,8,10,-0.023064694293079557,-0.5225461983343673,-0.20541000486641325,7,0,14,0,1415,4,1,-0.047974627887164445,0.019169746184535263,2,14,1,1
Watchlist ETFs & crypto,r03_r19,r03,r19,both,21,21,15,18,0.021793663884728698,-0.3951103806606848,0.29103489865883514,15,0,1,0,1563,6,1,-0.020091008537729715,0.0492473630442154,2,21,1,0
Watchlist ETFs & crypto,r03_r20,r03,r20,both,21,21,14,17,0.005136661314642854,-0.43420167089089234,0.10628124565112596,12,0,6,0,1511,5,3,-0.03425458366188794,0.03821994218900915,3,21,2,2
Watchlist ETFs & crypto,r03_r21,r03,r21,both,21,21,15,21,0.019808522397025907,-0.3402519957549034,0.19101971383107164,15,0,1,0,1573,6,3,-0.009116319303490439,0.0556712384572603,4,21,0,0
Watchlist ETFs & crypto,r03_r22,r03,r22,both,21,21,15,21,0.019808522397025907,-0.3426415133755888,0.19101971383107164,14,0,2,0,1572,6,3,-0.013194502805364383,0.0556712384572603,4,21,0,0
Watchlist ETFs & crypto,r03_r23,r03,r23,both,21,21,16,21,0.028352722927263985,-0.3528705420387328,0.32518208250207903,17,0,4,0,1545,6,3,-0.011854353352312774,0.05752342271308508,5,21,2,1
Watchlist ETFs & crypto,r03_r24,r03,r24,both,21,21,3,9,-0.035731794208955336,-0.46011196736024174,-0.27087813395171756,4,0,0,0,2312,44,0,-0.06429352554742951,-0.0004735918081220092,0,9,0,0
Watchlist ETFs & crypto,r04_r00,r04,r00,both,21,21,1,1,-0.09456947486754275,-0.6734424285073974,-0.649382231980794,0,0,0,0,1370,32,0,-0.14294397271242343,-0.05557305746531427,0,3,1,0
Watchlist ETFs & crypto,r04_r01,r04,r01,both,21,21,0,6,-0.06323205467445181,-0.5605458058448791,-0.46578721949832125,0,0,0,0,2422,58,0,-0.08814001179764541,-0.010047489913589724,0,7,1,0
Watchlist ETFs & crypto,r04_r02,r04,r02,both,21,21,1,1,-0.08546546256564425,-0.6578814502395565,-0.6163510284001471,0,0,0,0,1870,43,0,-0.12152872961363315,-0.044737925244743404,0,3,1,0
Watchlist ETFs & crypto,r04_r03,r04,r03,both,21,21,3,10,-0.03401115346939321,-0.4788936518335841,-0.35606825899680894,4,0,0,0,2599,61,0,-0.07139071291447785,0.0016563742071669108,0,14,0,0
Watchlist ETFs & crypto,r04_r04,r04,r04,both,21,21,3,9,-0.04186275758903002,-0.49547100633537633,-0.3609917428285674,4,0,0,0,2569,60,0,-0.0710205439877245,0.0,0,0,0,0
Watchlist ETFs & crypto,r04_r05,r04,r05,both,21,21,3,5,-0.0572960185320085,-0.555477274987353,-0.441677199259906,3,0,0,0,2337,54,0,-0.07102330015766711,-0.014391881988784938,0,5,0,0
Watchlist ETFs & crypto,r04_r06,r04,r06,both,21,21,0,1,-0.09055054490456915,-0.6522494598903532,-0.6169164296776578,0,0,0,0,1291,24,0,-0.13438380675386963,-0.062332868145658304,0,2,1,0
Watchlist ETFs & crypto,r04_r07,r04,r07,both,21,21,2,8,-0.038409099974627714,-0.5195442689495102,-0.3125087800933306,3,0,0,0,2129,42,0,-0.07270876470349552,-0.0004868992931889027,0,10,0,0
Watchlist ETFs & crypto,r04_r08,r04,r08,both,21,21,1,3,-0.063841606783129,-0.6182843279476411,-0.5272347821145804,1,0,0,0,1759,33,0,-0.1050289745293641,-0.03814632326436462,2,6,2,1
Watchlist ETFs & crypto,r04_r09,r04,r09,both,21,21,4,6,-0.031366705140589146,-0.47413641679923413,-0.31118029231444466,4,0,0,0,2250,45,0,-0.06361379056474392,0.003472827763792874,0,12,0,0
Watchlist ETFs & crypto,r04_r10,r04,r10,both,21,21,3,7,-0.03505799517404806,-0.4617290374016634,-0.3174044587252606,4,0,0,0,2229,44,0,-0.06376081741022899,0.00044293872623235586,0,11,0,0
Watchlist ETFs & crypto,r04_r11,r04,r11,both,21,21,4,11,-0.030384977015137316,-0.4452795517878845,-0.2876492024504631,5,0,0,0,2060,38,0,-0.06209283110616859,0.006388367030900843,0,14,0,0
Watchlist ETFs & crypto,r04_r12,r04,r12,both,21,21,3,5,-0.050204282918600684,-0.5806121054037459,-0.4834019201283929,1,0,0,0,1303,11,1,-0.09365313626761218,-0.018561703653893757,1,9,1,0
Watchlist ETFs & crypto,r04_r13,r04,r13,both,21,21,8,13,-0.009898177555844212,-0.40588599556359073,-0.15015592447717918,9,0,0,0,1710,17,1,-0.044722731522526815,0.017818398883478026,1,17,1,1
Watchlist ETFs & crypto,r04_r14,r04,r14,both,21,21,5,11,-0.03218945119579575,-0.47408884251360295,-0.22615282872035036,8,0,0,0,1564,15,0,-0.06537965111190136,0.0038921751090097434,1,11,2,1
Watchlist ETFs & crypto,r04_r15,r04,r15,both,21,21,9,15,0.0011431301413169503,-0.39714439581960437,-0.043232819957783386,11,0,0,0,1761,18,1,-0.03471793993895167,0.03380242521335752,1,19,0,0
Watchlist ETFs & crypto,r04_r16,r04,r16,both,21,21,8,15,0.0006654143346256358,-0.40728782206891445,-0.03932827743216716,11,0,0,0,1757,18,1,-0.034012376777804,0.029059618791445585,1,19,0,0
Watchlist ETFs & crypto,r04_r17,r04,r17,both,21,21,10,15,-0.0074098061226949286,-0.40503542608988297,-0.11369843158164838,9,0,0,0,1685,17,1,-0.04380645924845439,0.035773393550482036,3,18,2,1
Watchlist ETFs & crypto,r04_r18,r04,r18,both,21,21,7,10,-0.01642588469824835,-0.5155383993099371,-0.16898262637600714,8,0,14,0,1342,4,1,-0.04772809400354072,0.011976139649729989,2,14,1,1
Watchlist ETFs & crypto,r04_r19,r04,r19,both,21,21,14,16,0.025835474936126035,-0.40325593270783433,0.225088235582793,14,0,1,0,1484,6,2,-0.020198509376105234,0.04785241208050195,3,21,1,0
Watchlist ETFs & crypto,r04_r20,r04,r20,both,21,21,13,16,0.013782822499565528,-0.43521652998086735,0.11211806721298556,13,0,6,0,1433,5,3,-0.03468414176446921,0.04294131514469646,3,20,2,2
Watchlist ETFs & crypto,r04_r21,r04,r21,both,21,21,14,18,0.02165731687848793,-0.3519041181432099,0.20767277389311412,14,0,1,0,1494,6,3,-0.009194599906928946,0.05445921351417393,4,21,0,0
Watchlist ETFs & crypto,r04_r22,r04,r22,both,21,21,14,18,0.02165731687848793,-0.35190411814321054,0.20767277389311412,14,0,2,0,1493,6,3,-0.013085178904538308,0.052126753539440296,4,21,0,0
Watchlist ETFs & crypto,r04_r23,r04,r23,both,21,21,15,17,0.031259567474333894,-0.3565057550297892,0.28072879239060433,16,0,4,0,1466,6,3,-0.01175613334589265,0.0534666171817354,5,21,2,1
Watchlist ETFs & crypto,r04_r24,r04,r24,both,21,21,4,7,-0.03505799517404806,-0.4617290374016634,-0.3174044587252606,4,0,0,0,2231,44,0,-0.0637608174102291,0.00044293872623224484,0,11,0,0
Watchlist ETFs & crypto,r05_r00,r05,r00,both,21,21,1,1,-0.08805929319031813,-0.6735879433896159,-0.6166896486554421,1,0,0,0,1177,29,0,-0.12791375195771604,-0.05701861315828938,0,3,1,0
Watchlist ETFs & crypto,r05_r01,r05,r01,both,21,21,6,7,-0.026024171150767383,-0.5139881149371758,-0.31919908252378215,4,0,0,0,2034,50,0,-0.08077035382937736,0.0011714210851987428,0,12,1,0
Watchlist ETFs & crypto,r05_r02,r05,r02,both,21,21,2,4,-0.05155841000965855,-0.5771500190058364,-0.4302314908960022,3,0,0,0,1586,41,0,-0.10931289244402076,-0.025808918900214972,0,5,2,0
Watchlist ETFs & crypto,r05_r03,r05,r03,both,21,21,7,10,-0.015561749162598892,-0.47121767237270606,-0.25224441682011733,8,0,0,0,2168,53,0,-0.06717942958836343,0.012369596289299012,0,14,1,0
Watchlist ETFs & crypto,r05_r04,r05,r04,both,21,21,5,9,-0.019783294858271572,-0.48422828069811175,-0.2774067763591842,6,0,0,0,2146,52,0,-0.07317455219125846,0.0068746250590463465,0,14,0,0
Watchlist ETFs & crypto,r05_r05,r05,r05,both,21,21,5,10,-0.026869056761393395,-0.503648620204161,-0.3130491681656943,5,0,0,0,1960,47,0,-0.07591542337490442,0.0,0,0,2,0
Watchlist ETFs & crypto,r05_r06,r05,r06,both,21,21,2,2,-0.08652585619860553,-0.6747884366404938,-0.6211338887939963,2,0,0,0,1115,24,0,-0.13433153417036703,-0.0732332555286963,0,4,1,0
Watchlist ETFs & crypto,r05_r07,r05,r07,both,21,21,6,10,-0.016262058533562218,-0.519258149423439,-0.2634796980750914,6,0,0,0,1839,40,0,-0.06746911083413809,0.007087627498118865,0,13,1,0
Watchlist ETFs & crypto,r05_r08,r05,r08,both,21,21,3,5,-0.05876621324167053,-0.607625337019687,-0.4519774127538658,3,0,0,0,1532,33,0,-0.11243504590132603,-0.026380541469859464,0,6,2,0
Watchlist ETFs & crypto,r05_r09,r05,r09,both,21,21,6,10,-0.018926226939905866,-0.4812010367298325,-0.24863473843362005,8,0,0,0,1943,42,0,-0.061132672235947316,0.013441747374330126,0,12,1,0
Watchlist ETFs & crypto,r05_r10,r05,r10,both,21,21,7,10,-0.020655439021709077,-0.460604029049972,-0.2490409304349439,8,0,0,0,1927,42,0,-0.06411071564260795,0.008261292595993397,0,12,0,0
Watchlist ETFs & crypto,r05_r11,r05,r11,both,21,21,7,11,-0.012252452592904084,-0.4278643610236009,-0.1504862161300693,9,0,0,0,1775,38,0,-0.0645726143161095,0.014616604168489311,0,15,3,0
Watchlist ETFs & crypto,r05_r12,r05,r12,both,21,21,5,6,-0.05754349213207666,-0.5716636499626369,-0.48938557073771727,5,0,0,0,1079,11,1,-0.09793880166999291,-0.021309551289944162,1,7,3,1
Watchlist ETFs & crypto,r05_r13,r05,r13,both,21,21,10,15,-0.006280933712710879,-0.459977434986389,-0.06747486735550645,10,0,0,0,1440,17,1,-0.04482334613038286,0.020691305569139118,1,15,2,1
Watchlist ETFs & crypto,r05_r14,r05,r14,both,21,21,9,12,-0.0007509285523543685,-0.44564615523947015,-0.09194323675430938,10,0,0,0,1301,15,1,-0.06523315213660386,0.006829455526361383,2,12,4,2
Watchlist ETFs & crypto,r05_r15,r05,r15,both,21,21,12,17,0.002728460497521068,-0.39444190481021124,0.01913082456564097,12,0,0,0,1483,18,1,-0.03582636809485762,0.03955483876755328,1,16,0,0
Watchlist ETFs & crypto,r05_r16,r05,r16,both,21,21,11,17,0.002144675801410534,-0.38510442908628884,0.013307515238031531,11,0,0,0,1479,18,2,-0.03408899792542852,0.03823348953384642,1,16,1,0
Watchlist ETFs & crypto,r05_r17,r05,r17,both,21,21,12,15,0.006755040131774637,-0.3968833093868619,0.030474088137674604,11,0,0,0,1412,17,2,-0.042038021699849715,0.036539771019595046,2,18,5,1
Watchlist ETFs & crypto,r05_r18,r05,r18,both,21,21,7,11,-0.015294306781025502,-0.4944665623426344,-0.16496563206541193,7,0,14,0,1087,4,1,-0.05805215341650116,0.02950885823169913,3,12,3,2
Watchlist ETFs & crypto,r05_r19,r05,r19,both,21,21,15,18,0.02815978874648839,-0.40447775551399046,0.22937477083247804,16,0,1,0,1208,6,2,-0.020886577867022638,0.055028845507881785,3,21,2,1
Watchlist ETFs & crypto,r05_r20,r05,r20,both,21,21,13,17,0.014353939657496095,-0.4368303136859606,0.09443040787590151,15,0,6,0,1159,5,3,-0.035466323963046165,0.03625696361963682,3,21,3,2
Watchlist ETFs & crypto,r05_r21,r05,r21,both,21,21,17,19,0.03155646424325931,-0.3692092287616354,0.29970682079064015,17,0,1,0,1216,6,3,-0.009215346910869338,0.055684102038828454,4,21,0,0
Watchlist ETFs & crypto,r05_r22,r05,r22,both,21,21,16,19,0.03155646424325931,-0.37439759003574424,0.2718506070939011,16,0,2,0,1215,6,3,-0.013502927919682106,0.055684102038828454,4,21,0,0
Watchlist ETFs & crypto,r05_r23,r05,r23,both,21,21,18,19,0.0456544630395439,-0.3646047611615436,0.42837660884280737,18,0,4,0,1188,6,3,-0.009120261193622081,0.07270348312704422,5,21,2,1
Watchlist ETFs & crypto,r05_r24,r05,r24,both,21,21,7,10,-0.020655439021709077,-0.460604029049972,-0.2490409304349439,8,0,0,0,1929,42,0,-0.06411071564260795,0.009481318925768867,0,12,0,0
Watchlist ETFs & crypto,r06_r00,r06,r00,both,21,21,9,10,0.003779648984460371,-0.5178959248898143,-0.07037816619288695,12,0,2,0,447,10,0,-0.10178935281455281,0.0,1,8,2,1
Watchlist ETFs & crypto,r06_r01,r06,r01,both,21,21,15,16,0.03746215225555982,-0.42299680488184743,0.4592113969003617,16,0,0,0,642,17,0,-0.05263932670523397,0.04751627227169131,0,17,2,0
Watchlist ETFs & crypto,r06_r02,r06,r02,both,21,21,15,16,0.06520495326824971,-0.44094986395560387,0.4850957596332035,16,0,0,0,558,13,1,-0.055621790915422076,0.03642546540094105,1,18,5,1
Watchlist ETFs & crypto,r06_r03,r06,r03,both,21,21,16,18,0.07230771635593114,-0.4262976156011985,0.631834076061826,17,0,0,0,661,17,0,-0.033307279204967344,0.0683149188877532,1,19,2,1
Watchlist ETFs & crypto,r06_r04,r06,r04,both,21,21,17,18,0.07104533636940347,-0.44318852764018135,0.6808330061178152,17,0,0,0,650,16,0,-0.031485276501792114,0.06794909722753317,1,19,2,1
Watchlist ETFs & crypto,r06_r05,r06,r05,both,21,21,16,18,0.053724033150775785,-0.4141879517720868,0.6291599475373066,17,0,0,0,604,14,0,-0.03650521335154511,0.0550815455497784,0,19,1,0
Watchlist ETFs & crypto,r06_r06,r06,r06,both,21,21,11,13,0.006611943549966748,-0.5178959248898143,0.06314590129985365,12,0,2,0,432,9,0,-0.10178935281455281,0.0,1,0,2,1
Watchlist ETFs & crypto,r06_r07,r06,r07,both,21,21,16,17,0.07162925755396543,-0.44203503573207925,0.5133043042927388,17,0,0,0,600,15,0,-0.04229446569536255,0.05035710351684175,0,20,3,0
Watchlist ETFs & crypto,r06_r08,r06,r08,both,21,21,16,16,0.06704146483596807,-0.42812266494168316,0.5373023018275918,16,0,0,0,535,13,0,-0.05465041172912277,0.03559571688408769,1,19,5,1
Watchlist ETFs & crypto,r06_r09,r06,r09,both,21,21,17,18,0.08530162584346801,-0.4440513477260074,0.7119241963462533,17,0,0,0,615,15,0,-0.03506838214116792,0.0665874022480002,1,20,3,1
Watchlist ETFs & crypto,r06_r10,r06,r10,both,21,21,17,17,0.0827209988017048,-0.45372090671707,0.7219938788954228,17,0,0,0,610,15,1,-0.03556720609910524,0.06622214671544757,2,20,2,1
Watchlist ETFs & crypto,r06_r11,r06,r11,both,21,21,17,17,0.06855657271972149,-0.43615203242507883,0.7100731977627037,17,0,0,0,575,13,0,-0.03572523343684719,0.06619090876867073,0,20,2,0
Watchlist ETFs & crypto,r06_r12,r06,r12,both,21,21,11,13,0.011211352400653407,-0.5178959248898143,0.10609018240112777,12,0,2,0,415,8,0,-0.08951019211000988,0.0,1,10,2,1
Watchlist ETFs & crypto,r06_r13,r06,r13,both,21,21,17,17,0.061744738910197716,-0.44203503573207925,0.5572361429330672,17,0,0,0,578,14,0,-0.04229446569536255,0.05546507902675035,0,20,4,0
Watchlist ETFs & crypto,r06_r14,r06,r14,both,21,21,16,16,0.06704146483596807,-0.3994072708075018,0.7865019137295428,16,0,0,0,513,11,0,-0.05465041172912288,0.03559571688408769,1,19,5,1
Watchlist ETFs & crypto,r06_r15,r06,r15,both,21,21,17,18,0.08530162584346801,-0.4344589077000145,0.7524744914595296,17,0,0,0,594,14,0,-0.030018493410260527,0.07177085940429229,1,20,3,1
Watchlist ETFs & crypto,r06_r16,r06,r16,both,21,21,17,18,0.08078737217021281,-0.4371640559352217,0.7219938788954228,17,0,0,0,592,14,1,-0.030385447623127337,0.07140390519142548,2,20,2,1
Watchlist ETFs & crypto,r06_r17,r06,r17,both,21,21,17,18,0.08114451624239272,-0.4143841752505695,0.7602244503652025,17,0,0,0,558,13,0,-0.03341521119941304,0.06502705784908702,0,20,2,0
Watchlist ETFs & crypto,r06_r18,r06,r18,both,21,21,15,16,0.023068882487116804,-0.4517203205359135,0.27179210439160495,15,0,15,0,356,4,0,-0.05510771712054985,0.02963152172702932,2,15,3,2
Watchlist ETFs & crypto,r06_r19,r06,r19,both,21,21,19,19,0.08676784119988756,-0.44104445731215514,0.8700702277024219,19,0,3,0,421,6,2,-0.02432697286942931,0.07126808317219457,2,20,3,0
Watchlist ETFs & crypto,r06_r20,r06,r20,both,21,21,19,19,0.06902441883575006,-0.4251265634503787,0.827852786414542,19,0,7,0,397,5,2,-0.03960581179281231,0.05654415658559908,2,20,4,2
Watchlist ETFs & crypto,r06_r21,r06,r21,both,21,21,20,20,0.09445319346183512,-0.43400249949764746,1.2549875056189554,20,0,2,0,425,6,4,-0.009772727961308236,0.0787928339295283,5,20,3,2
Watchlist ETFs & crypto,r06_r22,r06,r22,both,21,21,20,20,0.09445319346183512,-0.43400249949764713,1.2549875056189554,20,0,3,0,424,6,3,-0.009918594043801132,0.0787928339295283,4,20,2,2
Watchlist ETFs & crypto,r06_r23,r06,r23,both,21,21,19,19,0.0936145234404766,-0.41786109641758395,0.9653919421390904,19,0,5,0,412,6,3,-0.016355357749932464,0.0767931567666198,4,20,2,2
Watchlist ETFs & crypto,r06_r24,r06,r24,both,21,21,17,17,0.0827209988017048,-0.4537209067170699,0.682148870986458,17,0,0,0,612,15,1,-0.03556720609910524,0.06622214671544757,2,20,2,1
Watchlist ETFs & crypto,r07_r00,r07,r00,both,21,21,1,1,-0.09309807569180695,-0.661563975602389,-0.651702625721975,1,0,0,0,1237,29,0,-0.15087120404395893,-0.08367031712612116,0,1,1,0
Watchlist ETFs & crypto,r07_r01,r07,r01,both,21,21,5,9,-0.02688832736512725,-0.47721586460235765,-0.22415715881955556,5,0,0,0,2035,51,0,-0.08438937873117625,-0.015306639900816044,0,3,0,0
Watchlist ETFs & crypto,r07_r02,r07,r02,both,21,21,3,4,-0.06203637188156397,-0.5978037566932478,-0.5427327317507322,2,0,0,0,1632,40,0,-0.11225075780726401,-0.0472931934562415,1,4,4,1
Watchlist ETFs & crypto,r07_r03,r07,r03,both,21,21,6,9,-0.03148196378920509,-0.4491949531252225,-0.3125366641381937,7,0,0,0,2134,56,0,-0.0678928834094159,-0.00030655446438010436,0,10,1,0
Watchlist ETFs & crypto,r07_r04,r07,r04,both,21,21,6,8,-0.03483879788741895,-0.47692402560463854,-0.35695998720415,6,0,0,0,2111,56,0,-0.07072742321784153,-0.0006005232252432879,0,10,1,0
Watchlist ETFs & crypto,r07_r05,r07,r05,both,21,21,6,11,-0.03796441312318233,-0.5305851665946484,-0.1140103214921806,5,0,0,0,1966,48,0,-0.08425985575588735,-0.009093803082408147,0,7,0,0
Watchlist ETFs & crypto,r07_r06,r07,r06,both,21,21,0,2,-0.0894127261199994,-0.6671052396383714,-0.5746220584295021,0,0,0,0,1143,23,0,-0.13986946931810407,-0.07540321104722825,0,0,2,0
Watchlist ETFs & crypto,r07_r07,r07,r07,both,21,21,6,10,-0.016424359985129366,-0.46724950447120017,-0.20169336411402006,6,0,0,0,1793,40,0,-0.06853303340191064,0.0,0,0,1,0
Watchlist ETFs & crypto,r07_r08,r07,r08,both,21,21,2,6,-0.05339986988274059,-0.5511791138353707,-0.4377809701183869,3,0,0,0,1513,32,0,-0.10253671331050651,-0.03425683739141383,1,3,2,1
Watchlist ETFs & crypto,r07_r09,r07,r09,both,21,21,7,11,-0.02088807333581366,-0.450233913576487,-0.19757337549569143,8,0,0,0,1856,42,0,-0.06018207623179639,0.009985819112190764,0,17,1,0
Watchlist ETFs & crypto,r07_r10,r07,r10,both,21,21,6,11,-0.01778936312365642,-0.4545883965582034,-0.18272715567080045,8,0,0,0,1841,41,0,-0.06043274131575249,0.009777790935220687,0,15,1,0
Watchlist ETFs & crypto,r07_r11,r07,r11,both,21,21,10,13,-0.0038449844103030095,-0.4199311581283387,-0.04893118499746196,9,0,0,0,1743,37,0,-0.06849895009950202,0.003748550890088076,0,11,0,0
Watchlist ETFs & crypto,r07_r12,r07,r12,both,21,21,4,5,-0.04340898984473618,-0.557057959505729,-0.4209216233523211,4,0,0,0,1052,11,1,-0.09147253461412874,-0.018554551378671125,1,6,1,0
Watchlist ETFs & crypto,r07_r13,r07,r13,both,21,21,10,15,-0.0056111764018338395,-0.3744763033030678,-0.055462130324988146,10,0,0,0,1373,17,1,-0.044905179297816566,0.024090051001645407,1,17,0,0
Watchlist ETFs & crypto,r07_r14,r07,r14,both,21,21,9,12,-0.00430199264467912,-0.40884046328035606,-0.0873407791885289,10,0,0,0,1257,15,1,-0.06085352666153532,0.008727550026806807,2,13,2,1
Watchlist ETFs & crypto,r07_r15,r07,r15,both,21,21,12,15,0.012952690532183286,-0.3541924347284052,0.11454741197183438,12,0,0,0,1398,18,1,-0.0378996564667371,0.03355698414594144,1,19,0,0
Watchlist ETFs & crypto,r07_r16,r07,r16,both,21,21,12,15,0.010834352434262673,-0.35419243472840456,0.09065966252988766,12,0,0,0,1395,18,1,-0.03654783762296043,0.037184291562032734,1,18,0,0
Watchlist ETFs & crypto,r07_r17,r07,r17,both,21,21,11,14,0.01929190747878695,-0.39552360400079234,0.19263800752848637,11,0,0,0,1356,17,1,-0.04798475206323494,0.02642945314298073,1,19,1,0
Watchlist ETFs & crypto,r07_r18,r07,r18,both,21,21,7,9,-0.008315912964935168,-0.4828385771166296,-0.15637703926264335,8,0,14,0,1005,4,1,-0.04236763564488233,0.02741815728887287,2,14,1,1
Watchlist ETFs & crypto,r07_r19,r07,r19,both,21,21,17,19,0.028659060782921797,-0.3958799771679853,0.3352756410496063,18,0,1,0,1122,6,1,-0.020144693675969716,0.049192693364162876,2,21,0,0
Watchlist ETFs & crypto,r07_r20,r07,r20,both,21,21,14,18,0.013047566940396882,-0.3760746618540307,0.1459941706912944,15,0,6,0,1082,5,2,-0.034260436349907275,0.04056782155251337,2,21,2,2
Watchlist ETFs & crypto,r07_r21,r07,r21,both,21,21,19,20,0.03429921797559854,-0.31963237305164816,0.3669561484211479,19,0,1,0,1128,6,5,-0.009094686814856368,0.05682945379222015,4,21,0,0
Watchlist ETFs & crypto,r07_r22,r07,r22,both,21,21,19,20,0.03429921797559854,-0.32271043623581397,0.3669561484211479,19,0,2,0,1127,6,5,-0.010337752530989341,0.055781848042133264,4,21,0,0
Watchlist ETFs & crypto,r07_r23,r07,r23,both,21,21,17,19,0.03246754511620731,-0.3426992406689374,0.3562654238548799,18,0,4,0,1112,6,4,-0.014421649991748442,0.05821153324798045,4,21,1,1
Watchlist ETFs & crypto,r07_r24,r07,r24,both,21,21,6,10,-0.017789363123656532,-0.4545883965582038,-0.20163793308132694,8,0,0,0,1843,41,0,-0.06043274131575249,0.009777790935220687,0,15,1,0
Watchlist ETFs & crypto,r08_r00,r08,r00,both,21,21,7,8,-0.012491254794720907,-0.4992176628347055,-0.1949302756864295,8,0,0,0,646,14,1,-0.10714363023911999,-0.04428881551036579,2,4,2,2
Watchlist ETFs & crypto,r08_r01,r08,r01,both,21,21,14,17,0.05406747011678026,-0.459231074895982,0.42499079748677304,17,0,0,0,946,25,0,-0.05235699441930275,0.010743164008869543,1,14,2,1
Watchlist ETFs & crypto,r08_r02,r08,r02,both,21,21,12,14,0.02537042838030734,-0.4474152672246685,0.07395425493537733,15,0,0,0,813,20,1,-0.07807607319248366,-0.0060699609345731265,3,4,2,2
Watchlist ETFs & crypto,r08_r03,r08,r03,both,21,21,15,18,0.07401158674407093,-0.40720053484347163,0.5558609956897256,18,0,0,0,968,25,0,-0.03547029624757614,0.031535574361641894,2,14,2,2
Watchlist ETFs & crypto,r08_r04,r08,r04,both,21,21,16,18,0.06796276552235114,-0.428391594178547,0.6151776456319373,17,0,0,0,954,24,0,-0.039093355875855496,0.030398163259723776,0,14,1,0
Watchlist ETFs & crypto,r08_r05,r08,r05,both,21,21,14,16,0.05510655169040324,-0.4198163665945125,0.5918088400883481,16,0,0,0,896,21,0,-0.04043779967465522,0.035622064337429205,0,13,2,0
Watchlist ETFs & crypto,r08_r06,r08,r06,both,21,21,8,9,-0.0015709015244020907,-0.49066851842727677,-0.11956293901987303,10,0,0,0,604,13,0,-0.10266387982018732,-0.039649674839605575,2,4,2,2
Watchlist ETFs & crypto,r08_r07,r08,r07,both,21,21,15,18,0.06274688330863643,-0.44171037499738464,0.5231788099575161,17,0,0,0,856,19,0,-0.04649253992508662,0.017795263251448867,0,14,2,0
Watchlist ETFs & crypto,r08_r08,r08,r08,both,21,21,13,13,0.04807749511618198,-0.42102799396598034,0.43418614600299343,14,0,0,0,756,17,1,-0.06350913213038156,0.0,2,0,2,2
Watchlist ETFs & crypto,r08_r09,r08,r09,both,21,21,16,18,0.08405011662957063,-0.41752609932108686,0.688964110962976,17,0,0,0,870,19,1,-0.03629055182816776,0.036237221761374894,2,16,1,1
Watchlist ETFs & crypto,r08_r10,r08,r10,both,21,21,17,17,0.08209999152306913,-0.41752609932108664,0.6178308305517661,17,0,0,0,864,19,1,-0.03499769780840856,0.0340677053514018,3,16,1,1
Watchlist ETFs & crypto,r08_r11,r08,r11,both,21,21,16,18,0.07925306975275892,-0.4124638021612368,0.4994543080992846,17,0,0,0,823,18,1,-0.03795897770503265,0.037531047885601465,0,15,2,0
Watchlist ETFs & crypto,r08_r12,r08,r12,both,21,21,10,10,0.008835934706116433,-0.5030115750483701,-0.08363025515294942,12,0,1,0,551,10,0,-0.08510010911947874,-0.023452795989789554,0,5,2,0
Watchlist ETFs & crypto,r08_r13,r08,r13,both,21,21,18,18,0.06173667517823356,-0.4023532565152649,0.4841012556504076,18,0,0,0,753,16,0,-0.044342281327173216,0.025688843666083594,0,16,0,0
Watchlist ETFs & crypto,r08_r14,r08,r14,both,21,21,14,16,0.053493442995870666,-0.35639356330155614,0.5414640435159281,15,0,0,0,682,12,0,-0.06044294273195994,0.005374717342723212,2,15,3,2
Watchlist ETFs & crypto,r08_r15,r08,r15,both,21,21,18,18,0.08182296733117478,-0.38291968772353724,0.5269992302058242,18,0,0,0,767,16,2,-0.03157084383966735,0.040136515524705985,1,16,0,0
Watchlist ETFs & crypto,r08_r16,r08,r16,both,21,21,18,18,0.079335127547286,-0.3846585663534313,0.6826979834349567,18,0,0,0,765,16,3,-0.033630913037693055,0.038851638798042654,2,16,0,0
Watchlist ETFs & crypto,r08_r17,r08,r17,both,21,21,18,18,0.06314127047383056,-0.3984337055183085,0.545053698959002,18,0,0,0,732,14,1,-0.03569841665544038,0.035749794208942864,0,16,1,0
Watchlist ETFs & crypto,r08_r18,r08,r18,both,21,21,12,14,0.011276585244564208,-0.4518817653639322,0.05411345325946049,14,0,14,0,491,4,1,-0.0587572008359587,0.004490155117700345,1,12,1,1
Watchlist ETFs & crypto,r08_r19,r08,r19,both,21,21,18,19,0.07720194878824937,-0.39473739393086693,0.8877391997477997,19,0,1,0,560,6,1,-0.020773249673306626,0.04218355761911319,2,18,1,1
Watchlist ETFs & crypto,r08_r20,r08,r20,both,21,21,17,18,0.05632805685753106,-0.39447729088114636,0.6194056877812761,17,0,6,0,533,5,3,-0.03477092327155917,0.028676959381266354,3,19,4,3
Watchlist ETFs & crypto,r08_r21,r08,r21,both,21,21,18,19,0.09219901133272224,-0.3929479560704715,1.0876828042396225,19,0,1,0,563,6,3,-0.009665137764638843,0.05895177544594987,4,18,1,1
Watchlist ETFs & crypto,r08_r22,r08,r22,both,21,21,18,19,0.09219901133272224,-0.3948772744291016,1.094796719606148,19,0,2,0,562,6,3,-0.01019419764960694,0.05895177544594987,4,18,1,1
Watchlist ETFs & crypto,r08_r23,r08,r23,both,21,21,18,19,0.09100551301391757,-0.37425934927528115,0.9102467939345762,18,0,4,0,547,6,3,-0.014586194469152103,0.05487028457897969,4,18,2,2
Watchlist ETFs & crypto,r08_r24,r08,r24,both,21,21,17,17,0.08209999152306913,-0.41752609932108664,0.6178308305517661,17,0,0,0,866,19,1,-0.03499769780840856,0.0340677053514018,3,16,1,1
Watchlist ETFs & crypto,r09_r00,r09,r00,both,21,21,0,0,-0.09521452218049398,-0.679868796527705,-0.6276857724716639,0,0,0,0,1394,32,0,-0.14572887094726594,-0.07833517979846571,0,3,0,0
Watchlist ETFs & crypto,r09_r01,r09,r01,both,21,21,0,4,-0.04851907301692848,-0.5468751764886273,-0.4365169210726474,0,0,0,0,2311,59,0,-0.08266653051461703,-0.024569128817679475,0,3,0,0
Watchlist ETFs & crypto,r09_r02,r09,r02,both,21,21,1,2,-0.07745072115859841,-0.6463936201943783,-0.6017304013075175,0,0,0,0,1828,42,0,-0.10803862107554496,-0.05916649223323134,0,4,0,0
Watchlist ETFs & crypto,r09_r03,r09,r03,both,21,21,4,7,-0.042446285420753904,-0.48135050360395426,-0.37819245455720407,5,0,0,0,2428,62,0,-0.06382550464355319,0.0005774774693918516,0,12,0,0
Watchlist ETFs & crypto,r09_r04,r09,r04,both,21,21,3,6,-0.041819813865534905,-0.5065654571994487,-0.4096878668288072,5,0,0,0,2403,62,0,-0.0631865398632927,-0.0036026017888743933,0,8,0,0
Watchlist ETFs & crypto,r09_r05,r09,r05,both,21,21,1,5,-0.054613105641109105,-0.5678949843648083,-0.3967891050543335,1,0,0,0,2240,55,0,-0.08763013039715728,-0.01868311219920049,0,4,0,0
Watchlist ETFs & crypto,r09_r06,r09,r06,both,21,21,0,1,-0.09488080704042456,-0.6732249166417681,-0.6212486514993225,0,0,0,0,1280,24,0,-0.12840630183158142,-0.05543694302457214,0,2,0,0
Watchlist ETFs & crypto,r09_r07,r09,r07,both,21,21,1,7,-0.04252613308316411,-0.5454979502951915,-0.3755140359086597,2,0,0,0,1984,42,0,-0.07076039089685726,-0.008975152465090397,0,4,0,0
Watchlist ETFs & crypto,r09_r08,r09,r08,both,21,21,2,2,-0.06590504139474762,-0.590218710684888,-0.532323130945825,2,0,0,0,1673,34,0,-0.10196037673823566,-0.044949640292434534,1,3,0,0
Watchlist ETFs & crypto,r09_r09,r09,r09,both,21,21,3,8,-0.03926279673525679,-0.48618282524309986,-0.36560337743823745,4,0,0,0,2049,45,0,-0.06117433134291239,0.0,1,0,0,0
Watchlist ETFs & crypto,r09_r10,r09,r10,both,21,21,2,8,-0.04307635239050267,-0.4996350822665202,-0.35932719176153327,5,0,0,0,2034,44,0,-0.0634439342202,-0.0011174167253558132,0,7,0,0
Watchlist ETFs & crypto,r09_r11,r09,r11,both,21,21,2,8,-0.04100281595669497,-0.4625141041109726,-0.2721787637187676,2,0,0,0,1932,38,0,-0.07409716188988691,-0.0040415155938763325,0,4,0,0
Watchlist ETFs & crypto,r09_r12,r09,r12,both,21,21,2,3,-0.049760313816945345,-0.5882685562442049,-0.4279451915122553,2,0,0,0,1184,11,1,-0.08480525395717575,-0.02108099981896372,1,5,1,0
Watchlist ETFs & crypto,r09_r13,r09,r13,both,21,21,8,11,-0.018363663388820117,-0.39781735709450905,-0.07211484181777272,7,0,0,0,1521,17,1,-0.04330929157318619,0.02292656204550747,1,17,1,1
Watchlist ETFs & crypto,r09_r14,r09,r14,both,21,21,5,9,-0.030535248913204693,-0.445365119271356,-0.21103496744566697,5,0,0,0,1402,15,0,-0.06120061099044127,-0.001659464174296188,1,9,2,1
Watchlist ETFs & crypto,r09_r15,r09,r15,both,21,21,9,13,-0.009178732485627616,-0.3412905139506811,-0.04471229738909899,9,0,0,0,1547,18,1,-0.03842735942509168,0.030831492213500677,1,19,0,0
Watchlist ETFs & crypto,r09_r16,r09,r16,both,21,21,10,13,-0.009178732485627616,-0.3412905139506811,-0.036441412205796775,9,0,0,0,1544,18,1,-0.03400567286961986,0.029628324272279905,1,19,0,0
Watchlist ETFs & crypto,r09_r17,r09,r17,both,21,21,9,12,-0.008447672936628181,-0.4244470084694666,-0.11068954181945301,8,0,0,0,1504,17,1,-0.04670053523754669,0.0207787976617404,1,18,0,0
Watchlist ETFs & crypto,r09_r18,r09,r18,both,21,21,6,8,-0.019322238179309892,-0.46524743899397825,-0.21122481049415043,7,0,14,0,1148,4,1,-0.04228118400335046,0.022366737428064054,2,14,1,1
Watchlist ETFs & crypto,r09_r19,r09,r19,both,21,21,16,18,0.017118314818531877,-0.39339285567733273,0.21454215640603702,15,0,1,0,1270,6,2,-0.019182085927433867,0.04402768954335645,2,20,0,0
Watchlist ETFs & crypto,r09_r20,r09,r20,both,21,21,13,17,0.013394409291285658,-0.3714247419600517,0.10104947248218843,14,0,6,0,1228,5,3,-0.02975454711696046,0.03751037896894582,2,21,2,2
Watchlist ETFs & crypto,r09_r21,r09,r21,both,21,21,16,19,0.023719710973200803,-0.3155264774558031,0.30253999702002776,17,0,1,0,1277,6,5,-0.009030353836852023,0.04605443389204866,4,20,0,0
Watchlist ETFs & crypto,r09_r22,r09,r22,both,21,21,16,19,0.0250227771531899,-0.3160918673905633,0.30253999702002776,16,0,2,0,1276,6,5,-0.00973442291294635,0.045142648796250406,4,20,1,1
Watchlist ETFs & crypto,r09_r23,r09,r23,both,21,21,16,19,0.0279805911840576,-0.3598833910381385,0.22172444561844995,16,0,4,0,1261,6,4,-0.01446092240911745,0.04968326639603837,4,21,1,1
Watchlist ETFs & crypto,r09_r24,r09,r24,both,21,21,2,8,-0.04307635239050267,-0.49963508226652076,-0.35932719176153327,5,0,0,0,2036,44,0,-0.0634439342202,-0.0010274178647253773,0,7,0,0
Watchlist ETFs & crypto,r10_r00,r10,r00,both,21,21,0,0,-0.09085947032367048,-0.6639402465130224,-0.6423893547624699,0,0,0,0,1352,32,0,-0.14457946793777077,-0.07610442807691398,0,2,0,0
Watchlist ETFs & crypto,r10_r01,r10,r01,both,21,21,0,4,-0.0496316109507664,-0.5256644931837402,-0.4417742525055045,1,0,0,0,2236,58,0,-0.07862235186822342,-0.021974149247937058,0,4,0,0
Watchlist ETFs & crypto,r10_r02,r10,r02,both,21,21,0,1,-0.07960631039605048,-0.6463936201943787,-0.6060017393592965,0,0,0,0,1765,43,0,-0.10636317067787171,-0.06270586635772557,0,3,0,0
Watchlist ETFs & crypto,r10_r03,r10,r03,both,21,21,4,8,-0.03929694303026521,-0.48174528338269473,-0.3371537617674344,5,0,0,0,2352,62,0,-0.06224581340198454,0.003122979424780792,0,12,1,0
Watchlist ETFs & crypto,r10_r04,r10,r04,both,21,21,3,7,-0.0408826000404523,-0.5128737456845784,-0.40524490340697317,4,0,0,0,2326,62,0,-0.06376741159762012,0.0013832725508329258,0,12,0,0
Watchlist ETFs & crypto,r10_r05,r10,r05,both,21,21,1,5,-0.05635873838455696,-0.5441180583646182,-0.44618490050650017,3,0,0,0,2165,54,0,-0.08131845701764218,-0.027255402219903635,0,5,0,0
Watchlist ETFs & crypto,r10_r06,r10,r06,both,21,21,0,1,-0.08885726655563442,-0.6637569242299401,-0.6310512217600049,0,0,0,0,1238,24,0,-0.13197525749056882,-0.056754858491406934,0,1,0,0
Watchlist ETFs & crypto,r10_r07,r10,r07,both,21,21,0,7,-0.03895692896014691,-0.5436465891510068,-0.36229691653177365,3,0,0,0,1920,42,0,-0.0712409213745131,-0.0071948801592416345,0,6,0,0
Watchlist ETFs & crypto,r10_r08,r10,r08,both,21,21,1,2,-0.06370643154465883,-0.5852294109273173,-0.5381897058452172,2,0,0,0,1617,34,0,-0.10089971904598649,-0.03935538231230573,1,4,1,0
Watchlist ETFs & crypto,r10_r09,r10,r09,both,21,21,4,7,-0.0393650746719012,-0.48839046454053225,-0.3282903185608921,6,0,0,0,1984,44,0,-0.06198908342700227,0.0011158657178795828,1,14,0,0
Watchlist ETFs & crypto,r10_r10,r10,r10,both,21,21,4,7,-0.040480940389780784,-0.5061716161049398,-0.33627801886911124,7,0,0,0,1969,44,0,-0.0630811790151895,0.0,0,0,0,0
Watchlist ETFs & crypto,r10_r11,r10,r11,both,21,21,3,9,-0.03975878385871856,-0.4549519261362269,-0.32662887627989134,4,0,0,0,1868,38,0,-0.07439089478079985,-0.004276506079306186,0,8,0,0
Watchlist ETFs & crypto,r10_r12,r10,r12,both,21,21,1,3,-0.05053546529084518,-0.5672489035888801,-0.47426333162396483,2,0,0,0,1133,11,1,-0.08174324095379915,-0.020026477074602145,0,6,1,0
Watchlist ETFs & crypto,r10_r13,r10,r13,both,21,21,8,12,-0.017823553792934765,-0.39133207374264467,-0.16540621440062098,8,0,0,0,1458,17,1,-0.04297330430329749,0.021809395816871247,1,17,1,1
Watchlist ETFs & crypto,r10_r14,r10,r14,both,21,21,6,9,-0.02140223795710805,-0.43743510652514705,-0.21296762234423583,7,0,0,0,1342,15,0,-0.06122494063882,-0.0012334176552351028,1,9,2,1
Watchlist ETFs & crypto,r10_r15,r10,r15,both,21,21,9,13,-0.011710111836860104,-0.3858019241353433,-0.07654060411509311,9,0,0,0,1484,18,1,-0.03867257366122623,0.029119043396625077,1,18,0,0
Watchlist ETFs & crypto,r10_r16,r10,r16,both,21,21,10,13,-0.004200971866730296,-0.3858019241353433,-0.02525251678631213,10,0,0,0,1481,18,1,-0.03343708890025021,0.02784677817413561,1,18,0,0
Watchlist ETFs & crypto,r10_r17,r10,r17,both,21,21,8,12,-0.013969881233685255,-0.4226711640894588,-0.08910248027392031,9,0,0,0,1442,17,1,-0.04646656910395275,0.017230941665160593,1,17,0,0
Watchlist ETFs & crypto,r10_r18,r10,r18,both,21,21,6,9,-0.025049217645241817,-0.4803037680369414,-0.2188701253915969,6,0,14,0,1090,4,1,-0.041615262606280345,0.021406570955170734,2,14,1,1
Watchlist ETFs & crypto,r10_r19,r10,r19,both,21,21,16,17,0.018980737237211498,-0.39167934415727124,0.142547263571148,15,0,1,0,1207,6,2,-0.019468849071587968,0.04721696850142876,2,20,0,0
Watchlist ETFs & crypto,r10_r20,r10,r20,both,21,21,14,16,0.010814166357182353,-0.359280310149918,0.055570755580762965,14,0,6,0,1166,5,3,-0.028734931361720006,0.03484404972740518,2,19,2,2
Watchlist ETFs & crypto,r10_r21,r10,r21,both,21,21,15,19,0.02048405276040377,-0.33996006822311065,0.17400614676159432,15,0,1,0,1214,6,5,-0.009070069764681277,0.04507721225522243,4,21,0,0
Watchlist ETFs & crypto,r10_r22,r10,r22,both,21,21,15,19,0.02048405276040377,-0.33996006822311065,0.17400614676159432,15,0,2,0,1213,6,5,-0.009571660751451105,0.04507721225522243,4,20,1,1
Watchlist ETFs & crypto,r10_r23,r10,r23,both,21,21,16,18,0.0226915069176421,-0.3738711485519388,0.20518087636342996,15,0,4,0,1198,6,4,-0.014501780583685564,0.04753063987825845,4,21,1,1
Watchlist ETFs & crypto,r10_r24,r10,r24,both,21,21,4,7,-0.040480940389780784,-0.5061716161049392,-0.3427284647805099,7,0,0,0,1971,44,0,-0.06308117901518939,0.0,0,1,0,0
Watchlist ETFs & crypto,r11_r00,r11,r00,both,21,21,1,1,-0.08109334587897288,-0.6643497440989019,-0.599098793424899,1,0,0,0,1166,29,0,-0.1481324403562213,-0.05428766591022627,0,2,0,0
Watchlist ETFs & crypto,r11_r01,r11,r01,both,21,21,3,7,-0.03710977802943893,-0.5194270192112089,-0.36071269208244994,5,0,0,0,1920,52,0,-0.08229337931786729,-0.014101074314421091,0,7,1,0
Watchlist ETFs & crypto,r11_r02,r11,r02,both,21,21,3,4,-0.06303728172825585,-0.577628438742018,-0.5358396026302774,3,0,0,0,1521,41,0,-0.10411647407421987,-0.02753154915360967,1,6,2,1
Watchlist ETFs & crypto,r11_r03,r11,r03,both,21,21,5,10,-0.023555766666054634,-0.4753933776772695,-0.28866901668423106,5,0,0,0,2018,55,0,-0.06749820286905617,0.013098412622942424,0,14,1,0
Watchlist ETFs & crypto,r11_r04,r11,r04,both,21,21,4,10,-0.02690630300547947,-0.48798823780217127,-0.305958029453971,4,0,0,0,1996,54,0,-0.06573303497620209,0.007663180777917056,0,13,0,0
Watchlist ETFs & crypto,r11_r05,r11,r05,both,21,21,5,8,-0.02583791261902002,-0.5083655050021855,-0.31036051992878466,3,0,0,0,1860,49,0,-0.07429034305071724,-0.010922151514831224,0,6,1,0
Watchlist ETFs & crypto,r11_r06,r11,r06,both,21,21,1,2,-0.0877837334916508,-0.6822627834159392,-0.6279828777240417,1,0,0,0,1083,24,0,-0.1413240531438924,-0.049262649684960746,0,2,0,0
Watchlist ETFs & crypto,r11_r07,r11,r07,both,21,21,4,9,-0.022357651556408564,-0.48678935116183963,-0.2694590346608391,4,0,0,0,1689,40,0,-0.07027067241257301,-0.00038426667713187257,0,10,0,0
Watchlist ETFs & crypto,r11_r08,r11,r08,both,21,21,1,5,-0.06076759643597196,-0.6052391867944277,-0.4659569437342618,2,0,0,0,1432,33,0,-0.10325024760264467,-0.028272861581715714,0,5,1,0
Watchlist ETFs & crypto,r11_r09,r11,r09,both,21,21,6,10,-0.01165868402501935,-0.49308469428704815,-0.23671362315506983,8,0,0,0,1747,43,0,-0.05930000971782734,0.00927372413620664,0,13,0,0
Watchlist ETFs & crypto,r11_r10,r11,r10,both,21,21,5,9,-0.013544765034350315,-0.48195973394913594,-0.23712625977383994,7,0,0,0,1734,43,0,-0.06096792290911002,0.008241166693591873,0,15,0,0
Watchlist ETFs & crypto,r11_r11,r11,r11,both,21,21,5,12,-0.01852270673544787,-0.46875624851950737,-0.16682862693304756,7,0,0,0,1642,38,0,-0.07308054017814036,0.0,0,0,0,0
Watchlist ETFs & crypto,r11_r12,r11,r12,both,21,21,4,4,-0.05037885247418228,-0.5838843590036339,-0.4682310935183175,4,0,0,0,961,11,1,-0.08211396675954152,-0.024054854583176133,1,7,1,0
Watchlist ETFs & crypto,r11_r13,r11,r13,both,21,21,9,12,-0.005250517654210474,-0.38048921726573504,-0.061826869036266,10,0,0,0,1253,17,1,-0.04381708901939563,0.02613228707500337,1,16,0,0
Watchlist ETFs & crypto,r11_r14,r11,r14,both,21,21,6,12,-0.004935173109920199,-0.4130881148916363,-0.06210076810669074,10,0,0,0,1145,15,1,-0.0613554838635455,0.008312642739538023,2,12,2,2
Watchlist ETFs & crypto,r11_r15,r11,r15,both,21,21,12,15,0.009354995837597135,-0.4029923826788022,0.02467367925886621,14,0,0,0,1276,18,1,-0.03873902845383426,0.029387753687869167,1,19,0,0
Watchlist ETFs & crypto,r11_r16,r11,r16,both,21,21,11,15,0.007135006465496918,-0.40540348834522555,0.006791314869793563,14,0,0,0,1273,18,1,-0.03444847475155699,0.03501760375831653,1,19,0,0
Watchlist ETFs & crypto,r11_r17,r11,r17,both,21,21,12,12,0.008276718429663488,-0.3770840809032109,0.06724888308365617,12,0,0,0,1237,17,2,-0.047230857135647675,0.026024630679195804,1,19,1,0
Watchlist ETFs & crypto,r11_r18,r11,r18,both,21,21,7,9,-0.015460642442746364,-0.4949955354971509,-0.19227722986778162,7,0,14,0,899,4,1,-0.04294533467837458,0.024908399161222117,2,13,1,1
Watchlist ETFs & crypto,r11_r19,r11,r19,both,21,21,16,18,0.02430204980914108,-0.3761123047090169,0.2284145117285341,16,0,1,0,1000,6,1,-0.02009463984092208,0.0524596808241109,2,20,0,0
Watchlist ETFs & crypto,r11_r20,r11,r20,both,21,21,13,16,0.01381530354507321,-0.3991382918715015,0.11044428119502148,15,0,6,0,961,5,3,-0.03123436839294602,0.040441429725976086,2,19,2,2
Watchlist ETFs & crypto,r11_r21,r11,r21,both,21,21,17,20,0.02607239667962169,-0.36689270242611494,0.25254671097450343,18,0,1,0,1006,6,6,-0.009120811169576859,0.0545815773648024,4,21,0,0
Watchlist ETFs & crypto,r11_r22,r11,r22,both,21,21,16,20,0.02607239667962169,-0.3697569543203879,0.25254671097450343,18,0,2,0,1005,6,6,-0.009861178845756324,0.054373620551629864,4,20,0,0
Watchlist ETFs & crypto,r11_r23,r11,r23,both,21,21,17,20,0.03729003384009966,-0.3529946997818325,0.33374536062826454,17,0,4,0,990,6,4,-0.013560863388216271,0.05703362060129513,4,20,1,1
Watchlist ETFs & crypto,r11_r24,r11,r24,both,21,21,5,9,-0.013544765034350315,-0.48195973394913594,-0.23712625977383994,7,0,0,0,1736,43,0,-0.06096792290911002,0.008241166693591873,0,15,0,0
Watchlist ETFs & crypto,r12_r00,r12,r00,both,21,21,9,10,-0.0003051880831551612,-0.5349693297602662,-0.12468950765508346,10,0,1,0,450,10,0,-0.07171978504840693,-0.0031638298564031775,0,7,1,0
Watchlist ETFs & crypto,r12_r01,r12,r01,both,21,21,14,15,0.02611139670643392,-0.456579539857918,0.27762079044802546,16,0,0,0,687,20,0,-0.04679835522542031,0.023730580731056605,0,20,2,0
Watchlist ETFs & crypto,r12_r02,r12,r02,both,21,21,11,12,0.031855641295731596,-0.4623845567048138,0.16748720895926272,12,0,0,0,573,16,1,-0.0605944578257509,0.013405320594058412,1,14,1,0
Watchlist ETFs & crypto,r12_r03,r12,r03,both,21,21,15,17,0.0512815008887042,-0.45489496580389743,0.34883215682353685,16,0,0,0,714,21,0,-0.038984269453679166,0.02957704147567841,1,21,3,1
Watchlist ETFs & crypto,r12_r04,r12,r04,both,21,21,16,16,0.05083062910937586,-0.45489496580389743,0.2822188026561854,16,0,0,0,702,21,0,-0.03620660700679745,0.02957704147567841,1,21,2,1
Watchlist ETFs & crypto,r12_r05,r12,r05,both,21,21,14,15,0.031660799303936615,-0.44288573679457066,0.24078823304141994,16,0,0,0,647,19,0,-0.04655048661082328,0.02937886210594054,0,18,0,0
Watchlist ETFs & crypto,r12_r06,r12,r06,both,21,21,11,11,0.0035116842861735442,-0.5312697244305477,3.226191376271004e-05,11,0,1,0,430,10,0,-0.07301264729578949,-0.0024523402367178093,0,5,0,0
Watchlist ETFs & crypto,r12_r07,r12,r07,both,21,21,15,17,0.05141589231051169,-0.45508677537682374,0.378861997748124,15,0,0,0,593,17,0,-0.04148372344953266,0.029322118082516724,0,21,1,0
Watchlist ETFs & crypto,r12_r08,r12,r08,both,21,21,14,15,0.03818612127848242,-0.43656182397090293,0.2130064190413563,14,0,0,0,519,13,1,-0.04942080527424375,0.016785313222323905,1,16,0,0
Watchlist ETFs & crypto,r12_r09,r12,r09,both,21,21,17,17,0.05515161262717161,-0.44698181346611743,0.388872101397596,16,0,0,0,610,17,1,-0.024924839397549192,0.03667564943335655,2,21,1,1
Watchlist ETFs & crypto,r12_r10,r12,r10,both,21,21,16,17,0.05515161262717161,-0.44698181346611743,0.48687409764778966,16,0,0,0,604,16,2,-0.025281895329251958,0.037891596992684295,2,21,1,1
Watchlist ETFs & crypto,r12_r11,r12,r11,both,21,21,17,17,0.042497134329863684,-0.42112273044902115,0.30170669138094075,16,0,0,0,567,15,0,-0.035550899499726785,0.0380665931004418,0,21,0,0
Watchlist ETFs & crypto,r12_r12,r12,r12,both,21,21,12,12,0.0029460709837867416,-0.5178959248898141,0.03743222010901315,12,0,1,0,407,8,0,-0.07163442582957968,0.0,0,0,0,0
Watchlist ETFs & crypto,r12_r13,r12,r13,both,21,21,15,15,0.045001132923225606,-0.44757015281500956,0.39539870249226117,15,0,0,0,537,15,0,-0.04171871364656643,0.032356513197043024,0,19,1,0
Watchlist ETFs & crypto,r12_r14,r12,r14,both,21,21,14,16,0.042369787372710466,-0.4222758103067731,0.3523339708795894,15,0,0,0,483,11,0,-0.04641766640291067,0.023639470301547894,1,18,0,0
Watchlist ETFs & crypto,r12_r15,r12,r15,both,21,21,16,17,0.05906617259515201,-0.4332793381728044,0.5223285103262494,17,0,0,0,554,15,2,-0.03240176099573855,0.03959884158810956,1,21,2,0
Watchlist ETFs & crypto,r12_r16,r12,r16,both,21,21,17,17,0.06372997914303768,-0.4332793381728044,0.5896587684061212,17,0,0,0,552,15,2,-0.02959149663578442,0.03918301670041968,2,20,2,1
Watchlist ETFs & crypto,r12_r17,r12,r17,both,21,21,17,17,0.05087980214124199,-0.4101422172219208,0.40602545147582814,17,0,0,0,517,13,0,-0.03352846635664508,0.04047131206316423,0,20,2,0
Watchlist ETFs & crypto,r12_r18,r12,r18,both,21,21,14,15,0.02377132567717477,-0.4069434356362166,0.23936270344075372,16,0,15,0,316,4,0,-0.04372111612219598,0.01889021159866333,0,15,0,0
Watchlist ETFs & crypto,r12_r19,r12,r19,both,21,21,18,18,0.06571703839722054,-0.39492244877419214,0.47459317226720055,18,0,1,0,371,6,1,-0.01948943408869852,0.04407811669016293,2,20,2,1
Watchlist ETFs & crypto,r12_r20,r12,r20,both,21,21,18,18,0.04733484754224504,-0.40322780846731954,0.46992008352627557,17,0,6,0,351,5,2,-0.032429063108098566,0.043823163256071496,3,19,2,0
Watchlist ETFs & crypto,r12_r21,r12,r21,both,21,21,18,18,0.0717760327840069,-0.3917085899497783,0.6797670384124896,18,0,1,0,375,6,2,-0.011471673014870287,0.05212512248146295,4,20,2,2
Watchlist ETFs & crypto,r12_r22,r12,r22,both,21,21,18,18,0.07156534896172273,-0.3917085899497783,0.7189314490438861,18,0,2,0,374,6,2,-0.013762737565849115,0.05212512248146295,4,20,2,2
Watchlist ETFs & crypto,r12_r23,r12,r23,both,21,21,18,18,0.06599437169260214,-0.3620806765637463,0.6978598605257735,18,0,4,0,361,6,2,-0.01569517131066478,0.05546258517217861,3,20,2,2
Watchlist ETFs & crypto,r12_r24,r12,r24,both,21,21,16,17,0.05515161262717161,-0.44698181346611743,0.48687409764778966,16,0,0,0,606,16,2,-0.025281895329251958,0.037891596992684295,2,21,1,1
Watchlist ETFs & crypto,r13_r00,r13,r00,both,21,21,1,1,-0.0936509597113021,-0.6771448800872224,-0.6291937489008466,1,0,0,0,1218,29,0,-0.11609928671495373,-0.08695972653387019,0,0,0,0
Watchlist ETFs & crypto,r13_r01,r13,r01,both,21,21,1,5,-0.04887521084231805,-0.5374047476886084,-0.46872792506675254,1,0,0,0,1829,53,0,-0.08045783014368724,-0.040768179881492506,0,0,0,0
Watchlist ETFs & crypto,r13_r02,r13,r02,both,21,21,2,4,-0.07712896781944767,-0.592079766280823,-0.5544626072873268,2,0,0,0,1521,41,0,-0.10038457429465941,-0.05012726348737906,0,1,0,0
Watchlist ETFs & crypto,r13_r03,r13,r03,both,21,21,2,5,-0.04122669545600466,-0.47301405240253236,-0.41203076442050435,4,0,0,0,1920,58,0,-0.07149681749634751,-0.022056044466579827,0,4,0,0
Watchlist ETFs & crypto,r13_r04,r13,r04,both,21,21,2,7,-0.04554758889375132,-0.49855464687072737,-0.40390201999011766,2,0,0,0,1895,58,0,-0.0736829604836241,-0.02495522484230639,0,2,0,0
Watchlist ETFs & crypto,r13_r05,r13,r05,both,21,21,1,6,-0.04908285470639795,-0.5121139105573806,-0.4009603249047159,3,0,0,0,1755,50,0,-0.08018068662748967,-0.03578848477218943,0,2,0,0
Watchlist ETFs & crypto,r13_r06,r13,r06,both,21,21,0,2,-0.08662768262435261,-0.6504938567761371,-0.6054652811508168,1,0,0,0,1110,23,0,-0.11562748127903,-0.07056922605527172,0,0,0,0
Watchlist ETFs & crypto,r13_r07,r13,r07,both,21,21,3,5,-0.033941452319130816,-0.49323506752395807,-0.3923534415664821,3,0,0,0,1540,41,0,-0.06503928424022254,-0.02143659432153,0,3,0,0
Watchlist ETFs & crypto,r13_r08,r13,r08,both,21,21,2,4,-0.05862910472384797,-0.5690414759937581,-0.4884186879384802,3,0,0,0,1350,32,0,-0.08428780785887136,-0.04284000418592504,0,4,0,0
Watchlist ETFs & crypto,r13_r09,r13,r09,both,21,21,3,8,-0.03341686573966973,-0.4830354112322802,-0.36681930476626634,5,0,0,0,1597,43,0,-0.06117988414197306,-0.021535890267616264,0,5,0,0
Watchlist ETFs & crypto,r13_r10,r13,r10,both,21,21,4,8,-0.034754894797623836,-0.4703724153244133,-0.34495889355737364,4,0,0,0,1582,43,0,-0.05972296728920479,-0.020886410667686484,0,6,0,0
Watchlist ETFs & crypto,r13_r11,r13,r11,both,21,21,4,6,-0.019257101662191634,-0.4774863372041753,-0.25348477540270387,3,0,0,0,1490,37,0,-0.06327507555857992,-0.02472198607843612,0,6,0,0
Watchlist ETFs & crypto,r13_r12,r13,r12,both,21,21,4,4,-0.055442955476916356,-0.546586345718862,-0.4735720870876253,4,0,0,0,923,11,1,-0.07743232797151967,-0.03465331280304296,0,2,0,0
Watchlist ETFs & crypto,r13_r13,r13,r13,both,21,21,6,10,-0.01610002503742114,-0.41678454471038806,-0.20673835860685963,7,0,0,0,1108,17,1,-0.046893227178079755,0.0,1,0,0,0
Watchlist ETFs & crypto,r13_r14,r13,r14,both,21,21,6,8,-0.026664754735987062,-0.42499390471866993,-0.271785074349689,6,0,0,0,1039,15,1,-0.05608826953361623,-0.010321019211961158,0,5,0,0
Watchlist ETFs & crypto,r13_r15,r13,r15,both,21,21,9,11,-0.005128589278403872,-0.3921605787972503,-0.11976276515966489,9,0,0,0,1131,18,1,-0.03734126079921196,0.001993137253776478,1,14,1,1
Watchlist ETFs & crypto,r13_r16,r13,r16,both,21,21,9,11,-0.005128589278403872,-0.392964053529143,-0.11976276515966489,9,0,0,0,1128,18,1,-0.03626786936935189,0.004799397641060965,1,14,0,0
Watchlist ETFs & crypto,r13_r17,r13,r17,both,21,21,7,10,-0.013158649306058257,-0.3905477494369355,-0.1462573769558212,8,0,0,0,1090,17,1,-0.03867926359302565,0.0013780673730350301,1,13,1,0
Watchlist ETFs & crypto,r13_r18,r13,r18,both,21,21,7,8,-0.026504269972468686,-0.4429270446204805,-0.20784090522736487,7,0,14,0,790,4,1,-0.0339320441136759,0.006227319523389063,1,11,0,0
Watchlist ETFs & crypto,r13_r19,r13,r19,both,21,21,11,15,0.002711469568837721,-0.3323673693567035,0.002482237351070671,12,0,1,0,857,6,1,-0.01877983847996334,0.02823289189520284,2,17,1,0
Watchlist ETFs & crypto,r13_r20,r13,r20,both,21,21,9,11,-0.0052803959855514115,-0.3612094868865784,-0.07798432827840973,10,0,6,0,836,5,2,-0.028122949131289654,0.02557304963054885,3,14,1,0
Watchlist ETFs & crypto,r13_r21,r13,r21,both,21,21,14,15,0.009904942481085088,-0.3020594473102659,0.0891170026250232,15,0,1,0,861,6,4,-0.009050217882324851,0.030485129715315917,4,20,1,1
Watchlist ETFs & crypto,r13_r22,r13,r22,both,21,21,14,15,0.009904942481085088,-0.3020594473102659,0.0891170026250232,15,0,2,0,860,6,4,-0.010381996555291373,0.030485129715315917,4,20,1,1
Watchlist ETFs & crypto,r13_r23,r13,r23,both,21,21,15,16,0.008010772280223177,-0.30744468635206146,0.04159823541337104,14,0,4,0,846,6,4,-0.012214716595834507,0.03194847980433679,4,19,1,1
Watchlist ETFs & crypto,r13_r24,r13,r24,both,21,21,4,8,-0.034754894797623836,-0.4703724153244133,-0.34495889355737364,4,0,0,0,1584,43,0,-0.05972296728920479,-0.020886410667686484,0,6,0,0
Watchlist ETFs & crypto,r14_r00,r14,r00,both,21,21,6,8,-0.03577716969463607,-0.5448624711834449,-0.2899938782700463,5,0,0,0,655,16,1,-0.09461330867862816,-0.042475999978008105,1,3,0,0
Watchlist ETFs & crypto,r14_r01,r14,r01,both,21,21,12,15,0.018376531579385125,-0.40895884979984465,0.08116996340689608,14,0,0,0,969,29,0,-0.050791224425640547,-0.0042092889711523584,0,7,0,0
Watchlist ETFs & crypto,r14_r02,r14,r02,both,21,21,8,11,0.00010456813699577516,-0.5122356902822633,-0.11272500622619286,11,0,0,0,796,22,0,-0.06850681830754413,-0.01674827206462104,1,2,0,0
Watchlist ETFs & crypto,r14_r03,r14,r03,both,21,21,12,17,0.03276394658202686,-0.4070863592371008,0.1663119058935829,15,0,0,0,1011,31,1,-0.035848746852175095,0.005463380525381645,1,12,0,0
Watchlist ETFs & crypto,r14_r04,r14,r04,both,21,21,12,16,0.028040871235500253,-0.4115142121961939,0.1148762693979748,15,0,0,0,996,30,0,-0.03748802726341027,0.0045515842015109165,1,12,0,0
Watchlist ETFs & crypto,r14_r05,r14,r05,both,21,21,13,14,0.028966648555156294,-0.39133316698536547,0.1970258423956821,14,0,0,0,916,26,0,-0.046276662305222205,-0.0056918883653434005,0,8,0,0
Watchlist ETFs & crypto,r14_r06,r14,r06,both,21,21,6,8,-0.023012772393941616,-0.5480830327639254,-0.27435900469730357,7,0,0,0,613,13,1,-0.08728402378664357,-0.04258438119907071,0,2,0,0
Watchlist ETFs & crypto,r14_r07,r14,r07,both,21,21,12,15,0.02544645327823125,-0.4473482212772063,0.13406564953470768,14,0,0,0,839,22,1,-0.050934106293132775,7.045204386613158e-05,1,11,0,0
Watchlist ETFs & crypto,r14_r08,r14,r08,both,21,21,10,14,0.008837829579430023,-0.4441156291131596,-0.0030332590000667903,14,0,0,0,726,20,1,-0.06317150763427826,-0.009845466994086838,1,4,0,0
Watchlist ETFs & crypto,r14_r09,r14,r09,both,21,21,12,16,0.03043430895865451,-0.4278800412171516,0.1446277257661852,15,0,0,0,863,25,1,-0.038699813447618414,0.0054148970784061445,1,14,1,1
Watchlist ETFs & crypto,r14_r10,r14,r10,both,21,21,13,15,0.029900570893054423,-0.4305536051283604,0.1346175431471046,15,0,0,0,857,25,1,-0.039036478113125606,0.006037971441393508,2,14,1,1
Watchlist ETFs & crypto,r14_r11,r14,r11,both,21,21,14,14,0.036951485250735105,-0.378322366273929,0.2913518588498585,15,0,0,0,805,20,2,-0.043564619231821755,0.0007680627205617352,1,12,0,0
Watchlist ETFs & crypto,r14_r12,r14,r12,both,21,21,7,8,-0.011886279685245027,-0.5043303970513181,-0.19811423730993716,8,0,1,0,538,10,0,-0.0814019404443721,-0.02032821166977794,0,3,0,0
Watchlist ETFs & crypto,r14_r13,r14,r13,both,21,21,15,15,0.03420074843342591,-0.3992438246651644,0.3211545387044623,15,0,0,0,677,16,0,-0.039882060435695754,0.009884931859812873,0,14,1,0
Watchlist ETFs & crypto,r14_r14,r14,r14,both,21,21,12,15,0.016406943705381316,-0.3948005942042241,0.1520504059345562,16,0,0,0,616,12,0,-0.05292208476609361,0.0,1,0,0,0
Watchlist ETFs & crypto,r14_r15,r14,r15,both,21,21,16,17,0.03747711858299718,-0.3730960278992267,0.31610177628972824,16,0,0,0,694,16,1,-0.03480656879470545,0.012914525698552004,0,15,1,0
Watchlist ETFs & crypto,r14_r16,r14,r16,both,21,21,16,17,0.037050523143233205,-0.3756278745215823,0.31610177628972824,16,0,0,0,692,16,1,-0.03660747815351395,0.013235023586990469,1,15,1,0
Watchlist ETFs & crypto,r14_r17,r14,r17,both,21,21,15,16,0.04114718693767072,-0.37954943921458206,0.39106735546898763,17,0,0,0,656,14,2,-0.032699350272629824,0.013546886176637019,0,16,1,0
Watchlist ETFs & crypto,r14_r18,r14,r18,both,21,21,11,12,0.012914624804663877,-0.4184000648053544,0.0010719909020924234,12,0,14,0,423,4,1,-0.04124268469076431,0.01243161736499121,1,12,0,0
Watchlist ETFs & crypto,r14_r19,r14,r19,both,21,21,17,17,0.057282908813363065,-0.3394729387481177,0.5214308578554621,17,0,1,0,475,6,1,-0.018757598308122292,0.03372226754893748,2,18,0,0
Watchlist ETFs & crypto,r14_r20,r14,r20,both,21,21,15,15,0.03558520740749738,-0.37124697077675195,0.304504638856107,16,0,6,0,458,5,2,-0.028042356343728314,0.028515262202060687,3,16,0,0
Watchlist ETFs & crypto,r14_r21,r14,r21,both,21,21,17,18,0.056270338528418895,-0.3446110913411128,0.6217383767411928,17,0,1,0,479,6,2,-0.009512216909913329,0.03725952395860199,4,19,1,1
Watchlist ETFs & crypto,r14_r22,r14,r22,both,21,21,17,17,0.05464778312448737,-0.34809255115738735,0.6217383767411928,17,0,2,0,478,6,3,-0.011303660334355703,0.03725952395860199,4,19,2,2
Watchlist ETFs & crypto,r14_r23,r14,r23,both,21,21,17,17,0.05949777956244762,-0.32592198603288225,0.695541078575667,17,0,4,0,464,6,3,-0.01576023735156018,0.04090553783365236,4,19,1,1
Watchlist ETFs & crypto,r14_r24,r14,r24,both,21,21,13,15,0.029900570893054423,-0.4305536051283604,0.1346175431471046,15,0,0,0,859,25,1,-0.039036478113125606,0.006037971441393508,2,14,1,1
Watchlist ETFs & crypto,r15_r00,r15,r00,both,21,21,0,0,-0.0902362205533076,-0.6801909876137701,-0.6383903446423149,0,0,0,0,1369,32,0,-0.11653439175999813,-0.08070757966374853,0,0,0,0
Watchlist ETFs & crypto,r15_r01,r15,r01,both,21,21,0,1,-0.058705962896822395,-0.6042088392190248,-0.5198987963435647,0,0,0,0,2048,59,0,-0.08469513756135849,-0.047790886454530224,0,1,0,0
Watchlist ETFs & crypto,r15_r02,r15,r02,both,21,21,0,2,-0.07849034362303209,-0.6263094805268461,-0.6131813572523765,0,0,0,0,1700,43,0,-0.09748445684777163,-0.06647514718261482,0,1,0,0
Watchlist ETFs & crypto,r15_r03,r15,r03,both,21,21,0,4,-0.05518154074317272,-0.5344830433623287,-0.4760156513151401,1,0,0,0,2152,64,0,-0.06442951960222865,-0.03022139789937406,0,2,0,0
Watchlist ETFs & crypto,r15_r04,r15,r04,both,21,21,0,2,-0.05317291266428936,-0.5363008866301283,-0.4658518378460994,1,0,0,0,2125,63,0,-0.06552599890081545,-0.03166462514749635,0,1,0,0
Watchlist ETFs & crypto,r15_r05,r15,r05,both,21,21,0,2,-0.06169701739926947,-0.6149958951689214,-0.4862925184604372,0,0,0,0,1970,56,0,-0.0806149623049367,-0.05392076426626624,0,2,0,0
Watchlist ETFs & crypto,r15_r06,r15,r06,both,21,21,0,0,-0.09112751553460352,-0.6739938792880272,-0.640603230938313,0,0,0,0,1234,24,0,-0.10454679614007045,-0.0770524480667073,0,0,0,0
Watchlist ETFs & crypto,r15_r07,r15,r07,both,21,21,0,4,-0.059100953864064,-0.5509816660438266,-0.46556114966902096,2,0,0,0,1694,42,0,-0.07050191887342871,-0.03759266634727099,0,2,0,0
Watchlist ETFs & crypto,r15_r08,r15,r08,both,21,21,1,1,-0.07345964695321572,-0.5864952897708076,-0.5525618475244064,2,0,0,0,1491,34,0,-0.08275869302170469,-0.04576463494479854,0,2,0,0
Watchlist ETFs & crypto,r15_r09,r15,r09,both,21,21,1,3,-0.05193736858179965,-0.5035360068076482,-0.4251171002149835,2,0,0,0,1752,45,0,-0.06002620364145017,-0.03071045201718503,1,2,0,0
Watchlist ETFs & crypto,r15_r10,r15,r10,both,21,21,0,3,-0.04802958108553845,-0.5082859614687214,-0.425427884925874,2,0,0,0,1737,44,0,-0.06163817771452296,-0.028353219410158448,0,3,0,0
Watchlist ETFs & crypto,r15_r11,r15,r11,both,21,21,2,4,-0.05171396665046435,-0.5356835507663984,-0.44411284527048733,3,0,0,0,1641,38,0,-0.06710571538906474,-0.02971012039131038,0,3,0,0
Watchlist ETFs & crypto,r15_r12,r15,r12,both,21,21,2,3,-0.05469138556173525,-0.5526088745418936,-0.4812636430567171,1,0,0,0,1035,11,1,-0.06737202471568104,-0.03532362019033808,0,1,0,0
Watchlist ETFs & crypto,r15_r13,r15,r13,both,21,21,2,3,-0.022576051338091374,-0.40100981666655355,-0.2531393823487834,2,0,0,0,1227,17,1,-0.044989903171177126,-0.0019241542319264893,1,7,0,0
Watchlist ETFs & crypto,r15_r14,r15,r14,both,21,21,4,4,-0.031548286143422866,-0.4737960961347426,-0.31808750631325633,4,0,0,0,1157,15,0,-0.0482645025298839,-0.01281750716583352,0,3,0,0
Watchlist ETFs & crypto,r15_r15,r15,r15,both,21,21,2,5,-0.019435071064427434,-0.39032191718428155,-0.21639467707928584,4,0,0,0,1250,18,1,-0.03765668959515822,0.0,1,0,0,0
Watchlist ETFs & crypto,r15_r16,r15,r16,both,21,21,3,5,-0.020281742963351834,-0.3947989753472466,-0.22618292039424348,4,0,0,0,1247,18,1,-0.03451194874068331,-0.0008466718989244004,1,3,0,0
Watchlist ETFs & crypto,r15_r17,r15,r17,both,21,21,3,7,-0.026155456401610322,-0.4099417300463528,-0.2487746584449928,3,0,0,0,1209,17,1,-0.03847472977443922,-0.0004167473870543281,1,10,0,0
Watchlist ETFs & crypto,r15_r18,r15,r18,both,21,21,4,7,-0.022050149284325582,-0.4473440479688221,-0.2273072391590616,6,0,14,0,907,4,1,-0.033793506965589803,-0.0028331580798869327,1,8,0,0
Watchlist ETFs & crypto,r15_r19,r15,r19,both,21,21,8,15,-0.007241339401646507,-0.3365954692080084,-0.05486207977280355,8,0,1,0,976,6,1,-0.018664788247387154,0.016608314987350492,2,16,0,0
Watchlist ETFs & crypto,r15_r20,r15,r20,both,21,21,8,11,-0.009394132693370638,-0.3981446275260503,-0.07046083346437193,8,0,6,0,954,5,2,-0.027429720892633513,0.007972640417209576,3,14,0,0
Watchlist ETFs & crypto,r15_r21,r15,r21,both,21,21,10,15,0.00029668524057924195,-0.30894546885085705,-0.03394845672432134,11,0,1,0,980,6,5,-0.009002360827909728,0.023528088555437754,4,19,0,0
Watchlist ETFs & crypto,r15_r22,r15,r22,both,21,21,10,15,0.00029668524057924195,-0.3040666617557002,-0.03394845672432134,11,0,2,0,979,6,4,-0.009879348833349288,0.023528088555437754,4,20,0,0
Watchlist ETFs & crypto,r15_r23,r15,r23,both,21,21,9,15,-0.0004936989413453219,-0.30894546885085694,-0.01105535871209451,10,0,4,0,965,6,4,-0.012263710153732288,0.020879490742538254,4,16,0,0
Watchlist ETFs & crypto,r15_r24,r15,r24,both,21,21,0,3,-0.04802958108553845,-0.5082859614687214,-0.425427884925874,2,0,0,0,1739,44,0,-0.06163817771452296,-0.028353219410158448,0,3,0,0
Watchlist ETFs & crypto,r16_r00,r16,r00,both,21,21,0,0,-0.09085947032367048,-0.6798687965277048,-0.6215154215728234,0,0,0,0,1341,32,0,-0.11553490257611143,-0.08071522779977369,0,1,0,0
Watchlist ETFs & crypto,r16_r01,r16,r01,both,21,21,0,0,-0.06318874374673655,-0.5936251493789244,-0.5325744839894507,0,0,0,0,2016,59,0,-0.08502354078065844,-0.04794054768124245,0,2,0,0
Watchlist ETFs & crypto,r16_r02,r16,r02,both,21,21,0,2,-0.08511599606751152,-0.6437385615846184,-0.620077619615915,0,0,0,0,1669,43,0,-0.09867915150944762,-0.06871225285639315,0,1,0,0
Watchlist ETFs & crypto,r16_r03,r16,r03,both,21,21,0,3,-0.055611430565752795,-0.5193270765826135,-0.47820176189857566,2,0,0,0,2120,63,0,-0.06440027401536819,-0.031884298059157046,0,1,0,0
Watchlist ETFs & crypto,r16_r04,r16,r04,both,21,21,0,1,-0.054352218479425396,-0.5459942449494997,-0.4693636115353458,2,0,0,0,2093,63,0,-0.06569913528395122,-0.03378442121012726,0,1,0,0
Watchlist ETFs & crypto,r16_r05,r16,r05,both,21,21,0,1,-0.0648223441973318,-0.6245871783638104,-0.4886324277255598,0,0,0,0,1938,56,0,-0.08035432274318721,-0.05303410850981094,0,2,0,0
Watchlist ETFs & crypto,r16_r06,r16,r06,both,21,21,0,0,-0.08888515743460701,-0.677601349682017,-0.6239602864666394,0,0,0,0,1209,24,0,-0.10333936764667428,-0.07766926141766184,0,0,0,0
Watchlist ETFs & crypto,r16_r07,r16,r07,both,21,21,0,4,-0.06027287609929122,-0.5613528877223638,-0.47350237537041007,1,0,0,0,1667,42,0,-0.07027397620978082,-0.03667628866598516,0,1,0,0
Watchlist ETFs & crypto,r16_r08,r16,r08,both,21,21,1,2,-0.06971513241673133,-0.5929654974353024,-0.5337691787915568,1,0,0,0,1464,34,0,-0.08116403967531471,-0.045764179085597934,0,2,0,0
Watchlist ETFs & crypto,r16_r09,r16,r09,both,21,21,1,4,-0.050048053779699564,-0.5064598690478817,-0.43486239134302573,2,0,0,0,1725,45,0,-0.06087569859189479,-0.02899341370136932,1,2,0,0
Watchlist ETFs & crypto,r16_r10,r16,r10,both,21,21,0,4,-0.04892421419269799,-0.5042016990514049,-0.42817401922187814,2,0,0,0,1710,44,0,-0.06162906118738232,-0.027418488368232796,0,3,0,0
Watchlist ETFs & crypto,r16_r11,r16,r11,both,21,21,2,4,-0.05374355913154594,-0.5284906708122324,-0.420986913995513,2,0,0,0,1614,38,0,-0.06688875313106979,-0.02877170461714651,0,2,0,0
Watchlist ETFs & crypto,r16_r12,r16,r12,both,21,21,2,3,-0.055844327826883644,-0.5471148703415167,-0.4871401300772227,2,0,0,0,1009,11,1,-0.0669931506170176,-0.035124969318036436,0,1,0,0
Watchlist ETFs & crypto,r16_r13,r16,r13,both,21,21,2,4,-0.024313797049443253,-0.41983818333461476,-0.25826530521765034,2,0,0,0,1200,17,1,-0.044824134460728526,-0.004445049078466656,1,7,0,0
Watchlist ETFs & crypto,r16_r14,r16,r14,both,21,21,3,5,-0.033125464750207834,-0.46102298208672654,-0.2961148273993578,4,0,0,0,1129,15,0,-0.04348014801947886,-0.010964172063267719,0,4,0,0
Watchlist ETFs & crypto,r16_r15,r16,r15,both,21,21,2,6,-0.022727032715392004,-0.3974774169279057,-0.22574823329346294,4,0,0,0,1223,18,1,-0.03775618816285253,0.0008539669128082572,1,15,0,0
Watchlist ETFs & crypto,r16_r16,r16,r16,both,21,21,2,6,-0.02279798210434225,-0.4074503482269065,-0.21202893994595606,4,0,0,0,1220,18,1,-0.034286462793672756,0.0,1,0,0,0
Watchlist ETFs & crypto,r16_r17,r16,r17,both,21,21,3,7,-0.0258283792620716,-0.39867171303547067,-0.2577699572179497,4,0,0,0,1182,17,1,-0.03842680817062638,-0.0030303971577293476,1,9,0,0
Watchlist ETFs & crypto,r16_r18,r16,r18,both,21,21,5,7,-0.023093086588027223,-0.45496787372550695,-0.23653055035545412,6,0,14,0,881,4,1,-0.03359820630396215,-0.004491822316087468,1,9,0,0
Watchlist ETFs & crypto,r16_r19,r16,r19,both,21,21,7,12,-0.006482881843438593,-0.3505178893266466,-0.0655699803044123,8,0,1,0,949,6,1,-0.01861754861496534,0.01608514763857971,2,17,0,0
Watchlist ETFs & crypto,r16_r20,r16,r20,both,21,21,8,11,-0.012183653669123773,-0.41362019503502745,-0.0842728538950892,7,0,6,0,927,5,2,-0.02781790887239599,0.011466124132109456,3,15,0,0
Watchlist ETFs & crypto,r16_r21,r16,r21,both,21,21,9,15,-0.003038290025282442,-0.30990355904267397,-0.03441483046414562,9,0,1,0,953,6,5,-0.008991148076800126,0.023524827879411014,4,19,0,0
Watchlist ETFs & crypto,r16_r22,r16,r22,both,21,21,9,15,-0.003038290025282442,-0.30990355904267397,-0.03619709562748741,9,0,2,0,952,6,4,-0.009814801498039927,0.023524827879411014,4,19,0,0
Watchlist ETFs & crypto,r16_r23,r16,r23,both,21,21,9,14,-0.0022733344010965606,-0.3246922213029657,-0.02575008496147435,10,0,4,0,938,6,4,-0.01228273692186932,0.023085643387153243,4,16,0,0
Watchlist ETFs & crypto,r16_r24,r16,r24,both,21,21,0,3,-0.04892421419269799,-0.5042016990514049,-0.42817401922187814,2,0,0,0,1712,44,0,-0.06162906118738232,-0.027418488368232796,0,3,0,0
Watchlist ETFs & crypto,r17_r00,r17,r00,both,21,21,1,1,-0.07887242739145495,-0.6615933725389201,-0.5894620494924336,1,0,0,0,1156,29,0,-0.11839284934692884,-0.07948294591014649,0,0,0,0
Watchlist ETFs & crypto,r17_r01,r17,r01,both,21,21,2,4,-0.046744037596201604,-0.5696121928034203,-0.4440335391005006,1,0,0,0,1776,56,0,-0.08644131461412219,-0.046515147026703896,0,2,0,0
Watchlist ETFs & crypto,r17_r02,r17,r02,both,21,21,2,4,-0.06639773050808129,-0.584947151713833,-0.525048070162832,3,0,0,0,1462,42,0,-0.09547289945191229,-0.0678966904329974,0,1,0,0
Watchlist ETFs & crypto,r17_r03,r17,r03,both,21,21,4,5,-0.04148721172461223,-0.5268219376103651,-0.3776626838815106,5,0,0,0,1871,60,0,-0.06213798380292024,-0.026094450632798805,0,4,0,0
Watchlist ETFs & crypto,r17_r04,r17,r04,both,21,21,2,5,-0.04136954848121788,-0.5571160564949387,-0.397175504655806,3,0,0,0,1847,59,0,-0.06668546322435209,-0.03375254924090909,0,3,0,0
Watchlist ETFs & crypto,r17_r05,r17,r05,both,21,21,2,5,-0.05051964079839366,-0.5952447875852411,-0.40475264767947006,2,0,0,0,1709,53,0,-0.07609443016192963,-0.038651151501173486,0,1,0,0
Watchlist ETFs & crypto,r17_r06,r17,r06,both,21,21,2,2,-0.09052897354501221,-0.6827435874953949,-0.6434681352140155,1,0,0,0,1058,24,0,-0.11343859758942276,-0.0786396238335666,0,0,0,0
Watchlist ETFs & crypto,r17_r07,r17,r07,both,21,21,3,5,-0.04704530331866541,-0.5354838823457082,-0.42084457746064385,5,0,0,0,1488,41,0,-0.06876706108327824,-0.03630984866703035,0,1,0,0
Watchlist ETFs & crypto,r17_r08,r17,r08,both,21,21,2,5,-0.06628487819539353,-0.5915677681988405,-0.5221884840414164,4,0,0,0,1299,33,0,-0.08415973828206436,-0.05225241664622038,0,2,0,0
Watchlist ETFs & crypto,r17_r09,r17,r09,both,21,21,3,7,-0.04392340359790614,-0.5118089648270927,-0.3879049650410029,5,0,0,0,1545,43,0,-0.059922015056737,-0.021103632837318642,0,4,0,0
Watchlist ETFs & crypto,r17_r10,r17,r10,both,21,21,3,7,-0.04397594365956903,-0.508258487007273,-0.391965272361245,6,0,0,0,1532,43,0,-0.060870412674873475,-0.02115617289898153,0,4,0,0
Watchlist ETFs & crypto,r17_r11,r17,r11,both,21,21,3,7,-0.03329507635414741,-0.5435726625247722,-0.32772853400751767,5,0,0,0,1442,38,0,-0.07031268061104345,-0.0325604139380109,0,2,0,0
Watchlist ETFs & crypto,r17_r12,r17,r12,both,21,21,2,5,-0.053909289295874685,-0.5477023391747285,-0.4667046598258239,4,0,0,0,859,11,1,-0.0714992590096204,-0.038791414230550325,0,1,0,0
Watchlist ETFs & crypto,r17_r13,r17,r13,both,21,21,5,7,-0.016379287505433493,-0.42708131217012046,-0.21035609152127743,5,0,0,0,1038,17,1,-0.04556534449272398,-0.0014371926151788283,1,8,0,0
Watchlist ETFs & crypto,r17_r14,r17,r14,both,21,21,5,7,-0.025736501117233912,-0.47205099891036295,-0.25874533517762943,6,0,0,0,967,15,1,-0.04381968480750009,-0.012054584525848622,0,4,0,0
Watchlist ETFs & crypto,r17_r15,r17,r15,both,21,21,6,10,-0.013557565669876426,-0.4016583462001765,-0.14788791269292145,8,0,0,0,1061,18,1,-0.03803266656129889,0.0004387982077140862,1,11,0,0
Watchlist ETFs & crypto,r17_r16,r17,r16,both,21,21,6,9,-0.014149635891095969,-0.40537314911149225,-0.16275877270816252,8,0,0,0,1058,18,1,-0.0350229407518734,0.003016489452097315,1,12,0,0
Watchlist ETFs & crypto,r17_r17,r17,r17,both,21,21,7,9,-0.013605433094766473,-0.40909685539777885,-0.18976330138313435,8,0,0,0,1020,17,1,-0.03872662090338874,0.0,1,0,0,0
Watchlist ETFs & crypto,r17_r18,r17,r18,both,21,21,7,8,-0.020617139364258352,-0.47561288454207495,-0.17084702439434474,7,0,14,0,721,4,1,-0.03404212649256755,0.009780337627996127,1,12,0,0
Watchlist ETFs & crypto,r17_r19,r17,r19,both,21,21,10,14,0.0016148716502697447,-0.3681490230750226,-0.03931629581512175,11,0,1,0,787,6,1,-0.018653811907542117,0.02188045355912771,2,18,1,0
Watchlist ETFs & crypto,r17_r20,r17,r20,both,21,21,8,10,-0.008785786529864614,-0.40057836666898605,-0.09875546604435892,10,0,6,0,765,5,2,-0.028643669874512723,0.019186427192586453,3,14,1,0
Watchlist ETFs & crypto,r17_r21,r17,r21,both,21,21,14,15,0.01042469379106481,-0.3352585629690096,0.08215303288570586,14,0,1,0,791,6,4,-0.009061298599414291,0.02966532230397445,4,19,1,1
Watchlist ETFs & crypto,r17_r22,r17,r22,both,21,21,14,15,0.010134181931124253,-0.3328645179686932,0.08215303288570586,14,0,2,0,790,6,5,-0.010025624790338528,0.02966532230397445,4,19,1,1
Watchlist ETFs & crypto,r17_r23,r17,r23,both,21,21,12,15,0.009244939494323479,-0.33525856296900935,0.043595818111495044,12,0,4,0,776,6,4,-0.012284355101113476,0.031976488655559354,4,18,1,1
Watchlist ETFs & crypto,r17_r24,r17,r24,both,21,21,3,7,-0.04397594365956903,-0.508258487007273,-0.391965272361245,6,0,0,0,1534,43,0,-0.06087041267487325,-0.02115617289898153,0,4,0,0
Watchlist ETFs & crypto,r18_r00,r18,r00,both,21,21,3,3,-0.02215858862649367,-0.5748260972148491,-0.27702037597728923,3,0,0,0,500,16,0,-0.07854438118625906,-0.04588307602547348,0,1,0,0
Watchlist ETFs & crypto,r18_r01,r18,r01,both,21,21,10,13,0.0042863986720904634,-0.4097537750032856,-0.0022799961897471688,12,0,0,0,826,30,0,-0.05254594854700989,-0.011107181157401502,0,6,0,0
Watchlist ETFs & crypto,r18_r02,r18,r02,both,21,21,6,9,-0.011886587514994273,-0.4616609395572566,-0.11621647575043847,9,0,0,0,647,24,0,-0.06401515589487217,-0.026159928338826743,0,4,0,0
Watchlist ETFs & crypto,r18_r03,r18,r03,both,21,21,12,15,0.014663029744946154,-0.422413392665813,0.11253324647922192,13,0,0,0,868,33,1,-0.040176986860991026,0.0003030324245011373,1,11,0,0
Watchlist ETFs & crypto,r18_r04,r18,r04,both,21,21,12,13,0.012802685298094696,-0.44210979606374734,0.06597107211008146,13,0,0,0,854,32,0,-0.04259595741464706,-0.0032325063420881595,1,8,0,0
Watchlist ETFs & crypto,r18_r05,r18,r05,both,21,21,12,13,0.006292647592676337,-0.4243964140238161,0.08862513914977099,12,0,0,0,769,27,0,-0.049105995120065415,-0.01797790940002042,0,8,0,0
Watchlist ETFs & crypto,r18_r06,r18,r06,both,21,21,3,5,-0.015937143646701735,-0.548490169542402,-0.1849234197541244,7,0,0,0,435,13,0,-0.0765856878529887,-0.038701063141474146,0,1,0,0
Watchlist ETFs & crypto,r18_r07,r18,r07,both,21,21,11,14,0.008075105797792137,-0.4197458780917249,0.01849340315039827,13,0,0,0,663,22,0,-0.04385151926683584,-0.013079626237899267,1,8,0,0
Watchlist ETFs & crypto,r18_r08,r18,r08,both,21,21,10,11,0.0034711690066064893,-0.43717521222860245,-0.03478455657370583,11,0,0,0,548,19,0,-0.05286418162304385,-0.019544879812834592,0,7,0,0
Watchlist ETFs & crypto,r18_r09,r18,r09,both,21,21,12,14,0.012509084439418228,-0.4210456894284993,0.14410962097455093,14,0,0,0,689,23,1,-0.0420797273995539,-0.0001888353847876445,1,10,0,0
Watchlist ETFs & crypto,r18_r10,r18,r10,both,21,21,11,14,0.01069908091673466,-0.4196818685470136,0.12414288858213429,14,0,0,0,683,23,1,-0.04074051591304695,-0.0022188148947727138,1,10,0,0
Watchlist ETFs & crypto,r18_r11,r18,r11,both,21,21,12,13,0.019028343303986617,-0.4058869034095546,0.1461491901629708,12,0,0,0,626,21,1,-0.03573451825295981,-0.002451242214168259,1,10,0,0
Watchlist ETFs & crypto,r18_r12,r18,r12,both,21,21,6,9,-0.00015147196851383882,-0.461933447198581,-0.08370312518563228,9,0,0,0,356,9,0,-0.06412935890372295,-0.015660071010314858,0,4,0,0
Watchlist ETFs & crypto,r18_r13,r18,r13,both,21,21,14,14,0.01515477232682172,-0.4066860189312026,0.1557340185758571,14,0,0,0,488,16,0,-0.03998581869882889,-0.0017574367201618202,0,10,0,0
Watchlist ETFs & crypto,r18_r14,r18,r14,both,21,21,14,15,0.01796435885332226,-0.37630199154090527,0.16865592459978407,13,0,0,0,432,12,0,-0.041350393879259206,-0.007248154634136972,1,8,0,0
Watchlist ETFs & crypto,r18_r15,r18,r15,both,21,21,14,14,0.028685830037453508,-0.3824254149574098,0.3009309478392186,14,0,0,0,506,16,1,-0.02813674419304002,0.014621369084033886,1,12,0,0
Watchlist ETFs & crypto,r18_r16,r18,r16,both,21,21,14,14,0.0277976079937996,-0.38504859482287623,0.2723478461763844,14,0,0,0,504,16,1,-0.0323073232590545,0.013304111512703165,1,12,0,0
Watchlist ETFs & crypto,r18_r17,r18,r17,both,21,21,15,16,0.017504502824595702,-0.361990159125543,0.2040944863440457,16,0,0,0,468,14,1,-0.0316578914377883,0.006646109333441563,0,12,0,0
Watchlist ETFs & crypto,r18_r18,r18,r18,both,21,21,12,14,0.008213546621878676,-0.3896233417540963,0.08381784216291699,12,0,14,0,247,4,1,-0.03797912275588056,0.0,1,0,1,1
Watchlist ETFs & crypto,r18_r19,r18,r19,both,21,21,16,16,0.04011158957715777,-0.33974247719764994,0.4061343543595095,16,0,1,0,298,6,2,-0.018538482067932405,0.024815380812982735,2,17,0,0
Watchlist ETFs & crypto,r18_r20,r18,r20,both,21,21,15,15,0.032624212543824305,-0.3292966719610061,0.3714815857813407,15,0,6,0,278,5,3,-0.025827587821947384,0.017453127508423538,3,16,1,1
Watchlist ETFs & crypto,r18_r21,r18,r21,both,21,21,16,16,0.04576622366244787,-0.334838870482996,0.5061634902414991,16,0,1,0,302,6,3,-0.009632419050293883,0.02990307537561543,4,17,2,1
Watchlist ETFs & crypto,r18_r22,r18,r22,both,21,21,16,16,0.04576622366244787,-0.334838870482996,0.5061634902414991,16,0,2,0,301,6,3,-0.010178810487681433,0.02757464159657652,4,17,3,2
Watchlist ETFs & crypto,r18_r23,r18,r23,both,21,21,16,16,0.045042746036885406,-0.31531059813464035,0.5426803877034865,16,0,4,0,287,6,4,-0.015576134680405529,0.02633417989156195,4,18,1,1
Watchlist ETFs & crypto,r18_r24,r18,r24,both,21,21,11,14,0.01069908091673466,-0.4196818685470136,0.12414288858213429,14,0,0,0,685,23,1,-0.04074051591304695,-0.0022188148947727138,1,10,0,0
Watchlist ETFs & crypto,r19_r00,r19,r00,both,21,21,0,0,-0.1021740800010158,-0.6742367283058891,-0.646822706181539,0,0,0,0,1077,32,0,-0.11546489816231853,-0.10029367833755143,0,0,0,0
Watchlist ETFs & crypto,r19_r01,r19,r01,both,21,21,0,0,-0.061574748462367435,-0.5737038817443135,-0.49035695585313754,0,0,0,0,1657,56,0,-0.08309935413097447,-0.0689328816554784,0,0,0,0
Watchlist ETFs & crypto,r19_r02,r19,r02,both,21,21,0,3,-0.07494711144837896,-0.6363291697807727,-0.5750063554920575,1,0,0,0,1358,42,0,-0.09965762077661222,-0.08390037096508662,0,0,0,0
Watchlist ETFs & crypto,r19_r03,r19,r03,both,21,21,1,2,-0.05594596607404545,-0.5100678706535899,-0.4842461650224186,1,0,0,0,1749,62,0,-0.06859624613678839,-0.047699501949116874,0,1,0,0
Watchlist ETFs & crypto,r19_r04,r19,r04,both,21,21,0,2,-0.058715790276373414,-0.5103253590263814,-0.4851339238644421,1,0,0,0,1725,61,0,-0.07184815482703433,-0.04720961981721994,0,0,0,0
Watchlist ETFs & crypto,r19_r05,r19,r05,both,21,21,0,1,-0.06327937188849009,-0.5767187708081838,-0.5088790670005252,0,0,0,0,1579,53,0,-0.0843404551616328,-0.06896146471945008,0,1,0,0
Watchlist ETFs & crypto,r19_r06,r19,r06,both,21,21,0,0,-0.08527660617406319,-0.6472420230084135,-0.5891992566953255,0,0,0,0,944,23,0,-0.09879925697653302,-0.08532674237100213,0,0,0,0
Watchlist ETFs & crypto,r19_r07,r19,r07,both,21,21,0,2,-0.045478208450151714,-0.5471716090354211,-0.4048379042037771,1,0,0,0,1339,41,0,-0.06409114326112075,-0.047168082199716244,0,0,0,0
Watchlist ETFs & crypto,r19_r08,r19,r08,both,21,21,1,3,-0.06194361993756392,-0.5555668724434306,-0.508563701331419,2,0,0,0,1164,33,0,-0.08102480609255236,-0.06054654642666435,0,0,0,0
Watchlist ETFs & crypto,r19_r09,r19,r09,both,21,21,1,2,-0.042181877427241554,-0.5035935648355157,-0.38150641107220407,1,0,0,0,1397,44,0,-0.05828243434387048,-0.04398340914131327,1,1,0,0
Watchlist ETFs & crypto,r19_r10,r19,r10,both,21,21,1,3,-0.045338914463892266,-0.47870841236180484,-0.39609533630826577,1,0,0,0,1383,43,0,-0.05954910945683067,-0.039758813355115,0,1,0,0
Watchlist ETFs & crypto,r19_r11,r19,r11,both,21,21,1,3,-0.04138193168493742,-0.5080841207595148,-0.38914263512303593,1,0,0,0,1287,38,0,-0.06204857707070344,-0.04460997701231406,0,1,0,0
Watchlist ETFs & crypto,r19_r12,r19,r12,both,21,21,1,4,-0.04525184710076113,-0.5228834337589168,-0.3941299159061725,1,0,0,0,734,11,1,-0.06381505867926263,-0.043939372215372585,1,1,0,0
Watchlist ETFs & crypto,r19_r13,r19,r13,both,21,21,2,8,-0.015439371712314465,-0.4023870086619151,-0.15381546094206078,2,0,0,0,896,17,1,-0.04446135203214574,-0.027607075463077058,1,4,0,0
Watchlist ETFs & crypto,r19_r14,r19,r14,both,21,21,2,4,-0.024703758142717636,-0.428755955823663,-0.2147300854784262,2,0,0,0,835,15,0,-0.05212694124352535,-0.023451359698922647,0,1,0,0
Watchlist ETFs & crypto,r19_r15,r19,r15,both,21,21,6,11,-0.012750574238211798,-0.38133041162453274,-0.10782959221960409,7,0,0,0,919,18,1,-0.03822185903798825,-0.016756963012513837,1,5,0,0
Watchlist ETFs & crypto,r19_r16,r19,r16,both,21,21,6,9,-0.013553403346085235,-0.38133041162453185,-0.12284092274450109,8,0,0,0,916,18,1,-0.033700582451055894,-0.016560892999620602,1,4,0,0
Watchlist ETFs & crypto,r19_r17,r19,r17,both,21,21,4,8,-0.017238468280225128,-0.41430390106317405,-0.16001303353910135,4,0,0,0,878,17,1,-0.03881908695962211,-0.021952820152886687,1,3,0,0
Watchlist ETFs & crypto,r19_r18,r19,r18,both,21,21,7,7,-0.02721279162787915,-0.4301627030089651,-0.23774966413012988,7,0,14,0,594,4,1,-0.037737526365938856,-0.02433265867097756,1,4,0,0
Watchlist ETFs & crypto,r19_r19,r19,r19,both,21,21,9,12,-0.0034851531517891,-0.31026852186988485,-0.03376985951317035,9,0,1,0,645,6,2,-0.018727552323414387,0.0,2,0,0,0
Watchlist ETFs & crypto,r19_r20,r19,r20,both,21,21,9,10,-0.010223550492604594,-0.34205405384595833,-0.09617165822580231,9,0,6,0,626,5,3,-0.024876740795843677,-0.006877561062410109,3,6,0,0
Watchlist ETFs & crypto,r19_r21,r19,r21,both,21,21,12,16,0.009151778239531394,-0.2648577947890295,0.09378310267534617,12,0,1,0,649,6,4,-0.009082933911928048,0.006633578756639613,4,17,0,0
Watchlist ETFs & crypto,r19_r22,r19,r22,both,21,21,13,16,0.009249557759673177,-0.26729051547351246,0.0948263720703415,13,0,2,0,648,6,4,-0.009647088097594292,0.006633578756639613,4,17,0,0
Watchlist ETFs & crypto,r19_r23,r19,r23,both,21,21,12,13,0.00497800834522466,-0.26958071989977583,0.05007466285473883,12,0,4,0,634,6,4,-0.012202725125456393,0.003702080573304678,4,17,0,0
Watchlist ETFs & crypto,r19_r24,r19,r24,both,21,21,1,3,-0.045338914463892266,-0.47870841236180484,-0.39609533630826577,1,0,0,0,1385,43,0,-0.05954910945683067,-0.039758813355115,0,1,0,0
Watchlist ETFs & crypto,r20_r00,r20,r00,both,21,21,0,1,-0.04424018060413626,-0.5985599763572362,-0.3819811396298243,1,0,0,0,652,19,0,-0.09133036830338626,-0.0723380655505601,0,0,0,0
Watchlist ETFs & crypto,r20_r01,r20,r01,both,21,21,6,10,-0.01957163685076535,-0.530885512852377,-0.21703824142870365,8,0,0,0,1043,37,0,-0.07182441240948212,-0.04048136084634113,0,1,0,0
Watchlist ETFs & crypto,r20_r02,r20,r02,both,21,21,3,6,-0.02381382235694407,-0.5682838753543489,-0.19958535073127925,6,0,0,0,834,28,0,-0.0736517270976248,-0.051661132801326115,0,1,0,0
Watchlist ETFs & crypto,r20_r03,r20,r03,both,21,21,10,12,0.005925900924850236,-0.4532670267971357,-0.021351636961703502,11,0,0,0,1102,39,0,-0.053977932156425434,-0.0327844040273535,1,3,0,0
Watchlist ETFs & crypto,r20_r04,r20,r04,both,21,21,10,11,0.0028660301010021705,-0.467959581689236,-0.05025310191869903,11,0,0,0,1085,38,0,-0.052220969392214545,-0.030232120736467083,0,2,0,0
Watchlist ETFs & crypto,r20_r05,r20,r05,both,21,21,8,9,-0.01821380517128579,-0.48960289480114283,-0.1436685853618146,7,0,0,0,979,35,0,-0.061315108768046356,-0.03604575037516533,0,1,0,0
Watchlist ETFs & crypto,r20_r06,r20,r06,both,21,21,1,2,-0.045179942588910116,-0.5811529137327243,-0.3903123218987765,2,0,0,0,574,16,0,-0.08909277301015306,-0.06196647285221413,0,0,0,0
Watchlist ETFs & crypto,r20_r07,r20,r07,both,21,21,9,11,-0.005404194982072119,-0.47137332131855336,-0.08604578274338814,10,0,0,0,848,28,0,-0.05586486840912219,-0.03983180852321366,0,1,0,0
Watchlist ETFs & crypto,r20_r08,r20,r08,both,21,21,6,9,-0.01382158953633994,-0.5166930083831542,-0.1245993477391576,8,0,0,0,718,22,0,-0.06469178229199068,-0.04378965119039102,0,1,0,0
Watchlist ETFs & crypto,r20_r09,r20,r09,both,21,21,10,12,0.004969716897711196,-0.48062774928149143,-0.004407506461614696,12,0,0,0,882,29,1,-0.04270485234488142,-0.02473675020785182,1,3,0,0
Watchlist ETFs & crypto,r20_r10,r20,r10,both,21,21,10,12,0.0038023522464516457,-0.4806277492814923,-0.009810105765887589,12,0,0,0,875,28,0,-0.04561803809954923,-0.024274909573479442,1,2,0,0
Watchlist ETFs & crypto,r20_r11,r20,r11,both,21,21,11,13,0.004750160270539094,-0.4375653247889656,0.06736450688376183,11,0,0,0,806,25,0,-0.051509468912154244,-0.02147895455648874,0,3,0,0
Watchlist ETFs & crypto,r20_r12,r20,r12,both,21,21,4,4,-0.022078076488239118,-0.4791167012442329,-0.1781109421217827,5,0,0,0,447,10,0,-0.07236692822983937,-0.037766114620240154,0,1,0,0
Watchlist ETFs & crypto,r20_r13,r20,r13,both,21,21,12,16,0.009003312601683522,-0.4066744898874586,0.1023214968493964,12,0,0,0,590,17,1,-0.04389526637809871,-0.023956323754460884,1,7,0,0
Watchlist ETFs & crypto,r20_r14,r20,r14,both,21,21,13,14,0.007779795729782268,-0.41811132190534683,0.08923910975121485,13,0,0,0,529,13,0,-0.04326371154052788,-0.022066002765159354,1,5,0,0
Watchlist ETFs & crypto,r20_r15,r20,r15,both,21,21,13,14,0.01565823672544453,-0.36532474187061614,0.13061271831691235,13,0,0,0,610,17,1,-0.038176157145189515,-0.012061781750108302,1,8,0,0
Watchlist ETFs & crypto,r20_r16,r20,r16,both,21,21,13,14,0.01565823672544453,-0.3653247418706165,0.20311177442266626,13,0,0,0,607,17,1,-0.03660385216962414,-0.012031254675579195,1,8,0,0
Watchlist ETFs & crypto,r20_r17,r20,r17,both,21,21,15,16,0.01116972293334717,-0.40461607709439085,0.1118583346089903,16,0,0,0,568,15,2,-0.03466314601542386,-0.009633370091485016,1,6,1,1
Watchlist ETFs & crypto,r20_r18,r20,r18,both,21,21,11,11,0.00035335715795214995,-0.40166654834527626,0.0034824117806044885,11,0,14,0,319,4,1,-0.03841525786030242,-0.017324961366617764,1,4,0,0
Watchlist ETFs & crypto,r20_r19,r20,r19,both,21,21,16,16,0.024661849924439316,-0.3223649096553475,0.2544382558573659,16,0,1,0,370,6,1,-0.01839395318125403,0.006559084056966591,2,15,0,0
Watchlist ETFs & crypto,r20_r20,r20,r20,both,21,21,15,15,0.010751867210808674,-0.3223649096553478,0.11096820934040563,15,0,6,0,350,5,3,-0.025823938992102224,0.0,3,0,0,0
Watchlist ETFs & crypto,r20_r21,r20,r21,both,21,21,16,17,0.030994058124332424,-0.3139918327350115,0.29674045944539174,16,0,1,0,374,6,3,-0.009590936578208531,0.013498929380551417,4,15,0,0
Watchlist ETFs & crypto,r20_r22,r20,r22,both,21,21,16,18,0.027379007324711324,-0.3139918327350124,0.2842637988755332,16,0,2,0,373,6,3,-0.010321906232154232,0.013498929380551417,4,15,1,1
Watchlist ETFs & crypto,r20_r23,r20,r23,both,21,21,16,17,0.028271036369701186,-0.29687974850691157,0.31563926145836185,16,0,4,0,359,6,4,-0.015454700714244485,0.009645665448908103,4,18,0,0
Watchlist ETFs & crypto,r20_r24,r20,r24,both,21,21,10,12,0.0038023522464516457,-0.4806277492814923,-0.009810105765887589,12,0,0,0,877,28,0,-0.04561803809954923,-0.024274909573479442,1,3,0,0
Watchlist ETFs & crypto,r21_r00,r21,r00,both,21,21,0,0,-0.10051921093191818,-0.6768484920917363,-0.6564731262775295,0,0,0,0,1201,33,0,-0.11115867500496357,-0.09644486631062399,0,0,0,0
Watchlist ETFs & crypto,r21_r01,r21,r01,both,21,21,0,0,-0.07864285464466092,-0.6047062387738906,-0.5569277380467983,0,0,0,0,1822,60,0,-0.08293152308608842,-0.07674863115464658,0,0,0,0
Watchlist ETFs & crypto,r21_r02,r21,r02,both,21,21,0,0,-0.09024101328034528,-0.6556670494616621,-0.6100994665464303,0,0,0,0,1501,44,0,-0.09399562630196234,-0.08784544901799518,0,0,0,0
Watchlist ETFs & crypto,r21_r03,r21,r03,both,21,21,0,1,-0.05591505893433624,-0.5176291925753757,-0.49199008865684624,0,0,0,0,1927,65,0,-0.06350186607182362,-0.05158299404456701,0,0,0,0
Watchlist ETFs & crypto,r21_r04,r21,r04,both,21,21,0,0,-0.057506566411430926,-0.5350090113015529,-0.48143695998373925,0,0,0,0,1900,65,0,-0.06563098823410107,-0.055214262591899876,0,0,0,0
Watchlist ETFs & crypto,r21_r05,r21,r05,both,21,21,0,0,-0.06810758714632525,-0.5830223278007038,-0.5655528992701289,0,0,0,0,1743,56,0,-0.0799385118435385,-0.07074719658932926,0,1,0,0
Watchlist ETFs & crypto,r21_r06,r21,r06,both,21,21,0,0,-0.09062080308814313,-0.6660405999582382,-0.6125097663532592,0,0,0,0,1047,24,0,-0.09684047663582573,-0.08930386959457415,0,0,0,0
Watchlist ETFs & crypto,r21_r07,r21,r07,both,21,21,0,0,-0.06198816982066091,-0.5597872436727328,-0.5059094798296074,0,0,0,0,1458,42,0,-0.06991032825317955,-0.05701805857916742,0,0,0,0
Watchlist ETFs & crypto,r21_r08,r21,r08,both,21,21,0,0,-0.07868234159531651,-0.6220456485237535,-0.5640475489800336,0,0,0,0,1278,34,0,-0.08497348545309513,-0.06716217216703468,0,0,0,0
Watchlist ETFs & crypto,r21_r09,r21,r09,both,21,21,1,1,-0.053413599651906285,-0.5137303038110042,-0.4581303175335354,1,0,0,0,1516,45,0,-0.05914673595799247,-0.04481911959958462,1,1,0,0
Watchlist ETFs & crypto,r21_r10,r21,r10,both,21,21,0,1,-0.05428640482706071,-0.5172117531491183,-0.44869004919112854,0,0,0,0,1501,44,0,-0.06172385646926282,-0.045691924774739046,0,0,0,0
Watchlist ETFs & crypto,r21_r11,r21,r11,both,21,21,0,1,-0.05948991959284422,-0.5647520534281256,-0.46721600599463775,0,0,0,0,1404,38,0,-0.0665426227467133,-0.04625327495251297,0,0,0,0
Watchlist ETFs & crypto,r21_r12,r21,r12,both,21,21,0,1,-0.057544027616035054,-0.5796354659196001,-0.4524306279503716,0,0,0,0,829,11,1,-0.06322322464794505,-0.05428711483030679,1,0,0,0
Watchlist ETFs & crypto,r21_r13,r21,r13,both,21,21,2,2,-0.04024086738022625,-0.460440978980868,-0.32627088792883663,2,0,0,0,991,17,1,-0.043048550802172736,-0.030323033101163355,1,1,0,0
Watchlist ETFs & crypto,r21_r14,r21,r14,both,21,21,0,3,-0.04143029455032243,-0.47544478916673805,-0.3344418099519395,2,0,0,0,930,15,0,-0.051736347575256914,-0.03073936850323422,0,0,0,0
Watchlist ETFs & crypto,r21_r15,r21,r15,both,21,21,1,5,-0.033835501027456694,-0.41366249985086123,-0.29867479658495577,1,0,0,0,1014,18,1,-0.03850122177072701,-0.023372111433982323,1,2,0,0
Watchlist ETFs & crypto,r21_r16,r21,r16,both,21,21,2,6,-0.027837452653470374,-0.41870631899832556,-0.2738252803988015,2,0,0,0,1011,18,1,-0.03260178069615405,-0.023586906340199665,1,2,0,0
Watchlist ETFs & crypto,r21_r17,r21,r17,both,21,21,3,4,-0.03015255741623124,-0.46048649540765174,-0.26286859714825683,2,0,0,0,973,17,1,-0.0385282107023035,-0.02893398499762423,1,2,0,0
Watchlist ETFs & crypto,r21_r18,r21,r18,both,21,21,3,4,-0.034312050685342044,-0.4537371164428379,-0.2907542854557127,3,0,14,0,689,4,1,-0.038013349121758244,-0.028220062628666276,1,4,0,0
Watchlist ETFs & crypto,r21_r19,r21,r19,both,21,21,4,10,-0.014931562529591158,-0.3364530009188459,-0.12247220054586394,4,0,1,0,740,6,2,-0.018553875047517154,-0.006224321992332804,2,4,0,0
Watchlist ETFs & crypto,r21_r20,r21,r20,both,21,21,4,8,-0.021713804211043297,-0.37968243845162886,-0.19427605176136964,4,0,6,0,721,5,3,-0.024293983436394884,-0.013151958108490014,3,6,0,0
Watchlist ETFs & crypto,r21_r21,r21,r21,both,21,21,6,15,-0.004332064889769227,-0.28487156019286164,-0.041819787508719175,6,0,1,0,744,6,4,-0.009014874355954383,0.0,4,0,0,0
Watchlist ETFs & crypto,r21_r22,r21,r22,both,21,21,6,15,-0.004332064889769227,-0.2865215042340076,-0.041819787508719175,6,0,2,0,743,6,4,-0.009231030028035603,0.0,4,1,1,1
Watchlist ETFs & crypto,r21_r23,r21,r23,both,21,21,7,12,-0.005685642726483975,-0.281475882846442,-0.054560556270730975,7,0,4,0,729,6,4,-0.012142942755710928,0.0014687355468997465,4,11,0,0
Watchlist ETFs & crypto,r21_r24,r21,r24,both,21,21,0,1,-0.05428640482706071,-0.5172117531491183,-0.44869004919112854,0,0,0,0,1503,44,0,-0.06172385646926282,-0.045691924774739046,0,0,0,0
Watchlist ETFs & crypto,r22_r00,r22,r00,both,21,21,0,0,-0.09705648822580892,-0.6763012557148488,-0.6359835841237071,0,0,0,0,1184,33,0,-0.10904510739312567,-0.09587565378256235,0,0,0,0
Watchlist ETFs & crypto,r22_r01,r22,r01,both,21,21,0,0,-0.07856845715622385,-0.6106172050723591,-0.5538959570066387,0,0,0,0,1803,59,0,-0.08218549150652021,-0.07442937513443704,0,0,0,0
Watchlist ETFs & crypto,r22_r02,r22,r02,both,21,21,0,0,-0.08626373494364281,-0.6581055350691445,-0.6124645355996063,0,0,0,0,1482,44,0,-0.09400088287694464,-0.08822949117251877,0,0,0,0
Watchlist ETFs & crypto,r22_r03,r22,r03,both,21,21,0,2,-0.05586226229392288,-0.522291856454143,-0.47227205844259135,0,0,0,0,1908,64,0,-0.06376484981965147,-0.05158587875193765,0,0,0,0
Watchlist ETFs & crypto,r22_r04,r22,r04,both,21,21,0,0,-0.05468077094241919,-0.5342999175658849,-0.48735521263425985,0,0,0,0,1881,64,0,-0.06591791335551267,-0.05518141413258215,0,0,0,0
Watchlist ETFs & crypto,r22_r05,r22,r05,both,21,21,0,0,-0.0683889142389622,-0.5843264721256134,-0.5570911577620746,0,0,0,0,1724,56,0,-0.07968005934169409,-0.06781803006349207,0,1,0,0
Watchlist ETFs & crypto,r22_r06,r22,r06,both,21,21,0,0,-0.08894746011097598,-0.670074570633528,-0.6060234471716446,0,0,0,0,1031,24,0,-0.09592709668106203,-0.08924719543613957,0,0,0,0
Watchlist ETFs & crypto,r22_r07,r22,r07,both,21,21,0,0,-0.059988751309824284,-0.5548517311476673,-0.49629341989503395,0,0,0,0,1441,42,0,-0.06968429828558187,-0.055902836132932454,0,0,0,0
Watchlist ETFs & crypto,r22_r08,r22,r08,both,21,21,0,0,-0.08052569141479204,-0.6166525948945789,-0.5661830013512917,0,0,0,0,1261,34,0,-0.08486023477098792,-0.0673067649014022,0,0,0,0
Watchlist ETFs & crypto,r22_r09,r22,r09,both,21,21,1,1,-0.05394060644057663,-0.5158054128761687,-0.45273443022344395,1,0,0,0,1499,45,0,-0.05944726025998559,-0.04367360439326451,1,1,0,0
Watchlist ETFs & crypto,r22_r10,r22,r10,both,21,21,0,2,-0.0568163801005398,-0.5120700530909301,-0.4647121106388321,0,0,0,0,1484,44,0,-0.06168713527635039,-0.04556968962821295,0,1,0,0
Watchlist ETFs & crypto,r22_r11,r22,r11,both,21,21,0,2,-0.05559493380556535,-0.5727947741256558,-0.469026206108735,0,0,0,0,1387,38,0,-0.06632748104677977,-0.045093471719636624,0,1,0,0
Watchlist ETFs & crypto,r22_r12,r22,r12,both,21,21,0,1,-0.06012631737669971,-0.5658196284864381,-0.4577568396122069,0,0,0,0,812,11,1,-0.0631603704392012,-0.05584993383471448,1,0,0,0
Watchlist ETFs & crypto,r22_r13,r22,r13,both,21,21,2,2,-0.04210229313057923,-0.44890154011127914,-0.34508740407186367,2,0,0,0,974,17,1,-0.042946436763971474,-0.03038831524033414,1,1,0,0
Watchlist ETFs & crypto,r22_r14,r22,r14,both,21,21,1,3,-0.04793791166147365,-0.49185146506424926,-0.3661075217191124,2,0,0,0,913,15,0,-0.051705568221720455,-0.034229628618125174,0,1,0,0
Watchlist ETFs & crypto,r22_r15,r22,r15,both,21,21,1,5,-0.030969977124192694,-0.41494780739717707,-0.26434305505838707,1,0,0,0,997,18,1,-0.038660668984227264,-0.023283041119287695,1,1,0,0
Watchlist ETFs & crypto,r22_r16,r22,r16,both,21,21,2,6,-0.02652795174677236,-0.41731062927048435,-0.26320166556951263,2,0,0,0,994,18,1,-0.03258238501437527,-0.022938230725926934,1,2,0,0
Watchlist ETFs & crypto,r22_r17,r22,r17,both,21,21,3,4,-0.03673673775980246,-0.44894802998860905,-0.30167232713052106,2,0,0,0,956,17,1,-0.03850528922690155,-0.028785704562316883,1,2,0,0
Watchlist ETFs & crypto,r22_r18,r22,r18,both,21,21,4,4,-0.03437613480585988,-0.4569265352724853,-0.29121727459686386,4,0,14,0,672,4,1,-0.038170775881599006,-0.026022663875816865,1,4,0,0
Watchlist ETFs & crypto,r22_r19,r22,r19,both,21,21,3,9,-0.014742906140909229,-0.3198831980500966,-0.12067302164325577,3,0,1,0,723,6,2,-0.018535451793359692,-0.006192423684008075,2,4,0,0
Watchlist ETFs & crypto,r22_r20,r22,r20,both,21,21,5,8,-0.02133881033441254,-0.3755866682569492,-0.19123188612189201,5,0,6,0,704,5,3,-0.024201399899131615,-0.013202954488061414,3,6,0,0
Watchlist ETFs & crypto,r22_r21,r22,r21,both,21,21,8,12,-0.004276383541985229,-0.28419158130241917,-0.0412923905582524,8,0,1,0,727,6,4,-0.009009511163191597,0.0,4,9,0,0
Watchlist ETFs & crypto,r22_r22,r22,r22,both,21,21,8,13,-0.004276383541985229,-0.28929185136551916,-0.0412923905582524,8,0,2,0,726,6,4,-0.009271386184217523,0.0,4,0,1,1
Watchlist ETFs & crypto,r22_r23,r22,r23,both,21,21,7,12,-0.006672957024404846,-0.28994989196758747,-0.06375759496039812,7,0,4,0,712,6,4,-0.012169085169508098,-0.0003193352424630813,4,10,0,0
Watchlist ETFs & crypto,r22_r24,r22,r24,both,21,21,0,2,-0.0568163801005398,-0.5120700530909301,-0.4690189875320986,0,0,0,0,1486,44,0,-0.06168713527635039,-0.04556968962821295,0,1,0,0
Watchlist ETFs & crypto,r23_r00,r23,r00,both,21,21,0,0,-0.09304656342040818,-0.667238251703548,-0.5865850967101759,0,0,0,0,1036,31,0,-0.11094669073173069,-0.10227685239047768,0,0,0,0
Watchlist ETFs & crypto,r23_r01,r23,r01,both,21,21,0,1,-0.06508270482169964,-0.5840869769375138,-0.5402419563586714,0,0,0,0,1628,57,0,-0.08060920280286943,-0.06886488926858514,0,0,0,0
Watchlist ETFs & crypto,r23_r02,r23,r02,both,21,21,0,1,-0.0764271415337483,-0.6183897231046364,-0.546612355517458,0,0,0,0,1326,42,0,-0.09163464988184611,-0.08315003955322009,0,0,0,0
Watchlist ETFs & crypto,r23_r03,r23,r03,both,21,21,1,3,-0.04712909281154265,-0.5295066400356903,-0.44166139116943504,1,0,0,0,1725,61,0,-0.06269189535879116,-0.05351494311070337,0,0,0,0
Watchlist ETFs & crypto,r23_r04,r23,r04,both,21,21,1,2,-0.04959788703763823,-0.5044496501521658,-0.4265278838987199,1,0,0,0,1701,61,0,-0.06641745459230453,-0.05427821973494751,0,0,0,0
Watchlist ETFs & crypto,r23_r05,r23,r05,both,21,21,1,1,-0.07090218887922117,-0.599638492235407,-0.4965600203965994,1,0,0,0,1558,55,0,-0.08056177317828295,-0.07111583027046231,0,0,0,0
Watchlist ETFs & crypto,r23_r06,r23,r06,both,21,21,0,0,-0.08623900906328752,-0.6466051500499437,-0.6031444383874726,0,0,0,0,907,24,0,-0.09978529710750095,-0.08810198539427927,0,0,0,0
Watchlist ETFs & crypto,r23_r07,r23,r07,both,21,21,0,2,-0.057710579263911876,-0.5821373546980523,-0.47726644711621113,1,0,0,0,1302,41,0,-0.06780050985321384,-0.05565493300217572,0,0,0,0
Watchlist ETFs & crypto,r23_r08,r23,r08,both,21,21,0,2,-0.06735760364104182,-0.5933353438911966,-0.47835005218877646,1,0,0,0,1131,34,0,-0.08685434557823202,-0.07056489723484927,0,0,0,0
Watchlist ETFs & crypto,r23_r09,r23,r09,both,21,21,2,3,-0.04909993035734039,-0.5389266271314862,-0.44736766522113913,2,0,0,0,1359,43,0,-0.06008058210870204,-0.04944437091689513,1,0,0,0
Watchlist ETFs & crypto,r23_r10,r23,r10,both,21,21,1,3,-0.053840794609156584,-0.5427604781504584,-0.41200582997117663,2,0,0,0,1346,43,0,-0.06013345037536744,-0.04688454189962121,0,0,0,0
Watchlist ETFs & crypto,r23_r11,r23,r11,both,21,21,0,3,-0.04686531382733139,-0.5370998203981299,-0.38866514570946975,0,0,0,0,1255,38,0,-0.06997668059912632,-0.05534490510445855,0,1,0,0
Watchlist ETFs & crypto,r23_r12,r23,r12,both,21,21,1,2,-0.04760512319250698,-0.5621745913920437,-0.39068315040845436,1,0,0,0,688,11,1,-0.0635596986053516,-0.04859431915949319,1,0,0,0
Watchlist ETFs & crypto,r23_r13,r23,r13,both,21,21,3,5,-0.024057431494238335,-0.4356359300017766,-0.20577732855406572,3,0,0,0,848,17,1,-0.04335828383243645,-0.03213401296075413,1,2,0,0
Watchlist ETFs & crypto,r23_r14,r23,r14,both,21,21,3,4,-0.025266914757258174,-0.4848947905793767,-0.23261130540840214,3,0,0,0,787,15,0,-0.05232130741612706,-0.04561859074741226,0,1,0,0
Watchlist ETFs & crypto,r23_r15,r23,r15,both,21,21,6,9,-0.01860466032670005,-0.3872148638580396,-0.15112763634517812,7,0,0,0,871,18,1,-0.03913851414467295,-0.02131522065756153,1,5,0,0
Watchlist ETFs & crypto,r23_r16,r23,r16,both,21,21,5,10,-0.014933146685389254,-0.3872148638580396,-0.1388322016346175,7,0,0,0,868,18,1,-0.032970394511042556,-0.023643856990198886,1,5,0,0
Watchlist ETFs & crypto,r23_r17,r23,r17,both,21,21,6,6,-0.01683427526032899,-0.41940471639127397,-0.15473595907894855,5,0,0,0,830,17,1,-0.03896383202189235,-0.03200029122788117,1,3,0,0
Watchlist ETFs & crypto,r23_r18,r23,r18,both,21,21,5,5,-0.025214209024685297,-0.4520301421316445,-0.2221994393088902,5,0,14,0,546,4,1,-0.038642565972270115,-0.03305520506716919,1,3,0,0
Watchlist ETFs & crypto,r23_r19,r23,r19,both,21,21,7,11,-0.008466834250144717,-0.33272858703920916,-0.08026248298928917,7,0,1,0,597,6,2,-0.01865265405793448,-0.0036872746120760747,2,4,0,0
Watchlist ETFs & crypto,r23_r20,r23,r20,both,21,21,8,9,-0.014182025043937507,-0.3825088817147647,-0.13111786468614395,8,0,6,0,578,5,3,-0.02538539058342759,-0.010205945799263594,3,3,0,0
Watchlist ETFs & crypto,r23_r21,r23,r21,both,21,21,13,16,0.0031244579349696266,-0.3012973939091871,0.0311722101358749,13,0,1,0,601,6,4,-0.009116801525456575,-0.0014568251014104305,4,10,1,1
Watchlist ETFs & crypto,r23_r22,r23,r22,both,21,21,13,16,0.004334338782388647,-0.3012973939091871,0.04287537452162282,13,0,2,0,600,6,4,-0.009330444765558221,0.00032328222021016373,4,11,1,1
Watchlist ETFs & crypto,r23_r23,r23,r23,both,21,21,12,15,0.0014054394965050676,-0.320710060080028,0.01391551661544721,12,0,4,0,586,6,4,-0.012281944300699621,0.0,4,0,0,0
Watchlist ETFs & crypto,r23_r24,r23,r24,both,21,21,1,3,-0.053840794609156584,-0.5427604781504584,-0.4558013406851321,2,0,0,0,1348,43,0,-0.06013345037536744,-0.04688454189962121,0,0,0,0
Watchlist ETFs & crypto,r24_r00,r24,r00,both,21,21,0,0,-0.09085947032367059,-0.6623966375000148,-0.6289388321743015,0,0,0,0,1362,32,0,-0.1445794679377712,-0.07617903828931039,0,2,0,0
Watchlist ETFs & crypto,r24_r01,r24,r01,both,21,21,0,6,-0.04928771143660948,-0.5256644931837393,-0.4439847112533528,1,0,0,0,2245,58,0,-0.07865080208702402,-0.021974149247937502,0,4,0,0
Watchlist ETFs & crypto,r24_r02,r24,r02,both,21,21,1,2,-0.07960631039605048,-0.6463936201943778,-0.5741899922004303,0,0,0,0,1777,42,0,-0.10646741532780024,-0.06273006647273827,0,3,0,0
Watchlist ETFs & crypto,r24_r03,r24,r03,both,21,21,5,8,-0.03929694303026521,-0.4817452833826943,-0.33977849606597477,5,0,0,0,2361,62,0,-0.06224581340198454,0.001955661107149176,0,12,1,0
Watchlist ETFs & crypto,r24_r04,r24,r04,both,21,21,4,8,-0.0408826000404523,-0.5075011450819065,-0.40524490340697317,4,0,0,0,2336,62,0,-0.06376741159761978,0.0007101297807647899,0,12,0,0
Watchlist ETFs & crypto,r24_r05,r24,r05,both,21,21,2,5,-0.05635873838455707,-0.5441180583646175,-0.44618490050650017,3,0,0,0,2175,53,0,-0.08131845701764218,-0.027265264837062264,0,5,0,0
Watchlist ETFs & crypto,r24_r06,r24,r06,both,21,21,0,1,-0.0888572665556343,-0.6637569242299391,-0.5992564131214129,0,0,0,0,1249,24,0,-0.13197525749056915,-0.05836747478179616,0,1,0,0
Watchlist ETFs & crypto,r24_r07,r24,r07,both,21,21,3,7,-0.03895692896014702,-0.5434075256879635,-0.36141716973010873,3,0,0,0,1931,42,0,-0.07129398286895583,-0.007194880159242412,0,6,0,0
Watchlist ETFs & crypto,r24_r08,r24,r08,both,21,21,1,2,-0.06370643154465883,-0.5852294109273177,-0.5207042031733119,2,0,0,0,1628,34,0,-0.10122288015193637,-0.039355382312306064,1,4,1,0
Watchlist ETFs & crypto,r24_r09,r24,r09,both,21,21,5,7,-0.03842357348439407,-0.4883904645405326,-0.3291710732632568,6,0,0,0,1995,44,0,-0.06198908342700182,0.0010340555849712718,1,14,0,0
Watchlist ETFs & crypto,r24_r10,r24,r10,both,21,21,5,7,-0.03954053284239745,-0.5050879215509392,-0.3191454258354507,7,0,0,0,1980,44,0,-0.06308117901518928,0.0,0,0,0,0
Watchlist ETFs & crypto,r24_r11,r24,r11,both,21,21,4,9,-0.03975878385871856,-0.4540504911560843,-0.26198968925799726,4,0,0,0,1879,38,0,-0.07439089478079963,-0.005514820616534077,0,8,0,0
Watchlist ETFs & crypto,r24_r12,r24,r12,both,21,21,2,3,-0.05053546529084518,-0.5672489035888806,-0.42816094777467684,2,0,0,0,1144,11,1,-0.08174324095379881,-0.020026477074602145,0,6,1,0
Watchlist ETFs & crypto,r24_r13,r24,r13,both,21,21,8,13,-0.01722857154056956,-0.3876942147022364,-0.09528339664845242,8,0,0,0,1469,17,1,-0.04297330430329738,0.021809395816870913,1,17,1,1
Watchlist ETFs & crypto,r24_r14,r24,r14,both,21,21,8,10,-0.021402237957108272,-0.4340727940140743,-0.1942725449830376,7,0,0,0,1353,15,0,-0.06122494063882,-0.0012334176552351028,1,9,2,1
Watchlist ETFs & crypto,r24_r15,r24,r15,both,21,21,10,14,-0.011710111836860215,-0.3779742228794597,-0.01186766216072177,9,0,0,0,1495,18,1,-0.03868749859225429,0.02801544551501367,1,18,0,0
Watchlist ETFs & crypto,r24_r16,r24,r16,both,21,21,10,13,-0.00384063285933145,-0.3779742228794587,-0.029112315641671604,10,0,0,0,1492,18,1,-0.03343708890025043,0.027165619583499057,1,18,0,0
Watchlist ETFs & crypto,r24_r17,r24,r17,both,21,21,10,12,-0.013003490669216355,-0.4226711640894586,-0.050285264062699064,9,0,0,0,1453,17,1,-0.04646656910395297,0.01723094166516015,1,17,0,0
Watchlist ETFs & crypto,r24_r18,r24,r18,both,21,21,6,9,-0.025049217645241817,-0.4803037680369411,-0.24207761129112104,6,0,14,0,1101,4,1,-0.041615262606280345,0.021406570955170734,2,14,1,1
Watchlist ETFs & crypto,r24_r19,r24,r19,both,21,21,15,18,0.018980737237211498,-0.391679344157271,0.20227733005691673,15,0,1,0,1218,6,2,-0.019468849071587968,0.047216968501428314,2,20,0,0
Watchlist ETFs & crypto,r24_r20,r24,r20,both,21,21,15,17,0.010814166357182575,-0.3554508855728403,0.1445716297111055,14,0,6,0,1177,5,3,-0.028746021052114656,0.03484404972740496,2,19,2,2
Watchlist ETFs & crypto,r24_r21,r24,r21,both,21,21,17,20,0.02048405276040377,-0.3335670989887616,0.28129924614865587,15,0,1,0,1225,6,5,-0.009070069764681388,0.0450772122552221,4,21,0,0
Watchlist ETFs & crypto,r24_r22,r24,r22,both,21,21,16,20,0.02048405276040377,-0.3335670989887616,0.28129924614865587,15,0,2,0,1224,6,5,-0.009571660751450661,0.0450772122552221,4,20,1,1
Watchlist ETFs & crypto,r24_r23,r24,r23,both,21,21,16,18,0.0226915069176421,-0.3738711485519379,0.20937694981261457,15,0,4,0,1209,6,4,-0.014501780583685564,0.04753063987825801,4,21,1,1
Watchlist ETFs & crypto,r24_r24,r24,r24,both,21,21,5,7,-0.03954053284239745,-0.5050879215509392,-0.3191454258354507,7,0,0,0,1982,44,0,-0.06308117901518928,0.0,0,0,0,0
Watchlist ETFs & crypto,r00_long,r00,,long,21,21,20,21,0.07918077418638059,-0.381676766699766,1.1178166081422396,20,0,,0,361,0,,,,,,,
Watchlist ETFs & crypto,r00_short,,r00,short,21,21,0,0,-0.10886585104421209,-0.6863335823368657,-0.6874641790091718,0,0,0,0,667,34,0,,,,,,
Watchlist ETFs & crypto,r01_long,r01,,long,21,21,20,21,0.04855097368223049,-0.2889372773907317,0.5394317456595157,20,0,,0,1252,0,,,,,,,
Watchlist ETFs & crypto,r01_short,,r01,short,21,21,0,0,-0.08395877086412029,-0.6173403966453117,-0.5983950845790253,0,0,0,0,1241,61,0,,,,,,
Watchlist ETFs & crypto,r02_long,r02,,long,21,21,19,20,0.09355632068408859,-0.3433161919902784,1.1782356197002382,21,0,,0,487,0,,,,,,,
Watchlist ETFs & crypto,r02_short,,r02,short,21,21,0,0,-0.0961323853956273,-0.6500338969125042,-0.6517377241068608,0,0,0,0,917,46,0,,,,,,
Watchlist ETFs & crypto,r03_long,r03,,long,21,21,18,21,0.038549371004754196,-0.2802240297423986,0.46382812780460947,18,0,,0,1435,0,,,,,,,
Watchlist ETFs & crypto,r03_short,,r03,short,21,21,0,0,-0.06270880217174546,-0.5213092570751425,-0.5087438517428446,0,0,0,0,1346,67,0,,,,,,
Watchlist ETFs & crypto,r04_long,r04,,long,21,21,17,19,0.03948452122113366,-0.2802240297423987,0.4732206203171683,17,0,,0,1356,0,,,,,,,
Watchlist ETFs & crypto,r04_short,,r04,short,21,21,0,0,-0.06653060421903434,-0.5316864381684385,-0.5384896432372687,0,0,0,0,1319,66,0,,,,,,
Watchlist ETFs & crypto,r05_long,r05,,long,21,21,19,20,0.05120705230057587,-0.26807024104031907,0.5479576128388635,19,0,,0,1078,0,,,,,,,
Watchlist ETFs & crypto,r05_short,,r05,short,21,21,0,0,-0.07955846313945591,-0.6159256644038764,-0.5978714337959867,0,0,0,0,1162,56,0,,,,,,
Watchlist ETFs & crypto,r06_long,r06,,long,21,21,20,20,0.09898084654866035,-0.35842441340273545,1.17378017687561,21,0,,0,295,0,,,,,,,
Watchlist ETFs & crypto,r06_short,,r06,short,21,21,0,0,-0.10203430821354043,-0.664497640284764,-0.6697106426559556,0,0,0,0,476,24,0,,,,,,
Watchlist ETFs & crypto,r07_long,r07,,long,21,21,18,20,0.039519242938532706,-0.2482450672946458,0.36018496615200113,19,0,,0,988,0,,,,,,,
Watchlist ETFs & crypto,r07_short,,r07,short,21,21,0,0,-0.06816735840481447,-0.5527210303275178,-0.5386187068800933,0,0,0,0,853,42,0,,,,,,
Watchlist ETFs & crypto,r08_long,r08,,long,21,21,19,19,0.10632661829034484,-0.32283797736019093,1.131318687189634,19,0,,0,423,0,,,,,,,
Watchlist ETFs & crypto,r08_short,,r08,short,21,21,0,0,-0.08420739341749128,-0.6058342553082934,-0.593994625205526,0,0,0,0,673,34,0,,,,,,
Watchlist ETFs & crypto,r09_long,r09,,long,21,21,17,21,0.03427103777088969,-0.23669156240382294,0.35290648992821105,18,0,,0,1137,0,,,,,,,
Watchlist ETFs & crypto,r09_short,,r09,short,21,21,0,1,-0.05965555602987971,-0.5057360480689486,-0.4740764340683824,1,0,0,0,911,45,0,,,,,,
Watchlist ETFs & crypto,r10_long,r10,,long,21,21,16,20,0.03354267402001776,-0.2170839161023318,0.35433161093725696,17,0,,0,1074,0,,,,,,,
Watchlist ETFs & crypto,r10_short,,r10,short,21,21,0,1,-0.06107028234557588,-0.4973446056738279,-0.4597372576037564,0,0,0,0,896,43,0,,,,,,
Watchlist ETFs & crypto,r11_long,r11,,long,21,21,19,21,0.051070919324346375,-0.24650688387004638,0.4577836001547855,19,0,,0,866,0,,,,,,,
Watchlist ETFs & crypto,r11_short,,r11,short,21,21,0,1,-0.06488361487224592,-0.5275087360805324,-0.4379173455466745,0,0,0,0,799,38,0,,,,,,
Watchlist ETFs & crypto,r12_long,r12,,long,21,21,18,18,0.07902761470481123,-0.30247363432012686,0.9623360782444836,18,0,,0,236,0,,,,,,,
Watchlist ETFs & crypto,r12_short,,r12,short,21,21,1,1,-0.06289129793599069,-0.5811042955370291,-0.4933933371308903,1,0,0,0,230,11,1,,,,,,
Watchlist ETFs & crypto,r13_long,r13,,long,21,21,17,18,0.027315820276053504,-0.2131756952914352,0.21664309256094705,17,0,,0,721,0,,,,,,,
Watchlist ETFs & crypto,r13_short,,r13,short,21,21,1,1,-0.04320738806602242,-0.4153903796136169,-0.36142993531999634,1,0,0,0,387,17,1,,,,,,
Watchlist ETFs & crypto,r14_long,r14,,long,21,21,19,20,0.06836710682695202,-0.26627675941597573,0.8070625285569131,19,0,,0,339,0,,,,,,,
Watchlist ETFs & crypto,r14_short,,r14,short,21,21,0,0,-0.051188527980638554,-0.47512194686073406,-0.3758403865340648,0,0,0,0,326,15,0,,,,,,
Watchlist ETFs & crypto,r15_long,r15,,long,21,21,17,18,0.015233383483002738,-0.23137450949681415,0.1344657842800967,18,0,,0,840,0,,,,,,,
Watchlist ETFs & crypto,r15_short,,r15,short,21,21,1,1,-0.038886259917352395,-0.40891644296209995,-0.29241176684737324,1,0,0,0,410,18,1,,,,,,
Watchlist ETFs & crypto,r16_long,r16,,long,21,21,17,19,0.012663879279556811,-0.23360249072503603,0.11715256253739037,17,0,,0,813,0,,,,,,,
Watchlist ETFs & crypto,r16_short,,r16,short,21,21,1,1,-0.03225657089449918,-0.39161403982728327,-0.29241176684737324,1,0,0,0,407,18,1,,,,,,
Watchlist ETFs & crypto,r17_long,r17,,long,21,21,17,19,0.021593301467021542,-0.2412990199755154,0.16406317083252553,18,0,,0,651,0,,,,,,,
Watchlist ETFs & crypto,r17_short,,r17,short,21,21,1,3,-0.03812024783369172,-0.4154396964444853,-0.32571610060601786,1,0,0,0,369,17,1,,,,,,
Watchlist ETFs & crypto,r18_long,r18,,long,21,21,17,17,0.05182714992936033,-0.25934415404378497,0.5401804622628019,17,0,,0,162,0,,,,,,,
Watchlist ETFs & crypto,r18_short,,r18,short,21,21,1,1,-0.03839350821333254,-0.40614960325137994,-0.3197053164357835,1,14,14,0,85,4,1,,,,,,
Watchlist ETFs & crypto,r19_long,r19,,long,21,21,14,16,0.018616259024880843,-0.1764217613476745,0.19901061487360638,14,0,,0,509,0,,,,,,,
Watchlist ETFs & crypto,r19_short,,r19,short,21,21,2,3,-0.0183847266560061,-0.2964343894553918,-0.15213414121135516,2,1,1,0,136,6,2,,,,,,
Watchlist ETFs & crypto,r20_long,r20,,long,21,21,18,18,0.04128085429296835,-0.23383541674502129,0.48598109165663783,18,0,,0,234,0,,,,,,,
Watchlist ETFs & crypto,r20_short,,r20,short,21,21,3,3,-0.024370324123155096,-0.31592731080480174,-0.21554835454847387,3,6,6,0,117,5,3,,,,,,
Watchlist ETFs & crypto,r21_long,r21,,long,21,21,12,17,0.007025702315672788,-0.17007440744359414,0.06932865489537154,12,0,,0,604,0,,,,,,,
Watchlist ETFs & crypto,r21_short,,r21,short,21,21,4,6,-0.008919418742122431,-0.2375609227989195,-0.08438505413869368,4,1,1,0,140,6,4,,,,,,
Watchlist ETFs & crypto,r22_long,r22,,long,21,21,12,16,0.007743335383322503,-0.17007440744359426,0.07885432474198928,12,0,,0,587,0,,,,,,,
Watchlist ETFs & crypto,r22_short,,r22,short,21,21,4,5,-0.009168360017011934,-0.23612783922480052,-0.08664556479107344,4,2,2,0,139,6,4,,,,,,
Watchlist ETFs & crypto,r23_long,r23,,long,21,21,17,18,0.01457336880452531,-0.17888527112426034,0.1399459333001296,17,0,,0,461,0,,,,,,,
Watchlist ETFs & crypto,r23_short,,r23,short,21,21,4,5,-0.012412427431219286,-0.24435746475564435,-0.11564842133819198,4,4,4,0,125,6,4,,,,,,
Watchlist ETFs & crypto,r24_long,r24,,long,21,21,18,21,0.03455563079399382,-0.21708391610233158,0.4144502994910251,17,0,,0,1085,0,,,,,,,
Watchlist ETFs & crypto,r24_short,,r24,short,21,21,0,1,-0.06107028234557588,-0.4973446056738279,-0.48752367541668606,0,0,0,0,898,44,0,,,,,,
Bonds,r00_r00,r00,r00,both,17,17,13,15,0.004514230267569808,-0.16555309540887153,0.09755041419444743,12,2,3,0,335,10,4,-0.0032952102216110557,0.0,4,0,7,2
Bonds,r00_r01,r00,r01,both,17,17,15,17,0.0132188989175972,-0.15887819620783028,0.09593736679951248,17,2,2,0,525,17,3,-0.001353198448366788,0.0019420117732442677,3,11,7,3
Bonds,r00_r02,r00,r02,both,17,17,13,15,0.010465797757235773,-0.15875266056887816,0.1137725002305141,13,2,2,0,433,12,1,-0.004198362072892925,0.0006308025002812467,6,9,9,5
Bonds,r00_r03,r00,r03,both,17,17,14,16,0.013843265471192412,-0.18651826581463382,0.1698067129529841,13,1,2,0,579,19,4,-0.002198009674613033,0.00032682100100989153,3,10,2,1
Bonds,r00_r04,r00,r04,both,17,17,14,16,0.013843265471192412,-0.18651826581463382,0.17991544290897843,13,1,2,0,566,17,4,-0.0030325663185961638,0.00032511043324934263,3,10,2,1
Bonds,r00_r05,r00,r05,both,17,17,15,16,0.01474688244097111,-0.14190491475355926,0.16656294850439202,15,1,2,0,510,15,5,-0.0016619237905370898,0.002603102636342447,5,11,5,3
Bonds,r00_r06,r00,r06,both,17,17,14,15,0.005118639866319219,-0.16555309540887153,0.06569394132213335,14,2,3,0,326,10,4,-0.004507167097020037,0.0,4,7,6,1
Bonds,r00_r07,r00,r07,both,17,17,15,17,0.0132188989175972,-0.15969915024436054,0.09593736679951248,17,2,2,0,515,15,4,-0.0008249345875637193,0.002080350379643381,3,11,7,3
Bonds,r00_r08,r00,r08,both,17,17,13,15,0.010465797757235773,-0.15875759836918357,0.1241565797790285,13,2,2,0,426,12,1,-0.004198362072892925,0.0006308025002812467,6,9,8,5
Bonds,r00_r09,r00,r09,both,17,17,13,16,0.01402917521230318,-0.18651826581463382,0.17062493794668598,12,1,2,0,569,17,3,-0.002883615170174547,1.7818643355482777e-05,3,9,2,1
Bonds,r00_r10,r00,r10,both,17,17,13,16,0.01402917521230318,-0.18651826581463382,0.17323950673552613,12,1,2,0,559,16,3,-0.0030325663185959417,1.7818643355482777e-05,4,9,2,2
Bonds,r00_r11,r00,r11,both,17,17,14,16,0.01416190720798327,-0.1419098754774346,0.1715302130723877,14,1,2,0,504,14,4,-0.0014760249989580476,0.0022278897609013804,5,11,5,3
Bonds,r00_r12,r00,r12,both,17,17,14,15,0.007882047871365927,-0.16555309540887153,0.11094713823239122,14,2,3,0,321,9,3,-0.0032952102216110557,0.00011680985664774823,3,9,6,1
Bonds,r00_r13,r00,r13,both,17,17,15,17,0.0132188989175972,-0.15969915024436054,0.107089877358443,17,2,3,0,506,15,4,-0.0008249345875639413,0.0017422643814239969,3,11,7,3
Bonds,r00_r14,r00,r14,both,17,17,13,15,0.010465797757235773,-0.16372001745357623,0.1241565797790285,13,2,3,0,421,12,1,-0.0038665256627468114,0.0006477678516025875,5,9,8,4
Bonds,r00_r15,r00,r15,both,17,17,13,16,0.01402917521230318,-0.18651826581463382,0.1744972019085389,12,1,2,0,561,16,4,-0.002883615170174547,1.7818643355482777e-05,3,9,2,1
Bonds,r00_r16,r00,r16,both,17,17,13,16,0.01402917521230318,-0.18651826581463382,0.17323950673552613,12,1,2,0,557,16,3,-0.0030325663185959417,1.7818643355482777e-05,4,9,2,2
Bonds,r00_r17,r00,r17,both,17,17,14,16,0.01416190720798327,-0.1419098754774346,0.1715302130723877,14,1,3,0,504,14,4,-0.0014760249989580476,0.0022278897609013804,5,10,5,3
Bonds,r00_r18,r00,r18,both,17,17,13,14,0.009656485594612407,-0.19749987128769575,0.08413214510239331,13,2,8,0,307,5,5,-0.0037721082035198084,0.0,5,8,6,3
Bonds,r00_r19,r00,r19,both,17,17,17,17,0.012475469811315643,-0.16081758006868785,0.1444904225065089,17,1,3,0,405,8,8,-0.00046177609412523246,0.005521151807922564,6,13,9,5
Bonds,r00_r20,r00,r20,both,17,17,15,16,0.017080829376921125,-0.16081758006868785,0.19870255034340745,16,1,8,0,342,6,8,-7.822086151465513e-05,0.0030394471607417817,7,13,8,5
Bonds,r00_r21,r00,r21,both,17,17,16,16,0.013787461906134224,-0.17743912319557453,0.15700972819548653,16,1,3,0,439,9,6,-0.000457228931196596,0.0021431125280573227,6,13,4,2
Bonds,r00_r22,r00,r22,both,17,17,16,16,0.013787461906134224,-0.17743912319557453,0.15700972819548653,16,1,3,0,437,9,5,-0.0004634880938956254,0.0019876719261466835,4,13,3,0
Bonds,r00_r23,r00,r23,both,17,17,17,17,0.013861728794333894,-0.1602916196808677,0.15693610870626062,16,1,4,0,404,8,10,0.0008138006842088874,0.005660537917899777,9,13,6,5
Bonds,r00_r24,r00,r24,both,17,17,13,16,0.01402917521230318,-0.18651826581463382,0.16841706224414565,12,1,2,0,565,17,3,-0.0030325663185959417,1.7818643355482777e-05,4,9,2,2
Bonds,r01_r00,r01,r00,both,17,17,8,11,-0.0036036649534968435,-0.17396670428681238,-0.028060824479116286,6,1,3,0,791,23,1,-0.005681466073681918,-0.001011875596201195,0,5,2,0
Bonds,r01_r01,r01,r01,both,17,17,7,12,-0.004916020182562986,-0.1758426862722382,-0.05963163070043043,7,1,2,0,1514,49,3,-0.007325243070126497,0.0,5,0,3,3
Bonds,r01_r02,r01,r02,both,17,17,7,11,-0.006833844205261452,-0.21946427062482798,-0.06036748621281318,7,1,2,0,1131,33,0,-0.01554378328737005,-0.0038553068216807818,4,4,3,3
Bonds,r01_r03,r01,r03,both,17,17,7,12,-0.006112888761080737,-0.1555165482984704,-0.06123072373795313,7,1,1,0,1662,54,2,-0.0093139401209692,-0.00016806822368664598,2,7,1,0
Bonds,r01_r04,r01,r04,both,17,17,7,12,-0.006753613314831375,-0.16645341522319645,-0.07256110871789112,7,1,1,0,1642,54,2,-0.010620102014037847,-0.0003350794686629577,2,7,1,0
Bonds,r01_r05,r01,r05,both,17,17,8,13,-0.002112672961306017,-0.15247012446844554,-0.03210091703258877,7,1,1,0,1465,45,2,-0.007952282103752983,0.0,2,8,2,0
Bonds,r01_r06,r01,r06,both,17,17,9,12,0.002287560535734867,-0.1391292584438465,0.005844019679720036,9,1,3,0,756,18,2,-0.0058128793912328725,-0.0002934324235426278,5,7,3,3
Bonds,r01_r07,r01,r07,both,17,17,8,11,-0.00011419478597729515,-0.15066332739603794,-0.002122155668458303,8,1,2,0,1387,39,1,-0.005405661339722201,-0.00043689593795948056,5,6,3,3
Bonds,r01_r08,r01,r08,both,17,17,8,11,0.0003818180543544436,-0.18731728373174716,-0.029858389037691224,9,1,2,0,1087,27,1,-0.011765023446669964,-0.006994706096760783,4,6,3,3
Bonds,r01_r09,r01,r09,both,17,17,7,13,-0.0020025867632479377,-0.14013685815641153,-0.02783602341423952,7,1,2,0,1509,41,2,-0.008071574811840176,-0.00028402482113332184,3,7,2,0
Bonds,r01_r10,r01,r10,both,17,17,7,13,-0.0033752459169944515,-0.1404680638445529,-0.040913440205218254,7,1,2,0,1495,41,2,-0.006716742918596363,-0.00036491584395681453,3,6,1,0
Bonds,r01_r11,r01,r11,both,17,17,7,14,-0.0035928181451284624,-0.14120564251679757,-0.02975639520136153,7,1,2,0,1363,35,2,-0.005174744863700398,-0.0003503156185880041,3,7,2,0
Bonds,r01_r12,r01,r12,both,17,17,9,12,0.0006690271639016032,-0.1781257504679944,0.03825455260578292,9,1,3,0,779,11,3,-0.009023389565031015,-0.00042270134988142694,3,6,1,1
Bonds,r01_r13,r01,r13,both,17,17,9,14,0.0014534867739592894,-0.14029052359682026,0.008404211973676246,11,1,2,0,1182,22,5,-0.00145298614612277,0.0025528971654383836,2,10,0,0
Bonds,r01_r14,r01,r14,both,17,17,8,13,-0.0030741930943480877,-0.19415582681006505,-0.0015630921454058422,7,1,2,0,1029,18,1,-0.00967983542842421,-1.357258164502717e-05,2,8,1,1
Bonds,r01_r15,r01,r15,both,17,17,11,14,0.001993978113163264,-0.1420384858966829,0.035330615962053,10,1,2,0,1250,24,3,-0.005678597074810554,0.000860382281336447,4,9,0,0
Bonds,r01_r16,r01,r16,both,17,17,10,14,0.00254803793361269,-0.14014273908998742,0.035330615962053,10,1,2,0,1245,24,3,-0.005678597074810554,0.000490922273986838,4,9,0,0
Bonds,r01_r17,r01,r17,both,17,17,10,15,0.0010367311770300702,-0.1346512715059256,0.040672992547796216,11,1,2,0,1181,21,3,-0.002149031614144814,0.0023492026182047043,4,10,2,0
Bonds,r01_r18,r01,r18,both,17,17,8,12,-0.00021440584345566727,-0.16865205683325157,-0.0026927385573428664,8,1,8,0,864,5,6,-0.005963260337295662,0.0005280146515098672,2,10,2,2
Bonds,r01_r19,r01,r19,both,17,17,13,16,0.00553653692465339,-0.09781612867496958,0.07212333649347524,13,1,3,0,1009,8,8,-0.0006581514323367177,0.007024936873679555,6,14,7,4
Bonds,r01_r20,r01,r20,both,17,17,12,14,0.011356821703957909,-0.11652901633941326,0.1132842675210688,12,1,8,0,927,6,7,-0.0032814271461147904,0.0034406700687460434,4,10,3,2
Bonds,r01_r21,r01,r21,both,17,17,12,15,0.006350560684771578,-0.09138288797919047,0.06364795365713505,13,1,3,0,1045,10,6,-0.00029439830157018676,0.005339844437947772,6,12,4,3
Bonds,r01_r22,r01,r22,both,17,17,12,15,0.006350560684771578,-0.09138288797919047,0.06577292782659239,13,1,3,0,1043,10,6,-0.00029439830157018676,0.004958293429374594,5,12,4,2
Bonds,r01_r23,r01,r23,both,17,17,13,16,0.007224680231273206,-0.09781612867496958,0.07509535839064174,14,1,4,0,1009,9,9,0.0006190378971970834,0.007064644009455279,10,13,7,6
Bonds,r01_r24,r01,r24,both,17,17,7,13,-0.002889028028331797,-0.1404680638445529,-0.036299397827989965,7,1,2,0,1501,41,2,-0.006716742918596363,-0.00036491584395681453,3,6,1,0
Bonds,r02_r00,r02,r00,both,17,17,8,13,-2.516810903885336e-05,-0.1972176742336892,-0.005362437879667392,8,2,3,0,474,15,0,-0.011152440059998936,-0.00121084671956051,1,6,2,1
Bonds,r02_r01,r02,r01,both,17,17,16,17,0.014034093983305018,-0.11265907807359787,0.12570666866347624,17,2,2,0,721,23,6,0.0002583733635268537,0.00983177805962221,10,14,8,7
Bonds,r02_r02,r02,r02,both,17,17,10,15,0.005846482908388406,-0.17652317163677267,0.04672622637977186,12,2,2,0,641,20,1,-0.01066971637752201,0.0,2,0,3,2
Bonds,r02_r03,r02,r03,both,17,17,16,17,0.014081776826373016,-0.12804515548380058,0.12678243556985014,17,1,2,0,772,27,4,-0.0002383899016837887,0.01052091206828254,7,14,6,4
Bonds,r02_r04,r02,r04,both,17,17,16,17,0.012194906853200571,-0.12118035138995287,0.12432066035785017,17,1,2,0,764,26,4,-0.0002879726387741144,0.01052091206828254,6,14,6,3
Bonds,r02_r05,r02,r05,both,17,17,16,17,0.013686955765521702,-0.11598951486941245,0.12429156601814895,16,1,2,0,698,23,9,-0.00018672270801833868,0.010896413070641486,7,14,8,6
Bonds,r02_r06,r02,r06,both,17,17,11,13,0.002568073041543606,-0.18166750884788285,0.015545763918907829,10,2,3,0,444,12,2,-0.010903827793654841,-5.812829639850747e-08,1,8,2,1
Bonds,r02_r07,r02,r07,both,17,17,15,17,0.011153427814398986,-0.1224466445148108,0.14106731183949806,16,2,2,0,684,20,7,-7.91226949744539e-05,0.006561442389069638,8,12,8,5
Bonds,r02_r08,r02,r08,both,17,17,12,15,0.009916345974104512,-0.18166750884788263,0.05700846025966255,11,2,2,0,602,18,2,-0.012680271949642608,0.0014376474696358166,2,9,4,2
Bonds,r02_r09,r02,r09,both,17,17,14,17,0.012859256016280574,-0.13583739640890657,0.13104736998403843,15,1,2,0,736,24,5,-0.0002383899016837887,0.009690600924163517,5,14,3,1
Bonds,r02_r10,r02,r10,both,17,17,14,17,0.012859256016280796,-0.13583739640890646,0.13128741303512803,15,1,2,0,730,23,4,-0.0002383899016837887,0.009690600924163517,4,14,3,1
Bonds,r02_r11,r02,r11,both,17,17,16,16,0.013753510221788057,-0.1125056404944933,0.13902587881257977,16,1,2,0,670,20,7,-0.00023606361480044136,0.009021748294010479,7,14,7,5
Bonds,r02_r12,r02,r12,both,17,17,14,14,0.0066721833724401325,-0.1810011576324113,0.055187573736101614,12,2,3,0,412,9,2,-0.006869826645136801,0.0006164802284689408,3,9,3,1
Bonds,r02_r13,r02,r13,both,17,17,15,17,0.01333866416198437,-0.1311079790028592,0.1365673148539348,15,1,3,0,638,17,7,-0.0014270398571367693,0.006530905874671644,5,12,6,3
Bonds,r02_r14,r02,r14,both,17,17,15,15,0.005603241798765701,-0.16635923046542822,0.05386186351678113,14,2,3,0,557,15,1,-0.008961477131028905,0.0011171763092743259,2,12,2,1
Bonds,r02_r15,r02,r15,both,17,17,15,17,0.013676594596321756,-0.1391752550705272,0.15100432474682046,15,1,2,0,685,19,4,-0.0020138555123103696,0.009723443763077544,5,14,3,2
Bonds,r02_r16,r02,r16,both,17,17,15,16,0.012622606646279788,-0.1391752550705292,0.14921867392468102,15,1,2,0,683,19,4,-0.0021243784960407464,0.009563722875809866,4,14,3,1
Bonds,r02_r17,r02,r17,both,17,17,15,16,0.013959996538042141,-0.11453499983564919,0.1377108929011588,15,1,2,0,633,17,8,-0.00025968278283361457,0.010273501268492913,6,13,5,3
Bonds,r02_r18,r02,r18,both,17,17,14,14,0.00994161778714231,-0.1660114584842619,0.0778460385497044,14,2,8,0,417,5,6,-0.008055260428405209,0.003840786801708296,2,12,2,1
Bonds,r02_r19,r02,r19,both,17,17,17,17,0.013813623602833225,-0.11335778400218977,0.14365485542026946,17,1,3,0,510,8,9,-0.0006915075817048866,0.007795002496459036,5,14,7,4
Bonds,r02_r20,r02,r20,both,17,17,15,16,0.014089756991372271,-0.14244994568638958,0.16446265902620194,16,1,8,0,451,6,8,-0.00304669953016079,0.00665086497534384,4,15,3,2
Bonds,r02_r21,r02,r21,both,17,17,16,17,0.013232552619487414,-0.11776415171416621,0.13431293651455123,17,1,3,0,536,10,7,-0.00015932169710519695,0.01033684359207876,7,14,4,4
Bonds,r02_r22,r02,r22,both,17,17,16,17,0.0131881288272373,-0.11776415171416632,0.13431293651455123,16,1,3,0,536,10,7,-0.0002924850230767717,0.01033684359207876,6,14,4,3
Bonds,r02_r23,r02,r23,both,17,17,17,17,0.014591036677711111,-0.11348131092279845,0.14652052650206282,17,1,4,0,509,9,10,0.00138718917697922,0.006355611173246567,11,15,6,6
Bonds,r02_r24,r02,r24,both,17,17,14,17,0.012859256016280574,-0.13583739640890657,0.1293888503032703,15,1,2,0,736,24,3,-0.0002383899016837887,0.009690600924163517,4,14,3,1
Bonds,r03_r00,r03,r00,both,17,17,6,12,-0.003165554167374851,-0.16102657714768387,-0.060764876686601244,7,1,1,0,921,27,0,-0.005296089000634607,0.002217259823445561,3,11,2,1
Bonds,r03_r01,r03,r01,both,17,17,5,12,-0.006963350385023159,-0.20818571953618314,-0.09758036100865208,5,1,1,0,1770,58,3,-0.012580100487606827,-0.00010570581157287595,2,8,2,1
Bonds,r03_r02,r03,r02,both,17,17,6,9,-0.010352150411209848,-0.25552138519808,-0.10186431376038796,6,1,1,0,1298,40,0,-0.013060211247418074,-0.00112907900273862,2,7,1,1
Bonds,r03_r03,r03,r03,both,17,17,5,13,-0.006665474900011126,-0.18220253326684976,-0.0879209387323352,5,0,1,0,1943,66,2,-0.012780268145282547,0.0,2,0,1,0
Bonds,r03_r04,r03,r04,both,17,17,5,13,-0.008093967538626123,-0.18917807164668865,-0.07863941255254281,5,0,1,0,1918,63,2,-0.01371071764120979,-0.0002974127564622231,2,4,1,0
Bonds,r03_r05,r03,r05,both,17,17,5,13,-0.0063892147774765595,-0.1956174501454241,-0.060695248499490484,5,0,1,0,1723,55,2,-0.008958735221127445,0.0002599709476321932,2,10,1,0
Bonds,r03_r06,r03,r06,both,17,17,9,11,0.0022962772175216806,-0.13497675778039775,0.01928238067386867,10,1,2,0,870,19,2,-0.006393880875175562,0.001884282416611871,5,11,3,3
Bonds,r03_r07,r03,r07,both,17,17,5,11,-0.0011431063897775484,-0.15066332739603794,-0.01746741205246327,7,1,2,0,1551,39,1,-0.00671187010615748,0.005061024058522268,2,11,1,1
Bonds,r03_r08,r03,r08,both,17,17,7,12,-0.003885693793298506,-0.1880924653710534,-0.047877757486507466,7,1,2,0,1226,27,1,-0.01251366708268542,-0.0005636321233255526,4,7,2,2
Bonds,r03_r09,r03,r09,both,17,17,5,14,-0.003598340071205852,-0.13044295370941017,-0.045038292048910966,5,0,1,0,1684,43,2,-0.007972123185901125,0.0006893049028808829,2,11,2,0
Bonds,r03_r10,r03,r10,both,17,17,5,14,-0.004009281469637971,-0.13044295370941017,-0.05847157634121214,5,0,1,0,1669,43,2,-0.007658390933073855,0.0007657010328618874,2,12,2,0
Bonds,r03_r11,r03,r11,both,17,17,6,13,-0.0038793738691143,-0.1445157367069404,-0.0485726763204013,6,1,1,0,1527,36,2,-0.0068458864171832,0.002095302944497668,3,12,1,0
Bonds,r03_r12,r03,r12,both,17,17,9,13,9.223000316938013e-05,-0.1777189357193868,0.007712534078527344,9,1,3,0,900,11,3,-0.009158416865034269,0.0006428804995295412,3,10,1,1
Bonds,r03_r13,r03,r13,both,17,17,8,14,-0.0006381474645528185,-0.13722427550174465,-0.008904083912462224,7,1,2,0,1329,22,5,-0.0028853096066004946,0.007115185272989266,2,15,0,0
Bonds,r03_r14,r03,r14,both,17,17,7,12,-0.0030198533129297545,-0.19078511140904786,-0.02403981377372788,7,1,2,0,1157,18,1,-0.007872437141613564,0.002082284839351245,1,12,1,1
Bonds,r03_r15,r03,r15,both,17,17,9,13,0.0015104533930616615,-0.12799912617701525,0.0015283768310143664,10,0,2,0,1400,24,2,-0.0056460623123648634,0.007100924291902566,4,15,0,0
Bonds,r03_r16,r03,r16,both,17,17,9,13,0.0014009997090849158,-0.12799912617701525,0.0004518713912615713,10,0,2,0,1395,24,2,-0.0056460623123648634,0.0053288551264434325,4,15,0,0
Bonds,r03_r17,r03,r17,both,17,17,9,14,0.0017764219929923275,-0.12993410682675455,0.00958592556660598,10,1,2,0,1327,21,3,-0.002149823309214094,0.006917394086029982,3,14,2,0
Bonds,r03_r18,r03,r18,both,17,17,9,12,0.00016762363664413193,-0.1695090172474225,0.0016560221566508382,9,1,8,0,997,5,6,-0.004574655688118545,0.00405427768144373,3,11,1,1
Bonds,r03_r19,r03,r19,both,17,17,12,16,0.005621326009341621,-0.09487655040574783,0.04836742150989659,12,1,3,0,1157,9,8,-0.0004560234989021694,0.01195461086611782,5,14,6,4
Bonds,r03_r20,r03,r20,both,17,17,11,14,0.005148943169640319,-0.12880929690265408,0.051053461776088715,11,1,8,0,1069,6,7,-0.0022903595930738874,0.00804295275939848,4,14,3,2
Bonds,r03_r21,r03,r21,both,17,17,10,15,0.005898196169082048,-0.08842234833485352,0.05249694792108772,10,1,3,0,1194,11,6,-0.00033142346547010426,0.012231481025858248,6,15,5,3
Bonds,r03_r22,r03,r22,both,17,17,11,15,0.005898196169082048,-0.08842234833485352,0.05121104173242785,10,1,3,0,1192,11,6,-0.00033142346547010426,0.012231481025858248,5,15,5,2
Bonds,r03_r23,r03,r23,both,17,17,10,15,0.0069212300636245505,-0.09487655040574783,0.060568398596738016,13,1,4,0,1158,9,8,0.00014367953005689493,0.011687729960910942,9,14,6,5
Bonds,r03_r24,r03,r24,both,17,17,5,14,-0.0038140383294641422,-0.13044295370941017,-0.05294759706186558,5,0,1,0,1676,43,2,-0.007658390933073855,0.0007657010328618874,2,12,2,0
Bonds,r04_r00,r04,r00,both,17,17,5,10,-0.0038988088017943845,-0.16981572396516809,-0.05180572784464621,8,1,1,0,888,27,0,-0.00345870029059947,0.0028188023086762604,4,10,2,2
Bonds,r04_r01,r04,r01,both,17,17,5,11,-0.007920458465005775,-0.1892069242906509,-0.10188238022983964,5,1,1,0,1718,56,3,-0.011448499300474313,0.0008326120446154883,1,13,2,0
Bonds,r04_r02,r04,r02,both,17,17,5,9,-0.00943304487438379,-0.26132210744641393,-0.10474384941957615,6,1,1,0,1259,39,0,-0.011106155556555253,6.630736809021265e-05,2,9,1,1
Bonds,r04_r03,r04,r03,both,17,17,5,12,-0.00820822095396101,-0.18793047131347274,-0.09868548748120298,5,0,1,0,1891,65,2,-0.013072893136093833,0.00026738930560521457,2,11,0,0
Bonds,r04_r04,r04,r04,both,17,17,5,12,-0.007491616071156004,-0.1967161672105584,-0.09800093933716147,5,0,1,0,1866,62,2,-0.013679698826898012,0.0,2,0,0,0
Bonds,r04_r05,r04,r05,both,17,17,5,12,-0.005275305038753619,-0.19595011810315455,-0.06501542814940253,6,0,1,0,1675,55,2,-0.00890056573324971,0.0003388009797957725,2,10,0,0
Bonds,r04_r06,r04,r06,both,17,17,9,12,0.002012104143819249,-0.13860680225526867,0.0032834883686212457,10,1,2,0,835,19,2,-0.005355395556549847,0.0002513509049277829,5,9,3,3
Bonds,r04_r07,r04,r07,both,17,17,6,12,-0.0020726439126987906,-0.15133689987703502,-0.034842852377557576,7,1,2,0,1501,38,1,-0.005974517743991159,0.006114593566807769,2,11,1,1
Bonds,r04_r08,r04,r08,both,17,17,7,12,-0.005390529000816158,-0.19719518355817,-0.07929513667903143,7,1,2,0,1178,27,1,-0.009821105467953894,0.0002514094818069079,4,9,2,2
Bonds,r04_r09,r04,r09,both,17,17,5,14,-0.003104253519338518,-0.1354875205836935,-0.06575649430057529,5,0,1,0,1634,42,2,-0.007961547226194798,0.0007167413324986605,2,11,2,0
Bonds,r04_r10,r04,r10,both,17,17,5,14,-0.0037348565813088985,-0.1354875205836935,-0.0722459425795069,5,0,1,0,1619,42,2,-0.007675745226618069,0.0007167413324986605,2,11,2,0
Bonds,r04_r11,r04,r11,both,17,17,5,13,-0.0035184381670831932,-0.1497215924566686,-0.06500630217659076,5,1,1,0,1477,36,2,-0.005494422481898353,0.003004687789192939,2,12,2,0
Bonds,r04_r12,r04,r12,both,17,17,6,12,-0.0008847232412186878,-0.18701723721339625,-0.016986427090215916,8,1,3,0,861,11,3,-0.00843419181512528,0.0006447586729940724,4,10,1,1
Bonds,r04_r13,r04,r13,both,17,17,6,14,-0.00019387264197801013,-0.13853853405994876,-0.026768631804978904,7,1,2,0,1282,22,5,-0.0028738190988952805,0.0054378476640259965,2,14,1,0
Bonds,r04_r14,r04,r14,both,17,17,7,12,-0.002657966274894452,-0.1868633728386795,-0.045325217698596654,7,1,2,0,1111,18,1,-0.0076464745025658365,0.0020237936245424137,1,11,1,1
Bonds,r04_r15,r04,r15,both,17,17,8,14,0.000862856780246446,-0.131394269467349,-0.010157271451222583,9,0,2,0,1353,24,2,-0.005648111747985629,0.007203397500725961,4,15,1,0
Bonds,r04_r16,r04,r16,both,17,17,8,14,0.0014162911389705712,-0.131394269467349,-0.011221216424157632,9,0,2,0,1348,24,2,-0.005648111747985629,0.007093872791694711,4,15,1,0
Bonds,r04_r17,r04,r17,both,17,17,8,14,0.0005232929322640523,-0.13853853405994887,-0.014145584720461013,10,1,2,0,1280,21,3,-0.002173684260309061,0.0071170702627699756,3,14,2,0
Bonds,r04_r18,r04,r18,both,17,17,7,11,-0.0004839265004755733,-0.17563925484682408,-0.019532984948459897,8,1,8,0,954,5,6,-0.004226824706647481,0.004513388579764688,3,12,2,2
Bonds,r04_r19,r04,r19,both,17,17,12,15,0.004435154522642204,-0.09826382973848269,0.018487947197011634,13,1,3,0,1110,9,8,-0.0004561502055129285,0.011926770593798208,5,14,6,4
Bonds,r04_r20,r04,r20,both,17,17,10,14,0.004017749125366565,-0.14555733599794485,0.008043302260120955,11,1,8,0,1022,6,7,-0.0022539604745259734,0.009060807984088814,4,14,3,1
Bonds,r04_r21,r04,r21,both,17,17,10,15,0.004711690554377146,-0.0918337814836161,0.0352407006136497,12,1,3,0,1147,11,6,-0.00033098379323526217,0.012271682967077924,6,15,5,3
Bonds,r04_r22,r04,r22,both,17,17,10,15,0.004711690554377146,-0.0918337814836161,0.0352407006136497,12,1,3,0,1145,11,6,-0.00033098379323526217,0.01220330662553315,5,15,5,2
Bonds,r04_r23,r04,r23,both,17,17,11,14,0.005733517730919235,-0.0982638297384828,0.03151663244725955,12,1,4,0,1111,9,8,0.00014375077654960045,0.008706891680887341,9,14,6,5
Bonds,r04_r24,r04,r24,both,17,17,5,14,-0.0037348565813088985,-0.1354875205836935,-0.0722459425795069,5,0,1,0,1626,42,2,-0.007675745226618069,0.0007167413324986605,2,11,2,0
Bonds,r05_r00,r05,r00,both,17,17,10,12,0.003554276000339751,-0.1738073365844771,0.02716116136865021,10,1,2,0,733,23,0,-0.008057865397818942,-0.0018990216488781186,3,5,2,2
Bonds,r05_r01,r05,r01,both,17,17,10,15,0.006076378675097915,-0.13386550295861277,0.02707285403692672,11,1,2,0,1360,46,3,-0.005609322247883686,-0.0009250079703154723,3,7,3,1
Bonds,r05_r02,r05,r02,both,17,17,10,14,0.008180516030634521,-0.1863496179722699,0.023124934448757184,10,1,2,0,1003,32,1,-0.010850124949631113,-0.006652888633674747,4,7,3,3
Bonds,r05_r03,r05,r03,both,17,17,9,14,0.003805779340138704,-0.14314425857573176,0.010739205275065888,9,0,1,0,1511,53,2,-0.01076853538531708,-0.001989510806363892,2,5,1,0
Bonds,r05_r04,r05,r04,both,17,17,9,14,0.003735748219704904,-0.14643806156830386,0.010512705619361906,11,0,1,0,1493,53,2,-0.011587303581065855,-0.0020004204723476082,2,5,1,0
Bonds,r05_r05,r05,r05,both,17,17,12,14,0.006544027221817572,-0.150519053558136,0.047974626814803356,12,0,1,0,1326,44,2,-0.006274797074138805,0.0,3,0,3,1
Bonds,r05_r06,r05,r06,both,17,17,12,13,0.004647013138215028,-0.16259958265912644,0.04496715422270681,12,1,2,0,694,18,1,-0.009885951045439767,-0.0007573754602806515,5,8,2,2
Bonds,r05_r07,r05,r07,both,17,17,11,14,0.006864993613098225,-0.1411180514385958,0.042901296897051466,12,1,2,0,1232,38,3,-0.005256011191911103,-0.0014685830123277732,3,8,4,1
Bonds,r05_r08,r05,r08,both,17,17,8,13,0.0019340334853445995,-0.16252520222893752,-0.007163036270334988,10,1,2,0,953,26,1,-0.01145758303363631,-0.008400695979189798,5,6,3,3
Bonds,r05_r09,r05,r09,both,17,17,11,14,0.007135779009425969,-0.13288130722816927,0.030524380615720936,12,0,2,0,1355,41,2,-0.00717892583163815,-0.0019330983843639515,2,7,2,0
Bonds,r05_r10,r05,r10,both,17,17,11,14,0.006422586485584469,-0.13288130722816927,0.030060039214412138,13,0,2,0,1342,41,2,-0.005764855131203728,-0.0014461077671135136,2,7,2,0
Bonds,r05_r11,r05,r11,both,17,17,11,15,0.007064519569857319,-0.11535705125971318,0.031808082970194995,12,1,2,0,1215,35,2,-0.007964971004003507,-0.00023769903656267743,3,8,4,1
Bonds,r05_r12,r05,r12,both,17,17,11,12,0.0052896583189279145,-0.1896683325192945,0.036807142309638996,11,1,3,0,686,11,3,-0.010445530454334717,-0.007081431390768778,3,6,1,1
Bonds,r05_r13,r05,r13,both,17,17,13,15,0.00965031316256515,-0.12034289795501041,0.0810414450775836,13,1,2,0,1036,22,5,-0.0023707377300358212,0.0001240623604985558,2,9,2,0
Bonds,r05_r14,r05,r14,both,17,17,11,14,0.004438160125278978,-0.16638952723880573,0.05728261471321994,11,1,2,0,896,18,1,-0.011070386109269803,-0.0007968217683123058,1,8,2,1
Bonds,r05_r15,r05,r15,both,17,17,14,14,0.009663713648963457,-0.11826058539806195,0.08311583674830625,14,0,2,0,1102,24,2,-0.005716311986474043,0.001121127275880207,4,12,1,0
Bonds,r05_r16,r05,r16,both,17,17,14,14,0.009891152275074866,-0.11047396479373861,0.08311583674830625,14,0,2,0,1099,24,2,-0.005741945918089186,0.001121127275880207,4,11,1,0
Bonds,r05_r17,r05,r17,both,17,17,13,15,0.009314991832399588,-0.11189037304679406,0.0953256406811176,13,1,2,0,1037,21,3,-0.0019838509762863943,0.001802675388605346,3,12,4,1
Bonds,r05_r18,r05,r18,both,17,17,11,12,0.007727996192713915,-0.1713936290389756,0.07814109539196656,11,1,8,0,728,5,6,-0.004098669455778303,0.0003020192492257934,2,9,2,1
Bonds,r05_r19,r05,r19,both,17,17,14,16,0.013138325173875254,-0.09558604815188787,0.11050669181053774,14,1,3,0,862,8,8,-0.0012690327317932404,0.0036990591485994706,6,13,7,5
Bonds,r05_r20,r05,r20,both,17,17,14,14,0.013581951588417907,-0.13453609044927306,0.13144202106254443,14,1,8,0,782,6,7,-0.0024529882494421784,0.004020459367723772,5,12,4,3
Bonds,r05_r21,r05,r21,both,17,17,14,15,0.014495098229595715,-0.09286529546041,0.11808273955796222,14,1,3,0,896,10,6,-0.00029438483639676605,0.0027046039255365084,6,13,5,3
Bonds,r05_r22,r05,r22,both,17,17,14,15,0.014066825652829129,-0.09286529546041,0.11737022422876353,14,1,3,0,896,10,6,-0.0003332444773755938,0.0027046039255365084,5,13,5,2
Bonds,r05_r23,r05,r23,both,17,17,14,15,0.015220723552135329,-0.09753040733708984,0.13963982415536247,14,1,4,0,864,9,9,0.0007021762771250994,0.0034058450417944197,10,14,7,6
Bonds,r05_r24,r05,r24,both,17,17,11,14,0.006422586485584469,-0.13288130722816927,0.02876407149084237,13,0,2,0,1349,41,2,-0.005764855131203728,-0.0014461077671135136,2,7,2,0
Bonds,r06_r00,r06,r00,both,17,17,11,15,0.002711849359103402,-0.16540120812925208,0.08076795013561688,12,2,3,0,331,10,4,-0.005238123642259507,0.0,3,5,3,0
Bonds,r06_r01,r06,r01,both,17,17,16,17,0.012674449774490837,-0.12465693222595486,0.1345571878200995,15,2,2,0,507,18,6,-0.0012737911243978495,0.004858438194883519,6,10,6,4
Bonds,r06_r02,r06,r02,both,17,17,13,16,0.012803503748601619,-0.15967777160382424,0.16184122647789123,13,2,2,0,420,14,3,-0.005187589975292006,0.001780828327926809,5,10,5,3
Bonds,r06_r03,r06,r03,both,17,17,16,17,0.013240068156720408,-0.1313650400931945,0.14945145300503815,16,1,2,0,554,22,4,-0.0018202843597787677,0.003126303432773314,3,13,4,2
Bonds,r06_r04,r06,r04,both,17,17,16,17,0.013240068156720408,-0.13136504009319439,0.145486816321873,16,1,2,0,540,19,3,-0.0013086274813889354,0.003105613213204572,3,13,4,2
Bonds,r06_r05,r06,r05,both,17,17,16,17,0.016342390714518595,-0.11281219495134798,0.18404016424857472,16,1,2,0,486,16,7,-0.00010560226162126263,0.00512611000090879,7,11,5,4
Bonds,r06_r06,r06,r06,both,17,17,12,16,0.002882491061719339,-0.16540120812925208,0.07858797889314362,11,2,3,0,320,10,4,-0.005238123642259507,0.0,4,0,3,0
Bonds,r06_r07,r06,r07,both,17,17,16,17,0.011324589186765044,-0.12944478897873457,0.12262550239871084,15,2,2,0,490,16,5,-0.0026183669016366373,0.0028124984843636014,5,10,5,4
Bonds,r06_r08,r06,r08,both,17,17,12,15,0.012073786579939627,-0.1596827039740809,0.12578627985161672,12,2,2,0,408,13,1,-0.004579217470257246,0.0003669891732824837,5,9,4,3
Bonds,r06_r09,r06,r09,both,17,17,16,17,0.012342005465299843,-0.14083581599480766,0.14400805884461998,16,1,2,0,535,17,4,-0.001606235433588843,0.0031022859939559,4,12,4,2
Bonds,r06_r10,r06,r10,both,17,17,16,17,0.012356549408109707,-0.14083581599480766,0.1502123834494895,16,1,2,0,525,17,4,-0.001874451589743753,0.002992433756023316,4,12,4,2
Bonds,r06_r11,r06,r11,both,17,17,16,16,0.01351450804829768,-0.11289476005210564,0.16239559134390635,16,1,2,0,474,15,8,-0.0003278137743447651,0.0051902293366534735,5,10,5,4
Bonds,r06_r12,r06,r12,both,17,17,13,15,0.005638911653770506,-0.16540120812925208,0.0951763099634968,12,2,3,0,314,9,3,-0.005238123642259507,0.0,3,6,4,0
Bonds,r06_r13,r06,r13,both,17,17,16,17,0.013496123477921396,-0.13345783909638964,0.14450868717093823,15,2,3,0,473,15,4,-0.0021938699262384898,0.0035280819948304565,2,10,5,2
Bonds,r06_r14,r06,r14,both,17,17,12,15,0.011035416959579214,-0.16037337762726622,0.11447231062925667,12,2,3,0,396,12,1,-0.005551552100165225,0.00036146107369527947,4,9,4,3
Bonds,r06_r15,r06,r15,both,17,17,16,16,0.013078525564261811,-0.14507303178591358,0.1561553296376128,16,1,2,0,519,16,4,-0.0018095283167753884,0.002857270336476425,4,12,3,2
Bonds,r06_r16,r06,r16,both,17,17,16,16,0.012709427475634971,-0.14507303178591324,0.1624255328090538,16,1,2,0,515,16,5,-0.002169528165501422,0.0019294304911802174,5,12,2,1
Bonds,r06_r17,r06,r17,both,17,17,16,16,0.013982998536502533,-0.12165506229311474,0.16238655661951262,16,1,3,0,466,14,9,-0.00028301769462935056,0.004436859771500767,6,10,4,3
Bonds,r06_r18,r06,r18,both,17,17,11,15,0.01213159228500249,-0.18410476939526754,0.12975657748566571,12,2,8,0,277,5,6,-0.004016682920962467,0.0,4,8,3,3
Bonds,r06_r19,r06,r19,both,17,17,17,17,0.015016432304592486,-0.12908597013790868,0.16825285814512858,17,1,3,0,362,9,8,-7.822086151465513e-05,0.006005011378127922,8,12,8,6
Bonds,r06_r20,r06,r20,both,17,17,16,17,0.013035875968328225,-0.15028110343836798,0.1517470462817383,15,1,8,0,307,6,8,-0.0009123649305604609,0.0040354258446324565,6,11,7,5
Bonds,r06_r21,r06,r21,both,17,17,17,17,0.014332825872301003,-0.14318850273555994,0.14508107319275942,16,1,3,0,391,11,8,-0.00023098362997764355,0.0046040320761976394,7,13,4,2
Bonds,r06_r22,r06,r22,both,17,17,17,17,0.013955388474424568,-0.14318850273555994,0.1499483040150671,16,1,3,0,389,10,8,-0.00023098362997764355,0.004448511756886764,7,13,4,2
Bonds,r06_r23,r06,r23,both,17,17,16,17,0.0173415971462052,-0.12260870280856817,0.19952493448470898,16,1,4,0,360,8,9,0.0008697092062674994,0.006803347269962123,9,11,5,5
Bonds,r06_r24,r06,r24,both,17,17,16,17,0.012356549408109707,-0.14083581599480766,0.1502123834494895,16,1,2,0,531,17,4,-0.001874451589743753,0.0031022859939559,4,12,4,2
Bonds,r07_r00,r07,r00,both,17,17,7,11,-0.0034814934859476176,-0.1646994007605379,-0.028613122629560173,6,1,3,0,779,23,1,-0.004804685278702925,-0.0004443725966070122,3,6,0,0
Bonds,r07_r01,r07,r01,both,17,17,6,11,-0.00865025586294954,-0.1932007286901306,-0.08962797358116859,6,1,2,0,1420,50,2,-0.0055489604968285144,1.915395089624461e-05,3,10,0,0
Bonds,r07_r02,r07,r02,both,17,17,6,8,-0.010243030633978578,-0.22165989751056692,-0.09240458236296167,6,1,2,0,1065,35,0,-0.01368013715263583,-0.005621731236677419,2,5,0,0
Bonds,r07_r03,r07,r03,both,17,17,7,11,-0.005926300318818134,-0.16911314861680293,-0.07063688312058003,6,1,1,0,1523,56,2,-0.00664614727993218,-0.00016521655377532696,2,6,0,0
Bonds,r07_r04,r07,r04,both,17,17,7,11,-0.006187758275271182,-0.1691131486168015,-0.05565650688523016,6,1,1,0,1503,56,2,-0.007420843756160811,-0.001748293453021188,2,5,0,0
Bonds,r07_r05,r07,r05,both,17,17,7,12,-0.004857074909075276,-0.17913211965612108,-0.04422070007234247,6,1,1,0,1359,48,3,-0.00451861683043675,0.0011162570472883493,3,10,0,0
Bonds,r07_r06,r07,r06,both,17,17,9,12,0.0009803743054128677,-0.15061437718228687,0.002526462174407884,9,1,3,0,723,19,0,-0.0019297190798337471,-0.000237108423795096,4,7,1,1
Bonds,r07_r07,r07,r07,both,17,17,7,12,-0.0061756258613715476,-0.15080599121809368,-0.06052211495411086,7,1,2,0,1265,39,2,-0.004958379423972592,0.0,2,0,0,0
Bonds,r07_r08,r07,r08,both,17,17,8,9,-0.004847590698191961,-0.19547354019260021,-0.06192281437785163,7,1,2,0,995,27,1,-0.010658089637540558,-0.0048657209533014,2,5,0,0
Bonds,r07_r09,r07,r09,both,17,17,7,11,-0.007801403287000852,-0.14025129760212807,-0.07487241542755452,7,1,2,0,1345,41,2,-0.006248888193306934,-0.00011586552919173876,2,7,0,0
Bonds,r07_r10,r07,r10,both,17,17,7,11,-0.00916608666999219,-0.15181651950661235,-0.08647585829836857,7,1,2,0,1332,41,2,-0.007570968533351374,-0.00011757654764776859,2,7,0,0
Bonds,r07_r11,r07,r11,both,17,17,7,11,-0.006698876971109269,-0.15748605359679613,-0.09348955349262544,7,1,2,0,1231,35,3,-0.004268094633256392,0.0003550161344212377,3,10,0,0
Bonds,r07_r12,r07,r12,both,17,17,9,11,-0.0003141297322251102,-0.1720735838237445,0.00224096130497653,7,1,3,0,684,11,3,-0.006365723301905657,0.0003342267891384143,4,9,0,0
Bonds,r07_r13,r07,r13,both,17,17,8,12,-0.00031166476534449927,-0.13950548683074104,-0.031439022198663236,8,1,2,0,1027,22,5,-0.003196860842933802,0.002496598955524121,5,11,1,1
Bonds,r07_r14,r07,r14,both,17,17,7,11,-0.004450253502342405,-0.18460907763212675,-0.04630948951735303,7,1,2,0,889,18,1,-0.007693288325672287,-0.0017227029672756133,3,7,0,0
Bonds,r07_r15,r07,r15,both,17,17,8,13,-0.007119183341352753,-0.1463651953335262,-0.07108080710227294,8,1,2,0,1079,24,3,-0.0054532966528096916,0.00011533364624127795,3,9,0,0
Bonds,r07_r16,r07,r16,both,17,17,8,13,-0.007119183341352753,-0.1463651953335262,-0.07108080710227294,8,1,2,0,1075,24,3,-0.0055660139254667396,-5.067505875366862e-05,3,8,0,0
Bonds,r07_r17,r07,r17,both,17,17,8,13,-0.0037114184783583193,-0.12512856156054908,-0.038874499614362845,8,1,2,0,1021,21,3,-0.0015829019072322037,0.00198421283940875,3,10,1,0
Bonds,r07_r18,r07,r18,both,17,17,7,12,-0.0026827448328046177,-0.16370429556841437,-0.027259961743151373,7,1,8,0,714,5,6,-0.0034629805836599026,0.0011691816435156488,4,10,0,0
Bonds,r07_r19,r07,r19,both,17,17,9,17,0.000934708620661695,-0.08899896688592679,0.0136381584725902,10,1,3,0,843,9,8,-5.123205726409452e-05,0.006200500889284033,8,13,4,4
Bonds,r07_r20,r07,r20,both,17,17,10,14,0.005043603977065603,-0.12611001041301861,0.013289071030822441,10,1,8,0,771,6,6,-0.0029387089181309722,0.0009061054474054364,3,10,1,0
Bonds,r07_r21,r07,r21,both,17,17,10,15,0.003678652121453352,-0.08979924730436661,0.021709311598662406,9,1,3,0,872,11,6,-0.0003290471538602846,0.0047120252000566465,6,14,4,3
Bonds,r07_r22,r07,r22,both,17,17,10,15,0.003678652121453352,-0.08979924730436784,0.021709311598662406,9,1,3,0,870,11,6,-0.0003290471538602846,0.004372644812821069,6,14,4,3
Bonds,r07_r23,r07,r23,both,17,17,11,17,0.00618437678729844,-0.08879776729432642,0.05617671826303572,11,1,4,0,840,9,8,-5.123205726409452e-05,0.006626571885714694,8,13,4,4
Bonds,r07_r24,r07,r24,both,17,17,7,11,-0.00868269392725618,-0.14773601761374922,-0.08292630480969598,7,1,2,0,1338,41,2,-0.007130178833562262,-0.00011757654764776859,2,7,0,0
Bonds,r08_r00,r08,r00,both,17,17,8,14,3.447599885042507e-05,-0.1862381461695296,-0.02339111236276692,9,2,3,0,475,16,0,-0.005792754276649603,-0.0013269445197605645,2,5,0,0
Bonds,r08_r01,r08,r01,both,17,17,14,17,0.01078795516474873,-0.11006620839372594,0.09856742138384877,16,2,2,0,751,28,7,-5.5330920851082155e-05,0.008673375146591944,8,14,2,2
Bonds,r08_r02,r08,r02,both,17,17,9,13,0.0018911126973002457,-0.19326670965250292,0.005908469396949334,10,2,2,0,644,22,1,-0.009961896527238112,-0.0001584202730267048,2,6,0,0
Bonds,r08_r03,r08,r03,both,17,17,13,17,0.011624136814575747,-0.11043305120318914,0.14216647196201238,15,1,2,0,805,30,5,-0.0004164613602863909,0.008182224458658016,6,15,3,2
Bonds,r08_r04,r08,r04,both,17,17,13,17,0.011058085695897057,-0.11439827432916805,0.1296817293482655,15,1,2,0,790,30,6,-0.0002383899016837887,0.008370252149956237,7,15,2,2
Bonds,r08_r05,r08,r05,both,17,17,15,16,0.013375646136700503,-0.11900586999463614,0.10210266523672207,16,1,2,0,718,26,9,0.0023291771169073883,0.011288583509564964,11,14,1,1
Bonds,r08_r06,r08,r06,both,17,17,9,13,0.0006117496165214398,-0.17318782306223024,0.0021308992141391148,9,2,3,0,438,12,2,-0.008237530364584078,-0.0003669891732824837,2,7,0,0
Bonds,r08_r07,r08,r07,both,17,17,15,17,0.010143518231492843,-0.11127593656325308,0.0879158354778915,14,2,2,0,693,22,7,-0.0002562066206539537,0.006463677914990473,7,13,2,2
Bonds,r08_r08,r08,r08,both,17,17,9,13,0.0020458916730992094,-0.18166750884788274,0.012290567614938519,10,2,2,0,600,17,1,-0.009498892063230846,0.0,2,0,0,0
Bonds,r08_r09,r08,r09,both,17,17,13,16,0.011991435614943313,-0.1266670180404208,0.1433092976642203,14,1,2,0,742,25,5,-0.000880597481086598,0.005723481973496147,5,15,3,2
Bonds,r08_r10,r08,r10,both,17,17,13,16,0.011833268110756023,-0.12666701804042102,0.14532831117809009,13,1,2,0,732,24,5,-0.000880597481086598,0.005723481973496147,4,14,3,1
Bonds,r08_r11,r08,r11,both,17,17,15,16,0.011441237037626228,-0.12150567793932665,0.1409693221441901,15,1,2,0,670,21,6,-0.0002377298539164574,0.009329136537695737,8,14,2,2
Bonds,r08_r12,r08,r12,both,17,17,12,13,0.005531071761759376,-0.1514375823782017,0.0462170989331836,12,2,3,0,395,9,2,-0.0054777827208850605,-5.812829639850747e-08,5,8,1,1
Bonds,r08_r13,r08,r13,both,17,17,15,17,0.009764390005087442,-0.12100597308032357,0.10401724520388123,15,2,3,0,627,17,7,-0.0006145038102578493,0.008344902582399727,5,13,2,1
Bonds,r08_r14,r08,r14,both,17,17,10,14,0.00322635221848655,-0.18166750884788285,0.05298935025460372,11,2,3,0,542,15,1,-0.008644362930760652,0.0011768192481595996,1,12,0,0
Bonds,r08_r15,r08,r15,both,17,17,13,16,0.013476496293894913,-0.11395088493778727,0.15619841179837612,14,1,2,0,670,19,5,-0.0017745016405226188,0.005091138216410274,4,14,2,2
Bonds,r08_r16,r08,r16,both,17,17,13,16,0.013316596372456191,-0.11395088493778727,0.15619841179837612,14,1,2,0,666,19,4,-0.0021113068571858573,0.005091138216410274,4,14,2,2
Bonds,r08_r17,r08,r17,both,17,17,15,15,0.013151296506663579,-0.12170780520815627,0.14555033967004238,15,1,2,0,619,17,7,-0.0012318761114662458,0.009803667651095527,5,13,3,3
Bonds,r08_r18,r08,r18,both,17,17,11,13,0.0059703732439964075,-0.16707979083721025,0.06607227363930357,12,2,8,0,399,5,6,-0.005101190375993658,0.0024839802838343417,3,12,0,0
Bonds,r08_r19,r08,r19,both,17,17,16,17,0.012369854030161331,-0.10266660259176164,0.13976441325520517,16,1,3,0,492,9,9,-7.822602453999572e-05,0.010134805886625298,8,15,4,3
Bonds,r08_r20,r08,r20,both,17,17,13,16,0.011815413939447073,-0.137235903006529,0.12861200368413206,14,1,8,0,435,6,8,-0.003014462462823664,0.005944943929833912,3,16,0,0
Bonds,r08_r21,r08,r21,both,17,17,16,16,0.011747789614473314,-0.10932623206257652,0.1332094750193309,16,1,3,0,516,11,7,-0.0002928085603888242,0.009698256644146364,7,15,3,2
Bonds,r08_r22,r08,r22,both,17,17,16,16,0.01186360286559518,-0.10932623206257652,0.1343069250023341,16,1,3,0,514,11,7,-0.0002928085603888242,0.009698256644146364,7,15,3,2
Bonds,r08_r23,r08,r23,both,17,17,16,17,0.013587674841998298,-0.09478669361142289,0.1482150451422306,16,1,4,0,487,9,9,4.187732467975103e-05,0.010913515171828703,9,14,3,3
Bonds,r08_r24,r08,r24,both,17,17,13,16,0.011833268110756023,-0.12666701804042102,0.14062059193290888,13,1,2,0,738,25,5,-0.000880597481086598,0.005723481973496147,4,14,3,1
Bonds,r09_r00,r09,r00,both,17,17,5,11,-0.005113717423698816,-0.16102657714768387,-0.06726194003468988,5,1,1,0,904,27,0,-0.005194897030556533,0.00010815462713686941,3,9,0,0
Bonds,r09_r01,r09,r01,both,17,17,5,10,-0.013325466978511114,-0.20771915093039484,-0.1301584534872683,5,1,1,0,1644,58,3,-0.008225115726742893,-4.3025628341464284e-05,3,8,0,0
Bonds,r09_r02,r09,r02,both,17,17,5,8,-0.011943790026746837,-0.24010229762682966,-0.11973796159891303,6,1,1,0,1220,39,0,-0.011498194442268406,-0.0035994827769446625,1,5,0,0
Bonds,r09_r03,r09,r03,both,17,17,5,10,-0.014425058711946548,-0.2054971639861246,-0.11685980630756765,5,0,1,0,1761,66,2,-0.011180999402389258,-0.0003149502174675245,2,6,0,0
Bonds,r09_r04,r09,r04,both,17,17,5,9,-0.014917992914919687,-0.20224190179810098,-0.13213351543990393,5,0,1,0,1738,63,2,-0.011673933605362397,-0.0007144468491053768,2,5,0,0
Bonds,r09_r05,r09,r05,both,17,17,5,11,-0.012618018762425742,-0.2072465838559936,-0.12307580742805913,5,0,1,0,1590,55,2,-0.0081313660253437,-0.00041086870542939025,2,7,0,0
Bonds,r09_r06,r09,r06,both,17,17,8,11,0.00041293264576025557,-0.15387171649727727,-0.014813067234784594,9,1,2,0,824,19,1,-0.0013550106559203634,0.00011362462549380226,5,9,1,0
Bonds,r09_r07,r09,r07,both,17,17,7,11,-0.007777761727897681,-0.16251428815582258,-0.07873515771016504,6,1,2,0,1400,39,1,-0.00517793561773594,0.000762573196964933,1,11,0,0
Bonds,r09_r08,r09,r08,both,17,17,7,9,-0.0038640556172410134,-0.2026955631934485,-0.045360129474304234,6,1,2,0,1113,27,1,-0.010610704569453566,-0.002485018402829997,2,7,0,0
Bonds,r09_r09,r09,r09,both,17,17,7,11,-0.009310896512438105,-0.15343522570271417,-0.104667853800269,6,0,1,0,1483,43,2,-0.008125686166623569,0.0,2,0,0,0
Bonds,r09_r10,r09,r10,both,17,17,7,10,-0.010478673592453802,-0.1534352257027145,-0.1110900481851308,6,0,1,0,1469,43,2,-0.008141774019979953,-0.00011653816468149003,2,3,0,0
Bonds,r09_r11,r09,r11,both,17,17,7,9,-0.008618824881127307,-0.15994044569923005,-0.1117381825028535,7,1,1,0,1366,36,2,-0.006149706757928697,0.00011368320237292728,2,9,0,0
Bonds,r09_r12,r09,r12,both,17,17,8,11,-0.0030145071509261046,-0.1687300627406082,-0.013658775861562944,7,1,3,0,785,11,3,-0.007256549702706394,0.003511511428131442,4,11,0,0
Bonds,r09_r13,r09,r13,both,17,17,8,12,-0.006445493540715219,-0.13536498875882796,-0.060323998638433074,7,1,2,0,1141,22,5,-0.003236253868123651,0.004073034091437999,5,13,0,0
Bonds,r09_r14,r09,r14,both,17,17,6,11,-0.00691767076002181,-0.19502672082959638,-0.04531937841191824,6,1,2,0,993,18,1,-0.009095858693018655,0.000462039648803092,2,10,0,0
Bonds,r09_r15,r09,r15,both,17,17,8,12,-0.007125483967971413,-0.13284391099545068,-0.022484183324622098,8,0,2,0,1194,24,2,-0.005419713409883342,0.0020052508256456214,3,12,0,0
Bonds,r09_r16,r09,r16,both,17,17,8,12,-0.007125483967971413,-0.14158284148298306,-0.022484183324622098,8,0,2,0,1190,24,2,-0.005551175935941788,0.0015349593674438555,3,12,0,0
Bonds,r09_r17,r09,r17,both,17,17,8,13,-0.00558370472922598,-0.13519657436660748,-0.015802658826591376,8,1,2,0,1136,21,3,-0.0015748337357548436,0.004845353602602742,3,13,0,0
Bonds,r09_r18,r09,r18,both,17,17,6,11,-0.004479691534665764,-0.16790058306836364,-0.04186895786670197,6,1,8,0,819,5,6,-0.0036074481173735684,0.004509176858446651,4,10,1,1
Bonds,r09_r19,r09,r19,both,17,17,9,17,-0.0012413475016462838,-0.08843775302461898,0.014319497468882059,8,1,3,0,956,9,8,-5.1224361999668844e-05,0.009277180130506935,8,13,3,3
Bonds,r09_r20,r09,r20,both,17,17,9,12,0.002740999866352123,-0.1269244680924464,0.0008835705348499978,10,1,8,0,881,6,7,-0.0012510467443538342,0.004962841591518163,3,14,0,0
Bonds,r09_r21,r09,r21,both,17,17,9,15,0.0010030258067916797,-0.09969013791544545,0.03128832478261301,9,1,3,0,986,11,6,-0.00032831292741464235,0.00781346109256531,6,14,2,2
Bonds,r09_r22,r09,r22,both,17,17,9,14,0.0010030258067916797,-0.09969013791544545,0.03128832478261301,9,1,3,0,984,11,6,-0.00032831292741464235,0.00781346109256531,6,14,2,2
Bonds,r09_r23,r09,r23,both,17,17,11,16,0.003502097656216119,-0.0996901379154449,0.043276526320417785,12,1,4,0,954,9,8,-5.1224361999668844e-05,0.00576469123310519,8,14,3,3
Bonds,r09_r24,r09,r24,both,17,17,7,10,-0.010478673592453802,-0.1534352257027145,-0.1110900481851308,6,0,1,0,1476,43,2,-0.008141774019979953,-0.00011653816468149003,2,3,0,0
Bonds,r10_r00,r10,r00,both,17,17,5,9,-0.0033746109154446646,-0.16226651884243048,-0.046884342674056056,5,1,1,0,873,27,0,-0.005513378618176912,-0.0005286768376167039,4,8,0,0
Bonds,r10_r01,r10,r01,both,17,17,5,9,-0.011145749309519837,-0.2043988413548029,-0.14716365356647199,5,1,1,0,1602,56,3,-0.008646191456756935,-4.1335389927121824e-05,3,8,0,0
Bonds,r10_r02,r10,r02,both,17,17,5,7,-0.012325185998380173,-0.24297104427156868,-0.13611826923081094,6,1,1,0,1190,38,0,-0.010621273611431836,-0.002484264247006318,1,5,0,0
Bonds,r10_r03,r10,r03,both,17,17,5,8,-0.014009001436511292,-0.19505550952925932,-0.15378730844923028,6,0,1,0,1719,65,2,-0.01139783537494865,-0.0006877066358581541,2,6,0,0
Bonds,r10_r04,r10,r04,both,17,17,5,8,-0.014859222016537443,-0.18889378753485375,-0.15794265087745063,6,0,1,0,1694,62,2,-0.011890369384548793,-0.0006372596252409712,2,6,0,0
Bonds,r10_r05,r10,r05,both,17,17,5,9,-0.0115642203472055,-0.21097093696654468,-0.13523123413311255,5,0,1,0,1549,55,2,-0.009239270530082222,-2.3951848670433762e-05,2,8,0,0
Bonds,r10_r06,r10,r06,both,17,17,7,11,-0.0005220822196111419,-0.15547546833297143,-0.024595592068880623,8,1,2,0,794,19,1,-0.0017387448472623301,0.00011362462549380226,6,9,1,1
Bonds,r10_r07,r10,r07,both,17,17,6,11,-0.007776689344096699,-0.15833641901343642,-0.08853825303058926,6,1,2,0,1361,38,1,-0.004292772561417912,0.00076305408881161,1,11,0,0
Bonds,r10_r08,r10,r08,both,17,17,5,9,-0.006872891861791297,-0.20568598987916342,-0.07248939350598194,5,1,2,0,1076,27,1,-0.008100748324902374,-0.000874850438491781,2,7,0,0
Bonds,r10_r09,r10,r09,both,17,17,6,11,-0.006482845558340222,-0.15180739382867192,-0.09536231119339189,6,0,1,0,1444,42,2,-0.00709612842834384,0.00015927163282136725,2,11,0,0
Bonds,r10_r10,r10,r10,both,17,17,6,10,-0.0076539562099817715,-0.1576991147930038,-0.10580046025619538,6,0,1,0,1430,42,2,-0.007683247730950082,0.0,2,0,0,0
Bonds,r10_r11,r10,r11,both,17,17,6,9,-0.007515401148860956,-0.15151339001232478,-0.0913293650106487,6,1,1,0,1327,36,2,-0.005700975650069995,0.00026930936083580104,2,11,0,0
Bonds,r10_r12,r10,r12,both,17,17,7,10,-0.004436370673439161,-0.16252477262960274,-0.031161166418137487,7,1,3,0,754,11,3,-0.0058866229048532,0.0033475297691090145,4,12,0,0
Bonds,r10_r13,r10,r13,both,17,17,7,11,-0.007973282321061426,-0.13758129120675489,-0.07974920282432851,7,1,2,0,1105,22,5,-0.003231125208915664,0.003675960044863369,5,13,0,0
Bonds,r10_r14,r10,r14,both,17,17,6,8,-0.006624544458600168,-0.18820975004096907,-0.09017648254490396,7,1,2,0,958,18,1,-0.0091015946988241,0.00033229592171735156,2,10,0,0
Bonds,r10_r15,r10,r15,both,17,17,7,12,-0.006749354874423297,-0.1434037720958482,-0.06299576758096614,7,0,2,0,1158,24,2,-0.0054099171101072985,0.0029976805388206573,3,12,0,0
Bonds,r10_r16,r10,r16,both,17,17,8,12,-0.006749354874423297,-0.1434037720958482,-0.06299576758096614,7,0,2,0,1154,24,2,-0.005554676603495068,0.0027649495076529362,3,12,0,0
Bonds,r10_r17,r10,r17,both,17,17,8,12,-0.006061505924184751,-0.13279583724847277,-0.05659114821126332,7,1,2,0,1100,21,3,-0.0015759812362987624,0.004270872128991354,3,13,0,0
Bonds,r10_r18,r10,r18,both,17,17,6,10,-0.004632439880702388,-0.17497542595170967,-0.054548578064078534,7,1,8,0,785,5,6,-0.003463479009749859,0.004219768721200223,4,10,0,0
Bonds,r10_r19,r10,r19,both,17,17,7,17,-0.0018371860743371382,-0.09663300858989243,-0.03052481278958674,7,1,3,0,920,9,8,-5.1224361999668844e-05,0.008947941353992572,8,13,4,4
Bonds,r10_r20,r10,r20,both,17,17,9,12,0.001551931905165116,-0.1401367475239883,0.0050645156697251,9,1,8,0,845,6,7,-0.0012452296959826192,0.004414759543844848,4,14,0,0
Bonds,r10_r21,r10,r21,both,17,17,8,14,0.0016342756272718084,-0.1008735746311612,-0.0011790048317523727,9,1,3,0,950,11,6,-0.0003281207950847076,0.0078088885693408105,6,14,2,2
Bonds,r10_r22,r10,r22,both,17,17,8,14,0.0016342756272718084,-0.1008735746311612,-0.0011790048317523727,9,1,3,0,948,11,6,-0.0003281207950847076,0.0078088885693408105,6,14,2,2
Bonds,r10_r23,r10,r23,both,17,17,9,16,0.004134923434626181,-0.10087357463116142,0.015140385100449683,9,1,4,0,918,9,8,-5.1224361999668844e-05,0.006380221120407148,8,14,3,3
Bonds,r10_r24,r10,r24,both,17,17,6,10,-0.0076539562099817715,-0.1576991147930038,-0.10580046025619538,6,0,1,0,1437,42,2,-0.007683247730950082,0.0,2,1,0,0
Bonds,r11_r00,r11,r00,both,17,17,10,12,0.003383333678929068,-0.169303269524134,0.021544515401836106,10,1,2,0,726,23,0,-0.00537745100097875,-0.0017640139876162753,3,4,0,0
Bonds,r11_r01,r11,r01,both,17,17,9,12,0.002739777733122395,-0.1440413496359202,0.0010954816643680143,10,1,2,0,1322,49,2,-0.005129053278673634,-0.0010096426307728557,2,7,0,0
Bonds,r11_r02,r11,r02,both,17,17,6,12,-0.002913648240819966,-0.20602998929262828,-0.037415138057382835,7,1,2,0,983,34,0,-0.011006373902123112,-0.005640993613233336,2,7,0,0
Bonds,r11_r03,r11,r03,both,17,17,7,13,-0.00022496493338985957,-0.16060279182439086,-0.029749245010163183,8,0,1,0,1428,57,2,-0.008896122682493735,-0.0002514051299078446,2,7,0,0
Bonds,r11_r04,r11,r04,both,17,17,7,13,-0.0004995066125831338,-0.15817789797808157,-0.02433724880425414,8,0,1,0,1406,56,2,-0.007976803244897801,-0.0005513534737698889,2,5,0,0
Bonds,r11_r05,r11,r05,both,17,17,9,14,0.0027342104473166984,-0.14933779296705907,0.004210539608033859,10,0,1,0,1262,46,2,-0.00545575641402396,-0.00013763266858002332,3,8,0,0
Bonds,r11_r06,r11,r06,both,17,17,10,13,0.003235240200387235,-0.14771714052981566,0.030352266569149577,12,1,2,0,674,19,2,-0.004242056431927432,-0.0003344280036148284,4,6,1,1
Bonds,r11_r07,r11,r07,both,17,17,8,12,0.001233288656711018,-0.1363067250298311,-0.0006980029865691906,10,1,2,0,1159,38,3,-0.004542347646976919,-0.000794884532115292,3,6,0,0
Bonds,r11_r08,r11,r08,both,17,17,8,12,-0.00017903745932601467,-0.17689139140010235,-0.021956289627576564,8,1,2,0,903,27,1,-0.009758693994453838,-0.0054404984146930735,3,5,0,0
Bonds,r11_r09,r11,r09,both,17,17,9,13,0.002029167981476343,-0.122306086307159,0.008321480669692294,10,0,2,0,1242,41,2,-0.006731616698431475,-0.00011368123451616086,2,8,0,0
Bonds,r11_r10,r11,r10,both,17,17,10,13,0.003037563801144394,-0.12386419679475436,0.006872808570437927,10,0,2,0,1228,41,2,-0.006918904588737451,-0.0007355666071920952,2,7,0,0
Bonds,r11_r11,r11,r11,both,17,17,8,13,0.002300603272814783,-0.12260388473831263,-0.016302793140904992,10,1,2,0,1126,35,2,-0.00406286446858517,0.0,2,0,0,0
Bonds,r11_r12,r11,r12,both,17,17,10,12,0.0032383815026533203,-0.17649254107846313,0.039705066036205494,10,1,3,0,615,11,3,-0.008078784474972123,-0.00028226316991930567,3,7,0,0
Bonds,r11_r13,r11,r13,both,17,17,10,14,0.004658532288610795,-0.12100597308032368,0.04288700219605612,11,1,2,0,928,22,5,-0.002925212812628031,-1.357030808146753e-05,5,8,0,0
Bonds,r11_r14,r11,r14,both,17,17,8,13,0.0023562460672159613,-0.18166750884788263,-0.00011269654327117351,9,1,2,0,802,18,1,-0.0069667371881612095,-0.0028313146589122873,2,6,1,1
Bonds,r11_r15,r11,r15,both,17,17,11,14,0.0057795403375104915,-0.1130374608242164,0.016619382739904376,12,0,2,0,981,24,2,-0.005450622647648062,-3.779058931230317e-05,3,8,0,0
Bonds,r11_r16,r11,r16,both,17,17,10,14,0.0057795403375104915,-0.1130374608242164,0.016619382739904376,12,0,2,0,977,24,2,-0.0056383231839525205,-3.949426874227946e-05,3,8,0,0
Bonds,r11_r17,r11,r17,both,17,17,11,16,0.007552470002781808,-0.12170780520815627,0.050893076991581854,12,1,2,0,923,21,3,-0.0015855686694754567,0.0007417362873338718,3,11,0,0
Bonds,r11_r18,r11,r18,both,17,17,11,13,0.005171780783248536,-0.1770323942935853,0.050807548077208775,12,1,8,0,624,5,6,-0.0025743190124227766,0.0007069488111366429,4,10,1,1
Bonds,r11_r19,r11,r19,both,17,17,13,16,0.00984720756097568,-0.0909107799629636,0.09591961499923651,14,1,3,0,743,9,8,-5.122347530583937e-05,0.005227248165017739,8,13,3,3
Bonds,r11_r20,r11,r20,both,17,17,13,15,0.010945694634755254,-0.1358843218305169,0.10996118141981404,13,1,8,0,673,6,7,-0.0015664397433703403,0.0017541138676662182,3,12,1,1
Bonds,r11_r21,r11,r21,both,17,17,14,16,0.010870095293971982,-0.09586231957695002,0.09432912609125332,14,1,3,0,773,11,6,-0.00033078992571544674,0.004345190468880489,6,13,2,2
Bonds,r11_r22,r11,r22,both,17,17,14,15,0.010870095293971982,-0.09586231957695113,0.09432912609125332,14,1,3,0,771,11,6,-0.00033078992571544674,0.004345190468880489,6,13,2,2
Bonds,r11_r23,r11,r23,both,17,17,14,16,0.011230608370961237,-0.0909107799629637,0.11220877290667208,14,1,4,0,741,9,8,-5.122347530583937e-05,0.006532688159638589,8,13,3,3
Bonds,r11_r24,r11,r24,both,17,17,10,13,0.003037563801144394,-0.12386419679475358,0.006872808570437927,10,0,2,0,1235,41,2,-0.006918904588737451,-0.0006266494778831566,2,7,0,0
Bonds,r12_r00,r12,r00,both,17,17,12,14,0.003679484883963857,-0.16371111722253873,0.07399143603592373,12,2,3,0,334,11,2,-0.0026328673946851566,-1.84322529368508e-05,4,7,4,2
Bonds,r12_r01,r12,r01,both,17,17,13,15,0.008930193080453952,-0.14201975919665788,0.11885175113478952,13,2,2,0,554,26,2,-0.0017776945544347722,0.00317420596334661,2,12,4,1
Bonds,r12_r02,r12,r02,both,17,17,12,13,0.01032614161841483,-0.15968977505870607,0.08586002078348409,12,2,2,0,442,19,1,-0.0037037105985135987,0.00036787497280821313,4,9,4,1
Bonds,r12_r03,r12,r03,both,17,17,14,15,0.009116790504414052,-0.12032853368890395,0.06621579222154961,13,1,2,0,612,28,4,-0.003554076921646221,-2.5943154155827486e-05,4,8,3,1
Bonds,r12_r04,r12,r04,both,17,17,14,15,0.00874129401465562,-0.12032853368890317,0.07023484667610758,12,1,2,0,592,27,3,-0.0036904701149382824,-2.765332740573001e-05,3,8,3,0
Bonds,r12_r05,r12,r05,both,17,17,13,15,0.014260553589002578,-0.11666679954174652,0.128191817859582,13,1,2,0,526,24,7,-0.0002335317562962569,0.0014439566631923029,7,10,4,1
Bonds,r12_r06,r12,r06,both,17,17,12,14,0.005312459169283912,-0.16411574636110182,0.0683524233009638,12,2,3,0,318,11,3,-0.0032960603862763893,-0.00034670555163462957,3,6,4,1
Bonds,r12_r07,r12,r07,both,17,17,15,15,0.006999864631796138,-0.13482529682817346,0.09796548677704187,14,2,2,0,490,19,1,-0.0033925918899486707,0.0014939896087855509,1,11,4,1
Bonds,r12_r08,r12,r08,both,17,17,13,15,0.006637362824419402,-0.14837984863075926,0.0910847075921648,13,2,2,0,404,16,1,-0.0037429471699899075,0.000710933237787259,3,11,5,2
Bonds,r12_r09,r12,r09,both,17,17,11,16,0.0032605509458685233,-0.12253222040079648,0.04986978246518392,12,1,2,0,544,22,1,-0.004929301439869027,-8.214355584423849e-05,1,8,1,0
Bonds,r12_r10,r12,r10,both,17,17,11,16,0.0031022376739882063,-0.12644351177315827,0.051708205780325533,11,1,2,0,533,21,2,-0.004955517908431517,-8.385548554312727e-05,2,8,1,0
Bonds,r12_r11,r12,r11,both,17,17,13,16,0.00808106561324462,-0.11657283568062471,0.07385773278298613,13,1,2,0,472,19,4,-0.002246573053245937,0.0,4,8,3,0
Bonds,r12_r12,r12,r12,both,17,17,13,14,0.0057982765531527924,-0.16459256168815006,0.08725105727860027,13,2,3,0,302,9,3,-0.0030918271960058696,0.0,5,0,4,2
Bonds,r12_r13,r12,r13,both,17,17,15,15,0.009937503050037932,-0.14121289103274137,0.0975148207023726,15,2,3,0,434,17,3,-0.0008598927939515999,0.0008204096553021678,3,10,4,2
Bonds,r12_r14,r12,r14,both,17,17,13,15,0.011488033780384432,-0.15346778670358208,0.12458521631886721,13,2,3,0,372,14,1,-0.0031864024117553846,0.0003623473588427739,3,9,3,1
Bonds,r12_r15,r12,r15,both,17,17,14,16,0.004890772356029638,-0.13765966929046114,0.05517430443618543,14,1,2,0,480,19,4,-0.001564879690930887,-8.214355584423849e-05,3,8,1,0
Bonds,r12_r16,r12,r16,both,17,17,14,15,0.004516848384928718,-0.13765966929046114,0.053537062873312946,14,1,2,0,476,19,5,-0.001564879690930887,-8.385548554312727e-05,3,8,1,1
Bonds,r12_r17,r12,r17,both,17,17,14,16,0.01156756528219871,-0.12513616386487236,0.1181185079786129,14,1,3,0,429,17,5,-0.00028297418709555267,0.0,6,8,4,2
Bonds,r12_r18,r12,r18,both,17,17,13,13,0.013660696776563785,-0.1563998030895235,0.144614451403821,13,2,8,0,243,5,6,-0.001394261845646616,0.0006045443531423889,6,10,3,1
Bonds,r12_r19,r12,r19,both,17,17,15,16,0.013393215005491843,-0.12181962293948123,0.14221040043384292,15,1,3,0,308,9,8,-7.822086151465513e-05,0.006112144600376235,8,12,6,5
Bonds,r12_r20,r12,r20,both,17,17,16,16,0.012060296418643368,-0.14162072902502854,0.12751314816426174,16,1,8,0,269,6,8,-7.822086151465513e-05,0.00352650326524806,8,13,4,2
Bonds,r12_r21,r12,r21,both,17,17,16,16,0.008932793132839567,-0.12326272389904647,0.10757723453894386,16,1,3,0,337,11,7,-0.0002905032045228406,0.0032571082661199124,7,12,5,5
Bonds,r12_r22,r12,r22,both,17,17,15,16,0.009513622050337789,-0.12326272389904647,0.12096693278789594,16,1,3,0,335,11,7,-0.0002905032045228406,0.0031012611221372666,7,12,5,5
Bonds,r12_r23,r12,r23,both,17,17,16,16,0.013104041771770047,-0.12319193937838291,0.13900733083339412,16,1,4,0,307,9,9,0.002284406349808643,0.005376233545814513,9,12,6,6
Bonds,r12_r24,r12,r24,both,17,17,11,16,0.0031022376739882063,-0.12644351177315827,0.04738529949018644,12,1,2,0,539,21,2,-0.004955517908431517,-8.385548554312727e-05,2,8,1,0
Bonds,r13_r00,r13,r00,both,17,17,6,12,-0.002305099691547685,-0.15745438851776494,-0.03830795356735783,5,1,3,0,763,23,0,-0.005809930628090321,-0.004813305034667703,0,2,0,0
Bonds,r13_r01,r13,r01,both,17,17,7,12,-0.007260173148064375,-0.2007543593131016,-0.06606344364760319,7,1,1,0,1246,52,2,-0.006660609244860338,-0.0037789606802073328,3,4,1,0
Bonds,r13_r02,r13,r02,both,17,17,5,10,-0.005129832220643782,-0.19920712403333507,-0.07115421668912114,5,1,2,0,980,37,0,-0.008654560246591392,-0.005772911681938386,0,2,0,0
Bonds,r13_r03,r13,r03,both,17,17,7,10,-0.004374616344070215,-0.15499847961277313,-0.0635213210202088,7,1,1,0,1344,58,2,-0.008134374239415987,-0.004889927471262379,2,5,0,0
Bonds,r13_r04,r13,r04,both,17,17,7,10,-0.0021329846730819835,-0.16589286061143105,-0.03612898778097062,7,1,1,0,1317,57,2,-0.009243291882917504,-0.00567900211646899,2,4,0,0
Bonds,r13_r05,r13,r05,both,17,17,7,11,-0.0015615015522706388,-0.17732124413488715,-0.037848027208695734,7,1,1,0,1185,51,2,-0.005305674720283093,-0.0022045810135652433,3,5,1,1
Bonds,r13_r06,r13,r06,both,17,17,10,12,0.0016643009755419325,-0.1469160757663558,0.01466861587215984,10,1,3,0,691,19,0,-0.004930488365403107,-0.0024501959923456385,3,6,0,0
Bonds,r13_r07,r13,r07,both,17,17,7,12,-0.0007021785027334637,-0.15324085666144793,-0.017211410640558422,7,1,2,0,1046,39,2,-0.00497461064185023,-0.0024577294085288415,2,5,0,0
Bonds,r13_r08,r13,r08,both,17,17,8,11,-0.001093523754479686,-0.15547216081161952,-0.011144547761596346,8,1,2,0,865,27,1,-0.005744284439102243,-0.004079787237628141,2,4,0,0
Bonds,r13_r09,r13,r09,both,17,17,7,11,-0.0034613206968321375,-0.1247430933664413,-0.042373070644091015,7,1,2,0,1122,42,2,-0.006986048722779747,-0.003143380667617768,2,4,0,0
Bonds,r13_r10,r13,r10,both,17,17,7,11,-0.004345873447419546,-0.13229686991029077,-0.042373070644091015,7,1,2,0,1108,42,2,-0.007599479211447546,-0.003258676563008822,2,4,0,0
Bonds,r13_r11,r13,r11,both,17,17,7,11,-0.0039060845673228872,-0.13832625296748624,-0.04762870886761561,7,1,2,0,1015,35,2,-0.005611681213240849,-0.0023213399023613857,2,7,0,0
Bonds,r13_r12,r13,r12,both,17,17,10,12,0.0009368476656079761,-0.14755970476480118,0.023479097118516146,10,1,3,0,595,11,3,-0.004837281340910882,-9.371895519150186e-05,2,7,0,0
Bonds,r13_r13,r13,r13,both,17,17,10,12,0.0033154470085929866,-0.11836581462574869,0.02484863735893028,10,1,2,0,795,22,5,-0.002386810136604911,0.0,5,0,2,2
Bonds,r13_r14,r13,r14,both,17,17,8,11,-0.00012619826976312254,-0.15140959746467975,-0.008630484686337647,8,1,2,0,713,18,1,-0.004680009438760235,-0.002226446171921803,2,5,0,0
Bonds,r13_r15,r13,r15,both,17,17,8,12,-0.0031439603134297833,-0.12010389907792451,-0.034586363494765515,8,1,2,0,848,24,3,-0.005466300432128368,-0.0006680367025233558,3,6,1,1
Bonds,r13_r16,r13,r16,both,17,17,8,12,-0.0031439603134297833,-0.12010389907792451,-0.034586363494765515,8,1,2,0,844,24,3,-0.00553418995890409,-0.0006680367025233558,3,6,1,1
Bonds,r13_r17,r13,r17,both,17,17,8,12,0.00033448427057680696,-0.10640635106257657,-0.0009226986546174709,9,1,2,0,792,21,3,-0.0015834181274152481,-0.00021488176161965633,3,6,0,0
Bonds,r13_r18,r13,r18,both,17,17,10,12,0.002369726410811346,-0.12694019129868694,0.02829327813707705,10,1,8,0,533,5,6,-0.00037292694558810346,-0.0003301084737863391,6,8,1,0
Bonds,r13_r19,r13,r19,both,17,17,12,14,0.00724459374902553,-0.07420426931937052,0.07313846842085958,12,1,3,0,610,9,8,-5.123205726409452e-05,0.0030790836262983845,8,14,5,5
Bonds,r13_r20,r13,r20,both,17,17,10,15,0.003257086831482292,-0.09964755962235583,0.029987924668574584,11,1,8,0,568,6,6,-0.00026764119446531787,0.002010731405826527,6,10,2,1
Bonds,r13_r21,r13,r21,both,17,17,10,14,0.00394164341877179,-0.07149050871396367,0.039009394089127625,11,1,3,0,640,11,6,-0.00033078872034497664,0.0016865418026443812,6,14,2,2
Bonds,r13_r22,r13,r22,both,17,17,10,13,0.00394164341877179,-0.07149050871396379,0.039009394089127625,11,1,3,0,638,11,6,-0.00033078872034497664,0.0014973150765400511,6,13,2,2
Bonds,r13_r23,r13,r23,both,17,17,11,16,0.005585541549161466,-0.07083693146701009,0.05715728279329069,12,1,4,0,609,9,8,-5.123205726409452e-05,0.0035969920067439043,8,14,4,4
Bonds,r13_r24,r13,r24,both,17,17,7,11,-0.004251938116548559,-0.13197785461220557,-0.042373070644091015,7,1,2,0,1115,42,2,-0.007599479211447546,-0.003258676563008822,2,4,0,0
Bonds,r14_r00,r14,r00,both,17,17,8,13,-0.0019839666796157562,-0.18623814616953005,-0.03526271069118847,8,2,3,0,471,16,0,-0.00795381669246753,-0.003777397634964208,3,3,1,1
Bonds,r14_r01,r14,r01,both,17,17,9,13,0.0037844306713656906,-0.12267525998847584,0.03004828793567693,9,2,2,0,769,34,5,-0.0005672711772352068,0.0007210174474645559,6,9,2,1
Bonds,r14_r02,r14,r02,both,17,17,8,12,-0.0011506465800570354,-0.17874658784649977,-0.020070068969464616,8,2,2,0,614,23,0,-0.006281157479681165,-0.0017665344405932704,2,4,0,0
Bonds,r14_r03,r14,r03,both,17,17,9,15,0.004054990378058232,-0.14422807681423333,0.036492874354389526,11,1,2,0,847,38,3,-0.0030417668526858677,1.7816718970165013e-05,3,9,0,0
Bonds,r14_r04,r14,r04,both,17,17,9,15,0.0037339052216835977,-0.14422807681423244,0.03323598406466943,10,1,2,0,826,35,3,-0.00304523781155841,1.7816718970165013e-05,3,9,0,0
Bonds,r14_r05,r14,r05,both,17,17,11,16,0.004957427535190684,-0.11838585827117909,0.04749829901199765,13,1,2,0,730,30,4,-0.0005974219720059626,0.0018571040518412518,4,11,1,1
Bonds,r14_r06,r14,r06,both,17,17,9,12,0.00029061427390897343,-0.1686127900857054,0.00830175904868069,9,2,3,0,426,12,2,-0.006115384514660649,-0.001509702124282919,3,6,1,1
Bonds,r14_r07,r14,r07,both,17,17,10,14,0.002420554491722182,-0.12298490468505452,0.024957710216144458,9,2,2,0,664,25,3,-0.0010716549632474592,0.0,3,8,1,1
Bonds,r14_r08,r14,r08,both,17,17,11,13,0.001549935473304176,-0.15819911745194892,0.027891119127471997,10,2,2,0,540,20,1,-0.0031471841399537404,5.527613965439215e-06,2,9,0,0
Bonds,r14_r09,r14,r09,both,17,17,8,13,0.001133963349425171,-0.1247297416946398,-0.004988302021614932,9,1,2,0,729,28,3,-0.0028393440356244692,1.7816718970165013e-05,2,9,1,0
Bonds,r14_r10,r14,r10,both,17,17,8,12,0.0008515388944323465,-0.12644351177315827,-0.0077468763360162285,9,1,2,0,718,27,3,-0.003307068964623072,-0.00016911871519886823,3,8,1,1
Bonds,r14_r11,r14,r11,both,17,17,10,16,0.003690991027834878,-0.1376908446026841,0.025298554398297313,11,1,2,0,640,24,4,-0.0011353849209374545,0.0,5,8,1,1
Bonds,r14_r12,r14,r12,both,17,17,10,13,0.002449136760708459,-0.1554350904272026,0.025245314444567235,12,2,3,0,376,9,2,-0.0046476204700356405,-0.0003623473588427739,5,7,2,1
Bonds,r14_r13,r14,r13,both,17,17,10,14,0.0024546174021846667,-0.12267525998847584,0.050162355456086605,11,2,3,0,548,18,4,-0.0008687074904307757,0.0008760623384997945,4,10,2,2
Bonds,r14_r14,r14,r14,both,17,17,10,14,0.004396295564494723,-0.16824883927968626,0.05785485253163536,11,2,3,0,471,15,1,-0.0037412311621631833,0.0,1,0,0,0
Bonds,r14_r15,r14,r15,both,17,17,9,15,0.0043617011379506465,-0.12734054978435017,0.014661707928243173,10,1,2,0,597,19,4,-0.001845634680797792,0.0001249206176517914,4,11,1,1
Bonds,r14_r16,r14,r16,both,17,17,9,15,0.0043617011379506465,-0.12734054978435017,0.014661707928243173,9,1,2,0,593,19,4,-0.002678290841066744,1.9266018978392196e-05,4,11,1,1
Bonds,r14_r17,r14,r17,both,17,17,13,15,0.007095556037205464,-0.11823505352556418,0.03870099251522263,12,1,2,0,544,17,6,-0.0007048414744388332,0.0006236950961687748,5,10,1,1
Bonds,r14_r18,r14,r18,both,17,17,11,12,0.008659187803339963,-0.145828290380134,0.08390858932764922,12,2,8,0,331,5,6,-0.0005805826888518606,0.0015883627590226324,7,12,3,1
Bonds,r14_r19,r14,r19,both,17,17,14,17,0.008643431497906251,-0.1094426004874337,0.10052102154620401,15,1,3,0,402,9,9,0.0001438505793742717,0.003128995153831471,9,11,6,6
Bonds,r14_r20,r14,r20,both,17,17,13,16,0.007294122515402179,-0.1332848743001609,0.08611999468880382,14,1,8,0,360,6,7,4.974504409649416e-05,0.002897826950907456,9,15,3,3
Bonds,r14_r21,r14,r21,both,17,17,14,16,0.006765038230075682,-0.13141956565875024,0.06951469143924305,14,1,3,0,431,11,7,-0.00029248995614583606,0.0034313502498894977,7,12,4,4
Bonds,r14_r22,r14,r22,both,17,17,13,16,0.006765038230075682,-0.13141956565875024,0.06951469143924305,13,1,3,0,429,11,7,-0.00029248995614583606,0.0034313502498894977,7,11,4,4
Bonds,r14_r23,r14,r23,both,17,17,15,16,0.008533357968996125,-0.10289640717082993,0.09156813696551591,16,1,4,0,401,9,9,0.0022673379833880736,0.004289710632043864,9,13,5,5
Bonds,r14_r24,r14,r24,both,17,17,8,13,0.0008515388944323465,-0.12644351177315827,-0.0077468763360162285,9,1,2,0,724,27,3,-0.003307068964623072,1.7816718970165013e-05,3,9,1,1
Bonds,r15_r00,r15,r00,both,17,17,5,10,-0.005120429416853534,-0.1562757721850362,-0.0661057510601899,5,1,1,0,888,27,0,-0.00851611689820908,-0.004438404527530415,0,4,0,0
Bonds,r15_r01,r15,r01,both,17,17,5,11,-0.006267303294720472,-0.1842759507579943,-0.09314602733320898,5,1,1,0,1411,60,3,-0.006887098582089024,-0.00264593033028393,3,6,0,0
Bonds,r15_r02,r15,r02,both,17,17,5,9,-0.008471360548574336,-0.2132520235691725,-0.09091600601348637,5,1,1,0,1120,39,0,-0.01002708294525545,-0.003707548432145602,1,2,0,0
Bonds,r15_r03,r15,r03,both,17,17,5,11,-0.00471414937843706,-0.1741105599542222,-0.0759254194388812,6,0,1,0,1516,66,2,-0.010301318888349509,-0.004730156109162498,2,3,0,0
Bonds,r15_r04,r15,r04,both,17,17,5,11,-0.005496338884193985,-0.18396296186498762,-0.07768153733952132,6,0,1,0,1488,65,2,-0.010107922823161197,-0.005808775704821079,2,3,0,0
Bonds,r15_r05,r15,r05,both,17,17,5,11,-0.006972277196667598,-0.17446912915341695,-0.06968132044352426,6,0,1,0,1351,55,2,-0.007961719364458664,-0.002512330608655522,2,6,0,0
Bonds,r15_r06,r15,r06,both,17,17,10,11,0.0019721280426969745,-0.14280113048473697,0.004090571810774657,10,1,2,0,786,19,1,-0.003046291853843419,-0.00038644617172511886,3,8,1,0
Bonds,r15_r07,r15,r07,both,17,17,7,12,-0.0018681058056674305,-0.15185284785993047,-0.026406223475861745,7,1,2,0,1150,39,2,-0.004823419836046616,-0.0002498298651749664,2,7,0,0
Bonds,r15_r08,r15,r08,both,17,17,7,12,-0.0005770022821152132,-0.15078481515735187,-0.027247009975746028,8,1,2,0,970,27,1,-0.006950333579219037,-0.00321062645470771,2,6,0,0
Bonds,r15_r09,r15,r09,both,17,17,7,11,-0.004182908294147358,-0.13165469997578527,-0.05741806929582394,7,0,1,0,1227,43,2,-0.008177714684437287,-0.00198732719264072,2,5,0,0
Bonds,r15_r10,r15,r10,both,17,17,7,11,-0.00545816107419872,-0.1416740898285267,-0.058053716125098465,7,0,1,0,1213,43,2,-0.00819018420532902,-0.003205816099699055,2,5,0,0
Bonds,r15_r11,r15,r11,both,17,17,7,12,-0.005923023705839747,-0.1403037500141111,-0.06991154100288799,7,1,1,0,1119,36,2,-0.006424041852466478,-0.00034538257703498054,2,6,0,0
Bonds,r15_r12,r15,r12,both,17,17,9,12,-0.0005862429151307635,-0.13404747115182136,0.005519032558577663,8,1,3,0,684,11,3,-0.0054687632657761664,-0.0004262666202352605,2,8,0,0
Bonds,r15_r13,r15,r13,both,17,17,9,13,0.0011118079828218441,-0.10340166994896383,0.0009668981457096049,10,1,2,0,884,22,5,-0.002384830102390323,0.0006652391613408692,5,11,0,0
Bonds,r15_r14,r15,r14,both,17,17,8,12,2.8553087310756453e-05,-0.13702537310809226,-0.009639782670419872,9,1,2,0,803,18,1,-0.004650411358754436,-0.0019904849870642227,2,6,0,0
Bonds,r15_r15,r15,r15,both,17,17,8,11,-0.0026770057446646733,-0.11952279757129902,-0.03569159906001118,8,0,2,0,937,24,2,-0.005449388755803142,0.0,3,0,0,0
Bonds,r15_r16,r15,r16,both,17,17,8,11,-0.0026770057446646733,-0.11952279757129891,-0.03569159906001118,8,0,2,0,933,24,2,-0.005511886988143977,0.0,3,2,0,0
Bonds,r15_r17,r15,r17,both,17,17,8,12,0.0008030682376967135,-0.10549624374232824,-0.002066473430651805,9,1,2,0,881,21,3,-0.0015767872381178272,0.0006823669040193492,3,13,0,0
Bonds,r15_r18,r15,r18,both,17,17,9,12,-0.00048551973205668286,-0.12694019129868694,0.00481565627448588,8,1,8,0,621,5,6,-0.0003729331057860108,0.0022612660166090315,6,10,0,0
Bonds,r15_r19,r15,r19,both,17,17,14,14,0.004511090934318673,-0.07076455441369478,0.053722114304117996,14,1,3,0,698,9,8,-5.1224361999668844e-05,0.0018459808078140627,8,12,3,3
Bonds,r15_r20,r15,r20,both,17,17,12,15,0.00372703982538658,-0.0958359128977131,0.02699574461491583,12,1,8,0,657,6,7,-0.0004515243366161048,0.004954205933732525,6,12,0,0
Bonds,r15_r21,r15,r21,both,17,17,11,16,0.0023522881661290906,-0.07215413744136256,0.032533987107634,11,1,3,0,728,11,6,-0.00033026504370159415,0.00459339751017418,6,12,2,2
Bonds,r15_r22,r15,r22,both,17,17,11,15,0.0023522881661290906,-0.07215413744136412,0.03197048701391503,11,1,3,0,726,11,6,-0.00033026504370159415,0.004222765871853551,6,12,2,2
Bonds,r15_r23,r15,r23,both,17,17,13,17,0.0036435255081161966,-0.06780614158024756,0.024647751958269293,13,1,4,0,697,9,8,-5.1224361999668844e-05,0.003790170963934747,8,13,3,3
Bonds,r15_r24,r15,r24,both,17,17,7,11,-0.004972953232598165,-0.1416740898285267,-0.058053716125098465,7,0,1,0,1220,43,2,-0.00819018420532902,-0.003205816099699055,2,5,0,0
Bonds,r16_r00,r16,r00,both,17,17,5,10,-0.003697412402694389,-0.1579061017566603,-0.049917642801561635,6,1,1,0,863,27,0,-0.00851219090147981,-0.004373516754810458,0,5,0,0
Bonds,r16_r01,r16,r01,both,17,17,5,11,-0.005972978709766652,-0.17468630480218572,-0.10223671765774711,6,1,1,0,1383,58,3,-0.006888359853921333,-0.0025377889183664237,3,7,0,0
Bonds,r16_r02,r16,r02,both,17,17,5,9,-0.008175882296212578,-0.2150320494683048,-0.08790163747101543,5,1,1,0,1095,39,0,-0.010030058040714218,-0.003708754976493145,1,2,0,0
Bonds,r16_r03,r16,r03,both,17,17,5,11,-0.005172384908742389,-0.17411055995422187,-0.07523763009546625,6,0,1,0,1488,66,2,-0.009618536830445445,-0.0033156615584963856,2,3,0,0
Bonds,r16_r04,r16,r04,both,17,17,5,11,-0.006441553058401217,-0.18396296186498629,-0.07977869211220734,6,0,1,0,1460,64,2,-0.01010977394205892,-0.005272684530745253,2,3,0,0
Bonds,r16_r05,r16,r05,both,17,17,5,11,-0.007107300400144068,-0.16887933454282433,-0.07804245739768922,6,0,1,0,1324,55,2,-0.007955049148154258,-0.0021416124751736376,2,5,0,0
Bonds,r16_r06,r16,r06,both,17,17,10,11,0.0016757278092651706,-0.14377321467834192,0.00452887961469961,10,1,2,0,764,19,1,-0.0030471994096985533,-0.00038474411190381197,3,8,1,0
Bonds,r16_r07,r16,r07,both,17,17,7,12,-0.002034602347755654,-0.15729000776862312,-0.04073080462532874,7,1,2,0,1126,39,2,-0.004817598021220726,-0.00016252051640197607,2,8,0,0
Bonds,r16_r08,r16,r08,both,17,17,8,12,-0.0008092882113619471,-0.15870217864681535,-0.024390848349185368,8,1,2,0,947,27,1,-0.006247058913518844,-0.003102657554190702,2,7,0,0
Bonds,r16_r09,r16,r09,both,17,17,7,12,-0.0053255041974862305,-0.12876892341699753,-0.05635493297214922,7,0,1,0,1203,43,2,-0.008167844272528813,-0.0015238591006199176,2,5,0,0
Bonds,r16_r10,r16,r10,both,17,17,7,11,-0.0053255041974862305,-0.1287689234169983,-0.05635493297214922,7,0,1,0,1189,43,2,-0.0076954256520496145,-0.0027777985055624788,2,5,0,0
Bonds,r16_r11,r16,r11,both,17,17,7,11,-0.0048118476497960305,-0.13560915054291667,-0.059630866929922144,7,1,1,0,1095,36,2,-0.006416288104426626,-0.00034368051721367365,2,8,0,0
Bonds,r16_r12,r16,r12,both,17,17,8,12,-0.0002993222831106923,-0.1398965483503024,-0.00671003850172236,8,1,3,0,662,11,3,-0.005470543293311536,-0.000317473060427953,2,8,0,0
Bonds,r16_r13,r16,r13,both,17,17,8,13,-9.652298655349334e-05,-0.1090243449465087,-0.013760426438890305,8,1,2,0,861,22,5,-0.002381713982640754,0.0006654966797947637,5,11,0,0
Bonds,r16_r14,r16,r14,both,17,17,8,12,-0.0004815049745582334,-0.14462237502928288,-0.017490467891387196,8,1,2,0,781,18,1,-0.004658419863899477,-0.001994730816915591,3,7,0,0
Bonds,r16_r15,r16,r15,both,17,17,8,11,-0.003326264705614923,-0.12385992002088198,-0.04562590784360221,8,0,2,0,914,24,2,-0.005444823334684545,0.0,3,8,0,0
Bonds,r16_r16,r16,r16,both,17,17,8,11,-0.0034351897914002283,-0.12385992002088042,-0.0466517289042242,8,0,2,0,910,24,2,-0.005523644190265964,0.0,3,0,0,0
Bonds,r16_r17,r16,r17,both,17,17,8,12,-0.00040489008619382094,-0.10599528428251836,-0.01674916772041435,8,1,2,0,858,21,3,-0.001577397622826826,0.00039336561720626495,3,12,0,0
Bonds,r16_r18,r16,r18,both,17,17,9,12,-0.0006374954563834745,-0.12694019129868683,0.018308287477565965,8,1,8,0,599,5,6,-0.0003729331057860108,0.002486970939980293,7,10,0,0
Bonds,r16_r19,r16,r19,both,17,17,13,15,0.00468507197615553,-0.07076455441369534,0.05314139427462505,14,1,3,0,675,9,8,-5.1224361999668844e-05,0.0018449717571175084,8,12,4,3
Bonds,r16_r20,r16,r20,both,17,17,12,15,0.0032151003428819713,-0.09948246156786811,0.018854695529324506,11,1,8,0,634,6,7,-0.0004515243366161048,0.0051497550977477324,7,12,0,0
Bonds,r16_r21,r16,r21,both,17,17,11,16,0.002538278776208047,-0.0767245920870423,0.019648287853869517,11,1,3,0,705,11,6,-0.000330325526935793,0.004958162564756674,6,12,2,2
Bonds,r16_r22,r16,r22,both,17,17,11,16,0.0025358543938989175,-0.07628744813559207,0.019648287853869517,11,1,3,0,703,11,6,-0.000330325526935793,0.004587841436400231,6,12,2,2
Bonds,r16_r23,r16,r23,both,17,17,12,17,0.00394078549067034,-0.07398907716803815,0.04041076376890862,13,1,4,0,674,9,8,-5.1224361999668844e-05,0.004155608950400236,8,13,5,4
Bonds,r16_r24,r16,r24,both,17,17,7,11,-0.0053255041974862305,-0.1287689234169983,-0.05635493297214922,7,0,1,0,1196,43,2,-0.0076954256520496145,-0.0027444463757426707,2,5,0,0
Bonds,r17_r00,r17,r00,both,17,17,10,12,0.00465176176605242,-0.1639290126669838,0.03432278193966254,11,1,2,0,718,23,0,-0.008274886603697684,-0.004685013221162659,2,4,0,0
Bonds,r17_r01,r17,r01,both,17,17,9,12,0.0034965316773680755,-0.14063503740970873,0.01429784138497081,9,1,2,0,1202,53,2,-0.0055749096883702665,-0.002202661278055462,3,6,0,0
Bonds,r17_r02,r17,r02,both,17,17,8,12,0.0016787130328608235,-0.18662353571168533,-0.016635868260817865,9,1,2,0,930,35,0,-0.0071476932467482435,-0.0034205072212631915,1,5,0,0
Bonds,r17_r03,r17,r03,both,17,17,9,12,0.0029427767149576844,-0.14062106821106368,0.018014231342463383,9,0,1,0,1304,59,2,-0.00972795713757757,-0.004380705218269498,2,3,0,0
Bonds,r17_r04,r17,r04,both,17,17,9,12,0.0022284313953739865,-0.14050469336951799,0.010901982488950246,10,0,1,0,1277,58,2,-0.008696297891933602,-0.005344491397241247,2,3,0,0
Bonds,r17_r05,r17,r05,both,17,17,9,11,0.0027094435675631967,-0.15398433575863224,0.01045889295251401,9,0,1,0,1142,51,2,-0.006820565830147229,-0.002862485619610111,2,5,0,0
Bonds,r17_r06,r17,r06,both,17,17,12,13,0.005192973298738357,-0.13860398586847122,0.05174873999793128,12,1,2,0,649,19,2,-0.005199715122932602,-0.0007238554399797703,4,7,0,0
Bonds,r17_r07,r17,r07,both,17,17,9,13,0.005572640462203182,-0.11862038415971365,0.04321250294470347,9,1,2,0,997,38,3,-0.00500727555870073,-0.0016421351540925055,3,7,0,0
Bonds,r17_r08,r17,r08,both,17,17,10,12,0.004598088653020582,-0.13713827921597999,0.03459709764098107,10,1,2,0,818,27,1,-0.006307584758428408,-0.0034847114257565703,2,7,0,0
Bonds,r17_r09,r17,r09,both,17,17,11,12,0.0024507519635368347,-0.1269448336701099,0.016191271229162973,11,0,2,0,1074,43,2,-0.008230105724439607,-0.0036220443665644364,2,4,0,0
Bonds,r17_r10,r17,r10,both,17,17,10,12,0.0035190907275644,-0.12765282102653563,0.02125570522725284,11,0,2,0,1060,43,2,-0.006924638505095615,-0.004825818154698069,2,4,0,0
Bonds,r17_r11,r17,r11,both,17,17,8,13,0.0019182634085224137,-0.12292764308398285,-0.0020922612741755,10,1,2,0,967,36,2,-0.005517559327189447,-0.0032530065227758254,2,4,0,0
Bonds,r17_r12,r17,r12,both,17,17,10,13,0.005313480334382392,-0.1667152376896125,0.05753260215681166,11,1,3,0,551,11,3,-0.005553332320724191,-0.0009566713478106337,2,6,0,0
Bonds,r17_r13,r17,r13,both,17,17,11,15,0.007525493321885568,-0.10941981889024222,0.07254299314380597,12,1,2,0,747,22,5,-0.002379653034295659,0.00021388026115798375,5,10,1,1
Bonds,r17_r14,r17,r14,both,17,17,10,13,0.006137316276560778,-0.14867454695412607,0.06835102876810395,11,1,2,0,666,18,1,-0.004745291336801127,-0.0031805591687255053,3,4,0,0
Bonds,r17_r15,r17,r15,both,17,17,10,13,0.003712406322560202,-0.10683403911226552,0.03326315842598371,11,0,2,0,800,24,2,-0.005461375774548527,-0.0006816139525003262,3,4,0,0
Bonds,r17_r16,r17,r16,both,17,17,10,13,0.003712406322560202,-0.10683403911226552,0.03326315842598371,10,0,2,0,796,24,2,-0.005546221098566839,-0.0003942036338735466,3,5,0,0
Bonds,r17_r17,r17,r17,both,17,17,10,14,0.007214775616295688,-0.08450242859169788,0.06929271440246465,10,1,2,0,744,21,3,-0.001583222485279867,0.0,3,0,0,0
Bonds,r17_r18,r17,r18,both,17,17,11,14,0.0030152736040882644,-0.13180441065364856,0.03377343464889071,12,1,8,0,485,5,6,-0.0005774824937148093,0.0004837676229449972,7,10,0,0
Bonds,r17_r19,r17,r19,both,17,17,15,15,0.011373177535284995,-0.08141981617239791,0.12907057417301515,14,1,3,0,561,9,8,-5.122347530583937e-05,0.0011623299246754648,8,12,5,4
Bonds,r17_r20,r17,r20,both,17,17,12,16,0.010020216845216812,-0.10697378321534645,0.10801218488515074,13,1,8,0,519,6,7,-5.122347530583937e-05,0.00282885733206073,8,12,0,0
Bonds,r17_r21,r17,r21,both,17,17,12,17,0.010533851868076427,-0.08488938602602147,0.10636734851737506,13,1,3,0,591,11,6,-0.0003329607870301565,0.0020696595797760065,6,13,2,2
Bonds,r17_r22,r17,r22,both,17,17,12,16,0.010533851868076427,-0.08488938602602114,0.10636734851737506,13,1,3,0,589,11,6,-0.0003329607870301565,0.0020696595797760065,6,13,2,2
Bonds,r17_r23,r17,r23,both,17,17,16,17,0.010441019065475121,-0.08390009154566858,0.09620949937068812,15,1,4,0,560,9,8,-5.122347530583937e-05,0.001995329814425295,8,13,5,4
Bonds,r17_r24,r17,r24,both,17,17,11,12,0.0035190907275644,-0.12765282102653563,0.02125570522725284,11,0,2,0,1067,43,2,-0.006924638505095615,-0.004463070598184293,2,4,0,0
Bonds,r18_r00,r18,r00,both,17,17,10,12,0.001994910877825662,-0.1853845328671092,0.004596913862407348,11,1,3,0,372,18,2,-0.006528238834228706,-0.0024212967466532564,2,3,0,0
Bonds,r18_r01,r18,r01,both,17,17,10,14,0.006262097188055149,-0.132744384932852,0.042394312338290385,11,1,1,0,682,41,0,-0.0027059971819398676,0.00017597029244265094,2,9,0,0
Bonds,r18_r02,r18,r02,both,17,17,7,11,-0.0005229882425581422,-0.18865175299663817,-0.026337069209857455,8,1,2,0,513,27,0,-0.00945060002185838,-0.004565069943140321,0,5,0,0
Bonds,r18_r03,r18,r03,both,17,17,13,16,0.006748180135675019,-0.13690219040206353,0.031576472874818684,14,1,1,0,749,45,2,-0.0036853202408948516,-0.0013526252448148313,2,7,0,0
Bonds,r18_r04,r18,r04,both,17,17,13,16,0.006555079107730455,-0.13881622273009087,0.038396370193089835,13,1,1,0,723,42,2,-0.0036403376882439,-0.001821248497648087,2,6,0,0
Bonds,r18_r05,r18,r05,both,17,17,13,16,0.006958519728259338,-0.14427119871110672,0.040821667394098426,14,1,1,0,639,38,1,-0.004817637685194054,-0.00017797586511369978,2,7,0,0
Bonds,r18_r06,r18,r06,both,17,17,11,13,0.0018411671947962116,-0.1571955777455326,0.008099247962847667,11,2,3,0,308,14,2,-0.005494044699517531,-0.001002232401481784,3,5,0,0
Bonds,r18_r07,r18,r07,both,17,17,11,13,0.004931136357596566,-0.12195458716433105,0.03509172891182555,13,2,2,0,528,28,0,-0.0034956526489731132,-0.00017797586511369978,1,8,0,0
Bonds,r18_r08,r18,r08,both,17,17,8,13,0.001954710293841977,-0.13813601526191677,-0.0013375447893023695,12,2,2,0,420,22,1,-0.005519767180053092,-0.0033039267971530784,1,4,0,0
Bonds,r18_r09,r18,r09,both,17,17,10,16,0.003991607850201584,-0.13042379249864056,0.016906710386130896,14,1,2,0,587,31,3,-0.0037159209432064966,-0.003626837840092101,3,6,1,1
Bonds,r18_r10,r18,r10,both,17,17,11,16,0.0031978895122763973,-0.13245337380754252,0.013430321011122848,13,1,2,0,575,30,3,-0.0044013721251005,-0.0040599386258968195,3,6,1,1
Bonds,r18_r11,r18,r11,both,17,17,12,15,0.007675403463079045,-0.1342713482599971,0.04115724897826967,14,1,2,0,506,28,2,-0.003594017802088123,-0.001424816435231513,2,7,0,0
Bonds,r18_r12,r18,r12,both,17,17,10,14,0.004052574282423338,-0.14304290230515337,0.02658391224232637,10,2,3,0,245,9,2,-0.005713015022325019,-0.0014997573577428813,2,6,0,0
Bonds,r18_r13,r18,r13,both,17,17,14,16,0.008814618579518818,-0.09580248596460916,0.09019258608540381,15,2,3,0,379,17,3,-0.0009189257098405346,0.0008778255388424139,3,11,2,0
Bonds,r18_r14,r18,r14,both,17,17,12,15,0.009034134635473423,-0.1376774553889405,0.06242911275249319,13,2,3,0,317,14,1,-0.0034106152002078005,-0.0016936936302367478,1,5,0,0
Bonds,r18_r15,r18,r15,both,17,17,13,16,0.01045625593821864,-0.11909702118612531,0.08587854584263366,13,2,2,0,426,20,4,-0.0024056747770173637,-0.00019348681455522154,4,7,1,1
Bonds,r18_r16,r18,r16,both,17,17,13,15,0.010080261027887838,-0.11909702118612575,0.08587854584263366,13,2,2,0,422,20,4,-0.0032423473777836165,-0.00018756344888148924,4,8,1,1
Bonds,r18_r17,r18,r17,both,17,17,15,15,0.013064054824557969,-0.11482352728837286,0.11750373560594807,15,2,3,0,373,17,4,-0.00038574080565401125,0.00017460837629723613,6,9,2,1
Bonds,r18_r18,r18,r18,both,17,17,14,14,0.01100477287845858,-0.10955123969515523,0.11370652706772644,14,2,8,0,175,5,6,-0.001437683992235872,0.0,5,0,2,0
Bonds,r18_r19,r18,r19,both,17,17,16,16,0.01141977427499774,-0.08686903860660822,0.11821306508238627,16,2,3,0,235,9,9,0.00014462359481792753,0.003037738494634068,9,13,3,3
Bonds,r18_r20,r18,r20,both,17,17,15,16,0.012061114266447293,-0.09672465606241476,0.1252096608722939,15,2,8,0,199,6,7,-0.00045423738180527806,0.0016901754467542052,7,12,2,2
Bonds,r18_r21,r18,r21,both,17,17,16,16,0.01162447632740271,-0.08109207664884155,0.12044197079489338,16,2,3,0,264,11,7,-0.00028766715068284654,0.0017191964284986039,7,12,3,3
Bonds,r18_r22,r18,r22,both,17,17,16,16,0.01162447632740271,-0.081092076648841,0.12044197079489338,16,2,3,0,262,11,7,-0.00028766715068284654,0.0015722275914518136,7,12,3,3
Bonds,r18_r23,r18,r23,both,17,17,16,16,0.015056691192773641,-0.08794609006042808,0.15841312633890103,16,2,4,0,234,9,9,0.0022813076023791012,0.0038361451250044087,9,13,3,3
Bonds,r18_r24,r18,r24,both,17,17,10,16,0.0031978895122761752,-0.131625596093768,0.005064345338749332,13,1,2,0,582,30,3,-0.004103963688278589,-0.003962976597884138,3,6,1,1
Bonds,r19_r00,r19,r00,both,17,17,6,10,-0.0021063050238983028,-0.15252550682027122,-0.03458074459184102,7,1,2,0,635,26,0,-0.00873154304830659,-0.01093731278336596,0,0,0,0
Bonds,r19_r01,r19,r01,both,17,17,7,12,-0.0014374940229364697,-0.14172916627763432,-0.04972982350662891,8,1,1,0,1073,55,2,-0.005996323465698117,-0.010242262300123262,2,3,0,0
Bonds,r19_r02,r19,r02,both,17,17,6,9,-0.0053630473013690505,-0.18227878823450294,-0.06453392432376037,6,1,1,0,826,36,0,-0.011076041051161889,-0.013335319617838626,0,1,0,0
Bonds,r19_r03,r19,r03,both,17,17,7,12,-0.001896807759180219,-0.1478857932980393,-0.038346079381427756,7,0,1,0,1172,61,2,-0.010267289115212352,-0.010214911018139206,2,3,0,0
Bonds,r19_r04,r19,r04,both,17,17,7,12,-0.0010685173625999411,-0.1589045470396514,-0.027812630998631405,8,0,1,0,1144,61,2,-0.009201677426029065,-0.010433722572765314,2,3,0,0
Bonds,r19_r05,r19,r05,both,17,17,7,14,-0.0016823205477011216,-0.1412653930396015,-0.04243209445221163,8,1,1,0,1012,52,2,-0.007607493292520973,-0.00812639002518889,2,3,0,0
Bonds,r19_r06,r19,r06,both,17,17,10,11,0.0017209874989885243,-0.1378029725234261,0.017685002152718177,10,1,3,0,538,19,0,-0.005719668847791404,-0.005021327342251691,0,1,0,0
Bonds,r19_r07,r19,r07,both,17,17,8,12,0.002217180852643219,-0.12239272931047251,-0.0053835702316790135,10,1,2,0,841,39,2,-0.0052418354504319975,-0.0076018387483278715,2,4,0,0
Bonds,r19_r08,r19,r08,both,17,17,7,12,0.00023205395537995166,-0.1541361098101064,-0.020728728176786504,10,1,2,0,688,28,1,-0.007860277103381774,-0.005492125215202481,1,1,0,0
Bonds,r19_r09,r19,r09,both,17,17,8,12,-0.0005457582333688871,-0.12694193722430358,-0.011442206672107602,8,0,1,0,917,43,2,-0.00824722776765019,-0.010377623243892353,2,4,0,0
Bonds,r19_r10,r19,r10,both,17,17,9,11,0.00020982891443499518,-0.12694193722430358,0.0020665979405740664,9,0,1,0,903,43,2,-0.007502417456727972,-0.010303540834118774,2,4,0,0
Bonds,r19_r11,r19,r11,both,17,17,7,13,-0.0005299549815334093,-0.12128449314594358,-0.020126539564326085,8,1,1,0,810,36,2,-0.006067790339265189,-0.008460991182548172,2,4,0,0
Bonds,r19_r12,r19,r12,both,17,17,9,11,0.0030238451933106703,-0.1455595024154307,0.030154967179908176,9,2,3,0,426,11,3,-0.007266817318258623,-0.007352971718258106,3,5,0,0
Bonds,r19_r13,r19,r13,both,17,17,12,14,0.004903985415508405,-0.1028936016667209,0.04931385260149712,13,2,2,0,584,22,5,-0.0023661488644610706,-0.003062636636991911,5,3,0,0
Bonds,r19_r14,r19,r14,both,17,17,11,14,0.0008551720674374597,-0.14260516651878086,0.016480502131033692,11,2,2,0,521,18,1,-0.0056879429280944915,-0.004703508729482664,1,4,0,0
Bonds,r19_r15,r19,r15,both,17,17,10,13,0.002325897754311468,-0.09414742404439758,0.01846620174243374,11,0,2,0,637,24,3,-0.0055011987117192795,-0.0018541315711458894,3,5,0,0
Bonds,r19_r16,r19,r16,both,17,17,10,13,0.002325897754311468,-0.09414742404439669,0.017371490467404493,11,0,2,0,633,24,3,-0.005618962327755828,-0.0018541315711458894,3,5,0,0
Bonds,r19_r17,r19,r17,both,17,17,12,14,0.0050400354332666986,-0.08536451687933955,0.03752048691009868,13,1,2,0,581,21,3,-0.0015836582949204647,-0.0011687517370263523,3,5,0,0
Bonds,r19_r18,r19,r18,both,17,17,11,12,0.004514666391543853,-0.11735753366921453,0.045320563442034834,11,2,8,0,339,5,6,-0.00143727969748908,-0.003039040651106273,5,3,0,0
Bonds,r19_r19,r19,r19,both,17,17,15,16,0.009228489259704764,-0.062150059229280186,0.09460150385383082,15,1,3,0,399,9,8,-2.3816286555788935e-05,0.0,8,0,3,3
Bonds,r19_r20,r19,r20,both,17,17,14,15,0.006884754748062605,-0.08564928722045662,0.06984386499939199,14,1,8,0,363,6,6,-0.001206792716818783,-0.0008387370354676627,6,5,0,0
Bonds,r19_r21,r19,r21,both,17,17,15,17,0.007043700627543226,-0.058554682290143045,0.07150682113648199,15,1,3,0,429,11,6,-0.00033230227300817816,-0.0006398323815073326,6,5,2,2
Bonds,r19_r22,r19,r22,both,17,17,14,16,0.007123086518078914,-0.058554682290143045,0.07233825769354607,14,1,3,0,427,11,6,-0.00033230227300817816,-0.0006249249457559447,6,6,2,2
Bonds,r19_r23,r19,r23,both,17,17,15,17,0.008147117012377914,-0.06498685708469698,0.08311537368150135,15,1,4,0,398,9,8,-2.3816286555788935e-05,0.0,8,8,3,3
Bonds,r19_r24,r19,r24,both,17,17,9,11,0.00020982891443499518,-0.12694193722430358,0.0020665979405740664,9,0,1,0,910,43,2,-0.007502417456727972,-0.010303540834118774,2,4,0,0
Bonds,r20_r00,r20,r00,both,17,17,9,11,0.003964372962961704,-0.1698852892212609,0.03345681728860228,10,1,3,0,431,20,1,-0.005269900280543416,-0.005593149990765989,2,2,0,0
Bonds,r20_r01,r20,r01,both,17,17,11,15,0.005881226261190031,-0.1310985515468397,0.03220739815083706,12,1,1,0,774,44,2,-0.00257724773911705,-0.001520477390471564,4,6,0,0
Bonds,r20_r02,r20,r02,both,17,17,8,13,0.0010555957917572911,-0.18608729420902448,-0.016275629169872463,9,1,2,0,574,30,1,-0.009697390094567604,-0.007469985735200746,1,2,0,0
Bonds,r20_r03,r20,r03,both,17,17,12,15,0.0069355780568822745,-0.13535894442476315,0.03789510835714616,13,1,1,0,857,50,1,-0.0031507472692058336,-0.004142886699382453,3,3,0,0
Bonds,r20_r04,r20,r04,both,17,17,12,15,0.0067424410847636285,-0.1410574108045357,0.048732771924936635,12,1,1,0,831,47,2,-0.004406183625522697,-0.0046588902705198,3,3,0,0
Bonds,r20_r05,r20,r05,both,17,17,14,16,0.011309887743964575,-0.13681797410012997,0.06832341038924339,13,1,1,0,723,41,2,-0.0023000505373520497,-0.001686899462005842,3,4,0,0
Bonds,r20_r06,r20,r06,both,17,17,12,12,0.0051880756146907014,-0.14161412522384265,0.035447147242422705,12,2,3,0,355,15,3,-0.004083028691251656,-0.0028241376483768565,3,2,0,0
Bonds,r20_r07,r20,r07,both,17,17,11,14,0.005330928603169527,-0.11848764249934751,0.0371585028138639,12,2,2,0,597,31,2,-0.0030528538236831437,-0.0028255976213872325,3,5,0,0
Bonds,r20_r08,r20,r08,both,17,17,10,13,0.0023412885592541954,-0.14215094810964402,0.016668022483717904,11,2,2,0,467,23,2,-0.005396479957017197,-0.004320082238841394,2,3,0,0
Bonds,r20_r09,r20,r09,both,17,17,11,16,0.002727820882687748,-0.13107375380110786,0.009002730821158655,13,1,2,0,665,34,2,-0.003541600778615317,-0.004360236913512727,3,5,0,0
Bonds,r20_r10,r20,r10,both,17,17,10,16,0.0025711012196287797,-0.13730088237521543,0.007307258086331148,12,1,2,0,653,33,2,-0.004188484458730546,-0.004421185227858837,2,5,0,0
Bonds,r20_r11,r20,r11,both,17,17,14,16,0.008468220739011434,-0.11668842606105001,0.07865257600943276,14,1,2,0,568,31,3,-0.002299156712352257,-0.0011890865158379338,4,6,0,0
Bonds,r20_r12,r20,r12,both,17,17,13,14,0.0077891545904649195,-0.1335183392734297,0.06431072217357547,13,2,3,0,277,10,5,-0.00166446418248678,-0.0013519745328360866,5,6,1,0
Bonds,r20_r13,r20,r13,both,17,17,13,16,0.0066221104570283185,-0.1124604115949126,0.06710105457826221,14,2,3,0,419,18,5,-0.0005209681350686335,-0.00017794616482280645,5,8,2,0
Bonds,r20_r14,r20,r14,both,17,17,12,15,0.009976180371177756,-0.13301986310107872,0.05459879431111725,12,2,3,0,357,14,2,-0.0029025593413467554,-0.003155265986343858,2,3,0,0
Bonds,r20_r15,r20,r15,both,17,17,15,16,0.009688120508376308,-0.1093712872762328,0.08227692764153938,15,2,2,0,469,22,4,-0.001202922849676158,-0.0033086666975941093,4,7,1,1
Bonds,r20_r16,r20,r16,both,17,17,15,16,0.008987430902540616,-0.10937128727623313,0.07832074317240334,15,2,2,0,465,22,4,-0.001202922849676158,-0.003950249177506082,4,6,1,1
Bonds,r20_r17,r20,r17,both,17,17,15,16,0.013553751646787182,-0.10852649505540901,0.12731209319462167,15,2,2,0,414,19,5,-0.0006218011134278001,0.00017417443836476032,6,9,2,1
Bonds,r20_r18,r20,r18,both,17,17,14,14,0.010314970192787154,-0.11746005933089254,0.10625198527584367,14,2,8,0,204,5,6,-0.0014389092848186014,-0.001691615929815704,5,4,0,0
Bonds,r20_r19,r20,r19,both,17,17,16,17,0.012091825662308153,-0.08694877238834098,0.12554568647439357,16,2,3,0,264,9,9,0.00014440571789875456,0.00084078621946726,9,11,3,3
Bonds,r20_r20,r20,r20,both,17,17,15,16,0.012996787205970417,-0.09858169417047491,0.133333367076246,15,2,8,0,228,6,7,-0.00045423738180527806,0.0,7,0,2,2
Bonds,r20_r21,r20,r21,both,17,17,15,17,0.0130006814989172,-0.0868690386066081,0.13088799052646505,15,2,3,0,293,11,7,-0.0002897909965262624,0.00015856101389255528,7,11,3,3
Bonds,r20_r22,r20,r22,both,17,17,16,17,0.0130006814989172,-0.0868690386066081,0.13088799052646505,16,2,3,0,291,11,7,-0.0002897909965262624,2.9045715408848594e-05,7,11,3,3
Bonds,r20_r23,r20,r23,both,17,17,16,17,0.013716025493643258,-0.08901981585955943,0.14344568465459262,16,2,4,0,263,9,9,0.002282465769618991,0.0016020389155675385,9,11,3,3
Bonds,r20_r24,r20,r24,both,17,17,8,16,0.002402674525839865,-0.13647772995700158,-0.0018815758172828767,12,1,2,0,660,34,2,-0.004188484458730546,-0.004421185227858837,2,5,0,0
Bonds,r21_r00,r21,r00,both,17,17,5,11,-0.001140385669776145,-0.1685541016430694,-0.020100031192092693,8,0,1,0,726,27,0,-0.009392098021413608,-0.010512002125383502,0,1,0,0
Bonds,r21_r01,r21,r01,both,17,17,5,12,-0.0011148084800767233,-0.16196061386859195,-0.037648798951790186,6,0,1,0,1188,60,2,-0.007577699505287416,-0.007997827272257951,3,2,0,0
Bonds,r21_r02,r21,r02,both,17,17,5,8,-0.007092704309710207,-0.20705630392782248,-0.07335299794799299,6,0,1,0,928,39,0,-0.013335803666916002,-0.010930451100424787,0,1,0,0
Bonds,r21_r03,r21,r03,both,17,17,5,12,-0.003983534934249522,-0.16129876255499387,-0.05113448242705931,7,0,1,0,1293,66,2,-0.010220973230158692,-0.008184128662769408,2,2,0,0
Bonds,r21_r04,r21,r04,both,17,17,5,12,-0.0036196004143829175,-0.16882644374501155,-0.05389117578109448,7,0,1,0,1265,65,2,-0.011188981042937862,-0.009748740222227048,2,2,0,0
Bonds,r21_r05,r21,r05,both,17,17,6,14,-0.002381924814802705,-0.17276485337698455,-0.05407534179020457,7,0,1,0,1129,55,2,-0.007445520452797005,-0.009408869860268343,2,2,0,0
Bonds,r21_r06,r21,r06,both,17,17,11,11,0.004645898881967092,-0.13782737031007608,0.03885737077363727,11,0,2,0,608,19,0,-0.006946468530905525,-0.007038571448615194,2,3,0,0
Bonds,r21_r07,r21,r07,both,17,17,9,12,0.0026913161713786327,-0.12313125346089016,0.016617072032671265,11,0,2,0,916,39,2,-0.004842805648417103,-0.004235380676659961,2,3,0,0
Bonds,r21_r08,r21,r08,both,17,17,8,12,0.000681125944635097,-0.15348597546461185,-0.006833618465437952,10,0,2,0,763,27,1,-0.007430254068447217,-0.006507934381363656,1,2,0,0
Bonds,r21_r09,r21,r09,both,17,17,5,12,-0.0002583594227496544,-0.12404347365806745,-0.014760971845919957,7,0,1,0,993,43,2,-0.008210581747202128,-0.007887829894491105,2,3,0,0
Bonds,r21_r10,r21,r10,both,17,17,5,11,-0.0013997745639539039,-0.1298154582330927,-0.020957068422453484,7,0,1,0,979,43,2,-0.008219267716082612,-0.007887829894491105,2,3,0,0
Bonds,r21_r11,r21,r11,both,17,17,7,14,-0.0007260075654860199,-0.12136265908463639,-0.02803937863058148,7,0,1,0,885,36,2,-0.006058337722890217,-0.005796118411469875,2,3,0,0
Bonds,r21_r12,r21,r12,both,17,17,8,11,-4.1554596722059856e-05,-0.1405861547830296,-0.00040881531363901047,8,0,3,0,492,11,3,-0.0072845869197963875,-0.007566708382072962,3,5,0,0
Bonds,r21_r13,r21,r13,both,17,17,13,14,0.005800158144943612,-0.10648244692521425,0.05855812799153792,13,0,2,0,650,22,5,-0.0023669328547597512,-0.0019477188833291192,5,3,0,0
Bonds,r21_r14,r21,r14,both,17,17,10,12,0.0013384469938748644,-0.14603514694084974,0.0173308720026335,11,0,2,0,587,18,1,-0.005706074748897061,-0.005546419407198577,1,4,0,0
Bonds,r21_r15,r21,r15,both,17,17,10,15,0.002754750008542306,-0.10075807994070107,0.027438714609784753,10,0,2,0,703,24,2,-0.005494019857961496,-0.004631017948487082,3,5,0,0
Bonds,r21_r16,r21,r16,both,17,17,10,15,0.0026451603371195898,-0.10333675527683062,0.026334359115844475,10,0,2,0,699,24,2,-0.0055871558715768765,-0.00500296188055338,3,5,0,0
Bonds,r21_r17,r21,r17,both,17,17,12,15,0.004403606953174322,-0.08961030655761637,0.04418391982665604,12,0,2,0,647,21,3,-0.0015771710194707467,-0.002058596436934401,3,4,0,0
Bonds,r21_r18,r21,r18,both,17,17,11,11,0.006589168816607538,-0.12088851643348941,0.06260180920992076,11,1,8,0,404,5,6,-0.001440794288045666,-0.0017229157503222403,5,5,1,1
Bonds,r21_r19,r21,r19,both,17,17,13,17,0.008703630454222733,-0.056764242801216724,0.08901295815919119,13,1,3,0,464,9,8,-2.381270925222445e-05,0.0006381761919882489,8,11,2,2
Bonds,r21_r20,r21,r20,both,17,17,16,16,0.007717647282558415,-0.08828753499484421,0.06863202905348964,16,1,8,0,428,6,6,-0.0012229984767833102,-0.00015908762731453585,6,6,1,1
Bonds,r21_r21,r21,r21,both,17,17,15,17,0.007491024900065257,-0.05794394884810894,0.05971341993507262,15,0,3,0,494,11,6,-0.00033143782159150703,0.0,6,0,1,1
Bonds,r21_r22,r21,r22,both,17,17,15,17,0.007491024900065257,-0.05794394884810894,0.05971341993507262,15,0,3,0,492,11,6,-0.00033143782159150703,0.0,6,1,1,1
Bonds,r21_r23,r21,r23,both,17,17,15,17,0.008415795400300796,-0.049770746536492716,0.08582023605880429,15,1,4,0,463,9,8,-2.381270925222445e-05,0.0013495147013591335,8,11,1,1
Bonds,r21_r24,r21,r24,both,17,17,5,11,-0.0011030030262845214,-0.1298154582330927,-0.019276202297455858,7,0,1,0,986,43,2,-0.008219267716082612,-0.007887829894491105,2,3,0,0
Bonds,r22_r00,r22,r00,both,17,17,5,11,-0.001512331655435628,-0.16906970914916764,-0.02368454566721212,8,0,1,0,711,27,0,-0.008003946991321564,-0.009450468474869411,0,0,0,0
Bonds,r22_r01,r22,r01,both,17,17,5,12,-0.0008070130442355827,-0.16196061386859173,-0.03216410268120651,7,0,1,0,1173,60,2,-0.00758170274454717,-0.008483894942246328,3,2,0,0
Bonds,r22_r02,r22,r02,both,17,17,6,8,-0.006568159167164356,-0.2039526763547087,-0.06852473806603976,6,0,1,0,914,39,0,-0.013342848867475943,-0.011234435860628222,0,1,0,0
Bonds,r22_r03,r22,r03,both,17,17,5,12,-0.0035404482150628303,-0.16317892526376176,-0.0436546740550261,7,0,1,0,1278,66,2,-0.009524213023774264,-0.009108818003714436,2,2,0,0
Bonds,r22_r04,r22,r04,both,17,17,6,12,-0.002824191833039502,-0.16610333237329444,-0.046433098136598905,7,0,1,0,1250,64,2,-0.01118481459499776,-0.009888940633767995,2,2,0,0
Bonds,r22_r05,r22,r05,both,17,17,6,14,-0.0024331614535361146,-0.16938840775101038,-0.046618715907239094,8,0,1,0,1115,55,2,-0.007442747959641949,-0.007314637246453204,2,2,0,0
Bonds,r22_r06,r22,r06,both,17,17,11,12,0.004583401908715867,-0.13228716445027966,0.03652850704832855,11,0,2,0,593,19,0,-0.006948730234182854,-0.0070338426716261004,2,3,0,0
Bonds,r22_r07,r22,r07,both,17,17,9,12,0.002836456325281844,-0.11929494903058613,0.021914117631842922,11,0,2,0,901,39,2,-0.004842805648417103,-0.004237618195077397,2,3,0,0
Bonds,r22_r08,r22,r08,both,17,17,8,12,0.0007351041535406111,-0.15658255865772008,-0.006833618465437952,11,0,2,0,748,27,1,-0.007430254068447217,-0.006503562106311422,1,1,0,0
Bonds,r22_r09,r22,r09,both,17,17,5,12,-0.00018061864254892424,-0.1257231258043593,-0.009650035730915274,8,0,1,0,978,43,2,-0.008210581747202128,-0.00789199697320464,2,3,0,0
Bonds,r22_r10,r22,r10,both,17,17,5,12,-0.0010706625706555783,-0.12981545823309137,-0.014166177274722913,7,0,1,0,964,43,2,-0.0076877247209024,-0.00789199697320464,2,3,0,0
Bonds,r22_r11,r22,r11,both,17,17,7,14,-0.0007618789225916078,-0.11575308792754135,-0.01793315637207693,8,0,1,0,870,36,2,-0.006058337722890217,-0.005130356131637037,2,3,0,0
Bonds,r22_r12,r22,r12,both,17,17,10,11,0.0007453761848568163,-0.14251275008423403,0.007358589465502607,10,0,3,0,477,11,3,-0.0072845869197963875,-0.007566708382072962,3,5,0,0
Bonds,r22_r13,r22,r13,both,17,17,13,14,0.005214138911909361,-0.10975097096309672,0.06102595997579874,13,0,2,0,636,22,5,-0.0023653426602578964,-0.0019869764291349234,5,4,0,0
Bonds,r22_r14,r22,r14,both,17,17,10,13,0.0025474273819974247,-0.1400092803816101,0.025350385656156105,10,0,2,0,573,18,1,-0.0057047734547410744,-0.005546419407198577,1,4,0,0
Bonds,r22_r15,r22,r15,both,17,17,10,14,0.0035552472217266207,-0.09877172964617764,0.03553790733726947,10,0,2,0,689,24,2,-0.005491974046315851,-0.004255765483273888,3,5,0,0
Bonds,r22_r16,r22,r16,both,17,17,10,14,0.003445570065077508,-0.09877172964617698,0.03442484632361542,10,0,2,0,685,24,2,-0.005586625845487636,-0.004627570914343293,3,5,0,0
Bonds,r22_r17,r22,r17,both,17,17,12,14,0.00465885149465417,-0.0873918336671583,0.04679789166373105,12,0,2,0,633,21,3,-0.001577571818801582,-0.0020572133944334325,3,4,0,0
Bonds,r22_r18,r22,r18,both,17,17,11,13,0.006589168816607538,-0.12410434247532565,0.06675748924332203,11,1,8,0,390,5,6,-0.001440794288045666,-0.0015600427510524817,5,5,0,0
Bonds,r22_r19,r22,r19,both,17,17,14,16,0.00847359138232151,-0.05676424280121661,0.08657165789411225,14,1,3,0,450,9,8,-2.381270925222445e-05,0.000622523170846323,8,11,1,1
Bonds,r22_r20,r22,r20,both,17,17,16,17,0.0073794772431214906,-0.08445104871682618,0.05420290685106721,16,1,8,0,414,6,6,-0.0012229984767833102,-2.9083765943349604e-05,6,6,0,0
Bonds,r22_r21,r22,r21,both,17,17,16,17,0.00728796372396201,-0.05955470514383521,0.06523501745873661,16,0,3,0,480,11,6,-0.0003316129175949811,0.0,6,7,0,0
Bonds,r22_r22,r22,r22,both,17,17,16,17,0.00728796372396201,-0.05955470514383521,0.06523501745873661,16,0,3,0,478,11,6,-0.0003316129175949811,0.0,6,0,0,0
Bonds,r22_r23,r22,r23,both,17,17,16,17,0.008185821970384533,-0.04977074653649305,0.0693799503796717,16,1,4,0,449,9,8,-2.381270925222445e-05,0.0013951395264242272,8,11,0,0
Bonds,r22_r24,r22,r24,both,17,17,5,12,-0.0009738388515464491,-0.12981545823309137,-0.014166177274722913,7,0,1,0,971,43,2,-0.0076877247209024,-0.00789199697320464,2,3,0,0
Bonds,r23_r00,r23,r00,both,17,17,10,12,0.0024601171332030436,-0.16112403115913576,0.020665244671444816,10,0,2,0,610,25,0,-0.0075629060549877725,-0.009578109669458934,0,1,0,0
Bonds,r23_r01,r23,r01,both,17,17,9,14,0.004204551265450052,-0.14655300352681289,0.019002256091203762,10,0,1,0,1049,56,2,-0.005216522181708205,-0.008014820820219981,3,3,0,0
Bonds,r23_r02,r23,r02,both,17,17,9,11,0.0007130999894566781,-0.18526648906674836,0.0008718093949964256,9,0,2,0,799,35,0,-0.010824495033663117,-0.009231355698372079,0,1,0,0
Bonds,r23_r03,r23,r03,both,17,17,9,12,0.003163750913603325,-0.14180513036825226,0.003572050681617922,10,0,1,0,1153,63,2,-0.009270562613487021,-0.007598882606628221,2,3,0,0
Bonds,r23_r04,r23,r04,both,17,17,10,13,0.002477746172197204,-0.14002370550866305,0.013838401167617809,10,0,1,0,1125,61,2,-0.009059848850922592,-0.009738796541682748,2,3,0,0
Bonds,r23_r05,r23,r05,both,17,17,9,15,0.0026087607178650885,-0.14452775804747997,0.0034728468336195917,11,0,1,0,991,53,2,-0.0076840333286219975,-0.006516499944106746,3,2,0,0
Bonds,r23_r06,r23,r06,both,17,17,11,13,0.00492172256124257,-0.12294468565907701,0.03996850478787395,11,0,2,0,512,19,0,-0.006951976119441872,-0.004978575781703576,1,4,0,0
Bonds,r23_r07,r23,r07,both,17,17,10,13,0.006526996779259608,-0.1186699593526126,0.05740458859201891,11,0,2,0,812,39,2,-0.005010598243860187,-0.0034020675987662674,3,3,0,0
Bonds,r23_r08,r23,r08,both,17,17,12,12,0.005517692756559889,-0.1351773936642925,0.03905598861283699,12,0,2,0,660,27,1,-0.0077616342734119215,-0.005222355798666145,1,3,0,0
Bonds,r23_r09,r23,r09,both,17,17,12,12,0.004896015016932376,-0.11630366485003196,0.028699019499860867,12,0,2,0,889,43,2,-0.008264312195662704,-0.006833036836423778,2,4,0,0
Bonds,r23_r10,r23,r10,both,17,17,12,12,0.0038220186175514925,-0.1173672266447624,0.031897988223038576,12,0,2,0,875,43,2,-0.00692431572010932,-0.008017560346377905,2,4,0,0
Bonds,r23_r11,r23,r11,both,17,17,11,16,0.0021103572675931215,-0.10660985255493649,0.005919107471716423,12,0,2,0,782,36,2,-0.0062667138603460515,-0.008622650740921056,2,3,0,0
Bonds,r23_r12,r23,r12,both,17,17,11,12,0.006668454830723425,-0.14974220586606357,0.06758457222147651,11,0,3,0,400,11,3,-0.0073322576128243,-0.007739682168691475,3,4,0,0
Bonds,r23_r13,r23,r13,both,17,17,14,15,0.008290020368693973,-0.09703726044951255,0.07005702218447984,14,0,2,0,556,22,5,-0.002365061333690077,-0.0036230135642270067,5,3,0,0
Bonds,r23_r14,r23,r14,both,17,17,11,14,0.004805427992633726,-0.12830674366666528,0.04830164459125763,13,0,2,0,493,18,1,-0.005706684539348084,-0.005748594814056318,1,4,0,0
Bonds,r23_r15,r23,r15,both,17,17,13,16,0.007622373771113189,-0.09456198138798422,0.0775807691977175,13,0,2,0,609,24,2,-0.005490318556926499,-0.003818638550067699,3,4,0,0
Bonds,r23_r16,r23,r16,both,17,17,13,16,0.007622373771113189,-0.09456198138798422,0.0775807691977175,13,0,2,0,605,24,2,-0.005631247925838689,-0.0041903319048706145,3,4,0,0
Bonds,r23_r17,r23,r17,both,17,17,14,17,0.006749857150048388,-0.09211551568190002,0.06169403284303998,14,0,2,0,553,21,3,-0.0015824934787602718,-0.0019909670762106035,3,4,0,0
Bonds,r23_r18,r23,r18,both,17,17,13,14,0.008047415270610925,-0.12638577933637207,0.08206183236138198,13,1,8,0,310,5,6,-0.0014502229163229075,-0.00381822267740084,5,3,0,0
Bonds,r23_r19,r23,r19,both,17,17,16,16,0.012256032473044298,-0.05676424280121728,0.1273438686239563,16,1,3,0,370,9,8,-2.381229705394894e-05,0.0,8,8,1,1
Bonds,r23_r20,r23,r20,both,17,17,17,17,0.012713344318938447,-0.09069077150321436,0.11212537177451831,17,1,8,0,334,6,6,-0.0012240523689852623,-0.0016018998025710829,6,4,0,0
Bonds,r23_r21,r23,r21,both,17,17,17,17,0.010601383020653055,-0.0635924014610394,0.10676926557030009,17,0,3,0,400,11,6,-0.0003331817303060536,-0.0013660807351449922,6,6,0,0
Bonds,r23_r22,r23,r22,both,17,17,17,17,0.009936442933042633,-0.0635924014610394,0.10218040304330578,17,0,3,0,398,11,6,-0.0003331817303060536,-0.001402526503183621,6,6,0,0
Bonds,r23_r23,r23,r23,both,17,17,17,17,0.012010171626456678,-0.049770746536492494,0.12465247590592488,17,1,4,0,369,9,8,-2.381229705394894e-05,0.0,8,0,0,0
Bonds,r23_r24,r23,r24,both,17,17,12,12,0.0038220186175514925,-0.1173672266447624,0.031897988223038576,12,0,2,0,882,43,2,-0.00692431572010932,-0.008017560346377905,2,4,0,0
Bonds,r24_r00,r24,r00,both,17,17,5,9,-0.004408848108202634,-0.16226651884242926,-0.053326689266187666,5,1,1,0,877,27,0,-0.005512102754492321,-0.0006096320442228187,4,8,0,0
Bonds,r24_r01,r24,r01,both,17,17,5,10,-0.012060728940134546,-0.20439884135480357,-0.13240686113116584,5,1,1,0,1604,56,3,-0.00863819119882192,-4.1335389927121824e-05,3,8,0,0
Bonds,r24_r02,r24,r02,both,17,17,5,8,-0.012994481690879134,-0.24297104427156824,-0.13314635024595278,6,1,1,0,1194,38,0,-0.010621273611431947,-0.002484264247006318,1,5,0,0
Bonds,r24_r03,r24,r03,both,17,17,5,11,-0.01492133172080301,-0.19505550952925843,-0.14641899395009716,6,0,1,0,1721,65,2,-0.011397835374948984,-0.0006877066438688573,2,6,0,0
Bonds,r24_r04,r24,r04,both,17,17,5,11,-0.015717741215105607,-0.18889378753485253,-0.15061051861733343,6,0,1,0,1698,62,2,-0.011890369384549349,-0.000636551609043079,2,6,0,0
Bonds,r24_r05,r24,r05,both,17,17,5,10,-0.011280502688152172,-0.210970936966544,-0.09368621168485447,5,0,1,0,1553,55,2,-0.009239270530082333,-2.3951848670433762e-05,2,8,0,0
Bonds,r24_r06,r24,r06,both,17,17,8,11,-0.0005220822196111419,-0.15547546833297177,-0.005106276970114565,8,1,2,0,799,19,1,-0.00109132012475055,0.00011362462549380226,6,9,1,1
Bonds,r24_r07,r24,r07,both,17,17,6,11,-0.007965196185375278,-0.15833641901343531,-0.0888631901599094,6,1,2,0,1367,38,1,-0.0042944415352886844,0.0007636441391118964,1,11,0,0
Bonds,r24_r08,r24,r08,both,17,17,6,9,-0.006486777021129098,-0.20568598987916342,-0.05436734998857695,5,1,2,0,1082,27,1,-0.008091748129687604,-0.0008751905689090567,2,7,0,0
Bonds,r24_r09,r24,r09,both,17,17,6,12,-0.006482845558340222,-0.1547274474603677,-0.08481384855767371,6,0,1,0,1450,42,2,-0.007088244398552601,0.00015927163282092316,2,11,0,0
Bonds,r24_r10,r24,r10,both,17,17,6,12,-0.0076539562099816605,-0.1617282710341853,-0.09537371090606828,6,0,1,0,1436,42,2,-0.007683247730949749,0.0,2,1,0,0
Bonds,r24_r11,r24,r11,both,17,17,7,9,-0.008618083861490322,-0.1559933245323024,-0.09171592495334968,6,1,1,0,1333,36,2,-0.005700975650069995,0.0001612574623327534,2,11,0,0
Bonds,r24_r12,r24,r12,both,17,17,8,11,-0.0044363706734389385,-0.17103726762319293,-0.018878506587389543,7,1,3,0,759,11,3,-0.005351553650544849,0.0033467551095105463,4,12,0,0
Bonds,r24_r13,r24,r13,both,17,17,7,11,-0.008263906926020637,-0.13758129120675477,-0.0787377346798559,7,1,2,0,1111,22,5,-0.003231125208916108,0.003671875933534574,5,13,0,0
Bonds,r24_r14,r24,r14,both,17,17,6,10,-0.006624544458600168,-0.18820975004096752,-0.08695816620343233,7,1,2,0,964,18,1,-0.009108632730286836,0.00022418574220850473,2,10,1,1
Bonds,r24_r15,r24,r15,both,17,17,8,13,-0.006464255170740785,-0.14340377209584865,-0.010738990395887438,7,0,2,0,1164,24,2,-0.0054099171101072985,0.0028871040983533547,3,12,0,0
Bonds,r24_r16,r24,r16,both,17,17,8,12,-0.006464255170740785,-0.14340377209584865,-0.010738990395887438,7,0,2,0,1160,24,2,-0.0055589718934958565,0.0027649495076529362,3,12,0,0
Bonds,r24_r17,r24,r17,both,17,17,8,12,-0.005776208782390602,-0.13279583724847277,-0.003977185054363508,7,1,2,0,1106,21,3,-0.001575616534839508,0.004272532588259437,3,13,0,0
Bonds,r24_r18,r24,r18,both,17,17,7,10,-0.005179629045217848,-0.17497542595170934,-0.054950785017201964,7,1,8,0,790,5,6,-0.003463479009749859,0.00421976872119989,4,10,1,1
Bonds,r24_r19,r24,r19,both,17,17,8,17,-0.001883199267757818,-0.09663300858989132,-0.0034790344823349972,7,1,3,0,926,9,8,-5.1224361999668844e-05,0.008937999899730875,8,13,4,4
Bonds,r24_r20,r24,r20,both,17,17,10,13,0.002326406515574142,-0.14013674752398952,0.030090088425575034,9,1,8,0,851,6,7,-0.0012457138250148159,0.004409854602211105,4,14,0,0
Bonds,r24_r21,r24,r21,both,17,17,9,14,0.002408813911984664,-0.10087357463116187,0.0047771314829758715,9,1,3,0,956,11,6,-0.0003281207950847076,0.007808888569340922,6,14,2,2
Bonds,r24_r22,r24,r22,both,17,17,10,14,0.002408813911984664,-0.10087357463116187,0.0047771314829758715,9,1,3,0,954,11,6,-0.0003281207950847076,0.007808888569340922,6,14,2,2
Bonds,r24_r23,r24,r23,both,17,17,10,16,0.004850020272336275,-0.10087357463116053,0.04000908536218839,9,1,4,0,924,9,8,-5.1224361999668844e-05,0.006380221120406926,8,14,3,3
Bonds,r24_r24,r24,r24,both,17,17,6,12,-0.0076539562099816605,-0.16172827103418297,-0.09537371090606828,6,0,1,0,1443,42,2,-0.007683247730949749,0.0,2,0,0,0
Bonds,r00_long,r00,,long,17,17,16,16,0.01405781487580815,-0.18364299612226453,0.1600493604170159,16,2,,0,289,0,,,,,,,
Bonds,r00_short,,r00,short,17,17,0,2,-0.008167720590626648,-0.17255774163190452,-0.09075827854803631,0,1,1,0,436,27,0,,,,,,
Bonds,r01_long,r01,,long,17,17,12,15,0.007654663361393199,-0.0865916704210763,0.0947670313525022,12,1,,0,887,0,,,,,,,
Bonds,r01_short,,r01,short,17,17,2,5,-0.008729433622884253,-0.17440415427756528,-0.09895644973399687,2,1,1,0,879,60,2,,,,,,
Bonds,r02_long,r02,,long,17,17,16,17,0.013198521017698805,-0.11891746578905693,0.13140835957542274,16,2,,0,379,0,,,,,,,
Bonds,r02_short,,r02,short,17,17,0,3,-0.013364869578156746,-0.20214225520464502,-0.13283942165836493,0,1,1,0,612,39,0,,,,,,
Bonds,r03_long,r03,,long,17,17,11,15,0.006199514265125883,-0.08297705783390374,0.05821904963315361,11,1,,0,1035,0,,,,,,,
Bonds,r03_short,,r03,short,17,17,2,4,-0.010355086346372055,-0.1775437062187596,-0.12384297513280562,2,1,1,0,987,70,2,,,,,,
Bonds,r04_long,r04,,long,17,17,10,14,0.004864672182132823,-0.08724341994008777,0.03860197498574447,11,1,,0,988,0,,,,,,,
Bonds,r04_short,,r04,short,17,17,2,4,-0.0111080255251651,-0.184211485143698,-0.12380835668704926,2,1,1,0,959,66,2,,,,,,
Bonds,r05_long,r05,,long,17,17,14,15,0.01532305180077076,-0.07922614545652928,0.1423133287020899,14,1,,0,738,0,,,,,,,
Bonds,r05_short,,r05,short,17,17,2,4,-0.007543527136846917,-0.17686242873767244,-0.11210527641946899,2,1,1,0,822,55,2,,,,,,
Bonds,r06_long,r06,,long,17,17,17,17,0.015931531302845636,-0.13648046336224195,0.16199455107790062,17,2,,0,235,0,,,,,,,
Bonds,r06_short,,r06,short,17,17,0,5,-0.006534138946697743,-0.1589082060789766,-0.06246935076072824,2,2,2,0,291,19,0,,,,,,
Bonds,r07_long,r07,,long,17,17,9,15,0.00024275735887568928,-0.08392181892367423,0.020173386991419573,9,1,,0,710,0,,,,,,,
Bonds,r07_short,,r07,short,17,17,2,6,-0.0048042278758279044,-0.12069623418453235,-0.0673021982566202,2,2,2,0,586,39,2,,,,,,
Bonds,r08_long,r08,,long,17,17,16,16,0.012040598174862138,-0.11208552442086628,0.1375412639815785,16,2,,0,356,0,,,,,,,
Bonds,r08_short,,r08,short,17,17,1,3,-0.007370074767844903,-0.15222074850371636,-0.08199738768748976,1,2,2,0,433,27,1,,,,,,
Bonds,r09_long,r09,,long,17,17,9,14,0.003644091816110473,-0.09481095070054313,0.009788777593913167,9,1,,0,824,0,,,,,,,
Bonds,r09_short,,r09,short,17,17,2,6,-0.008145176282175148,-0.1427363026324524,-0.08416283637865785,2,1,1,0,663,43,2,,,,,,
Bonds,r10_long,r10,,long,17,17,9,14,-0.00036499847537585506,-0.09481095070054302,0.017467507775585922,8,1,,0,788,0,,,,,,,
Bonds,r10_short,,r10,short,17,17,2,4,-0.008168272380037145,-0.1427363026324524,-0.07980230437337799,2,1,1,0,649,43,2,,,,,,
Bonds,r11_long,r11,,long,17,17,14,15,0.009956468389881845,-0.08380322576533683,0.08545273498761907,14,1,,0,611,0,,,,,,,
Bonds,r11_short,,r11,short,17,17,2,3,-0.0060100770261145575,-0.12747868306165666,-0.08098376824827114,2,1,1,0,555,36,2,,,,,,
Bonds,r12_long,r12,,long,17,17,15,16,0.012758529584773415,-0.1038776758251807,0.13462978186718066,15,3,,0,177,0,,,,,,,
Bonds,r12_short,,r12,short,17,17,3,4,-0.007226557926274801,-0.14843977236222172,-0.06887925944903805,3,3,3,0,167,11,3,,,,,,
Bonds,r13_long,r13,,long,17,17,12,12,0.004272432139116766,-0.05980078948788725,0.04238290485493046,11,1,,0,477,0,,,,,,,
Bonds,r13_short,,r13,short,17,17,5,10,-0.0023475494524435314,-0.09265734951174076,-0.0135234878514493,5,2,2,0,319,22,5,,,,,,
Bonds,r14_long,r14,,long,17,17,14,16,0.0070967572307441,-0.08289279913386949,0.10237833436479105,14,3,,0,270,0,,,,,,,
Bonds,r14_short,,r14,short,17,17,1,5,-0.005673209746430707,-0.12590787604875642,-0.05946526705365318,1,2,2,0,256,18,1,,,,,,
Bonds,r15_long,r15,,long,17,17,11,14,0.0044000285595291455,-0.05691270964281969,0.03227277124587946,11,1,,0,565,0,,,,,,,
Bonds,r15_short,,r15,short,17,17,3,7,-0.005466340519948987,-0.1018041725252754,-0.046575354205453556,3,2,2,0,372,24,3,,,,,,
Bonds,r16_long,r16,,long,17,17,11,15,0.004697512603792919,-0.06056294839843768,0.03272343499997832,11,1,,0,542,0,,,,,,,
Bonds,r16_short,,r16,short,17,17,3,7,-0.0055746723360429185,-0.1018041725252754,-0.046575354205453556,3,2,2,0,368,24,3,,,,,,
Bonds,r17_long,r17,,long,17,17,12,15,0.010426961838757132,-0.06388512173602767,0.10332512350847511,12,1,,0,428,0,,,,,,,
Bonds,r17_short,,r17,short,17,17,3,11,-0.0015677943893214197,-0.08456685084810467,-0.025386699966449155,3,2,2,0,316,21,3,,,,,,
Bonds,r18_long,r18,,long,17,17,15,16,0.01489024562857888,-0.07546175174352832,0.10083394496876674,15,5,,0,103,0,,,,,,,
Bonds,r18_short,,r18,short,17,17,5,7,-0.0014293169258661198,-0.10013065050844994,-0.01397572447408768,5,8,8,0,73,5,5,,,,,,
Bonds,r19_long,r19,,long,17,17,15,15,0.008370481356032133,-0.04152040622101694,0.08547899464735598,15,2,,0,266,0,,,,,,,
Bonds,r19_short,,r19,short,17,17,8,10,-2.3285810269668694e-05,-0.057091924378901204,-0.00022910496708006267,8,3,3,0,133,9,8,,,,,,
Bonds,r20_long,r20,,long,17,17,16,16,0.013792530965005989,-0.06884727161842119,0.11185802367333664,16,3,,0,132,0,,,,,,,
Bonds,r20_short,,r20,short,17,17,6,8,-0.0012190914806325948,-0.07509243162333512,-0.011931229373534191,6,8,8,0,97,6,6,,,,,,
Bonds,r21_long,r21,,long,17,17,16,17,0.005980777972645068,-0.030019648190495407,0.06043010718375941,16,1,,0,331,0,,,,,,,
Bonds,r21_short,,r21,short,17,17,6,13,-0.00032938146040784044,-0.045842961627857726,-0.0032363450610064515,6,3,3,0,163,11,6,,,,,,
Bonds,r22_long,r22,,long,17,17,16,17,0.006774689700311587,-0.031756622681222924,0.06869367896839451,16,1,,0,317,0,,,,,,,
Bonds,r22_short,,r22,short,17,17,6,12,-0.00032938146040784044,-0.045842961627857504,-0.0032363450610064515,6,3,3,0,161,11,6,,,,,,
Bonds,r23_long,r23,,long,17,17,17,17,0.010746334337660812,-0.032367382647768284,0.11090837022935185,17,1,,0,237,0,,,,,,,
Bonds,r23_short,,r23,short,17,17,8,12,-2.3285810269668694e-05,-0.05508493584980578,-0.00022910496708006267,8,4,4,0,132,9,8,,,,,,
Bonds,r24_long,r24,,long,17,17,9,14,2.3646549184741517e-05,-0.0948109507005428,0.039255155968862976,9,1,,0,794,0,,,,,,,
Bonds,r24_short,,r24,short,17,17,2,3,-0.008168272380037145,-0.1427363026324524,-0.07980230437337799,2,1,1,0,656,43,2,,,,,,
Major companies,r00_r00,r00,r00,both,22,22,7,7,-0.0280433440290499,-0.7540608469866373,-0.2493739752145065,7,0,0,0,517,11.0,0,-0.16492181474647988,0.0,0,0,1,0
Major companies,r00_r01,r00,r01,both,22,22,19,20,0.074151533321963,-0.5387981070955299,0.9026111887380903,19,0,0,0,686,15.0,0,-0.058708731302610784,0.1263249672692579,0,20,1,0
Major companies,r00_r02,r00,r02,both,22,22,15,16,0.04076876125912632,-0.5797316245985483,0.5698614078103112,15,0,0,0,630,13.0,0,-0.0839173267886335,0.10206827911895394,0,19,4,0
Major companies,r00_r03,r00,r03,both,22,22,22,22,0.07224297849064276,-0.5153308980070938,0.8715219616417301,22,0,0,0,707,15.0,0,-0.04634994671025405,0.12533403680441724,0,21,1,0
Major companies,r00_r04,r00,r04,both,22,22,22,22,0.06810135472538703,-0.5153308980070932,0.8597672305872222,22,0,0,0,698,13.5,0,-0.05190186246544026,0.13348850754599084,0,21,1,0
Major companies,r00_r05,r00,r05,both,22,22,18,21,0.07393989449096405,-0.5398488815199507,0.9269083999107715,18,0,0,0,666,13.0,0,-0.05618214906244745,0.12071669985656114,0,20,1,0
Major companies,r00_r06,r00,r06,both,22,22,9,11,-0.009614690408899895,-0.727683410837253,-0.13258758212119048,9,0,0,0,491,9.0,0,-0.1629359336241612,0.008454885496533393,1,14,2,1
Major companies,r00_r07,r00,r07,both,22,22,19,21,0.07082273737433942,-0.5409380725340516,1.1248876851273906,19,0,0,0,659,13.0,0,-0.0607092540040538,0.1262818494058397,0,20,1,0
Major companies,r00_r08,r00,r08,both,22,22,15,17,0.04898720535737067,-0.5692433111138577,0.542456584885095,15,0,0,0,614,12.0,0,-0.07831551224703737,0.11514996382120013,0,19,4,0
Major companies,r00_r09,r00,r09,both,22,22,22,22,0.07994685425170445,-0.5237148091537929,1.1847289831950072,22,0,0,0,682,14.0,0,-0.05123102345834585,0.12218172141748668,0,21,1,0
Major companies,r00_r10,r00,r10,both,22,22,21,22,0.07163228325079396,-0.5297832608805577,1.0887493949811513,21,0,0,0,676,13.0,0,-0.05302985466250154,0.12912691685909078,0,21,1,0
Major companies,r00_r11,r00,r11,both,22,22,21,21,0.06879767312266882,-0.5352153569084626,1.0562203631937175,19,0,0,0,642,12.0,0,-0.05885020210786224,0.1318468293333121,0,20,3,0
Major companies,r00_r12,r00,r12,both,22,22,8,10,-0.028862174080655945,-0.6897813612984836,-0.2687405685128408,8,0,0,0,485,9.0,0,-0.15300684551764537,0.019758787601115047,1,14,2,1
Major companies,r00_r13,r00,r13,both,22,22,20,21,0.07605075137804906,-0.5333683053589828,1.1248876851273906,20,0,0,0,653,12.5,0,-0.05697471555201172,0.13341234523122858,0,20,1,0
Major companies,r00_r14,r00,r14,both,22,22,15,18,0.04898720535737067,-0.5692433111138577,0.5808293166798435,15,0,0,0,612,12.0,0,-0.07831551224703737,0.11590146151771019,0,19,4,0
Major companies,r00_r15,r00,r15,both,22,22,22,22,0.07803741564283162,-0.5237148091537929,1.164162139939327,22,0,0,0,677,13.0,0,-0.048523943738800646,0.12613609273580267,0,21,1,0
Major companies,r00_r16,r00,r16,both,22,22,21,22,0.06973573384843323,-0.5188160470591716,1.1180115345457429,21,0,0,0,671,13.0,0,-0.05280435313882448,0.13313770983523437,0,21,1,0
Major companies,r00_r17,r00,r17,both,22,22,21,21,0.06879767312266882,-0.5206945466320894,1.052509143830283,19,0,0,0,638,12.0,0,-0.05885020210786224,0.13407285540173813,0,20,5,0
Major companies,r00_r18,r00,r18,both,22,22,14,14,0.05779098896106449,-0.6462636547727025,0.6667367642393492,14,0,17,0,428,3.0,1,-0.08899828052404901,0.08491761654618646,1,18,3,1
Major companies,r00_r19,r00,r19,both,22,22,22,22,0.1152139452158003,-0.5157814124810431,1.9731643366691034,22,0,10,0,483,5.0,1,-0.03030366076066493,0.146303949263015,2,21,1,0
Major companies,r00_r20,r00,r20,both,22,22,21,21,0.09160441747722547,-0.5297248562762309,1.5158758217541093,22,0,12,0,467,4.0,1,-0.03559367203706121,0.14405539174634396,1,20,4,1
Major companies,r00_r21,r00,r21,both,22,22,22,22,0.1114209903397736,-0.5031191931515542,1.940071726691187,22,0,9,0,493,5.0,0,-0.026673670571032537,0.1463886898290518,0,21,1,0
Major companies,r00_r22,r00,r22,both,22,22,22,22,0.10704513416924533,-0.5035809809359568,1.8488534569634234,22,0,9,0,491,5.0,0,-0.02560062758638071,0.1537023632243823,0,21,2,0
Major companies,r00_r23,r00,r23,both,22,22,22,22,0.10892830393925346,-0.5132458155813409,1.6582713271669467,22,0,11,0,477,4.5,0,-0.02603354692370119,0.14680177458719557,0,21,5,0
Major companies,r00_r24,r00,r24,both,22,22,21,22,0.07171232801209604,-0.5297832608805577,1.1048327411357173,21,0,0,0,677,13.0,0,-0.05302985466250154,0.12993812665943133,0,21,1,0
Major companies,r01_r00,r01,r00,both,22,22,0,1,-0.14112004889242774,-0.819431968352476,-0.7806090504278609,0,0,0,0,1307,27.0,0,-0.1958894063706545,-0.06732756982123328,0,0,0,0
Major companies,r01_r01,r01,r01,both,22,22,3,8,-0.06577470696678367,-0.6990023760387798,-0.49086481641040364,4,0,0,0,2331,49.5,0,-0.1224694255965863,0.0,0,0,0,0
Major companies,r01_r02,r01,r02,both,22,22,1,3,-0.10612432300426922,-0.7560806785857941,-0.6648653668291581,1,0,0,0,1865,38.0,0,-0.1626139096291302,-0.04306191234982776,0,3,0,0
Major companies,r01_r03,r01,r03,both,22,22,6,8,-0.057933780407699975,-0.6828313081869224,-0.4828450868370789,6,0,0,0,2448,52.0,0,-0.10140240557178037,0.01729178870304332,0,18,0,0
Major companies,r01_r04,r01,r04,both,22,22,6,8,-0.06010305603969951,-0.683879166791028,-0.4578713258287478,6,0,0,0,2414,49.5,0,-0.09791574529365982,0.021311725645362434,0,16,0,0
Major companies,r01_r05,r01,r05,both,22,22,5,8,-0.06953765607297235,-0.7038804951623576,-0.5120221352432178,5,0,0,0,2245,46.0,0,-0.12159310982896349,-2.5595866157801517e-05,0,11,0,0
Major companies,r01_r06,r01,r06,both,22,22,0,0,-0.10985885158531661,-0.7394177177259791,-0.69229855857115,0,0,0,0,1242,21.0,0,-0.1640460662372905,-0.05396708869694339,0,4,0,0
Major companies,r01_r07,r01,r07,both,22,22,4,8,-0.042982233449219476,-0.6362217500277999,-0.32249336111211885,4,0,0,0,2118,38.0,0,-0.09820915212783643,0.019281037552068336,0,19,0,0
Major companies,r01_r08,r01,r08,both,22,22,2,4,-0.08147622293376111,-0.6649299238268225,-0.5625725396466253,3,0,0,0,1764,30.0,0,-0.12058869482230283,-0.01731057543949871,0,7,0,0
Major companies,r01_r09,r01,r09,both,22,22,7,10,-0.04261914825847318,-0.6127648078484255,-0.31180585513692205,5,0,0,0,2219,40.5,0,-0.08496458982964933,0.029437686928158235,0,21,0,0
Major companies,r01_r10,r01,r10,both,22,22,7,10,-0.04316353488480801,-0.6333873208029155,-0.3317505886333774,6,0,0,0,2196,40.0,0,-0.0857053774467964,0.029475363987591652,0,19,0,0
Major companies,r01_r11,r01,r11,both,22,22,6,9,-0.04573713698297771,-0.6205431642513439,-0.3907186392198222,6,0,0,0,2062,35.0,0,-0.09911088479781982,0.018922231573776815,0,18,0,0
Major companies,r01_r12,r01,r12,both,22,22,2,3,-0.07508475564411282,-0.6376313102577468,-0.5446763370222507,2,0,1,1,1220,11.5,0,-0.12588207715201338,-0.008680126050429726,0,10,1,0
Major companies,r01_r13,r01,r13,both,22,22,7,13,-0.011360473878286481,-0.5260522821517064,-0.10159461546356646,6,0,0,0,1742,20.0,0,-0.06480668330967898,0.05097651744800302,0,21,0,0
Major companies,r01_r14,r01,r14,both,22,22,7,8,-0.043587529293130145,-0.5590392180574424,-0.3521481328172833,5,0,0,0,1619,17.5,0,-0.09706669314208144,0.01948074665519678,0,14,2,0
Major companies,r01_r15,r01,r15,both,22,22,8,14,-0.008572009500859012,-0.5216834522021084,-0.06902697769575139,9,0,0,0,1788,20.5,0,-0.05679368174572347,0.05591895588204615,0,22,0,0
Major companies,r01_r16,r01,r16,both,22,22,8,14,-0.010239972534237252,-0.528499455652152,-0.09171945294803752,8,0,0,0,1779,20.0,0,-0.05659596061242805,0.05631472823794892,0,22,0,0
Major companies,r01_r17,r01,r17,both,22,22,10,12,-0.018217989011149682,-0.5229416033510546,-0.11163478169444085,9,0,0,0,1717,18.5,0,-0.06008228206826616,0.04624693412338221,0,22,1,0
Major companies,r01_r18,r01,r18,both,22,22,10,14,-0.019059065395297337,-0.5974306399329965,-0.0921510035752432,8,0,16,0,1338,4.0,1,-0.08620148880258294,0.025718660305312224,2,16,1,1
Major companies,r01_r19,r01,r19,both,22,22,18,18,0.02797251684905344,-0.4243240634780451,0.37187523210202633,16,0,8,0,1464,5.5,1,-0.027086870080165415,0.09028072407328935,2,22,2,1
Major companies,r01_r20,r01,r20,both,22,22,14,18,0.013066770960778573,-0.4554992662690553,0.1909252982511329,13,0,12,0,1426,4.0,1,-0.03865569433724875,0.08466708944611051,1,21,3,1
Major companies,r01_r21,r01,r21,both,22,22,17,19,0.019517238687937644,-0.44453075436890116,0.22834651093117475,16,0,7,0,1480,6.0,0,-0.028522453045682683,0.08809039302362054,0,22,0,0
Major companies,r01_r22,r01,r22,both,22,22,17,19,0.016096341049227192,-0.4497187153961536,0.2180120565407302,16,0,7,0,1478,6.0,0,-0.028522453045682683,0.08809039302362054,0,22,0,0
Major companies,r01_r23,r01,r23,both,22,22,14,18,0.019786359077884286,-0.4304149042672658,0.3781214543872333,14,0,10,0,1457,5.5,0,-0.027713616200501,0.08939139043728328,2,22,3,2
Major companies,r01_r24,r01,r24,both,22,22,7,10,-0.04369013130423727,-0.6320158831620406,-0.3317505886333774,6,0,0,0,2198,40.0,0,-0.08563081748750312,0.029475363987591652,0,19,0,0
Major companies,r02_r00,r02,r00,both,22,22,5,7,-0.06074860932496556,-0.7502913582084598,-0.4871365250793288,6,0,0,0,732,16.0,0,-0.19619568715553498,-0.0641936302347928,0,2,0,0
Major companies,r02_r01,r02,r01,both,22,22,17,19,0.04904771089396365,-0.5714132988042968,0.5303061214448849,18,0,0,0,1040,22.5,0,-0.0748332019966984,0.027740404064608204,0,19,1,0
Major companies,r02_r02,r02,r02,both,22,22,13,14,0.03795823538723242,-0.6104231926875586,0.3202334638454787,14,0,0,0,931,20.5,0,-0.11115558197262848,0.0,0,0,3,0
Major companies,r02_r03,r02,r03,both,22,22,18,20,0.05443622660945413,-0.5821535498454402,0.5394613980123499,19,0,0,0,1062,23.0,0,-0.05976203936191482,0.040062650597545435,0,18,1,0
Major companies,r02_r04,r02,r04,both,22,22,18,20,0.04688113825237061,-0.6081034765154543,0.5009506775447602,19,0,0,0,1056,22.5,0,-0.06688659998336921,0.03804987071414223,0,17,1,0
Major companies,r02_r05,r02,r05,both,22,22,16,19,0.04302183469535015,-0.5949782762532515,0.38115514637037784,16,0,0,0,1012,21.0,0,-0.09073216627047037,0.03137322437403234,0,18,3,0
Major companies,r02_r06,r02,r06,both,22,22,7,7,-0.05902451182387736,-0.6936475207022638,-0.4999876070437393,7,0,0,0,680,13.5,0,-0.1597511765223122,-0.041120241942807945,0,3,0,0
Major companies,r02_r07,r02,r07,both,22,22,18,19,0.06866788886845665,-0.5626701420250935,0.8934013258045702,18,0,0,0,959,18.0,0,-0.07542350142041543,0.035897888320197135,0,21,2,0
Major companies,r02_r08,r02,r08,both,22,22,12,13,0.03972320639985816,-0.616531559176112,0.326987315294366,13,0,0,0,883,17.0,0,-0.1152313490552464,0.013196805745194606,0,16,4,0
Major companies,r02_r09,r02,r09,both,22,22,19,19,0.06103290647285109,-0.5625192993216497,0.9452932508067289,19,0,0,0,984,19.5,0,-0.05758356066194448,0.03386743648002133,0,21,2,0
Major companies,r02_r10,r02,r10,both,22,22,19,19,0.05965979553754841,-0.5656575693765967,0.7120577009199247,19,0,0,0,980,19.0,0,-0.055166642616055084,0.03454786838158552,0,21,0,0
Major companies,r02_r11,r02,r11,both,22,22,18,19,0.06417303509007277,-0.5657425305815323,0.7210836208707213,18,0,0,0,931,17.5,0,-0.06903797192868744,0.03330406566763633,0,20,4,0
Major companies,r02_r12,r02,r12,both,22,22,7,8,-0.02761177948636795,-0.6365661864713666,-0.31262885134883306,8,0,0,0,642,10.0,0,-0.13638329699056395,-0.026514107628371364,0,7,0,0
Major companies,r02_r13,r02,r13,both,22,22,17,20,0.07434782320402233,-0.5430050444111723,0.8835461048249718,17,0,0,0,882,15.0,0,-0.06423703223778565,0.044348706173288344,0,22,3,0
Major companies,r02_r14,r02,r14,both,22,22,13,15,0.028547306816884555,-0.5741948015987675,0.4176877518752411,15,0,0,0,818,14.0,0,-0.09665962074510381,0.029909247713801157,1,17,4,1
Major companies,r02_r15,r02,r15,both,22,22,20,21,0.06447825931043571,-0.5385857381389335,1.010487195287431,19,0,0,0,906,16.0,0,-0.05328096111483882,0.04311073780034247,0,21,2,0
Major companies,r02_r16,r02,r16,both,22,22,20,21,0.05847905451234925,-0.5403838116997003,0.7710361978928704,19,0,0,0,898,16.0,0,-0.054933985553,0.043562125354324466,0,20,1,0
Major companies,r02_r17,r02,r17,both,22,22,17,20,0.0702294554526185,-0.5564920760450669,0.8725796340147112,18,0,0,0,856,14.5,0,-0.06769028441753466,0.04395458779800443,0,21,4,0
Major companies,r02_r18,r02,r18,both,22,22,13,14,0.058847302913673905,-0.6409554400533131,0.7779436389431276,14,0,16,0,608,4.0,1,-0.08700163601944921,0.027371541361069285,2,13,3,2
Major companies,r02_r19,r02,r19,both,22,22,21,22,0.10843030427347933,-0.5154236220460662,2.171312616807251,22,0,8,0,662,5.5,1,-0.027304749893045877,0.0833283011229915,2,21,2,1
Major companies,r02_r20,r02,r20,both,22,22,20,21,0.07979944106036296,-0.522959360096644,1.1830100933163388,20,0,12,0,643,4.0,1,-0.03760703936524051,0.07961820796739605,3,21,4,2
Major companies,r02_r21,r02,r21,both,22,22,22,22,0.089059244591566,-0.5047617030790799,1.4959104386391864,22,0,7,0,677,6.0,0,-0.02915968483195186,0.0800159285138925,0,22,0,0
Major companies,r02_r22,r02,r22,both,22,22,22,22,0.08720273942132162,-0.5049342642604111,1.3051491993862316,22,0,7,0,676,6.0,0,-0.03023942063738594,0.07820576990560907,0,22,0,0
Major companies,r02_r23,r02,r23,both,22,22,20,22,0.1013807458207664,-0.5039895333298567,1.727638697116567,20,0,10,0,658,5.5,0,-0.03145361350111053,0.08260382058014648,2,21,4,2
Major companies,r02_r24,r02,r24,both,22,22,19,19,0.060564379942170676,-0.5640393578926395,0.7260485379231253,19,0,0,0,981,19.0,0,-0.055166642616055084,0.03454786838158552,0,21,0,0
Major companies,r03_r00,r03,r00,both,22,22,0,0,-0.1482561693906918,-0.8516571384679088,-0.8382433173796382,0,0,0,0,1467,31.0,0,-0.2054159074383679,-0.0766060701416954,0,0,0,0
Major companies,r03_r01,r03,r01,both,22,22,3,5,-0.08413052274746036,-0.7414355437433339,-0.5861771936820763,3,0,0,0,2685,56.5,0,-0.14012825508205795,-0.01919790796364801,0,5,0,0
Major companies,r03_r02,r03,r02,both,22,22,0,1,-0.11678845946558736,-0.7916453524355566,-0.7103997441010013,0,0,0,0,2088,44.0,0,-0.17630087867214939,-0.05967743484663701,0,4,0,0
Major companies,r03_r03,r03,r03,both,22,22,5,7,-0.07137974281834486,-0.7017215310355918,-0.5390197128099807,5,0,0,0,2860,62.0,0,-0.11445207324826634,0.0,0,0,0,0
Major companies,r03_r04,r03,r04,both,22,22,5,7,-0.07628799011454696,-0.7063139137733587,-0.5714545975609555,5,0,0,0,2818,60.0,0,-0.11445081971212284,-0.0012908640512927505,0,9,0,0
Major companies,r03_r05,r03,r05,both,22,22,5,5,-0.08725052522260363,-0.7122223763485773,-0.607624750301016,3,0,0,0,2588,54.0,0,-0.13669314009857336,-0.007527811542503371,0,7,1,0
Major companies,r03_r06,r03,r06,both,22,22,0,0,-0.11266941060714675,-0.776259256952286,-0.7376140242478733,0,0,0,0,1376,22.5,0,-0.16071570733393686,-0.044266129312841795,0,1,0,0
Major companies,r03_r07,r03,r07,both,22,22,4,7,-0.06494584745551624,-0.6910645383639543,-0.43938879156526306,5,0,0,0,2342,39.5,0,-0.10594495262091586,0.01606443404023189,0,16,0,0
Major companies,r03_r08,r03,r08,both,22,22,2,3,-0.08729077984360889,-0.6966463748423771,-0.6001716546451867,1,0,0,0,1936,31.0,0,-0.12882945296972925,-0.018880108599210077,0,8,0,0
Major companies,r03_r09,r03,r09,both,22,22,5,8,-0.049553750800834295,-0.6145828224624182,-0.38076384773043004,5,0,0,0,2456,43.0,0,-0.0883222619942522,0.0218439527693286,0,21,0,0
Major companies,r03_r10,r03,r10,both,22,22,6,8,-0.04801195869857833,-0.6134098503773109,-0.39434839913630376,6,0,0,0,2430,42.5,0,-0.0873539123988259,0.024036058344653444,0,20,0,0
Major companies,r03_r11,r03,r11,both,22,22,6,9,-0.06340539410596552,-0.6495481929925249,-0.46605797771013785,6,0,0,0,2270,37.0,0,-0.10336193184275383,0.024830235896785124,0,16,1,0
Major companies,r03_r12,r03,r12,both,22,22,1,2,-0.07911351553399026,-0.6793109528645298,-0.5602838655103659,2,0,1,1,1379,11.5,0,-0.12099841694454133,-0.002622510341891926,0,11,0,0
Major companies,r03_r13,r03,r13,both,22,22,8,15,-0.023552416124132003,-0.5219509667714658,-0.16251592167790418,7,0,0,0,1933,20.0,0,-0.06445230579562783,0.052146923251041866,0,19,0,0
Major companies,r03_r14,r03,r14,both,22,22,5,7,-0.06456758228920312,-0.6081027055324173,-0.4620705413198862,5,0,0,0,1802,17.5,0,-0.09120488331783638,0.011009016462312005,0,13,1,0
Major companies,r03_r15,r03,r15,both,22,22,8,14,-0.01752346744406208,-0.5149449934164969,-0.13329990336905584,6,0,0,0,1985,20.5,0,-0.05572819366525433,0.05106379751173212,0,21,0,0
Major companies,r03_r16,r03,r16,both,22,22,7,14,-0.020022034765171115,-0.5200488519762346,-0.14988322574097074,6,0,0,0,1977,20.0,0,-0.055715650742160006,0.048874019158409554,0,21,0,0
Major companies,r03_r17,r03,r17,both,22,22,7,13,-0.020741023397229774,-0.5242756219802767,-0.1330990618473853,6,0,0,0,1907,18.5,0,-0.061131996363532004,0.05188036745767344,0,21,0,0
Major companies,r03_r18,r03,r18,both,22,22,8,11,-0.025489344650296564,-0.5884731114719457,-0.19974183384690058,8,0,16,0,1524,4.0,1,-0.07748136542957457,0.028213403558354555,1,17,1,1
Major companies,r03_r19,r03,r19,both,22,22,15,19,0.009548401402219575,-0.4388803727460711,0.17576618285968382,13,0,8,0,1662,5.5,1,-0.02778932864174688,0.08341689838985455,2,22,2,1
Major companies,r03_r20,r03,r20,both,22,22,13,17,0.0007832863726555672,-0.46766451623772387,0.033154895759623826,11,0,12,0,1623,4.0,1,-0.03689648719641864,0.07466477030806656,0,20,2,0
Major companies,r03_r21,r03,r21,both,22,22,15,18,0.009871268380372,-0.45857758365061435,0.2705326575842435,13,0,7,0,1678,6.0,0,-0.02395470716573811,0.09201630924421311,0,22,0,0
Major companies,r03_r22,r03,r22,both,22,22,15,18,0.00901083756217158,-0.4622188011130862,0.20039311992064623,12,0,7,0,1676,6.0,0,-0.025793358943085765,0.09355231310065254,0,22,0,0
Major companies,r03_r23,r03,r23,both,22,22,15,18,0.003324876986482428,-0.42226424191579603,0.17884997092941923,12,0,10,0,1654,5.5,0,-0.026590022077836617,0.09891210778318599,2,20,3,2
Major companies,r03_r24,r03,r24,both,22,22,6,7,-0.04793810684533417,-0.6134098503773109,-0.39172091325631236,6,0,0,0,2434,43.0,0,-0.08728006054558174,0.024102909731397226,0,20,0,0
Major companies,r04_r00,r04,r00,both,22,22,0,0,-0.15686745592233525,-0.8691583734687831,-0.8368940001058138,0,0,0,0,1430,31.0,0,-0.2085097828945074,-0.1004414950348998,0,1,0,0
Major companies,r04_r01,r04,r01,both,22,22,3,5,-0.07821254081893031,-0.7283807691790843,-0.5935322483023795,3,0,0,0,2611,57.0,0,-0.13999770483270713,-0.025299185221399068,0,6,0,0
Major companies,r04_r02,r04,r02,both,22,22,0,0,-0.11071617869961214,-0.7724070168141649,-0.7075080173327799,0,0,0,0,2034,43.5,0,-0.17533010647829178,-0.05897905500954542,0,3,0,0
Major companies,r04_r03,r04,r03,both,22,22,5,5,-0.06612553122571141,-0.7040587674478447,-0.5299376475266917,5,0,0,0,2779,62.0,0,-0.11437177806191517,0.0013033397535510138,0,13,0,0
Major companies,r04_r04,r04,r04,both,22,22,5,6,-0.0765310970599678,-0.6979649259066176,-0.555349451559065,5,0,0,0,2737,59.5,0,-0.11675399145580911,0.0,0,0,0,0
Major companies,r04_r05,r04,r05,both,22,22,3,5,-0.0828860499563836,-0.7204057456160103,-0.5976077662926789,3,0,0,0,2516,54.0,0,-0.1358831895186578,-0.011110653566199502,0,5,1,0
Major companies,r04_r06,r04,r06,both,22,22,0,0,-0.11729181685604478,-0.7856408646729094,-0.729169762584828,0,0,0,0,1335,23.0,0,-0.17250099443233619,-0.052872241089232,0,3,0,0
Major companies,r04_r07,r04,r07,both,22,22,4,6,-0.049522358886518125,-0.6537659293011339,-0.3968703676086493,4,0,0,0,2271,39.0,0,-0.10615560054055923,0.016145507193154662,0,16,0,0
Major companies,r04_r08,r04,r08,both,22,22,2,3,-0.08214524974381904,-0.6896369012137191,-0.5956211591668275,1,0,0,0,1877,32.0,0,-0.12696040418084104,-0.01614521485422199,0,7,0,0
Major companies,r04_r09,r04,r09,both,22,22,4,8,-0.05001013278497607,-0.6024861951476549,-0.4097494553846164,5,0,0,0,2382,42.5,0,-0.08850944242440195,0.026320966801638535,0,21,0,0
Major companies,r04_r10,r04,r10,both,22,22,5,6,-0.05153007997790693,-0.591571911972973,-0.3664165703388606,6,0,0,0,2356,42.0,0,-0.08847457816070231,0.025479096698179604,0,21,0,0
Major companies,r04_r11,r04,r11,both,22,22,5,8,-0.053982432703539474,-0.6365310430115456,-0.4409186670897207,6,0,0,0,2201,37.0,0,-0.10458902398508618,0.02643448739135129,0,15,1,0
Major companies,r04_r12,r04,r12,both,22,22,1,1,-0.07817428029304707,-0.6692048733674002,-0.5862684906936027,1,0,1,1,1324,11.5,0,-0.1202825020217902,-0.0020534551275137036,0,11,0,0
Major companies,r04_r13,r04,r13,both,22,22,6,14,-0.015383327109574296,-0.5087139031186572,-0.12861938765943193,7,0,0,0,1858,20.0,0,-0.06762538407094826,0.05181320362305597,0,20,0,0
Major companies,r04_r14,r04,r14,both,22,22,5,6,-0.05293255221631904,-0.5924001963313065,-0.42907834491474434,6,0,0,0,1733,17.5,0,-0.09047847899333777,0.01767492642898999,0,14,1,0
Major companies,r04_r15,r04,r15,both,22,22,7,12,-0.012362403673042255,-0.5128437190523423,-0.11168310589670821,7,0,0,0,1907,20.5,0,-0.05590609095744331,0.05615683668952698,0,21,0,0
Major companies,r04_r16,r04,r16,both,22,22,6,12,-0.01943974382458241,-0.5184795855938258,-0.13799736789138378,6,0,0,0,1899,20.0,0,-0.055682700187067335,0.054457198736861445,0,21,0,0
Major companies,r04_r17,r04,r17,both,22,22,6,13,-0.02005125679684111,-0.5008160876075216,-0.19035644255675538,6,0,0,0,1833,18.5,0,-0.060520922683410305,0.0525784612938916,0,20,0,0
Major companies,r04_r18,r04,r18,both,22,22,7,12,-0.01596406875852724,-0.5825806090491168,-0.18055535358473868,8,0,16,0,1454,4.0,1,-0.07781541774047063,0.03995198070513756,1,17,2,1
Major companies,r04_r19,r04,r19,both,22,22,16,18,0.019529134660682623,-0.42694964646915307,0.2247580687728563,16,0,8,0,1584,5.5,1,-0.028124220409095346,0.0978277381561482,2,21,2,1
Major companies,r04_r20,r04,r20,both,22,22,13,17,0.010791716181836941,-0.4351331436196992,0.08836452476125845,12,0,12,0,1547,4.0,1,-0.03715064438760629,0.07364786298284681,0,20,2,0
Major companies,r04_r21,r04,r21,both,22,22,15,18,0.012297611491701277,-0.45835605244647915,0.19885124689554723,15,0,7,0,1600,6.0,0,-0.02422420651605872,0.0944426384989514,0,21,0,0
Major companies,r04_r22,r04,r22,both,22,22,15,18,0.011531725804852955,-0.461376988869566,0.17787853867096248,15,0,7,0,1598,6.0,0,-0.026160920012301525,0.0944426384989514,0,21,0,0
Major companies,r04_r23,r04,r23,both,22,22,16,18,0.01087855995972975,-0.43147303350460137,0.1429221123191705,15,0,10,0,1576,5.5,0,-0.026799516707643245,0.09468444134304232,2,21,3,2
Major companies,r04_r24,r04,r24,both,22,22,5,6,-0.05153007997790693,-0.591571911972973,-0.38076128086967587,6,0,0,0,2360,42.5,0,-0.08828789141161486,0.02555226411628958,0,21,0,0
Major companies,r05_r00,r05,r00,both,22,22,0,0,-0.14604794665985366,-0.8244048270239819,-0.7948175843882892,0,0,0,0,1209,27.5,0,-0.21721772946157442,-0.10793900233820197,0,0,0,0
Major companies,r05_r01,r05,r01,both,22,22,4,8,-0.034977067458538236,-0.6683712163349556,-0.3566602942389829,6,0,0,0,2148,49.0,0,-0.12635013589123023,0.00028792310774905516,0,11,0,0
Major companies,r05_r02,r05,r02,both,22,22,1,4,-0.08851046970259957,-0.7193500112683424,-0.6220965460598031,0,0,0,0,1732,38.0,0,-0.17676146108364155,-0.0497569483180238,0,2,0,0
Major companies,r05_r03,r05,r03,both,22,22,8,13,-0.012145554700181804,-0.6337157380992027,-0.1831760283833902,8,0,0,0,2265,51.5,0,-0.10514626317951492,0.016628893040880555,0,18,0,0
Major companies,r05_r04,r05,r04,both,22,22,8,13,-0.012601494003674996,-0.6397075359903575,-0.20749522529092024,9,0,0,0,2231,50.0,0,-0.0966905877651309,0.012918083523415058,0,20,0,0
Major companies,r05_r05,r05,r05,both,22,22,8,11,-0.029166437405580614,-0.6895098434088214,-0.2868050312673698,8,0,0,0,2058,46.0,0,-0.12559698749637904,0.0,0,0,0,0
Major companies,r05_r06,r05,r06,both,22,22,0,0,-0.09482619149204935,-0.7475147855467932,-0.6767052797419313,0,0,0,0,1136,21.5,0,-0.19351257539832895,-0.07978556431762462,0,3,0,0
Major companies,r05_r07,r05,r07,both,22,22,5,13,-0.018199772996588204,-0.6094596845298987,-0.21331648047416352,5,0,0,0,1925,38.0,0,-0.11326064357501564,0.018285838861353543,0,16,0,0
Major companies,r05_r08,r05,r08,both,22,22,4,6,-0.07384689375135739,-0.6500419963303629,-0.5139300769325044,4,0,0,0,1605,31.0,0,-0.13901432297717659,-0.024278246307446516,0,7,2,0
Major companies,r05_r09,r05,r09,both,22,22,9,16,-0.006788200333315897,-0.6008997374826393,-0.11101871694672383,8,0,0,0,2020,41.0,0,-0.08653191894846579,0.02983584542560186,0,19,0,0
Major companies,r05_r10,r05,r10,both,22,22,9,15,-0.012160043296591094,-0.5784754745243392,-0.08612268928753819,8,0,0,0,1996,41.0,0,-0.08858917838281799,0.02897213065013471,0,20,0,0
Major companies,r05_r11,r05,r11,both,22,22,8,13,-0.009636583984838798,-0.6102066766296612,-0.16353472193761898,9,0,0,0,1862,36.0,0,-0.09672807211149786,0.015228324488721245,0,19,0,0
Major companies,r05_r12,r05,r12,both,22,22,2,3,-0.05544974243888595,-0.6230742583331971,-0.4316791789807798,2,0,1,1,1080,11.5,0,-0.14419063337826554,-0.020608842206767175,0,8,0,0
Major companies,r05_r13,r05,r13,both,22,22,13,18,0.01691373741454949,-0.5294696953894836,0.12435556782006696,13,0,0,0,1535,20.0,0,-0.07005198835930004,0.04774112849200596,0,20,0,0
Major companies,r05_r14,r05,r14,both,22,22,11,12,-0.008822639545091271,-0.5698341052258533,0.011570412709417,10,0,0,0,1424,17.5,0,-0.0992771521743323,0.015099151637892216,0,14,4,0
Major companies,r05_r15,r05,r15,both,22,22,14,19,0.02107164345065915,-0.5318530714627567,0.21883323184761205,14,0,0,0,1577,20.5,0,-0.059236517510876,0.06028027285223969,0,22,0,0
Major companies,r05_r16,r05,r16,both,22,22,14,18,0.0146045340406451,-0.5361802175084018,0.23920020455048707,14,0,0,0,1568,20.0,0,-0.05838621694709362,0.0608477633224912,0,22,0,0
Major companies,r05_r17,r05,r17,both,22,22,15,16,0.023895070796059015,-0.49778153829704047,0.26129592115654565,15,0,0,0,1511,18.5,0,-0.06195703431317595,0.05007881067993292,0,22,3,0
Major companies,r05_r18,r05,r18,both,22,22,12,13,0.03095039373841013,-0.5957411022032489,0.2558537390251965,12,0,16,0,1154,4.0,1,-0.0852428291263852,0.03708915325878637,0,17,2,0
Major companies,r05_r19,r05,r19,both,22,22,20,20,0.05549285883438326,-0.465824131841641,0.7470255429648005,20,0,8,0,1254,5.5,1,-0.02706335382544156,0.09485437167114358,2,22,2,1
Major companies,r05_r20,r05,r20,both,22,22,16,19,0.04523112363231263,-0.45535142432000886,0.5652926994562475,15,0,12,0,1220,4.0,1,-0.041752537641773446,0.08997194145787119,1,22,3,1
Major companies,r05_r21,r05,r21,both,22,22,20,21,0.0509994087926976,-0.4998676164442654,0.749261047802176,19,0,7,0,1269,6.0,0,-0.02877692836336554,0.09805902334382632,0,22,0,0
Major companies,r05_r22,r05,r22,both,22,22,20,21,0.05030143791558972,-0.4989769116765163,0.6601098038887727,19,0,7,0,1267,6.0,0,-0.029979509300153695,0.09805447901447467,0,22,0,0
Major companies,r05_r23,r05,r23,both,22,22,18,20,0.05196547452314304,-0.4502837930921853,0.6637972533720157,18,0,10,0,1247,5.5,0,-0.029226369099968785,0.10161151117189171,2,22,3,2
Major companies,r05_r24,r05,r24,both,22,22,9,15,-0.012089296866501231,-0.5784754745243389,-0.0843710776808459,8,0,0,0,2000,41.0,0,-0.08858917838281799,0.02897213065013471,0,20,0,0
Major companies,r06_r00,r06,r00,both,22,22,7,7,-0.033239487737192874,-0.728839694874927,-0.3021384705228518,7,0,0,0,514,11.0,0,-0.17520284449436507,-0.005820400946208448,0,6,0,0
Major companies,r06_r01,r06,r01,both,22,22,17,18,0.06107952660408267,-0.5728738388750098,0.7452635441262887,18,0,0,0,696,17.0,0,-0.07048046640626016,0.09899917823466664,0,20,0,0
Major companies,r06_r02,r06,r02,both,22,22,14,14,0.03500277442677735,-0.5962039613729602,0.4607132868385643,15,0,0,0,626,15.0,0,-0.08320426535233333,0.07929514835419482,0,19,2,0
Major companies,r06_r03,r06,r03,both,22,22,19,20,0.0634644719382198,-0.5655171424536778,0.6638555661524111,19,0,0,0,722,18.0,0,-0.06182409749247747,0.10571139662382739,0,20,0,0
Major companies,r06_r04,r06,r04,both,22,22,19,20,0.06080084939565589,-0.5653939162598758,0.6897342630953931,19,0,0,0,710,17.5,0,-0.062175529721280154,0.1117453282249895,0,20,0,0
Major companies,r06_r05,r06,r05,both,22,22,17,19,0.0537169385682329,-0.5770098944942066,0.6813197860246285,19,0,0,0,673,16.0,0,-0.06722546628629855,0.09718722047760198,0,20,0,0
Major companies,r06_r06,r06,r06,both,22,22,7,9,-0.03232278301795688,-0.7194595738003671,-0.3160422551873632,8,0,0,0,486,10.0,0,-0.17392964340014566,0.0,0,0,1,0
Major companies,r06_r07,r06,r07,both,22,22,17,19,0.07534977346294802,-0.5466277899628582,1.024163494468174,17,0,0,0,643,14.0,0,-0.06362396240518198,0.10113130924542835,0,20,2,0
Major companies,r06_r08,r06,r08,both,22,22,14,16,0.042737592234735944,-0.5966694692797545,0.4992605138613394,15,0,0,0,593,13.0,0,-0.07868197203775013,0.0744624596395343,0,19,4,0
Major companies,r06_r09,r06,r09,both,22,22,19,20,0.06926514656344096,-0.5611484147406436,0.8355761678326713,19,0,0,0,667,15.0,0,-0.06047485480576792,0.10990827974622625,0,20,0,0
Major companies,r06_r10,r06,r10,both,22,22,19,20,0.06843397784483907,-0.5464956305243367,0.7976510324610779,19,0,0,0,658,14.5,0,-0.06335666105236704,0.11083918743471532,0,20,0,0
Major companies,r06_r11,r06,r11,both,22,22,19,20,0.07361691461253883,-0.5534868304919531,0.8553649564460608,19,0,0,0,625,13.0,0,-0.060122090777130266,0.09711378722179737,0,20,2,0
Major companies,r06_r12,r06,r12,both,22,22,6,8,-0.03868874077742007,-0.6854216776476796,-0.3564796662888447,8,0,0,0,471,9.5,0,-0.152401073621812,0.0,0,8,1,0
Major companies,r06_r13,r06,r13,both,22,22,18,20,0.07099979109936105,-0.54139092770972,1.0239743423998007,18,0,0,0,629,13.0,0,-0.06408952322243522,0.10172262012072913,0,20,2,0
Major companies,r06_r14,r06,r14,both,22,22,14,15,0.0451143610772905,-0.5854891057470526,0.549877308405442,15,0,0,0,586,12.0,0,-0.07849100469579323,0.076743056368133,0,19,4,0
Major companies,r06_r15,r06,r15,both,22,22,20,20,0.07407048791777393,-0.5340352451083389,0.884666857442328,20,0,0,0,650,14.0,0,-0.05554914915074488,0.1091153093700225,0,20,0,0
Major companies,r06_r16,r06,r16,both,22,22,20,20,0.07232597256306728,-0.5353259977138143,0.8548073567160525,20,0,0,0,643,14.0,0,-0.05793135895299295,0.11186458937354071,0,20,0,0
Major companies,r06_r17,r06,r17,both,22,22,18,20,0.06509811019558287,-0.533840951274016,0.933310396063842,19,0,0,0,614,12.0,0,-0.05902853522135043,0.09712322104653054,0,20,2,0
Major companies,r06_r18,r06,r18,both,22,22,14,14,0.05524048487744382,-0.6149718383384284,0.6007197231423079,13,0,17,0,383,3.5,1,-0.0858291275144768,0.06034562626930462,1,19,3,1
Major companies,r06_r19,r06,r19,both,22,22,22,22,0.11150074463316784,-0.506214683183889,1.845524294040735,21,0,10,0,436,5.0,1,-0.023313614738587507,0.13064666303626793,1,22,4,1
Major companies,r06_r20,r06,r20,both,22,22,20,21,0.09787323279019156,-0.5275391808020373,1.44422242320861,21,0,13,0,417,4.0,1,-0.028334187526379728,0.12448788411992368,1,22,3,1
Major companies,r06_r21,r06,r21,both,22,22,21,22,0.10373364335188762,-0.5232923369427183,1.686411130708383,21,0,9,0,446,5.0,0,-0.02641208443756704,0.1436999769769327,0,21,1,0
Major companies,r06_r22,r06,r22,both,22,22,21,22,0.10280151286149963,-0.513922145293199,1.686411130708383,21,0,9,0,444,5.0,0,-0.028438678498923897,0.14610229778698114,0,21,1,0
Major companies,r06_r23,r06,r23,both,22,22,22,22,0.10674754855373159,-0.5028800243136646,1.9716640707950834,21,0,11,0,430,4.5,0,-0.023393534456164544,0.13252737645233437,0,22,3,0
Major companies,r06_r24,r06,r24,both,22,22,19,20,0.06843397784483907,-0.5464956305243367,0.8128533564540794,19,0,0,0,659,15.0,0,-0.06335666105236704,0.11083918743471532,0,20,0,0
Major companies,r07_r00,r07,r00,both,22,22,0,0,-0.13911628699182804,-0.8128948852942415,-0.7916984422108508,0,0,0,0,1276,27.0,0,-0.19069296203941472,-0.09141968525392263,0,0,0,0
Major companies,r07_r01,r07,r01,both,22,22,4,7,-0.06307391738387663,-0.6528116519987435,-0.5099291315364809,3,0,0,0,2169,50.5,0,-0.10589437361946014,-0.020043233471529864,0,2,0,0
Major companies,r07_r02,r07,r02,both,22,22,1,2,-0.10476988661007225,-0.760592512567865,-0.6673403586952588,0,0,0,0,1761,39.0,0,-0.1516841000591332,-0.060519275531229044,0,0,0,0
Major companies,r07_r03,r07,r03,both,22,22,5,7,-0.059394513707715535,-0.651398560162293,-0.4621581165797269,4,0,0,0,2259,53.5,0,-0.0986950751505789,-0.012341032106191974,0,8,0,0
Major companies,r07_r04,r07,r04,both,22,22,5,8,-0.06541983276819496,-0.6574627014995577,-0.4768984078188836,4,0,0,0,2229,52.0,0,-0.09800955740050016,-0.012588294606598383,0,8,0,0
Major companies,r07_r05,r07,r05,both,22,22,4,6,-0.06486191666383295,-0.6720444601486888,-0.5000729469211702,3,0,0,0,2106,47.0,0,-0.12210877193092884,-0.02778777263520732,0,4,0,0
Major companies,r07_r06,r07,r06,both,22,22,0,0,-0.11744475393519033,-0.7752896981215863,-0.698426092870226,0,0,0,0,1186,21.0,0,-0.15511354125711863,-0.0649334945178045,0,0,0,0
Major companies,r07_r07,r07,r07,both,22,22,4,7,-0.048685139949601164,-0.6201920877658494,-0.38207945291166373,4,0,0,0,1912,38.0,0,-0.09324693340175638,0.0,0,0,0,0
Major companies,r07_r08,r07,r08,both,22,22,1,3,-0.08226376798105273,-0.6629534816851943,-0.5600673713375359,1,0,0,0,1625,30.5,0,-0.1295213822332405,-0.02869385050737222,0,3,0,0
Major companies,r07_r09,r07,r09,both,22,22,5,8,-0.04455762390654677,-0.6071730091382034,-0.3442319173254398,4,0,0,0,1978,40.5,0,-0.08361773397066014,0.011827487149134508,0,16,0,0
Major companies,r07_r10,r07,r10,both,22,22,6,9,-0.04524077782782543,-0.6147235518666384,-0.33660192762761565,4,0,0,0,1960,40.5,0,-0.08668616192884054,0.008201211934641739,0,15,0,0
Major companies,r07_r11,r07,r11,both,22,22,4,8,-0.05222008915520554,-0.6268513099310437,-0.38266144708935473,4,0,0,0,1871,35.5,0,-0.09548255090996766,0.003237766834079725,0,12,1,0
Major companies,r07_r12,r07,r12,both,22,22,1,2,-0.07058486698428951,-0.6338431734764493,-0.5626505835337818,1,0,1,1,1081,11.5,0,-0.12418123596009689,-0.019703289368037114,0,3,0,0
Major companies,r07_r13,r07,r13,both,22,22,7,13,-0.026465637357659777,-0.5407832212918472,-0.1564160876051412,7,0,0,0,1504,20.0,0,-0.07224774080786928,0.02266917777007066,0,17,0,0
Major companies,r07_r14,r07,r14,both,22,22,6,8,-0.04431565150012029,-0.6066990337900635,-0.38063426355964175,6,0,0,0,1411,17.5,0,-0.09033296204795671,0.0015739692579811448,0,11,0,0
Major companies,r07_r15,r07,r15,both,22,22,9,13,-0.012574663679734088,-0.5224166216782229,-0.09963679467611392,8,0,0,0,1533,20.5,0,-0.0576251984203901,0.030921778926613297,0,19,1,0
Major companies,r07_r16,r07,r16,both,22,22,9,12,-0.015659012555695184,-0.5133649220674169,-0.11437615470125573,8,0,0,0,1526,20.0,0,-0.054437438219783085,0.02973117756163768,0,19,0,0
Major companies,r07_r17,r07,r17,both,22,22,8,11,-0.012746945969828505,-0.5262452511318252,-0.13995465166926846,8,0,0,0,1484,18.5,0,-0.06013539959302994,0.030645583223265993,0,18,0,0
Major companies,r07_r18,r07,r18,both,22,22,8,12,-0.01817720342968232,-0.5913313230235079,-0.11181375584870357,8,0,16,0,1100,4.0,1,-0.07402431240539709,0.024070166821358485,1,12,1,1
Major companies,r07_r19,r07,r19,both,22,22,16,18,0.023197320405113464,-0.42412538636004365,0.2654825587108819,15,0,8,0,1209,5.5,1,-0.02377763796349619,0.0729474034938476,1,22,0,0
Major companies,r07_r20,r07,r20,both,22,22,14,17,0.019425918193908265,-0.461307359617667,0.21909968156012638,13,0,12,0,1176,4.0,1,-0.030601305454325933,0.053918623764120766,1,22,1,0
Major companies,r07_r21,r07,r21,both,22,22,17,19,0.0120674565898502,-0.43713047462630916,0.20084676717466066,16,0,7,0,1220,6.0,0,-0.022025912649024315,0.07561731827702517,0,22,0,0
Major companies,r07_r22,r07,r22,both,22,22,17,19,0.011785829253542879,-0.45090569389398577,0.16936374250502395,16,0,7,0,1218,6.0,0,-0.024606342454594365,0.07194717918266103,0,22,0,0
Major companies,r07_r23,r07,r23,both,22,22,15,17,0.028160586667331455,-0.42338657144794967,0.3140001551241377,14,0,10,0,1202,5.5,0,-0.025837111693512826,0.0713595641484071,1,22,0,0
Major companies,r07_r24,r07,r24,both,22,22,6,9,-0.0451266758574938,-0.6147235518666384,-0.3629721890659645,4,0,0,0,1962,40.5,0,-0.08668616192884054,0.008390136055563213,0,15,0,0
Major companies,r08_r00,r08,r00,both,22,22,4,5,-0.06445374892093059,-0.7633877433959584,-0.5263715330024314,5,0,0,0,726,16.0,0,-0.20074577753336936,-0.07348454072894994,0,2,0,0
Major companies,r08_r01,r08,r01,both,22,22,14,18,0.025069262572838924,-0.5903565523843111,0.2364228911236942,18,0,0,0,1046,25.5,0,-0.0768391983510539,0.014652656629272953,0,16,0,0
Major companies,r08_r02,r08,r02,both,22,22,12,13,0.016265090535346083,-0.6251082673517268,0.152975643336144,13,0,0,0,935,22.0,0,-0.10190146695550928,-0.02111025607778544,0,4,0,0
Major companies,r08_r03,r08,r03,both,22,22,17,19,0.03156101940666556,-0.5760359754493296,0.32803493617520507,18,0,0,0,1088,26.0,0,-0.0670256330417528,0.022634286457944464,0,16,0,0
Major companies,r08_r04,r08,r04,both,22,22,17,19,0.032671393018910644,-0.5783856313412437,0.3870528545938593,18,0,0,0,1074,26.0,0,-0.06740001003354934,0.018594686327816357,0,16,0,0
Major companies,r08_r05,r08,r05,both,22,22,14,17,0.02766356338294751,-0.5847634204437606,0.19571502510516026,17,0,0,0,1021,24.0,0,-0.0778562423976965,0.016844891111993165,0,14,0,0
Major companies,r08_r06,r08,r06,both,22,22,6,6,-0.07156248730495068,-0.7581151443748941,-0.5300356780974533,6,0,0,0,671,13.5,0,-0.17651279979430123,-0.04613931788646314,0,1,1,0
Major companies,r08_r07,r08,r07,both,22,22,18,18,0.04629756540416752,-0.5686592881666068,0.40991255207889465,18,0,0,0,935,19.0,0,-0.06120900892628467,0.025928646978456038,0,18,0,0
Major companies,r08_r08,r08,r08,both,22,22,12,13,0.02096039684301243,-0.5648207228129822,0.1800057857187436,13,0,0,0,852,17.0,0,-0.09160473942242348,0.0,1,0,3,0
Major companies,r08_r09,r08,r09,both,22,22,18,19,0.05470697577053729,-0.5613955303607701,0.6262127256629998,18,0,0,0,966,21.0,0,-0.05367558095776592,0.030613599276499814,0,17,0,0
Major companies,r08_r10,r08,r10,both,22,22,17,19,0.05691865898331938,-0.545056062418999,0.6348710439301664,18,0,0,0,957,20.5,0,-0.05498258247451082,0.034531973169935726,0,17,0,0
Major companies,r08_r11,r08,r11,both,22,22,16,18,0.04941694195055801,-0.5697180884283333,0.44515856344782445,17,0,0,0,915,18.5,0,-0.06143500889764586,0.028421848068301614,0,18,0,0
Major companies,r08_r12,r08,r12,both,22,22,6,7,-0.04601751030044149,-0.6753637253358882,-0.4246360930858404,7,0,0,0,634,10.5,0,-0.15506797441212256,-0.04209813752681563,0,2,1,0
Major companies,r08_r13,r08,r13,both,22,22,16,19,0.045625289831306426,-0.5596260927447583,0.4489377295434507,17,0,0,0,837,15.5,0,-0.06872094062802248,0.031816862557168424,0,17,1,0
Major companies,r08_r14,r08,r14,both,22,22,14,16,0.021056132290459106,-0.5493344291327966,0.350713712181132,16,0,0,0,786,14.0,0,-0.09337740530856653,0.009788521121376959,0,12,4,0
Major companies,r08_r15,r08,r15,both,22,22,19,21,0.05752557050830631,-0.5469119499107695,0.5102705674866022,18,0,0,0,860,16.5,0,-0.05556191383757081,0.03891501249682655,0,17,1,0
Major companies,r08_r16,r08,r16,both,22,22,19,21,0.057713944864165256,-0.5331490185392922,0.5092895571227094,18,0,0,0,853,16.5,0,-0.056869842732603426,0.0370359784522431,0,18,0,0
Major companies,r08_r17,r08,r17,both,22,22,15,18,0.05332314506188518,-0.5288878444283964,0.6208896100249471,17,0,0,0,823,15.0,0,-0.06671587840587156,0.031073210382775385,0,18,0,0
Major companies,r08_r18,r08,r18,both,22,22,14,14,0.038019392927215234,-0.6310847742689849,0.5457692755903254,14,0,16,0,557,4.0,1,-0.08464703182991029,0.0025248882616241697,1,11,1,1
Major companies,r08_r19,r08,r19,both,22,22,20,22,0.08392105831329866,-0.5024846461380881,1.153008672645589,22,0,8,0,612,5.5,1,-0.02740510751612457,0.06404555554507935,1,21,2,1
Major companies,r08_r20,r08,r20,both,22,22,17,20,0.07154515632329961,-0.5089399700546481,1.1389691644850488,18,0,12,0,593,4.0,1,-0.041485841859143946,0.05486479856969356,2,21,4,2
Major companies,r08_r21,r08,r21,both,22,22,21,22,0.07677434459904053,-0.4976243540585264,1.0707345633519014,21,0,7,0,623,6.0,0,-0.023563992974474313,0.06229598881770537,0,20,1,0
Major companies,r08_r22,r08,r22,both,22,22,21,22,0.07677434459904053,-0.494253361428849,1.0707345633519014,21,0,7,0,621,6.0,0,-0.026276945294760545,0.060952078321912406,0,21,0,0
Major companies,r08_r23,r08,r23,both,22,22,19,22,0.08495219823752909,-0.5052706001265783,1.1751577421587611,21,0,10,0,608,5.5,0,-0.029156437811801716,0.06392466652527395,1,21,1,0
Major companies,r08_r24,r08,r24,both,22,22,17,19,0.05691865898331938,-0.545056062418999,0.6348710439301664,18,0,0,0,958,20.5,0,-0.05498258247451082,0.034531973169935726,0,17,0,0
Major companies,r09_r00,r09,r00,both,22,22,0,0,-0.1520909136331749,-0.8410436270109873,-0.8424146723792582,0,0,0,0,1441,31.0,0,-0.19918189431417893,-0.1051091805328972,0,0,0,0
Major companies,r09_r01,r09,r01,both,22,22,3,5,-0.08195969640014417,-0.7006028945409037,-0.580161789482281,3,0,0,0,2486,57.0,0,-0.13244493872183288,-0.042621894532486826,0,0,0,0
Major companies,r09_r02,r09,r02,both,22,22,0,1,-0.11913861046708446,-0.7741350525763009,-0.7209465850002197,0,0,0,0,1975,44.0,0,-0.1706452541402757,-0.08802298298663996,0,0,0,0
Major companies,r09_r03,r09,r03,both,22,22,4,6,-0.07031563874198393,-0.6954750955795557,-0.5676417132272584,3,0,0,0,2605,63.0,0,-0.11253254064912138,-0.021412293835346208,0,1,0,0
Major companies,r09_r04,r09,r04,both,22,22,4,5,-0.07737395273787906,-0.7002509578770818,-0.5815864652313814,3,0,0,0,2569,61.0,0,-0.11024488812618477,-0.028812337686831002,0,1,0,0
Major companies,r09_r05,r09,r05,both,22,22,1,5,-0.09120631739597146,-0.7139730410273105,-0.5766671416048275,1,0,0,0,2410,55.0,0,-0.13237103200620876,-0.03770713288240596,0,0,0,0
Major companies,r09_r06,r09,r06,both,22,22,0,0,-0.11304901458628208,-0.766834812076696,-0.741164866143491,0,0,0,0,1307,22.5,0,-0.16155573598487283,-0.06723924421734817,0,1,0,0
Major companies,r09_r07,r09,r07,both,22,22,4,6,-0.06032107289326205,-0.6254600914358375,-0.44522600287485264,4,0,0,0,2098,39.5,0,-0.09853232130350653,-0.009119557842590276,0,5,0,0
Major companies,r09_r08,r09,r08,both,22,22,1,2,-0.0886481153593362,-0.6968069283428875,-0.6148576738768354,0,0,0,0,1772,31.0,0,-0.13383217034444755,-0.046095143311192244,0,5,0,0
Major companies,r09_r09,r09,r09,both,22,22,5,7,-0.04834783553327976,-0.6172056864217681,-0.4129167213029243,4,0,0,0,2170,43.0,0,-0.08593692196830705,0.0,0,0,0,0
Major companies,r09_r10,r09,r10,both,22,22,5,7,-0.053494844917093276,-0.6149731352452116,-0.3635420916790519,4,0,0,0,2148,42.5,0,-0.08780414529513964,-0.0016215192332581507,0,8,0,0
Major companies,r09_r11,r09,r11,both,22,22,5,6,-0.06575418428368451,-0.6297921778540039,-0.4667097137756901,5,0,0,0,2045,37.0,0,-0.10180406442728507,-0.0030254010654101604,0,11,0,0
Major companies,r09_r12,r09,r12,both,22,22,1,1,-0.08368633557184657,-0.6893809256578741,-0.5842923622994027,1,0,1,1,1209,11.5,0,-0.12053340847971084,-0.021783869618173468,0,5,0,0
Major companies,r09_r13,r09,r13,both,22,22,9,11,-0.02138897802025297,-0.5454874986405795,-0.19195099726780684,7,0,0,0,1652,20.0,0,-0.07043714760034003,0.027094762117504445,0,14,0,0
Major companies,r09_r14,r09,r14,both,22,22,4,7,-0.05933951251502079,-0.6052421360305562,-0.4490147078776894,4,0,0,0,1553,17.5,0,-0.09131229887738618,-0.009563441245945714,0,11,0,0
Major companies,r09_r15,r09,r15,both,22,22,9,12,-0.021087512789974616,-0.5155593375888496,-0.15750687427891658,7,0,0,0,1683,20.5,0,-0.05772192289084982,0.027373313595451254,0,19,0,0
Major companies,r09_r16,r09,r16,both,22,22,9,12,-0.021829009368678265,-0.5268256101461803,-0.16790585790102652,7,0,0,0,1676,20.0,0,-0.05329900636859808,0.025925554845737442,0,19,0,0
Major companies,r09_r17,r09,r17,both,22,22,7,13,-0.01858344263047601,-0.5296526696595498,-0.16666887529897284,7,0,0,0,1631,18.5,0,-0.05833538965408103,0.01741170578833373,0,17,0,0
Major companies,r09_r18,r09,r18,both,22,22,7,10,-0.02414493252124661,-0.557091083429623,-0.19828288422783935,7,0,16,0,1245,4.0,1,-0.07310147961736913,0.012345262696376313,1,13,1,1
Major companies,r09_r19,r09,r19,both,22,22,15,18,0.017091119576728042,-0.4369526188016707,0.18217131386231844,14,0,8,0,1359,5.5,1,-0.023257281619589065,0.06454237214191227,1,22,0,0
Major companies,r09_r20,r09,r20,both,22,22,12,17,0.01262278152471541,-0.43965281976378506,0.15255320829521934,12,0,12,0,1326,4.0,0,-0.030280022722958044,0.047949186844088,1,19,0,0
Major companies,r09_r21,r09,r21,both,22,22,13,18,0.017223406422974374,-0.44261656335496347,0.2380408306699261,13,0,7,0,1370,6.0,0,-0.021813375419092895,0.05892467676187935,0,22,0,0
Major companies,r09_r22,r09,r22,both,22,22,13,18,0.014690304622965722,-0.442616563354964,0.2380408306699261,13,0,7,0,1368,6.0,0,-0.024346477219101548,0.060259279029124535,0,22,0,0
Major companies,r09_r23,r09,r23,both,22,22,14,16,0.022544927320317654,-0.41309784222436396,0.2529226671135283,14,0,10,0,1352,5.5,0,-0.02442426605202941,0.06841169877468922,1,21,1,0
Major companies,r09_r24,r09,r24,both,22,22,5,7,-0.053309136142485836,-0.6149731352452116,-0.36230525775366884,4,0,0,0,2152,43.0,0,-0.08780414529513964,-0.0016215192332581507,0,8,0,0
Major companies,r10_r00,r10,r00,both,22,22,0,0,-0.15747458953519416,-0.8604493681064596,-0.8326376270138365,0,0,0,0,1400,31.5,0,-0.19957015250629212,-0.10465416546746231,0,1,0,0
Major companies,r10_r01,r10,r01,both,22,22,2,5,-0.07770838233562771,-0.7099710273970044,-0.5806424354311681,3,0,0,0,2419,57.5,0,-0.1309255033479373,-0.04841075885961493,0,3,0,0
Major companies,r10_r02,r10,r02,both,22,22,0,0,-0.11893944798252731,-0.7764146032948447,-0.7243939635906841,0,0,0,0,1925,43.5,0,-0.17278157041172582,-0.08454830427033122,0,0,0,0
Major companies,r10_r03,r10,r03,both,22,22,3,5,-0.06648883343320017,-0.6779861820737167,-0.539349179246785,3,0,0,0,2537,62.5,0,-0.11487647788158978,-0.026475043336789017,0,1,0,0
Major companies,r10_r04,r10,r04,both,22,22,3,5,-0.06896213489991881,-0.6738327378600738,-0.5406328687314526,3,0,0,0,2501,60.5,0,-0.11150439157162662,-0.025792395807016977,0,1,0,0
Major companies,r10_r05,r10,r05,both,22,22,2,4,-0.08926745354749355,-0.7128440758539246,-0.6127405220395346,1,0,0,0,2345,54.5,0,-0.13565161895110994,-0.04600031615379552,0,1,0,0
Major companies,r10_r06,r10,r06,both,22,22,0,0,-0.11437875681364196,-0.7722647362077233,-0.7480622992985677,0,0,0,0,1268,23.0,0,-0.1688673128576772,-0.07674236417707969,0,1,0,0
Major companies,r10_r07,r10,r07,both,22,22,4,6,-0.05536383554985691,-0.6237798970429094,-0.4013952093030667,4,0,0,0,2040,39.0,0,-0.09826735963531841,-0.010705386295383312,0,8,0,0
Major companies,r10_r08,r10,r08,both,22,22,1,2,-0.08643465411981516,-0.6973746363418469,-0.6219381467601041,0,0,0,0,1723,31.5,0,-0.13424242518660207,-0.04272606713343957,0,4,0,0
Major companies,r10_r09,r10,r09,both,22,22,5,6,-0.05320283862276748,-0.6151356732316356,-0.4119271035276366,5,0,0,0,2112,42.5,0,-0.08409441374433696,0.001626742248386659,0,14,0,0
Major companies,r10_r10,r10,r10,both,22,22,5,6,-0.05237533650042725,-0.6091937852741185,-0.4091731357204946,5,0,0,0,2090,42.0,0,-0.08787700129041137,0.0,0,0,0,0
Major companies,r10_r11,r10,r11,both,22,22,4,6,-0.06271025263519814,-0.6316747572844801,-0.4952629379892698,5,0,0,0,1988,37.0,0,-0.1010951632432,-0.006264103945549049,0,9,0,0
Major companies,r10_r12,r10,r12,both,22,22,1,1,-0.07829844796655783,-0.6899622620116417,-0.59077665010233,1,0,1,1,1162,11.5,0,-0.117146694571589,-0.017496465303634245,0,3,0,0
Major companies,r10_r13,r10,r13,both,22,22,6,11,-0.01461264516848687,-0.5522133953332901,-0.1848084466341715,6,0,0,0,1593,20.0,0,-0.06994611593200378,0.020171100125635333,0,15,0,0
Major companies,r10_r14,r10,r14,both,22,22,4,7,-0.05358654874853913,-0.6017916927766502,-0.4310557453957934,5,0,0,0,1500,17.5,0,-0.0946356909657517,-0.012336110277065493,0,10,0,0
Major companies,r10_r15,r10,r15,both,22,22,7,11,-0.016890442073783762,-0.5184030768085335,-0.16302769777833337,8,0,0,0,1624,20.5,0,-0.05846532521185488,0.0306979798003294,0,18,0,0
Major companies,r10_r16,r10,r16,both,22,22,8,11,-0.017630612107150667,-0.5144439401915946,-0.18501284319019207,7,0,0,0,1617,20.0,0,-0.0532628634665554,0.029738456598844887,0,19,0,0
Major companies,r10_r17,r10,r17,both,22,22,7,12,-0.01319752694023224,-0.5327192829968697,-0.18452643805204666,7,0,0,0,1573,18.5,0,-0.05889256386192232,0.020833760859717998,0,18,0,0
Major companies,r10_r18,r10,r18,both,22,22,5,11,-0.020296468036044624,-0.5662810851650841,-0.2325318378069749,5,0,16,0,1192,4.0,1,-0.07633034347539946,0.008464055037666673,1,12,1,1
Major companies,r10_r19,r10,r19,both,22,22,14,18,0.019546686709551953,-0.42378462233193376,0.16318150903247286,14,0,8,0,1300,5.5,1,-0.023533647879352526,0.07172489832987566,1,22,2,0
Major companies,r10_r20,r10,r20,both,22,22,12,17,0.010192064773243859,-0.44359097690043936,0.0555110450254539,14,0,12,0,1268,4.0,0,-0.030752446375663267,0.04180171809187161,1,20,2,0
Major companies,r10_r21,r10,r21,both,22,22,15,17,0.016482870612469003,-0.43282584779435657,0.10178933494594689,14,0,7,0,1311,6.0,0,-0.02220894274713031,0.05852540178782606,0,22,0,0
Major companies,r10_r22,r10,r22,both,22,22,15,17,0.017966107251030206,-0.4328258477943565,0.16537341065469158,14,0,7,0,1309,6.0,0,-0.02476958083574593,0.05985463162980148,0,22,0,0
Major companies,r10_r23,r10,r23,both,22,22,14,16,0.025832518725413478,-0.403176523679554,0.22293906868597213,15,0,10,0,1293,5.5,0,-0.0244210476436435,0.06699596071874209,1,21,2,0
Major companies,r10_r24,r10,r24,both,22,22,5,6,-0.05218751324956428,-0.6091937852741185,-0.4091731357204946,5,0,0,0,2094,42.5,0,-0.08787700129041143,0.0,0,4,0,0
Major companies,r11_r00,r11,r00,both,22,22,0,0,-0.14035519883553432,-0.81083890282884,-0.7844941996422092,0,0,0,0,1189,28.0,0,-0.20695760807238345,-0.12233946429410109,0,0,0,0
Major companies,r11_r01,r11,r01,both,22,22,5,8,-0.03256835092778193,-0.6269685854444702,-0.3454845245605423,5,0,0,0,2019,50.0,0,-0.11526100721794569,-0.017114812468224938,0,5,0,0
Major companies,r11_r02,r11,r02,both,22,22,1,2,-0.09323830046286469,-0.7117039044715829,-0.6501293506673103,1,0,0,0,1660,38.5,0,-0.17029554444207606,-0.07097699227956783,0,0,0,0
Major companies,r11_r03,r11,r03,both,22,22,6,10,-0.0257194037787129,-0.6081662825305738,-0.3036127126133227,6,0,0,0,2118,53.5,0,-0.10032502675190302,-0.006838763041816132,0,9,0,0
Major companies,r11_r04,r11,r04,both,22,22,6,10,-0.02935811677646566,-0.6025891171767339,-0.32429915331060205,8,0,0,0,2089,52.0,0,-0.09934855738294629,-0.001841871624529201,0,11,0,0
Major companies,r11_r05,r11,r05,both,22,22,6,8,-0.03758587744219499,-0.6310835541684234,-0.4331267745410801,6,0,0,0,1960,47.0,0,-0.12154147969427254,-0.02079705258999187,0,3,0,0
Major companies,r11_r06,r11,r06,both,22,22,0,0,-0.09963817051982693,-0.7578163214164658,-0.6883994939011931,0,0,0,0,1095,21.5,0,-0.1829646039011512,-0.09998478202999228,0,1,0,0
Major companies,r11_r07,r11,r07,both,22,22,6,9,-0.02402768031268976,-0.5750416308539936,-0.27914463893907904,7,0,0,0,1759,38.0,0,-0.10271677912614435,-0.004409219987172142,0,10,0,0
Major companies,r11_r08,r11,r08,both,22,22,2,4,-0.07306629257465413,-0.6504443950107035,-0.5435108540493938,3,0,0,0,1501,31.0,0,-0.13702471465579136,-0.050114579853546615,0,1,0,0
Major companies,r11_r09,r11,r09,both,22,22,6,14,-0.010886188243437511,-0.5603892534997228,-0.16978245844263512,8,0,0,0,1829,41.5,0,-0.08499022382472754,0.009541330308715512,0,12,0,0
Major companies,r11_r10,r11,r10,both,22,22,7,14,-0.00732448434754196,-0.5464695811241946,-0.15039676229536175,9,0,0,0,1810,41.0,0,-0.0883253335544339,0.007993735214730457,0,13,0,0
Major companies,r11_r11,r11,r11,both,22,22,8,13,-0.008534508843392963,-0.5778262532642511,-0.17764948226421257,9,0,0,0,1716,36.0,0,-0.10113297126662918,0.0,0,0,0,0
Major companies,r11_r12,r11,r12,both,22,22,2,3,-0.05791205117742859,-0.6394772200899268,-0.4996925736231658,3,0,1,1,974,11.5,0,-0.14893631156140252,-0.034018748664089216,0,5,0,0
Major companies,r11_r13,r11,r13,both,22,22,11,15,0.013632097957151701,-0.5346656490289752,0.01101304146602794,12,0,0,0,1345,20.0,0,-0.07180446463946966,0.03259975072311727,0,19,1,0
Major companies,r11_r14,r11,r14,both,22,22,8,11,-0.026999434531296607,-0.5414383437152174,-0.16870098685843793,7,0,0,0,1265,17.5,0,-0.09679022049823638,-0.00011611748708961755,0,10,0,0
Major companies,r11_r15,r11,r15,both,22,22,13,16,0.021692413043507996,-0.5175280572229286,0.18871668464067426,12,0,0,0,1376,20.5,0,-0.05900991484206192,0.03630112725752155,0,21,1,0
Major companies,r11_r16,r11,r16,both,22,22,13,16,0.016821744829480845,-0.49509365025711666,0.15349184230638346,12,0,0,0,1369,20.0,0,-0.056656229154106064,0.0390112029986181,0,21,1,0
Major companies,r11_r17,r11,r17,both,22,22,12,16,0.021607953529740764,-0.48545866103056456,0.1788626005612315,13,0,0,0,1328,18.5,0,-0.06167699156132356,0.03521402087916503,0,21,1,0
Major companies,r11_r18,r11,r18,both,22,22,12,12,0.015147911369270739,-0.6077433974941774,0.10263015224202643,12,0,16,0,965,4.0,1,-0.08220803424285633,0.013544694809574931,1,15,1,1
Major companies,r11_r19,r11,r19,both,22,22,17,18,0.05418504046343953,-0.4518579143478196,0.6697927694957048,16,0,8,0,1052,5.5,1,-0.023486441581463402,0.07525549126059133,1,22,1,0
Major companies,r11_r20,r11,r20,both,22,22,15,17,0.04647238397260112,-0.4407318996607889,0.505897769081578,15,0,12,0,1020,4.0,0,-0.03041906261046401,0.06421355765788278,1,21,0,0
Major companies,r11_r21,r11,r21,both,22,22,19,19,0.05344431406846539,-0.4422986458438357,0.6437583710727455,16,0,7,0,1063,6.0,0,-0.02262593737810381,0.07506250899406353,0,22,0,0
Major companies,r11_r22,r11,r22,both,22,22,17,19,0.05082833416893484,-0.4506061549027651,0.6590389315387671,16,0,7,0,1061,6.0,0,-0.025241917277634363,0.0715446580217387,0,22,0,0
Major companies,r11_r23,r11,r23,both,22,22,15,18,0.05998368214098326,-0.417136028848893,0.8059455544181202,16,0,10,0,1045,5.5,0,-0.024763489371199043,0.07581857498092859,1,22,1,0
Major companies,r11_r24,r11,r24,both,22,22,7,14,-0.00732448434754196,-0.5464695811241946,-0.14880255876397325,9,0,0,0,1814,41.0,0,-0.08832533355443395,0.008185559963183986,0,13,0,0
Major companies,r12_r00,r12,r00,both,22,22,8,8,-0.037804798086803204,-0.736099833571428,-0.366145667695754,7,0,0,0,508,13.0,0,-0.14165269817042342,-0.020651437371983383,0,7,1,0
Major companies,r12_r01,r12,r01,both,22,22,14,17,0.018826730627416022,-0.5989379954644245,0.1505717393161533,16,0,0,0,774,24.0,0,-0.07755772203000777,0.05551996540439619,0,20,0,0
Major companies,r12_r02,r12,r02,both,22,22,10,12,0.0006558715852552077,-0.6246196787304599,-0.010897162616755052,11,0,0,0,665,19.5,0,-0.086979872911568,0.026859488150509647,0,17,0,0
Major companies,r12_r03,r12,r03,both,22,22,14,17,0.030102107014123303,-0.5556907565860656,0.2756198122663819,15,0,0,0,809,24.5,0,-0.06753008599789262,0.06946917713472062,0,20,0,0
Major companies,r12_r04,r12,r04,both,22,22,15,18,0.029737744587657544,-0.552403328602016,0.22797282209731307,15,0,0,0,795,24.0,0,-0.06905107444874259,0.069767094062823,0,20,0,0
Major companies,r12_r05,r12,r05,both,22,22,13,15,0.014501472351391875,-0.5591437254795315,0.1335818229081972,14,0,0,0,741,22.5,0,-0.07475057564697074,0.050557164215366546,0,19,0,0
Major companies,r12_r06,r12,r06,both,22,22,7,7,-0.042556220110266496,-0.6940688642515065,-0.34908171992496007,7,0,0,0,474,10.0,0,-0.1398661443517521,-0.0015178243256562807,0,8,0,0
Major companies,r12_r07,r12,r07,both,22,22,15,16,0.04366431392250503,-0.5803948130780178,0.4732448752461922,16,0,0,0,659,18.5,0,-0.06728343797573783,0.058626284469348255,0,21,0,0
Major companies,r12_r08,r12,r08,both,22,22,12,13,0.013988370540815143,-0.5896749414633076,0.13166981251608967,13,0,0,0,589,15.5,0,-0.08172709882847212,0.04334500794698287,0,19,0,0
Major companies,r12_r09,r12,r09,both,22,22,16,18,0.039150966387463626,-0.5793079253579554,0.3555658364421106,17,0,0,0,684,19.5,0,-0.05967085681320361,0.06983669405501608,0,20,0,0
Major companies,r12_r10,r12,r10,both,22,22,16,18,0.035966617845556326,-0.5826077591827326,0.32834884907390804,17,0,0,0,675,19.0,0,-0.0626452458385029,0.07069695533144477,0,20,0,0
Major companies,r12_r11,r12,r11,both,22,22,14,17,0.02985367465182398,-0.5991523352258059,0.2272142419894969,16,0,0,0,639,17.0,0,-0.06886322687969693,0.06474033342914381,0,20,0,0
Major companies,r12_r12,r12,r12,both,22,22,7,7,-0.03879438464877799,-0.6522964705075817,-0.37108558339518505,7,0,0,0,448,9.5,0,-0.12813943905569392,0.0,0,0,0,0
Major companies,r12_r13,r12,r13,both,22,22,16,16,0.047728049841503695,-0.5551460525918075,0.43625409274041693,15,0,0,0,586,14.5,0,-0.06793490807081115,0.05978940681354933,1,21,0,0
Major companies,r12_r14,r12,r14,both,22,22,13,13,0.02289257208883233,-0.6029358657438213,0.20417156371929213,13,0,0,0,550,13.5,0,-0.07990644557636756,0.044259296746403665,0,20,0,0
Major companies,r12_r15,r12,r15,both,22,22,16,17,0.03399790348136911,-0.5395393824427908,0.3175113990321168,17,0,0,0,604,15.0,0,-0.057536927681903494,0.07046493396404746,0,20,2,0
Major companies,r12_r16,r12,r16,both,22,22,17,17,0.0324667575764378,-0.5350851990490426,0.29365261157445954,17,0,0,0,597,15.0,0,-0.059280963802416986,0.07172891939277642,0,20,2,0
Major companies,r12_r17,r12,r17,both,22,22,16,17,0.029638299388173417,-0.5673320083771302,0.2851569589368399,16,0,0,0,571,14.0,0,-0.06262165332994107,0.06179672866647029,0,20,2,0
Major companies,r12_r18,r12,r18,both,22,22,14,14,0.03053843909780285,-0.6298270841924108,0.3988999049197154,14,0,16,0,331,4.0,1,-0.06694012767320823,0.0406268240496761,1,21,1,1
Major companies,r12_r19,r12,r19,both,22,22,19,19,0.06599971123351422,-0.5036099510467638,0.9243071740768438,18,0,8,0,377,6.0,1,-0.02715997420739158,0.09269753548643023,1,22,2,1
Major companies,r12_r20,r12,r20,both,22,22,17,17,0.05960541886392923,-0.5254780841509208,0.7893504613435492,17,0,12,0,361,4.0,0,-0.030304701110753007,0.08270322853602291,0,22,2,0
Major companies,r12_r21,r12,r21,both,22,22,19,19,0.07542419199613648,-0.47867082898032154,1.0587177479173824,19,0,7,0,385,6.0,0,-0.02658620869621825,0.10018906717390169,0,22,1,0
Major companies,r12_r22,r12,r22,both,22,22,18,19,0.0728131073457624,-0.4616447678984248,1.0343012292999463,19,0,7,0,383,6.0,0,-0.02905156906366535,0.09748248854688929,0,22,1,0
Major companies,r12_r23,r12,r23,both,22,22,19,19,0.06241597028198764,-0.4988336013215408,0.8397934841524988,18,0,10,0,371,6.0,0,-0.02214425719269253,0.0911193667242104,0,22,2,0
Major companies,r12_r24,r12,r24,both,22,22,16,18,0.035966617845556326,-0.5826077591827326,0.32834884907390804,17,0,0,0,676,19.5,0,-0.0626452458385029,0.07069695533144477,0,20,0,0
Major companies,r13_r00,r13,r00,both,22,22,0,0,-0.1403889096646332,-0.8163577575330205,-0.7937202631718061,0,0,0,0,1251,28.0,0,-0.17679255625449747,-0.10906636354538007,0,1,0,0
Major companies,r13_r01,r13,r01,both,22,22,2,4,-0.08156235200128559,-0.6905959623234996,-0.6348983151283634,0,0,0,0,1931,53.0,0,-0.1028179871627607,-0.04699992259763175,0,3,0,0
Major companies,r13_r02,r13,r02,both,22,22,0,1,-0.10001654770154861,-0.7415536228453488,-0.6851992703129212,0,0,0,0,1614,40.0,0,-0.13507712144643774,-0.07164055093346461,0,0,0,0
Major companies,r13_r03,r13,r03,both,22,22,3,5,-0.08718462091596296,-0.6909422858219981,-0.6149029186547653,1,0,0,0,2021,57.0,0,-0.09893233339241797,-0.03691565333969249,0,5,0,0
Major companies,r13_r04,r13,r04,both,22,22,3,6,-0.07918927960364003,-0.6826448577939879,-0.5502739227214706,2,0,0,0,1986,55.0,0,-0.09830269855988083,-0.030232309660873036,0,5,0,0
Major companies,r13_r05,r13,r05,both,22,22,0,3,-0.09016119098884545,-0.692611615133923,-0.6242054163655937,0,0,0,0,1855,49.0,0,-0.11913599622865084,-0.05535682653230439,0,3,0,0
Major companies,r13_r06,r13,r06,both,22,22,0,0,-0.11749602795976016,-0.7739664075794557,-0.7199197680456741,0,0,0,0,1149,21.0,0,-0.15505329465071627,-0.08403083814029516,0,1,0,0
Major companies,r13_r07,r13,r07,both,22,22,2,6,-0.05986296667412666,-0.597486459290688,-0.4965644332993883,3,0,0,0,1624,38.0,0,-0.0875943158393197,-0.02416858073575795,0,4,0,0
Major companies,r13_r08,r13,r08,both,22,22,1,2,-0.08166552700578156,-0.6586018034889056,-0.5964163443779461,1,0,0,0,1434,31.0,0,-0.10036449128345509,-0.04852476965056901,0,1,0,0
Major companies,r13_r09,r13,r09,both,22,22,4,4,-0.06380918533107072,-0.5959833684902888,-0.4780784111432556,4,0,0,0,1682,41.0,0,-0.07925974062338564,-0.015659968072503028,0,6,0,0
Major companies,r13_r10,r13,r10,both,22,22,4,5,-0.05044140254801166,-0.6026470228589003,-0.43513534081193783,4,0,0,0,1663,41.0,0,-0.08230838355549774,-0.014917026785171483,0,7,0,0
Major companies,r13_r11,r13,r11,both,22,22,1,6,-0.06294554861955642,-0.618332580060178,-0.484234201342282,1,0,0,0,1578,36.0,0,-0.0919268835272572,-0.026666512404878717,0,4,0,0
Major companies,r13_r12,r13,r12,both,22,22,1,1,-0.07919094091688117,-0.641049622310796,-0.5788094786558775,2,0,1,1,956,11.5,0,-0.11094413138808684,-0.04190352231325256,0,2,0,0
Major companies,r13_r13,r13,r13,both,22,22,5,8,-0.029388633677396747,-0.4842441576098762,-0.3066978021906253,5,0,0,0,1195,20.0,0,-0.06810868205288106,0.0,0,0,0,0
Major companies,r13_r14,r13,r14,both,22,22,2,5,-0.05125729484020042,-0.5542065940846476,-0.41022811019846867,4,0,0,0,1142,17.5,0,-0.08273782688033798,-0.01665941989323444,0,4,0,0
Major companies,r13_r15,r13,r15,both,22,22,6,9,-0.023490218939700325,-0.49677180836934004,-0.22470103438651723,6,0,0,0,1221,20.5,0,-0.05672034746078197,0.010634811086379536,0,15,0,0
Major companies,r13_r16,r13,r16,both,22,22,6,10,-0.024516646949955756,-0.5013438710766405,-0.2502566658610746,6,0,0,0,1214,20.0,0,-0.05383859579729122,0.009014560735971622,0,14,0,0
Major companies,r13_r17,r13,r17,both,22,22,4,6,-0.03204246681202738,-0.46758202225300843,-0.2560539378322725,5,0,0,0,1176,18.5,0,-0.058072511989299525,0.004075417082598842,0,13,0,0
Major companies,r13_r18,r13,r18,both,22,22,7,11,-0.015253688562747947,-0.5497016051089938,-0.12245916042731775,8,0,16,0,834,4.0,1,-0.06121524596238137,0.007980873351186746,1,13,0,0
Major companies,r13_r19,r13,r19,both,22,22,14,16,0.02156066100293974,-0.38740511908459274,0.24262914835845684,13,0,8,0,899,5.5,1,-0.02353277551118138,0.03655999867000109,1,20,1,0
Major companies,r13_r20,r13,r20,both,22,22,13,15,0.009397073574856085,-0.4155941525958761,0.1350852618483841,12,0,12,0,882,4.0,0,-0.02819783598931308,0.032983669974827434,0,19,0,0
Major companies,r13_r21,r13,r21,both,22,22,14,15,0.012720484521798192,-0.38700461074119485,0.1610535568419319,13,0,7,0,908,6.0,0,-0.021579713581387494,0.03977439057637283,0,20,0,0
Major companies,r13_r22,r13,r22,both,22,22,14,15,0.011859732637590659,-0.3719419378576496,0.15932606038662944,13,0,7,0,906,6.0,0,-0.02409805731254483,0.03738058922963872,0,21,0,0
Major companies,r13_r23,r13,r23,both,22,22,14,16,0.0130515400963781,-0.38098156391920857,0.17893787404179107,12,0,10,0,893,5.5,0,-0.02277866754733915,0.03811115588576525,0,20,0,0
Major companies,r13_r24,r13,r24,both,22,22,4,5,-0.05044140254801166,-0.6026470228589003,-0.43513534081193783,4,0,0,0,1665,41.0,0,-0.08230838355549774,-0.014844752705137798,0,7,0,0
Major companies,r14_r00,r14,r00,both,22,22,5,5,-0.06714043198202874,-0.7800308365371658,-0.5302973046446013,5,0,0,0,722,16.0,0,-0.1573613411488824,-0.06857545746874794,0,2,0,0
Major companies,r14_r01,r14,r01,both,22,22,8,8,-0.023258895061221085,-0.5802032389438558,-0.2548653580831996,8,0,0,0,1081,33.0,0,-0.08847336429042063,-0.004206189306044494,0,9,0,0
Major companies,r14_r02,r14,r02,both,22,22,6,7,-0.04343313939045662,-0.6248252681704242,-0.3322655338404514,6,0,0,0,927,26.0,0,-0.10910804957414949,-0.03283094283309873,0,3,0,0
Major companies,r14_r03,r14,r03,both,22,22,9,11,-0.019541312909017672,-0.565704233890693,-0.2097621217282068,9,0,0,0,1128,33.5,0,-0.07226782888256944,0.006525559480157872,0,13,0,0
Major companies,r14_r04,r14,r04,both,22,22,9,12,-0.02120297649754499,-0.5816783222004029,-0.16170116507478,10,0,0,0,1109,32.5,0,-0.07652924448167603,0.005369577775411527,0,12,0,0
Major companies,r14_r05,r14,r05,both,22,22,8,9,-0.02174548167920265,-0.5881379464323573,-0.27937132813880955,7,0,0,0,1033,30.5,0,-0.08935731387274265,-0.011109973747576773,0,7,0,0
Major companies,r14_r06,r14,r06,both,22,22,5,6,-0.0706664139976132,-0.750560392154431,-0.5494949490809039,5,0,0,0,660,14.5,0,-0.15018383180299827,-0.05503055415964042,0,1,0,0
Major companies,r14_r07,r14,r07,both,22,22,10,12,0.0011492643215691989,-0.54635085148484,-0.09014857814257621,11,0,0,0,909,24.0,0,-0.07632231481396162,0.005727998234715759,0,13,0,0
Major companies,r14_r08,r14,r08,both,22,22,8,11,-0.015014216018052251,-0.5760596105142948,-0.1784702719143303,10,0,0,0,805,19.5,0,-0.09506129935085017,-0.008661818771389607,0,8,0,0
Major companies,r14_r09,r14,r09,both,22,22,11,14,-0.0002711999074631044,-0.5412891598451725,-0.049210500833434034,10,0,0,0,941,25.5,0,-0.06440757262270996,0.011981367941027776,0,17,0,0
Major companies,r14_r10,r14,r10,both,22,22,10,13,-0.0016766504737637522,-0.5491978206376887,-0.06749781360999157,10,0,0,0,931,25.5,0,-0.058975480622959486,0.011523767793790718,0,16,0,0
Major companies,r14_r11,r14,r11,both,22,22,10,11,-0.002299866920881133,-0.5555432347872897,-0.12061309014714333,11,0,0,0,880,23.5,0,-0.0687877612202436,0.0029712602158357138,0,12,0,0
Major companies,r14_r12,r14,r12,both,22,22,6,7,-0.05416674992331105,-0.6795477701684047,-0.4642454213346614,7,0,0,0,589,11.0,0,-0.12321766984276378,-0.04160518407732228,0,2,0,0
Major companies,r14_r13,r14,r13,both,22,22,13,13,0.014307347672850468,-0.5055525126480367,0.14877910179512088,12,0,0,0,738,16.0,0,-0.06638240475478807,0.01840848847085591,1,17,0,0
Major companies,r14_r14,r14,r14,both,22,22,11,11,0.004798139269921287,-0.5287285407369005,0.02003706648782938,11,0,0,0,699,14.5,0,-0.0824986310633819,0.0,0,0,0,0
Major companies,r14_r15,r14,r15,both,22,22,12,16,0.016577748414328686,-0.5442407991480094,0.15215792092846248,12,0,0,0,759,17.5,0,-0.05914237289670654,0.023534020224899366,0,19,0,0
Major companies,r14_r16,r14,r16,both,22,22,12,16,0.01633513021345734,-0.5439134020005426,0.12606302672458725,12,0,0,0,752,17.5,0,-0.05701544132139946,0.02310241271284913,0,19,0,0
Major companies,r14_r17,r14,r17,both,22,22,12,13,0.016919854288221292,-0.49123373213942345,0.14759327733945282,12,0,0,0,722,16.5,0,-0.059599154285220335,0.016934791324601073,0,19,0,0
Major companies,r14_r18,r14,r18,both,22,22,12,12,0.006126578198810295,-0.5803569613365809,0.11352613756271634,11,0,16,0,452,4.0,1,-0.06294304556234598,0.01217963455797716,1,13,0,0
Major companies,r14_r19,r14,r19,both,22,22,16,18,0.04440996732203073,-0.4492992182362285,0.5785760816249529,18,0,8,0,499,5.5,1,-0.026513766155673912,0.05305981981476515,1,21,1,0
Major companies,r14_r20,r14,r20,both,22,22,14,17,0.03417228444984499,-0.4614674071456687,0.3986087776206432,14,0,12,0,482,4.0,0,-0.027848334101159278,0.04563794387495024,0,21,0,0
Major companies,r14_r21,r14,r21,both,22,22,17,18,0.047850786351426255,-0.4515288248498235,0.6796745782120539,18,0,7,0,508,6.0,0,-0.022164811181372424,0.05225853157827193,0,21,0,0
Major companies,r14_r22,r14,r22,both,22,22,16,18,0.047850786351426255,-0.4562042008996341,0.6796745782120539,18,0,7,0,506,6.0,0,-0.02494623366054799,0.049766146271017886,0,21,0,0
Major companies,r14_r23,r14,r23,both,22,22,16,17,0.04692911608238959,-0.4579870658615737,0.5854819951438506,17,0,10,0,493,5.5,0,-0.02450971506034244,0.05094366484083429,0,21,0,0
Major companies,r14_r24,r14,r24,both,22,22,10,13,-0.0016766504737637522,-0.5488145058181598,-0.06749781360999157,10,0,0,0,932,25.5,0,-0.058895044343260594,0.011523767793790718,0,16,0,0
Major companies,r15_r00,r15,r00,both,22,22,0,0,-0.15151557068739452,-0.8369467529223586,-0.8388164737955226,0,0,0,0,1419,32.0,0,-0.1822089630003222,-0.12711875108122922,0,0,0,0
Major companies,r15_r01,r15,r01,both,22,22,1,4,-0.095190162170593,-0.6994228208656439,-0.6692706349147635,1,0,0,0,2183,59.0,0,-0.12756040374435657,-0.06339611516782367,0,0,0,0
Major companies,r15_r02,r15,r02,both,22,22,0,1,-0.12387089605663942,-0.7674142499595615,-0.7544656194476888,0,0,0,0,1823,45.0,0,-0.1498309451068804,-0.09735594683671334,0,0,0,0
Major companies,r15_r03,r15,r03,both,22,22,2,4,-0.08618506821852989,-0.7066431043481802,-0.6478051680154187,2,0,0,0,2287,64.5,0,-0.11167494837285746,-0.05425983134513446,0,1,0,0
Major companies,r15_r04,r15,r04,both,22,22,2,4,-0.09389777780978403,-0.7195609294903826,-0.6544600642495813,2,0,0,0,2249,62.0,0,-0.1093121574911024,-0.05407532751990851,0,1,0,0
Major companies,r15_r05,r15,r05,both,22,22,1,2,-0.09968289012077869,-0.7201382168923582,-0.6978944615765386,1,0,0,0,2103,55.0,0,-0.12875658207362245,-0.07466399440777732,0,0,0,0
Major companies,r15_r06,r15,r06,both,22,22,0,0,-0.11789844788140696,-0.7735933814691408,-0.7657518129334402,0,0,0,0,1266,23.0,0,-0.16032274434668198,-0.10196330928420738,0,0,0,0
Major companies,r15_r07,r15,r07,both,22,22,3,5,-0.06887266408332549,-0.6515552643572352,-0.5169224883989576,2,0,0,0,1768,39.5,0,-0.09491365335633495,-0.037791856142212754,0,3,0,0
Major companies,r15_r08,r15,r08,both,22,22,0,0,-0.0891454222226839,-0.6746466333136396,-0.6127984395046143,0,0,0,0,1563,32.0,0,-0.10774299517932073,-0.052763272344077405,0,0,0,0
Major companies,r15_r09,r15,r09,both,22,22,2,6,-0.06542437794631295,-0.6469446528881853,-0.5276906978418023,3,0,0,0,1829,43.0,0,-0.0837581314006306,-0.02655136034948674,0,3,0,0
Major companies,r15_r10,r15,r10,both,22,22,2,5,-0.07150865099072545,-0.6290825028403159,-0.5377491350836399,2,0,0,0,1808,42.5,0,-0.0845591266363479,-0.030199491185649407,0,3,0,0
Major companies,r15_r11,r15,r11,both,22,22,3,5,-0.08406079858463245,-0.6442907232446035,-0.5737477413251946,2,0,0,0,1718,37.0,0,-0.10133673326130227,-0.037492125788232356,0,0,0,0
Major companies,r15_r12,r15,r12,both,22,22,1,1,-0.0835749665739155,-0.663260020858712,-0.5902550417270827,1,0,1,1,1061,11.5,0,-0.1141807375742051,-0.054772107719382235,0,2,0,0
Major companies,r15_r13,r15,r13,both,22,22,5,7,-0.03756542044604777,-0.5155294992019366,-0.32560415203307097,5,0,0,0,1309,20.0,0,-0.06768272998265035,-0.010460719777561134,0,7,0,0
Major companies,r15_r14,r15,r14,both,22,22,2,3,-0.06147534343347366,-0.5874702836209804,-0.46208097746505195,3,0,0,0,1255,17.5,0,-0.08218310014312447,-0.02908757007323104,0,4,0,0
Major companies,r15_r15,r15,r15,both,22,22,7,8,-0.03526461478273779,-0.5193585860634704,-0.3218820235354615,7,0,0,0,1335,20.5,0,-0.05658989786417801,0.0,0,0,0,0
Major companies,r15_r16,r15,r16,both,22,22,6,8,-0.03820838441141766,-0.5181294050525463,-0.34197083583033516,7,0,0,0,1328,20.0,0,-0.05255726575772496,-0.001958190753591049,0,5,0,0
Major companies,r15_r17,r15,r17,both,22,22,4,7,-0.03568324994468969,-0.4976047529244139,-0.31046860614830024,5,0,0,0,1290,18.5,0,-0.05590968459455098,-0.007154454096880758,0,8,0,0
Major companies,r15_r18,r15,r18,both,22,22,4,9,-0.03238244443819721,-0.5589538983451381,-0.25477945052867185,6,0,16,0,947,4.0,1,-0.0612415273147901,-0.0029249610250110525,1,9,0,0
Major companies,r15_r19,r15,r19,both,22,22,13,15,0.0025660699497538353,-0.3960260206951454,0.049500107772672775,11,0,8,0,1013,5.5,1,-0.0226827014121046,0.028834082236571912,1,21,0,0
Major companies,r15_r20,r15,r20,both,22,22,11,14,-0.00228554853980506,-0.43097970831995014,-0.008822102596864945,11,0,12,0,996,4.0,0,-0.02791344742029539,0.025339729150248957,0,18,0,0
Major companies,r15_r21,r15,r21,both,22,22,11,16,0.0008825484343892853,-0.38770972386129593,0.009627288841053738,12,0,7,0,1022,6.0,0,-0.021083214899810465,0.03076579185816991,0,22,0,0
Major companies,r15_r22,r15,r22,both,22,22,11,16,0.0008825484343892853,-0.3848320992971322,6.442656240573941e-05,12,0,7,0,1020,6.0,0,-0.02348415103939383,0.03012484729763837,0,22,0,0
Major companies,r15_r23,r15,r23,both,22,22,13,16,0.002231992638873026,-0.37329475443218385,0.0379020288571843,11,0,10,0,1007,5.5,0,-0.02182738814259705,0.028039624714686684,0,19,0,0
Major companies,r15_r24,r15,r24,both,22,22,2,5,-0.07143728660712662,-0.6380051609158689,-0.5377491350836399,2,0,0,0,1812,43.0,0,-0.0845591266363479,-0.030199491185649407,0,3,0,0
Major companies,r16_r00,r16,r00,both,22,22,0,0,-0.15502742192717672,-0.8562864285362877,-0.8310525922330136,0,0,0,0,1392,31.5,0,-0.18229018540107894,-0.12539031651152271,0,0,0,0
Major companies,r16_r01,r16,r01,both,22,22,1,3,-0.08730123408798784,-0.6780369975308169,-0.6371089923332998,1,0,0,0,2145,58.0,0,-0.1256664001423552,-0.062296885144472514,0,0,0,0
Major companies,r16_r02,r16,r02,both,22,22,0,0,-0.12568849329520204,-0.7797821375550764,-0.7425907740380941,0,0,0,0,1790,44.0,0,-0.14675707897145307,-0.09284775715067667,0,0,0,0
Major companies,r16_r03,r16,r03,both,22,22,2,5,-0.08710549892573255,-0.6851064541564875,-0.6402299432363168,2,0,0,0,2248,63.5,0,-0.1128169009511466,-0.05048207949179451,0,1,0,0
Major companies,r16_r04,r16,r04,both,22,22,2,4,-0.09196363983533007,-0.7020062737831002,-0.6471277689701972,2,0,0,0,2211,61.5,0,-0.11093469748556978,-0.05516769096557911,0,1,0,0
Major companies,r16_r05,r16,r05,both,22,22,1,2,-0.1017618027667389,-0.7065507636138986,-0.6970213421897912,1,0,0,0,2066,55.0,0,-0.13316388749665536,-0.0755447635305802,0,0,0,0
Major companies,r16_r06,r16,r06,both,22,22,0,0,-0.12022780802931837,-0.7860941643286975,-0.7693819915318085,0,0,0,0,1241,23.0,0,-0.16335537815902385,-0.1048383573558509,0,0,0,0
Major companies,r16_r07,r16,r07,both,22,22,3,4,-0.06621319955739746,-0.652333719223633,-0.5190827986766464,3,0,0,0,1737,39.0,0,-0.09474267109577672,-0.037213032228202325,0,3,0,0
Major companies,r16_r08,r16,r08,both,22,22,0,1,-0.08477208217844379,-0.6620343068334644,-0.6066928515232863,0,0,0,0,1533,32.0,0,-0.10833063496000295,-0.05141042114689032,0,0,0,0
Major companies,r16_r09,r16,r09,both,22,22,3,6,-0.06822991663910377,-0.6296967662492067,-0.5365168999816377,3,0,0,0,1798,42.5,0,-0.08217668150335894,-0.02508120429426902,0,3,0,0
Major companies,r16_r10,r16,r10,both,22,22,4,5,-0.07221525259567763,-0.6274377374892373,-0.541435534082157,3,0,0,0,1777,42.0,0,-0.08452387654127697,-0.03027547017903265,0,3,0,0
Major companies,r16_r11,r16,r11,both,22,22,3,5,-0.08171843084001928,-0.6215854845687917,-0.5462813067739571,3,0,0,0,1687,37.0,0,-0.10130006416159892,-0.03990465116549552,0,2,0,0
Major companies,r16_r12,r16,r12,both,22,22,1,1,-0.07797884526163668,-0.6686606522238159,-0.5858400718858264,1,0,1,1,1033,11.5,0,-0.11448498295580972,-0.055190470392067925,0,2,0,0
Major companies,r16_r13,r16,r13,both,22,22,4,8,-0.029576312576106933,-0.5219797233305346,-0.2984659106224846,5,0,0,0,1279,20.0,0,-0.06764730816768144,-0.00850453918286409,0,8,0,0
Major companies,r16_r14,r16,r14,both,22,22,2,3,-0.05785937023633331,-0.5727269941373441,-0.4567186875334529,3,0,0,0,1226,17.5,0,-0.08338533574792134,-0.028468869881969505,0,4,0,0
Major companies,r16_r15,r16,r15,both,22,22,7,8,-0.0358108296900016,-0.511521919323545,-0.3294315069922197,7,0,0,0,1305,20.5,0,-0.05641226922447451,0.0019531303953009838,0,15,0,0
Major companies,r16_r16,r16,r16,both,22,22,8,8,-0.0387528418394415,-0.5088339928304652,-0.3434195481985369,7,0,0,0,1298,20.0,0,-0.052579588417914824,0.0,0,0,0,0
Major companies,r16_r17,r16,r17,both,22,22,3,7,-0.03289093995185155,-0.5093456662935353,-0.30045562858826735,5,0,0,0,1260,18.5,0,-0.055891411643218036,-0.003490688611730741,0,8,0,0
Major companies,r16_r18,r16,r18,both,22,22,5,9,-0.026516797489531674,-0.5582422108511826,-0.21661616675728745,7,0,16,0,918,4.0,1,-0.05958645361398707,0.001859990502172837,1,12,0,0
Major companies,r16_r19,r16,r19,both,22,22,13,15,0.005250150517678631,-0.3973522863105044,0.027813287601793135,13,0,8,0,983,5.5,1,-0.02281781486034351,0.03184995200258961,1,20,0,0
Major companies,r16_r20,r16,r20,both,22,22,11,15,-0.0008347320560771476,-0.4249689995318747,-0.006785214363249803,10,0,12,0,966,4.0,0,-0.027817472776695884,0.026589858900525454,0,17,0,0
Major companies,r16_r21,r16,r21,both,22,22,12,16,0.002459428048681378,-0.37486606128552197,0.03580602152838763,11,0,7,0,992,6.0,0,-0.021111916165847233,0.03170793138489164,0,21,0,0
Major companies,r16_r22,r16,r22,both,22,22,12,16,0.0024574408001469816,-0.37475656716919675,0.03580602152838763,11,0,7,0,990,6.0,0,-0.02354846044258052,0.03106873851916786,0,22,0,0
Major companies,r16_r23,r16,r23,both,22,22,13,15,0.0038488245034563606,-0.37391653562335336,0.0532976582041379,13,0,10,0,977,5.5,0,-0.021938627064927607,0.02818443309945562,0,20,0,0
Major companies,r16_r24,r16,r24,both,22,22,4,6,-0.07221525259567763,-0.6274377374892373,-0.541435534082157,3,0,0,0,1781,42.5,0,-0.08452387654127702,-0.029624474182693983,0,3,0,0
Major companies,r17_r00,r17,r00,both,22,22,0,0,-0.14035519883553438,-0.8152009996467184,-0.7878288810714369,0,0,0,0,1180,28.0,0,-0.17488442028276785,-0.10906297341772397,0,1,0,0
Major companies,r17_r01,r17,r01,both,22,22,2,6,-0.0659065167211465,-0.6479329514619467,-0.5127229705422158,1,0,0,0,1844,53.0,0,-0.11147185598594017,-0.049292308356602366,0,1,0,0
Major companies,r17_r02,r17,r02,both,22,22,0,1,-0.1048996776382714,-0.7268707582068548,-0.6562678548827585,0,0,0,0,1549,40.0,0,-0.1454789573750523,-0.08721967740768244,0,0,0,0
Major companies,r17_r03,r17,r03,both,22,22,4,7,-0.05605047222340165,-0.6013132479983211,-0.4420567104405344,5,0,0,0,1937,57.5,0,-0.09812279793337919,-0.039390262727224346,0,3,0,0
Major companies,r17_r04,r17,r04,both,22,22,4,9,-0.05599191424960609,-0.6100814336093338,-0.4438491511386534,5,0,0,0,1902,55.5,0,-0.10472405183008687,-0.029531356457754232,0,2,0,0
Major companies,r17_r05,r17,r05,both,22,22,3,5,-0.07047797161790958,-0.6517877819614821,-0.5054824557153105,2,0,0,0,1768,50.0,0,-0.12072419795717265,-0.05360550745952947,0,0,0,0
Major companies,r17_r06,r17,r06,both,22,22,0,1,-0.10592307787884325,-0.778539029025689,-0.6989676934733551,0,0,0,0,1076,21.5,0,-0.16610097255367995,-0.09317870093494474,0,0,0,0
Major companies,r17_r07,r17,r07,both,22,22,4,8,-0.04912248179221762,-0.5489144059432112,-0.38010442024723357,4,0,0,0,1532,39.0,0,-0.09888062608793313,-0.030992962132576185,0,3,0,0
Major companies,r17_r08,r17,r08,both,22,22,1,2,-0.0662873641005044,-0.6510184540697068,-0.5082052740625788,1,0,0,0,1351,31.0,0,-0.11576600791897618,-0.05933912223315169,0,0,0,0
Major companies,r17_r09,r17,r09,both,22,22,4,8,-0.038637302241125215,-0.5467606664008635,-0.32437011215053796,6,0,0,0,1593,42.0,0,-0.08414470932285573,-0.01590754335791833,0,5,0,0
Major companies,r17_r10,r17,r10,both,22,22,4,9,-0.040111164265988875,-0.5635395050897064,-0.29001593076923965,6,0,0,0,1572,41.0,0,-0.08561254746452934,-0.014620220800057093,0,4,0,0
Major companies,r17_r11,r17,r11,both,22,22,5,9,-0.03134596010934032,-0.5876715590422152,-0.2919875550875309,5,0,0,0,1484,36.0,0,-0.10229230065717215,-0.025180244411591057,0,1,0,0
Major companies,r17_r12,r17,r12,both,22,22,2,2,-0.06900327750829072,-0.6512274813150254,-0.5430451744668052,2,0,1,1,874,11.5,0,-0.12178025164195416,-0.05589509543454818,0,2,0,0
Major companies,r17_r13,r17,r13,both,22,22,7,13,-0.003772340477905034,-0.44937072537637024,-0.08863182314357182,9,0,0,0,1095,20.0,0,-0.06778463777852411,-0.004223731011819998,0,9,0,0
Major companies,r17_r14,r17,r14,both,22,22,3,7,-0.025359428668297268,-0.5552773084731399,-0.26010303001139096,4,0,0,0,1046,17.5,0,-0.08516515250509715,-0.023223048493953347,0,1,0,0
Major companies,r17_r15,r17,r15,both,22,22,10,12,-0.009381958928329992,-0.4718617367349135,-0.046699524355963196,10,0,0,0,1121,20.5,0,-0.057543457896513106,0.007362628319090514,0,14,0,0
Major companies,r17_r16,r17,r16,both,22,22,10,12,-0.010426848166690983,-0.4845027084580125,-0.05594836860278546,10,0,0,0,1114,20.0,0,-0.05547158718783596,0.0034667931083551262,0,14,0,0
Major companies,r17_r17,r17,r17,both,22,22,8,13,-0.0048203216510623315,-0.46532815066053795,-0.0779271071634351,11,0,0,0,1076,18.5,0,-0.058626805054833475,0.0,0,0,0,0
Major companies,r17_r18,r17,r18,both,22,22,11,11,-0.005989081500404614,-0.5561870966896679,-0.04547580775425181,11,0,16,0,744,4.0,1,-0.06258606753602813,0.00894475985457771,1,13,0,0
Major companies,r17_r19,r17,r19,both,22,22,16,16,0.025335879969989428,-0.3971575226550847,0.22065873936238967,15,0,8,0,799,5.5,1,-0.023317608885718877,0.04198278807885003,1,20,1,0
Major companies,r17_r20,r17,r20,both,22,22,15,15,0.01762533033695235,-0.41176325471295183,0.1797791841785985,14,0,12,0,782,4.0,0,-0.02839891488345364,0.0334525216928262,0,18,0,0
Major companies,r17_r21,r17,r21,both,22,22,15,16,0.02257974095295634,-0.4224436713847228,0.23082534839283075,15,0,7,0,808,6.0,0,-0.021766414949643265,0.0376094659318727,0,21,0,0
Major companies,r17_r22,r17,r22,both,22,22,15,16,0.021660255243087123,-0.39973238904027214,0.21021617927867053,15,0,7,0,806,6.0,0,-0.024271976623706504,0.03644280324713367,0,21,0,0
Major companies,r17_r23,r17,r23,both,22,22,15,16,0.0240540590295778,-0.3625368469405253,0.2664069404011752,14,0,10,0,793,5.5,0,-0.02249263309589211,0.038415049996450124,0,19,0,0
Major companies,r17_r24,r17,r24,both,22,22,4,9,-0.03929424840037571,-0.5635395050897064,-0.29544424061048835,6,0,0,0,1576,41.0,0,-0.08561254746452934,-0.014620220800057093,0,4,0,0
Major companies,r18_r00,r18,r00,both,22,22,3,4,-0.06180533866638799,-0.6939729717556433,-0.5151986907943589,3,0,0,0,541,16.5,0,-0.13447660439576486,-0.06133845395248627,0,3,0,0
Major companies,r18_r01,r18,r01,both,22,22,7,9,-0.023584587342608876,-0.6015690422402511,-0.24372788019355845,9,0,0,0,902,33.0,0,-0.07706001373690619,-0.011894476489190287,0,9,0,0
Major companies,r18_r02,r18,r02,both,22,22,5,6,-0.033816211664591755,-0.6013298670500986,-0.33406435282970237,5,0,0,0,721,24.0,0,-0.09845921142529651,-0.035395533351595454,0,4,0,0
Major companies,r18_r03,r18,r03,both,22,22,8,10,-0.02043854773012943,-0.5671264115317463,-0.18074897455027483,8,0,0,0,960,35.0,1,-0.07435321715664234,-0.010357833560298457,0,8,0,0
Major companies,r18_r04,r18,r04,both,22,22,8,11,-0.01716414454469367,-0.5779454010127529,-0.1374374773011482,8,0,0,0,935,33.0,1,-0.07960294634284759,-0.01189443456737077,0,8,0,0
Major companies,r18_r05,r18,r05,both,22,22,7,8,-0.019778916232011168,-0.5942863845471018,-0.218087450133506,7,0,0,0,848,30.0,1,-0.08608757668575634,-0.01645887500087545,0,7,0,0
Major companies,r18_r06,r18,r06,both,22,22,4,4,-0.055340489198201614,-0.6958643389384752,-0.44948447222481724,4,0,0,0,463,14.0,0,-0.11625737371867789,-0.06255727163607944,0,2,0,0
Major companies,r18_r07,r18,r07,both,22,22,8,12,-0.0024430564351531348,-0.5604688354516507,-0.05375054789767475,8,0,0,0,706,23.5,0,-0.061969765391685694,0.0008260243694864777,0,12,0,0
Major companies,r18_r08,r18,r08,both,22,22,8,10,-0.012562405671760257,-0.6008189529621618,-0.15827640049285818,10,0,0,0,604,20.0,0,-0.08402746881305295,-0.010250625341018504,0,7,0,0
Major companies,r18_r09,r18,r09,both,22,22,10,13,-5.807806794472237e-05,-0.5155760510699305,-0.03367508361277455,11,0,0,0,736,25.5,0,-0.057682390183767474,0.00882095552155926,0,14,0,0
Major companies,r18_r10,r18,r10,both,22,22,11,14,0.0025144576785921524,-0.5256353021780398,-0.025458402720760165,11,0,0,0,723,25.0,0,-0.05816290748632291,0.010311200564745326,0,14,0,0
Major companies,r18_r11,r18,r11,both,22,22,8,13,-0.003933212377305206,-0.5365363457055806,-0.08285461503965036,9,0,0,0,673,23.0,0,-0.06302891727430265,-0.006537512695346415,0,9,0,0
Major companies,r18_r12,r18,r12,both,22,22,5,6,-0.0363089067204741,-0.6548044308030299,-0.369802544990222,5,0,0,0,392,10.5,0,-0.11279203937058163,-0.04494859722113431,0,1,0,0
Major companies,r18_r13,r18,r13,both,22,22,15,15,0.011781921172333454,-0.5314171570778414,0.08185256476708769,15,0,0,0,534,16.0,0,-0.06564204943268076,0.00781674864264359,1,13,0,0
Major companies,r18_r14,r18,r14,both,22,22,8,12,-0.001973384684114843,-0.5608200123850818,-0.04428669608961672,11,0,0,0,494,15.0,0,-0.08199592568761566,-0.008334077452197608,0,8,0,0
Major companies,r18_r15,r18,r15,both,22,22,13,16,0.014822048141746813,-0.49570514867698745,0.11497541008328194,14,0,0,0,553,17.0,0,-0.05839102099236948,0.01642178464175198,0,15,0,0
Major companies,r18_r16,r18,r16,both,22,22,13,15,0.015439411890141086,-0.49570514867698745,0.11877730106663875,14,0,0,0,546,17.0,0,-0.05659644480982223,0.020638556696476074,0,15,0,0
Major companies,r18_r17,r18,r17,both,22,22,13,15,0.008828540433392207,-0.5262028890988564,0.05131321921289689,14,0,0,0,519,16.0,0,-0.0632763047615188,0.0010562566029039822,0,12,0,0
Major companies,r18_r18,r18,r18,both,22,22,11,12,-0.0010688360602898461,-0.5614380474406041,-0.010326268197509147,11,0,16,0,254,4.0,1,-0.06330536562933226,0.0,1,0,0,0
Major companies,r18_r19,r18,r19,both,22,22,19,20,0.04267624568745443,-0.44657377498481493,0.5086909053142593,19,0,8,0,297,5.5,1,-0.02598474386351146,0.0414508664934361,1,20,1,0
Major companies,r18_r20,r18,r20,both,22,22,17,17,0.026930284566984874,-0.4608414434565614,0.29885917240968707,17,0,12,0,281,4.0,1,-0.02727869431620944,0.030838092168884057,1,21,0,0
Major companies,r18_r21,r18,r21,both,22,22,20,20,0.04439297694158295,-0.44805887357487306,0.5346800425024156,20,0,7,0,306,6.0,0,-0.022665238750851358,0.03727389978359008,0,20,0,0
Major companies,r18_r22,r18,r22,both,22,22,19,20,0.04259543848707947,-0.45028132624997846,0.5086680574777469,19,0,7,0,304,6.0,0,-0.02516547071538283,0.041552571289223406,0,20,0,0
Major companies,r18_r23,r18,r23,both,22,22,19,20,0.03762452940651517,-0.4532973010371258,0.43887310809975055,19,0,10,0,291,5.5,0,-0.02434665175651579,0.03873198007084616,0,21,0,0
Major companies,r18_r24,r18,r24,both,22,22,11,13,0.0025144576785921524,-0.5256353021780398,-0.024811872962020864,11,0,0,0,726,25.0,0,-0.05816290748632291,0.010311200564745326,0,14,0,0
Major companies,r19_r00,r19,r00,both,22,22,0,0,-0.15108283868308636,-0.8186044226429567,-0.8113645257431207,0,0,0,0,1113,29.0,0,-0.17198926286994082,-0.14591726861772242,0,0,0,0
Major companies,r19_r01,r19,r01,both,22,22,0,0,-0.09044927162164057,-0.699903862393743,-0.653078194053227,0,0,0,0,1752,54.5,0,-0.11061479208624808,-0.0935616310778295,0,0,0,0
Major companies,r19_r02,r19,r02,both,22,22,0,0,-0.11426438867649491,-0.7622732009395574,-0.712172018478991,0,0,0,0,1432,39.0,0,-0.13366548880619378,-0.11402129547938195,0,0,0,0
Major companies,r19_r03,r19,r03,both,22,22,0,3,-0.09034350887318254,-0.7017973837102895,-0.6516474425826771,0,0,0,0,1852,59.5,0,-0.10655658834622339,-0.09360360347218943,0,1,0,0
Major companies,r19_r04,r19,r04,both,22,22,1,3,-0.09636619268799113,-0.7085858746299982,-0.6532205949767151,0,0,0,0,1813,57.0,0,-0.10655759530277104,-0.09187345703129779,0,1,0,0
Major companies,r19_r05,r19,r05,both,22,22,0,1,-0.09973918821734346,-0.7151826905683627,-0.6799516252651272,0,0,0,0,1672,51.0,0,-0.11796475599753076,-0.09877488181421357,0,0,0,0
Major companies,r19_r06,r19,r06,both,22,22,0,0,-0.12209635577087413,-0.7679371800448235,-0.7339981728071769,0,0,0,0,977,21.5,0,-0.14654496882180812,-0.11723105866690442,0,0,0,0
Major companies,r19_r07,r19,r07,both,22,22,1,2,-0.07838731128710935,-0.626882035371172,-0.563602999058426,1,0,0,0,1407,39.0,0,-0.08841946861541916,-0.07322004293034506,0,0,0,0
Major companies,r19_r08,r19,r08,both,22,22,0,1,-0.09508728932088067,-0.6882581370110699,-0.6408889819646355,0,0,0,0,1231,31.0,0,-0.10868179884854867,-0.08674348090804834,0,0,0,0
Major companies,r19_r09,r19,r09,both,22,22,0,4,-0.0725121128865881,-0.6114378701395335,-0.5400891160096657,2,0,0,0,1466,42.5,0,-0.08120977730688039,-0.06581776248201637,0,1,0,0
Major companies,r19_r10,r19,r10,both,22,22,0,5,-0.07208005148773505,-0.6152331430907394,-0.5329012093468615,1,0,0,0,1445,41.0,0,-0.08352120329636104,-0.07048645411624327,0,0,0,0
Major companies,r19_r11,r19,r11,both,22,22,1,3,-0.07620728475423272,-0.657753263386079,-0.5688859428958098,1,0,0,0,1359,36.5,0,-0.09512587004841788,-0.07405686105209341,0,1,0,0
Major companies,r19_r12,r19,r12,both,22,22,1,1,-0.09039235262405038,-0.6829922723944822,-0.6112059104534079,1,0,1,1,774,11.5,0,-0.10173013498468736,-0.07875171483100257,0,0,0,0
Major companies,r19_r13,r19,r13,both,22,22,2,4,-0.044441056738394547,-0.5198328784143518,-0.3742026712200981,2,0,0,0,967,20.0,0,-0.0662999869619274,-0.036975224120672445,0,2,0,0
Major companies,r19_r14,r19,r14,both,22,22,2,2,-0.06735364210293965,-0.5865355957408309,-0.5032275351773738,2,0,0,0,916,17.5,0,-0.08059119351957822,-0.05490971659465266,0,1,0,0
Major companies,r19_r15,r19,r15,both,22,22,3,5,-0.03720897532857703,-0.5383248619647885,-0.3322527466420724,3,0,0,0,993,20.5,0,-0.056852693410069766,-0.029530207910111517,0,1,0,0
Major companies,r19_r16,r19,r16,both,22,22,3,4,-0.03652649155299437,-0.5428373020770423,-0.3260262665210352,3,0,0,0,986,20.0,0,-0.05335234487008139,-0.03259362934790566,0,2,0,0
Major companies,r19_r17,r19,r17,both,22,22,2,3,-0.045658291239034476,-0.5098761262459226,-0.3894685732244614,2,0,0,0,948,18.5,0,-0.05670648639167092,-0.04167559342034899,0,2,0,0
Major companies,r19_r18,r19,r18,both,22,22,2,4,-0.03223992822498434,-0.5631142570518578,-0.2747400521101262,2,0,16,0,627,4.0,1,-0.06342409992146547,-0.03995339844010054,1,2,0,0
Major companies,r19_r19,r19,r19,both,22,22,11,14,-0.0004580248747703686,-0.42803432152796866,-0.004370004562891494,11,0,8,0,671,5.5,1,-0.022774515576430454,0.0,1,0,1,0
Major companies,r19_r20,r19,r20,both,22,22,9,12,-0.00850125139970831,-0.44986222790469105,-0.08055521866724796,9,0,12,0,655,4.0,1,-0.025714135770394442,-0.004304234429849785,1,5,0,0
Major companies,r19_r21,r19,r21,both,22,22,10,14,-0.001764743822534387,-0.44201466479214785,-0.017228681047303573,10,0,7,0,680,6.0,0,-0.02159370417850387,0.001180895204813015,0,14,0,0
Major companies,r19_r22,r19,r22,both,22,22,10,13,-0.006442001087191007,-0.4429779809411871,-0.061612890052018865,10,0,7,0,678,6.0,0,-0.02408710840252898,0.00014205198326688873,0,12,0,0
Major companies,r19_r23,r19,r23,both,22,22,11,13,0.00019082254953672884,-0.4324193086038288,0.001928951548038571,11,0,10,0,665,5.5,0,-0.02183957674668824,0.0,0,9,0,0
Major companies,r19_r24,r19,r24,both,22,22,0,5,-0.07208005148773505,-0.6152331430907394,-0.5325826199022539,1,0,0,0,1449,41.5,0,-0.08352120329636104,-0.07048645411624327,0,0,0,0
Major companies,r20_r00,r20,r00,both,22,22,4,4,-0.07670815066037018,-0.7539833336331332,-0.5861205469801976,3,0,0,0,708,20.5,0,-0.13768346878912174,-0.10739158819402889,0,0,0,0
Major companies,r20_r01,r20,r01,both,22,22,5,5,-0.052257188835109325,-0.6300688118051406,-0.43269742492717644,5,0,0,0,1136,40.5,0,-0.08647018050480476,-0.05792032377328682,0,1,0,0
Major companies,r20_r02,r20,r02,both,22,22,5,5,-0.07290404416515944,-0.6649864979280149,-0.5651783885074959,4,0,0,0,917,30.5,0,-0.1125644920975385,-0.0828224695367692,0,0,0,0
Major companies,r20_r03,r20,r03,both,22,22,5,6,-0.043595550942161165,-0.5917224194688555,-0.3255749044869036,5,0,0,0,1204,42.5,0,-0.08449304490157122,-0.0460055646880414,0,2,0,0
Major companies,r20_r04,r20,r04,both,22,22,4,6,-0.04421771085569953,-0.5835622495593085,-0.341647964764829,5,0,0,0,1177,41.5,0,-0.08223447195583117,-0.04650879653377149,0,3,0,0
Major companies,r20_r05,r20,r05,both,22,22,4,6,-0.05299261377072434,-0.6159419087281264,-0.44990553871789773,5,0,0,0,1078,38.0,0,-0.08864038931661855,-0.0600399778524095,0,1,0,0
Major companies,r20_r06,r20,r06,both,22,22,4,4,-0.06598890605174423,-0.7194432571661011,-0.5125803324513688,4,0,0,0,609,16.0,0,-0.12446147879834812,-0.09739674026755235,0,0,0,0
Major companies,r20_r07,r20,r07,both,22,22,6,7,-0.03412032498927281,-0.5818009645110492,-0.32197980064520687,6,0,0,0,899,28.0,0,-0.07838720420092848,-0.03895270701775111,0,1,0,0
Major companies,r20_r08,r20,r08,both,22,22,5,6,-0.04209635308540349,-0.5957095508455194,-0.3712819869295629,5,0,0,0,778,22.0,0,-0.09640816158952253,-0.05693080625929253,0,2,0,0
Major companies,r20_r09,r20,r09,both,22,22,6,11,-0.017202439252526236,-0.5511797478277477,-0.19379877800517414,6,0,0,0,936,30.0,0,-0.06997943857422156,-0.02273571440399408,0,2,0,0
Major companies,r20_r10,r20,r10,both,22,22,6,11,-0.01502097393149937,-0.5510497375410748,-0.1837988568916784,6,0,0,0,922,29.0,0,-0.061116498438605726,-0.02537791928931732,0,3,0,0
Major companies,r20_r11,r20,r11,both,22,22,6,7,-0.03457706670661875,-0.5725391727606635,-0.32695398744565773,6,0,0,0,864,26.5,0,-0.07776002858978337,-0.03819037524632146,0,2,0,0
Major companies,r20_r12,r20,r12,both,22,22,4,6,-0.05723832580869398,-0.6696927459819796,-0.4588724742928611,4,0,0,0,503,11.0,0,-0.09974731507871443,-0.07842501458598944,0,0,0,0
Major companies,r20_r13,r20,r13,both,22,22,9,10,-0.012699622615195527,-0.5237113505132779,-0.15530179808766098,9,0,0,0,650,17.0,0,-0.06407691353809641,-0.029443810987094643,1,3,0,0
Major companies,r20_r14,r20,r14,both,22,22,8,8,-0.03356167599563137,-0.5797858248067499,-0.3049652031776048,8,0,0,0,606,15.0,0,-0.08029371456137957,-0.045247185677966206,0,1,0,0
Major companies,r20_r15,r20,r15,both,22,22,8,15,-0.0027176172717959246,-0.49910042267973453,-0.05087570179349449,9,0,0,0,672,17.5,0,-0.053517371878094244,-0.01643323902619903,0,5,0,0
Major companies,r20_r16,r20,r16,both,22,22,10,14,-0.002792051128709949,-0.5024533619852666,-0.06537339431722577,11,0,0,0,665,17.5,0,-0.054095124039275966,-0.014098487497105072,0,5,0,0
Major companies,r20_r17,r20,r17,both,22,22,8,11,-0.007488174953975801,-0.5556103012356033,-0.10864824826731861,8,0,0,0,634,16.5,0,-0.05902742267200528,-0.028117636232775356,0,3,0,0
Major companies,r20_r18,r20,r18,both,22,22,10,11,-0.006291726027219391,-0.5579959193791121,-0.05903883403481719,10,0,16,0,352,4.0,1,-0.06467354287680871,-0.030492293965094175,1,1,0,0
Major companies,r20_r19,r20,r19,both,22,22,15,16,0.02836660569526861,-0.4280952626639313,0.31695738669558704,15,0,8,0,396,5.5,1,-0.025357495748222547,0.004364759215235714,1,14,1,0
Major companies,r20_r20,r20,r20,both,22,22,13,15,0.018661511367453865,-0.4425824883328297,0.19962710182138577,13,0,12,0,380,4.0,1,-0.026843911789883212,0.0,1,0,0,0
Major companies,r20_r21,r20,r21,both,22,22,17,19,0.0236089005297363,-0.4225118690494145,0.2587301037240698,17,0,7,0,405,6.0,0,-0.0225260581923149,0.005004793429491561,0,17,0,0
Major companies,r20_r22,r20,r22,both,22,22,16,19,0.0236089005297363,-0.4276692137208658,0.2587301037240698,16,0,7,0,403,6.0,0,-0.025069731020311292,0.0063214620405391275,0,17,0,0
Major companies,r20_r23,r20,r23,both,22,22,15,16,0.028376331325100534,-0.3942368830498185,0.3172145222735724,15,0,10,0,390,5.5,0,-0.023880412832836817,0.003996354099767507,0,16,0,0
Major companies,r20_r24,r20,r24,both,22,22,6,11,-0.014950551923309796,-0.5510497375410748,-0.1837988568916784,6,0,0,0,925,29.5,0,-0.061042655882456776,-0.02537791928931732,0,3,0,0
Major companies,r21_r00,r21,r00,both,22,22,0,0,-0.1647337165903639,-0.8504216676796551,-0.8475941381876626,0,0,0,0,1244,32.0,0,-0.17190348416961554,-0.1457497981959704,0,0,0,0
Major companies,r21_r01,r21,r01,both,22,22,0,2,-0.11449961659005053,-0.7369915292490897,-0.726031234605563,0,0,0,0,1941,59.5,0,-0.13003811582024144,-0.1012846698774229,0,0,0,0
Major companies,r21_r02,r21,r02,both,22,22,0,0,-0.1318602584801427,-0.7855539291141445,-0.7787679206444759,0,0,0,0,1605,44.0,0,-0.1524100153832199,-0.12757639718707314,0,0,0,0
Major companies,r21_r03,r21,r03,both,22,22,1,2,-0.09496952440894091,-0.7286528803016126,-0.6816111211686698,1,0,0,0,2047,65.0,0,-0.11597438771983498,-0.0881624057378882,0,0,0,0
Major companies,r21_r04,r21,r04,both,22,22,1,2,-0.10204603073429969,-0.7325679246727766,-0.7071788392248128,1,0,0,0,2007,62.5,0,-0.1133358331486014,-0.09030969507055747,0,1,0,0
Major companies,r21_r05,r21,r05,both,22,22,0,1,-0.11515531189540285,-0.7578982827901712,-0.7283963279184251,0,0,0,0,1859,56.0,0,-0.12835060630396405,-0.09982448669661503,0,0,0,0
Major companies,r21_r06,r21,r06,both,22,22,0,0,-0.12948577646438247,-0.7773719633847962,-0.770928247761129,0,0,0,0,1072,23.0,0,-0.15865316635673143,-0.1257061801118584,0,0,0,0
Major companies,r21_r07,r21,r07,both,22,22,0,2,-0.08053745597630241,-0.6344622604456162,-0.5641720716753442,1,0,0,0,1513,39.5,0,-0.09525248957274285,-0.07355349673236489,0,0,0,0
Major companies,r21_r08,r21,r08,both,22,22,0,0,-0.1058764649327752,-0.717209689359222,-0.6959421501232692,0,0,0,0,1331,32.0,0,-0.11260289436776783,-0.08872675947211806,0,0,0,0
Major companies,r21_r09,r21,r09,both,22,22,1,3,-0.0739803397438416,-0.630224045544768,-0.5290224711205642,1,0,0,0,1574,43.0,0,-0.08275378359883717,-0.058084409119139924,0,0,0,0
Major companies,r21_r10,r21,r10,both,22,22,1,3,-0.07840506337182951,-0.630037923394676,-0.5521579773937924,1,0,0,0,1553,42.5,0,-0.08528754955666046,-0.05713374423573497,0,0,0,0
Major companies,r21_r11,r21,r11,both,22,22,0,2,-0.09814152711185692,-0.6579095423428423,-0.6438289143439253,0,0,0,0,1463,37.0,0,-0.1001118814262717,-0.07763193796598894,0,0,0,0
Major companies,r21_r12,r21,r12,both,22,22,1,1,-0.09069164020043768,-0.6621691979549373,-0.6266961161760094,1,0,1,1,857,11.5,0,-0.10032475050971085,-0.07197874187825681,0,0,0,0
Major companies,r21_r13,r21,r13,both,22,22,2,2,-0.05038157340166266,-0.5947977746190993,-0.40861817574646125,2,0,0,0,1054,20.0,0,-0.06666778561155101,-0.04016471154321771,0,2,0,0
Major companies,r21_r14,r21,r14,both,22,22,2,3,-0.08030717978047769,-0.5962308968159846,-0.5598239424460618,2,0,0,0,1003,17.5,0,-0.07988532249988417,-0.05405565493408587,0,1,0,0
Major companies,r21_r15,r21,r15,both,22,22,4,5,-0.05969952911735943,-0.5259753026182383,-0.4515661037262287,3,0,0,0,1080,20.5,0,-0.056624276135781415,-0.031062290991495545,0,0,0,0
Major companies,r21_r16,r21,r16,both,22,22,3,5,-0.05574532622487749,-0.5127300486579854,-0.4473518577354031,3,0,0,0,1073,20.0,0,-0.05230408303489459,-0.032080039413143524,0,1,0,0
Major companies,r21_r17,r21,r17,both,22,22,3,3,-0.052532923181934366,-0.5574372639920688,-0.41203346032193433,2,0,0,0,1035,18.5,0,-0.054977036324224904,-0.03539252727698988,0,1,0,0
Major companies,r21_r18,r21,r18,both,22,22,2,5,-0.04659535294500661,-0.5685473055466087,-0.37415105936134135,2,0,16,0,714,4.0,1,-0.0634229504293653,-0.03547280061113278,1,2,0,0
Major companies,r21_r19,r21,r19,both,22,22,9,10,-0.014671050356677207,-0.4286998838178103,-0.1353154064612464,9,0,8,0,758,5.5,1,-0.022243715062552516,-0.0011875804753578856,1,8,0,0
Major companies,r21_r20,r21,r20,both,22,22,8,10,-0.015141688371790252,-0.426172216243023,-0.13795262717017343,8,0,12,0,742,4.0,0,-0.025440664142796332,-0.004829767487062653,1,5,0,0
Major companies,r21_r21,r21,r21,both,22,22,7,11,-0.014196760709786316,-0.41645525542304657,-0.13118289827492657,7,0,7,0,767,6.0,0,-0.021200730791473832,0.0,0,0,0,0
Major companies,r21_r22,r21,r22,both,22,22,7,8,-0.016623065613267096,-0.4174125355226478,-0.15200701213023304,7,0,7,0,765,6.0,0,-0.02359586390378232,-0.00012713682703319185,0,1,0,0
Major companies,r21_r23,r21,r23,both,22,22,7,10,-0.013016973370326479,-0.3831798725346564,-0.12086233787183215,7,0,10,0,752,5.5,0,-0.021268874295592877,-0.0015721475502421534,0,9,0,0
Major companies,r21_r24,r21,r24,both,22,22,1,3,-0.07833439356771515,-0.630037923394676,-0.5518762965011458,1,0,0,0,1557,43.0,0,-0.08528754955666046,-0.05713374423573497,0,0,0,0
Major companies,r22_r00,r22,r00,both,22,22,0,0,-0.15724974583102724,-0.8397948548485921,-0.8401375333279981,0,0,0,0,1229,32.0,0,-0.17148621573189277,-0.1477281013071458,0,0,0,0
Major companies,r22_r01,r22,r01,both,22,22,0,2,-0.1084908780876701,-0.7221962881622879,-0.7115127248862896,0,0,0,0,1921,59.0,0,-0.12919591063961056,-0.10002693650569555,0,0,0,0
Major companies,r22_r02,r22,r02,both,22,22,0,0,-0.13235604574841037,-0.7817602497667919,-0.783029665166401,0,0,0,0,1586,44.5,0,-0.15371599937977337,-0.12761022406768258,0,0,0,0
Major companies,r22_r03,r22,r03,both,22,22,1,2,-0.09634505198680421,-0.7223885753744719,-0.6725549315200949,1,0,0,0,2026,64.5,0,-0.11591786824746947,-0.08786256745230614,0,1,0,0
Major companies,r22_r04,r22,r04,both,22,22,1,1,-0.10350538987837321,-0.7324165908773277,-0.7017374490555612,1,0,0,0,1986,62.5,0,-0.11389186176421184,-0.08808620193432815,0,1,0,0
Major companies,r22_r05,r22,r05,both,22,22,0,1,-0.11320186795171167,-0.7461146991495269,-0.7127483000418329,0,0,0,0,1839,56.0,0,-0.12707358975153354,-0.10360946725424158,0,0,0,0
Major companies,r22_r06,r22,r06,both,22,22,0,0,-0.12671731014734539,-0.7822276579806222,-0.7671933217030766,0,0,0,0,1056,23.0,0,-0.16014073168181375,-0.12545791813760115,0,0,0,0
Major companies,r22_r07,r22,r07,both,22,22,0,2,-0.06810869136708969,-0.6321699663802596,-0.5181905433088494,0,0,0,0,1494,39.0,0,-0.0953854777342415,-0.06981901152853137,0,0,0,0
Major companies,r22_r08,r22,r08,both,22,22,0,0,-0.10500367796260995,-0.7211630322196251,-0.6923302559019262,0,0,0,0,1312,32.0,0,-0.11253669658976678,-0.09040299611317215,0,0,0,0
Major companies,r22_r09,r22,r09,both,22,22,1,3,-0.06405980910408188,-0.6252391952112182,-0.4768863893794324,1,0,0,0,1554,42.5,0,-0.08123898015133763,-0.055914344127818205,0,0,0,0
Major companies,r22_r10,r22,r10,both,22,22,1,3,-0.06836770296341332,-0.6340725473673527,-0.5112901848449345,1,0,0,0,1533,42.0,0,-0.08570787974106975,-0.05936648300048636,0,0,0,0
Major companies,r22_r11,r22,r11,both,22,22,1,2,-0.09561382318676098,-0.6615037756153321,-0.6284750019017235,0,0,0,0,1444,37.0,0,-0.10258620229097215,-0.07350326897457904,0,0,0,0
Major companies,r22_r12,r22,r12,both,22,22,1,1,-0.08931973942030635,-0.665956448315039,-0.6281041422618392,1,0,1,1,838,11.5,0,-0.10029946822901797,-0.07142954110896738,0,0,0,0
Major companies,r22_r13,r22,r13,both,22,22,2,3,-0.04880034925196031,-0.5738369817867218,-0.40449617717368924,2,0,0,0,1034,20.0,0,-0.06666985563611588,-0.03769816050778779,0,1,0,0
Major companies,r22_r14,r22,r14,both,22,22,2,3,-0.07547935999366445,-0.5860135826001374,-0.5375334763997779,2,0,0,0,983,17.5,0,-0.08023109541510637,-0.05183421211644024,0,0,0,0
Major companies,r22_r15,r22,r15,both,22,22,4,5,-0.05801855820438934,-0.5256294108111776,-0.44124204110317117,4,0,0,0,1060,20.5,0,-0.05651156500502008,-0.030425236561866464,0,0,0,0
Major companies,r22_r16,r22,r16,both,22,22,3,5,-0.0532369346883112,-0.5112313159261374,-0.4392493870714967,3,0,0,0,1053,20.0,0,-0.0523545852980673,-0.0314435812505503,0,0,0,0
Major companies,r22_r17,r22,r17,both,22,22,3,3,-0.05011157428817775,-0.5566524044940451,-0.42004815926633715,3,0,0,0,1015,18.5,0,-0.05512308889539402,-0.034616245161931625,0,1,0,0
Major companies,r22_r18,r22,r18,both,22,22,3,4,-0.043717664404803236,-0.5685473055466086,-0.3553259040126998,3,0,16,0,694,4.0,1,-0.06361830510958794,-0.03954811684952586,1,2,0,0
Major companies,r22_r19,r22,r19,both,22,22,10,10,-0.010428738833355045,-0.4273851768781567,-0.09780881278328474,10,0,8,0,738,5.5,1,-0.022210881444818475,-0.00014081494016709994,1,10,0,0
Major companies,r22_r20,r22,r20,both,22,22,9,10,-0.012929189031598065,-0.4208866699815466,-0.11999673312586856,9,0,12,0,722,4.0,0,-0.02545910879464458,-0.006190658977446195,1,5,0,0
Major companies,r22_r21,r22,r21,both,22,22,7,11,-0.009391111281361275,-0.4103399110003597,-0.08838297548969742,7,0,7,0,747,6.0,0,-0.021244183770036063,0.00012673901551052413,0,11,0,0
Major companies,r22_r22,r22,r22,both,22,22,7,10,-0.010571892076833012,-0.4166570207542002,-0.09914106778888682,7,0,7,0,745,6.0,0,-0.023653659554520923,0.0,0,0,0,0
Major companies,r22_r23,r22,r23,both,22,22,8,11,-0.009957132585938555,-0.37958653645317725,-0.09368934130708317,8,0,10,0,732,5.5,0,-0.02137320286140665,-0.0015728341376034516,0,9,0,0
Major companies,r22_r24,r22,r24,both,22,22,1,3,-0.06830137517740775,-0.6340725473673527,-0.5109553749580302,1,0,0,0,1537,42.5,0,-0.08570787974106986,-0.05936648300048636,0,0,0,0
Major companies,r23_r00,r23,r00,both,22,22,0,0,-0.14458908830006617,-0.8194793064780708,-0.7868493591440756,0,0,0,0,1081,30.0,0,-0.1703497085017191,-0.14795252632255845,0,0,0,0
Major companies,r23_r01,r23,r01,both,22,22,0,2,-0.09732128356305919,-0.7316478459660456,-0.6608680754037051,0,0,0,0,1732,56.0,0,-0.12050365577853367,-0.09168828337363688,0,0,0,0
Major companies,r23_r02,r23,r02,both,22,22,0,0,-0.12115185555379232,-0.7654039844398091,-0.6956683063617639,0,0,0,0,1415,41.5,0,-0.1482738817914857,-0.11916432036294106,0,0,0,0
Major companies,r23_r03,r23,r03,both,22,22,1,4,-0.08311128661604694,-0.6908584638637839,-0.6053392524192761,1,0,0,0,1834,60.0,0,-0.11119417876779997,-0.08315068501488176,0,2,0,0
Major companies,r23_r04,r23,r04,both,22,22,0,4,-0.0891145180730542,-0.6929518078570717,-0.6368155912435123,1,0,0,0,1796,58.5,0,-0.1109543100243564,-0.08201592307775935,0,1,0,0
Major companies,r23_r05,r23,r05,both,22,22,0,0,-0.10019033537431943,-0.7074209455306978,-0.6575356012382673,0,0,0,0,1653,53.0,0,-0.12121004889414966,-0.10287502598303899,0,0,0,0
Major companies,r23_r06,r23,r06,both,22,22,0,0,-0.11494479518070749,-0.7743750190536365,-0.7222150429591193,0,0,0,0,938,22.0,0,-0.15206285241600687,-0.1222081577897276,0,0,0,0
Major companies,r23_r07,r23,r07,both,22,22,3,3,-0.07441549482355891,-0.6310321082230074,-0.5376079557004904,3,0,0,0,1367,39.0,0,-0.09915593292702612,-0.07089485162011405,0,0,0,0
Major companies,r23_r08,r23,r08,both,22,22,0,1,-0.09590975976223637,-0.7019045682021217,-0.6316601411204745,1,0,0,0,1191,31.0,0,-0.11609015329197597,-0.0898998634300115,0,0,0,0
Major companies,r23_r09,r23,r09,both,22,22,1,5,-0.06277960534101856,-0.6297990088241885,-0.4769341216870363,2,0,0,0,1427,42.5,0,-0.08274267759351428,-0.06823900871991234,0,0,0,0
Major companies,r23_r10,r23,r10,both,22,22,2,4,-0.065227923762253,-0.6223814809494551,-0.49608340121324884,2,0,0,0,1406,41.5,0,-0.08797531273440423,-0.06940413825981118,0,1,0,0
Major companies,r23_r11,r23,r11,both,22,22,3,4,-0.07627995215741723,-0.6474224027950758,-0.5564186130007243,3,0,0,0,1319,36.5,0,-0.10136444456173749,-0.07010036772182482,0,1,0,0
Major companies,r23_r12,r23,r12,both,22,22,2,2,-0.08103027988340894,-0.6850513598271417,-0.5623799619097603,2,0,1,1,726,11.5,0,-0.10116234021573828,-0.07646901959004054,0,0,0,0
Major companies,r23_r13,r23,r13,both,22,22,3,4,-0.04578068818237274,-0.5265340259341088,-0.3709669592264632,4,0,0,0,918,20.0,0,-0.06663905358504069,-0.036345797706674565,0,2,0,0
Major companies,r23_r14,r23,r14,both,22,22,2,2,-0.06462352110191272,-0.595586202761406,-0.49056267761978667,2,0,0,0,867,17.5,0,-0.08149432423915431,-0.05580196485038069,0,0,0,0
Major companies,r23_r15,r23,r15,both,22,22,4,5,-0.0360821224006056,-0.5088677738557823,-0.3330252854423705,4,0,0,0,944,20.5,0,-0.05768822086073849,-0.02916543728261045,0,3,0,0
Major companies,r23_r16,r23,r16,both,22,22,4,5,-0.038714711286475356,-0.5141714417287041,-0.35195653552805706,4,0,0,0,937,20.0,0,-0.054294869543420776,-0.02890165108567444,0,2,0,0
Major companies,r23_r17,r23,r17,both,22,22,3,5,-0.043005964642498895,-0.5373609288684531,-0.3720588315127628,3,0,0,0,899,18.5,0,-0.056273976338497234,-0.0372987607881205,0,3,0,0
Major companies,r23_r18,r23,r18,both,22,22,3,5,-0.029452432317984334,-0.5791788104336993,-0.2548182225536684,3,0,16,0,578,4.0,1,-0.06374636851363669,-0.036442894566941,1,1,0,0
Major companies,r23_r19,r23,r19,both,22,22,11,13,0.0004799470204298606,-0.4362514819159221,0.004805445504208805,11,0,8,0,622,5.5,1,-0.022470659659823145,0.0,1,10,1,0
Major companies,r23_r20,r23,r20,both,22,22,10,11,-0.004281667567234693,-0.4555571124057066,-0.04083603548746967,10,0,12,0,606,4.0,0,-0.02630709335596404,-0.003985567706786042,1,3,0,0
Major companies,r23_r21,r23,r21,both,22,22,10,12,-0.003471088031869518,-0.42320289043731774,-0.033305237633778795,10,0,7,0,631,6.0,0,-0.021702256412142518,0.0015601964032836424,0,13,0,0
Major companies,r23_r22,r23,r22,both,22,22,10,12,-0.003471088031869518,-0.42320289043731785,-0.033305237633778795,10,0,7,0,629,6.0,0,-0.0241249715045479,0.0015601964032836424,0,13,0,0
Major companies,r23_r23,r23,r23,both,22,22,10,11,-0.006269757628975137,-0.4374591676704312,-0.058777939318364114,10,0,10,0,616,5.5,0,-0.02142089919632406,0.0,0,0,0,0
Major companies,r23_r24,r23,r24,both,22,22,2,4,-0.06516113886553854,-0.6301350098106743,-0.49151447109667973,2,0,0,0,1410,42.0,0,-0.08797531273440412,-0.06940413825981118,0,1,0,0
Major companies,r24_r00,r24,r00,both,22,22,0,0,-0.15573443892631705,-0.8576613400060207,-0.8337291856429844,0,0,0,0,1413,31.0,0,-0.20400098385129634,-0.10512423569340723,0,0,0,0
Major companies,r24_r01,r24,r01,both,22,22,3,5,-0.07770838233562749,-0.7099710273970041,-0.5610767440935319,3,0,0,0,2430,57.0,0,-0.13097728686558657,-0.04841075885961443,0,3,0,0
Major companies,r24_r02,r24,r02,both,22,22,0,0,-0.11893944798252748,-0.7764146032948445,-0.7172145065974799,0,0,0,0,1935,43.5,0,-0.17278157041172582,-0.08345421989042062,0,0,0,0
Major companies,r24_r03,r24,r03,both,22,22,3,5,-0.06924556192283376,-0.6779861820737163,-0.5302243992458227,3,0,0,0,2548,62.0,0,-0.11487647788158989,-0.026475043336788906,0,1,0,0
Major companies,r24_r04,r24,r04,both,22,22,3,5,-0.07407238611554073,-0.6828075047121315,-0.5342023589009484,3,0,0,0,2513,60.5,0,-0.111504391571627,-0.025792395807016977,0,1,0,0
Major companies,r24_r05,r24,r05,both,22,22,1,5,-0.09110203317935262,-0.7128440758539251,-0.5774907878734191,1,0,0,0,2357,54.0,0,-0.1356516189511099,-0.046058658231248994,0,1,0,0
Major companies,r24_r06,r24,r06,both,22,22,0,0,-0.11312645722780096,-0.7662039481181993,-0.734736978722969,0,0,0,0,1280,22.5,0,-0.16886731285767725,-0.07655601881994689,0,1,0,0
Major companies,r24_r07,r24,r07,both,22,22,4,6,-0.05589069203664765,-0.6237798970429091,-0.412484885665205,4,0,0,0,2053,39.0,0,-0.09820002919480136,-0.010853163721448289,0,8,0,0
Major companies,r24_r08,r24,r08,both,22,22,1,2,-0.0864346541198151,-0.6973746363418467,-0.6136964998694191,0,0,0,0,1734,31.0,0,-0.13424242518660207,-0.042726067133439516,0,4,0,0
Major companies,r24_r09,r24,r09,both,22,22,5,6,-0.057199345362507203,-0.6151356732316363,-0.4041479120451216,5,0,0,0,2125,42.5,0,-0.0841284597390275,0.0016267422483869365,0,14,0,0
Major companies,r24_r10,r24,r10,both,22,22,5,6,-0.055021455936356545,-0.609193785274118,-0.3576239520072899,5,0,0,0,2103,42.0,0,-0.08787700129041143,0.0,0,1,0,0
Major companies,r24_r11,r24,r11,both,22,22,5,6,-0.06576965619276859,-0.6392686979734996,-0.45726961863374177,5,0,0,0,2001,37.0,0,-0.10093540935126893,-0.006430840019048201,0,9,0,0
Major companies,r24_r12,r24,r12,both,22,22,1,1,-0.08202826272983321,-0.6899622620116417,-0.5879805911722489,1,0,1,1,1175,11.5,0,-0.117146694571589,-0.01746997554773333,0,3,0,0
Major companies,r24_r13,r24,r13,both,22,22,6,13,-0.014206108350611646,-0.5522133953332902,-0.15211706995772695,6,0,0,0,1608,20.0,0,-0.06967168707912852,0.020171100125635555,0,15,0,0
Major companies,r24_r14,r24,r14,both,22,22,4,7,-0.05279315682890107,-0.6017916927766502,-0.42366090481889873,5,0,0,0,1514,17.5,0,-0.09173401982236606,-0.009844707859281043,0,11,0,0
Major companies,r24_r15,r24,r15,both,22,22,7,12,-0.018446967379479318,-0.5274316744771521,-0.1336571338993925,7,0,0,0,1639,20.5,0,-0.057959244724451964,0.029574470847922918,0,18,0,0
Major companies,r24_r16,r24,r16,both,22,22,8,11,-0.019188587212084995,-0.5144439401915943,-0.15581218121756507,7,0,0,0,1632,20.0,0,-0.053262863466555455,0.027986458053859464,0,19,0,0
Major companies,r24_r17,r24,r17,both,22,22,7,12,-0.014060553293967049,-0.5327192829968695,-0.12621211372891183,7,0,0,0,1588,18.5,0,-0.05889256386192243,0.01904927016735719,0,18,0,0
Major companies,r24_r18,r24,r18,both,22,22,6,11,-0.019478881647846336,-0.5662810851650837,-0.16722200795723863,5,0,16,0,1205,4.0,1,-0.07292765141762991,0.01081687204337034,1,14,1,1
Major companies,r24_r19,r24,r19,both,22,22,15,18,0.019546686709551953,-0.4281487904097784,0.18095523242363132,14,0,8,0,1315,5.5,1,-0.023533647879352637,0.07066364360403615,1,22,2,0
Major companies,r24_r20,r24,r20,both,22,22,15,17,0.010192064773243859,-0.44871929344040895,0.11906506672676942,14,0,12,0,1283,4.0,0,-0.0305503751127984,0.04173673044320558,1,20,2,0
Major companies,r24_r21,r24,r21,both,22,22,15,17,0.016482870612469003,-0.4538402328437611,0.2008368145033047,14,0,7,0,1326,6.0,0,-0.022032772320071226,0.05852540178782639,0,22,0,0
Major companies,r24_r22,r24,r22,both,22,22,15,17,0.015131759647165177,-0.453840232843761,0.2362279903719693,14,0,7,0,1324,6.0,0,-0.024579177502137284,0.059854631629801536,0,22,0,0
Major companies,r24_r23,r24,r23,both,22,22,15,16,0.020459951731990667,-0.4031765236795539,0.25110774380135614,15,0,10,0,1308,5.5,0,-0.024385223814344992,0.06699596071874203,1,21,2,0
Major companies,r24_r24,r24,r24,both,22,22,5,6,-0.05483467667167391,-0.609193785274118,-0.3576239520072899,5,0,0,0,2107,42.5,0,-0.08787700129041154,0.0,0,0,0,0
Major companies,r00_long,r00,,long,22,22,22,22,0.1321887292253514,-0.4290179726089691,2.4567020440275797,22,0,,0,382,0.0,,,,,,,
Major companies,r00_short,,r00,short,22,22,0,0,-0.17094805036832034,-0.8489349626700671,-0.8615457942812811,0,0,0,0,708,33.0,0,,,,,,
Major companies,r01_long,r01,,long,22,22,22,22,0.04908342249094144,-0.3993646314604951,0.7179636189816175,21,0,,0,1350,0.0,,,,,,,
Major companies,r01_short,,r01,short,22,22,0,0,-0.13598563294635102,-0.7827610695188147,-0.7733095629678443,0,0,0,0,1331,60.0,0,,,,,,
Major companies,r02_long,r02,,long,22,22,22,22,0.11787740275541514,-0.45076305960904667,2.2456139806340056,22,0,,0,547,0.0,,,,,,,
Major companies,r02_short,,r02,short,22,22,0,0,-0.14777823970796772,-0.8137922531805624,-0.8094434653186056,0,0,0,0,990,46.0,0,,,,,,
Major companies,r03_long,r03,,long,22,22,19,22,0.02758895106772863,-0.3712423916232758,0.41513284060992306,18,0,,0,1549,0.0,,,,,,,
Major companies,r03_short,,r03,short,22,22,0,0,-0.1179292915415337,-0.7447156104077788,-0.7307665325707521,0,0,0,0,1437,66.5,0,,,,,,
Major companies,r04_long,r04,,long,22,22,19,22,0.036195735597355116,-0.37701405171608643,0.43181810883645066,20,0,,0,1471,0.0,,,,,,,
Major companies,r04_short,,r04,short,22,22,0,0,-0.11157249511969569,-0.7412964537660751,-0.7096749260473049,0,0,0,0,1395,63.0,0,,,,,,
Major companies,r05_long,r05,,long,22,22,22,22,0.07453806405392904,-0.41332548661618596,1.0470590257100096,22,0,,0,1139,0.0,,,,,,,
Major companies,r05_short,,r05,short,22,22,0,0,-0.1314959587080496,-0.7939619965328989,-0.761508555032387,0,0,0,0,1247,57.0,0,,,,,,
Major companies,r06_long,r06,,long,22,22,22,22,0.1236853582041686,-0.42908649114699776,2.3146566965678135,22,0,,0,327,0.0,,,,,,,
Major companies,r06_short,,r06,short,22,22,0,0,-0.16060780569260802,-0.8316209809497384,-0.8299514247982511,0,0,0,0,489,23.0,0,,,,,,
Major companies,r07_long,r07,,long,22,22,19,20,0.0435969092416173,-0.36428127891455914,0.535969011600544,20,0,,0,1089,0.0,,,,,,,
Major companies,r07_short,,r07,short,22,22,0,0,-0.09333034720820521,-0.6757800824184521,-0.6507216537993666,0,0,0,0,879,39.5,0,,,,,,
Major companies,r08_long,r08,,long,22,22,22,22,0.10445739162375678,-0.40144327124686646,1.5994270172602916,22,0,,0,492,0.0,,,,,,,
Major companies,r08_short,,r08,short,22,22,0,0,-0.11238782680411646,-0.7027084430450524,-0.7115626406276887,0,0,0,0,697,32.0,0,,,,,,
Major companies,r09_long,r09,,long,22,22,19,20,0.03389112974319253,-0.3268853653330632,0.4511730481919355,19,0,,0,1239,0.0,,,,,,,
Major companies,r09_short,,r09,short,22,22,0,0,-0.08406042542381181,-0.5958784394203489,-0.5836823476066921,0,0,0,0,940,43.0,0,,,,,,
Major companies,r10_long,r10,,long,22,22,18,21,0.03572906206885551,-0.3457402413460912,0.39222431415422143,18,0,,0,1180,0.0,,,,,,,
Major companies,r10_short,,r10,short,22,22,0,0,-0.08712998568872315,-0.611046068292307,-0.5842593777166843,0,0,0,0,919,42.5,0,,,,,,
Major companies,r11_long,r11,,long,22,22,21,21,0.07069895819759031,-0.37978586586099444,0.9996994942788368,21,0,,0,932,0.0,,,,,,,
Major companies,r11_short,,r11,short,22,22,0,0,-0.09914467800826937,-0.664874024977863,-0.6552083196792812,0,0,0,0,829,37.0,0,,,,,,
Major companies,r12_long,r12,,long,22,22,22,22,0.09519551210845623,-0.3945020644510284,1.3569289590229954,22,0,,0,257,0.0,,,,,,,
Major companies,r12_short,,r12,short,22,22,0,0,-0.09856400745190896,-0.6884265347613854,-0.6498843611217231,0,1,1,1,244,11.5,0,,,,,,
Major companies,r13_long,r13,,long,22,22,16,17,0.029196462824859437,-0.2950231051491371,0.35643497051194817,17,0,,0,777,0.0,,,,,,,
Major companies,r13_short,,r13,short,22,22,0,0,-0.06299480026706283,-0.5525860345793989,-0.46574922007751635,0,0,0,0,418,20.0,0,,,,,,
Major companies,r14_long,r14,,long,22,22,21,21,0.06692057121161987,-0.3188175255671618,0.9867181005345727,21,0,,0,377,0.0,,,,,,,
Major companies,r14_short,,r14,short,22,22,0,0,-0.07865536769805304,-0.6098758016754818,-0.5678096164082325,0,0,0,0,367,17.5,0,,,,,,
Major companies,r15_long,r15,,long,22,22,16,16,0.013824385273086826,-0.2922175994414643,0.19933559410828638,16,0,,0,891,0.0,,,,,,,
Major companies,r15_short,,r15,short,22,22,0,0,-0.05803757434410034,-0.46801974962296966,-0.46268982018372123,0,0,0,0,444,20.5,0,,,,,,
Major companies,r16_long,r16,,long,22,22,16,17,0.018928527028088227,-0.29462135156200925,0.236199881360029,16,0,,0,861,0.0,,,,,,,
Major companies,r16_short,,r16,short,22,22,0,0,-0.051450457298733876,-0.4672109300085221,-0.42551678595949766,0,0,0,0,437,20.0,0,,,,,,
Major companies,r17_long,r17,,long,22,22,17,19,0.048244368178016694,-0.2849667427042297,0.5896435421579362,17,0,,0,677,0.0,,,,,,,
Major companies,r17_short,,r17,short,22,22,0,0,-0.052360342850083175,-0.5103997181416609,-0.4289486149187172,0,0,0,0,399,18.5,0,,,,,,
Major companies,r18_long,r18,,long,22,22,22,22,0.06647656137198454,-0.3454903322117416,0.8840462649627169,22,0,,0,175,0.0,,,,,,,
Major companies,r18_short,,r18,short,22,22,1,1,-0.06736561514724654,-0.5311505290869161,-0.4963042506745954,1,16,16,0,80,4.0,1,,,,,,
Major companies,r19_long,r19,,long,22,22,15,18,0.01614696535843485,-0.2867734098877361,0.17071474222265326,15,0,,0,549,0.0,,,,,,,
Major companies,r19_short,,r19,short,22,22,1,2,-0.021143479357324746,-0.320870217952454,-0.18908717098576833,1,8,8,0,122,5.5,1,,,,,,
Major companies,r20_long,r20,,long,22,22,20,22,0.04367503395027095,-0.33585340108619083,0.5229360088838727,20,0,,0,274,0.0,,,,,,,
Major companies,r20_short,,r20,short,22,22,1,1,-0.02601873439074953,-0.3526995847119283,-0.2284512831789744,1,12,12,0,106,4.0,1,,,,,,
Major companies,r21_long,r21,,long,22,22,12,16,0.00323184214323613,-0.2637128923500155,0.03227778298153017,12,0,,0,636,0.0,,,,,,,
Major companies,r21_short,,r21,short,22,22,0,0,-0.02191741906829192,-0.317261387312806,-0.19544537653399147,0,7,7,0,131,6.0,0,,,,,,
Major companies,r22_long,r22,,long,22,22,13,16,0.00910783827192907,-0.2635867813626766,0.09331553690254579,13,0,,0,616,0.0,,,,,,,
Major companies,r22_short,,r22,short,22,22,0,0,-0.024369955183912106,-0.3373963103008273,-0.21549651186578395,0,7,7,0,129,6.0,0,,,,,,
Major companies,r23_long,r23,,long,22,22,16,18,0.011691553303975977,-0.2742269237729113,0.12189695015833024,16,0,,0,500,0.0,,,,,,,
Major companies,r23_short,,r23,short,22,22,0,0,-0.021578317645401024,-0.30545156870256923,-0.19313302535594046,0,10,10,0,116,5.5,0,,,,,,
Major companies,r24_long,r24,,long,22,22,20,21,0.03592548901268766,-0.3457402413460915,0.4516946597897863,18,0,,0,1195,0.0,,,,,,,
Major companies,r24_short,,r24,short,22,22,0,0,-0.0871299856887231,-0.6107716481889673,-0.6003682428408585,0,0,0,0,923,43.0,0,,,,,,
Other instruments,r00_r00,r00,r00,both,618,602,164,185,-0.05268600890847114,-0.7239522514044956,-0.40799241647881634,167,2,12,5,14063,11.0,19,-0.12824883817621885,0.0,39,0,87,33
Other instruments,r00_r01,r00,r01,both,618,602,372,417,0.02967549623763821,-0.6170647526775639,0.24604043170120893,384,0,2,0,21174,17.0,41,-0.052208814781231516,0.07906202905473891,34,512,48,19
Other instruments,r00_r02,r00,r02,both,618,602,293,322,-0.00221168146520323,-0.6478452430289339,-0.052144821591273205,294,1,3,1,18102,14.0,29,-0.08501006302309028,0.05000848624223464,58,468,104,48
Other instruments,r00_r03,r00,r03,both,618,602,406,453,0.03864313766403682,-0.6067069481928382,0.38136512358427,420,0,2,0,21891,17.0,46,-0.041742353914541286,0.0899364255373345,57,524,41,16
Other instruments,r00_r04,r00,r04,both,618,602,411,456,0.040386800906099585,-0.6163316314663269,0.40181855131548727,415,1,2,0,21408,17.0,49,-0.04273628238298355,0.09022161079670882,65,521,46,23
Other instruments,r00_r05,r00,r05,both,618,602,391,426,0.032314348744319044,-0.6143476014765274,0.30419488286193874,398,1,2,0,20057,15.0,43,-0.048587937518782764,0.08114696950622652,76,509,83,46
Other instruments,r00_r06,r00,r06,both,618,602,175,188,-0.05303975188067145,-0.7243476752965144,-0.40738221965610993,172,2,15,5,13722,10.0,21,-0.13153149977477685,0.0,38,241,76,34
Other instruments,r00_r07,r00,r07,both,618,602,384,426,0.03409647306296282,-0.613759843840501,0.30020470719554626,386,0,2,0,20425,15.0,44,-0.04896427635203543,0.08299030503504717,36,513,53,20
Other instruments,r00_r08,r00,r08,both,618,602,301,340,0.0014430226839696747,-0.6484135123797281,-0.010461403778757039,306,1,4,1,17758,13.0,28,-0.08279858206908541,0.05267314518563215,62,468,104,53
Other instruments,r00_r09,r00,r09,both,618,602,419,463,0.041937636301647374,-0.6051127855491524,0.45920013624767186,420,0,2,0,21115,16.0,46,-0.03907301898938548,0.09383962914790006,56,531,49,21
Other instruments,r00_r10,r00,r10,both,618,602,418,460,0.04265381774281285,-0.6080211248488425,0.4283410325176782,420,1,2,0,20778,16.0,50,-0.03914152393942716,0.09468657322238827,63,525,48,22
Other instruments,r00_r11,r00,r11,both,618,602,396,440,0.03435341022870719,-0.6116665630827619,0.3715369997508762,405,1,2,1,19565,15.0,43,-0.04517744872651008,0.08358271898867586,78,515,83,47
Other instruments,r00_r12,r00,r12,both,618,602,191,210,-0.05214143599327342,-0.7187453317777417,-0.4073039883632663,188,2,20,4,13528,9.0,25,-0.12538697709462687,0.0,40,292,79,34
Other instruments,r00_r13,r00,r13,both,618,602,396,438,0.03621757353572319,-0.6122299814484722,0.35255132197281824,393,0,3,0,20065,15.0,46,-0.04739657853055623,0.08439377628294098,38,513,54,19
Other instruments,r00_r14,r00,r14,both,618,602,305,348,0.0010869284426385795,-0.6433688516683892,-0.0003080951851993641,305,1,9,0,17531,13.0,29,-0.08126755921854989,0.054546944803850805,61,473,109,49
Other instruments,r00_r15,r00,r15,both,618,602,425,464,0.04188218959731993,-0.604869741149586,0.4793048391669784,424,0,3,1,20763,15.0,45,-0.039250384757267054,0.09250391016587922,53,531,50,21
Other instruments,r00_r16,r00,r16,both,618,602,428,459,0.04318736135820933,-0.6080211248488425,0.4337035909558019,423,1,3,1,20511,15.0,49,-0.039039123427668465,0.09376387655245483,64,524,53,24
Other instruments,r00_r17,r00,r17,both,618,602,404,435,0.03526013587256738,-0.6069167347034401,0.37746597299431306,407,1,3,1,19316,14.0,48,-0.04444585709414772,0.08247458732095658,81,514,85,48
Other instruments,r00_r18,r00,r18,both,618,602,294,325,-0.0063650915626642934,-0.6606444616581966,-0.029075900171304403,281,3,353,8,12461,4.0,62,-0.08174010188424857,0.04777027692558661,74,426,100,58
Other instruments,r00_r19,r00,r19,both,618,602,456,483,0.054992655699283244,-0.5728445660471615,0.6841394509780039,461,1,145,0,15343,6.0,84,-0.027643808822593208,0.10680854253486927,72,534,74,36
Other instruments,r00_r20,r00,r20,both,618,602,426,445,0.03592137709386389,-0.5913264046454263,0.4002242188300824,414,1,200,0,14244,5.0,63,-0.047972202425746735,0.0824192192940521,75,504,102,59
Other instruments,r00_r21,r00,r21,both,618,602,475,497,0.0644283959300449,-0.5655880892544779,0.8272752655789549,472,1,132,1,15596,6.0,115,-0.018327646357150562,0.11572180387807363,125,540,74,52
Other instruments,r00_r22,r00,r22,both,618,602,475,491,0.06415152347428876,-0.5679075574261511,0.8238747952199833,473,1,138,1,15499,6.0,111,-0.018595767525389828,0.11320045103789683,127,540,77,53
Other instruments,r00_r23,r00,r23,both,618,602,466,485,0.057006879175705794,-0.5677086887204555,0.7503782095406143,461,1,162,1,15030,6.0,86,-0.025028342176962093,0.10848068362100305,114,533,97,63
Other instruments,r00_r24,r00,r24,both,618,602,415,459,0.04265381774281285,-0.6070025798519425,0.44233405352832156,420,1,2,0,20856,16.0,52,-0.03917899941074665,0.09468657322238827,63,525,49,22
Other instruments,r01_r00,r01,r00,both,618,602,28,41,-0.1271633074291013,-0.8112539513236416,-0.7360363965522561,21,0,0,4,32364,25.0,13,-0.1503814576467461,-0.05383862715256671,27,129,26,13
Other instruments,r01_r01,r01,r01,both,618,602,90,170,-0.07344744575328777,-0.7334880262012977,-0.5355092664252252,78,0,0,1,62135,50.0,13,-0.10058956969304772,0.0,11,0,13,5
Other instruments,r01_r02,r01,r02,both,618,602,57,92,-0.10381913386900987,-0.7705783035404095,-0.6409002035181652,52,0,0,3,45878,35.0,17,-0.1279230049859837,-0.03042680635479722,34,183,45,21
Other instruments,r01_r03,r01,r03,both,618,602,108,208,-0.06753665529936476,-0.7198727386928644,-0.4727634632226719,94,0,0,0,66230,53.0,14,-0.09273716330023651,0.010671772526600898,11,383,8,2
Other instruments,r01_r04,r01,r04,both,618,602,103,200,-0.06875594388715645,-0.7172854365031276,-0.47463168172842995,95,0,0,1,65075,52.0,15,-0.09537683489727455,0.008312177036065516,15,363,10,4
Other instruments,r01_r05,r01,r05,both,618,602,111,166,-0.0804009697689278,-0.7341668300930639,-0.5461595060302198,95,0,0,1,59202,45.0,22,-0.1034985179839138,-0.0024519145882931914,28,285,23,10
Other instruments,r01_r06,r01,r06,both,618,602,35,51,-0.1152072477000578,-0.7838043164488315,-0.6897308675174623,28,0,1,5,31336,21.0,12,-0.14114505848001252,-0.04100403329298785,32,151,39,23
Other instruments,r01_r07,r01,r07,both,618,602,115,206,-0.06017044209907568,-0.6922469927864947,-0.44256038882014676,103,0,0,1,56562,39.0,11,-0.08475614066411347,0.01609125801000899,19,443,16,6
Other instruments,r01_r08,r01,r08,both,618,602,64,119,-0.08876242285007457,-0.7320361214705369,-0.571409999420083,54,0,0,4,44341,29.0,12,-0.11466723312554167,-0.016113377191642075,32,235,47,22
Other instruments,r01_r09,r01,r09,both,618,602,129,253,-0.05223321522064178,-0.6880376202265756,-0.3979272975175459,123,0,0,0,59582,41.5,20,-0.07549108328653836,0.024029218720124923,16,460,9,2
Other instruments,r01_r10,r01,r10,both,618,602,136,251,-0.051976488627364426,-0.6971613527051738,-0.38691911070864865,131,0,0,1,58750,41.0,18,-0.07856061295181799,0.022505335920571246,19,454,13,6
Other instruments,r01_r11,r01,r11,both,618,602,134,203,-0.06216922650289802,-0.7030780593478414,-0.44029261748718096,120,0,0,3,54341,37.0,19,-0.08758159354710321,0.014831455780238978,33,398,36,17
Other instruments,r01_r12,r01,r12,both,618,602,69,93,-0.09071299898362517,-0.7441703105532962,-0.5950695987540933,53,0,9,3,32043,12.0,21,-0.11634601783787374,-0.0176578701958906,33,241,47,26
Other instruments,r01_r13,r01,r13,both,618,602,208,312,-0.028943833446176348,-0.6242185550326902,-0.2369810368542717,195,0,1,0,47015,21.0,29,-0.05362834699982172,0.04737791944984571,35,515,32,13
Other instruments,r01_r14,r01,r14,both,618,602,127,212,-0.05621994422631443,-0.6620162423861072,-0.4045241841387435,113,0,3,1,40978,17.0,19,-0.08081755527898882,0.019183990765529346,41,390,65,29
Other instruments,r01_r15,r01,r15,both,618,602,238,350,-0.020256622637760846,-0.6126558745290687,-0.16294508605593028,228,0,1,1,48515,22.0,45,-0.044706928129213785,0.056673256874426925,40,520,26,12
Other instruments,r01_r16,r01,r16,both,618,602,230,347,-0.022415196366324885,-0.6174287166032171,-0.17204250431218926,225,0,1,1,48102,21.0,36,-0.046018721909658444,0.05614825456041306,44,519,32,14
Other instruments,r01_r17,r01,r17,both,618,602,216,309,-0.030747643858290874,-0.6246938988677858,-0.22638238480493983,203,0,1,1,45846,19.0,34,-0.05213446327526522,0.04793587279567629,53,497,49,26
Other instruments,r01_r18,r01,r18,both,618,602,179,245,-0.042853681163484536,-0.6571388311579651,-0.31189167651092936,159,0,306,7,34026,4.0,56,-0.06876039152845503,0.031454529349074944,82,404,73,55
Other instruments,r01_r19,r01,r19,both,618,602,320,410,-0.0014232265462471028,-0.5569531226384359,0.03159307768463393,296,0,99,0,39943,7.0,95,-0.025628672894258353,0.0733929291003807,95,555,76,47
Other instruments,r01_r20,r01,r20,both,618,602,270,364,-0.012036287062890227,-0.57556755238193,-0.09743615777729481,255,0,157,0,37711,6.0,61,-0.04016580414444648,0.06085434494661801,91,523,94,59
Other instruments,r01_r21,r01,r21,both,618,602,338,442,0.003837872859485003,-0.5478542340606232,0.06873265813576379,318,0,87,1,40420,8.0,131,-0.020328938467568447,0.0812485519069816,128,553,83,58
Other instruments,r01_r22,r01,r22,both,618,602,341,439,0.004898153540082384,-0.5521232228076652,0.053263030761318664,316,0,91,1,40280,7.0,131,-0.020689207613699634,0.0806246956311002,131,552,86,59
Other instruments,r01_r23,r01,r23,both,618,602,321,416,-0.0003133546524829445,-0.5569046941015923,0.030192420450691704,299,0,115,1,39489,7.0,95,-0.022932132668657845,0.07477117451777054,125,550,100,65
Other instruments,r01_r24,r01,r24,both,618,602,137,253,-0.051532234195122595,-0.6968108653845582,-0.39167092025529593,129,0,0,1,58837,41.0,17,-0.07860816125520825,0.02255678232044034,19,454,13,6
Other instruments,r02_r00,r02,r00,both,618,602,103,120,-0.08250900806664463,-0.7715613294615693,-0.5797728889631524,107,0,3,7,20487,16.0,16,-0.1470178219256127,-0.04060978602918347,36,168,61,28
Other instruments,r02_r01,r02,r01,both,618,602,295,351,-0.0004528295020648221,-0.6638860804595343,-0.047831362235044195,299,0,0,1,31585,26.0,21,-0.06832578228563835,0.03888081769558821,31,432,37,11
Other instruments,r02_r02,r02,r02,both,618,602,201,240,-0.03650392253182844,-0.6989899605030361,-0.3386370313430154,201,1,1,2,26485,21.5,23,-0.10721390566854916,0.0,37,0,93,32
Other instruments,r02_r03,r02,r03,both,618,602,324,380,0.013600892603346182,-0.6489318973880245,0.043919683466910775,343,0,0,0,32437,27.0,38,-0.05580045037505854,0.0508068014468161,37,462,31,14
Other instruments,r02_r04,r02,r04,both,618,602,322,380,0.013003187123261983,-0.6529834639854035,0.042587780507617135,333,0,2,0,31803,26.0,40,-0.05707343581196295,0.0487514208121117,43,456,35,19
Other instruments,r02_r05,r02,r05,both,618,602,300,353,0.0030462327085892804,-0.6676597572603582,-0.014951605841378446,307,0,2,0,30025,24.0,31,-0.06425846637113986,0.042574541843377944,45,449,55,22
Other instruments,r02_r06,r02,r06,both,618,602,110,129,-0.07815261473024682,-0.7447184048656202,-0.5739930233353847,114,0,4,7,19576,14.0,18,-0.13807485314463502,-0.0323546922080683,34,178,62,28
Other instruments,r02_r07,r02,r07,both,618,602,320,373,0.009847492279805525,-0.643926455152641,0.05159470623920892,326,0,1,1,29299,22.0,23,-0.05982771437048218,0.05065190962365307,38,461,46,19
Other instruments,r02_r08,r02,r08,both,618,602,211,263,-0.02691699446712481,-0.6763835499784064,-0.24285331330386056,219,1,1,2,25432,19.0,18,-0.09855762137655139,0.0091659584266926,37,386,90,33
Other instruments,r02_r09,r02,r09,both,618,602,348,402,0.02031757650592203,-0.6356960352327866,0.11923238823037707,359,0,2,0,30100,23.0,42,-0.04805462408180455,0.05876209953013589,43,478,32,12
Other instruments,r02_r10,r02,r10,both,618,602,350,394,0.01855875594557488,-0.63682987174886,0.10910066122822748,356,0,2,0,29657,22.0,46,-0.048759973747912744,0.058008217347468194,52,472,34,20
Other instruments,r02_r11,r02,r11,both,618,602,320,362,0.008524200092389966,-0.6469350235922935,0.043434302288324456,327,0,2,1,28184,21.0,33,-0.057303345901691005,0.04980134744092324,55,465,64,29
Other instruments,r02_r12,r02,r12,both,618,602,146,165,-0.06345257573221114,-0.7289285565653811,-0.491635456497761,146,0,14,3,18646,11.0,23,-0.12839852602588087,-0.020411613559390085,38,224,68,34
Other instruments,r02_r13,r02,r13,both,618,602,353,395,0.019312881065678744,-0.6236040756361629,0.12917013951426937,358,0,1,0,26650,18.0,36,-0.0521248188111984,0.057549521359526346,51,480,56,25
Other instruments,r02_r14,r02,r14,both,618,602,260,296,-0.012375366218270345,-0.6454736016079446,-0.14509960966731572,263,1,3,1,23567,15.0,27,-0.08154688424795109,0.0282355905315278,50,449,96,39
Other instruments,r02_r15,r02,r15,both,618,602,374,420,0.029796169771548642,-0.6208221648099657,0.21001668921805805,379,0,2,1,27488,19.0,48,-0.04173822181130615,0.06473613086554336,46,493,39,18
Other instruments,r02_r16,r02,r16,both,618,602,370,407,0.026653716461500276,-0.6246171925339048,0.2279421367322948,373,0,2,1,27197,18.0,49,-0.04137955463994364,0.06338106767300272,51,483,45,23
Other instruments,r02_r17,r02,r17,both,618,602,353,398,0.023138583809697133,-0.6123839031377892,0.1817912202574593,357,0,2,1,25806,17.0,50,-0.05023117344303302,0.05934387956058634,69,490,78,41
Other instruments,r02_r18,r02,r18,both,618,602,269,307,-0.009864582479320705,-0.6564958996597267,-0.09651843334066473,263,1,306,7,17467,4.0,60,-0.0778393251841446,0.029280269475432164,70,401,89,54
Other instruments,r02_r19,r02,r19,both,618,602,425,458,0.043590365104877904,-0.5783173559111873,0.5021561491404434,426,0,99,0,20834,7.0,83,-0.02751233876080217,0.07966868312900899,100,510,96,64
Other instruments,r02_r20,r02,r20,both,618,602,389,421,0.027925329388135967,-0.5969120794486843,0.24883929229789947,375,0,155,0,19523,6.0,59,-0.04540534990936618,0.06193103157368546,86,503,110,63
Other instruments,r02_r21,r02,r21,both,618,602,436,469,0.05047029048259666,-0.5681911069961745,0.5713486436597164,436,0,87,1,21126,8.0,122,-0.021072181949100266,0.08751914514031484,131,519,83,56
Other instruments,r02_r22,r02,r22,both,618,602,430,471,0.04934489501386885,-0.5699490915416472,0.551855118807678,434,0,91,1,21022,7.0,123,-0.021505635401484646,0.08800728451395001,131,514,88,60
Other instruments,r02_r23,r02,r23,both,618,602,428,455,0.04588337948154941,-0.5749741254281109,0.4974959249780089,426,0,115,1,20454,7.0,94,-0.026113865839400452,0.08060959673758827,124,505,112,71
Other instruments,r02_r24,r02,r24,both,618,602,348,398,0.01898166560056691,-0.6355941289216461,0.0871573273521904,356,0,2,0,29737,22.0,46,-0.04851333296287896,0.05849571603483389,51,471,33,19
Other instruments,r03_r00,r03,r00,both,618,602,21,23,-0.13858539596425462,-0.8248898082768134,-0.7626810296092522,12,0,0,4,35763,28.0,14,-0.15125580533939803,-0.05520650919719994,23,134,22,14
Other instruments,r03_r01,r03,r01,both,618,602,47,120,-0.09490539229425632,-0.7510126197091025,-0.6233187953224392,39,0,0,2,70331,57.0,10,-0.10524492074744152,-0.009514371758238827,11,227,10,2
Other instruments,r03_r02,r03,r02,both,618,602,29,50,-0.11883855429865914,-0.7916049959881271,-0.6985305216213074,23,0,0,3,50497,39.0,11,-0.12734638250671793,-0.03533657742906471,34,165,28,19
Other instruments,r03_r03,r03,r03,both,618,602,72,149,-0.09168365854666244,-0.740427996760339,-0.5925934545343783,66,0,0,0,75716,61.0,16,-0.09818514224314079,0.0,14,0,8,4
Other instruments,r03_r04,r03,r04,both,618,602,67,153,-0.09356651405259259,-0.7458679330806686,-0.6008535903805468,64,0,0,1,74333,59.0,20,-0.10024208549905417,-0.002332405908516022,18,237,9,6
Other instruments,r03_r05,r03,r05,both,618,602,56,132,-0.1013356575365707,-0.7630704816126936,-0.6396098497104336,54,0,0,1,66973,52.0,18,-0.11098407651544523,-0.01062071271937609,32,236,23,16
Other instruments,r03_r06,r03,r06,both,618,602,26,37,-0.12271408732330336,-0.7953246284407718,-0.7192237459857954,16,0,1,5,34467,21.0,15,-0.13502498457878553,-0.0420196883925103,38,180,32,24
Other instruments,r03_r07,r03,r07,both,618,602,71,161,-0.07283038753613857,-0.6989609572625297,-0.5251206252178162,65,0,0,2,62303,41.0,12,-0.08385993941918357,0.01071308801351406,17,372,14,4
Other instruments,r03_r08,r03,r08,both,618,602,34,77,-0.10039621378721014,-0.748483042002023,-0.6212250216780093,30,0,0,4,48667,31.0,14,-0.11321705006800226,-0.012184914684706505,34,243,32,16
Other instruments,r03_r09,r03,r09,both,618,602,94,207,-0.06939075183124255,-0.6911429174815259,-0.4900918939959207,85,0,0,0,65793,44.0,19,-0.0776983158604399,0.020105466013069617,16,454,12,5
Other instruments,r03_r10,r03,r10,both,618,602,89,197,-0.06806618800002895,-0.6953732101853509,-0.49624082140515663,86,0,0,1,64900,43.0,18,-0.08015335780088578,0.018582750508248036,19,443,13,7
Other instruments,r03_r11,r03,r11,both,618,602,87,171,-0.07652476118911211,-0.7094605656356752,-0.5285492524285289,80,0,0,3,59972,38.0,23,-0.08880569969659458,0.011503800257762764,34,351,33,20
Other instruments,r03_r12,r03,r12,both,618,602,48,71,-0.09992028626900662,-0.7591371808365375,-0.6296431035059957,36,0,8,3,35812,12.0,20,-0.11079083837377746,-0.020452731363939824,32,243,33,22
Other instruments,r03_r13,r03,r13,both,618,602,164,275,-0.0402979088087797,-0.622338302012389,-0.30211968270236006,149,0,1,0,52022,21.0,28,-0.05274571503050629,0.04460306211789983,33,502,23,13
Other instruments,r03_r14,r03,r14,both,618,602,100,171,-0.06601465660752931,-0.6672851596214403,-0.4605081746838405,78,0,3,1,45486,17.0,17,-0.07981484625176333,0.01911081379895474,43,383,56,25
Other instruments,r03_r15,r03,r15,both,618,602,189,306,-0.03412092767218028,-0.6064113653129658,-0.2729492302492736,168,0,1,1,53608,22.0,45,-0.043504388621615875,0.05258187322974067,40,533,20,6
Other instruments,r03_r16,r03,r16,both,618,602,187,311,-0.03221229204654652,-0.615742946877606,-0.2508038427737792,170,0,1,1,53187,21.0,37,-0.04457830938649732,0.05140359146334905,45,530,22,8
Other instruments,r03_r17,r03,r17,both,618,602,171,281,-0.043063060739705616,-0.6189887608879414,-0.3094596525046664,161,0,1,1,50818,19.0,29,-0.051716313482084,0.04583764736568341,53,495,45,23
Other instruments,r03_r18,r03,r18,both,618,602,136,209,-0.05466016723617362,-0.6607482107194577,-0.37364949314092,124,0,306,7,38599,4.0,56,-0.06543205141553138,0.030135046166791524,73,397,60,46
Other instruments,r03_r19,r03,r19,both,618,602,267,384,-0.012849939662902377,-0.5488775525907823,-0.07882134990277606,240,0,99,0,45034,7.0,100,-0.025065480546114016,0.0739907982840245,95,552,66,44
Other instruments,r03_r20,r03,r20,both,618,602,211,320,-0.025437213168189643,-0.5781960145477087,-0.18027043586881408,201,0,157,0,42609,6.0,61,-0.039380231364630425,0.05895876255467353,85,518,80,53
Other instruments,r03_r21,r03,r21,both,618,602,295,407,-0.007162492753460092,-0.5340614250887614,-0.02741175230156706,267,0,87,1,45539,8.0,135,-0.020133103517300355,0.07909998598588724,129,560,67,47
Other instruments,r03_r22,r03,r22,both,618,602,292,400,-0.007811466357830588,-0.5345289465439585,-0.024048606116813254,270,0,91,1,45399,7.0,137,-0.020491389523561943,0.07909998598588724,132,558,66,48
Other instruments,r03_r23,r03,r23,both,618,602,279,384,-0.011096549910212306,-0.5451447860020059,-0.0544176503335827,253,0,115,1,44574,7.0,99,-0.02262304840838697,0.07654713166886484,121,550,79,53
Other instruments,r03_r24,r03,r24,both,618,602,93,195,-0.06631097752614445,-0.6950219546948266,-0.4955408417760815,86,0,0,1,64993,43.0,18,-0.08027300301958162,0.01855976426799849,20,447,13,7
Other instruments,r04_r00,r04,r00,both,618,602,17,20,-0.13813897908015021,-0.8219980162803373,-0.7730841680770071,15,0,0,4,34578,28.0,14,-0.1507788367666853,-0.05386300711061959,24,131,25,16
Other instruments,r04_r01,r04,r01,both,618,602,44,117,-0.09238877384891275,-0.7527394757206111,-0.6299551878113878,48,0,0,2,68221,56.0,12,-0.10314795248111253,-0.007575906301678315,13,255,10,4
Other instruments,r04_r02,r04,r02,both,618,602,25,44,-0.11657324087189197,-0.7841212493312388,-0.7094523849978158,23,0,0,3,48899,39.0,13,-0.12944464486458618,-0.03320637379864699,36,176,34,20
Other instruments,r04_r03,r04,r03,both,618,602,69,143,-0.08705980902154797,-0.737610556022577,-0.5970899246667254,69,0,0,0,73447,61.0,16,-0.09909697949397683,0.002287186997711743,15,365,8,5
Other instruments,r04_r04,r04,r04,both,618,602,69,142,-0.08806695057468006,-0.7434958216440671,-0.6015982529526781,72,0,0,1,72062,59.0,21,-0.09947904582208084,0.0,20,0,11,8
Other instruments,r04_r05,r04,r05,both,618,602,52,123,-0.09990609879023848,-0.7572082829014795,-0.632910084442391,57,0,0,1,64875,52.0,21,-0.11051044347621303,-0.01078746009494308,32,244,26,17
Other instruments,r04_r06,r04,r06,both,618,602,18,31,-0.12303187107478492,-0.793454876025607,-0.7259187885904257,16,0,1,5,33216,21.0,17,-0.13614043140906146,-0.043186018627634604,38,178,31,24
Other instruments,r04_r07,r04,r07,both,618,602,65,149,-0.07064032314353741,-0.7027833598872446,-0.5401426803140008,72,0,0,2,60302,41.0,13,-0.08421236396974469,0.01040886493763532,19,363,15,6
Other instruments,r04_r08,r04,r08,both,618,602,27,63,-0.09704119626350444,-0.7438110649388892,-0.629431699325959,30,0,0,4,47003,31.0,14,-0.11403476806896812,-0.01458061732762228,34,246,38,18
Other instruments,r04_r09,r04,r09,both,618,602,84,182,-0.06498420317167986,-0.6931344904438426,-0.4949754438253498,93,0,0,0,63721,44.0,19,-0.07728741524594579,0.02049605184067893,17,444,15,5
Other instruments,r04_r10,r04,r10,both,618,602,89,174,-0.06682402764129453,-0.6976150233397684,-0.5002656396404208,89,0,0,1,62838,43.0,18,-0.07961518979250759,0.01970145322287631,22,442,15,8
Other instruments,r04_r11,r04,r11,both,618,602,80,155,-0.07360455163274138,-0.7129641025628182,-0.5361707335793637,92,0,0,3,57994,38.0,22,-0.0878618430227408,0.01312403411189006,33,355,33,19
Other instruments,r04_r12,r04,r12,both,618,602,44,62,-0.09860725939163284,-0.751422180293261,-0.6477949184188941,41,0,8,3,34310,12.0,18,-0.11571352972437393,-0.0188498513954809,35,244,39,27
Other instruments,r04_r13,r04,r13,both,618,602,155,258,-0.03792745802134373,-0.6180239946151529,-0.3192427257532813,159,0,1,0,49997,21.0,28,-0.05334525493750242,0.043789081125273466,35,496,24,11
Other instruments,r04_r14,r04,r14,both,618,602,82,155,-0.06218562337136979,-0.6703351716863954,-0.4666391784178488,83,0,3,1,43653,17.0,15,-0.07921954344991983,0.019021551905724132,44,371,60,28
Other instruments,r04_r15,r04,r15,both,618,602,173,291,-0.03330591573511449,-0.6078583257739654,-0.2796442655144823,180,0,1,1,51546,22.0,43,-0.043403616729480676,0.05214781908765653,39,526,17,6
Other instruments,r04_r16,r04,r16,both,618,602,173,286,-0.032720121019543524,-0.6119277802002026,-0.28160579473528047,179,0,1,1,51131,21.0,37,-0.044710533885078785,0.05326379075461474,47,529,22,9
Other instruments,r04_r17,r04,r17,both,618,602,158,270,-0.037537137562261846,-0.6175574157856969,-0.31231247896091774,167,0,1,1,48812,19.0,30,-0.051575137325449494,0.04546991800312261,57,499,47,24
Other instruments,r04_r18,r04,r18,both,618,602,131,203,-0.05349151631659266,-0.6598351177142172,-0.4125450875908449,128,0,306,7,36747,4.0,58,-0.06544563444408091,0.030179629818858966,73,399,57,43
Other instruments,r04_r19,r04,r19,both,618,602,253,366,-0.009839618122896854,-0.5464968680309035,-0.11001373985968865,260,0,99,0,42971,7.0,96,-0.024884613584090776,0.07418790674990322,96,543,70,45
Other instruments,r04_r20,r04,r20,both,618,602,204,306,-0.022686998189587415,-0.579974616770735,-0.20253243096438645,206,0,157,0,40607,6.0,60,-0.03954642621191756,0.060880253710754506,85,519,83,54
Other instruments,r04_r21,r04,r21,both,618,602,284,394,-0.004116496685277804,-0.5383817888861488,-0.05932899774615236,282,0,87,1,43467,8.0,134,-0.02037341220140243,0.08062981900504435,129,562,71,50
Other instruments,r04_r22,r04,r22,both,618,602,277,389,-0.005373983551553885,-0.5397756306957959,-0.0627169802812087,281,0,91,1,43331,7.0,136,-0.0205576785236129,0.08088529605207473,130,561,72,51
Other instruments,r04_r23,r04,r23,both,618,602,267,366,-0.009386103823836145,-0.542166323221289,-0.08227970988429645,266,0,115,1,42521,7.0,100,-0.022783698081878523,0.07705771526127747,125,548,80,56
Other instruments,r04_r24,r04,r24,both,618,602,86,177,-0.06682060449886124,-0.6978082532969514,-0.5048360498624005,88,0,0,1,62930,43.0,19,-0.07922209939611857,0.019166505739065753,23,443,15,8
Other instruments,r05_r00,r05,r00,both,618,602,24,36,-0.12785812674454883,-0.8121128683694696,-0.7477282406193994,23,0,0,5,30178,25.0,15,-0.15949531481602802,-0.06302532867937982,29,126,30,17
Other instruments,r05_r01,r05,r01,both,618,602,91,161,-0.0704667574880059,-0.7308556829911086,-0.525575056328105,95,0,0,1,58021,50.0,15,-0.10030089932523023,0.000534960132182849,14,304,18,6
Other instruments,r05_r02,r05,r02,both,618,602,46,79,-0.10037627435265084,-0.7579531512039004,-0.6504695160590059,48,0,0,3,42681,36.0,16,-0.13360820119371108,-0.028845420511558917,36,175,46,23
Other instruments,r05_r03,r05,r03,both,618,602,113,203,-0.06431738053313296,-0.7136101573917292,-0.48973979950360025,127,0,0,0,61765,53.0,15,-0.09177447149852641,0.011529856256687954,17,368,13,7
Other instruments,r05_r04,r05,r04,both,618,602,117,207,-0.06344135921359334,-0.7176745806397049,-0.4777214239467736,126,0,0,1,60589,52.0,21,-0.09284001904237288,0.010711617864237077,17,362,13,7
Other instruments,r05_r05,r05,r05,both,618,602,107,188,-0.07333299480923039,-0.7343899143968489,-0.5309615409522599,115,0,0,1,55026,46.0,22,-0.10184606246987421,0.0,35,0,36,22
Other instruments,r05_r06,r05,r06,both,618,602,32,40,-0.11488159830105055,-0.7839655293851975,-0.705782499139938,25,0,1,5,28998,21.0,15,-0.14396066697685245,-0.04845218618895225,31,148,36,21
Other instruments,r05_r07,r05,r07,both,618,602,111,196,-0.0545611933829695,-0.6968237539978153,-0.4419736958801376,111,0,0,1,52507,40.0,11,-0.08509550549525952,0.014546314505950564,17,380,19,7
Other instruments,r05_r08,r05,r08,both,618,602,55,96,-0.08791824474658133,-0.7325424526268898,-0.583957865638809,57,0,0,4,41108,30.0,12,-0.11778537879951373,-0.019574778724980257,33,225,46,22
Other instruments,r05_r09,r05,r09,both,618,602,135,228,-0.04965051429867473,-0.688553477436879,-0.40312452492375395,154,0,0,0,55295,42.0,18,-0.0767061568241652,0.02606487874056085,18,435,12,7
Other instruments,r05_r10,r05,r10,both,618,602,139,224,-0.05158846287686647,-0.6939395402624967,-0.4160786139637925,152,0,0,1,54482,41.0,18,-0.07896979041410551,0.023391009233146076,27,427,12,9
Other instruments,r05_r11,r05,r11,both,618,602,122,206,-0.06037224654111922,-0.7069626097894212,-0.4618035920027952,133,0,0,3,50317,37.0,19,-0.08865313430432603,0.013250213152221024,38,414,41,23
Other instruments,r05_r12,r05,r12,both,618,602,61,79,-0.09130139991806302,-0.7442318087986315,-0.6147908869277552,60,0,8,3,29069,12.0,21,-0.12185876963781678,-0.024317790257138094,35,232,52,29
Other instruments,r05_r13,r05,r13,both,618,602,212,310,-0.023000204874745966,-0.6223181469573451,-0.1997203774400635,210,0,1,0,42590,21.0,30,-0.05496258166556356,0.04706510686595766,36,476,33,18
Other instruments,r05_r14,r05,r14,both,618,602,130,196,-0.04988596654821614,-0.6642126918461999,-0.4080452585686678,129,0,3,1,37056,17.0,23,-0.0830935970218159,0.017838608609904494,39,372,77,28
Other instruments,r05_r15,r05,r15,both,618,602,240,333,-0.01657525019649886,-0.618952299475884,-0.16210784336828066,248,0,1,1,43948,22.0,43,-0.04518958805909579,0.05379706758047259,40,504,31,8
Other instruments,r05_r16,r05,r16,both,618,602,235,324,-0.017655979081459605,-0.6237337716677223,-0.17068599745125812,238,0,1,1,43559,21.0,40,-0.04594298682014841,0.05293862440678804,42,505,33,12
Other instruments,r05_r17,r05,r17,both,618,602,223,306,-0.021926910048751913,-0.6223118289102022,-0.20925417540980423,216,0,1,1,41452,19.0,31,-0.052219204765551974,0.04802149096732439,57,492,50,30
Other instruments,r05_r18,r05,r18,both,618,602,177,235,-0.039312716764246414,-0.6524385885182318,-0.3299139414261497,170,0,306,7,30083,4.0,58,-0.07259981101716467,0.031459008645137954,78,390,77,53
Other instruments,r05_r19,r05,r19,both,618,602,322,398,0.005256145366754783,-0.5573512533477447,0.044880560596576746,324,0,99,0,35386,7.0,99,-0.02602419740235007,0.0788726791177981,92,518,64,41
Other instruments,r05_r20,r05,r20,both,618,602,266,354,-0.008637726955657843,-0.5767265311526427,-0.08442524953195041,259,0,157,0,33326,6.0,60,-0.04082657824258373,0.06365020549983436,91,489,87,58
Other instruments,r05_r21,r05,r21,both,618,602,345,423,0.011085618808456932,-0.5550367255319161,0.09318976403850976,341,0,87,1,35813,8.0,133,-0.020827767015730192,0.0818843840732158,129,533,66,47
Other instruments,r05_r22,r05,r22,both,618,602,347,421,0.009718028855061345,-0.5556403757510268,0.08452115393418025,345,0,91,1,35688,7.0,135,-0.020986663646308246,0.08099851508974093,128,535,70,49
Other instruments,r05_r23,r05,r23,both,618,602,330,411,0.005498394641634263,-0.5457849787256346,0.059464122747578174,324,0,115,1,34941,7.0,100,-0.02383391595969303,0.07755749672610562,126,533,94,66
Other instruments,r05_r24,r05,r24,both,618,602,137,228,-0.05158846287686647,-0.6939395402624967,-0.4152066958240902,151,0,0,1,54571,41.0,20,-0.07894618129765446,0.022957318915990232,26,427,13,9
Other instruments,r06_r00,r06,r00,both,618,602,156,175,-0.05325419589404201,-0.7236629333262343,-0.43378510775557333,156,2,10,5,13891,12.0,21,-0.1259597688847534,0.0,35,281,63,26
Other instruments,r06_r01,r06,r01,both,618,602,348,395,0.019195606688515388,-0.6221306103597499,0.1406188876182377,365,0,2,1,21167,19.0,37,-0.050566740399085486,0.0695808158149373,32,511,33,15
Other instruments,r06_r02,r06,r02,both,618,602,272,305,-0.006410578084503904,-0.6533927603467529,-0.10312682581485333,278,1,2,2,17825,15.0,28,-0.084173564582538,0.039992323525087636,44,458,81,33
Other instruments,r06_r03,r06,r03,both,618,602,369,408,0.024296177948405884,-0.6136951757796356,0.20584121496316887,387,0,1,0,22018,20.0,43,-0.04606471765771547,0.07879829424446427,46,507,27,14
Other instruments,r06_r04,r06,r04,both,618,602,367,412,0.023986065924569977,-0.620542779592419,0.21580443978680242,376,1,2,0,21512,19.0,44,-0.04739516846867031,0.07566580614728408,46,511,28,13
Other instruments,r06_r05,r06,r05,both,618,602,357,393,0.020116200574469167,-0.6231321727468605,0.1602798168775137,366,1,2,0,20068,17.0,35,-0.052070000617749135,0.07221968844172993,39,508,34,15
Other instruments,r06_r06,r06,r06,both,618,602,172,190,-0.05444334105601134,-0.7212705052532573,-0.42086491935622616,169,2,13,5,13392,11.0,19,-0.12114126467844416,0.0,36,0,63,26
Other instruments,r06_r07,r06,r07,both,618,602,364,405,0.025510997606629227,-0.6076879130692389,0.2275086154592607,374,0,2,1,19760,17.0,43,-0.04678200850860342,0.07687747069205025,36,511,34,15
Other instruments,r06_r08,r06,r08,both,618,602,276,319,-0.002895414697661247,-0.6451961515880683,-0.07610486559705476,288,1,3,2,17200,14.0,27,-0.08032538916084009,0.045330157193730236,45,471,80,37
Other instruments,r06_r09,r06,r09,both,618,602,383,419,0.029493179001830794,-0.6030494202297401,0.26697313070261675,391,0,2,0,20391,18.0,49,-0.04109537140840469,0.08288091693833566,55,516,43,21
Other instruments,r06_r10,r06,r10,both,618,602,380,418,0.02874462461503835,-0.6044240969016205,0.2617636049024309,388,1,2,0,20067,17.0,50,-0.041126637743798655,0.08210353655396468,55,513,44,24
Other instruments,r06_r11,r06,r11,both,618,602,366,405,0.023417959425333534,-0.6094788822139674,0.1987093678216052,376,1,2,1,18979,16.0,41,-0.04647421837941479,0.07822495839789106,44,507,41,23
Other instruments,r06_r12,r06,r12,both,618,602,186,202,-0.05275623062841506,-0.7158103712264022,-0.4182574427485094,180,2,19,4,13039,10.0,23,-0.11792959294534383,0.0,30,240,64,23
Other instruments,r06_r13,r06,r13,both,618,602,373,416,0.02626597670358144,-0.6009930603692691,0.2822957846559888,384,0,2,0,19027,15.0,44,-0.045267283086902865,0.0784430944604198,42,516,36,16
Other instruments,r06_r14,r06,r14,both,618,602,291,327,-0.0025221881575723804,-0.6342753269174446,-0.04477723029182129,294,1,5,1,16723,13.0,26,-0.07482951009057864,0.048806361205074034,44,482,83,33
Other instruments,r06_r15,r06,r15,both,618,602,391,428,0.032400428422712735,-0.5961759440696354,0.31973263992251966,398,0,2,1,19600,16.0,47,-0.040125793600486515,0.08343402476648926,58,520,44,22
Other instruments,r06_r16,r06,r16,both,618,602,389,432,0.03215794214505463,-0.6007681167341558,0.2976900724346736,400,1,2,1,19371,16.0,53,-0.039348039957813885,0.08286248764483861,61,514,43,21
Other instruments,r06_r17,r06,r17,both,618,602,375,410,0.025023556861892837,-0.6010610224433799,0.2392155937049848,384,1,2,1,18374,15.0,44,-0.04341401814219914,0.08096943058679151,51,512,44,26
Other instruments,r06_r18,r06,r18,both,618,602,294,316,-0.004546356077517466,-0.6534613208216251,-0.03597198613923469,291,3,341,8,11100,4.0,61,-0.07371629450719042,0.043653132317722554,74,437,98,53
Other instruments,r06_r19,r06,r19,both,618,602,448,467,0.0488239508354914,-0.5641835223208135,0.5774201348308203,450,1,127,0,13777,7.0,75,-0.024352834900836062,0.09865501411562505,85,532,61,34
Other instruments,r06_r20,r06,r20,both,618,602,398,422,0.03119551689538569,-0.5798029899402231,0.34539593268352053,396,1,188,0,12751,6.0,57,-0.04295475812652433,0.0805787897858754,64,516,82,44
Other instruments,r06_r21,r06,r21,both,618,602,458,479,0.053496177474096296,-0.5560248736607196,0.6646530008140099,453,1,117,1,13995,7.0,115,-0.018988736873660095,0.1020457064856698,124,540,69,52
Other instruments,r06_r22,r06,r22,both,618,602,455,476,0.05197781516314359,-0.5591414624276426,0.6219424306110743,453,1,125,1,13909,7.0,112,-0.01993561176928177,0.10163751325694587,122,536,66,52
Other instruments,r06_r23,r06,r23,both,618,602,445,472,0.04711266731391961,-0.5612920960771446,0.5805857329259744,445,1,149,1,13499,6.0,90,-0.02355238496096973,0.09895237844677257,106,527,70,45
Other instruments,r06_r24,r06,r24,both,618,602,378,419,0.02874462461503835,-0.6040410436914433,0.2527328201387298,389,1,2,0,20148,17.0,52,-0.04140211509021674,0.08210353655396468,54,513,44,23
Other instruments,r07_r00,r07,r00,both,618,602,31,40,-0.12783890291114192,-0.8105640879602738,-0.739264048971368,24,0,0,4,31527,25.0,13,-0.14398407693165982,-0.06933266263963184,22,102,16,10
Other instruments,r07_r01,r07,r01,both,618,602,79,141,-0.08308059679801588,-0.7293674063461593,-0.5753227476482584,73,0,0,1,57842,51.0,17,-0.09679844737254156,-0.015711017877997113,13,155,3,1
Other instruments,r07_r02,r07,r02,both,618,602,51,75,-0.10734302126291484,-0.7685392995756534,-0.6655057439699225,47,0,0,3,43246,36.0,15,-0.12646102183469204,-0.044982467054439035,26,136,24,16
Other instruments,r07_r03,r07,r03,both,618,602,92,160,-0.07838486943525519,-0.715603768049175,-0.5378360475012185,79,0,0,0,60731,55.0,19,-0.09355316989010448,-0.010681249499101542,12,226,2,1
Other instruments,r07_r04,r07,r04,both,618,602,89,151,-0.0768864061599222,-0.7215044532907311,-0.5370159734092858,76,0,0,1,59664,54.0,16,-0.09363213664838377,-0.012639067810487903,12,222,5,2
Other instruments,r07_r05,r07,r05,both,618,602,86,144,-0.08816513842687379,-0.7350982883736406,-0.5727073753439101,77,0,0,1,55119,47.0,24,-0.09909347735680546,-0.019918827637739667,15,161,2,1
Other instruments,r07_r06,r07,r06,both,618,602,33,49,-0.11579012675426853,-0.7813037801845781,-0.7028619840687693,29,0,1,5,29709,21.0,12,-0.13164702539657874,-0.055137346437604096,26,111,19,13
Other instruments,r07_r07,r07,r07,both,618,602,95,164,-0.0669656604249757,-0.6842889172673332,-0.48667491882476094,86,0,0,1,51070,40.0,10,-0.0805994042876445,0.0,15,0,7,2
Other instruments,r07_r08,r07,r08,both,618,602,53,94,-0.09539567802655591,-0.7316274992897609,-0.6087487667252693,49,0,0,4,40766,30.0,11,-0.11083230548066125,-0.03029828280382041,18,163,15,10
Other instruments,r07_r09,r07,r09,both,618,602,110,191,-0.061927509862659935,-0.673748069429899,-0.4570009948041906,99,0,0,0,52910,42.0,16,-0.07525123413228585,0.006409254723744873,14,382,6,2
Other instruments,r07_r10,r07,r10,both,618,602,113,193,-0.06006573024565859,-0.6766301860594837,-0.44791178922814834,101,0,0,1,52203,41.0,17,-0.07602855116672225,0.005640645517084153,16,364,7,2
Other instruments,r07_r11,r07,r11,both,618,602,102,171,-0.06888115028568725,-0.6930177121896018,-0.4988112170590519,101,0,0,3,49198,37.0,20,-0.08363088972507016,-0.003065991299286308,17,271,6,2
Other instruments,r07_r12,r07,r12,both,618,602,61,78,-0.09324534642864729,-0.7349432280105337,-0.6108652072909996,48,0,8,3,28240,12.0,19,-0.11230926904217042,-0.02999118159033809,34,193,32,21
Other instruments,r07_r13,r07,r13,both,618,602,172,269,-0.03362358107458313,-0.5922912069961358,-0.2731260663926697,167,0,1,0,40310,21.0,25,-0.04919454429487369,0.030449738743442922,28,481,20,11
Other instruments,r07_r14,r07,r14,both,618,602,107,176,-0.0584320413657381,-0.6453931144874803,-0.42730476910264686,95,0,3,1,35484,17.0,13,-0.07551166217493738,0.00682607744352276,34,346,43,15
Other instruments,r07_r15,r07,r15,both,618,602,193,296,-0.027810991567464305,-0.5897252674272137,-0.23688111920897953,179,0,1,1,41184,22.0,41,-0.04388880239404708,0.03719015420202221,34,491,27,13
Other instruments,r07_r16,r07,r16,both,618,602,193,294,-0.02832972050124316,-0.5952860811302797,-0.22883856810497444,184,0,1,1,40854,21.0,38,-0.04542973631944175,0.03561507897439703,42,488,29,13
Other instruments,r07_r17,r07,r17,both,618,602,175,255,-0.03739787105390713,-0.6008867882868902,-0.2970533698648636,170,0,1,1,39368,19.0,38,-0.050998173553539417,0.030266872682865043,33,462,26,17
Other instruments,r07_r18,r07,r18,both,618,602,156,216,-0.05025719590527372,-0.6347516341250724,-0.3453230274304561,141,0,306,7,27796,4.0,56,-0.06387292468491385,0.018251582275294498,71,372,43,37
Other instruments,r07_r19,r07,r19,both,618,602,299,369,-0.00567243767925335,-0.5282528710838454,-0.0230615775555848,287,0,99,0,32500,7.0,94,-0.023008676403892203,0.05589656243263841,98,549,50,39
Other instruments,r07_r20,r07,r20,both,618,602,239,309,-0.01868082405719068,-0.5573005443173897,-0.15640887395488245,229,0,157,0,30746,6.0,59,-0.03778364402862738,0.044444237301687894,77,494,56,40
Other instruments,r07_r21,r07,r21,both,618,602,315,390,-0.0017095528891494238,-0.5112647844961766,0.012954106671684174,298,0,87,1,32772,8.0,134,-0.018452153264268523,0.06201931499270491,132,546,69,52
Other instruments,r07_r22,r07,r22,both,618,602,310,388,-0.0013251609585532842,-0.5156484770405858,0.0030243271477593536,296,0,91,1,32671,7.0,129,-0.020389737970282262,0.06127822812235678,130,547,67,51
Other instruments,r07_r23,r07,r23,both,618,602,291,377,-0.00507925966789341,-0.5237867993719625,-0.024660911100654104,279,0,115,1,32142,7.0,94,-0.02116670987934849,0.05733782870106646,104,542,58,39
Other instruments,r07_r24,r07,r24,both,618,602,112,194,-0.06006573024565848,-0.6761811713241471,-0.44896417937839933,101,0,0,1,52295,41.0,18,-0.07544778961335197,0.005790175102120487,16,362,7,2
Other instruments,r08_r00,r08,r00,both,618,602,95,106,-0.0859356381464057,-0.7733644150289417,-0.5813160969904103,97,0,3,8,20400,17.0,17,-0.13718162668870326,-0.042675832006592807,33,145,36,21
Other instruments,r08_r01,r08,r01,both,618,602,253,309,-0.014233678762414603,-0.6558263510445906,-0.1713512007731442,260,0,0,1,32120,29.0,20,-0.066341065570931,0.023240205358740162,23,388,15,9
Other instruments,r08_r02,r08,r02,both,618,602,177,207,-0.042619216075310884,-0.7037130485519961,-0.3716345554426445,180,0,0,2,26297,23.0,22,-0.10137208128056324,-0.009558256500164675,37,207,55,24
Other instruments,r08_r03,r08,r03,both,618,602,276,323,-0.00525243362986455,-0.6512412064610543,-0.12161084188775251,288,0,0,0,33428,31.0,28,-0.06046403188597588,0.028795147601096083,18,411,12,6
Other instruments,r08_r04,r08,r04,both,618,602,278,327,-0.001711123701388595,-0.659645134441913,-0.09648728361470804,296,0,0,0,32691,30.0,29,-0.06084997443216639,0.028777320378254423,23,406,14,6
Other instruments,r08_r05,r08,r05,both,618,602,255,304,-0.017814100866309857,-0.6741891308648686,-0.18992757140743566,263,0,0,0,30482,27.0,27,-0.06841582512236016,0.02509016502558148,23,393,11,5
Other instruments,r08_r06,r08,r06,both,618,602,99,122,-0.08244376062357994,-0.7470519265782724,-0.5835379904532477,109,0,3,8,19184,15.0,21,-0.12838464648106035,-0.03436117995944399,32,156,44,23
Other instruments,r08_r07,r08,r07,both,618,602,283,333,-0.0061267309951744675,-0.6411288913449975,-0.09563419559097747,284,0,0,1,28957,24.0,22,-0.058307448350491564,0.03119542484711335,32,447,27,14
Other instruments,r08_r08,r08,r08,both,618,602,185,226,-0.036473528774358055,-0.6794615210890015,-0.32093801475785877,191,0,1,2,24810,20.0,15,-0.09055699977860693,0.0,33,0,47,21
Other instruments,r08_r09,r08,r09,both,618,602,299,350,0.0033498890305689866,-0.6328334825497836,-0.02447211526418991,309,0,0,0,29863,26.0,36,-0.052613775193757095,0.037431005058843614,30,462,26,10
Other instruments,r08_r10,r08,r10,both,618,602,296,352,0.0018058714996985747,-0.636579942278849,-0.023929990424100822,307,0,1,0,29387,25.0,35,-0.05405200725661663,0.036480764760910334,34,451,26,9
Other instruments,r08_r11,r08,r11,both,618,602,278,326,-0.007485212577724665,-0.6537361801654916,-0.0781799015965936,287,0,1,1,27837,22.0,32,-0.05971614951566728,0.032261954068981746,37,449,32,14
Other instruments,r08_r12,r08,r12,both,618,602,138,158,-0.07154301651620532,-0.7280306591147009,-0.5040501320485199,143,0,14,3,17763,11.0,22,-0.11606924596236923,-0.021615755014841698,41,199,49,28
Other instruments,r08_r13,r08,r13,both,618,602,328,371,0.008319240689763974,-0.6108148142341294,0.05379916370467697,330,0,1,0,25222,18.0,38,-0.04691760721472393,0.04630227627305816,42,480,34,19
Other instruments,r08_r14,r08,r14,both,618,602,230,270,-0.020014023012627613,-0.6342558417147788,-0.22642261805723385,235,0,3,1,22337,15.0,22,-0.07169331047739314,0.01980568519215853,41,463,69,29
Other instruments,r08_r15,r08,r15,both,618,602,339,393,0.01548533779604766,-0.6048318761438388,0.1252855415467512,341,0,1,1,25916,19.0,45,-0.040401449486728525,0.05284507342279782,50,487,36,16
Other instruments,r08_r16,r08,r16,both,618,602,336,391,0.015529031409504124,-0.6045389330185221,0.1104953885611456,341,0,1,1,25637,19.0,51,-0.041185671781251154,0.051146423298075616,48,487,38,20
Other instruments,r08_r17,r08,r17,both,618,602,330,368,0.009789830001439626,-0.6162336220692571,0.04990933150065513,329,0,1,1,24467,17.0,47,-0.04483795331538065,0.04481382274771972,47,484,45,18
Other instruments,r08_r18,r08,r18,both,618,602,249,288,-0.018129405384658237,-0.6509424483214072,-0.13757736633051437,247,1,306,7,15848,4.0,57,-0.0707503825222659,0.025978777315248225,69,386,73,49
Other instruments,r08_r19,r08,r19,both,618,602,398,434,0.03374385542655223,-0.564622106828,0.3510719815723896,396,1,99,0,18960,7.0,87,-0.024116542307133226,0.06743532375572747,94,523,74,53
Other instruments,r08_r20,r08,r20,both,618,602,376,407,0.018631726025023054,-0.578184713861557,0.16225901241707186,366,1,155,0,17735,6.0,57,-0.03865055020678915,0.05525688690387409,70,505,80,47
Other instruments,r08_r21,r08,r21,both,618,602,417,438,0.039558789070969436,-0.5607929148667605,0.42084770033803465,404,1,87,1,19210,8.0,125,-0.01987415453088104,0.07205288229191331,133,522,89,67
Other instruments,r08_r22,r08,r22,both,618,602,413,436,0.039412319430446985,-0.5637976215317116,0.41818181703612756,402,1,91,1,19111,7.0,121,-0.02049285764450226,0.07196349974868799,132,523,87,65
Other instruments,r08_r23,r08,r23,both,618,602,399,430,0.034893632474274794,-0.5632437336811811,0.3753726728678487,400,1,115,1,18645,7.0,97,-0.022447890839146778,0.06720081295554697,103,523,90,53
Other instruments,r08_r24,r08,r24,both,618,602,296,353,0.0018058714996985747,-0.636579942278849,-0.030191960835622977,307,0,1,0,29474,25.0,37,-0.05405200725661663,0.03673097857376906,30,451,26,9
Other instruments,r09_r00,r09,r00,both,618,602,21,25,-0.1378742422068453,-0.8239830093680536,-0.7669840343303003,12,0,0,4,34826,28.0,15,-0.14499443674061485,-0.0716192505404476,18,85,8,8
Other instruments,r09_r01,r09,r01,both,618,602,40,103,-0.09812313679710083,-0.7421815571206001,-0.6415913415009884,41,0,0,2,64670,57.0,9,-0.10223904725789451,-0.02624288324121482,11,137,2,2
Other instruments,r09_r02,r09,r02,both,618,602,29,43,-0.12066313162625247,-0.784893680027249,-0.7137744897673302,21,0,0,3,47428,39.0,13,-0.12470013408206831,-0.04902557572590677,24,116,13,10
Other instruments,r09_r03,r09,r03,both,618,602,57,124,-0.0927573785717637,-0.7279382300516639,-0.6164679724964073,49,0,0,0,68140,62.0,16,-0.0971341083904263,-0.019641982854031126,11,146,2,1
Other instruments,r09_r04,r09,r04,both,618,602,59,120,-0.09617310687064529,-0.7391344442340478,-0.618829654522137,50,0,0,1,66940,60.0,16,-0.09920132282479194,-0.02016104497351534,13,148,1,0
Other instruments,r09_r05,r09,r05,both,618,602,50,109,-0.10538974252742955,-0.7558325449331955,-0.6537243376274117,42,0,0,1,61712,53.0,17,-0.1090631388397092,-0.029428794406748615,16,131,2,1
Other instruments,r09_r06,r09,r06,both,618,602,27,36,-0.1253688162647532,-0.7912670934019885,-0.72306199056767,18,0,1,5,32372,21.0,15,-0.13027896348684836,-0.06016036680707043,30,102,14,13
Other instruments,r09_r07,r09,r07,both,618,602,57,138,-0.07572398609143938,-0.6921631414389199,-0.541550744509096,57,0,0,2,55455,41.0,8,-0.08206831855911156,-0.0063732651109459915,14,220,4,3
Other instruments,r09_r08,r09,r08,both,618,602,28,59,-0.10413713849814532,-0.7442779935563268,-0.6436449454263307,24,0,0,4,44207,31.0,12,-0.11125612951507924,-0.03243218975798223,20,159,13,7
Other instruments,r09_r09,r09,r09,both,618,602,71,160,-0.07111501518770486,-0.6814180996750898,-0.5182671239188116,66,0,0,0,57470,44.0,17,-0.07597580468431775,0.0,15,0,4,1
Other instruments,r09_r10,r09,r10,both,618,602,73,157,-0.07313962137137531,-0.6818995280946629,-0.5227577195893187,72,0,0,1,56737,43.0,17,-0.07752786655614302,-0.0025243553323087697,17,220,4,2
Other instruments,r09_r11,r09,r11,both,618,602,67,139,-0.080699000106428,-0.696683057432009,-0.5633376592527048,65,0,0,3,53540,38.0,21,-0.08468953117791456,-0.00935278980948534,20,228,4,3
Other instruments,r09_r12,r09,r12,both,618,602,43,56,-0.09885974267887299,-0.7481106556857933,-0.6358140351202279,32,0,8,3,31046,12.0,18,-0.10806780730051352,-0.03263123086237657,29,184,19,14
Other instruments,r09_r13,r09,r13,both,618,602,125,228,-0.0417022433494022,-0.596280916789538,-0.3365350863451472,119,0,1,0,43906,21.0,27,-0.049059461392915005,0.024238900502742744,26,462,16,8
Other instruments,r09_r14,r09,r14,both,618,602,72,134,-0.06481233340565828,-0.6504592387870938,-0.46886605586956204,69,0,3,1,38784,17.0,13,-0.07553733800297835,0.0013511584132337995,34,309,26,12
Other instruments,r09_r15,r09,r15,both,618,602,146,259,-0.03669679060984271,-0.5858168380324024,-0.3024620859244754,131,0,1,1,44798,22.0,35,-0.043713922274287276,0.029882692641696518,34,505,22,11
Other instruments,r09_r16,r09,r16,both,618,602,143,255,-0.03808558485772451,-0.5891568748720244,-0.31289009247232696,132,0,1,1,44468,21.0,37,-0.04490142259380375,0.029127841167755353,42,501,17,9
Other instruments,r09_r17,r09,r17,both,618,602,143,229,-0.045993405372952656,-0.609824438275839,-0.35059852960779575,133,0,1,1,42956,19.0,34,-0.049834534720282986,0.024429622678835305,33,459,17,10
Other instruments,r09_r18,r09,r18,both,618,602,119,172,-0.05614096841299221,-0.6386549131044688,-0.41017364631075925,105,0,306,7,31078,4.0,56,-0.060393922089635954,0.015145976202608658,66,371,39,33
Other instruments,r09_r19,r09,r19,both,618,602,235,351,-0.01820271102040033,-0.5235781413199815,-0.11783416273839997,224,0,99,0,36113,7.0,96,-0.02292816482926574,0.0512206836359016,99,545,39,32
Other instruments,r09_r20,r09,r20,both,618,602,179,266,-0.02987907573073889,-0.552378552393076,-0.234279401893071,169,0,157,0,34245,6.0,59,-0.03732799619588634,0.039841457293353255,73,490,46,33
Other instruments,r09_r21,r09,r21,both,618,602,266,364,-0.01072217347889054,-0.4983221769154208,-0.07371738027213232,247,0,87,1,36387,8.0,138,-0.01848861995897444,0.05661398868848461,132,557,52,40
Other instruments,r09_r22,r09,r22,both,618,602,262,365,-0.011408817838116925,-0.5070980312686816,-0.0744987734407897,242,0,91,1,36286,7.0,135,-0.02005327788371658,0.05636345938077719,130,551,49,38
Other instruments,r09_r23,r09,r23,both,618,602,240,352,-0.01459949750841888,-0.5183372295723395,-0.11018863357841202,227,0,115,1,35753,7.0,100,-0.020833641831068506,0.05379445029967994,103,534,37,26
Other instruments,r09_r24,r09,r24,both,618,602,74,159,-0.07293281668264312,-0.6812774364156462,-0.5256563149541719,73,0,0,1,56835,43.0,18,-0.0772225169574493,-0.002293912947833321,16,224,4,2
Other instruments,r10_r00,r10,r00,both,618,602,19,23,-0.13632535397494638,-0.8185066318708105,-0.7686624950883694,13,0,0,4,33772,28.0,15,-0.14820657335624143,-0.07186842174421726,18,90,9,9
Other instruments,r10_r01,r10,r01,both,618,602,40,104,-0.09836090157788807,-0.74969947446535,-0.6519199191827802,44,0,0,2,62961,57.0,9,-0.10089403334175862,-0.02560480739556581,10,150,3,1
Other instruments,r10_r02,r10,r02,both,618,602,28,39,-0.11864899657951822,-0.7796523155108095,-0.7110438413537338,24,0,0,3,46062,39.0,13,-0.1247135867256246,-0.049823290713882695,25,115,12,8
Other instruments,r10_r03,r10,r03,both,618,602,59,117,-0.0897429094820193,-0.7234299343399343,-0.6154952981965868,58,0,0,0,66375,62.0,15,-0.09645094717488861,-0.01805555711648682,10,162,2,1
Other instruments,r10_r04,r10,r04,both,618,602,54,113,-0.09002119541313214,-0.7280173615117043,-0.6192446123935358,53,0,0,1,65155,60.0,16,-0.09733542637504683,-0.018904877581126744,13,152,2,0
Other instruments,r10_r05,r10,r05,both,618,602,46,94,-0.0995179728616224,-0.7491712049578649,-0.6466728422414014,50,0,0,1,59987,52.0,17,-0.10870344699624052,-0.02914667141485283,17,134,2,1
Other instruments,r10_r06,r10,r06,both,618,602,18,32,-0.12325122029863217,-0.7924428285934809,-0.7275985797051789,18,0,1,5,31294,21.0,15,-0.1329658365296963,-0.06004989988494375,28,99,16,15
Other instruments,r10_r07,r10,r07,both,618,602,52,131,-0.07177197960734505,-0.6887845207945684,-0.5491483508891124,64,0,0,2,53868,41.0,7,-0.08235676821463883,-0.005926439880247436,13,235,5,2
Other instruments,r10_r08,r10,r08,both,618,602,23,48,-0.10314290404566168,-0.7487786752696346,-0.6529837289877725,25,0,0,4,42839,31.0,11,-0.11199530122446394,-0.03321416920106207,21,157,14,8
Other instruments,r10_r09,r10,r09,both,618,602,63,144,-0.06741125582354018,-0.6773898802206006,-0.5166423177140147,71,0,0,0,55868,44.0,19,-0.0754324820882964,0.002519535344655377,16,382,2,1
Other instruments,r10_r10,r10,r10,both,618,602,63,146,-0.06953642217679479,-0.6794497078110925,-0.5181823906590324,77,0,0,1,55134,43.0,18,-0.07763697801960656,0.0,17,0,4,2
Other instruments,r10_r11,r10,r11,both,618,602,56,133,-0.07895511289918472,-0.7010126845327955,-0.5546836693559963,66,0,0,3,51952,38.0,21,-0.08382727022335501,-0.008322967282145821,19,223,5,3
Other instruments,r10_r12,r10,r12,both,618,602,37,51,-0.09745409081488215,-0.7455697720682747,-0.6379442712816967,33,0,8,3,29816,12.0,17,-0.10987290719040649,-0.03136019548077423,28,183,23,16
Other instruments,r10_r13,r10,r13,both,618,602,116,222,-0.039817347772221734,-0.597415856753668,-0.34554524419665017,136,0,1,0,42349,21.0,26,-0.04958397615805249,0.024170145520521602,26,462,18,10
Other instruments,r10_r14,r10,r14,both,618,602,64,133,-0.062214144620858114,-0.6500134316014057,-0.48134092642430953,70,0,3,1,37341,17.0,13,-0.07552558042259327,0.002530911710655892,32,310,26,12
Other instruments,r10_r15,r10,r15,both,618,602,142,247,-0.03578110738743029,-0.5890307315417905,-0.31369394820070073,146,0,1,1,43234,22.0,38,-0.044043168658100706,0.031269688889772884,34,504,23,13
Other instruments,r10_r16,r10,r16,both,618,602,137,251,-0.03588410932901881,-0.5937994256492128,-0.31639737946514557,147,0,1,1,42905,21.0,35,-0.044881563658427714,0.03017049692019702,42,504,14,8
Other instruments,r10_r17,r10,r17,both,618,602,134,223,-0.04189009589247977,-0.6098180309514243,-0.3557273993943986,138,0,1,1,41401,19.0,36,-0.05025373444196701,0.025632172579546364,34,455,16,10
Other instruments,r10_r18,r10,r18,both,618,602,121,158,-0.05536087272125734,-0.6316422890111215,-0.40799752519403737,115,0,306,7,29647,4.0,55,-0.061334518579448494,0.016648259718057112,67,366,36,31
Other instruments,r10_r19,r10,r19,both,618,602,231,335,-0.013473381727901135,-0.5231492628449123,-0.13167630320194895,236,0,99,0,34550,7.0,94,-0.022950884464471133,0.0538880697277106,97,539,43,33
Other instruments,r10_r20,r10,r20,both,618,602,178,265,-0.027132522692309535,-0.5504498423170758,-0.23299674045657426,176,0,157,0,32714,6.0,59,-0.03685611266307226,0.040599052316170725,75,493,46,35
Other instruments,r10_r21,r10,r21,both,618,602,258,357,-0.008871757268010039,-0.5019129330001129,-0.08036659609750724,251,0,87,1,34822,8.0,137,-0.018723007921746415,0.05829745473262571,132,547,50,37
Other instruments,r10_r22,r10,r22,both,618,602,256,355,-0.009552586569786081,-0.5070203842521843,-0.0856353078888148,252,0,91,1,34721,7.0,136,-0.02020052159787067,0.05862068955534766,130,546,45,32
Other instruments,r10_r23,r10,r23,both,618,602,238,336,-0.012567477895371992,-0.5197990317929,-0.11779606774349005,238,0,115,1,34191,7.0,100,-0.021036516674391104,0.05506953014566757,103,528,43,26
Other instruments,r10_r24,r10,r24,both,618,602,62,147,-0.07110549789476822,-0.6794497078110925,-0.5187574625524458,76,0,0,1,55231,43.0,20,-0.07735930360221754,0.0,16,150,4,2
Other instruments,r11_r00,r11,r00,both,618,602,23,35,-0.1306787261516279,-0.818013967727868,-0.7444852977543128,22,0,0,5,29703,26.0,14,-0.14968910370705074,-0.06566348450862597,17,102,19,11
Other instruments,r11_r01,r11,r01,both,618,602,81,145,-0.07742606187532247,-0.7312524815402481,-0.5631923881081806,82,0,0,1,54710,51.0,13,-0.09706472554214257,-0.012227235292773697,14,226,5,2
Other instruments,r11_r02,r11,r02,both,618,602,42,65,-0.10468127813946992,-0.7676238477758521,-0.664723652371659,46,0,0,3,40661,36.0,16,-0.12738278260479968,-0.0415335701731111,24,143,24,12
Other instruments,r11_r03,r11,r03,both,618,602,88,171,-0.07370267613342502,-0.7129282300232971,-0.5354398848225483,94,0,0,0,57553,55.0,15,-0.09232070324765596,-0.00650064698722258,10,260,9,2
Other instruments,r11_r04,r11,r04,both,618,602,88,172,-0.07507410014486116,-0.7144861669723068,-0.5395687779242986,96,0,0,1,56437,54.0,17,-0.09521637147787848,-0.006421795063809077,13,263,9,3
Other instruments,r11_r05,r11,r05,both,618,602,87,145,-0.08087085469606808,-0.7353826201414266,-0.5717258177582083,91,0,0,1,51959,47.0,22,-0.09927699751183316,-0.015400391726093199,15,162,6,3
Other instruments,r11_r06,r11,r06,both,618,602,28,38,-0.11665094388787756,-0.7806219305616453,-0.7090361738617676,25,0,1,5,27780,21.0,14,-0.13912901487036183,-0.05529846811842298,24,114,22,15
Other instruments,r11_r07,r11,r07,both,618,602,95,168,-0.06248534655798488,-0.6809759212873723,-0.4788817053470454,99,0,0,1,48019,40.0,11,-0.08241803782876883,0.0021632748269386215,13,327,9,2
Other instruments,r11_r08,r11,r08,both,618,602,49,81,-0.09080009661707306,-0.7304232188826498,-0.6167894424659941,51,0,0,4,38209,30.0,10,-0.11584522281036086,-0.028079936146405193,19,162,23,13
Other instruments,r11_r09,r11,r09,both,618,602,104,188,-0.058728153002858385,-0.667980799242351,-0.4547657123445678,109,0,0,0,49832,42.0,17,-0.0747817719590052,0.009509371841609104,15,377,8,3
Other instruments,r11_r10,r11,r10,both,618,602,109,193,-0.05884715488580994,-0.677871587051833,-0.45319925610499057,108,0,0,1,49125,41.0,17,-0.07790712880893896,0.009359308793742582,16,382,6,2
Other instruments,r11_r11,r11,r11,both,618,602,106,165,-0.06504435413622461,-0.6919763696002578,-0.48464256770563685,108,0,0,3,46168,37.0,19,-0.08469259669815826,0.0,15,0,5,2
Other instruments,r11_r12,r11,r12,both,618,602,48,68,-0.09343697710342397,-0.7329096397285825,-0.6163582342158141,53,0,8,3,25917,12.0,19,-0.11321524552951456,-0.03148268275331717,30,193,27,18
Other instruments,r11_r13,r11,r13,both,618,602,168,260,-0.029207690563038513,-0.5972704818129833,-0.26503791953920075,173,0,1,0,37086,21.0,25,-0.049626808967087155,0.03269500133938913,29,482,20,9
Other instruments,r11_r14,r11,r14,both,618,602,120,169,-0.053938019555038186,-0.6412539601830213,-0.4253412900480781,115,0,3,1,32564,17.0,17,-0.07768909599666118,0.008681280562939597,32,340,44,17
Other instruments,r11_r15,r11,r15,both,618,602,192,288,-0.026400496175815247,-0.5975081984428299,-0.23492782000215273,201,0,1,1,37944,22.0,40,-0.0450546619840313,0.03832657436354309,34,501,22,10
Other instruments,r11_r16,r11,r16,both,618,602,198,280,-0.02607081884721152,-0.5978831374294953,-0.22512411924571624,205,0,1,1,37618,21.0,41,-0.04551184584871676,0.03818870094213189,43,492,18,5
Other instruments,r11_r17,r11,r17,both,618,602,182,256,-0.03217790405935489,-0.5974471868852587,-0.26943019038041655,183,0,1,1,36164,19.0,38,-0.051574102259012655,0.033072254945608004,35,498,26,17
Other instruments,r11_r18,r11,r18,both,618,602,154,210,-0.04503104370799804,-0.6262855427020455,-0.3325552713083304,158,0,306,7,24918,4.0,53,-0.06541514520092762,0.024543903111325482,66,382,40,33
Other instruments,r11_r19,r11,r19,both,618,602,300,369,-0.001626747804909734,-0.5322511622236625,-0.013629255158934317,295,0,99,0,29258,7.0,93,-0.02309261175993449,0.05946439961676536,97,542,52,35
Other instruments,r11_r20,r11,r20,both,618,602,237,302,-0.01532246850138419,-0.5585840627637874,-0.14125373934477964,242,0,157,0,27601,6.0,58,-0.03766684568716411,0.04896334093033483,73,497,52,36
Other instruments,r11_r21,r11,r21,both,618,602,313,382,0.002335340855911028,-0.524658111983938,0.017133744415675167,309,0,87,1,29529,8.0,129,-0.018862691623967642,0.0656041178029485,132,545,61,47
Other instruments,r11_r22,r11,r22,both,618,602,314,379,0.002213128803890574,-0.5255617273064592,0.018088354553140062,308,0,91,1,29430,7.0,131,-0.02027733426637085,0.06468217674793031,130,547,58,44
Other instruments,r11_r23,r11,r23,both,618,602,291,375,-0.0005169324475777781,-0.5279679254245306,-0.026633296117200445,299,0,115,1,28912,7.0,100,-0.02125310837538652,0.06085627087620282,105,539,51,34
Other instruments,r11_r24,r11,r24,both,618,602,109,194,-0.058433745634637047,-0.6780981068407008,-0.4546938332068791,109,0,0,1,49220,41.0,19,-0.07725634528584657,0.009535160841125934,15,382,5,2
Other instruments,r12_r00,r12,r00,both,618,602,139,158,-0.06464574517636373,-0.7358983101329613,-0.4782150391465379,148,2,8,5,13968,12.0,18,-0.10305945697741842,-0.004173971051398717,22,249,15,8
Other instruments,r12_r01,r12,r01,both,618,602,234,262,-0.028308634783238806,-0.6574254802406936,-0.23109194622890988,231,0,0,1,23300,26.0,28,-0.0658972599507332,0.03237000080834107,23,472,10,8
Other instruments,r12_r02,r12,r02,both,618,602,209,234,-0.03594425301469606,-0.6812894936898544,-0.311230339592388,200,0,1,2,18309,18.5,19,-0.0800412758825027,0.01744143035514789,22,415,22,10
Other instruments,r12_r03,r12,r03,both,618,602,248,296,-0.0182238636309473,-0.640700848194359,-0.17237381121084955,244,0,0,0,24472,28.0,21,-0.05817442707371462,0.036969149421557324,15,479,13,5
Other instruments,r12_r04,r12,r04,both,618,602,254,297,-0.01919623210978244,-0.6439048133817431,-0.1711217999008101,240,0,1,0,23839,27.0,21,-0.059098147321726135,0.03379710584746426,24,474,14,7
Other instruments,r12_r05,r12,r05,both,618,602,231,267,-0.030061658066518837,-0.6638149190056877,-0.22945738787963232,224,0,1,0,21836,24.0,24,-0.06637937217939688,0.030917390657269617,18,459,11,6
Other instruments,r12_r06,r12,r06,both,618,602,147,163,-0.059969310899066375,-0.7365398364280942,-0.46368936276242273,152,3,10,5,13291,11.0,20,-0.09877788691238959,-0.00032943960693931906,18,250,8,4
Other instruments,r12_r07,r12,r07,both,618,602,258,291,-0.014822547714360146,-0.6252189896745505,-0.1564693380722001,257,0,2,1,19954,21.0,24,-0.05411225405917086,0.04386808517856938,22,507,22,9
Other instruments,r12_r08,r12,r08,both,618,602,213,239,-0.03083293952024946,-0.664509961339353,-0.26154825631895995,210,1,3,2,16876,16.0,21,-0.0725945470516971,0.023800189373498093,22,455,20,11
Other instruments,r12_r09,r12,r09,both,618,602,273,315,-0.0067026831749073534,-0.6102610545587122,-0.09526696597033074,278,0,2,0,20688,22.0,29,-0.048090494380811255,0.04886193784441223,29,517,27,12
Other instruments,r12_r10,r12,r10,both,618,602,274,304,-0.007160891563289362,-0.612928995936575,-0.10330412880999351,274,1,2,0,20304,21.0,27,-0.047571555667799914,0.046616275257743034,33,507,22,10
Other instruments,r12_r11,r12,r11,both,618,602,249,286,-0.018280574250950477,-0.6230542747202545,-0.1735712659974033,258,1,2,1,19021,19.0,34,-0.0517896399402743,0.042421776819977,27,498,20,13
Other instruments,r12_r12,r12,r12,both,618,602,161,179,-0.05569146605194314,-0.7275200912997257,-0.42021642258123937,164,3,17,4,12624,10.0,21,-0.0922211216468028,0.0,15,0,6,3
Other instruments,r12_r13,r12,r13,both,618,602,288,319,-0.007401884595448438,-0.6089000666519104,-0.050957604301173354,288,0,2,0,17440,17.0,33,-0.046752120715614354,0.04959976919160208,41,527,30,18
Other instruments,r12_r14,r12,r14,both,618,602,234,271,-0.02257048377938531,-0.6414888738965282,-0.1971435713621142,240,1,5,1,15472,14.0,26,-0.0639828129653946,0.03227803204453572,26,484,21,11
Other instruments,r12_r15,r12,r15,both,618,602,300,340,0.0026864195311313566,-0.5970557375957029,-0.021320628104362194,305,0,2,1,17988,18.0,36,-0.04146114931691941,0.055927003986193935,47,534,39,19
Other instruments,r12_r16,r12,r16,both,618,602,302,334,0.0012180784491924168,-0.5985710883456169,-0.011918574724470665,305,1,2,1,17748,17.0,45,-0.04202824880809097,0.05452414704675346,45,533,36,20
Other instruments,r12_r17,r12,r17,both,618,602,284,313,-0.006205805718038637,-0.611538153440269,-0.07671953930700393,286,1,2,1,16773,16.0,40,-0.04438050069273991,0.04795939366479973,41,526,30,14
Other instruments,r12_r18,r12,r18,both,618,602,255,277,-0.0181734744919812,-0.6439430638715051,-0.15872709901378457,254,5,321,8,9664,4.0,60,-0.05792045288023201,0.03570634611117812,48,446,32,20
Other instruments,r12_r19,r12,r19,both,618,602,368,395,0.018576051095425816,-0.5593220852066223,0.18659079022298253,356,1,109,0,11745,7.0,84,-0.024509595910476856,0.0696520873782206,88,543,60,45
Other instruments,r12_r20,r12,r20,both,618,602,340,362,0.00639461361307303,-0.579859322108444,0.08470508398619969,333,1,166,0,10883,6.0,55,-0.034311881699739255,0.05797802817179559,46,536,43,22
Other instruments,r12_r21,r12,r21,both,618,602,389,419,0.023588204114034284,-0.549779725920837,0.22958314481151498,379,1,98,1,11947,7.0,116,-0.018337958660265774,0.07680163354790515,130,555,73,56
Other instruments,r12_r22,r12,r22,both,618,602,387,420,0.022552409602979218,-0.5507374271302206,0.2246549725266923,379,1,102,1,11856,7.0,118,-0.02003934063917079,0.07524548316243379,128,555,69,54
Other instruments,r12_r23,r12,r23,both,618,602,362,397,0.01879201656507068,-0.5605729008462663,0.2028284946582043,358,1,125,1,11456,7.0,91,-0.022697927004523,0.0728128568195307,94,545,64,42
Other instruments,r12_r24,r12,r24,both,618,602,275,307,-0.0073853782153692205,-0.6120356972096669,-0.11679879950500144,274,1,2,0,20386,21.0,29,-0.04745640309624444,0.04656696081377443,33,507,22,10
Other instruments,r13_r00,r13,r00,both,618,602,22,36,-0.1280328057525078,-0.8105640879602739,-0.7557511944219528,21,0,0,4,30946,26.0,13,-0.13294330176911856,-0.0844729389336294,11,50,2,2
Other instruments,r13_r01,r13,r01,both,618,602,43,68,-0.09904196989866504,-0.7381004369707107,-0.6545788190377426,42,0,0,1,51082,54.0,12,-0.09806752660264667,-0.04989422903488622,6,74,0,0
Other instruments,r13_r02,r13,r02,both,618,602,39,52,-0.11481679770837289,-0.7755260377555893,-0.6970559531772113,39,0,0,3,39963,37.0,15,-0.1148073661759832,-0.0671803403185412,12,77,2,1
Other instruments,r13_r03,r13,r03,both,618,602,48,83,-0.0935371214877046,-0.724520894675066,-0.6248742633284025,44,0,0,0,53719,58.0,11,-0.09494090495924568,-0.043995634934737016,9,82,2,1
Other instruments,r13_r04,r13,r04,both,618,602,49,80,-0.09489564906377224,-0.7306313460816083,-0.6247450672572203,46,0,0,1,52567,56.0,14,-0.09674872443567589,-0.044608870932604905,10,85,1,1
Other instruments,r13_r05,r13,r05,both,618,602,47,76,-0.10188015565498693,-0.7530222461120977,-0.6686858893728798,46,0,0,1,48320,49.0,19,-0.10412768305441361,-0.05470563235949871,11,82,0,0
Other instruments,r13_r06,r13,r06,both,618,602,27,39,-0.11783692014936087,-0.7817354992707393,-0.7191493341431894,29,0,1,5,28635,21.0,12,-0.117758651162921,-0.07341609691586054,12,60,2,2
Other instruments,r13_r07,r13,r07,both,618,602,53,97,-0.07812937658959701,-0.6811093573234266,-0.5675001984090541,57,0,0,1,42843,40.0,10,-0.07775350378284779,-0.03068216460875489,14,113,2,2
Other instruments,r13_r08,r13,r08,both,618,602,39,54,-0.0976454767517424,-0.7352552242016318,-0.6329677353333873,31,0,0,4,36117,30.0,12,-0.10165716871714142,-0.05356335328366707,10,87,1,1
Other instruments,r13_r09,r13,r09,both,618,602,64,109,-0.07379881190830495,-0.6683046136054158,-0.5428136932981369,64,0,0,0,44371,43.0,17,-0.07336957750621292,-0.023849411324496306,13,131,2,1
Other instruments,r13_r10,r13,r10,both,618,602,64,111,-0.07299026126634572,-0.6683057138761871,-0.5445361315951455,62,0,0,1,43677,42.0,17,-0.07528614506200826,-0.022935596118289603,15,140,2,1
Other instruments,r13_r11,r13,r11,both,618,602,60,99,-0.0809664484544288,-0.6910027616140721,-0.5756605835216155,57,0,0,3,41086,37.0,20,-0.0831203902553792,-0.03128651247154829,19,126,2,2
Other instruments,r13_r12,r13,r12,both,618,602,37,49,-0.09607854902988228,-0.733521491627972,-0.628973198399384,36,0,8,3,24839,12.0,17,-0.10064270781711676,-0.049860554963939874,18,79,4,4
Other instruments,r13_r13,r13,r13,both,618,602,115,161,-0.04629455866805804,-0.5801970847500015,-0.3755199457687958,119,0,1,0,31661,21.0,28,-0.048951207459776824,0.0,20,0,5,2
Other instruments,r13_r14,r13,r14,both,618,602,65,104,-0.06532676487746347,-0.6464538587503127,-0.48641380086958563,69,0,3,1,28924,17.0,15,-0.06925597660403748,-0.02045462894485328,19,126,3,2
Other instruments,r13_r15,r13,r15,both,618,602,123,187,-0.04350475941220566,-0.5707979266040635,-0.35132387334847803,124,0,1,1,32347,22.0,40,-0.043849148134867455,0.00809589730286936,35,415,17,11
Other instruments,r13_r16,r13,r16,both,618,602,121,186,-0.04244356129616089,-0.5700597789048716,-0.3476681303648981,127,0,1,1,32039,21.0,45,-0.04484385658507267,0.007232876094881657,42,394,16,12
Other instruments,r13_r17,r13,r17,both,618,602,110,165,-0.04862107371962343,-0.5913785785409194,-0.3893660930869365,114,0,1,1,30801,19.0,37,-0.04923116574151226,-0.0014173653769007921,27,276,11,9
Other instruments,r13_r18,r13,r18,both,618,602,116,150,-0.05522849488076759,-0.6329825922764003,-0.41459399557378385,117,0,306,7,21226,4.0,54,-0.05433947555139307,-0.005273826573061413,49,273,18,16
Other instruments,r13_r19,r13,r19,both,618,602,200,260,-0.022782254050349726,-0.49776489317652456,-0.19848842918413084,197,0,99,0,23730,7.0,94,-0.023434684021548025,0.027158461423526348,93,494,37,29
Other instruments,r13_r20,r13,r20,both,618,602,164,220,-0.03121676747953589,-0.5359882187610201,-0.2737283017200573,161,0,157,0,22763,6.0,58,-0.033232141258451475,0.017338383465817897,57,417,17,14
Other instruments,r13_r21,r13,r21,both,618,602,214,288,-0.017121686250541723,-0.48101866315950986,-0.14448830857391376,219,0,87,1,23928,8.0,135,-0.018431405400618772,0.03400366935586341,131,513,63,52
Other instruments,r13_r22,r13,r22,both,618,602,214,286,-0.01780501788173039,-0.4821994565600102,-0.14741647571928007,221,0,91,1,23834,7.0,133,-0.019962374748153322,0.032410939053502175,133,508,58,49
Other instruments,r13_r23,r13,r23,both,618,602,200,256,-0.020793336688385677,-0.4904797029380336,-0.18531347749131233,192,0,115,1,23415,7.0,102,-0.021915511726201153,0.028123310658806577,97,480,34,27
Other instruments,r13_r24,r13,r24,both,618,602,66,111,-0.07321666733444965,-0.6678192974787838,-0.5430802796185342,63,0,0,1,43769,42.0,18,-0.07529320742595419,-0.022481682796384017,15,141,2,1
Other instruments,r14_r00,r14,r00,both,618,602,86,104,-0.08711577646211038,-0.7648748819727487,-0.6066806760525976,98,0,3,8,20302,18.0,16,-0.11412183590750441,-0.04779236513107399,14,106,3,3
Other instruments,r14_r01,r14,r01,both,618,602,157,203,-0.049730507315960404,-0.6836202561474537,-0.4286328930650845,174,0,0,1,33472,37.5,17,-0.07792256994701141,-0.012670876529361053,18,233,3,2
Other instruments,r14_r02,r14,r02,both,618,602,122,149,-0.06064276767877397,-0.7072724784229666,-0.4802985027300026,131,0,0,2,26007,25.0,22,-0.09367691810365097,-0.027441755747574792,15,128,4,3
Other instruments,r14_r03,r14,r03,both,618,602,172,223,-0.04445204899983807,-0.6740004911936526,-0.3740690534671666,184,0,0,0,35169,40.0,20,-0.07398531504056904,-0.006188621316975285,15,256,3,3
Other instruments,r14_r04,r14,r04,both,618,602,171,223,-0.04678399413441747,-0.6746292791198552,-0.3845919828169792,184,0,0,0,34301,39.0,17,-0.07410543549461324,-0.0065726089826615985,15,253,3,2
Other instruments,r14_r05,r14,r05,both,618,602,161,200,-0.0516003001699708,-0.6866272221521859,-0.4275775039366886,166,0,0,0,31392,34.0,20,-0.08065504163343501,-0.015371058450548813,16,210,4,1
Other instruments,r14_r06,r14,r06,both,618,602,96,113,-0.08213029362840302,-0.748404096681772,-0.5935449379256732,105,0,3,8,18946,15.0,20,-0.10981086653955058,-0.04332075318633749,13,105,5,5
Other instruments,r14_r07,r14,r07,both,618,602,176,235,-0.036245909357214,-0.6462987567369887,-0.337060769714042,192,0,0,1,28289,29.0,20,-0.06434920449373172,0.0016798063844969957,20,309,10,6
Other instruments,r14_r08,r14,r08,both,618,602,137,177,-0.05445641000499257,-0.6771577771342993,-0.4371876540127998,150,0,0,2,23675,22.0,19,-0.0825473933173449,-0.020024381276270542,13,150,5,4
Other instruments,r14_r09,r14,r09,both,618,602,202,253,-0.03072344587662701,-0.6280841266423298,-0.27318561210725967,210,0,0,0,29340,30.0,21,-0.05787326886615446,0.007312279623903184,19,347,13,7
Other instruments,r14_r10,r14,r10,both,618,602,200,251,-0.03199857650572696,-0.6320953115934246,-0.2788327925460764,207,0,0,0,28816,30.0,22,-0.0578928934202092,0.005968486758634151,23,342,10,7
Other instruments,r14_r11,r14,r11,both,618,602,189,233,-0.04001655995891634,-0.6523359905911461,-0.33340782606168096,197,0,0,1,26981,27.0,24,-0.06641234314849853,-0.0006076655904043715,23,294,9,8
Other instruments,r14_r12,r14,r12,both,618,602,122,137,-0.07099451652005057,-0.7231196736141914,-0.5303981265759552,118,1,13,3,16832,11.0,23,-0.0972637196696044,-0.0327293749745049,18,116,5,3
Other instruments,r14_r13,r14,r13,both,618,602,229,280,-0.01857542135701551,-0.5975395282310059,-0.1710936055298259,244,0,1,0,22387,19.0,30,-0.04597196643732593,0.020104849672188063,33,466,20,11
Other instruments,r14_r14,r14,r14,both,618,602,170,205,-0.03664906491396808,-0.6321579781081136,-0.30938077651351253,188,0,3,1,20052,15.0,25,-0.06578974365334767,0.0,17,0,13,3
Other instruments,r14_r15,r14,r15,both,618,602,250,304,-0.015417867144457587,-0.5807852939452265,-0.13535172447173932,260,0,1,1,23018,20.0,45,-0.04135506190981497,0.025224225584002946,43,479,25,11
Other instruments,r14_r16,r14,r16,both,618,602,252,299,-0.012669035003942009,-0.5790201594515367,-0.14039000674245106,264,0,1,1,22746,19.0,52,-0.04234301006625091,0.024527047982712602,45,469,26,14
Other instruments,r14_r17,r14,r17,both,618,602,234,273,-0.018929057896292067,-0.5967930002075237,-0.18386597076997085,248,0,1,1,21634,17.0,41,-0.04629792240811659,0.01986079521642714,40,461,22,14
Other instruments,r14_r18,r14,r18,both,618,602,213,231,-0.033335562660988305,-0.636644337117212,-0.26584583988558297,209,2,306,7,13450,4.0,55,-0.05820623776455708,0.00879904103014012,49,348,23,20
Other instruments,r14_r19,r14,r19,both,618,602,322,370,0.0074867268760854255,-0.5235757528034931,0.03806922333141738,322,1,99,0,15679,7.0,85,-0.024246205816591204,0.041588397830884194,92,511,46,33
Other instruments,r14_r20,r14,r20,both,618,602,295,328,-0.0031572943733546577,-0.5597620793679597,-0.01835398006210015,288,1,155,0,14771,6.0,57,-0.033751324328956334,0.03358652182813765,56,491,25,19
Other instruments,r14_r21,r14,r21,both,618,602,341,389,0.012235903996670072,-0.5179106348374368,0.08268695879101318,342,1,87,1,15890,8.0,129,-0.01887074462427607,0.047362598057955174,132,519,76,58
Other instruments,r14_r22,r14,r22,both,618,602,342,382,0.010224998708017519,-0.5170330580723861,0.06389805579102337,340,1,91,1,15796,7.0,128,-0.020432559186813415,0.0470807795760822,134,516,74,57
Other instruments,r14_r23,r14,r23,both,618,602,328,368,0.00898042154904255,-0.5173937909846431,0.06792952676685327,332,1,115,1,15378,7.0,100,-0.02268893590739668,0.04292704619369753,97,514,56,38
Other instruments,r14_r24,r14,r24,both,618,602,202,253,-0.03140831312741582,-0.6317823821830616,-0.2786747968385005,205,0,0,0,28903,30.0,25,-0.05834780503665371,0.006172350761981915,22,341,10,7
Other instruments,r15_r00,r15,r00,both,618,602,15,24,-0.1385954400290526,-0.8235260269126489,-0.7766398271812259,11,0,0,4,34191,28.0,15,-0.13575982637777922,-0.09178728219103255,10,42,0,0
Other instruments,r15_r01,r15,r01,both,618,602,25,48,-0.10721143283358875,-0.7522954751962693,-0.6787598276412685,25,0,0,2,55920,58.0,4,-0.10298058905119417,-0.058271107089782226,4,73,0,0
Other instruments,r15_r02,r15,r02,both,618,602,25,34,-0.12317759928220445,-0.784335602217821,-0.7268766995951144,20,0,0,3,43797,40.0,14,-0.11558282331437142,-0.07492159644822433,8,66,1,1
Other instruments,r15_r03,r15,r03,both,618,602,27,57,-0.10634873824588781,-0.7397154771052472,-0.6757188458853616,26,0,0,0,58884,63.0,10,-0.09874866080113653,-0.05350508478637378,10,70,0,0
Other instruments,r15_r04,r15,r04,both,618,602,26,60,-0.10670275157687958,-0.741249751468525,-0.6740626835314198,28,0,0,1,57669,61.0,13,-0.09964591166045461,-0.0537094263074791,7,66,0,0
Other instruments,r15_r05,r15,r05,both,618,602,32,59,-0.11439941806288084,-0.7671730379821569,-0.7085645540460765,28,0,0,1,53064,53.0,16,-0.10724190749205081,-0.06321643605429583,10,76,0,0
Other instruments,r15_r06,r15,r06,both,618,602,18,27,-0.12598391834024975,-0.7907232972690506,-0.7374005598600777,15,0,1,5,31124,21.0,16,-0.11781227917203857,-0.0777170059201362,13,56,0,0
Other instruments,r15_r07,r15,r07,both,618,602,29,64,-0.08541385898579817,-0.6931323934171354,-0.5958374001001012,34,0,0,2,45936,41.0,7,-0.08048789399342599,-0.037142731111706295,15,106,4,4
Other instruments,r15_r08,r15,r08,both,618,602,18,31,-0.1070723278727756,-0.747104838155731,-0.665937164075192,19,0,0,4,38958,31.0,12,-0.10318070716548394,-0.05809307545806486,10,77,1,1
Other instruments,r15_r09,r15,r09,both,618,602,35,82,-0.08116116925853684,-0.676847124782663,-0.569105042378221,45,0,0,0,47558,44.0,16,-0.07494776551993854,-0.029756149814485044,14,96,1,1
Other instruments,r15_r10,r15,r10,both,618,602,35,76,-0.08140180567663341,-0.6774258932891412,-0.5679431927258215,42,0,0,1,46852,43.0,14,-0.07743469125260471,-0.03186779592022437,17,100,1,1
Other instruments,r15_r11,r15,r11,both,618,602,39,70,-0.0892064893887407,-0.6956472134956406,-0.606723918517992,37,0,0,3,44175,38.0,16,-0.0837009091999415,-0.038050713645806866,18,101,2,1
Other instruments,r15_r12,r15,r12,both,618,602,28,41,-0.0999936617095194,-0.7405355427490452,-0.6426393346468995,23,0,8,3,27169,12.0,16,-0.09942914472775327,-0.052472787149710765,17,66,1,1
Other instruments,r15_r13,r15,r13,both,618,602,75,126,-0.053760331116962046,-0.588554058518244,-0.4212781625096472,78,0,1,0,34167,21.0,28,-0.04877952457529239,-0.008105330493732577,20,187,3,1
Other instruments,r15_r14,r15,r14,both,618,602,44,84,-0.07288891979760714,-0.6467598661642573,-0.5228362354503285,42,0,3,1,31369,17.0,14,-0.06905662938319285,-0.02650862566356238,13,125,2,1
Other instruments,r15_r15,r15,r15,both,618,602,85,152,-0.04837685574236833,-0.5649701549202937,-0.3897663419738795,88,0,1,1,34850,22.0,38,-0.04374702636493355,0.0,35,0,7,5
Other instruments,r15_r16,r15,r16,both,618,602,81,160,-0.04919806590921838,-0.5702112626675403,-0.39304950216559764,89,0,1,1,34542,21.0,38,-0.04441678009560934,-0.0016497869930534592,42,169,7,5
Other instruments,r15_r17,r15,r17,both,618,602,79,139,-0.05535165136744208,-0.5843330098524695,-0.43225604316880967,79,0,1,1,33303,19.0,38,-0.04877664672581905,-0.008270415773075357,27,217,4,4
Other instruments,r15_r18,r15,r18,both,618,602,79,114,-0.06151788429324451,-0.6200641317959696,-0.44932280957752074,81,0,306,7,23632,4.0,55,-0.05228447048379842,-0.010229387173129156,49,245,14,13
Other instruments,r15_r19,r15,r19,both,618,602,146,223,-0.028589210564594236,-0.49412251477038277,-0.24441973089297253,147,0,99,0,26233,7.0,93,-0.02337282069655877,0.020592238188303913,93,454,28,23
Other instruments,r15_r20,r15,r20,both,618,602,125,172,-0.039264280854310385,-0.5382431082136427,-0.32349550725762516,122,0,157,0,25242,6.0,59,-0.033512893041418024,0.011473695279014928,55,378,16,15
Other instruments,r15_r21,r15,r21,both,618,602,172,254,-0.024229871045834295,-0.4709004309623876,-0.20509052861642835,178,0,87,1,26428,8.0,134,-0.018060691020582553,0.02674374912193911,131,503,47,38
Other instruments,r15_r22,r15,r22,both,618,602,171,248,-0.02527530075359402,-0.4734213325915919,-0.21031154022050458,174,0,91,1,26334,7.0,136,-0.01934895901021455,0.02635091838499476,133,501,45,36
Other instruments,r15_r23,r15,r23,both,618,602,159,227,-0.027700715513734653,-0.4898665681124485,-0.23609245874960683,154,0,115,1,25915,7.0,103,-0.02172161701862879,0.022464309495554502,97,474,25,19
Other instruments,r15_r24,r15,r24,both,618,602,37,76,-0.08190286182233719,-0.6779950055176548,-0.5745207997843793,43,0,0,1,46944,43.0,14,-0.07730503331673672,-0.0318648649167676,17,98,1,1
Other instruments,r16_r00,r16,r00,both,618,602,16,23,-0.1373657993081831,-0.821571137309719,-0.7711744835159531,11,0,0,4,33553,28.0,15,-0.1346213419760034,-0.09153045843768398,9,46,0,0
Other instruments,r16_r01,r16,r01,both,618,602,25,50,-0.10616391126634761,-0.7519237505429832,-0.6803963040427614,26,0,0,2,55080,58.0,5,-0.1026922164884061,-0.05906364063272235,4,73,0,0
Other instruments,r16_r02,r16,r02,both,618,602,25,34,-0.12499926090529057,-0.7860276103308649,-0.7242544001495699,20,0,0,3,43029,39.0,14,-0.11668723346036364,-0.0739340674490978,8,69,0,0
Other instruments,r16_r03,r16,r03,both,618,602,27,57,-0.10365253035800476,-0.7365322691161096,-0.6595503043231625,25,0,0,0,58027,63.0,11,-0.09793852064434577,-0.05238029960165652,11,72,1,1
Other instruments,r16_r04,r16,r04,both,618,602,28,57,-0.10609372826705499,-0.7373292334340269,-0.6577434745400746,27,0,0,1,56815,61.0,13,-0.09959885317756795,-0.053622160091733595,9,71,0,0
Other instruments,r16_r05,r16,r05,both,618,602,32,59,-0.11318430631974546,-0.7644048914685182,-0.7030930142180087,29,0,0,1,52227,53.0,15,-0.10662244703490542,-0.061658489375360837,10,70,0,0
Other instruments,r16_r06,r16,r06,both,618,602,17,29,-0.12227251550032187,-0.791880462050974,-0.7360596313866312,14,0,1,5,30519,21.0,16,-0.11777127986822472,-0.07757840092624751,11,56,0,0
Other instruments,r16_r07,r16,r07,both,618,602,33,69,-0.08481327309576064,-0.6896812070553036,-0.5848789658509361,35,0,0,2,45217,41.0,8,-0.08010992301106201,-0.03610319597536371,14,109,2,2
Other instruments,r16_r08,r16,r08,both,618,602,19,34,-0.10485767668098894,-0.7433945461265037,-0.6602768881239204,20,0,0,4,38263,31.0,11,-0.10351678580706203,-0.058353662181281185,9,82,2,2
Other instruments,r16_r09,r16,r09,both,618,602,39,78,-0.07938155727143259,-0.6779284710442579,-0.5674615634736767,40,0,0,0,46837,44.0,17,-0.07488089518057284,-0.02906357225474726,14,99,1,1
Other instruments,r16_r10,r16,r10,both,618,602,36,81,-0.08064871419783909,-0.6762171888440787,-0.5763789886327584,39,0,0,1,46131,43.0,14,-0.07684291540659366,-0.03026267894864998,17,96,1,1
Other instruments,r16_r11,r16,r11,both,618,602,40,74,-0.0885296044506978,-0.6959743320924712,-0.6022695695360025,37,0,0,3,43455,38.0,17,-0.08363654551718064,-0.03816144458437887,18,101,1,1
Other instruments,r16_r12,r16,r12,both,618,602,28,39,-0.10007891816606018,-0.7383748550988027,-0.6391467266277157,24,0,8,3,26520,12.0,17,-0.0991759719459584,-0.05297194546714029,18,62,0,0
Other instruments,r16_r13,r16,r13,both,618,602,75,132,-0.05425109107368348,-0.584985518006609,-0.4118175504370463,80,0,1,0,33463,21.0,27,-0.048578085597082765,-0.0070977183411360945,20,208,3,1
Other instruments,r16_r14,r16,r14,both,618,602,44,84,-0.07208792389468344,-0.6482312867192163,-0.5190148881799848,43,0,3,1,30677,17.0,17,-0.06993039397793765,-0.025724655003807384,13,126,2,1
Other instruments,r16_r15,r16,r15,both,618,602,88,155,-0.049173772925373616,-0.563922506416029,-0.38071685926610793,89,0,1,1,34147,22.0,39,-0.04360688750010683,0.0016457545985061883,35,399,8,6
Other instruments,r16_r16,r16,r16,both,618,602,82,155,-0.049288250999167504,-0.5653208241510214,-0.38628295046444583,86,0,1,1,33839,21.0,38,-0.04474756451488826,0.0,42,0,8,6
Other instruments,r16_r17,r16,r17,both,618,602,84,140,-0.05405120933513369,-0.5895078570470937,-0.4233546331624713,88,0,1,1,32600,19.0,37,-0.04890818208111308,-0.008215929165860225,27,213,5,4
Other instruments,r16_r18,r16,r18,both,618,602,87,124,-0.06137900683375802,-0.6199806740814846,-0.45454978070706015,85,0,306,7,22947,4.0,56,-0.052424430777405495,-0.01060015889486432,51,250,16,14
Other instruments,r16_r19,r16,r19,both,618,602,157,228,-0.028980649316693863,-0.4874360446382962,-0.2352235191870236,158,0,99,0,25529,7.0,95,-0.02337152283735422,0.021163091868370454,93,450,30,25
Other instruments,r16_r20,r16,r20,both,618,602,136,175,-0.037842019015203066,-0.5322482881362468,-0.31411056104073437,126,0,157,0,24542,6.0,60,-0.033667357989008107,0.0119621935625428,55,382,16,15
Other instruments,r16_r21,r16,r21,both,618,602,178,260,-0.023441847263775517,-0.4741356837704802,-0.19983094750742397,186,0,87,1,25725,8.0,133,-0.018027366463699457,0.02562878721910361,131,500,50,43
Other instruments,r16_r22,r16,r22,both,618,602,178,255,-0.024291477663167915,-0.477453623668699,-0.20131805155352378,183,0,91,1,25631,7.0,135,-0.01959189476859624,0.025753256734790897,133,498,47,41
Other instruments,r16_r23,r16,r23,both,618,602,158,232,-0.027273938001078857,-0.4847925540992885,-0.22528840541589423,161,0,115,1,25212,7.0,104,-0.021675004249634033,0.022650755371238895,97,467,30,23
Other instruments,r16_r24,r16,r24,both,618,602,38,80,-0.0807546305562864,-0.6762171888440787,-0.5724114695317599,39,0,0,1,46223,43.0,14,-0.0767963610177203,-0.030107023504256036,17,95,1,1
Other instruments,r17_r00,r17,r00,both,618,602,23,36,-0.13059197804939182,-0.816963358655101,-0.7479077971917668,23,0,0,5,29529,26.0,14,-0.13248188439851455,-0.08690754043881938,10,56,1,1
Other instruments,r17_r01,r17,r01,both,618,602,45,82,-0.09409119987094938,-0.745188736733788,-0.6533752045697971,48,0,0,1,49373,54.0,8,-0.09689508704719363,-0.049801229418847626,8,94,1,0
Other instruments,r17_r02,r17,r02,both,618,602,38,56,-0.11275328559222508,-0.7716896133895255,-0.6891542422068031,38,0,0,3,38202,37.0,14,-0.1153087300363958,-0.06522523519078804,9,82,0,0
Other instruments,r17_r03,r17,r03,both,618,602,50,93,-0.09135143764219134,-0.7265970711379395,-0.6199414465761669,52,0,0,0,52050,59.0,11,-0.09669317129154975,-0.04633508425080274,10,92,4,4
Other instruments,r17_r04,r17,r04,both,618,602,49,88,-0.09328790554521055,-0.7250851994530639,-0.6209047097334743,55,0,0,1,50902,57.0,12,-0.09678984808920682,-0.044613782940981006,8,91,3,3
Other instruments,r17_r05,r17,r05,both,618,602,51,85,-0.10309256713584947,-0.7510062777600782,-0.6523545403433333,56,0,0,1,46631,50.0,15,-0.10377601093164518,-0.05256812658127813,10,79,0,0
Other instruments,r17_r06,r17,r06,both,618,602,29,38,-0.11666454638764717,-0.786576403099003,-0.7154600364967445,23,0,1,5,27190,21.0,14,-0.12016347318692394,-0.07428713876926529,9,63,1,1
Other instruments,r17_r07,r17,r07,both,618,602,55,94,-0.07821195679413345,-0.6907195010567724,-0.5555991264587341,57,0,0,1,41185,40.0,10,-0.07993318048790055,-0.031035331938351673,11,135,1,1
Other instruments,r17_r08,r17,r08,both,618,602,36,65,-0.09987258220040951,-0.7426470116854975,-0.635427722785529,39,0,0,4,34487,30.0,9,-0.10419725494327486,-0.054116128689402354,11,85,2,2
Other instruments,r17_r09,r17,r09,both,618,602,65,113,-0.0705107218244645,-0.6667854504808693,-0.5346384239623703,58,0,0,0,42730,43.0,17,-0.07370996634563282,-0.0238675945131801,14,148,3,2
Other instruments,r17_r10,r17,r10,both,618,602,56,112,-0.07237586163347043,-0.6726790043581022,-0.5282735195864677,59,0,0,1,42036,42.0,13,-0.07572277267748478,-0.026397693713921477,16,147,1,0
Other instruments,r17_r11,r17,r11,both,618,602,61,105,-0.0794199699683506,-0.6926717367643799,-0.5666809225091398,61,0,0,3,39433,38.0,17,-0.08306215690591517,-0.03415729673149115,16,102,3,3
Other instruments,r17_r12,r17,r12,both,618,602,41,55,-0.093051963681621,-0.7329426144157735,-0.6128930434534505,45,0,8,3,23196,12.0,18,-0.10068358211532685,-0.05159007797391235,17,75,2,2
Other instruments,r17_r13,r17,r13,both,618,602,111,159,-0.044237869213738235,-0.5899650887412202,-0.36720003064899814,111,0,1,0,29845,21.0,29,-0.04936833941026042,0.0013546281388800985,20,324,7,2
Other instruments,r17_r14,r17,r14,both,618,602,78,117,-0.065658375997669,-0.6428073347993505,-0.4814550625720898,75,0,3,1,27128,17.0,17,-0.07039381443887982,-0.021320013827446083,17,129,4,3
Other instruments,r17_r15,r17,r15,both,618,602,125,187,-0.03846494229421754,-0.57635006100849,-0.3184890377611984,123,0,1,1,30536,22.0,37,-0.04407780136107303,0.008306317776407668,35,384,13,7
Other instruments,r17_r16,r17,r16,both,618,602,127,192,-0.03872164168828113,-0.5753202048848389,-0.3268726610654407,127,0,1,1,30228,21.0,40,-0.045026469032990124,0.008177167139292563,42,387,16,10
Other instruments,r17_r17,r17,r17,both,618,602,117,173,-0.04568464951233764,-0.5856106550165229,-0.37461703498166576,126,0,1,1,28988,19.0,35,-0.049269797810065685,0.0,27,0,8,6
Other instruments,r17_r18,r17,r18,both,618,602,115,155,-0.05145696327923749,-0.6256958209640564,-0.4055881972159813,117,0,306,7,19461,4.0,53,-0.054138381594071916,-0.004878969463716132,50,271,14,13
Other instruments,r17_r19,r17,r19,both,618,602,215,271,-0.020444152813169414,-0.49246226205175264,-0.16432355121245107,213,0,99,0,21912,7.0,90,-0.02349818328167319,0.02719565218863912,93,473,36,29
Other instruments,r17_r20,r17,r20,both,618,602,173,228,-0.030027947842959146,-0.5299638315048388,-0.24226500133176854,172,0,157,0,20960,6.0,59,-0.03325795709642959,0.016120634266405198,52,412,17,16
Other instruments,r17_r21,r17,r21,both,618,602,241,297,-0.01612527611679715,-0.48452830537045966,-0.1324020197062426,234,0,87,1,22115,8.0,132,-0.018298070492409335,0.032266327929898087,131,490,59,49
Other instruments,r17_r22,r17,r22,both,618,602,237,297,-0.01647828960279818,-0.4861819659808466,-0.12903532747981017,234,0,91,1,22021,7.0,133,-0.02000246068939393,0.031771483210233376,133,495,57,48
Other instruments,r17_r23,r17,r23,both,618,602,211,277,-0.018010824331589848,-0.48560922556089603,-0.1562377306075452,214,0,115,1,21602,7.0,103,-0.02221850631481942,0.0286285190818234,97,484,36,25
Other instruments,r17_r24,r17,r24,both,618,602,59,111,-0.0718068553194961,-0.6727822892715911,-0.5307718254716332,58,0,0,1,42128,42.0,16,-0.07608488982137601,-0.026293251923828087,18,146,1,0
Other instruments,r18_r00,r18,r00,both,618,602,77,87,-0.08058730585373125,-0.751464162966845,-0.5784210432701462,79,1,1,6,14905,18.0,12,-0.11106140654075641,-0.050465430775523235,7,102,1,1
Other instruments,r18_r01,r18,r01,both,618,602,131,173,-0.050365103696628055,-0.6648433863754266,-0.42825502606286786,153,0,0,2,27470,39.0,12,-0.07866296111962101,-0.02095917562769506,10,214,0,0
Other instruments,r18_r02,r18,r02,both,618,602,112,136,-0.0619944139754553,-0.6996135373642123,-0.4692724162797984,120,0,0,2,20013,26.0,16,-0.09128304963784706,-0.033541159972223344,10,155,4,2
Other instruments,r18_r03,r18,r03,both,618,602,144,197,-0.04626381194270668,-0.6422897400073857,-0.3896651612818898,164,0,0,0,29232,41.0,16,-0.07309548096677682,-0.016033676799761476,12,239,3,1
Other instruments,r18_r04,r18,r04,both,618,602,149,194,-0.04568263340288692,-0.6504417952433268,-0.3800340003940221,164,0,0,0,28349,40.0,16,-0.07419094472527415,-0.017301004960907695,10,229,3,1
Other instruments,r18_r05,r18,r05,both,618,602,140,172,-0.05347036748312489,-0.6735180180169265,-0.43243414621023757,148,0,0,0,25345,35.0,17,-0.08096447603290902,-0.025010366543411877,12,204,0,0
Other instruments,r18_r06,r18,r06,both,618,602,86,95,-0.07939429083262772,-0.7393608259217562,-0.5507049817977603,91,1,3,6,12979,14.0,15,-0.10538787542267819,-0.04443017487382994,11,129,1,0
Other instruments,r18_r07,r18,r07,both,618,602,165,210,-0.032745192449977145,-0.6113437890241977,-0.3136351115268891,179,0,0,2,21420,28.0,13,-0.06211432418442864,-0.007679713329954541,16,269,7,5
Other instruments,r18_r08,r18,r08,both,618,602,124,149,-0.04970966794106996,-0.6730105630619099,-0.4060913212248758,130,0,0,2,17167,21.0,13,-0.08142969164786373,-0.024163852572126165,11,186,3,1
Other instruments,r18_r09,r18,r09,both,618,602,185,239,-0.026799142000904885,-0.5951182550219788,-0.26543448225488064,205,0,0,0,22453,30.0,21,-0.05493603424881144,0.0006617165995251306,21,307,7,3
Other instruments,r18_r10,r18,r10,both,618,602,185,231,-0.030186377894077743,-0.6035350503212272,-0.26797390055096715,199,0,0,0,21939,29.0,23,-0.057559718255308534,-0.0014455867712273585,24,295,6,5
Other instruments,r18_r11,r18,r11,both,618,602,179,215,-0.03628220247592023,-0.620579710123145,-0.3227843985638879,194,0,0,1,20136,26.0,22,-0.06486672071242439,-0.007533002527645938,19,260,3,1
Other instruments,r18_r12,r18,r12,both,618,602,114,130,-0.06887982566227996,-0.7080620322389936,-0.4972159515431851,118,4,14,4,10748,11.0,21,-0.09380793883354721,-0.03533650030771268,16,147,0,0
Other instruments,r18_r13,r18,r13,both,618,602,231,276,-0.014229877306107752,-0.5653939977576011,-0.14726647050078617,238,1,1,0,15447,18.0,32,-0.04752996647956714,0.00928994986663323,33,353,8,5
Other instruments,r18_r14,r18,r14,both,618,602,176,202,-0.031938443126838634,-0.6193672097303713,-0.27821859298475404,181,1,3,1,13432,15.0,22,-0.06426339672880027,-0.008801372718220568,12,243,2,1
Other instruments,r18_r15,r18,r15,both,618,602,258,302,-0.010033136312877666,-0.5509254612218641,-0.09765772020285601,257,1,1,1,16049,19.0,40,-0.04181794940948941,0.015127960356322467,47,375,16,8
Other instruments,r18_r16,r18,r16,both,618,602,257,289,-0.011287783236123172,-0.5520775668779683,-0.11270612849832978,262,1,1,1,15786,19.0,47,-0.04144065618701109,0.014855370083343256,45,372,13,6
Other instruments,r18_r17,r18,r17,both,618,602,237,266,-0.016923392449379238,-0.5709070754540345,-0.15596927250261805,245,1,1,1,14722,17.0,33,-0.04497847560503632,0.009970971127565731,31,355,7,5
Other instruments,r18_r18,r18,r18,both,618,602,209,225,-0.028322722071091155,-0.6138237345409344,-0.24053638645397574,206,17,309,8,7133,4.0,52,-0.05521475837980366,0.0,48,0,15,10
Other instruments,r18_r19,r18,r19,both,618,602,330,357,0.0057543886620817775,-0.4998704743440832,0.043075238501876556,326,3,101,0,8994,7.0,93,-0.024161944097648214,0.03301908506429646,91,505,29,21
Other instruments,r18_r20,r18,r20,both,618,602,294,316,-0.002536647927838309,-0.5266928156002665,-0.019933827248388325,291,7,157,0,8192,6.0,55,-0.03446326999432836,0.022739761127135938,52,463,14,11
Other instruments,r18_r21,r18,r21,both,618,602,341,377,0.010806136197019978,-0.48879475810513584,0.09916219578198704,337,3,89,1,9205,7.5,129,-0.018858054719538164,0.040103552815207555,131,509,51,39
Other instruments,r18_r22,r18,r22,both,618,602,340,365,0.009644548120597896,-0.4908542459640076,0.08527746732219699,336,3,93,1,9112,7.0,127,-0.020612193232652176,0.04029722811778552,131,509,51,38
Other instruments,r18_r23,r18,r23,both,618,602,333,354,0.007844780875729818,-0.5033446581708041,0.04945517434107216,330,3,117,1,8696,7.0,92,-0.023296219452840272,0.03457787050464267,95,498,29,21
Other instruments,r18_r24,r18,r24,both,618,602,185,230,-0.030182365215734697,-0.603535050321227,-0.26943410559078573,200,0,0,0,22023,29.0,27,-0.057559718255308534,-0.0006018647460108717,25,298,6,5
Other instruments,r19_r00,r19,r00,both,618,602,18,29,-0.1283098377634953,-0.8102992217740134,-0.7524483074938125,20,0,0,4,26387,27.0,13,-0.13181686523150787,-0.10825095595129536,10,30,0,0
Other instruments,r19_r01,r19,r01,both,618,602,29,51,-0.09850708850994055,-0.7239689894213045,-0.6510397114729564,26,0,0,2,45100,56.0,8,-0.10103205532696008,-0.07779129808829532,5,34,0,0
Other instruments,r19_r02,r19,r02,both,618,602,30,40,-0.11272162631649157,-0.7607909145261527,-0.7014804333504353,26,0,0,3,34455,39.0,15,-0.11621420777654096,-0.0935919381467053,11,42,0,0
Other instruments,r19_r03,r19,r03,both,618,602,33,60,-0.09691291720346307,-0.7091699736141657,-0.6366531092269163,34,0,0,0,47881,61.0,12,-0.09566890503883801,-0.07302808131510374,11,44,0,0
Other instruments,r19_r04,r19,r04,both,618,602,34,61,-0.09771852562075134,-0.7141505438758564,-0.6399597730677831,33,0,0,1,46701,59.0,14,-0.09881745893321264,-0.0761496093448592,9,39,0,0
Other instruments,r19_r05,r19,r05,both,618,602,36,52,-0.10291882761738763,-0.7390041282188793,-0.6671403282089632,33,0,0,1,42270,51.0,15,-0.10677271682203882,-0.08215152522624436,9,42,1,1
Other instruments,r19_r06,r19,r06,both,618,602,29,32,-0.11608444168580861,-0.7638314771548642,-0.7071481514262572,26,1,1,5,23330,21.0,11,-0.11650432026982321,-0.09628309767414528,9,33,0,0
Other instruments,r19_r07,r19,r07,both,618,602,35,68,-0.0771785323963543,-0.6557247741444561,-0.5569821872059844,37,0,0,2,35855,41.0,9,-0.08031955760622328,-0.05697660259791043,15,51,0,0
Other instruments,r19_r08,r19,r08,both,618,602,26,38,-0.09629812674344873,-0.7227970790669023,-0.6255827878214183,27,0,0,4,29801,30.0,12,-0.10124162616848037,-0.07773857041776588,10,45,0,0
Other instruments,r19_r09,r19,r09,both,618,602,42,79,-0.07368535275614646,-0.6419282510254862,-0.5386388562291481,44,0,0,0,37434,43.0,17,-0.07351833818458031,-0.050254840056876804,15,59,1,0
Other instruments,r19_r10,r19,r10,both,618,602,44,75,-0.07475154811453405,-0.6400542830183127,-0.5337205830658539,46,0,0,1,36737,42.0,15,-0.07616878784746811,-0.05338464878680216,17,65,0,0
Other instruments,r19_r11,r19,r11,both,618,602,40,66,-0.07963255880431491,-0.659199341561078,-0.5599015254416029,44,0,0,3,34113,38.0,17,-0.08292905960228808,-0.0584271220423615,20,59,0,0
Other instruments,r19_r12,r19,r12,both,618,602,40,48,-0.09522082874638604,-0.722841583170802,-0.624042857414531,41,2,8,3,18964,12.0,18,-0.1003735633135397,-0.07552993512495954,14,47,0,0
Other instruments,r19_r13,r19,r13,both,618,602,78,123,-0.045262458276452755,-0.5510913194135787,-0.3693176865891759,84,1,1,0,24430,21.0,22,-0.04882571164294003,-0.02670671941004754,20,108,1,1
Other instruments,r19_r14,r19,r14,both,618,602,54,78,-0.0664947825161194,-0.6193975543009735,-0.4920000192792597,53,1,3,1,22082,17.0,15,-0.06918034975076837,-0.04463020385883815,14,68,0,0
Other instruments,r19_r15,r19,r15,both,618,602,105,148,-0.04185070514102873,-0.53245738458724,-0.3419710931525893,102,1,1,1,25120,22.0,33,-0.04362773876759629,-0.0209486250510737,35,148,3,2
Other instruments,r19_r16,r19,r16,both,618,602,104,149,-0.04091788543279712,-0.5335437957687814,-0.33970184165733236,104,1,1,1,24812,21.0,35,-0.044544916254894706,-0.021237197824545084,42,152,4,4
Other instruments,r19_r17,r19,r17,both,618,602,91,131,-0.04832198049306102,-0.5557250318677399,-0.37255129343483606,91,1,1,1,23573,19.0,29,-0.049165042516084834,-0.02740912594120276,27,129,2,1
Other instruments,r19_r18,r19,r18,both,618,602,96,120,-0.05367479050765517,-0.5959647328881876,-0.39528337105422434,92,4,306,7,14584,4.0,48,-0.05274897192740724,-0.03274805961838223,47,99,7,6
Other instruments,r19_r19,r19,r19,both,618,602,166,234,-0.021123925384567477,-0.447647435012095,-0.18123142317063412,162,2,99,0,16496,7.0,95,-0.023548981147002823,0.0,93,0,18,16
Other instruments,r19_r20,r19,r20,both,618,602,134,170,-0.032538365544375725,-0.48962982941395905,-0.25903464029160084,130,2,157,0,15681,6.0,55,-0.033375749114633035,-0.01175950848536289,56,144,10,9
Other instruments,r19_r21,r19,r21,both,618,602,202,255,-0.01696307671065983,-0.42569971211825214,-0.13714549356725475,198,2,87,1,16700,8.0,134,-0.018278832467314154,0.0064508824378142204,131,456,35,32
Other instruments,r19_r22,r19,r22,both,618,602,198,250,-0.016861194048049255,-0.42871282365582325,-0.14541311426095438,194,2,91,1,16606,7.0,134,-0.019791567646691932,0.005363883356873322,133,431,36,33
Other instruments,r19_r23,r19,r23,both,618,602,177,227,-0.02208253166546259,-0.4410220720238072,-0.17902832222451082,173,2,115,1,16187,7.0,100,-0.022122393339746638,-0.0001179702545461847,97,289,22,17
Other instruments,r19_r24,r19,r24,both,618,602,45,76,-0.07485435635470294,-0.6400542830183127,-0.532164897627987,46,0,0,1,36829,42.0,16,-0.07607625215247499,-0.05352323454978358,16,65,0,0
Other instruments,r20_r00,r20,r00,both,618,602,52,61,-0.10304163553550227,-0.7682461974352681,-0.6713616959094023,56,1,0,4,19287,22.0,17,-0.11908492159936318,-0.08723758934867143,10,47,0,0
Other instruments,r20_r01,r20,r01,both,618,602,94,138,-0.07096725124878928,-0.6937970405137641,-0.52705779219431,101,0,0,2,33961,45.5,11,-0.0871974281896204,-0.05068631225358039,11,82,0,0
Other instruments,r20_r02,r20,r02,both,618,602,75,92,-0.08457420611635136,-0.7262181482509211,-0.5748308468927481,78,0,0,3,25152,31.0,20,-0.10096215643557221,-0.06758229779515296,10,66,1,1
Other instruments,r20_r03,r20,r03,both,618,602,100,141,-0.06463502930909243,-0.6709856875015461,-0.48599173670979945,109,0,0,0,36105,49.0,13,-0.08140931809088348,-0.04695602614261646,14,91,0,0
Other instruments,r20_r04,r20,r04,both,618,602,99,142,-0.06585026975166913,-0.6766555485631176,-0.4887170149901656,106,0,0,1,35099,47.0,14,-0.08338369055335976,-0.048284838194987745,11,91,0,0
Other instruments,r20_r05,r20,r05,both,618,602,95,127,-0.0745978166417301,-0.7036005680381293,-0.5310859685721454,97,0,0,1,31528,41.0,14,-0.08882334107316309,-0.05448961568599048,14,80,1,1
Other instruments,r20_r06,r20,r06,both,618,602,60,68,-0.09404329246686444,-0.7498153587672987,-0.6126052016185938,70,1,1,5,16825,17.0,18,-0.11020965718252501,-0.07745392983231808,12,53,1,1
Other instruments,r20_r07,r20,r07,both,618,602,121,165,-0.05302270660483438,-0.6273883600685044,-0.4251236736540445,137,0,0,2,26692,33.0,19,-0.06788963960584032,-0.03305345439638302,19,127,0,0
Other instruments,r20_r08,r20,r08,both,618,602,86,113,-0.07099015484605836,-0.6873517730421521,-0.5148119749010505,100,0,0,3,21665,24.0,16,-0.08879190780686846,-0.05705911051993068,9,66,1,1
Other instruments,r20_r09,r20,r09,both,618,602,128,181,-0.047394144097761326,-0.6201347595786293,-0.38744275427673963,142,0,0,0,27952,35.0,21,-0.06197181062983309,-0.02756559299231398,24,139,4,4
Other instruments,r20_r10,r20,r10,both,618,602,125,181,-0.04791640300288641,-0.6262195716997534,-0.40027973072810186,139,0,0,1,27362,34.0,24,-0.06362450879492071,-0.02902972972507567,26,135,3,3
Other instruments,r20_r11,r20,r11,both,618,602,127,154,-0.05531370758698495,-0.6434076368941913,-0.4335892357356798,132,0,0,2,25213,31.0,25,-0.07105777900285642,-0.03617420887188161,25,120,0,0
Other instruments,r20_r12,r20,r12,both,618,602,90,100,-0.08135265529283864,-0.7123887707408809,-0.5580044910552046,94,3,10,1,13638,11.0,23,-0.09577119134103868,-0.061428141462875785,17,71,1,1
Other instruments,r20_r13,r20,r13,both,618,602,178,208,-0.028071596130375576,-0.5609756936730717,-0.25504866500499856,183,1,1,0,18627,19.0,30,-0.04610370186777285,-0.012756721878388555,34,211,10,6
Other instruments,r20_r14,r20,r14,both,618,602,137,166,-0.05006984941464915,-0.6246830344113109,-0.39485831707030383,138,1,3,1,16431,16.0,25,-0.0656690538237481,-0.03341210714827042,13,102,1,1
Other instruments,r20_r15,r20,r15,both,618,602,185,250,-0.023600792672806348,-0.5548010584560813,-0.21285958763292412,191,1,1,1,19283,20.0,43,-0.04196159162771329,-0.007188192150185624,41,251,15,11
Other instruments,r20_r16,r20,r16,both,618,602,178,247,-0.024371265117292706,-0.5505773629371424,-0.21740961830525574,186,1,1,1,18998,20.0,48,-0.042505957287360174,-0.007595299687684076,44,241,15,12
Other instruments,r20_r17,r20,r17,both,618,602,178,219,-0.030401127593421173,-0.5640882534329323,-0.2613564522646759,186,1,1,1,17839,18.0,35,-0.04472455201791958,-0.013047466151744957,33,206,11,5
Other instruments,r20_r18,r20,r18,both,618,602,169,186,-0.04259310320407739,-0.6081821417544608,-0.32911526610964176,166,8,306,7,9629,4.0,53,-0.054082237002125444,-0.021175901076521175,47,132,9,7
Other instruments,r20_r19,r20,r19,both,618,602,268,301,-0.00880750948875969,-0.4871352534434284,-0.07346933105790088,265,3,99,0,11505,7.0,91,-0.023647487285264668,0.012003945809537842,92,448,32,26
Other instruments,r20_r20,r20,r20,both,618,602,223,257,-0.019212926350232196,-0.5214649722355016,-0.14997215682479226,220,5,155,0,10698,6.0,57,-0.0338548392018867,0.0,54,0,14,13
Other instruments,r20_r21,r20,r21,both,618,602,292,324,-0.004325776974541229,-0.46711062053696073,-0.028167761166172645,289,3,87,1,11716,8.0,132,-0.018881913912249693,0.01682706033116227,132,478,53,45
Other instruments,r20_r22,r20,r22,both,618,602,289,320,-0.004437187501625861,-0.4705237717819943,-0.03584110047240702,286,3,91,1,11622,7.0,129,-0.020565729765486596,0.015889458571687276,134,464,51,43
Other instruments,r20_r23,r20,r23,both,618,602,278,304,-0.008214661261535527,-0.4789969219304264,-0.05825921448875099,275,3,115,1,11204,7.0,100,-0.022795152864072077,0.012283099246804208,97,472,28,24
Other instruments,r20_r24,r20,r24,both,618,602,127,179,-0.04791640300288641,-0.6262195716997534,-0.39907667365578187,137,0,0,1,27450,34.0,26,-0.06381696610812415,-0.02902972972507567,27,134,3,3
Other instruments,r21_r00,r21,r00,both,618,602,14,20,-0.13477668433623846,-0.8125777522729345,-0.7624616248764305,12,0,0,4,28681,29.0,13,-0.13224485949968173,-0.11569812641271565,9,30,0,0
Other instruments,r21_r01,r21,r01,both,618,602,19,44,-0.10434458844909711,-0.729087346949447,-0.6734026574354578,19,0,0,2,48275,59.0,6,-0.10447868850195735,-0.08371963131220012,4,35,0,0
Other instruments,r21_r02,r21,r02,both,618,602,20,33,-0.12016764567894883,-0.773657326474781,-0.7157876455948293,20,0,0,3,37094,40.0,14,-0.11740304403642121,-0.09724382387822789,8,36,0,0
Other instruments,r21_r03,r21,r03,both,618,602,21,40,-0.10157232546047562,-0.7139713171003615,-0.6481339242184918,24,0,0,0,51254,64.0,11,-0.09933174627878505,-0.07851139435459964,11,35,0,0
Other instruments,r21_r04,r21,r04,both,618,602,19,44,-0.1044020002033707,-0.719639762934972,-0.657755671388057,19,0,0,1,50027,62.0,14,-0.10121806093991176,-0.08147780836618179,8,38,0,0
Other instruments,r21_r05,r21,r05,both,618,602,25,41,-0.11012659008113196,-0.7544724871562746,-0.6836587302022838,23,0,0,1,45374,54.0,14,-0.11013110278335142,-0.0907746018858383,9,36,0,0
Other instruments,r21_r06,r21,r06,both,618,602,17,21,-0.1199093656674039,-0.7706372073171318,-0.7221439191868488,13,1,1,5,25093,21.0,12,-0.11575234187006489,-0.10124673824923264,9,31,0,0
Other instruments,r21_r07,r21,r07,both,618,602,19,48,-0.08145774482037649,-0.6631310745952597,-0.5782235127788453,22,0,0,2,37900,41.0,8,-0.08002796143596713,-0.06408517772632033,15,48,0,0
Other instruments,r21_r08,r21,r08,both,618,602,18,28,-0.102452406365657,-0.7265856032950431,-0.6564974313297939,19,0,0,4,31748,31.0,11,-0.1013359236562229,-0.08267506629719451,12,39,0,0
Other instruments,r21_r09,r21,r09,both,618,602,31,60,-0.0764248898224672,-0.6416935067216748,-0.5533322614347873,31,0,0,0,39512,44.0,12,-0.07524766461433052,-0.05682812609502447,14,46,0,0
Other instruments,r21_r10,r21,r10,both,618,602,31,55,-0.07858503509590498,-0.6476887757781638,-0.5589854092049444,35,0,0,1,38806,43.0,14,-0.07709677018452016,-0.05867619878829644,17,52,0,0
Other instruments,r21_r11,r21,r11,both,618,602,30,48,-0.08686699514550034,-0.6714859861021546,-0.5906922908663035,31,0,0,3,36136,38.0,15,-0.0851982408270004,-0.06413421766647304,18,48,0,0
Other instruments,r21_r12,r21,r12,both,618,602,22,32,-0.09932402733958229,-0.7318393258305029,-0.6375120025968161,22,2,8,3,20615,12.0,18,-0.09965186485826605,-0.07822148832532211,14,45,0,0
Other instruments,r21_r13,r21,r13,both,618,602,58,107,-0.05106844435391794,-0.5577240209345455,-0.40583507972529664,62,0,1,0,26103,21.0,22,-0.0488646996603288,-0.03344980394282132,20,90,1,1
Other instruments,r21_r14,r21,r14,both,618,602,28,54,-0.07117785065296156,-0.6199127839766527,-0.5135417740440136,33,1,3,1,23755,17.0,14,-0.06923111505302226,-0.04789954168066185,14,60,0,0
Other instruments,r21_r15,r21,r15,both,618,602,80,118,-0.04655757773838237,-0.5293351010249515,-0.37051118486308726,84,0,1,1,26792,22.0,33,-0.0438750176268935,-0.02688391183812644,35,98,2,2
Other instruments,r21_r16,r21,r16,both,618,602,76,122,-0.046258911341835296,-0.5364839899193483,-0.3744373648999094,73,1,1,1,26484,21.0,31,-0.04453448575378771,-0.025479917332005997,42,101,3,3
Other instruments,r21_r17,r21,r17,both,618,602,70,108,-0.05241613940773754,-0.5540518807616426,-0.4049749474988627,72,1,1,1,25245,19.0,29,-0.04819017146560295,-0.03180609571503734,27,111,1,1
Other instruments,r21_r18,r21,r18,both,618,602,62,91,-0.05738400478332628,-0.5882113521761643,-0.4248744677352266,59,4,306,7,16242,4.0,50,-0.05268486362414787,-0.03804574078561296,47,94,5,4
Other instruments,r21_r19,r21,r19,both,618,602,132,191,-0.025918332514674125,-0.44660965688893683,-0.2155463173757628,129,2,99,0,18167,7.0,101,-0.023374088790920233,-0.006404885696873919,93,134,11,10
Other instruments,r21_r20,r21,r20,both,618,602,91,140,-0.037166137692899726,-0.4899232976142386,-0.28909684652580037,88,2,157,0,17352,6.0,58,-0.03312507753507754,-0.01612380573278649,56,119,5,5
Other instruments,r21_r21,r21,r21,both,618,602,168,230,-0.021329943046250965,-0.4195449401710833,-0.17114214955731039,165,2,87,1,18370,8.0,136,-0.017970248172314185,0.0,131,0,26,24
Other instruments,r21_r22,r21,r22,both,618,602,164,224,-0.021725040158079356,-0.42799257275474467,-0.18144116380378905,161,2,91,1,18276,7.0,136,-0.01963775755003455,-0.00029967644023642936,133,81,27,23
Other instruments,r21_r23,r21,r23,both,618,602,144,202,-0.026034841671155162,-0.43616670537048446,-0.21537911974554774,141,2,115,1,17857,7.0,106,-0.02194682057724201,-0.006655677935943072,97,163,22,15
Other instruments,r21_r24,r21,r24,both,618,602,34,57,-0.07848237092577842,-0.6469399563667606,-0.5586149665205762,35,0,0,1,38898,43.0,15,-0.07720085063566051,-0.058832583876080646,17,51,0,0
Other instruments,r22_r00,r22,r00,both,618,602,12,21,-0.13295308879887047,-0.8109674475958967,-0.7571571552580757,10,0,0,4,28274,29.0,13,-0.13177080703761018,-0.11423269134361014,9,29,0,0
Other instruments,r22_r01,r22,r01,both,618,602,19,45,-0.1032992910205171,-0.7279442729126363,-0.6688269104621337,19,0,0,2,47773,58.0,7,-0.10431787593691177,-0.082396885646772,4,37,0,0
Other instruments,r22_r02,r22,r02,both,618,602,21,32,-0.11746258480095528,-0.7715654615983258,-0.7099014341848704,20,0,0,3,36611,40.0,14,-0.11641128085262115,-0.09698177489516246,8,34,0,0
Other instruments,r22_r03,r22,r03,both,618,602,20,43,-0.10075638191103348,-0.7140071658253745,-0.6482955627593301,21,0,0,0,50740,63.0,12,-0.09925423572573416,-0.07785999120683207,12,37,0,0
Other instruments,r22_r04,r22,r04,both,618,602,20,46,-0.10220836074610135,-0.7208226040581155,-0.653253194302726,20,0,0,1,49514,62.0,13,-0.10125758793464396,-0.08181797202119723,8,39,0,0
Other instruments,r22_r05,r22,r05,both,618,602,27,40,-0.1097465313259432,-0.7523171907617276,-0.6794500452811401,23,0,0,1,44874,54.0,15,-0.10878200185570897,-0.08846120747465608,9,39,0,0
Other instruments,r22_r06,r22,r06,both,618,602,18,21,-0.11810716235674401,-0.7702585643239099,-0.7207600003265752,14,1,1,5,24700,21.0,11,-0.1160855113392415,-0.10201905443100445,9,31,0,0
Other instruments,r22_r07,r22,r07,both,618,602,19,49,-0.0807225468669599,-0.6628921170100213,-0.5748852294111274,25,0,0,2,37462,41.0,8,-0.07976687985536868,-0.0624942062468446,15,50,0,0
Other instruments,r22_r08,r22,r08,both,618,602,17,26,-0.10109224093640434,-0.722715990681004,-0.6521367032749565,19,0,0,4,31310,31.0,11,-0.1013366247710556,-0.08010484285486308,12,39,0,0
Other instruments,r22_r09,r22,r09,both,618,602,30,59,-0.07664857475318015,-0.6397996354866324,-0.5473541506709794,33,0,0,0,39074,44.0,12,-0.07534090034662533,-0.055425088830475866,14,51,0,0
Other instruments,r22_r10,r22,r10,both,618,602,29,56,-0.07835748927309494,-0.6455034598394052,-0.5518779718415749,36,0,0,1,38368,43.0,14,-0.07723765136225802,-0.05755421756650703,17,53,0,0
Other instruments,r22_r11,r22,r11,both,618,602,31,48,-0.08605087576393033,-0.6743674161375173,-0.5920115846385695,32,0,0,3,35698,38.0,15,-0.08507812017373878,-0.06197735256390963,18,47,0,0
Other instruments,r22_r12,r22,r12,both,618,602,21,31,-0.09791239677464608,-0.7270916093183664,-0.6339388982202697,24,2,8,3,20199,12.0,18,-0.09962736786501608,-0.07850204441411524,15,46,0,0
Other instruments,r22_r13,r22,r13,both,618,602,59,108,-0.05028515439997644,-0.556280535667774,-0.3995083371688891,64,0,1,0,25679,21.0,22,-0.048858182076126466,-0.032540899267504364,20,95,1,1
Other instruments,r22_r14,r22,r14,both,618,602,32,56,-0.07014800099189128,-0.6213275875177436,-0.5062236946439983,37,1,3,1,23331,17.0,15,-0.0691977977992071,-0.04749262679475491,14,64,0,0
Other instruments,r22_r15,r22,r15,both,618,602,83,125,-0.04504775117806292,-0.5285074493373394,-0.3679128521477519,82,0,1,1,26368,22.0,33,-0.04364554205046167,-0.025994156037873584,35,100,1,1
Other instruments,r22_r16,r22,r16,both,618,602,77,124,-0.0451996480838775,-0.5352799070902817,-0.3714577441481266,79,1,1,1,26060,21.0,33,-0.04457214009148919,-0.025865371140155302,42,103,3,3
Other instruments,r22_r17,r22,r17,both,618,602,73,110,-0.052680450432160464,-0.5492613991532768,-0.3972230833481619,72,1,1,1,24821,19.0,29,-0.04826930498588605,-0.0313087220218074,27,106,1,1
Other instruments,r22_r18,r22,r18,both,618,602,66,90,-0.05788169595740411,-0.5886519935154595,-0.4274529097395225,63,4,306,7,15821,4.0,51,-0.0525308090099289,-0.03832951672085949,47,94,4,3
Other instruments,r22_r19,r22,r19,both,618,602,146,201,-0.025275635591321788,-0.44586353510971904,-0.21259635165186308,143,2,99,0,17743,7.0,100,-0.023402733966882305,-0.005356272843966392,93,166,14,13
Other instruments,r22_r20,r22,r20,both,618,602,101,143,-0.036728457355376776,-0.4865720989765815,-0.2898541150173266,98,2,157,0,16928,6.0,59,-0.03323876614040577,-0.015433781416014203,56,133,5,5
Other instruments,r22_r21,r22,r21,both,618,602,172,242,-0.021016940886375512,-0.4184562101927359,-0.1629000005801033,169,2,87,1,17946,8.0,136,-0.017933554967257015,0.00030043574103316706,131,319,30,27
Other instruments,r22_r22,r22,r22,both,618,602,169,234,-0.021217588460441306,-0.422653342368987,-0.17694710077207632,166,2,91,1,17852,7.0,137,-0.019589608562121774,0.0,133,0,31,26
Other instruments,r22_r23,r22,r23,both,618,602,149,206,-0.025894184542312293,-0.43613553909478914,-0.21283104040797268,146,2,115,1,17433,7.0,105,-0.021913411209638634,-0.007067682738523762,97,178,23,15
Other instruments,r22_r24,r22,r24,both,618,602,31,58,-0.07816680190116704,-0.6439759750648505,-0.555666155731286,35,0,0,1,38460,43.0,15,-0.07740859791665594,-0.05758505369386058,17,53,0,0
Other instruments,r23_r00,r23,r00,both,618,602,17,21,-0.13009537435025526,-0.8042367802836716,-0.7493110565609866,14,1,0,4,25600,27.0,13,-0.13178596734294828,-0.10966902471061452,9,27,0,0
Other instruments,r23_r01,r23,r01,both,618,602,29,54,-0.09908420301306592,-0.7248865520001895,-0.6499074275480472,27,0,0,2,44288,56.0,6,-0.10218016362722465,-0.0787838459949749,7,42,0,0
Other instruments,r23_r02,r23,r02,both,618,602,30,39,-0.1139357881164314,-0.766631695243492,-0.6951480273987745,27,0,0,3,33520,39.0,14,-0.1169921374571426,-0.09190268921854194,9,41,0,0
Other instruments,r23_r03,r23,r03,both,618,602,35,62,-0.09402512912979061,-0.7058230486008437,-0.6184279929355747,35,0,0,0,47102,61.0,12,-0.09653377941063856,-0.07514017123529243,12,44,0,0
Other instruments,r23_r04,r23,r04,both,618,602,33,60,-0.09612080773685178,-0.7172924693971927,-0.6264366473754004,34,0,0,1,45918,59.0,13,-0.09817095925461378,-0.07720707154789741,11,47,0,0
Other instruments,r23_r05,r23,r05,both,618,602,30,53,-0.10454339205547097,-0.7458644664643591,-0.6618795723994754,34,0,0,1,41464,52.0,13,-0.10795213214917548,-0.08477803542778706,10,41,0,0
Other instruments,r23_r06,r23,r06,both,618,602,23,30,-0.11528308267735249,-0.7688806502377251,-0.7045998152325144,21,1,1,5,22465,21.0,13,-0.11626331253515654,-0.09588015552407747,7,31,0,0
Other instruments,r23_r07,r23,r07,both,618,602,27,62,-0.07814025106799433,-0.6612871436429245,-0.5560407085652197,30,0,0,2,34956,41.0,9,-0.08108866659828035,-0.05844907883017031,13,58,0,0
Other instruments,r23_r08,r23,r08,both,618,602,23,36,-0.09793051855161572,-0.7170856698570587,-0.6434480078680687,25,0,0,4,28885,31.0,11,-0.10204335783217705,-0.07999554685220295,9,43,0,0
Other instruments,r23_r09,r23,r09,both,618,602,42,68,-0.07123288316463094,-0.6423091213903542,-0.5241244664345097,47,0,0,0,36539,43.0,16,-0.07519845056747543,-0.05390394829257433,14,67,1,1
Other instruments,r23_r10,r23,r10,both,618,602,41,72,-0.07303395767283788,-0.6477400159165763,-0.5289828096522156,44,0,0,1,35840,42.0,16,-0.07693951048247927,-0.05411383559848937,17,76,1,1
Other instruments,r23_r11,r23,r11,both,618,602,36,66,-0.07996401856130725,-0.658699374652003,-0.5530745739838047,36,0,0,3,33209,38.0,16,-0.08457371996477725,-0.06056365170978961,16,56,0,0
Other instruments,r23_r12,r23,r12,both,618,602,35,41,-0.09431381270008371,-0.7170593197876708,-0.6162972348584397,36,2,8,3,17969,12.0,20,-0.09956814701664563,-0.07460139372312707,14,44,0,0
Other instruments,r23_r13,r23,r13,both,618,602,80,132,-0.046662241150561,-0.5641827766731171,-0.37404031987263203,87,0,1,0,23411,21.0,26,-0.048931508473157304,-0.0279183319058256,20,122,1,1
Other instruments,r23_r14,r23,r14,both,618,602,57,75,-0.06538495584418885,-0.624922579958457,-0.4766429244923605,56,1,3,1,21062,17.0,19,-0.06921033876390364,-0.044944213681371525,14,70,0,0
Other instruments,r23_r15,r23,r15,both,618,602,97,149,-0.03995872495013747,-0.5398561209242362,-0.33230251101678654,100,0,1,1,24104,22.0,36,-0.04348879699977065,-0.022912839728691348,35,126,4,2
Other instruments,r23_r16,r23,r16,both,618,602,96,147,-0.04234239845514254,-0.5401082853208634,-0.3421351870634515,100,1,1,1,23796,21.0,37,-0.044794428189604885,-0.02261155206996468,42,134,4,4
Other instruments,r23_r17,r23,r17,both,618,602,94,138,-0.04696664207760215,-0.5547470793105568,-0.37322245514019525,95,1,1,1,22556,19.0,30,-0.04878073907390085,-0.028627416227648084,27,117,1,1
Other instruments,r23_r18,r23,r18,both,618,602,94,127,-0.052238074625525543,-0.584850768025825,-0.3891679164043767,90,4,306,7,13564,4.0,49,-0.05273884422668623,-0.03391176947260932,47,105,6,6
Other instruments,r23_r19,r23,r19,both,618,602,183,229,-0.020414442289094226,-0.450529619870592,-0.16408327759149344,179,3,99,0,15476,7.0,96,-0.023625793347297752,0.00011924585605038729,93,303,20,18
Other instruments,r23_r20,r23,r20,both,618,602,139,181,-0.03153089864633307,-0.4888420645555873,-0.251231360805085,135,3,157,0,14661,6.0,59,-0.033410826784964986,-0.011846753921136544,56,120,9,8
Other instruments,r23_r21,r23,r21,both,618,602,214,265,-0.013730257099970722,-0.42925161001114065,-0.121967036081927,210,3,87,1,15683,8.0,130,-0.018251699559340806,0.0066141477403118265,131,432,33,32
Other instruments,r23_r22,r23,r22,both,618,602,211,257,-0.014836083257278643,-0.42972812492305285,-0.12945195909652685,207,3,91,1,15589,7.0,133,-0.01985371618224785,0.00712002521427052,133,417,33,31
Other instruments,r23_r23,r23,r23,both,618,602,185,229,-0.0202911507795141,-0.44582547332224265,-0.17103451413882037,181,3,115,1,15170,7.0,103,-0.022235221447286013,0.0,97,0,22,19
Other instruments,r23_r24,r23,r24,both,618,602,42,76,-0.07313443849698759,-0.6486179668113645,-0.5304955065105084,44,0,0,1,35932,43.0,18,-0.07699081877804537,-0.05457873913151823,17,76,1,1
Other instruments,r24_r00,r24,r00,both,618,602,21,25,-0.13628560029034825,-0.819838275104745,-0.7599672807911267,13,0,0,4,34151,28.0,15,-0.1481936007346622,-0.07186842174421731,18,90,9,9
Other instruments,r24_r01,r24,r01,both,618,602,46,122,-0.09804036603910771,-0.7493413926276342,-0.6334722922672523,45,0,0,2,63334,57.0,9,-0.1009100589472095,-0.025188237824188997,10,148,3,1
Other instruments,r24_r02,r24,r02,both,618,602,32,47,-0.11858236385476623,-0.7813927288307849,-0.7078254093845914,24,0,0,3,46484,39.0,13,-0.1250040283551584,-0.049576513283283496,25,116,13,9
Other instruments,r24_r03,r24,r03,both,618,602,65,125,-0.09043708034853443,-0.7234510125917594,-0.597728289048346,56,0,0,0,66747,61.0,17,-0.09645094717488861,-0.01812694115629171,10,166,2,1
Other instruments,r24_r04,r24,r04,both,618,602,65,123,-0.09014296842373093,-0.7297622938070956,-0.5969303673243134,54,0,0,1,65564,59.0,16,-0.09733542637504677,-0.019543128323235126,13,154,2,0
Other instruments,r24_r05,r24,r05,both,618,602,48,107,-0.10034955279195096,-0.7472687813312331,-0.6383693171159239,50,0,0,1,60395,52.0,18,-0.10875174733762555,-0.028791394810154913,17,135,2,1
Other instruments,r24_r06,r24,r06,both,618,602,25,35,-0.12384519870098754,-0.792500982036904,-0.7245576178203968,18,0,1,5,31704,21.0,15,-0.13311077199238375,-0.059967779275415245,28,101,16,15
Other instruments,r24_r07,r24,r07,both,618,602,65,140,-0.07228220668531687,-0.6879771736641398,-0.5269657564035792,65,0,0,2,54302,41.0,7,-0.08235676821463894,-0.005990200392473,13,237,5,2
Other instruments,r24_r08,r24,r08,both,618,602,27,61,-0.10335774051927643,-0.748936917745475,-0.6366589252132604,26,0,0,4,43264,31.0,11,-0.11205641173151243,-0.03321416920106224,21,159,14,8
Other instruments,r24_r09,r24,r09,both,618,602,72,165,-0.06697192129133583,-0.6784356604048463,-0.49559002632917054,73,0,0,0,56301,44.0,20,-0.07546620360957657,0.002267590330116198,16,378,2,1
Other instruments,r24_r10,r24,r10,both,618,602,73,158,-0.0701967079740553,-0.679449707811093,-0.5038767623048004,78,0,0,1,55571,43.0,18,-0.07763697801960628,0.0,17,27,4,2
Other instruments,r24_r11,r24,r11,both,618,602,67,145,-0.07913844293276245,-0.6995960359724469,-0.5449795301858007,65,0,0,3,52390,38.0,21,-0.08368198757573642,-0.008000199427925736,19,225,4,3
Other instruments,r24_r12,r24,r12,both,618,602,41,62,-0.09723162041576411,-0.7454004776911365,-0.6303147511564242,33,0,8,3,30234,12.0,17,-0.11000656017253907,-0.03143137047446409,28,185,23,16
Other instruments,r24_r13,r24,r13,both,618,602,133,244,-0.040213943191181656,-0.5979409266014307,-0.31682727711018127,135,0,1,0,42782,21.0,26,-0.04960206579480125,0.024786709441757093,26,462,18,10
Other instruments,r24_r14,r24,r14,both,618,602,79,142,-0.06302172830870645,-0.6512709432446107,-0.4647494450130932,72,0,3,1,37772,17.0,13,-0.07575681088235553,0.0020665652262742973,32,310,26,12
Other instruments,r24_r15,r24,r15,both,618,602,154,266,-0.03558064966567659,-0.5902959737602873,-0.28886351132886345,143,0,1,1,43667,22.0,38,-0.04400422944812843,0.031482296042538827,34,504,23,13
Other instruments,r24_r16,r24,r16,both,618,602,152,261,-0.03585255427250056,-0.5958952732433089,-0.2980736248478087,145,0,1,1,43338,21.0,35,-0.04492327859655021,0.03017049692019691,42,507,14,8
Other instruments,r24_r17,r24,r17,both,618,602,153,237,-0.042121917668796804,-0.6097184357258876,-0.3397648363639463,138,0,1,1,41834,19.0,36,-0.0502642429711303,0.025271375280225494,34,454,16,10
Other instruments,r24_r18,r24,r18,both,618,602,128,175,-0.055397906443240164,-0.6321714436166828,-0.3902723801476956,114,0,306,7,30078,4.0,55,-0.06142160494255866,0.016722096339265136,67,366,36,31
Other instruments,r24_r19,r24,r19,both,618,602,251,352,-0.013716740452145326,-0.5231492628449124,-0.10435739885132989,234,0,99,0,34983,7.0,94,-0.022950884464471077,0.053947353830955,97,540,42,32
Other instruments,r24_r20,r24,r20,both,618,602,192,284,-0.027132522692309702,-0.5504498423170763,-0.20717466168639803,178,0,157,0,33146,6.0,59,-0.036876700213815006,0.04080357845957999,75,492,46,35
Other instruments,r24_r21,r24,r21,both,618,602,283,374,-0.010120605441422847,-0.5019129330001126,-0.06348709423592008,252,0,87,1,35255,8.0,137,-0.018668745998025316,0.05936702005968425,132,548,50,37
Other instruments,r24_r22,r24,r22,both,618,602,272,369,-0.00992513992552957,-0.5067618957724646,-0.05486785795683197,253,0,91,1,35154,7.0,136,-0.020200521597870835,0.05871947739955685,130,546,44,31
Other instruments,r24_r23,r24,r23,both,618,602,257,353,-0.012965246944766529,-0.5183449427393709,-0.0857879250263508,238,0,115,1,34624,7.0,100,-0.021036516674391215,0.05558801729901025,103,530,41,26
Other instruments,r24_r24,r24,r24,both,618,602,77,161,-0.07113016365447578,-0.679449707811093,-0.506429653438302,77,0,0,1,55666,43.0,20,-0.07739369558204584,0.0,16,0,4,2
Other instruments,r00_long,r00,,long,618,602,509,528,0.08208742405415492,-0.5124945951411802,1.1601324456597069,511,1,,0,11623,0.0,,,,,,,
Other instruments,r00_short,,r00,short,618,602,14,15,-0.1326404114472759,-0.7963319723805592,-0.7590470472660731,10,1,0,4,17294,29.0,14,,,,,,
Other instruments,r01_long,r01,,long,618,602,411,499,0.02251188825588024,-0.47003426965358985,0.26538942112172614,395,0,,0,35812,0.0,,,,,,,
Other instruments,r01_short,,r01,short,618,602,4,17,-0.10486115200159263,-0.7123495540807865,-0.670375054949145,6,0,0,2,35304,60.0,4,,,,,,
Other instruments,r02_long,r02,,long,618,602,485,511,0.06738193966177886,-0.5000250428122144,0.8911274601403503,494,1,,0,16421,0.0,,,,,,,
Other instruments,r02_short,,r02,short,618,602,13,18,-0.11837678141668023,-0.7522402454114396,-0.711556508644756,9,0,0,3,23988,41.0,13,,,,,,
Other instruments,r03_long,r03,,long,618,602,368,476,0.01086393840834965,-0.4497197915477198,0.1590877834501705,351,0,,0,40954,0.0,,,,,,,
Other instruments,r03_short,,r03,short,618,602,10,28,-0.10028548144093291,-0.6921708022793764,-0.653732606058316,9,0,0,0,38310,65.0,10,,,,,,
Other instruments,r04_long,r04,,long,618,602,355,458,0.014449768021699838,-0.45426819198542734,0.11582353670592727,356,0,,0,38870,0.0,,,,,,,
Other instruments,r04_short,,r04,short,618,602,13,22,-0.10303059255852143,-0.6931670347368791,-0.6619735463518107,8,0,0,1,37061,63.0,13,,,,,,
Other instruments,r05_long,r05,,long,618,602,416,495,0.03105929654523565,-0.46942342040660107,0.33013102425413543,425,0,,0,31178,0.0,,,,,,,
Other instruments,r05_short,,r05,short,618,602,12,26,-0.11112410048306087,-0.7342881869137357,-0.6911570299394303,9,0,0,1,32345,55.0,12,,,,,,
Other instruments,r06_long,r06,,long,618,602,501,511,0.0725662448860932,-0.4928919574343499,0.9133071128823879,500,1,,0,9683,0.0,,,,,,,
Other instruments,r06_short,,r06,short,618,602,12,14,-0.11692733399326471,-0.7535657142146096,-0.7105189877536207,9,1,1,5,12577,21.0,12,,,,,,
Other instruments,r07_long,r07,,long,618,602,393,459,0.018132627766425657,-0.41837021234604116,0.19932663567206188,384,0,,0,28033,0.0,,,,,,,
Other instruments,r07_short,,r07,short,618,602,7,18,-0.08062119292851816,-0.6268534871249295,-0.5709816936121419,15,0,0,2,24326,41.0,7,,,,,,
Other instruments,r08_long,r08,,long,618,602,461,487,0.05502980535524493,-0.4825744408324795,0.6410393675448275,459,1,,0,14455,0.0,,,,,,,
Other instruments,r08_short,,r08,short,618,602,9,12,-0.10103516290557474,-0.6971179456558414,-0.6521003288778517,12,1,0,4,18172,31.0,9,,,,,,
Other instruments,r09_long,r09,,long,618,602,349,431,0.007459409798051708,-0.4111076263878895,0.08905651397921222,338,0,,0,31652,0.0,,,,,,,
Other instruments,r09_short,,r09,short,618,602,13,32,-0.07479836010423618,-0.601809578252188,-0.5477193881688621,14,0,0,0,25920,44.0,13,,,,,,
Other instruments,r10_long,r10,,long,618,602,344,429,0.00957120140857104,-0.4106396726666058,0.054890695645879006,344,0,,0,30086,0.0,,,,,,,
Other instruments,r10_short,,r10,short,618,602,14,31,-0.07738002423741741,-0.6054016368167129,-0.5568871045642382,17,0,0,1,25217,43.0,14,,,,,,
Other instruments,r11_long,r11,,long,618,602,408,463,0.02108850632303816,-0.4318317192518624,0.20360608872424124,409,0,,0,24784,0.0,,,,,,,
Other instruments,r11_short,,r11,short,618,602,16,26,-0.08580306044909009,-0.6308451973431608,-0.5820145405329502,18,0,0,3,22563,38.0,16,,,,,,
Other instruments,r12_long,r12,,long,618,602,444,458,0.04282314137391974,-0.4719169144714072,0.5339048925793569,445,10,,0,7309,0.0,,,,,,,
Other instruments,r12_short,,r12,short,618,602,13,16,-0.09832641908466211,-0.6975888469262878,-0.6300812831750056,13,13,8,3,7206,12.0,13,,,,,,
Other instruments,r13_long,r13,,long,618,602,304,364,0.00042784506158499713,-0.37316079875871316,0.0,303,0,,0,19182,0.0,,,,,,,
Other instruments,r13_short,,r13,short,618,602,18,41,-0.048652374564882195,-0.48948461339014904,-0.3911724055682373,20,1,1,0,12486,21.0,18,,,,,,
Other instruments,r14_long,r14,,long,618,602,415,442,0.030582958437845753,-0.4313768611745306,0.3034651980271804,407,3,,0,11133,0.0,,,,,,,
Other instruments,r14_short,,r14,short,618,602,12,18,-0.06895972178610787,-0.5680361400419105,-0.4952691461963157,14,5,3,1,10137,17.0,12,,,,,,
Other instruments,r15_long,r15,,long,618,602,253,332,-0.006139122321814461,-0.35418839461512885,-0.06339241035329352,263,0,,0,21685,0.0,,,,,,,
Other instruments,r15_short,,r15,short,618,602,30,61,-0.0439238603705826,-0.4553000665468862,-0.35983810070353883,35,1,1,1,13192,22.0,30,,,,,,
Other instruments,r16_long,r16,,long,618,602,269,339,-0.004776314412411109,-0.35615279148486334,-0.04508967931821689,271,0,,0,20981,0.0,,,,,,,
Other instruments,r16_short,,r16,short,618,602,32,57,-0.045122405082007544,-0.4635905273008991,-0.359119577966295,42,1,1,1,12884,21.0,32,,,,,,
Other instruments,r17_long,r17,,long,618,602,322,364,0.0036010314804486576,-0.37779509232757386,0.027299119901176505,321,2,,0,17364,0.0,,,,,,,
Other instruments,r17_short,,r17,short,618,602,28,39,-0.048256004845484535,-0.48750415101403993,-0.38597928345591165,27,2,1,1,11644,19.0,28,,,,,,
Other instruments,r18_long,r18,,long,618,602,423,432,0.02729090224701991,-0.39051482805055815,0.28131062991288547,420,41,,0,4463,0.0,,,,,,,
Other instruments,r18_short,,r18,short,618,602,48,53,-0.05264842159092542,-0.5177163973217709,-0.3899565495873719,47,306,306,7,2716,4.0,48,,,,,,
Other instruments,r19_long,r19,,long,618,602,294,366,-0.0008104587397065321,-0.297058638184339,-0.0035135713742840413,290,12,,0,11948,0.0,,,,,,,
Other instruments,r19_short,,r19,short,618,602,95,114,-0.02331112282668313,-0.33131742442345735,-0.19417174888848976,93,99,99,0,4549,7.0,95,,,,,,
Other instruments,r20_long,r20,,long,618,602,384,405,0.0178684382154094,-0.35041672259463463,0.17278735714708682,381,19,,0,6959,0.0,,,,,,,
Other instruments,r20_short,,r20,short,618,602,57,60,-0.033263037402223694,-0.38900922231295776,-0.270041937319749,56,157,157,0,3734,6.0,57,,,,,,
Other instruments,r21_long,r21,,long,618,602,267,326,-0.004385250838579713,-0.2757811678397875,-0.03698982047007787,264,9,,0,13619,0.0,,,,,,,
Other instruments,r21_short,,r21,short,618,602,133,154,-0.018360845553407334,-0.29268159235665786,-0.1527032150897854,131,87,87,1,4769,8.0,133,,,,,,
Other instruments,r22_long,r22,,long,618,602,274,334,-0.0037383938837116104,-0.27388561714025905,-0.03192376765418131,271,9,,0,13195,0.0,,,,,,,
Other instruments,r22_short,,r22,short,618,602,135,152,-0.019687015947753683,-0.2950292424241992,-0.16594637408465635,133,91,91,1,4675,7.0,135,,,,,,
Other instruments,r23_long,r23,,long,618,602,322,361,0.001983766300187373,-0.300776372540012,0.013769801012749716,318,10,,0,10928,0.0,,,,,,,
Other instruments,r23_short,,r23,short,618,602,99,119,-0.021815798979057943,-0.3252659668685863,-0.18363173846435715,97,115,115,1,4256,7.0,99,,,,,,
Other instruments,r24_long,r24,,long,618,602,362,442,0.00924343518258497,-0.4111662097473454,0.09086054611754513,343,0,,0,30519,0.0,,,,,,,
Other instruments,r24_short,,r24,short,618,602,15,32,-0.07709549621186268,-0.6041357556115305,-0.5598052594229119,17,0,0,1,25309,43.0,15,,,,,,
